<!--
RSS generated by JIRA (6.2#6252-sha1:aa343257d4ce030d9cb8c531be520be9fac1c996) at Tue Jun 03 17:06:16 UTC 2014

It is possible to restrict the fields that are returned in this document by specifying the 'field' parameter in your request.
For example, to request only the issue key and summary add field=key&field=summary to the URL of your request.
For example:
https://issues.apache.org/jira/sr/jira.issueviews:searchrequest-xml/temp/SearchRequest.xml?jqlQuery=project+%3D+HADOOP+AND+issuetype+%3D+Bug+AND+created+%3E%3D+2010-12-1+AND+created+%3C%3D+2011-1-1+ORDER+BY+key+ASC&tempMax=100&field=key&field=summary
-->
<!-- If you wish to do custom client-side styling of RSS, uncomment this:
<?xml-stylesheet href="https://issues.apache.org/jira/styles/jiraxml2html.xsl" type="text/xsl"?>
-->
<rss version="0.92">
    <channel>
        <title>ASF JIRA</title>
        <link>https://issues.apache.org/jira/secure/IssueNavigator.jspa?reset=true&amp;jqlQuery=project+%3D+HADOOP+AND+issuetype+%3D+Bug+AND+created+%3E%3D+2010-12-1+AND+created+%3C%3D+2011-1-1+ORDER+BY+key+ASC</link>
        <description>An XML representation of a search request</description>
                <language>en-uk</language>
                        <issue start="0" end="8" total="8"/>
                <build-info>
            <version>6.2</version>
            <build-number>6252</build-number>
            <build-date>19-02-2014</build-date>
        </build-info>
<item>
            <title>[HADOOP-7057] IOUtils.readFully and IOUtils.skipFully have typo in exception creation&apos;s message</title>
                <link>https://issues.apache.org/jira/browse/HADOOP-7057</link>
                <project id="12310240" key="HADOOP">Hadoop Common</project>
                    <description>&lt;div class=&quot;preformatted panel&quot; style=&quot;border-width: 1px;&quot;&gt;&lt;div class=&quot;preformattedContent panelContent&quot;&gt;
&lt;pre&gt;        throw new IOException( &quot;Premeture EOF from inputStream&quot;);
&lt;/pre&gt;
&lt;/div&gt;&lt;/div&gt;</description>
                <environment></environment>
        <key id="12491719">HADOOP-7057</key>
            <summary>IOUtils.readFully and IOUtils.skipFully have typo in exception creation&apos;s message</summary>
                <type id="1" iconUrl="https://issues.apache.org/jira/images/icons/issuetypes/bug.png">Bug</type>
                                            <priority id="4" iconUrl="https://issues.apache.org/jira/images/icons/priorities/minor.png">Minor</priority>
                        <status id="6" iconUrl="https://issues.apache.org/jira/images/icons/statuses/closed.png" description="The issue is considered finished, the resolution is correct. Issues which are closed can be reopened.">Closed</status>
                    <statusCategory id="3" key="done" colorName="green"/>
                                    <resolution id="1">Fixed</resolution>
                                        <assignee username="cos">Konstantin Boudnik</assignee>
                                    <reporter username="cos">Konstantin Boudnik</reporter>
                        <labels>
                    </labels>
                <created>Wed, 1 Dec 2010 00:59:34 +0000</created>
                <updated>Tue, 15 Nov 2011 00:50:50 +0000</updated>
                            <resolved>Wed, 1 Dec 2010 01:44:24 +0000</resolved>
                                    <version>0.22.0</version>
                    <version>0.23.0</version>
                                    <fixVersion>0.22.0</fixVersion>
                    <fixVersion>0.23.0</fixVersion>
                                    <component>util</component>
                        <due></due>
                            <votes>0</votes>
                                    <watches>0</watches>
                                                                <comments>
                            <comment id="12965524" author="hadoopqa" created="Wed, 1 Dec 2010 01:29:42 +0000"  >&lt;p&gt;-1 overall.  Here are the results of testing the latest attachment &lt;br/&gt;
  &lt;a href=&quot;http://issues.apache.org/jira/secure/attachment/12465011/HADOOP-7057.patch&quot; class=&quot;external-link&quot; rel=&quot;nofollow&quot;&gt;http://issues.apache.org/jira/secure/attachment/12465011/HADOOP-7057.patch&lt;/a&gt;&lt;br/&gt;
  against trunk revision 1040408.&lt;/p&gt;

&lt;p&gt;    +1 @author.  The patch does not contain any @author tags.&lt;/p&gt;

&lt;p&gt;    -1 tests included.  The patch doesn&apos;t appear to include any new or modified tests.&lt;br/&gt;
                        Please justify why no new tests are needed for this patch.&lt;br/&gt;
                        Also please list what manual steps were performed to verify this patch.&lt;/p&gt;

&lt;p&gt;    +1 javadoc.  The javadoc tool did not generate any warning messages.&lt;/p&gt;

&lt;p&gt;    +1 javac.  The applied patch does not increase the total number of javac compiler warnings.&lt;/p&gt;

&lt;p&gt;    +1 findbugs.  The patch does not introduce any new Findbugs (version 1.3.9) warnings.&lt;/p&gt;

&lt;p&gt;    +1 release audit.  The applied patch does not increase the total number of release audit warnings.&lt;/p&gt;

&lt;p&gt;    +1 core tests.  The patch passed core unit tests.&lt;/p&gt;

&lt;p&gt;    +1 contrib tests.  The patch passed contrib unit tests.&lt;/p&gt;

&lt;p&gt;    +1 system test framework.  The patch passed system test framework compile.&lt;/p&gt;

&lt;p&gt;Test results: &lt;a href=&quot;https://hudson.apache.org/hudson/job/PreCommit-HADOOP-Build/129//testReport/&quot; class=&quot;external-link&quot; rel=&quot;nofollow&quot;&gt;https://hudson.apache.org/hudson/job/PreCommit-HADOOP-Build/129//testReport/&lt;/a&gt;&lt;br/&gt;
Findbugs warnings: &lt;a href=&quot;https://hudson.apache.org/hudson/job/PreCommit-HADOOP-Build/129//artifact/trunk/build/test/findbugs/newPatchFindbugsWarnings.html&quot; class=&quot;external-link&quot; rel=&quot;nofollow&quot;&gt;https://hudson.apache.org/hudson/job/PreCommit-HADOOP-Build/129//artifact/trunk/build/test/findbugs/newPatchFindbugsWarnings.html&lt;/a&gt;&lt;br/&gt;
Console output: &lt;a href=&quot;https://hudson.apache.org/hudson/job/PreCommit-HADOOP-Build/129//console&quot; class=&quot;external-link&quot; rel=&quot;nofollow&quot;&gt;https://hudson.apache.org/hudson/job/PreCommit-HADOOP-Build/129//console&lt;/a&gt;&lt;/p&gt;

&lt;p&gt;This message is automatically generated.&lt;/p&gt;</comment>
                            <comment id="12965528" author="cos" created="Wed, 1 Dec 2010 01:37:42 +0000"  >&lt;p&gt;For apparent reasons - typo correction - patch doesn&apos;t provide any tests.&lt;/p&gt;

&lt;p&gt;I&apos;m going to commit this for it is trivial.&lt;/p&gt;</comment>
                            <comment id="12965529" author="cos" created="Wed, 1 Dec 2010 01:44:24 +0000"  >&lt;p&gt;I have just committed this.&lt;/p&gt;</comment>
                            <comment id="12965539" author="hudson" created="Wed, 1 Dec 2010 02:02:25 +0000"  >&lt;p&gt;Integrated in Hadoop-Common-trunk-Commit #449 (See &lt;a href=&quot;https://hudson.apache.org/hudson/job/Hadoop-Common-trunk-Commit/449/&quot; class=&quot;external-link&quot; rel=&quot;nofollow&quot;&gt;https://hudson.apache.org/hudson/job/Hadoop-Common-trunk-Commit/449/&lt;/a&gt;)&lt;br/&gt;
    &lt;a href=&quot;https://issues.apache.org/jira/browse/HADOOP-7057&quot; title=&quot;IOUtils.readFully and IOUtils.skipFully have typo in exception creation&amp;#39;s message&quot; class=&quot;issue-link&quot; data-issue-key=&quot;HADOOP-7057&quot;&gt;&lt;del&gt;HADOOP-7057&lt;/del&gt;&lt;/a&gt;. IOUtils.readFully and IOUtils.skipFully have typo in exception creation&apos;s message. Contributed by Konstantin Boudnik.&lt;/p&gt;</comment>
                            <comment id="12966492" author="hudson" created="Fri, 3 Dec 2010 11:21:25 +0000"  >&lt;p&gt;Integrated in Hadoop-Common-trunk #534 (See &lt;a href=&quot;https://hudson.apache.org/hudson/job/Hadoop-Common-trunk/534/&quot; class=&quot;external-link&quot; rel=&quot;nofollow&quot;&gt;https://hudson.apache.org/hudson/job/Hadoop-Common-trunk/534/&lt;/a&gt;)&lt;/p&gt;
</comment>
                            <comment id="12973379" author="hudson" created="Mon, 20 Dec 2010 22:04:42 +0000"  >&lt;p&gt;Integrated in Hadoop-Common-22-branch #8 (See &lt;a href=&quot;https://hudson.apache.org/hudson/job/Hadoop-Common-22-branch/8/&quot; class=&quot;external-link&quot; rel=&quot;nofollow&quot;&gt;https://hudson.apache.org/hudson/job/Hadoop-Common-22-branch/8/&lt;/a&gt;)&lt;/p&gt;
</comment>
                    </comments>
                <issuelinks>
                            <issuelinktype id="10020">
                    <name>Cloners</name>
                                                                <inwardlinks description="is a clone of">
                                        <issuelink>
            <issuekey id="12506857">HADOOP-7274</issuekey>
        </issuelink>
                            </inwardlinks>
                                    </issuelinktype>
                            <issuelinktype id="10030">
                    <name>Reference</name>
                                            <outwardlinks description="relates to">
                                        <issuelink>
            <issuekey id="12491718">HDFS-1523</issuekey>
        </issuelink>
                            </outwardlinks>
                                                        </issuelinktype>
                    </issuelinks>
                <attachments>
                            <attachment id="12465011" name="HADOOP-7057.patch" size="841" author="cos" created="Wed, 1 Dec 2010 01:03:01 +0000"/>
                    </attachments>
                <subtasks>
                    </subtasks>
                <customfields>
                                                <customfield id="customfield_12310310" key="com.atlassian.jira.toolkit:attachments">
                        <customfieldname>Attachment count</customfieldname>
                        <customfieldvalues>
                            <customfieldvalue>1.0</customfieldvalue>
                        </customfieldvalues>
                    </customfield>
                                                                                            <customfield id="customfield_12310220" key="com.atlassian.jira.ext.charting:firstresponsedate">
                        <customfieldname>Date of First Response</customfieldname>
                        <customfieldvalues>
                            <customfieldvalue>Wed, 1 Dec 2010 01:29:42 +0000</customfieldvalue>

                        </customfieldvalues>
                    </customfield>
                                                                                                                                                    <customfield id="customfield_12310420" key="com.pyxis.greenhopper.jira:gh-global-rank">
                        <customfieldname>Global Rank</customfieldname>
                        <customfieldvalues>
                            <customfieldvalue>77560</customfieldvalue>
                        </customfieldvalues>
                    </customfield>
                                                                                            <customfield id="customfield_12310920" key="com.pyxis.greenhopper.jira:gh-global-rank">
                        <customfieldname>Rank</customfieldname>
                        <customfieldvalues>
                            <customfieldvalue>102598</customfieldvalue>
                        </customfieldvalues>
                    </customfield>
                                                                                                                                                                                                            <customfield id="customfield_12310222" key="com.atlassian.jira.ext.charting:timeinstatus">
                        <customfieldname>Time in Status</customfieldname>
                        <customfieldvalues>
                            
                        </customfieldvalues>
                    </customfield>
                                    </customfields>
    </item>

<item>
            <title>[HADOOP-7068] Ivy resolve force mode should be turned off by default</title>
                <link>https://issues.apache.org/jira/browse/HADOOP-7068</link>
                <project id="12310240" key="HADOOP">Hadoop Common</project>
                    <description>&lt;p&gt;The problem is introduced by  &lt;a href=&quot;https://issues.apache.org/jira/browse/HADOOP-6486&quot; title=&quot;fix common classes to work with Avro 1.3 reflection&quot; class=&quot;issue-link&quot; data-issue-key=&quot;HADOOP-6486&quot;&gt;&lt;del&gt;HADOOP-6486&lt;/del&gt;&lt;/a&gt;. Which have caused a lot of mysterious artifact issues (unable to downgrade or do parallel dev, without wiping out both m2 and ivy caches etc.) wasting countless hours of dev (many people&apos;s) time to track down the issue.&lt;/p&gt;</description>
                <environment></environment>
        <key id="12493555">HADOOP-7068</key>
            <summary>Ivy resolve force mode should be turned off by default</summary>
                <type id="1" iconUrl="https://issues.apache.org/jira/images/icons/issuetypes/bug.png">Bug</type>
                                            <priority id="3" iconUrl="https://issues.apache.org/jira/images/icons/priorities/major.png">Major</priority>
                        <status id="6" iconUrl="https://issues.apache.org/jira/images/icons/statuses/closed.png" description="The issue is considered finished, the resolution is correct. Issues which are closed can be reopened.">Closed</status>
                    <statusCategory id="3" key="done" colorName="green"/>
                                    <resolution id="1">Fixed</resolution>
                                        <assignee username="vicaya">Luke Lu</assignee>
                                    <reporter username="vicaya">Luke Lu</reporter>
                        <labels>
                    </labels>
                <created>Fri, 17 Dec 2010 21:55:22 +0000</created>
                <updated>Mon, 12 Dec 2011 06:18:54 +0000</updated>
                            <resolved>Wed, 11 May 2011 04:59:27 +0100</resolved>
                                                    <fixVersion>0.22.0</fixVersion>
                                        <due></due>
                            <votes>0</votes>
                                    <watches>3</watches>
                                                                <comments>
                            <comment id="12972675" author="vicaya" created="Fri, 17 Dec 2010 22:28:57 +0000"  >&lt;p&gt;The patch introduced a &quot;force-mode&quot; property which is off by default. Can be turned on with -Dforce-mode=true.&lt;/p&gt;</comment>
                            <comment id="12972677" author="jghoman" created="Fri, 17 Dec 2010 22:34:04 +0000"  >&lt;p&gt;force-mode may not be the best name for the option as it doesn&apos;t say anything about ivy.  How about something like force-ivy-resolution.  More descriptive names are better, even if they are longer.&lt;/p&gt;</comment>
                            <comment id="12972681" author="vicaya" created="Fri, 17 Dec 2010 22:58:26 +0000"  >&lt;p&gt;How about force-resolve (ivy is an impl detail.)? it&apos;s only useful to use with resolvers=internal anyway.&lt;/p&gt;</comment>
                            <comment id="12972684" author="jghoman" created="Fri, 17 Dec 2010 23:04:28 +0000"  >&lt;p&gt;I&apos;m ok with force-resolve&lt;/p&gt;</comment>
                            <comment id="12972687" author="hadoopqa" created="Fri, 17 Dec 2010 23:14:04 +0000"  >&lt;p&gt;-1 overall.  Here are the results of testing the latest attachment &lt;br/&gt;
  &lt;a href=&quot;http://issues.apache.org/jira/secure/attachment/12466509/hadoop-7068-trunk-v2.patch&quot; class=&quot;external-link&quot; rel=&quot;nofollow&quot;&gt;http://issues.apache.org/jira/secure/attachment/12466509/hadoop-7068-trunk-v2.patch&lt;/a&gt;&lt;br/&gt;
  against trunk revision 1050070.&lt;/p&gt;

&lt;p&gt;    +1 @author.  The patch does not contain any @author tags.&lt;/p&gt;

&lt;p&gt;    -1 tests included.  The patch doesn&apos;t appear to include any new or modified tests.&lt;br/&gt;
                        Please justify why no new tests are needed for this patch.&lt;br/&gt;
                        Also please list what manual steps were performed to verify this patch.&lt;/p&gt;

&lt;p&gt;    +1 javadoc.  The javadoc tool did not generate any warning messages.&lt;/p&gt;

&lt;p&gt;    +1 javac.  The applied patch does not increase the total number of javac compiler warnings.&lt;/p&gt;

&lt;p&gt;    +1 findbugs.  The patch does not introduce any new Findbugs (version 1.3.9) warnings.&lt;/p&gt;

&lt;p&gt;    +1 release audit.  The applied patch does not increase the total number of release audit warnings.&lt;/p&gt;

&lt;p&gt;    +1 core tests.  The patch passed core unit tests.&lt;/p&gt;

&lt;p&gt;    +1 contrib tests.  The patch passed contrib unit tests.&lt;/p&gt;

&lt;p&gt;    +1 system test framework.  The patch passed system test framework compile.&lt;/p&gt;

&lt;p&gt;Test results: &lt;a href=&quot;https://hudson.apache.org/hudson/job/PreCommit-HADOOP-Build/141//testReport/&quot; class=&quot;external-link&quot; rel=&quot;nofollow&quot;&gt;https://hudson.apache.org/hudson/job/PreCommit-HADOOP-Build/141//testReport/&lt;/a&gt;&lt;br/&gt;
Findbugs warnings: &lt;a href=&quot;https://hudson.apache.org/hudson/job/PreCommit-HADOOP-Build/141//artifact/trunk/build/test/findbugs/newPatchFindbugsWarnings.html&quot; class=&quot;external-link&quot; rel=&quot;nofollow&quot;&gt;https://hudson.apache.org/hudson/job/PreCommit-HADOOP-Build/141//artifact/trunk/build/test/findbugs/newPatchFindbugsWarnings.html&lt;/a&gt;&lt;br/&gt;
Console output: &lt;a href=&quot;https://hudson.apache.org/hudson/job/PreCommit-HADOOP-Build/141//console&quot; class=&quot;external-link&quot; rel=&quot;nofollow&quot;&gt;https://hudson.apache.org/hudson/job/PreCommit-HADOOP-Build/141//console&lt;/a&gt;&lt;/p&gt;

&lt;p&gt;This message is automatically generated.&lt;/p&gt;</comment>
                            <comment id="12996871" author="hadoopqa" created="Sat, 19 Feb 2011 21:22:14 +0000"  >&lt;p&gt;-1 overall.  Here are the results of testing the latest attachment &lt;br/&gt;
  &lt;a href=&quot;http://issues.apache.org/jira/secure/attachment/12466509/hadoop-7068-trunk-v2.patch&quot; class=&quot;external-link&quot; rel=&quot;nofollow&quot;&gt;http://issues.apache.org/jira/secure/attachment/12466509/hadoop-7068-trunk-v2.patch&lt;/a&gt;&lt;br/&gt;
  against trunk revision 1071364.&lt;/p&gt;

&lt;p&gt;    +1 @author.  The patch does not contain any @author tags.&lt;/p&gt;

&lt;p&gt;    -1 tests included.  The patch doesn&apos;t appear to include any new or modified tests.&lt;br/&gt;
                        Please justify why no new tests are needed for this patch.&lt;br/&gt;
                        Also please list what manual steps were performed to verify this patch.&lt;/p&gt;

&lt;p&gt;    +1 javadoc.  The javadoc tool did not generate any warning messages.&lt;/p&gt;

&lt;p&gt;    +1 javac.  The applied patch does not increase the total number of javac compiler warnings.&lt;/p&gt;

&lt;p&gt;    +1 findbugs.  The patch does not introduce any new Findbugs (version 1.3.9) warnings.&lt;/p&gt;

&lt;p&gt;    +1 release audit.  The applied patch does not increase the total number of release audit warnings.&lt;/p&gt;

&lt;p&gt;    +1 core tests.  The patch passed core unit tests.&lt;/p&gt;

&lt;p&gt;    +1 contrib tests.  The patch passed contrib unit tests.&lt;/p&gt;

&lt;p&gt;    +1 system test framework.  The patch passed system test framework compile.&lt;/p&gt;

&lt;p&gt;Test results: &lt;a href=&quot;https://hudson.apache.org/hudson/job/PreCommit-HADOOP-Build/251//testReport/&quot; class=&quot;external-link&quot; rel=&quot;nofollow&quot;&gt;https://hudson.apache.org/hudson/job/PreCommit-HADOOP-Build/251//testReport/&lt;/a&gt;&lt;br/&gt;
Findbugs warnings: &lt;a href=&quot;https://hudson.apache.org/hudson/job/PreCommit-HADOOP-Build/251//artifact/trunk/build/test/findbugs/newPatchFindbugsWarnings.html&quot; class=&quot;external-link&quot; rel=&quot;nofollow&quot;&gt;https://hudson.apache.org/hudson/job/PreCommit-HADOOP-Build/251//artifact/trunk/build/test/findbugs/newPatchFindbugsWarnings.html&lt;/a&gt;&lt;br/&gt;
Console output: &lt;a href=&quot;https://hudson.apache.org/hudson/job/PreCommit-HADOOP-Build/251//console&quot; class=&quot;external-link&quot; rel=&quot;nofollow&quot;&gt;https://hudson.apache.org/hudson/job/PreCommit-HADOOP-Build/251//console&lt;/a&gt;&lt;/p&gt;

&lt;p&gt;This message is automatically generated.&lt;/p&gt;</comment>
                            <comment id="13031347" author="tomwhite" created="Tue, 10 May 2011 21:16:40 +0100"  >&lt;p&gt;+1. I agree that this is very confusing and makes it almost impossible to do parallel builds on Jenkins boxes. I&apos;m going to go ahead and commit this, &lt;a href=&quot;https://issues.apache.org/jira/browse/HDFS-1544&quot; title=&quot;Ivy resolve force mode should be turned off by default&quot; class=&quot;issue-link&quot; data-issue-key=&quot;HDFS-1544&quot;&gt;&lt;del&gt;HDFS-1544&lt;/del&gt;&lt;/a&gt;, and &lt;a href=&quot;https://issues.apache.org/jira/browse/MAPREDUCE-2222&quot; title=&quot;Ivy resolve force mode should be turned off by default&quot; class=&quot;issue-link&quot; data-issue-key=&quot;MAPREDUCE-2222&quot;&gt;&lt;del&gt;MAPREDUCE-2222&lt;/del&gt;&lt;/a&gt;, unless there are objections.&lt;/p&gt;</comment>
                            <comment id="13031528" author="tomwhite" created="Wed, 11 May 2011 04:59:27 +0100"  >&lt;p&gt;I&apos;ve just committed this. Thanks, Luke!&lt;/p&gt;</comment>
                            <comment id="13031530" author="hudson" created="Wed, 11 May 2011 05:13:58 +0100"  >&lt;p&gt;Integrated in Hadoop-Common-trunk-Commit #588 (See &lt;a href=&quot;https://builds.apache.org/hudson/job/Hadoop-Common-trunk-Commit/588/&quot; class=&quot;external-link&quot; rel=&quot;nofollow&quot;&gt;https://builds.apache.org/hudson/job/Hadoop-Common-trunk-Commit/588/&lt;/a&gt;)&lt;br/&gt;
    &lt;a href=&quot;https://issues.apache.org/jira/browse/HADOOP-7068&quot; title=&quot;Ivy resolve force mode should be turned off by default&quot; class=&quot;issue-link&quot; data-issue-key=&quot;HADOOP-7068&quot;&gt;&lt;del&gt;HADOOP-7068&lt;/del&gt;&lt;/a&gt;. Ivy resolve force mode should be turned off by default. Contributed by Luke Lu.&lt;/p&gt;</comment>
                            <comment id="13031617" author="hudson" created="Wed, 11 May 2011 10:42:17 +0100"  >&lt;p&gt;Integrated in Hadoop-Common-22-branch #45 (See &lt;a href=&quot;https://builds.apache.org/hudson/job/Hadoop-Common-22-branch/45/&quot; class=&quot;external-link&quot; rel=&quot;nofollow&quot;&gt;https://builds.apache.org/hudson/job/Hadoop-Common-22-branch/45/&lt;/a&gt;)&lt;br/&gt;
    Merge -r 1101734:1101735 from trunk to branch-0.22. Fixes: &lt;a href=&quot;https://issues.apache.org/jira/browse/HADOOP-7068&quot; title=&quot;Ivy resolve force mode should be turned off by default&quot; class=&quot;issue-link&quot; data-issue-key=&quot;HADOOP-7068&quot;&gt;&lt;del&gt;HADOOP-7068&lt;/del&gt;&lt;/a&gt;&lt;/p&gt;</comment>
                            <comment id="13031643" author="hudson" created="Wed, 11 May 2011 12:13:35 +0100"  >&lt;p&gt;Integrated in Hadoop-Common-trunk #685 (See &lt;a href=&quot;https://builds.apache.org/hudson/job/Hadoop-Common-trunk/685/&quot; class=&quot;external-link&quot; rel=&quot;nofollow&quot;&gt;https://builds.apache.org/hudson/job/Hadoop-Common-trunk/685/&lt;/a&gt;)&lt;br/&gt;
    &lt;a href=&quot;https://issues.apache.org/jira/browse/HADOOP-7068&quot; title=&quot;Ivy resolve force mode should be turned off by default&quot; class=&quot;issue-link&quot; data-issue-key=&quot;HADOOP-7068&quot;&gt;&lt;del&gt;HADOOP-7068&lt;/del&gt;&lt;/a&gt;. Ivy resolve force mode should be turned off by default. Contributed by Luke Lu.&lt;/p&gt;</comment>
                    </comments>
                <issuelinks>
                            <issuelinktype id="10030">
                    <name>Reference</name>
                                                                <inwardlinks description="is related to">
                                        <issuelink>
            <issuekey id="12493557">HDFS-1544</issuekey>
        </issuelink>
            <issuelink>
            <issuekey id="12493558">MAPREDUCE-2222</issuekey>
        </issuelink>
                            </inwardlinks>
                                    </issuelinktype>
                    </issuelinks>
                <attachments>
                            <attachment id="12466506" name="hadoop-7068-trunk-v1.patch" size="1479" author="vicaya" created="Fri, 17 Dec 2010 22:28:57 +0000"/>
                            <attachment id="12466509" name="hadoop-7068-trunk-v2.patch" size="1485" author="vicaya" created="Fri, 17 Dec 2010 22:58:26 +0000"/>
                    </attachments>
                <subtasks>
                    </subtasks>
                <customfields>
                                                <customfield id="customfield_12310310" key="com.atlassian.jira.toolkit:attachments">
                        <customfieldname>Attachment count</customfieldname>
                        <customfieldvalues>
                            <customfieldvalue>2.0</customfieldvalue>
                        </customfieldvalues>
                    </customfield>
                                                                                            <customfield id="customfield_12310220" key="com.atlassian.jira.ext.charting:firstresponsedate">
                        <customfieldname>Date of First Response</customfieldname>
                        <customfieldvalues>
                            <customfieldvalue>Fri, 17 Dec 2010 22:34:04 +0000</customfieldvalue>

                        </customfieldvalues>
                    </customfield>
                                                                                                                                                    <customfield id="customfield_12310420" key="com.pyxis.greenhopper.jira:gh-global-rank">
                        <customfieldname>Global Rank</customfieldname>
                        <customfieldvalues>
                            <customfieldvalue>77557</customfieldvalue>
                        </customfieldvalues>
                    </customfield>
                                                                <customfield id="customfield_12310191" key="com.atlassian.jira.plugin.system.customfieldtypes:multicheckboxes">
                        <customfieldname>Hadoop Flags</customfieldname>
                        <customfieldvalues>
                                <customfieldvalue key="10343"><![CDATA[Reviewed]]></customfieldvalue>
    
                        </customfieldvalues>
                    </customfield>
                                                                <customfield id="customfield_12310920" key="com.pyxis.greenhopper.jira:gh-global-rank">
                        <customfieldname>Rank</customfieldname>
                        <customfieldvalues>
                            <customfieldvalue>53586</customfieldvalue>
                        </customfieldvalues>
                    </customfield>
                                                                                                                                                                                                            <customfield id="customfield_12310222" key="com.atlassian.jira.ext.charting:timeinstatus">
                        <customfieldname>Time in Status</customfieldname>
                        <customfieldvalues>
                            
                        </customfieldvalues>
                    </customfield>
                                    </customfields>
    </item>

<item>
            <title>[HADOOP-7070] JAAS configuration should delegate unknown application names to pre-existing configuration</title>
                <link>https://issues.apache.org/jira/browse/HADOOP-7070</link>
                <project id="12310240" key="HADOOP">Hadoop Common</project>
                    <description>&lt;p&gt;As reported here: &lt;a href=&quot;https://issues.cloudera.org/browse/DISTRO-66&quot; class=&quot;external-link&quot; rel=&quot;nofollow&quot;&gt;https://issues.cloudera.org/browse/DISTRO-66&lt;/a&gt; it is impossible to use secured Hadoop inside an application that relies on other JAAS configurations. This is because the static initializer of UserGroupInformation replaces the JAAS configuration, but we don&apos;t delegate unknown applications up to whatever Configuration was installed previously. The delegation technique seems to be used by JBoss&apos;s XMLLoginConfigImpl for example.&lt;/p&gt;</description>
                <environment></environment>
        <key id="12493713">HADOOP-7070</key>
            <summary>JAAS configuration should delegate unknown application names to pre-existing configuration</summary>
                <type id="1" iconUrl="https://issues.apache.org/jira/images/icons/issuetypes/bug.png">Bug</type>
                                            <priority id="2" iconUrl="https://issues.apache.org/jira/images/icons/priorities/critical.png">Critical</priority>
                        <status id="6" iconUrl="https://issues.apache.org/jira/images/icons/statuses/closed.png" description="The issue is considered finished, the resolution is correct. Issues which are closed can be reopened.">Closed</status>
                    <statusCategory id="3" key="done" colorName="green"/>
                                    <resolution id="1">Fixed</resolution>
                                        <assignee username="tlipcon">Todd Lipcon</assignee>
                                    <reporter username="tlipcon">Todd Lipcon</reporter>
                        <labels>
                    </labels>
                <created>Mon, 20 Dec 2010 23:18:48 +0000</created>
                <updated>Tue, 5 Feb 2013 07:36:17 +0000</updated>
                            <resolved>Thu, 6 Jan 2011 18:35:06 +0000</resolved>
                                    <version>0.22.0</version>
                    <version>0.23.0</version>
                                    <fixVersion>0.22.0</fixVersion>
                                    <component>security</component>
                        <due></due>
                            <votes>0</votes>
                                    <watches>7</watches>
                                                                <comments>
                            <comment id="12973454" author="tlipcon" created="Tue, 21 Dec 2010 02:53:05 +0000"  >&lt;p&gt;This should fix it - I did a similar version of this patch for our 20 branch and it fixed the user&apos;s issue.&lt;/p&gt;</comment>
                            <comment id="12973459" author="hadoopqa" created="Tue, 21 Dec 2010 03:14:02 +0000"  >&lt;p&gt;+1 overall.  Here are the results of testing the latest attachment &lt;br/&gt;
  &lt;a href=&quot;http://issues.apache.org/jira/secure/attachment/12466675/hadoop-7070.txt&quot; class=&quot;external-link&quot; rel=&quot;nofollow&quot;&gt;http://issues.apache.org/jira/secure/attachment/12466675/hadoop-7070.txt&lt;/a&gt;&lt;br/&gt;
  against trunk revision 1050070.&lt;/p&gt;

&lt;p&gt;    +1 @author.  The patch does not contain any @author tags.&lt;/p&gt;

&lt;p&gt;    +1 tests included.  The patch appears to include 3 new or modified tests.&lt;/p&gt;

&lt;p&gt;    +1 javadoc.  The javadoc tool did not generate any warning messages.&lt;/p&gt;

&lt;p&gt;    +1 javac.  The applied patch does not increase the total number of javac compiler warnings.&lt;/p&gt;

&lt;p&gt;    +1 findbugs.  The patch does not introduce any new Findbugs (version 1.3.9) warnings.&lt;/p&gt;

&lt;p&gt;    +1 release audit.  The applied patch does not increase the total number of release audit warnings.&lt;/p&gt;

&lt;p&gt;    +1 core tests.  The patch passed core unit tests.&lt;/p&gt;

&lt;p&gt;    +1 contrib tests.  The patch passed contrib unit tests.&lt;/p&gt;

&lt;p&gt;    +1 system test framework.  The patch passed system test framework compile.&lt;/p&gt;

&lt;p&gt;Test results: &lt;a href=&quot;https://hudson.apache.org/hudson/job/PreCommit-HADOOP-Build/143//testReport/&quot; class=&quot;external-link&quot; rel=&quot;nofollow&quot;&gt;https://hudson.apache.org/hudson/job/PreCommit-HADOOP-Build/143//testReport/&lt;/a&gt;&lt;br/&gt;
Findbugs warnings: &lt;a href=&quot;https://hudson.apache.org/hudson/job/PreCommit-HADOOP-Build/143//artifact/trunk/build/test/findbugs/newPatchFindbugsWarnings.html&quot; class=&quot;external-link&quot; rel=&quot;nofollow&quot;&gt;https://hudson.apache.org/hudson/job/PreCommit-HADOOP-Build/143//artifact/trunk/build/test/findbugs/newPatchFindbugsWarnings.html&lt;/a&gt;&lt;br/&gt;
Console output: &lt;a href=&quot;https://hudson.apache.org/hudson/job/PreCommit-HADOOP-Build/143//console&quot; class=&quot;external-link&quot; rel=&quot;nofollow&quot;&gt;https://hudson.apache.org/hudson/job/PreCommit-HADOOP-Build/143//console&lt;/a&gt;&lt;/p&gt;

&lt;p&gt;This message is automatically generated.&lt;/p&gt;</comment>
                            <comment id="12973498" author="tlipcon" created="Tue, 21 Dec 2010 07:04:52 +0000"  >&lt;p&gt;Same patch, simpler unit test.&lt;/p&gt;</comment>
                            <comment id="12973499" author="hadoopqa" created="Tue, 21 Dec 2010 07:24:01 +0000"  >&lt;p&gt;+1 overall.  Here are the results of testing the latest attachment &lt;br/&gt;
  &lt;a href=&quot;http://issues.apache.org/jira/secure/attachment/12466684/hadoop-7070.txt&quot; class=&quot;external-link&quot; rel=&quot;nofollow&quot;&gt;http://issues.apache.org/jira/secure/attachment/12466684/hadoop-7070.txt&lt;/a&gt;&lt;br/&gt;
  against trunk revision 1050070.&lt;/p&gt;

&lt;p&gt;    +1 @author.  The patch does not contain any @author tags.&lt;/p&gt;

&lt;p&gt;    +1 tests included.  The patch appears to include 3 new or modified tests.&lt;/p&gt;

&lt;p&gt;    +1 javadoc.  The javadoc tool did not generate any warning messages.&lt;/p&gt;

&lt;p&gt;    +1 javac.  The applied patch does not increase the total number of javac compiler warnings.&lt;/p&gt;

&lt;p&gt;    +1 findbugs.  The patch does not introduce any new Findbugs (version 1.3.9) warnings.&lt;/p&gt;

&lt;p&gt;    +1 release audit.  The applied patch does not increase the total number of release audit warnings.&lt;/p&gt;

&lt;p&gt;    +1 core tests.  The patch passed core unit tests.&lt;/p&gt;

&lt;p&gt;    +1 contrib tests.  The patch passed contrib unit tests.&lt;/p&gt;

&lt;p&gt;    +1 system test framework.  The patch passed system test framework compile.&lt;/p&gt;

&lt;p&gt;Test results: &lt;a href=&quot;https://hudson.apache.org/hudson/job/PreCommit-HADOOP-Build/144//testReport/&quot; class=&quot;external-link&quot; rel=&quot;nofollow&quot;&gt;https://hudson.apache.org/hudson/job/PreCommit-HADOOP-Build/144//testReport/&lt;/a&gt;&lt;br/&gt;
Findbugs warnings: &lt;a href=&quot;https://hudson.apache.org/hudson/job/PreCommit-HADOOP-Build/144//artifact/trunk/build/test/findbugs/newPatchFindbugsWarnings.html&quot; class=&quot;external-link&quot; rel=&quot;nofollow&quot;&gt;https://hudson.apache.org/hudson/job/PreCommit-HADOOP-Build/144//artifact/trunk/build/test/findbugs/newPatchFindbugsWarnings.html&lt;/a&gt;&lt;br/&gt;
Console output: &lt;a href=&quot;https://hudson.apache.org/hudson/job/PreCommit-HADOOP-Build/144//console&quot; class=&quot;external-link&quot; rel=&quot;nofollow&quot;&gt;https://hudson.apache.org/hudson/job/PreCommit-HADOOP-Build/144//console&lt;/a&gt;&lt;/p&gt;

&lt;p&gt;This message is automatically generated.&lt;/p&gt;</comment>
                            <comment id="12974322" author="owen.omalley" created="Wed, 22 Dec 2010 18:38:53 +0000"  >&lt;p&gt;Todd, this looks like the right direction. In the future, you should copy the issue into Hadoop&apos;s jira instead of just posting a link to Cloudera&apos;s jira. &lt;/p&gt;

&lt;p&gt;About the patch, it seems like if you are setting up this kind of chaining, you should have a way of unregistering the configuration when the app is unloaded. (Although I don&apos;t have any experience with Glassfish...)&lt;/p&gt;</comment>
                            <comment id="12974379" author="tlipcon" created="Wed, 22 Dec 2010 20:42:05 +0000"  >&lt;p&gt;Hi Owen. I don&apos;t think there is any real way to hook into unloading here - there is no &quot;static finalizer&quot; concept, and I also don&apos;t know enough about J2EE to know if there are any other hooks available.&lt;/p&gt;

&lt;p&gt;The patch here addresses a critical bug and is simple. If we run into problems with unloading in the future we can address that separately?&lt;/p&gt;</comment>
                            <comment id="12974446" author="owen.omalley" created="Thu, 23 Dec 2010 00:09:56 +0000"  >&lt;p&gt;How about a simple check to see if it is already a Hadoop configuration and skip the install in that case?&lt;/p&gt;</comment>
                            <comment id="12974462" author="tlipcon" created="Thu, 23 Dec 2010 01:26:01 +0000"  >&lt;p&gt;Sure, here&apos;s an updated patch.&lt;/p&gt;</comment>
                            <comment id="12974465" author="hadoopqa" created="Thu, 23 Dec 2010 01:43:59 +0000"  >&lt;p&gt;+1 overall.  Here are the results of testing the latest attachment &lt;br/&gt;
  &lt;a href=&quot;http://issues.apache.org/jira/secure/attachment/12466853/hadoop-7070.2.txt&quot; class=&quot;external-link&quot; rel=&quot;nofollow&quot;&gt;http://issues.apache.org/jira/secure/attachment/12466853/hadoop-7070.2.txt&lt;/a&gt;&lt;br/&gt;
  against trunk revision 1051659.&lt;/p&gt;

&lt;p&gt;    +1 @author.  The patch does not contain any @author tags.&lt;/p&gt;

&lt;p&gt;    +1 tests included.  The patch appears to include 3 new or modified tests.&lt;/p&gt;

&lt;p&gt;    +1 javadoc.  The javadoc tool did not generate any warning messages.&lt;/p&gt;

&lt;p&gt;    +1 javac.  The applied patch does not increase the total number of javac compiler warnings.&lt;/p&gt;

&lt;p&gt;    +1 findbugs.  The patch does not introduce any new Findbugs (version 1.3.9) warnings.&lt;/p&gt;

&lt;p&gt;    +1 release audit.  The applied patch does not increase the total number of release audit warnings.&lt;/p&gt;

&lt;p&gt;    +1 core tests.  The patch passed core unit tests.&lt;/p&gt;

&lt;p&gt;    +1 contrib tests.  The patch passed contrib unit tests.&lt;/p&gt;

&lt;p&gt;    +1 system test framework.  The patch passed system test framework compile.&lt;/p&gt;

&lt;p&gt;Test results: &lt;a href=&quot;https://hudson.apache.org/hudson/job/PreCommit-HADOOP-Build/147//testReport/&quot; class=&quot;external-link&quot; rel=&quot;nofollow&quot;&gt;https://hudson.apache.org/hudson/job/PreCommit-HADOOP-Build/147//testReport/&lt;/a&gt;&lt;br/&gt;
Findbugs warnings: &lt;a href=&quot;https://hudson.apache.org/hudson/job/PreCommit-HADOOP-Build/147//artifact/trunk/build/test/findbugs/newPatchFindbugsWarnings.html&quot; class=&quot;external-link&quot; rel=&quot;nofollow&quot;&gt;https://hudson.apache.org/hudson/job/PreCommit-HADOOP-Build/147//artifact/trunk/build/test/findbugs/newPatchFindbugsWarnings.html&lt;/a&gt;&lt;br/&gt;
Console output: &lt;a href=&quot;https://hudson.apache.org/hudson/job/PreCommit-HADOOP-Build/147//console&quot; class=&quot;external-link&quot; rel=&quot;nofollow&quot;&gt;https://hudson.apache.org/hudson/job/PreCommit-HADOOP-Build/147//console&lt;/a&gt;&lt;/p&gt;

&lt;p&gt;This message is automatically generated.&lt;/p&gt;</comment>
                            <comment id="12977579" author="tlipcon" created="Wed, 5 Jan 2011 01:35:30 +0000"  >&lt;p&gt;Owen, do you think this looks good at this point?&lt;/p&gt;</comment>
                            <comment id="12978179" author="owen.omalley" created="Thu, 6 Jan 2011 07:08:32 +0000"  >&lt;p&gt;+1&lt;/p&gt;</comment>
                            <comment id="12978440" author="tlipcon" created="Thu, 6 Jan 2011 18:35:06 +0000"  >&lt;p&gt;Committed to trunk and 0.22&lt;/p&gt;</comment>
                            <comment id="12978740" author="hudson" created="Fri, 7 Jan 2011 11:12:45 +0000"  >&lt;p&gt;Integrated in Hadoop-Common-trunk #569 (See &lt;a href=&quot;https://hudson.apache.org/hudson/job/Hadoop-Common-trunk/569/&quot; class=&quot;external-link&quot; rel=&quot;nofollow&quot;&gt;https://hudson.apache.org/hudson/job/Hadoop-Common-trunk/569/&lt;/a&gt;)&lt;/p&gt;
</comment>
                    </comments>
                <issuelinks>
                            <issuelinktype id="10030">
                    <name>Reference</name>
                                                                <inwardlinks description="is related to">
                                        <issuelink>
            <issuekey id="12495329">HADOOP-7101</issuekey>
        </issuelink>
                            </inwardlinks>
                                    </issuelinktype>
                    </issuelinks>
                <attachments>
                            <attachment id="12466853" name="hadoop-7070.2.txt" size="5155" author="tlipcon" created="Thu, 23 Dec 2010 01:26:01 +0000"/>
                            <attachment id="12466684" name="hadoop-7070.txt" size="4987" author="tlipcon" created="Tue, 21 Dec 2010 07:04:51 +0000"/>
                            <attachment id="12466675" name="hadoop-7070.txt" size="6180" author="tlipcon" created="Tue, 21 Dec 2010 02:53:05 +0000"/>
                    </attachments>
                <subtasks>
                    </subtasks>
                <customfields>
                                                <customfield id="customfield_12310310" key="com.atlassian.jira.toolkit:attachments">
                        <customfieldname>Attachment count</customfieldname>
                        <customfieldvalues>
                            <customfieldvalue>3.0</customfieldvalue>
                        </customfieldvalues>
                    </customfield>
                                                                                            <customfield id="customfield_12310220" key="com.atlassian.jira.ext.charting:firstresponsedate">
                        <customfieldname>Date of First Response</customfieldname>
                        <customfieldvalues>
                            <customfieldvalue>Tue, 21 Dec 2010 03:14:02 +0000</customfieldvalue>

                        </customfieldvalues>
                    </customfield>
                                                                                                                                                    <customfield id="customfield_12310420" key="com.pyxis.greenhopper.jira:gh-global-rank">
                        <customfieldname>Global Rank</customfieldname>
                        <customfieldvalues>
                            <customfieldvalue>36994</customfieldvalue>
                        </customfieldvalues>
                    </customfield>
                                                                <customfield id="customfield_12310191" key="com.atlassian.jira.plugin.system.customfieldtypes:multicheckboxes">
                        <customfieldname>Hadoop Flags</customfieldname>
                        <customfieldvalues>
                                <customfieldvalue key="10343"><![CDATA[Reviewed]]></customfieldvalue>
    
                        </customfieldvalues>
                    </customfield>
                                                                <customfield id="customfield_12310920" key="com.pyxis.greenhopper.jira:gh-global-rank">
                        <customfieldname>Rank</customfieldname>
                        <customfieldvalues>
                            <customfieldvalue>13636</customfieldvalue>
                        </customfieldvalues>
                    </customfield>
                                                                                                                                                                                                            <customfield id="customfield_12310222" key="com.atlassian.jira.ext.charting:timeinstatus">
                        <customfieldname>Time in Status</customfieldname>
                        <customfieldvalues>
                            
                        </customfieldvalues>
                    </customfield>
                                    </customfields>
    </item>

<item>
            <title>[HADOOP-7071] test-patch.sh has bad ps arg</title>
                <link>https://issues.apache.org/jira/browse/HADOOP-7071</link>
                <project id="12310240" key="HADOOP">Hadoop Common</project>
                    <description></description>
                <environment></environment>
        <key id="12493808">HADOOP-7071</key>
            <summary>test-patch.sh has bad ps arg</summary>
                <type id="1" iconUrl="https://issues.apache.org/jira/images/icons/issuetypes/bug.png">Bug</type>
                                            <priority id="4" iconUrl="https://issues.apache.org/jira/images/icons/priorities/minor.png">Minor</priority>
                        <status id="6" iconUrl="https://issues.apache.org/jira/images/icons/statuses/closed.png" description="The issue is considered finished, the resolution is correct. Issues which are closed can be reopened.">Closed</status>
                    <statusCategory id="3" key="done" colorName="green"/>
                                    <resolution id="1">Fixed</resolution>
                                        <assignee username="nidaley">Nigel Daley</assignee>
                                    <reporter username="nidaley">Nigel Daley</reporter>
                        <labels>
                    </labels>
                <created>Tue, 21 Dec 2010 21:27:55 +0000</created>
                <updated>Tue, 15 Nov 2011 00:50:46 +0000</updated>
                            <resolved>Tue, 21 Dec 2010 21:29:42 +0000</resolved>
                                                    <fixVersion>0.23.0</fixVersion>
                                    <component>build</component>
                        <due></due>
                            <votes>0</votes>
                                    <watches>0</watches>
                                                                <comments>
                            <comment id="12973906" author="nidaley" created="Tue, 21 Dec 2010 21:29:22 +0000"  >&lt;p&gt;I just committed this.&lt;/p&gt;</comment>
                            <comment id="12973916" author="hudson" created="Tue, 21 Dec 2010 21:45:12 +0000"  >&lt;p&gt;Integrated in Hadoop-Common-trunk-Commit #459 (See &lt;a href=&quot;https://hudson.apache.org/hudson/job/Hadoop-Common-trunk-Commit/459/&quot; class=&quot;external-link&quot; rel=&quot;nofollow&quot;&gt;https://hudson.apache.org/hudson/job/Hadoop-Common-trunk-Commit/459/&lt;/a&gt;)&lt;br/&gt;
    &lt;a href=&quot;https://issues.apache.org/jira/browse/HADOOP-7071&quot; title=&quot;test-patch.sh has bad ps arg&quot; class=&quot;issue-link&quot; data-issue-key=&quot;HADOOP-7071&quot;&gt;&lt;del&gt;HADOOP-7071&lt;/del&gt;&lt;/a&gt;. Fix bad ps command arg.&lt;/p&gt;</comment>
                            <comment id="12974152" author="hudson" created="Wed, 22 Dec 2010 11:13:41 +0000"  >&lt;p&gt;Integrated in Hadoop-Common-trunk #553 (See &lt;a href=&quot;https://hudson.apache.org/hudson/job/Hadoop-Common-trunk/553/&quot; class=&quot;external-link&quot; rel=&quot;nofollow&quot;&gt;https://hudson.apache.org/hudson/job/Hadoop-Common-trunk/553/&lt;/a&gt;)&lt;br/&gt;
    &lt;a href=&quot;https://issues.apache.org/jira/browse/HADOOP-7071&quot; title=&quot;test-patch.sh has bad ps arg&quot; class=&quot;issue-link&quot; data-issue-key=&quot;HADOOP-7071&quot;&gt;&lt;del&gt;HADOOP-7071&lt;/del&gt;&lt;/a&gt;. Fix bad ps command arg.&lt;/p&gt;</comment>
                            <comment id="12993930" author="hudson" created="Sat, 12 Feb 2011 14:30:46 +0000"  >&lt;p&gt;Integrated in Hadoop-Mapreduce-22-branch #33 (See &lt;a href=&quot;https://hudson.apache.org/hudson/job/Hadoop-Mapreduce-22-branch/33/&quot; class=&quot;external-link&quot; rel=&quot;nofollow&quot;&gt;https://hudson.apache.org/hudson/job/Hadoop-Mapreduce-22-branch/33/&lt;/a&gt;)&lt;/p&gt;
</comment>
                            <comment id="13016995" author="hudson" created="Thu, 7 Apr 2011 16:40:55 +0100"  >&lt;p&gt;Integrated in Hadoop-Mapreduce-trunk #643 (See &lt;a href=&quot;https://hudson.apache.org/hudson/job/Hadoop-Mapreduce-trunk/643/&quot; class=&quot;external-link&quot; rel=&quot;nofollow&quot;&gt;https://hudson.apache.org/hudson/job/Hadoop-Mapreduce-trunk/643/&lt;/a&gt;)&lt;/p&gt;
</comment>
                            <comment id="13022532" author="hudson" created="Thu, 21 Apr 2011 00:33:27 +0100"  >&lt;p&gt;Integrated in Hadoop-Hdfs-trunk #643 (See &lt;a href=&quot;https://builds.apache.org/hudson/job/Hadoop-Hdfs-trunk/643/&quot; class=&quot;external-link&quot; rel=&quot;nofollow&quot;&gt;https://builds.apache.org/hudson/job/Hadoop-Hdfs-trunk/643/&lt;/a&gt;)&lt;/p&gt;
</comment>
                            <comment id="13023023" author="hudson" created="Fri, 22 Apr 2011 00:32:07 +0100"  >&lt;p&gt;Integrated in Hadoop-Hdfs-22-branch #35 (See &lt;a href=&quot;https://builds.apache.org/hudson/job/Hadoop-Hdfs-22-branch/35/&quot; class=&quot;external-link&quot; rel=&quot;nofollow&quot;&gt;https://builds.apache.org/hudson/job/Hadoop-Hdfs-22-branch/35/&lt;/a&gt;)&lt;/p&gt;
</comment>
                    </comments>
                    <attachments>
                            <attachment id="12466764" name="HADOOP-7071.patch" size="873" author="nidaley" created="Tue, 21 Dec 2010 21:29:22 +0000"/>
                    </attachments>
                <subtasks>
                    </subtasks>
                <customfields>
                                                <customfield id="customfield_12310310" key="com.atlassian.jira.toolkit:attachments">
                        <customfieldname>Attachment count</customfieldname>
                        <customfieldvalues>
                            <customfieldvalue>1.0</customfieldvalue>
                        </customfieldvalues>
                    </customfield>
                                                                                            <customfield id="customfield_12310220" key="com.atlassian.jira.ext.charting:firstresponsedate">
                        <customfieldname>Date of First Response</customfieldname>
                        <customfieldvalues>
                            <customfieldvalue>Tue, 21 Dec 2010 21:45:12 +0000</customfieldvalue>

                        </customfieldvalues>
                    </customfield>
                                                                                                                                                    <customfield id="customfield_12310420" key="com.pyxis.greenhopper.jira:gh-global-rank">
                        <customfieldname>Global Rank</customfieldname>
                        <customfieldvalues>
                            <customfieldvalue>77556</customfieldvalue>
                        </customfieldvalues>
                    </customfield>
                                                                                            <customfield id="customfield_12310920" key="com.pyxis.greenhopper.jira:gh-global-rank">
                        <customfieldname>Rank</customfieldname>
                        <customfieldvalues>
                            <customfieldvalue>102590</customfieldvalue>
                        </customfieldvalues>
                    </customfield>
                                                                                                                                                                                                            <customfield id="customfield_12310222" key="com.atlassian.jira.ext.charting:timeinstatus">
                        <customfieldname>Time in Status</customfieldname>
                        <customfieldvalues>
                            
                        </customfieldvalues>
                    </customfield>
                                    </customfields>
    </item>

<item>
            <title>[HADOOP-7075] Make the &apos;docs&apos; target work with JDK6</title>
                <link>https://issues.apache.org/jira/browse/HADOOP-7075</link>
                <project id="12310240" key="HADOOP">Hadoop Common</project>
                    <description>&lt;p&gt;It&apos;s possible to make Forrest work with JDK6 by disabling sitemap and stylesheet validation&lt;br/&gt;
in the forrest.properties file. See &lt;a href=&quot;https://issues.apache.org/jira/browse/FOR-984&quot; title=&quot;validate-sitemap target fails relaxng validation on some JDK 1.6: missing datatypes&quot; class=&quot;issue-link&quot; data-issue-key=&quot;FOR-984&quot;&gt;&lt;del&gt;FOR-984&lt;/del&gt;&lt;/a&gt; and &lt;a href=&quot;https://issues.apache.org/jira/browse/PIG-1508&quot; title=&quot;Make &amp;#39;docs&amp;#39; target (forrest) work with Java 1.6&quot; class=&quot;issue-link&quot; data-issue-key=&quot;PIG-1508&quot;&gt;&lt;del&gt;PIG-1508&lt;/del&gt;&lt;/a&gt; for more details.&lt;/p&gt;</description>
                <environment></environment>
        <key id="12493950">HADOOP-7075</key>
            <summary>Make the &apos;docs&apos; target work with JDK6</summary>
                <type id="1" iconUrl="https://issues.apache.org/jira/images/icons/issuetypes/bug.png">Bug</type>
                                            <priority id="3" iconUrl="https://issues.apache.org/jira/images/icons/priorities/major.png">Major</priority>
                        <status id="5" iconUrl="https://issues.apache.org/jira/images/icons/statuses/resolved.png" description="A resolution has been taken, and it is awaiting verification by reporter. From here issues are either reopened, or are closed.">Resolved</status>
                    <statusCategory id="3" key="done" colorName="green"/>
                                    <resolution id="3">Duplicate</resolution>
                                        <assignee username="-1">Unassigned</assignee>
                                    <reporter username="cwsteinbach">Carl Steinbach</reporter>
                        <labels>
                    </labels>
                <created>Thu, 23 Dec 2010 07:39:27 +0000</created>
                <updated>Fri, 24 Dec 2010 06:18:31 +0000</updated>
                            <resolved>Fri, 24 Dec 2010 05:28:47 +0000</resolved>
                                                                    <component>documentation</component>
                        <due></due>
                            <votes>0</votes>
                                    <watches>3</watches>
                                                                <comments>
                            <comment id="12974555" author="cwsteinbach" created="Thu, 23 Dec 2010 07:42:04 +0000"  >&lt;p&gt;Hi,&lt;/p&gt;

&lt;p&gt;I&apos;m away on vacation until Monday 12/27.&lt;/p&gt;

&lt;p&gt;Thanks.&lt;/p&gt;

&lt;p&gt;Carl&lt;/p&gt;</comment>
                            <comment id="12974557" author="cwsteinbach" created="Thu, 23 Dec 2010 07:53:44 +0000"  >&lt;p&gt;Ugh... Please ignore the previous comment.&lt;/p&gt;

&lt;p&gt;This patch makes it possible to build the docs target using JDK6:&lt;/p&gt;

&lt;ul&gt;
	&lt;li&gt;Disabled sitemap and skin stylesheet validation in the forrest.properties files.&lt;/li&gt;
	&lt;li&gt;Removed the java5.home check from build.xml&lt;/li&gt;
&lt;/ul&gt;


&lt;p&gt;With these changes in place I was able to build the docs using JDK6 in&lt;br/&gt;
just under a minute.&lt;/p&gt;
</comment>
                            <comment id="12974560" author="hadoopqa" created="Thu, 23 Dec 2010 08:13:58 +0000"  >&lt;p&gt;+1 overall.  Here are the results of testing the latest attachment &lt;br/&gt;
  &lt;a href=&quot;http://issues.apache.org/jira/secure/attachment/12466863/HADOOP-7075.1.patch.txt&quot; class=&quot;external-link&quot; rel=&quot;nofollow&quot;&gt;http://issues.apache.org/jira/secure/attachment/12466863/HADOOP-7075.1.patch.txt&lt;/a&gt;&lt;br/&gt;
  against trunk revision 1051659.&lt;/p&gt;

&lt;p&gt;    +1 @author.  The patch does not contain any @author tags.&lt;/p&gt;

&lt;p&gt;    +0 tests included.  The patch appears to be a documentation patch that doesn&apos;t require tests.&lt;/p&gt;

&lt;p&gt;    +1 javadoc.  The javadoc tool did not generate any warning messages.&lt;/p&gt;

&lt;p&gt;    +1 javac.  The applied patch does not increase the total number of javac compiler warnings.&lt;/p&gt;

&lt;p&gt;    +1 findbugs.  The patch does not introduce any new Findbugs (version 1.3.9) warnings.&lt;/p&gt;

&lt;p&gt;    +1 release audit.  The applied patch does not increase the total number of release audit warnings.&lt;/p&gt;

&lt;p&gt;    +1 core tests.  The patch passed core unit tests.&lt;/p&gt;

&lt;p&gt;    +1 contrib tests.  The patch passed contrib unit tests.&lt;/p&gt;

&lt;p&gt;    +1 system test framework.  The patch passed system test framework compile.&lt;/p&gt;

&lt;p&gt;Test results: &lt;a href=&quot;https://hudson.apache.org/hudson/job/PreCommit-HADOOP-Build/148//testReport/&quot; class=&quot;external-link&quot; rel=&quot;nofollow&quot;&gt;https://hudson.apache.org/hudson/job/PreCommit-HADOOP-Build/148//testReport/&lt;/a&gt;&lt;br/&gt;
Findbugs warnings: &lt;a href=&quot;https://hudson.apache.org/hudson/job/PreCommit-HADOOP-Build/148//artifact/trunk/build/test/findbugs/newPatchFindbugsWarnings.html&quot; class=&quot;external-link&quot; rel=&quot;nofollow&quot;&gt;https://hudson.apache.org/hudson/job/PreCommit-HADOOP-Build/148//artifact/trunk/build/test/findbugs/newPatchFindbugsWarnings.html&lt;/a&gt;&lt;br/&gt;
Console output: &lt;a href=&quot;https://hudson.apache.org/hudson/job/PreCommit-HADOOP-Build/148//console&quot; class=&quot;external-link&quot; rel=&quot;nofollow&quot;&gt;https://hudson.apache.org/hudson/job/PreCommit-HADOOP-Build/148//console&lt;/a&gt;&lt;/p&gt;

&lt;p&gt;This message is automatically generated.&lt;/p&gt;</comment>
                            <comment id="12974837" author="cos" created="Fri, 24 Dec 2010 05:21:53 +0000"  >&lt;p&gt;Carl, it seems like you&apos;ve dup&apos;ed &lt;a href=&quot;https://issues.apache.org/jira/browse/HADOOP-7072&quot; title=&quot;Remove java5 dependencies from build&quot; class=&quot;issue-link&quot; data-issue-key=&quot;HADOOP-7072&quot;&gt;&lt;del&gt;HADOOP-7072&lt;/del&gt;&lt;/a&gt; here.&lt;/p&gt;</comment>
                            <comment id="12974838" author="cos" created="Fri, 24 Dec 2010 05:22:58 +0000"  >&lt;p&gt;Also, I don&apos;t see you taking care about CN docs which will be affected by this change as well.&lt;/p&gt;</comment>
                            <comment id="12974839" author="cwsteinbach" created="Fri, 24 Dec 2010 05:28:18 +0000"  >&lt;blockquote&gt;&lt;p&gt;Also, I don&apos;t see you taking care about CN docs which will be affected by this change as well.&lt;/p&gt;&lt;/blockquote&gt;

&lt;p&gt;Look more closely and you&apos;ll see that I did.&lt;/p&gt;

&lt;p&gt;Anyway, resolving this as a duplicate of &lt;a href=&quot;https://issues.apache.org/jira/browse/HADOOP-7072&quot; title=&quot;Remove java5 dependencies from build&quot; class=&quot;issue-link&quot; data-issue-key=&quot;HADOOP-7072&quot;&gt;&lt;del&gt;HADOOP-7072&lt;/del&gt;&lt;/a&gt;.&lt;/p&gt;</comment>
                            <comment id="12974849" author="cos" created="Fri, 24 Dec 2010 06:18:31 +0000"  >&lt;p&gt;Yes, you did - sorry for missing this first time.&lt;/p&gt;</comment>
                    </comments>
                <issuelinks>
                            <issuelinktype id="10030">
                    <name>Reference</name>
                                            <outwardlinks description="relates to">
                                        <issuelink>
            <issuekey id="12493642">HADOOP-7069</issuekey>
        </issuelink>
                            </outwardlinks>
                                                        </issuelinktype>
                    </issuelinks>
                <attachments>
                            <attachment id="12466863" name="HADOOP-7075.1.patch.txt" size="3053" author="cwsteinbach" created="Thu, 23 Dec 2010 07:50:17 +0000"/>
                    </attachments>
                <subtasks>
                    </subtasks>
                <customfields>
                                                <customfield id="customfield_12310310" key="com.atlassian.jira.toolkit:attachments">
                        <customfieldname>Attachment count</customfieldname>
                        <customfieldvalues>
                            <customfieldvalue>1.0</customfieldvalue>
                        </customfieldvalues>
                    </customfield>
                                                                                            <customfield id="customfield_12310220" key="com.atlassian.jira.ext.charting:firstresponsedate">
                        <customfieldname>Date of First Response</customfieldname>
                        <customfieldvalues>
                            <customfieldvalue>Thu, 23 Dec 2010 08:13:58 +0000</customfieldvalue>

                        </customfieldvalues>
                    </customfield>
                                                                                                                                                    <customfield id="customfield_12310420" key="com.pyxis.greenhopper.jira:gh-global-rank">
                        <customfieldname>Global Rank</customfieldname>
                        <customfieldvalues>
                            <customfieldvalue>127516</customfieldvalue>
                        </customfieldvalues>
                    </customfield>
                                                                                            <customfield id="customfield_12310920" key="com.pyxis.greenhopper.jira:gh-global-rank">
                        <customfieldname>Rank</customfieldname>
                        <customfieldvalues>
                            <customfieldvalue>102589</customfieldvalue>
                        </customfieldvalues>
                    </customfield>
                                                                                                                                                                                                            <customfield id="customfield_12310222" key="com.atlassian.jira.ext.charting:timeinstatus">
                        <customfieldname>Time in Status</customfieldname>
                        <customfieldvalues>
                            
                        </customfieldvalues>
                    </customfield>
                                    </customfields>
    </item>

<item>
            <title>[HADOOP-7080] Documentation dfs.block.size where dfs.blocksize has to be used instead.</title>
                <link>https://issues.apache.org/jira/browse/HADOOP-7080</link>
                <project id="12310240" key="HADOOP">Hadoop Common</project>
                    <description>&lt;p&gt;The configuration for the block size is named &lt;b&gt;dfs.block.size&lt;/b&gt; in the &lt;a href=&quot;http://hadoop.apache.org/common/docs/r0.21.0/cluster_setup.html&quot; class=&quot;external-link&quot; rel=&quot;nofollow&quot;&gt;documentation for Release 0.21.0 of Hadoop&lt;/a&gt; but this will not work nor will it be recognized. If i use &lt;a href=&quot;http://hadoop.apache.org/hdfs/docs/current/api/constant-values.html&quot; class=&quot;external-link&quot; rel=&quot;nofollow&quot;&gt;&lt;b&gt;dfs.blocksize&lt;/b&gt;&lt;/a&gt; instead it will work perfectly.  So this seemed to be a documentation bug.&lt;/p&gt;</description>
                <environment>&lt;p&gt;Linux (Ubuntu)&lt;/p&gt;</environment>
        <key id="12494262">HADOOP-7080</key>
            <summary>Documentation dfs.block.size where dfs.blocksize has to be used instead.</summary>
                <type id="1" iconUrl="https://issues.apache.org/jira/images/icons/issuetypes/bug.png">Bug</type>
                                            <priority id="4" iconUrl="https://issues.apache.org/jira/images/icons/priorities/minor.png">Minor</priority>
                        <status id="1" iconUrl="https://issues.apache.org/jira/images/icons/statuses/open.png" description="The issue is open and ready for the assignee to start work on it.">Open</status>
                    <statusCategory id="2" key="new" colorName="blue-gray"/>
                                    <resolution id="-1">Unresolved</resolution>
                                        <assignee username="-1">Unassigned</assignee>
                                    <reporter username="khmarbaise">Karl Heinz Marbaise</reporter>
                        <labels>
                    </labels>
                <created>Wed, 29 Dec 2010 18:35:33 +0000</created>
                <updated>Sat, 19 Mar 2011 03:15:48 +0000</updated>
                                            <version>0.21.0</version>
                                                        <due></due>
                            <votes>0</votes>
                                    <watches>6</watches>
                                                                <comments>
                            <comment id="12975867" author="tlipcon" created="Wed, 29 Dec 2010 18:50:38 +0000"  >&lt;p&gt;dfs.blocksize is the new name for dfs.block.size as of &lt;a href=&quot;https://issues.apache.org/jira/browse/HDFS-631&quot; title=&quot;Changes in HDFS to rename the config keys as detailed in HDFS-531.&quot; class=&quot;issue-link&quot; data-issue-key=&quot;HDFS-631&quot;&gt;&lt;del&gt;HDFS-631&lt;/del&gt;&lt;/a&gt;. But the old one should still work as well, unless both are set. How were you using the dfs.block.size configuration, and are you sure you didn&apos;t have both settings set?&lt;/p&gt;</comment>
                            <comment id="12975871" author="khmarbaise" created="Wed, 29 Dec 2010 19:04:24 +0000"  >&lt;p&gt;I have first tried to set dfs.block.size in the hdfs-site.xml file and nothing else, cause i didn&apos;t known anything about the new name. I have copied the configuration (hdfs-site.xml) to all data nodes (only three in my case) and checked that several times. Completely removed all contents from the HDFS storage and reformatted the namenode (removed also the data directories from the data nodes).  It doesn&apos;t change anything. The files in HDFS used 64 MiB block size based on the display in the file system  browser (Web-UI). After that i changed the name from dfs.block.size to dfs.blocksize in the hdfs-site.xml file. And then completely removed things from cluster etc. and from that point it worked. Now the change of the block size via command line option like this: &lt;br/&gt;
&lt;tt&gt;hadoop fs -Ddfs.blocksize=67108864 -copyFromLocal result.log /user/km/tapelogs/logfile-test-64MB.log&lt;/tt&gt; works.&lt;br/&gt;
I tried several time with the following:&lt;br/&gt;
&lt;tt&gt;hadoop fs -Ddfs.block.size=134217728 -copyFromLocal result.log /user/km/tapelogs/logfile-test-64MB.log&lt;/tt&gt; but this didn&apos;t work either. So in my opinion this is not only a documentation bug.&lt;/p&gt;</comment>
                            <comment id="12977452" author="roelofs" created="Tue, 4 Jan 2011 20:45:02 +0000"  >&lt;p&gt;I looked into this a bit on 0.22(ish) while trying to test another feature (in early November, I think?).  At the time, dfs.blocksize was used in:&lt;/p&gt;

&lt;div class=&quot;preformatted panel&quot; style=&quot;border-width: 1px;&quot;&gt;&lt;div class=&quot;preformattedContent panelContent&quot;&gt;
&lt;pre&gt;    hdfs-default.xml
    hdfs/DFSConfigKeys.java
    hdfs/server/namenode/TestHDFSConcat.java
&lt;/pre&gt;
&lt;/div&gt;&lt;/div&gt;

&lt;p&gt;dfs.block.size was used in:&lt;/p&gt;

&lt;div class=&quot;preformatted panel&quot; style=&quot;border-width: 1px;&quot;&gt;&lt;div class=&quot;preformattedContent panelContent&quot;&gt;
&lt;pre&gt;    Hadoop FAQ
    hadoop-hdfs/src/c++/libhdfs/hdfs.c 
    hdfsproxy-default.xml
    documentation/content/xdocs/hdfsproxy.xml
    hdfs/HdfsConfiguration.java
    fs/TestFiRename.java
    hdfs/server/namenode/TestBlockTokenWithDFS.java
    hdfs/TestFileConcurrentReader.java
&lt;/pre&gt;
&lt;/div&gt;&lt;/div&gt;

&lt;p&gt;(I realize the paths are incomplete; so are my notes at this point.)&lt;/p&gt;

&lt;p&gt;Perhaps this JIRA should be under HDFS rather than common?&lt;/p&gt;</comment>
                            <comment id="13008720" author="eli" created="Sat, 19 Mar 2011 03:15:48 +0000"  >&lt;p&gt;A potential issue here is that the dfs.block.size deprecation is done in HdfsConfiguration, so if somone is using just using the Configuration object the deprecated config won&apos;t work.  &lt;/p&gt;</comment>
                    </comments>
                <issuelinks>
                            <issuelinktype id="10030">
                    <name>Reference</name>
                                                                <inwardlinks description="is related to">
                                        <issuelink>
            <issuekey id="12436103">HDFS-631</issuekey>
        </issuelink>
                            </inwardlinks>
                                    </issuelinktype>
                    </issuelinks>
                <attachments>
                    </attachments>
                <subtasks>
                    </subtasks>
                <customfields>
                                                <customfield id="customfield_12310310" key="com.atlassian.jira.toolkit:attachments">
                        <customfieldname>Attachment count</customfieldname>
                        <customfieldvalues>
                            <customfieldvalue>0.0</customfieldvalue>
                        </customfieldvalues>
                    </customfield>
                                                                                            <customfield id="customfield_12310220" key="com.atlassian.jira.ext.charting:firstresponsedate">
                        <customfieldname>Date of First Response</customfieldname>
                        <customfieldvalues>
                            <customfieldvalue>Wed, 29 Dec 2010 18:50:38 +0000</customfieldvalue>

                        </customfieldvalues>
                    </customfield>
                                                                                                                                                    <customfield id="customfield_12310420" key="com.pyxis.greenhopper.jira:gh-global-rank">
                        <customfieldname>Global Rank</customfieldname>
                        <customfieldvalues>
                            <customfieldvalue>77555</customfieldvalue>
                        </customfieldvalues>
                    </customfield>
                                                                                            <customfield id="customfield_12310920" key="com.pyxis.greenhopper.jira:gh-global-rank">
                        <customfieldname>Rank</customfieldname>
                        <customfieldvalues>
                            <customfieldvalue>102584</customfieldvalue>
                        </customfieldvalues>
                    </customfield>
                                                                                                                                                                                                            </customfields>
    </item>

<item>
            <title>[HADOOP-7081] QA bot doesn&apos;t post to JIRA if build times out</title>
                <link>https://issues.apache.org/jira/browse/HADOOP-7081</link>
                <project id="12310240" key="HADOOP">Hadoop Common</project>
                    <description>&lt;p&gt;Currently there are some HDFS tests that time out and deadlock trying to exit. When this happens, the QA bot builds time out and doesn&apos;t post anything to the issue. See for example:&lt;br/&gt;
&lt;a href=&quot;https://hudson.apache.org/hudson/job/PreCommit-HDFS-Build/55/console&quot; class=&quot;external-link&quot; rel=&quot;nofollow&quot;&gt;https://hudson.apache.org/hudson/job/PreCommit-HDFS-Build/55/console&lt;/a&gt;&lt;/p&gt;

&lt;p&gt;We could either fix the QA bot somehow, or preferably, is there a JUnit runner we can use that will kill -9 the forked JVM if it deadlocks trying to exit?&lt;/p&gt;</description>
                <environment></environment>
        <key id="12494385">HADOOP-7081</key>
            <summary>QA bot doesn&apos;t post to JIRA if build times out</summary>
                <type id="1" iconUrl="https://issues.apache.org/jira/images/icons/issuetypes/bug.png">Bug</type>
                                            <priority id="4" iconUrl="https://issues.apache.org/jira/images/icons/priorities/minor.png">Minor</priority>
                        <status id="1" iconUrl="https://issues.apache.org/jira/images/icons/statuses/open.png" description="The issue is open and ready for the assignee to start work on it.">Open</status>
                    <statusCategory id="2" key="new" colorName="blue-gray"/>
                                    <resolution id="-1">Unresolved</resolution>
                                        <assignee username="-1">Unassigned</assignee>
                                    <reporter username="tlipcon">Todd Lipcon</reporter>
                        <labels>
                    </labels>
                <created>Fri, 31 Dec 2010 18:30:31 +0000</created>
                <updated>Wed, 12 Jan 2011 06:11:58 +0000</updated>
                                                                            <component>test</component>
                        <due></due>
                            <votes>0</votes>
                                    <watches>5</watches>
                                                                <comments>
                            <comment id="12976323" author="tlipcon" created="Fri, 31 Dec 2010 18:37:14 +0000"  >&lt;p&gt;Setting up something like this would be really nice:&lt;br/&gt;
&lt;a href=&quot;http://www.attivio.com/blog/56-java-development/379-enhancing-junit-with-default-timeouts-and-stack-traces.html&quot; class=&quot;external-link&quot; rel=&quot;nofollow&quot;&gt;http://www.attivio.com/blog/56-java-development/379-enhancing-junit-with-default-timeouts-and-stack-traces.html&lt;/a&gt;&lt;/p&gt;

&lt;p&gt;It seems since we run junit in fork mode we could just System.exit(1) after dumping stacks&lt;/p&gt;</comment>
                            <comment id="12980576" author="cos" created="Wed, 12 Jan 2011 06:11:58 +0000"  >&lt;p&gt;I wonder how Maven&apos;s Surefire handles times outs? It feels like moving Hadoop to Maven is pretty much imminent which raises the question about ROI of such modification. I agree though that not-having logs when a timeout occurs is annoying to say the least.&lt;/p&gt;</comment>
                    </comments>
                    <attachments>
                    </attachments>
                <subtasks>
                    </subtasks>
                <customfields>
                                                <customfield id="customfield_12310310" key="com.atlassian.jira.toolkit:attachments">
                        <customfieldname>Attachment count</customfieldname>
                        <customfieldvalues>
                            <customfieldvalue>0.0</customfieldvalue>
                        </customfieldvalues>
                    </customfield>
                                                                                            <customfield id="customfield_12310220" key="com.atlassian.jira.ext.charting:firstresponsedate">
                        <customfieldname>Date of First Response</customfieldname>
                        <customfieldvalues>
                            <customfieldvalue>Wed, 12 Jan 2011 06:11:58 +0000</customfieldvalue>

                        </customfieldvalues>
                    </customfield>
                                                                                                                                                    <customfield id="customfield_12310420" key="com.pyxis.greenhopper.jira:gh-global-rank">
                        <customfieldname>Global Rank</customfieldname>
                        <customfieldvalues>
                            <customfieldvalue>77554</customfieldvalue>
                        </customfieldvalues>
                    </customfield>
                                                                                            <customfield id="customfield_12310920" key="com.pyxis.greenhopper.jira:gh-global-rank">
                        <customfieldname>Rank</customfieldname>
                        <customfieldvalues>
                            <customfieldvalue>102583</customfieldvalue>
                        </customfieldvalues>
                    </customfield>
                                                                                                                                                                                                            </customfields>
    </item>

<item>
            <title>[HADOOP-7082] Configuration.writeXML should not hold lock while outputting</title>
                <link>https://issues.apache.org/jira/browse/HADOOP-7082</link>
                <project id="12310240" key="HADOOP">Hadoop Common</project>
                    <description>&lt;p&gt;Common side of &lt;a href=&quot;https://issues.apache.org/jira/browse/HDFS-1542&quot; title=&quot;Deadlock in Configuration.writeXml when serialized form is larger than one DFS block&quot; class=&quot;issue-link&quot; data-issue-key=&quot;HDFS-1542&quot;&gt;&lt;del&gt;HDFS-1542&lt;/del&gt;&lt;/a&gt;&lt;/p&gt;</description>
                <environment></environment>
        <key id="12494391">HADOOP-7082</key>
            <summary>Configuration.writeXML should not hold lock while outputting</summary>
                <type id="1" iconUrl="https://issues.apache.org/jira/images/icons/issuetypes/bug.png">Bug</type>
                                            <priority id="2" iconUrl="https://issues.apache.org/jira/images/icons/priorities/critical.png">Critical</priority>
                        <status id="6" iconUrl="https://issues.apache.org/jira/images/icons/statuses/closed.png" description="The issue is considered finished, the resolution is correct. Issues which are closed can be reopened.">Closed</status>
                    <statusCategory id="3" key="done" colorName="green"/>
                                    <resolution id="1">Fixed</resolution>
                                        <assignee username="tlipcon">Todd Lipcon</assignee>
                                    <reporter username="tlipcon">Todd Lipcon</reporter>
                        <labels>
                    </labels>
                <created>Fri, 31 Dec 2010 23:28:16 +0000</created>
                <updated>Thu, 2 May 2013 03:29:35 +0100</updated>
                            <resolved>Tue, 4 Jan 2011 22:18:15 +0000</resolved>
                                    <version>0.22.0</version>
                                    <fixVersion>0.22.0</fixVersion>
                                    <component>conf</component>
                        <due></due>
                            <votes>0</votes>
                                    <watches>4</watches>
                                                                <comments>
                            <comment id="12976367" author="hadoopqa" created="Fri, 31 Dec 2010 23:44:00 +0000"  >&lt;p&gt;-1 overall.  Here are the results of testing the latest attachment &lt;br/&gt;
  &lt;a href=&quot;http://issues.apache.org/jira/secure/attachment/12467242/hadoop-7082.txt&quot; class=&quot;external-link&quot; rel=&quot;nofollow&quot;&gt;http://issues.apache.org/jira/secure/attachment/12467242/hadoop-7082.txt&lt;/a&gt;&lt;br/&gt;
  against trunk revision 1052933.&lt;/p&gt;

&lt;p&gt;    +1 @author.  The patch does not contain any @author tags.&lt;/p&gt;

&lt;p&gt;    -1 tests included.  The patch doesn&apos;t appear to include any new or modified tests.&lt;br/&gt;
                        Please justify why no new tests are needed for this patch.&lt;br/&gt;
                        Also please list what manual steps were performed to verify this patch.&lt;/p&gt;

&lt;p&gt;    +1 javadoc.  The javadoc tool did not generate any warning messages.&lt;/p&gt;

&lt;p&gt;    +1 javac.  The applied patch does not increase the total number of javac compiler warnings.&lt;/p&gt;

&lt;p&gt;    +1 findbugs.  The patch does not introduce any new Findbugs (version 1.3.9) warnings.&lt;/p&gt;

&lt;p&gt;    +1 release audit.  The applied patch does not increase the total number of release audit warnings.&lt;/p&gt;

&lt;p&gt;    +1 core tests.  The patch passed core unit tests.&lt;/p&gt;

&lt;p&gt;    +1 contrib tests.  The patch passed contrib unit tests.&lt;/p&gt;

&lt;p&gt;    +1 system test framework.  The patch passed system test framework compile.&lt;/p&gt;

&lt;p&gt;Test results: &lt;a href=&quot;https://hudson.apache.org/hudson/job/PreCommit-HADOOP-Build/152//testReport/&quot; class=&quot;external-link&quot; rel=&quot;nofollow&quot;&gt;https://hudson.apache.org/hudson/job/PreCommit-HADOOP-Build/152//testReport/&lt;/a&gt;&lt;br/&gt;
Findbugs warnings: &lt;a href=&quot;https://hudson.apache.org/hudson/job/PreCommit-HADOOP-Build/152//artifact/trunk/build/test/findbugs/newPatchFindbugsWarnings.html&quot; class=&quot;external-link&quot; rel=&quot;nofollow&quot;&gt;https://hudson.apache.org/hudson/job/PreCommit-HADOOP-Build/152//artifact/trunk/build/test/findbugs/newPatchFindbugsWarnings.html&lt;/a&gt;&lt;br/&gt;
Console output: &lt;a href=&quot;https://hudson.apache.org/hudson/job/PreCommit-HADOOP-Build/152//console&quot; class=&quot;external-link&quot; rel=&quot;nofollow&quot;&gt;https://hudson.apache.org/hudson/job/PreCommit-HADOOP-Build/152//console&lt;/a&gt;&lt;/p&gt;

&lt;p&gt;This message is automatically generated.&lt;/p&gt;</comment>
                            <comment id="12976368" author="tlipcon" created="Fri, 31 Dec 2010 23:47:24 +0000"  >&lt;blockquote&gt;&lt;p&gt;-1 tests included. The patch doesn&apos;t appear to include any new or modified tests.&lt;/p&gt;&lt;/blockquote&gt;

&lt;p&gt;The test is on the HDFS side (&lt;a href=&quot;https://issues.apache.org/jira/browse/HDFS-1542&quot; title=&quot;Deadlock in Configuration.writeXml when serialized form is larger than one DFS block&quot; class=&quot;issue-link&quot; data-issue-key=&quot;HDFS-1542&quot;&gt;&lt;del&gt;HDFS-1542&lt;/del&gt;&lt;/a&gt;)&lt;/p&gt;</comment>
                            <comment id="12977139" author="dhruba" created="Tue, 4 Jan 2011 06:02:58 +0000"  >&lt;p&gt;This looks right. Todd, can you pl upload the patch into reviewBoard as well (just makes the review easy)? Thanks a bunch.&lt;/p&gt;</comment>
                            <comment id="12977489" author="tlipcon" created="Tue, 4 Jan 2011 22:03:12 +0000"  >&lt;p&gt;&lt;a href=&quot;https://reviews.apache.org/r/207/&quot; class=&quot;external-link&quot; rel=&quot;nofollow&quot;&gt;https://reviews.apache.org/r/207/&lt;/a&gt;&lt;/p&gt;</comment>
                            <comment id="12977490" author="dhruba" created="Tue, 4 Jan 2011 22:07:53 +0000"  >&lt;p&gt;+1, code looks good.&lt;/p&gt;</comment>
                            <comment id="12977495" author="tlipcon" created="Tue, 4 Jan 2011 22:18:15 +0000"  >&lt;p&gt;Committed to 0.22 branch and trunk&lt;/p&gt;</comment>
                            <comment id="12977734" author="hudson" created="Wed, 5 Jan 2011 11:13:07 +0000"  >&lt;p&gt;Integrated in Hadoop-Common-trunk #567 (See &lt;a href=&quot;https://hudson.apache.org/hudson/job/Hadoop-Common-trunk/567/&quot; class=&quot;external-link&quot; rel=&quot;nofollow&quot;&gt;https://hudson.apache.org/hudson/job/Hadoop-Common-trunk/567/&lt;/a&gt;)&lt;br/&gt;
    &lt;a href=&quot;https://issues.apache.org/jira/browse/HADOOP-7082&quot; title=&quot;Configuration.writeXML should not hold lock while outputting&quot; class=&quot;issue-link&quot; data-issue-key=&quot;HADOOP-7082&quot;&gt;&lt;del&gt;HADOOP-7082&lt;/del&gt;&lt;/a&gt;. Configuration.writeXML should not hold lock while outputting. Contributed by Todd Lipcon&lt;/p&gt;</comment>
                            <comment id="13022506" author="hudson" created="Thu, 21 Apr 2011 00:33:20 +0100"  >&lt;p&gt;Integrated in Hadoop-Hdfs-trunk #643 (See &lt;a href=&quot;https://builds.apache.org/hudson/job/Hadoop-Hdfs-trunk/643/&quot; class=&quot;external-link&quot; rel=&quot;nofollow&quot;&gt;https://builds.apache.org/hudson/job/Hadoop-Hdfs-trunk/643/&lt;/a&gt;)&lt;/p&gt;
</comment>
                            <comment id="13023010" author="hudson" created="Fri, 22 Apr 2011 00:32:05 +0100"  >&lt;p&gt;Integrated in Hadoop-Hdfs-22-branch #35 (See &lt;a href=&quot;https://builds.apache.org/hudson/job/Hadoop-Hdfs-22-branch/35/&quot; class=&quot;external-link&quot; rel=&quot;nofollow&quot;&gt;https://builds.apache.org/hudson/job/Hadoop-Hdfs-22-branch/35/&lt;/a&gt;)&lt;/p&gt;
</comment>
                            <comment id="13051635" author="johnvijoe" created="Sun, 19 Jun 2011 05:02:45 +0100"  >&lt;p&gt;Can someone pull this patch into MR-279 branch?&lt;/p&gt;</comment>
                            <comment id="13052309" author="chris.douglas" created="Tue, 21 Jun 2011 02:36:28 +0100"  >&lt;blockquote&gt;&lt;p&gt;Can someone pull this patch into MR-279 branch?&lt;/p&gt;&lt;/blockquote&gt;

&lt;p&gt;Done.&lt;/p&gt;</comment>
                    </comments>
                <issuelinks>
                            <issuelinktype id="12310010">
                    <name>Incorporates</name>
                                            <outwardlinks description="incorporates">
                                        <issuelink>
            <issuekey id="12495191">HDFS-1576</issuekey>
        </issuelink>
                            </outwardlinks>
                                                        </issuelinktype>
                            <issuelinktype id="10030">
                    <name>Reference</name>
                                                                <inwardlinks description="is related to">
                                        <issuelink>
            <issuekey id="12510732">HDFS-2081</issuekey>
        </issuelink>
                            </inwardlinks>
                                    </issuelinktype>
                            <issuelinktype id="10001">
                    <name>dependent</name>
                                                                <inwardlinks description="is depended upon by">
                                        <issuelink>
            <issuekey id="12493447">HDFS-1542</issuekey>
        </issuelink>
                            </inwardlinks>
                                    </issuelinktype>
                    </issuelinks>
                <attachments>
                            <attachment id="12467242" name="hadoop-7082.txt" size="3928" author="tlipcon" created="Fri, 31 Dec 2010 23:28:38 +0000"/>
                    </attachments>
                <subtasks>
                    </subtasks>
                <customfields>
                                                <customfield id="customfield_12310310" key="com.atlassian.jira.toolkit:attachments">
                        <customfieldname>Attachment count</customfieldname>
                        <customfieldvalues>
                            <customfieldvalue>1.0</customfieldvalue>
                        </customfieldvalues>
                    </customfield>
                                                                                            <customfield id="customfield_12310220" key="com.atlassian.jira.ext.charting:firstresponsedate">
                        <customfieldname>Date of First Response</customfieldname>
                        <customfieldvalues>
                            <customfieldvalue>Fri, 31 Dec 2010 23:44:00 +0000</customfieldvalue>

                        </customfieldvalues>
                    </customfield>
                                                                                                                                                    <customfield id="customfield_12310420" key="com.pyxis.greenhopper.jira:gh-global-rank">
                        <customfieldname>Global Rank</customfieldname>
                        <customfieldvalues>
                            <customfieldvalue>36995</customfieldvalue>
                        </customfieldvalues>
                    </customfield>
                                                                <customfield id="customfield_12310191" key="com.atlassian.jira.plugin.system.customfieldtypes:multicheckboxes">
                        <customfieldname>Hadoop Flags</customfieldname>
                        <customfieldvalues>
                                <customfieldvalue key="10343"><![CDATA[Reviewed]]></customfieldvalue>
    
                        </customfieldvalues>
                    </customfield>
                                                                <customfield id="customfield_12310920" key="com.pyxis.greenhopper.jira:gh-global-rank">
                        <customfieldname>Rank</customfieldname>
                        <customfieldvalues>
                            <customfieldvalue>13638</customfieldvalue>
                        </customfieldvalues>
                    </customfield>
                                                                                                                                                                                                            <customfield id="customfield_12310222" key="com.atlassian.jira.ext.charting:timeinstatus">
                        <customfieldname>Time in Status</customfieldname>
                        <customfieldvalues>
                            
                        </customfieldvalues>
                    </customfield>
                                    </customfields>
    </item>
</channel>
</rss>
