file,bugChurn,rank
org.apache.cxf.ws.rm.RMCaptureOutInterceptor_java,477,1
org.apache.cxf.ws.rm.soap.RMSoapInInterceptor_java,354,2
org.apache.cxf.systest.jaxrs.BookStore_java,308,3
org.apache.cxf.jaxrs.client.ClientProxyImpl_java,297,4
org.apache.cxf.ws.rm.soap.RMSoapOutInterceptor_java,286,5
org.apache.cxf.xkms.client.XKMSInvoker_java,278,6
org.apache.cxf.jaxrs.utils.InjectionUtils_java,275,7
org.apache.cxf.ws.rm.EncoderDecoder_java,253,8
org.apache.cxf.common.jaxb.SchemaCollectionContextProxy_java,240,9
org.apache.cxf.systest.type_test.AbstractTypeTestClient5_java,207,10
org.apache.cxf.ws.rm.RMOutInterceptor_java,205,11
org.apache.cxf.jaxrs.model.wadl.WadlGenerator_java,192,12
org.apache.cxf.sts.event.map.EventMapper_java,190,13
org.apache.cxf.systest.jaxrs.BookCxfContinuationStore_java,186,14
org.apache.cxf.ws.rm.RetransmissionInterceptor_java,176,15
org.apache.cxf.ws.rm.persistence.jdbc.RMTxStore_java,173,16
org.apache.cxf.ws.policy.PolicyEngineImpl_java,160,17
org.apache.cxf.jaxb.JAXBContextInitializer_java,141,18
org.apache.cxf.systest.jaxrs.BookBean_java,135,19
org.apache.cxf.jaxb.JAXBSchemaInitializer_java,135,19
org.apache.cxf.jaxrs.model.AbstractResourceInfo_java,131,21
org.apache.cxf.transport.http.HTTPConduit_java,131,21
org.apache.cxf.sts.event.map.MapEventLogger_java,126,23
org.apache.cxf.systest.jaxrs.BookType_java,124,24
org.apache.cxf.databinding.source.XMLStreamDataReader_java,120,25
org.apache.cxf.ws.addressing.EndpointReferenceUtils_java,112,26
org.apache.cxf.systest.mtom_schema_validation.Hello_java,109,27
org.apache.cxf.jaxrs.client.JaxrsClientCallback_java,107,28
org.apache.cxf.ws.rm.RewindableInputStream_java,101,29
org.apache.cxf.frontend.WSDLGetUtils_java,98,30
org.apache.cxf.jaxrs.provider.AbstractJAXBProvider_java,97,31
org.apache.cxf.ws.addressing.impl.InternalContextUtils_java,96,32
org.apache.cxf.jaxrs.JAXRSInvoker_java,94,33
org.apache.cxf.staxutils.OverlayW3CDOMStreamWriter_java,93,34
org.apache.cxf.jaxrs.client.WebClient_java,93,34
org.apache.cxf.rs.security.oauth2.client.OAuthClientUtils_java,87,36
org.apache.cxf.ws.rm.EncoderDecoder10Impl_java,85,37
org.apache.cxf.systest.jaxrs.GenericBookStoreSpring2_java,85,37
org.apache.cxf.interceptor.ServiceInvokerInterceptor_java,84,39
org.apache.cxf.ws.rm.EncoderDecoder11Impl_java,84,39
org.apache.cxf.jaxrs.utils.ResourceUtils_java,83,41
org.apache.cxf.jaxrs.interceptor.JAXRSInInterceptor_java,82,42
org.apache.cxf.ws.rm.persistence.RMMessage_java,82,42
org.apache.cxf.ws.rm.EncoderDecoder10AImpl_java,82,42
org.apache.cxf.systest.mtom_schema_validation.HelloResponse_java,77,45
org.apache.cxf.jaxws.AbstractJAXWSMethodInvoker_java,75,46
org.apache.cxf.ws.security.wss4j.policyhandlers.AsymmetricBindingHandler_java,72,47
org.apache.cxf.sts.token.provider.TokenProviderResponse_java,72,47
org.apache.cxf.attachment.ContentDisposition_java,71,49
org.apache.cxf.sts.token.renewer.TokenRenewerResponse_java,71,49
org.apache.cxf.systest.ws.rm.sec.UTPasswordCallback_java,70,51
org.apache.cxf.systest.jaxrs.AbstractGenericBookStoreSpring_java,70,51
org.apache.cxf.jaxws.DispatchImpl_java,68,53
org.apache.cxf.staxutils.validation.W3CMultiSchemaFactory_java,67,54
org.apache.cxf.systest.jaxrs.BookServerAsyncClient_java,66,55
org.apache.cxf.systest.jaxrs.BookStoreSpring_java,64,56
org.apache.cxf.systest.schemaimport.SayHiImpl_java,64,56
org.apache.cxf.ws.rm.RMManager_java,63,58
org.apache.cxf.jaxrs.impl.SimpleService_java,61,59
org.apache.cxf.binding.corba.types.CorbaStructListener_java,61,59
org.apache.cxf.systest.jaxrs.BookServer20_java,60,61
org.apache.cxf.jaxrs.interceptor.JAXRSOutInterceptor_java,60,61
org.apache.cxf.rs.security.saml.sso.SAMLProtocolResponseValidator_java,59,63
org.apache.cxf.xkms.crypto.CryptoProviderFactory_java,59,63
org.apache.cxf.common.util.ProxyClassLoader_java,57,65
org.apache.cxf.ws.security.wss4j.policyhandlers.AbstractBindingBuilder_java,57,65
org.apache.cxf.staxutils.StaxUtils_java,57,65
org.apache.cxf.jaxrs.model.ClassResourceInfo_java,56,68
org.apache.cxf.systest.jaxb.validators.PassedObject_java,55,69
org.apache.cxf.jaxb.JAXBEncoderDecoder_java,55,69
org.apache.cxf.systest.mtom_schema_validation.HelloWSClient_java,55,69
org.apache.cxf.jaxrs.utils.JAXRSUtils_java,54,72
org.apache.cxf.systest.mtom_schema_validation.ExceptionTypeException_java,53,73
org.apache.cxf.jaxrs.spring.SpringResourceFactory_java,51,74
org.apache.cxf.systest.jaxrs.Book2_java,51,74
org.apache.cxf.jaxrs.ext.multipart.ContentDisposition_java,51,74
org.apache.cxf.clustering.FailoverTargetSelector_java,51,74
org.apache.cxf.jaxrs.impl.RequestImpl_java,51,74
org.apache.cxf.systest.jaxrs.BookCxfContinuationServer_java,50,79
org.apache.cxf.systest.schemaimport.SayHi_java,50,79
org.apache.cxf.systest.mtom_schema_validation.Server_java,49,81
org.apache.cxf.systest.mtom_schema_validation.ExceptionType_java,49,81
org.apache.cxf.systest.jaxrs.PetStore_java,49,81
org.apache.cxf.systest.schemaimport.Server_java,48,84
org.apache.cxf.rs.security.oauth.utils.OAuthUtils_java,48,84
org.apache.cxf.systest.exception.ObjectWithGenerics_java,47,86
org.apache.cxf.tools.corba.processors.wsdl.WSDLToCorbaHelper_java,47,86
org.apache.cxf.xkms.client.XKMSClientFactory_java,47,86
org.apache.cxf.systest.jaxrs.ResponseCheckInterceptor_java,46,89
org.apache.cxf.systest.exception.Server_java,46,89
org.apache.cxf.systest.jaxrs.SuperBook2_java,45,91
org.apache.cxf.rs.security.oauth2.grants.AbstractGrantHandler_java,45,91
org.apache.cxf.binding.soap.saaj.SAAJStreamWriter_java,45,91
org.apache.cxf.jaxrs.ext.search.InterfaceProxy_java,45,91
org.apache.cxf.ws.policy.EndpointPolicyImpl_java,44,95
org.apache.cxf.rs.security.xml.AbstractXmlSigInHandler_java,44,95
org.apache.cxf.phase.PhaseInterceptorChain_java,44,95
org.apache.cxf.systest.ws.rm.MessageLossSimulator_java,44,95
org.apache.cxf.systest.jaxrs.security.SecureBookStoreGenerics_java,43,99
org.apache.cxf.systest.schemaimport.sayhi2.SayHiArrayResponse_java,42,100
org.apache.cxf.sts.event.map.KEYS_java,42,100
org.apache.cxf.systest.jaxrs.SpringServletConfigStore_java,42,100
org.apache.cxf.systest.jaxb.shareclasses.model.NameElement_java,42,100
org.apache.cxf.sts.event.map.MapEvent_java,41,104
org.apache.cxf.jaxrs.provider.atom.AtomPojoProvider_java,41,104
org.apache.cxf.xkms.crypto.CryptoProviderException_java,41,104
org.apache.cxf.systest.schemaimport.sayhi1.SayHiResponse_java,41,104
org.apache.cxf.systest.schemaimport.sayhi2.SayHiArray_java,40,108
org.apache.cxf.jaxrs.provider.ProviderFactory_java,40,108
org.apache.cxf.common.util.ProxyHelper_java,40,108
org.apache.cxf.aegis.type.basic.BeanType_java,40,108
org.apache.cxf.ws.rm.persistence.jdbc.RMTxStoreTestBase_java,39,112
org.apache.cxf.systest.schemaimport.sayhi1.SayHi_java,39,112
org.apache.cxf.endpoint.ClientImpl_java,38,114
org.apache.cxf.systest.jaxrs.security.SecureBookInterfaceGenerics_java,38,114
org.apache.cxf.systest.jaxb.validators.MyCustomHandler_java,37,116
org.apache.cxf.tools.fortest.exception.Cl1ToCl2Adapter_java,37,116
org.apache.cxf.interceptor.StaxInInterceptor_java,37,116
org.apache.cxf.systest.mtom_schema_validation.HelloWS_java,37,116
org.apache.cxf.jaxb.io.MyCustomHandler_java,37,116
org.apache.cxf.systest.jaxws.Server_java,37,116
org.apache.cxf.systest.exception.GenericsEchoImpl_java,36,122
org.apache.cxf.jaxrs.client.JAXRSClientFactoryBean_java,36,122
org.apache.cxf.sts.token.renewer.SAMLTokenRenewer_java,36,122
org.apache.cxf.rs.security.saml.AbstractSamlInHandler_java,35,125
org.apache.cxf.binding.corba.types.CorbaPrimitiveArrayEventProducer_java,35,125
org.apache.cxf.binding.corba.types.CorbaStructEventProducer_java,35,125
org.apache.cxf.tools.fortest.exception.TypeAdapterException_java,34,128
org.apache.cxf.jaxrs.fortest.ConcreteRestResource_java,34,128
org.apache.cxf.systest.jaxrs.BookStoreStorage_java,34,128
org.apache.cxf.systest.exception.GenericsException_java,34,128
org.apache.cxf.ws.policy.EffectivePolicyImpl_java,34,128
org.apache.cxf.rs.security.oauth2.services.AbstractTokenService_java,34,128
org.apache.cxf.ws.security.wss4j.WSS4JUtils_java,34,128
org.apache.cxf.maven_plugin.AbstractCodegenMoho_java,33,135
org.apache.cxf.systest.jaxb.validators.HelloWorld_java,33,135
org.apache.cxf.systest.jaxb.validators.HelloWorldImpl_java,33,135
org.apache.cxf.attachment.AttachmentUtil_java,33,135
org.apache.cxf.jaxrs.ext.search.fiql.FiqlParser_java,32,139
org.apache.cxf.jaxrs.fortest.AbstractRestController_java,32,139
org.apache.cxf.jaxb.OrderException_java,32,139
org.apache.cxf.ws.security.policy.interceptors.HttpsTokenInterceptorProvider_java,32,139
org.apache.cxf.ws.policy.selector.BaseAlternativeSelector_java,32,139
org.apache.cxf.tools.fortest.exception.MyClass1_java,32,139
org.apache.cxf.rs.security.oauth2.services.ImplicitGrantService_java,32,139
org.apache.cxf.systest.jaxb.shareclasses.server.foo.FooServiceImpl_java,31,146
org.apache.cxf.jaxrs.provider.json.JSONProvider_java,31,146
org.apache.cxf.common.jaxb.JAXBContextCache_java,31,146
org.apache.cxf.tools.fortest.exception.MyClass2_java,31,146
org.apache.cxf.systest.jaxb.shareclasses.server.bar.BarServiceImpl_java,31,146
org.apache.cxf.ws.rm.soap.RetransmissionQueueImpl_java,30,151
org.apache.cxf.ws.policy.blueprint.PolicyBPHandler_java,30,151
org.apache.cxf.tools.wsdlto.frontend.jaxws.generators.ImplGenerator_java,30,151
org.apache.cxf.transport.servlet.CXFServlet_java,30,151
org.apache.cxf.jaxrs.provider.SourceProvider_java,30,151
org.apache.cxf.systest.jaxb.shareclasses.model.foo.FooName_java,29,156
org.apache.cxf.transport.http.Servlet3ContinuationProvider_java,29,156
org.apache.cxf.bus.spring.BusEntityResolver_java,29,156
org.apache.cxf.ws.security.SecurityConstants_java,29,156
org.apache.cxf.systest.exception.GenericsEcho_java,29,156
org.apache.cxf.systest.jaxb.shareclasses.model.bar.BarName_java,28,161
org.apache.cxf.systest.jaxb.shareclasses.service.bar.BarService_java,27,162
org.apache.cxf.internal.CXFAPINamespaceHandler_java,27,162
org.apache.cxf.systest.jaxb.shareclasses.service.foo.FooService_java,27,162
org.apache.cxf.tools.wsdlto.frontend.jaxws.generators.ServerGenerator_java,27,162
org.apache.cxf.transport.http.asyncclient.AsyncHTTPConduit_java,27,162
org.apache.cxf.ws.rm.RMMessageConstants_java,26,167
org.apache.cxf.common.util.PropertyUtils_java,26,167
org.apache.cxf.tools.fortest.exception.TypeAdapterEcho_java,26,167
org.apache.cxf.sts.operation.AbstractOperation_java,25,170
org.apache.cxf.ws.policy.PolicyInterceptorProvider_java,25,170
org.apache.cxf.systest.jaxrs.GenericBookStoreSpring_java,25,170
org.apache.cxf.systest.jaxb.shareclasses.service.Getter_java,25,170
org.apache.cxf.jaxrs.model.wadl.BookDescription_java,24,174
org.apache.cxf.sts.StaticSTSProperties_java,24,174
org.apache.cxf.jaxb.WrapperHelperCompiler_java,24,174
org.apache.cxf.jaxws.JaxWsClientProxy_java,24,174
org.apache.cxf.jaxrs.fortest.ConcreteRestController_java,24,174
org.apache.cxf.ws.discovery.internal.WSDiscoveryServiceImpl_java,24,174
org.apache.cxf.jaxb.io.DataWriterImpl_java,24,174
org.apache.cxf.jaxrs.blueprint.JAXRSServerFactoryBeanDefinitionParser_java,24,174
org.apache.cxf.rs.security.oauth2.services.AccessTokenValidatorService_java,23,182
org.apache.cxf.ws.security.wss4j.PolicyBasedWSS4JStaxInInterceptor_java,23,182
org.apache.cxf.jaxrs.JAXRSServerFactoryBean_java,23,182
org.apache.cxf.transport.http.AbstractHTTPDestination_java,23,182
org.apache.cxf.sts.event.map.MapEventListener_java,23,182
org.apache.cxf.jaxrs.impl.WriterInterceptorMBW_java,23,182
org.apache.cxf.jaxrs.fortest.RestResource_java,23,182
org.apache.cxf.systest.jaxrs.SuperBookInterface_java,23,182
org.apache.cxf.jaxrs.impl.ReaderInterceptorMBR_java,22,190
org.apache.cxf.rs.security.oauth2.services.AbstractAccessTokenValidator_java,22,190
org.apache.cxf.binding.soap.interceptor.SoapOutInterceptor_java,21,192
org.apache.cxf.jaxrs.impl.RequestPreprocessor_java,21,192
org.apache.cxf.ws.security.wss4j.SamlTokenInterceptor_java,21,192
org.apache.cxf.systest.jaxrs.BookStoreWithInterface_java,21,192
org.apache.cxf.jaxrs.client.AbstractClient_java,21,192
org.apache.cxf.transport.http_jetty.continuations.JettyContinuationWrapper_java,20,197
org.apache.cxf.jaxws.context.WrappedAttachments_java,20,197
org.apache.cxf.rs.security.oauth2.filters.OAuthRequestInterceptor_java,20,197
org.apache.cxf.ws.policy.AbstractPolicyInterceptorProvider_java,20,197
org.apache.cxf.systest.http.GreeterSessionImpl_java,20,197
org.apache.cxf.transport.jms.continuations.JMSContinuation_java,20,197
org.apache.cxf.jaxws.ServiceImpl_java,19,203
org.apache.cxf.ws.rm.feature.RMFeature_java,19,203
org.apache.cxf.wsdl11.WSDLManagerImpl_java,19,203
org.apache.cxf.ws.rm.policy.RMPolicyInterceptorProvider_java,19,203
org.apache.cxf.maven_plugin.common.ClassLoaderSwitcher_java,18,207
org.apache.cxf.rs.security.oauth2.auth.saml.Saml2BearerAuthHandler_java,18,207
org.apache.cxf.ws.policy.WSPolicyFeature_java,18,207
org.apache.cxf.rs.security.oauth2.saml.SamlOAuthValidator_java,18,207
org.apache.cxf.maven_plugin.ClassLoaderSwitcher_java,18,207
org.apache.cxf.ws.security.wss4j.policyhandlers.AbstractStaxBindingHandler_java,17,212
org.apache.cxf.systest.jaxrs.MultipartStore_java,17,212
org.apache.cxf.interceptor.LoggingInInterceptor_java,17,212
org.apache.cxf.jaxws.support.JaxWsServiceFactoryBean_java,16,215
org.apache.cxf.transport.servlet.AbstractHTTPServlet_java,16,215
org.apache.cxf.systest.jaxrs.BookSubresourceImpl_java,16,215
org.apache.cxf.common.util.ReflectionUtil_java,16,215
org.apache.cxf.transport.http.CXFAuthenticator_java,16,215
org.apache.cxf.jaxrs.impl.HttpServletResponseFilter_java,15,220
org.apache.cxf.common.util.ASMHelper_java,15,220
org.apache.cxf.tools.wsdlto.frontend.jaxws.processor.internal.annotator.WSActionAnnotator_java,14,222
org.apache.cxf.ws.rm.RMInInterceptor_java,14,222
org.apache.cxf.ws.rm.RMUtils_java,14,222
org.apache.cxf.staxutils.W3CDOMStreamWriter_java,14,222
org.apache.cxf.systest.jaxrs.SuperBook_java,14,222
org.apache.cxf.jaxrs.provider.jsonp.AbstractJsonpOutInterceptor_java,13,227
org.apache.cxf.rs.security.saml.sso.RequestAssertionConsumerService_java,13,227
org.apache.cxf.jaxrs.provider.jsonp.JsonpInInterceptor_java,13,227
org.apache.cxf.jaxb.JAXBDataBinding_java,13,227
org.apache.cxf.jaxrs.model.wadl.BookStore_java,13,227
org.apache.cxf.aegis.inheritance.AbstractUser_java,13,227
org.apache.cxf.rs.security.xml.XmlSigOutInterceptor_java,13,227
org.apache.cxf.wsdl.interceptors.DocLiteralInInterceptor_java,13,227
org.apache.cxf.rs.security.oauth2.filters.OAuthRequestFilter_java,13,227
org.apache.cxf.systest.jaxrs.BookContinuationStore_java,12,236
org.apache.cxf.rs.security.saml.DeflateEncoderDecoder_java,12,236
org.apache.cxf.common.jaxb.JAXBUtils_java,12,236
org.apache.cxf.jaxrs.Customer_java,12,236
org.apache.cxf.ws.security.trust.AbstractSTSClient_java,12,236
org.apache.cxf.ws.addressing.impl.MAPAggregatorImpl_java,12,236
org.apache.cxf.jaxrs.model.MethodDispatcher_java,12,236
org.apache.cxf.service.model.AbstractMessageContainer_java,11,243
org.apache.cxf.jaxrs.utils.schemas.SchemaHandler_java,11,243
org.apache.cxf.message.Message_java,11,243
org.apache.cxf.jaxrs.model.FilterProviderInfo_java,11,243
org.apache.cxf.binding.xml.interceptor.XMLFaultOutInterceptor_java,11,243
org.apache.cxf.transport.http.netty.server.NettyHttpServletPipelineFactory_java,11,243
org.apache.cxf.jaxrs.security.JAASAuthenticationFilter_java,11,243
org.apache.cxf.sts.token.provider.SAMLTokenProvider_java,11,243
org.apache.cxf.transport.jms.JMSConduit_java,11,243
org.apache.cxf.ws.security.tokenstore.EHCacheTokenStore_java,10,252
org.apache.cxf.ws.rm.DestinationSequence_java,10,252
org.apache.cxf.jaxrs.utils.ExceptionUtils_java,10,252
org.apache.cxf.ws.policy.EndpointPolicy_java,10,252
org.apache.cxf.rs.security.oauth2.utils.OAuthContextUtils_java,10,252
org.apache.cxf.transport.jms.JMSDestination_java,10,252
org.apache.cxf.jaxb.JAXBDataBase_java,10,252
org.apache.cxf.interceptor.ClientFaultConverter_java,9,259
org.apache.cxf.frontend.ClientProxyFactoryBean_java,9,259
org.apache.cxf.rs.security.oauth2.filters.AccessTokenValidatorClient_java,9,259
org.apache.cxf.jaxrs.impl.ResponseImpl_java,9,259
org.apache.cxf.jaxrs.impl.PathSegmentImpl_java,9,259
org.apache.cxf.sts.token.provider.SCTProvider_java,9,259
org.apache.cxf.jaxrs.provider.MultipartProvider_java,9,259
org.apache.cxf.jaxrs.provider.JAXBElementProvider_java,9,259
org.apache.cxf.frontend.ClientFactoryBean_java,8,267
org.apache.cxf.transport.http_jetty.JettyHTTPDestination_java,8,267
org.apache.cxf.systest.jaxrs.BookServer_java,8,267
org.apache.cxf.jaxrs.model.BeanResourceInfo_java,8,267
org.apache.cxf.transport.http_jetty.continuations.JettyContinuationProvider_java,8,267
org.apache.cxf.tools.wadlto.jaxrs.SourceGenerator_java,8,267
org.apache.cxf.ws.eventing.integration.notificationapi.assertions.ReferenceParametersAssertingHandler_java,8,267
org.apache.cxf.transport.http.netty.server.NettyHttpDestination_java,8,267
org.apache.cxf.rs.security.saml.sso.AbstractSSOSpHandler_java,8,267
org.apache.cxf.ws.policy.PolicyInInterceptor_java,8,267
org.apache.cxf.jaxrs.interceptor.JAXRSOutExceptionMapperInterceptor_java,8,267
org.apache.cxf.common.util.UrlUtils_java,8,267
org.apache.cxf.attachment.LazyAttachmentCollection_java,8,267
org.apache.cxf.rs.security.oauth2.services.AbstractOAuthService_java,8,267
org.apache.cxf.jaxrs.impl.AbstractInterceptorContextImpl_java,8,267
org.apache.cxf.binding.corba.runtime.CorbaStreamWriter_java,8,267
org.apache.cxf.jaxrs.utils.SpecExceptions_java,7,283
org.apache.cxf.ws.security.wss4j.policyhandlers.StaxAsymmetricBindingHandler_java,7,283
org.apache.cxf.staxutils.W3CDOMStreamReader_java,7,283
org.apache.cxf.frontend.ServerFactoryBean_java,7,283
org.apache.cxf.transport.http.blueprint.HttpDestinationBPBeanDefinitionParser_java,7,283
org.apache.cxf.xkms.x509.repo.file.FileCertificateRepo_java,7,283
org.apache.cxf.ws.security.wss4j.policyhandlers.StaxSymmetricBindingHandler_java,7,283
org.apache.cxf.ws.policy.blueprint.PolicyFeatureBPDefinitionParser_java,7,283
org.apache.cxf.systest.jaxrs.BookSubresource_java,7,283
org.apache.cxf.interceptor.LoggingOutInterceptor_java,7,283
org.apache.cxf.ws.eventing.integration.notificationapi.assertions.WSAActionAssertingHandler_java,7,283
org.apache.cxf.bus.spring.SpringBus_java,7,283
org.apache.cxf.ws.rm.RMCaptureInInterceptor_java,7,283
org.apache.cxf.jaxb.Utils_java,6,296
org.apache.cxf.binding.soap.interceptor.Soap12FaultInInterceptor_java,6,296
org.apache.cxf.systest.jaxrs.Book_java,6,296
org.apache.cxf.jaxrs.impl.ContainerResponseContextImpl_java,6,296
org.apache.cxf.binding.soap.SoapBindingFactory_java,6,296
org.apache.cxf.rs.security.saml.sso.AbstractServiceProviderFilter_java,6,296
org.apache.cxf.ws.rm.blueprint.RMBPHandler_java,6,296
org.apache.cxf.configuration.jsse.TLSClientParameters_java,6,296
org.apache.cxf.systest.jaxrs.BookStoreWithInterface2_java,6,296
org.apache.cxf.rs.security.oauth2.provider.OAuthJSONProvider_java,6,296
org.apache.cxf.binding.soap.saaj.SAAJInInterceptor_java,6,296
org.apache.cxf.transport.jms.continuations.JMSContinuationProvider_java,6,296
org.apache.cxf.jaxrs.utils.ParameterizedCollectionType_java,6,296
org.apache.cxf.rs.security.saml.sso.EHCacheTokenReplayCache_java,5,309
org.apache.cxf.systest.soapfault.details.GreeterImpl11_java,5,309
org.apache.cxf.ws.security.wss4j.WSS4JInInterceptor_java,5,309
org.apache.cxf.rs.security.oauth2.utils.AuthorizationUtils_java,5,309
org.apache.cxf.continuations.ContinuationProvider_java,5,309
org.apache.cxf.jaxrs.model.ResourceTypes_java,5,309
org.apache.cxf.ws.security.wss4j.WSS4JStaxInInterceptor_java,5,309
org.apache.cxf.service.invoker.AbstractInvoker_java,5,309
org.apache.cxf.binding.soap.interceptor.SoapPreProtocolOutInterceptor_java,5,309
org.apache.cxf.jaxb.io.DataReaderImpl_java,5,309
org.apache.cxf.jaxws.handler.logical.LogicalMessageImpl_java,5,309
org.apache.cxf.jaxrs.impl.WriterInterceptorContextImpl_java,5,309
org.apache.cxf.transport.http.netty.server.servlet.URIParser_java,4,321
org.apache.cxf.feature.transform.XSLTInInterceptor_java,4,321
org.apache.cxf.frontend.WSDLGetInterceptor_java,4,321
org.apache.cxf.systest.jaxws.ServicePortTypeImpl_java,4,321
org.apache.cxf.interceptor.MessageSenderInterceptor_java,4,321
org.apache.cxf.helpers.DOMUtils_java,4,321
org.apache.cxf.ws.policy.selector.MaximalAlternativeSelector_java,4,321
org.apache.cxf.configuration.jsse.TLSParameterBase_java,4,321
org.apache.cxf.jaxws.EndpointImpl_java,4,321
org.apache.cxf.ws.policy.selector.FirstAlternativeSelector_java,4,321
org.apache.cxf.ws.policy.selector.MinimalAlternativeSelector_java,4,321
org.apache.cxf.sts.token.validator.SAMLTokenValidator_java,4,321
org.apache.cxf.frontend.blueprint.SimpleBPNamespaceHandler_java,4,321
org.apache.cxf.sts.operation.TokenRenewOperation_java,4,321
org.apache.cxf.interceptor.transform.TransformOutInterceptor_java,4,321
org.apache.cxf.management.interceptor.AbstractMessageResponseTimeInterceptor_java,4,321
org.apache.cxf.sts.operation.TokenIssueOperation_java,4,321
org.apache.cxf.sts.event.LoggerPatternLayoutLogback_java,4,321
org.apache.cxf.rs.security.oauth2.services.RedirectionBasedGrantService_java,4,321
org.apache.cxf.jaxws.support.JaxWsServiceConfiguration_java,4,321
org.apache.cxf.jaxws.interceptors.WrapperClassInInterceptor_java,4,321
org.apache.cxf.sts.operation.TokenValidateOperation_java,4,321
org.apache.cxf.systest.jaxrs.LifecycleInterface_java,4,321
org.apache.cxf.ws.policy.ClientPolicyInFaultInterceptor_java,4,321
org.apache.cxf.transport.http.netty.server.blueprint.NettyServerEngineFactoryParser_java,4,321
org.apache.cxf.rs.security.oauth2.common.AccessTokenGrant_java,4,321
org.apache.cxf.ws.security.trust.STSTokenValidator_java,4,321
org.apache.cxf.ws.security.policy.interceptors.NegotiationUtils_java,4,321
org.apache.cxf.sts.token.provider.DefaultConditionsProvider_java,4,321
org.apache.cxf.transport.http_jaxws_spi.JAXWSHttpSpiDestination_java,4,321
org.apache.cxf.jaxrs.impl.ResourceContextImpl_java,4,321
org.apache.cxf.io.CachedOutputStream_java,4,321
org.apache.cxf.ws.policy.PolicyEngine_java,4,321
org.apache.cxf.binding.soap.interceptor.AbstractSoapInterceptor_java,4,321
org.apache.cxf.bus.osgi.CXFActivator_java,4,321
org.apache.cxf.jaxrs.impl.ReaderInterceptorContextImpl_java,3,356
org.apache.cxf.rs.security.xml.XmlSecOutInterceptor_java,3,356
org.apache.cxf.rs.security.oauth2.utils.OAuthConstants_java,3,356
org.apache.cxf.jaxrs.ext.MessageContextImpl_java,3,356
org.apache.cxf.transport.http.netty.server.blueprint.NettyHttpServerEngineFactoryHolder_java,3,356
org.apache.cxf.transport.http_jetty.JettyHTTPServerEngineFactory_java,3,356
org.apache.cxf.jaxrs.provider.RequestDispatcherProvider_java,3,356
org.apache.cxf.sts.event.LoggerPatternLayoutLog4J_java,3,356
org.apache.cxf.rs.security.xml.AbstractXmlSecInHandler_java,3,356
org.apache.cxf.jaxrs.ext.search.SimpleSearchCondition_java,3,356
org.apache.cxf.rs.security.oauth2.grants.AbstractGrant_java,3,356
org.apache.cxf.ws.addressing.soap.MAPCodec_java,3,356
org.apache.cxf.transport.http.netty.server.NettyHttpServerEngineFactory_java,3,356
org.apache.cxf.rs.security.xml.XmlSecInInterceptor_java,3,356
org.apache.cxf.binding.soap.interceptor.RPCOutInterceptor_java,3,356
org.apache.cxf.jaxws.support.JaxWsEndpointImpl_java,3,356
org.apache.cxf.transport.http_jetty.blueprint.JettyHTTPServerEngineFactoryHolder_java,3,356
org.apache.cxf.frontend.WSDLGetOutInterceptor_java,2,373
org.apache.cxf.clustering.blueprint.ClusteringBPNamespaceHandler_java,2,373
org.apache.cxf.transport.http.auth.DigestAuthSupplier_java,2,373
org.apache.cxf.jaxws.JaxWsProxyFactoryBean_java,2,373
org.apache.cxf.jaxrs.blueprint.JAXRSBPNamespaceHandler_java,2,373
org.apache.cxf.jaxws.blueprint.JAXWSBPNamespaceHandler_java,2,373
org.apache.cxf.systest.sts.secure_conv.SCTTokenValidator_java,2,373
org.apache.cxf.aegis.databinding.XMLStreamDataWriter_java,2,373
org.apache.cxf.staxutils.validation.StaxSchemaValidationOutInterceptor_java,2,373
org.apache.cxf.tools.corba.processors.idl.ExceptionVisitor_java,2,373
org.apache.cxf.binding.soap.blueprint.SoapBindingBPHandler_java,2,373
org.apache.cxf.attachment.AttachmentSerializer_java,2,373
org.apache.cxf.transport.http.DestinationRegistryImpl_java,2,373
org.apache.cxf.ws.rm.AbstractRMInterceptor_java,2,373
org.apache.cxf.jaxrs.security.KerberosAuthenticationFilter_java,2,373
org.apache.cxf.jaxws.interceptors.WebFaultOutInterceptor_java,2,373
org.apache.cxf.transport.http.netty.server.NettyHttpServletHandler_java,2,373
org.apache.cxf.transport.http.blueprint.HttpBPHandler_java,2,373
org.apache.cxf.systest.jms.GreeterImplQueueOneWay_java,2,373
org.apache.cxf.jaxrs.client.blueprint.JAXRSBPNamespaceHandler_java,2,373
org.apache.cxf.binding.coloc.blueprint.ColocBPNamespaceHandler_java,2,373
org.apache.cxf.transport.http_jetty.blueprint.HTTPJettyTransportNamespaceHandler_java,2,373
org.apache.cxf.ws.addressing.blueprint.WsBPHandler_java,2,373
org.apache.cxf.systest.jaxrs.CustomInFaultyInterceptor_java,2,373
org.apache.cxf.staxutils.validation.StaxSchemaValidationInInterceptor_java,2,373
org.apache.cxf.jaxrs.lifecycle.PerRequestResourceProvider_java,2,373
org.apache.cxf.bus.managers.PhaseManagerImpl_java,2,373
org.apache.cxf.bus.spring.BusApplicationContext_java,2,373
org.apache.cxf.jaxrs.client.spec.ClientRequestFilterInterceptor_java,2,373
org.apache.cxf.phase.Phase_java,2,373
org.apache.cxf.jaxws.WrapperClassGenerator_java,2,373
org.apache.cxf.transport.http.asyncclient.AsyncHTTPConduitFactory_java,2,373
org.apache.cxf.jaxrs.model.ProviderInfo_java,2,373
org.apache.cxf.transport.http_jetty.blueprint.JettyServerEngineFactoryParser_java,2,373
org.apache.cxf.tools.fortest.exception.MyException_java,2,373
org.apache.cxf.testutil.recorders.OutMessageRecorder_java,1,408
org.apache.cxf.tools.corba.processors.idl.IDLLexer_java,1,408
org.apache.cxf.sts.token.validator.X509TokenValidator_java,1,408
org.apache.cxf.sts.token.validator.UsernameTokenValidator_java,1,408
org.apache.cxf.aegis.inheritance.InheritanceService_java,1,408
org.apache.cxf.staxutils.validation.Stax2ValidationUtils_java,1,408
org.apache.cxf.rs.security.oauth2.grants.refresh.RefreshTokenGrant_java,1,408
org.apache.cxf.transport.http.netty.server.servlet.NettyHttpServletRequest_java,1,408
org.apache.cxf.rs.security.oauth2.grants.saml.AbstractSaml2BearerGrant_java,1,408
org.apache.cxf.rs.security.oauth2.grants.code.AuthorizationCodeGrant_java,1,408
org.apache.cxf.jaxrs.provider.ServerProviderFactory_java,1,408
org.apache.cxf.transport.local.LocalTransportFactory_java,1,408
