file,bugChurn,rank
org.apache.cxf.rs.security.oauth2.provider.JPAOAuthDataProvider_java,519,1
org.apache.cxf.jaxrs.swagger.Swagger2Feature_java,215,2
org.apache.cxf.ext.logging.LoggingInInterceptor_java,193,3
org.apache.cxf.cdi.JAXRSCdiResourceExtension_java,188,4
org.apache.cxf.transport.jms.util.PollingMessageListenerContainer_java,180,5
org.apache.cxf.ws.rm.persistence.jdbc.RMTxStore_java,177,6
org.apache.cxf.transport.http.Headers_java,155,7
org.apache.cxf.rs.security.oauth2.grants.code.JPACodeDataProvider_java,155,7
org.apache.cxf.rs.security.oauth2.common.Client_java,143,9
org.apache.cxf.ext.logging.event.PrintWriterEventSender_java,128,10
org.apache.cxf.systest.corba.BaseGreeterTimeoutImpl_java,121,11
org.apache.cxf.rs.security.oauth2.common.ServerAccessToken_java,120,12
org.apache.cxf.databinding.source.XMLStreamDataWriter_java,113,13
org.apache.cxf.jaxrs.json.basic.JsonMapObjectReaderWriter_java,110,14
org.apache.cxf.ws.rm.persistence.PersistenceUtils_java,109,15
org.apache.cxf.binding.soap.saaj.SAAJUtils_java,86,16
org.apache.cxf.helpers.DOMUtils_java,84,17
org.apache.cxf.transport.http.asyncclient.AsyncHTTPConduit_java,84,17
org.apache.cxf.ws.security.wss4j.policyhandlers.SymmetricBindingHandler_java,83,19
org.apache.cxf.wsn.jms.JmsPullPoint_java,83,19
org.apache.cxf.systest.jaxrs.BookCxfContinuationServlet3Server_java,82,21
org.apache.cxf.ws.security.wss4j.policyhandlers.AsymmetricBindingHandler_java,81,22
org.apache.cxf.jaxrs.utils.ResourceUtils_java,79,23
org.apache.cxf.rs.security.jose.jwe.AbstractJweEncryption_java,76,24
org.apache.cxf.transport.jms.JMSConfiguration_java,76,24
org.apache.cxf.rs.security.oauth2.common.UserSubject_java,74,26
org.apache.cxf.ext.logging.event.LogMessageFormatter_java,72,27
org.apache.cxf.ws.rm.soap.RetransmissionQueueImpl_java,70,28
org.apache.cxf.ws.security.wss4j.WSS4JInInterceptor_java,69,29
org.apache.cxf.ws.security.wss4j.policyhandlers.AbstractBindingBuilder_java,68,30
org.apache.cxf.rs.security.oauth2.grants.code.ServerAuthorizationCodeGrant_java,67,31
org.apache.cxf.jaxrs.utils.JAXRSUtils_java,64,32
org.apache.cxf.rs.security.oauth2.grants.code.JPACMTCodeDataProvider_java,63,33
org.apache.cxf.interceptor.AbstractLoggingInterceptor_java,62,34
org.apache.cxf.common.classloader.ClassLoaderUtils_java,62,34
org.apache.cxf.jaxrs.utils.InjectionUtils_java,62,34
org.apache.cxf.jaxrs.provider.ServerProviderFactory_java,61,37
org.apache.cxf.wsdl.service.factory.ReflectionServiceFactoryBean_java,60,38
org.apache.cxf.jaxrs.spring.AbstractSpringComponentScanServer_java,60,38
org.apache.cxf.common.i18n.BundleUtils_java,59,40
org.apache.cxf.systest.jaxrs.BookServerAsyncClient_java,58,41
org.apache.cxf.jaxrs.client.spec.ClientImpl_java,57,42
org.apache.cxf.binding.soap.saaj.SAAJStreamWriter_java,57,42
org.apache.cxf.transport.http.asyncclient.Activator_java,56,44
org.apache.cxf.common.jaxb.JAXBUtils_java,54,45
org.apache.cxf.jaxrs.impl.AsyncResponseImpl_java,53,46
org.apache.cxf.systest.corba.ServerTimeout_java,53,46
org.apache.cxf.jaxrs.client.ClientProxyImpl_java,52,48
org.apache.cxf.ws.security.wss4j.StaxSerializer_java,52,48
org.apache.cxf.systest.sts.custom_onbehalfof.SAMLDoubleItPortTypeImpl_java,51,50
org.apache.cxf.systest.sts.custom_onbehalfof.LocalDoubleItPortTypeImpl_java,51,50
org.apache.cxf.attachment.AttachmentSerializer_java,50,52
org.apache.cxf.rs.security.jose.jwk.JwkUtils_java,49,53
org.apache.cxf.rs.security.oauth2.tokens.refresh.RefreshToken_java,49,53
org.apache.cxf.jaxrs.model.ClassResourceInfo_java,48,55
org.apache.cxf.systest.jaxrs.BookContinuationStore_java,47,56
org.apache.cxf.systest.ws.tokens.TLSStaxServer_java,47,56
org.apache.cxf.systest.ws.tokens.TLSServer_java,47,56
org.apache.cxf.ws.security.policy.interceptors.HttpsTokenInterceptorProvider_java,46,59
org.apache.cxf.systest.jaxrs.ApplicationController_java,46,59
org.apache.cxf.ext.logging.slf4j.Slf4jEventSender_java,45,61
org.apache.cxf.rs.security.oauth2.common.OAuthPermission_java,45,61
org.apache.cxf.common.logging.LogUtils_java,45,61
org.apache.cxf.ws.security.wss4j.WSS4JStaxInInterceptor_java,44,64
org.apache.cxf.aegis.type.java5.AnnotatedTypeInfo_java,44,64
org.apache.cxf.systest.jaxrs.ApplicationInfoJaxrsFilter_java,44,64
org.apache.cxf.frontend.WSDLGetUtils_java,44,64
org.apache.cxf.transport.jms.JMSConduit_java,43,68
org.apache.cxf.systest.jaxrs.description.group1.BookStore_java,42,69
org.apache.cxf.helpers.BaseNamespaceHandler_java,42,69
org.apache.cxf.rs.security.jose.common.KeyManagementUtils_java,41,71
org.apache.cxf.configuration.jsse.SSLUtils_java,40,72
org.apache.cxf.message.MessageUtils_java,40,72
org.apache.cxf.systest.jaxrs.BookStore_java,40,72
org.apache.cxf.jaxrs.impl.NewCookieHeaderProvider_java,40,72
org.apache.cxf.systests.cdi.base.BookStoreVersioned_java,39,76
org.apache.cxf.helpers.UnMarkedInputStream_java,38,77
org.apache.cxf.systest.sts.custom_onbehalfof.LocalBSTTokenValidator_java,38,77
org.apache.cxf.systest.jaxrs.Document_java,38,77
org.apache.cxf.jaxrs.swagger.ApplicationBeanConfig_java,38,77
org.apache.cxf.catalog.OASISCatalogManager_java,38,77
org.apache.cxf.ws.rm.persistence.RMMessage_java,37,82
org.apache.cxf.common.util.PackageUtils_java,37,82
org.apache.cxf.aegis.type.java5.EnumType_java,37,82
org.apache.cxf.ws.rm.persistence.jdbc.RMTxStoreTestBase_java,36,85
org.apache.cxf.ws.security.wss4j.DefaultWSS4JSecurityContextCreator_java,36,85
org.apache.cxf.jaxrs.client.AbstractClient_java,35,87
org.apache.cxf.systest.jaxrs.BookStoreScopedApplication_java,35,87
org.apache.cxf.configuration.jsse.TLSParameterJaxBUtils_java,35,87
org.apache.cxf.systest.jaxrs.DocumentResource_java,35,87
org.apache.cxf.systest.jaxrs.SlowJAXRSInvoker_java,35,87
org.apache.cxf.binding.soap.SOAPBindingUtil_java,35,87
org.apache.cxf.systest.jaxrs.DocumentResourceImpl_java,33,93
org.apache.cxf.systest.jaxrs.BookAsyncInterface_java,33,93
org.apache.cxf.ext.logging.slf4j.Slf4jVerboseEventSender_java,33,93
org.apache.cxf.transport.http_jaxws_spi.HttpServletRequestAdapter_java,33,93
org.apache.cxf.ws.policy.blueprint.Activator_java,32,97
org.apache.cxf.transport.http.AbstractHTTPDestination_java,32,97
org.apache.cxf.tools.wadlto.jaxrs.SourceGenerator_java,32,97
org.apache.cxf.transport.websocket.jetty.WebSocketVirtualServletRequest_java,32,97
org.apache.cxf.maven_plugin.AbstractCodegenMoho_java,31,101
org.apache.cxf.common.util.ProxyHelper_java,31,101
org.apache.cxf.transport.http.HTTPConduit_java,31,101
org.apache.cxf.transport.jms.ConnectionFactoryFeature_java,31,101
org.apache.cxf.jaxrs.utils.HttpUtils_java,30,105
org.apache.cxf.attachment.ContentDisposition_java,30,105
org.apache.cxf.endpoint.ClientImpl_java,29,107
org.apache.cxf.transport.jms.JMSMessageUtils_java,28,108
org.apache.cxf.ws.rm.RMCaptureOutInterceptor_java,28,108
org.apache.cxf.rt.security.crypto.CryptoUtils_java,28,108
org.apache.cxf.jaxrs.swagger.AbstractSwaggerFeature_java,27,111
org.apache.cxf.endpoint.dynamic.DynamicClientFactory_java,27,111
org.apache.cxf.io.CachedOutputStream_java,27,111
org.apache.cxf.ext.logging.LoggingOutInterceptor_java,26,114
org.apache.cxf.rs.security.oidc.idp.OidcUserSubject_java,26,114
org.apache.cxf.transport.http.URLConnectionHTTPConduit_java,25,116
org.apache.cxf.ws.rm.blueprint.Activator_java,24,117
org.apache.cxf.jaxrs.client.WebClient_java,24,117
org.apache.cxf.jaxrs.json.basic.JsonObject_java,23,119
org.apache.cxf.transport.jms.JMSMessageHeadersType_java,23,119
org.apache.cxf.staxutils.StaxUtils_java,23,119
org.apache.cxf.binding.coloc.blueprint.Activator_java,22,122
org.apache.cxf.rs.security.jose.jaxrs.JwsWriterInterceptor_java,22,122
org.apache.cxf.helpers.IOUtils_java,22,122
org.apache.cxf.transport.http.netty.server.blueprint.Activator_java,22,122
org.apache.cxf.ws.addressing.blueprint.Activator_java,22,122
org.apache.cxf.maven_plugin.common.ClassLoaderSwitcher_java,21,127
org.apache.cxf.binding.soap.interceptor.ReadHeadersInterceptor_java,21,127
org.apache.cxf.jaxrs.utils.FormUtils_java,21,127
org.apache.cxf.frontend.blueprint.Activator_java,20,130
org.apache.cxf.clustering.blueprint.Activator_java,20,130
org.apache.cxf.binding.soap.blueprint.Activator_java,20,130
org.apache.cxf.attachment.AttachmentDeserializer_java,20,130
org.apache.cxf.jaxrs.blueprint.Activator_java,20,130
org.apache.cxf.maven_plugin.ClassLoaderSwitcher_java,20,130
org.apache.cxf.jaxws.blueprint.Activator_java,20,130
org.apache.cxf.jaxrs.client.blueprint.Activator_java,20,130
org.apache.cxf.transport.http_jetty.JettyHTTPHandler_java,19,138
org.apache.cxf.transport.jms.JMSPropertyType_java,19,138
org.apache.cxf.aegis.type.java5.AnnotationReader_java,19,138
org.apache.cxf.internal.CXFAPINamespaceHandler_java,19,138
org.apache.cxf.ws.addressing.impl.InternalContextUtils_java,19,138
org.apache.cxf.transport.websocket.jetty.WebSocketVirtualServletResponse_java,19,138
org.apache.cxf.transport.jms.JMSFactory_java,18,144
org.apache.cxf.rs.security.oauth2.provider.AbstractOAuthDataProvider_java,18,144
org.apache.cxf.rs.security.xml.SignatureProperties_java,18,144
org.apache.cxf.ws.rm.DestinationSequence_java,18,144
org.apache.cxf.systest.jaxrs.BookServer20_java,17,148
org.apache.cxf.common.util.ReflectionUtil_java,17,148
org.apache.cxf.jaxb.JAXBContextInitializer_java,17,148
org.apache.cxf.frontend.ClientProxyFactoryBean_java,17,148
org.apache.cxf.helpers.XPathUtils_java,16,152
org.apache.cxf.staxutils.W3CDOMStreamWriter_java,16,152
org.apache.cxf.rs.security.saml.sso.AbstractRequestAssertionConsumerHandler_java,16,152
org.apache.cxf.jaxrs.impl.ContainerRequestContextImpl_java,16,152
org.apache.cxf.transport.http_jaxws_spi.HttpServletResponseAdapter_java,16,152
org.apache.cxf.jaxws.handler.AnnotationHandlerChainBuilder_java,16,152
org.apache.cxf.jaxrs.provider.AbstractConfigurableProvider_java,15,158
org.apache.cxf.frontend.AbstractWSDLBasedEndpointFactory_java,15,158
org.apache.cxf.jaxrs.impl.HttpServletRequestFilter_java,15,158
org.apache.cxf.jaxrs.validation.JAXRSBeanValidationOutInterceptor_java,15,158
org.apache.cxf.ws.rm.RetransmissionInterceptor_java,15,158
org.apache.cxf.tools.wsdlto.databinding.jaxb.JAXBDataBinding_java,15,158
org.apache.cxf.transport.http.auth.DefaultBasicAuthSupplier_java,15,158
org.apache.cxf.ws.security.wss4j.policyvalidators.AbstractSupportingTokenPolicyValidator_java,15,158
org.apache.cxf.jaxrs.impl.MediaTypeHeaderProvider_java,15,158
org.apache.cxf.jaxws.JAXWSProviderMethodDispatcher_java,14,167
org.apache.cxf.jaxrs.blueprint.JAXRSBPNamespaceHandler_java,14,167
org.apache.cxf.jaxrs.Customer_java,14,167
org.apache.cxf.ws.rm.RMManager_java,14,167
org.apache.cxf.jaxrs.impl.RequestImpl_java,14,167
org.apache.cxf.transport.http_jetty.JettyHTTPServerEngineFactory_java,14,167
org.apache.cxf.continuations.Continuation_java,13,173
org.apache.cxf.common.jaxb.JAXBContextCache_java,13,173
org.apache.cxf.systest.jaxrs.BookStoreSpring_java,13,173
org.apache.cxf.sts.token.validator.X509TokenValidator_java,13,173
org.apache.cxf.jaxrs.impl.ConfigurationImpl_java,13,173
org.apache.cxf.jaxrs.ext.search.SearchUtils_java,13,173
org.apache.cxf.transport.servlet.servicelist.FormattedServiceListWriter_java,13,173
org.apache.cxf.jaxrs.impl.UriBuilderImpl_java,12,180
org.apache.cxf.common.util.CacheMap_java,12,180
org.apache.cxf.tools.wsdlto.frontend.jaxws.validator.WrapperStyleNameCollisionValidator_java,12,180
org.apache.cxf.resource.URIResolver_java,12,180
org.apache.cxf.systest.jaxws.ServerMisc_java,12,180
org.apache.cxf.binding.soap.saaj.SAAJInInterceptor_java,12,180
org.apache.cxf.jaxrs.ext.search.AbstractSearchConditionParser_java,12,180
org.apache.cxf.ws.security.wss4j.policyhandlers.TransportBindingHandler_java,11,187
org.apache.cxf.ws.security.SecurityConstants_java,11,187
org.apache.cxf.interceptor.AttachmentOutInterceptor_java,11,187
org.apache.cxf.transport.websocket.atmosphere.DefaultProtocolInterceptor_java,11,187
org.apache.cxf.transport.jms.uri.JMSEndpoint_java,11,187
org.apache.cxf.jaxrs.provider.AbstractJAXBProvider_java,11,187
org.apache.cxf.jaxrs.client.blueprint.JAXRSBPNamespaceHandler_java,11,187
org.apache.cxf.clustering.blueprint.ClusteringBPNamespaceHandler_java,10,194
org.apache.cxf.common.util.UrlUtils_java,10,194
org.apache.cxf.ws.security.wss4j.policyvalidators.SignedEncryptedTokenPolicyValidator_java,10,194
org.apache.cxf.ws.security.wss4j.policyvalidators.SignedEndorsingEncryptedTokenPolicyValidator_java,10,194
org.apache.cxf.aegis.type.java5.JaxbBean1_java,10,194
org.apache.cxf.transport.http_jetty.JettyHTTPServerEngine_java,10,194
org.apache.cxf.binding.soap.blueprint.SoapBindingBPHandler_java,10,194
org.apache.cxf.ws.rm.Proxy_java,10,194
org.apache.cxf.ws.security.wss4j.policyvalidators.EndorsingEncryptedTokenPolicyValidator_java,10,194
org.apache.cxf.ext.logging.LoggingFeature_java,10,194
org.apache.cxf.ws.security.wss4j.policyvalidators.EncryptedTokenPolicyValidator_java,10,194
org.apache.cxf.attachment.AttachmentUtil_java,10,194
org.apache.cxf.jaxws.blueprint.JAXWSBPNamespaceHandler_java,9,206
org.apache.cxf.aegis.type.XMLTypeCreator_java,9,206
org.apache.cxf.interceptor.LoggingOutInterceptor_java,9,206
org.apache.cxf.jaxrs.model.UserApplication_java,9,206
org.apache.cxf.frontend.blueprint.SimpleBPNamespaceHandler_java,9,206
org.apache.cxf.jaxrs.validation.JAXRSBeanValidationFeature_java,9,206
org.apache.cxf.jaxrs.utils.ExceptionUtils_java,9,206
org.apache.cxf.tools.common.toolspec.ToolRunner_java,8,213
org.apache.cxf.rs.security.xml.XmlSecOutInterceptor_java,8,213
org.apache.cxf.rs.security.oauth2.provider.JCacheOAuthDataProvider_java,8,213
org.apache.cxf.rs.security.oauth2.services.DynamicRegistrationService_java,8,213
org.apache.cxf.jaxws.DispatchImpl_java,8,213
org.apache.cxf.jaxb.io.DataReaderImpl_java,8,213
org.apache.cxf.transport.jms.JMSDestination_java,8,213
org.apache.cxf.jaxrs.JAXRSInvoker_java,8,213
org.apache.cxf.transport.http.DestinationRegistryImpl_java,8,213
org.apache.cxf.ws.rm.RMCaptureInInterceptor_java,8,213
org.apache.cxf.transport.http.CXFAuthenticator_java,8,213
org.apache.cxf.jaxrs.model.wadl.WadlGenerator_java,8,213
org.apache.cxf.systest.sts.username_actas.ActAsValidator_java,8,213
org.apache.cxf.binding.coloc.blueprint.ColocBPNamespaceHandler_java,7,226
org.apache.cxf.ws.security.wss4j.policyvalidators.SecuredPartsPolicyValidator_java,7,226
org.apache.cxf.message.StringMap_java,7,226
org.apache.cxf.ws.rm.blueprint.RMBPHandler_java,7,226
org.apache.cxf.ws.addressing.blueprint.WsBPHandler_java,7,226
org.apache.cxf.sts.StaticSTSProperties_java,7,226
org.apache.cxf.ws.security.wss4j.policyvalidators.RequiredElementsPolicyValidator_java,7,226
org.apache.cxf.jaxws.interceptors.WrapperClassInInterceptor_java,7,226
org.apache.cxf.aegis.type.java5.JaxbTestEnum_java,7,226
org.apache.cxf.transport.servlet.BaseUrlHelper_java,7,226
org.apache.cxf.ext.logging.osgi.Activator_java,7,226
org.apache.cxf.ws.policy.blueprint.PolicyBPHandler_java,7,226
org.apache.cxf.rs.security.jose.jwe.JweEncryptionInput_java,7,226
org.apache.cxf.transport.http.MessageTrustDecider_java,6,239
org.apache.cxf.transport.http.netty.server.blueprint.HttpNettyTransportNamespaceHandler_java,6,239
org.apache.cxf.rs.security.jose.jwe.JweJsonConsumer_java,6,239
org.apache.cxf.ws.rm.RMMessageConstants_java,6,239
org.apache.cxf.rs.security.oauth2.grants.code.JCacheCodeDataProvider_java,6,239
org.apache.cxf.jaxrs.impl.CookieHeaderProvider_java,6,239
org.apache.cxf.transport.http_jetty.blueprint.HTTPJettyTransportNamespaceHandler_java,6,239
org.apache.cxf.binding.soap.interceptor.SoapPreProtocolOutInterceptor_java,6,239
org.apache.cxf.interceptor.StaxInInterceptor_java,6,239
org.apache.cxf.message.Message_java,6,239
org.apache.cxf.rs.security.jose.jws.JwsCompactConsumer_java,6,239
org.apache.cxf.spring.boot.autoconfigure.CxfProperties_java,6,239
org.apache.cxf.rs.security.oauth2.provider.OAuthJSONProvider_java,6,239
org.apache.cxf.rs.security.jose.jwe.AbstractContentEncryptionAlgorithm_java,6,239
org.apache.cxf.rt.security.utils.SecurityUtils_java,6,239
org.apache.cxf.transport.http.HttpAuthenticationFaultHandler_java,6,239
org.apache.cxf.jaxws.interceptors.WebFaultOutInterceptor_java,6,239
org.apache.cxf.rs.security.jose.jwe.AesGcmContentEncryptionAlgorithm_java,6,239
org.apache.cxf.transport.http.blueprint.HttpBPHandler_java,6,239
org.apache.cxf.rs.security.jose.jwe.JweUtils_java,6,239
org.apache.cxf.sts.token.provider.DefaultSubjectProvider_java,6,239
org.apache.cxf.frontend.WSDLGetOutInterceptor_java,5,260
org.apache.cxf.jaxrs.provider.ProviderFactory_java,5,260
org.apache.cxf.transport.servlet.servicelist.ServiceListGeneratorServlet_java,5,260
org.apache.cxf.jaxrs.utils.ParameterizedCollectionType_java,5,260
org.apache.cxf.ws.rm.Destination_java,5,260
org.apache.cxf.common.util.ClassHelper_java,5,260
org.apache.cxf.transport.http.osgi.HTTPTransportActivator_java,5,260
org.apache.cxf.transport.http.asyncclient.AsyncHTTPConduitFactory_java,5,260
org.apache.cxf.binding.corba.CorbaConduit_java,5,260
org.apache.cxf.transport.http.netty.server.NettyHttpServletPipelineFactory_java,4,269
org.apache.cxf.rs.security.jose.jws.JwsHeaders_java,4,269
org.apache.cxf.jaxrs.interceptor.JAXRSInInterceptor_java,4,269
org.apache.cxf.jaxrs.ext.multipart.Attachment_java,4,269
org.apache.cxf.jaxrs.interceptor.JAXRSOutInterceptor_java,4,269
org.apache.cxf.message.ExchangeImpl_java,4,269
org.apache.cxf.ext.logging.event.DefaultLogEventMapper_java,4,269
org.apache.cxf.common.util.StringUtils_java,4,269
org.apache.cxf.rs.security.jose.jwe.JweHeaders_java,4,269
org.apache.cxf.jca.outbound.CXFConnection_java,4,269
org.apache.cxf.systest.sts.common.CustomIdentityMapper_java,4,269
org.apache.cxf.binding.soap.interceptor.SoapOutInterceptor_java,4,269
org.apache.cxf.message.StringMapImpl_java,4,269
org.apache.cxf.maven_plugin.wadlto.WADL2JavaMojo_java,4,269
org.apache.cxf.transport.udp.UDPConduit_java,4,269
org.apache.cxf.jaxrs.client.ClientProviderFactory_java,4,269
org.apache.cxf.rs.security.cors.CrossOriginResourceSharingFilter_java,4,269
org.apache.cxf.tools.wsdlto.WSDLToJava_java,3,286
org.apache.cxf.rs.security.oauth2.services.AbstractImplicitGrantService_java,3,286
org.apache.cxf.rs.security.jose.jws.JwsCompactProducer_java,3,286
org.apache.cxf.binding.soap.interceptor.Soap12FaultInInterceptor_java,3,286
org.apache.cxf.ws.security.wss4j.CXFCallbackLookup_java,3,286
org.apache.cxf.rs.security.jose.jws.JwsJsonSignatureEntry_java,3,286
org.apache.cxf.systest.jaxrs.BookServer_java,3,286
org.apache.cxf.rs.security.jose.jwe.JweJsonEncryptionEntry_java,3,286
org.apache.cxf.rs.security.oauth2.utils.OAuthUtils_java,3,286
org.apache.cxf.jaxrs.ext.MessageContextImpl_java,3,286
org.apache.cxf.message.AbstractWrappedMessage_java,3,286
org.apache.cxf.ws.security.trust.AbstractSTSClient_java,3,286
org.apache.cxf.attachment.Base64DecoderStream_java,3,286
org.apache.cxf.ws.addressing.soap.MAPCodec_java,3,286
org.apache.cxf.rs.security.jose.jwe.JweJsonProducer_java,3,286
org.apache.cxf.common.util.PrimitiveUtils_java,3,286
org.apache.cxf.rs.security.oauth2.common.AccessToken_java,3,286
org.apache.cxf.interceptor.ClientOutFaultObserver_java,3,286
org.apache.cxf.tools.wadlto.WADLToJava_java,2,304
org.apache.cxf.rs.security.jose.jwe.EcdhDirectKeyJweEncryption_java,2,304
org.apache.cxf.ws.addressing.Names_java,2,304
org.apache.cxf.rs.security.saml.sso.SamlpRequestComponentBuilder_java,2,304
org.apache.cxf.staxutils.OverlayW3CDOMStreamWriter_java,2,304
org.apache.cxf.ws.eventing.shared.utils.FilteringUtil_java,2,304
org.apache.cxf.spring.boot.autoconfigure.CxfAutoConfiguration_java,2,304
org.apache.cxf.transport.http.osgi.HttpServiceTrackerCust_java,2,304
org.apache.cxf.transport.servlet.ServletController_java,2,304
org.apache.cxf.rs.security.oauth2.grants.AbstractGrant_java,2,304
org.apache.cxf.cdi.DefaultApplicationBean_java,2,304
org.apache.cxf.ws.security.wss4j.PolicyBasedWSS4JOutInterceptor_java,2,304
org.apache.cxf.cdi.DefaultApplication_java,2,304
org.apache.cxf.ws.security.wss4j.CryptoCoverageChecker_java,2,304
org.apache.cxf.jaxrs.impl.ResourceInfoImpl_java,2,304
org.apache.cxf.transport.http.Servlet3ContinuationProvider_java,2,304
org.apache.cxf.common.injection.ResourceInjector_java,2,304
org.apache.cxf.common.util.Compiler_java,2,304
org.apache.cxf.tools.java2js.JavaToJS_java,2,304
org.apache.cxf.jaxws.JAXWSMethodInvoker_java,2,304
org.apache.cxf.rs.security.jose.jwe.EcdhDirectKeyJweDecryption_java,2,304
org.apache.cxf.transport.http.asyncclient.SharedOutputBuffer_java,2,304
org.apache.cxf.jaxb.io.DataWriterImpl_java,2,304
org.apache.cxf.jaxrs.impl.HttpHeadersImpl_java,2,304
org.apache.cxf.transport.jms.JMSConstants_java,2,304
org.apache.cxf.jaxrs.impl.LinkBuilderImpl_java,2,304
org.apache.cxf.maven_plugin.Java2WSMojo_java,1,330
org.apache.cxf.transport.jms.JMSConfigFactory_java,1,330
org.apache.cxf.staxutils.validation.Stax2ValidationUtils_java,1,330
org.apache.cxf.maven_plugin.corba.maven.plugins.IDLToWSDLPlugin_java,1,330
org.apache.cxf.tools.common.CommandInterfaceUtils_java,1,330
org.apache.cxf.maven_plugin.corba.maven.plugins.WSDLToIDLPlugin_java,1,330
org.apache.cxf.systest.jaxrs.BookCxfContinuationStore_java,1,330
org.apache.cxf.maven_plugin.javatowadl.ParseJavaDocMojo_java,1,330
org.apache.cxf.tools.java2ws.JavaToWS_java,1,330
org.apache.cxf.clustering.FailoverTargetSelector_java,1,330
org.apache.cxf.ext.logging.event.PrettyLoggingFilter_java,1,330
org.apache.cxf.ws.security.wss4j.SamlTokenInterceptor_java,1,330
org.apache.cxf.transport.udp.UDPDestination_java,1,330
org.apache.cxf.maven_plugin.WSDLValidatorMojo_java,1,330
org.apache.cxf.maven_plugin.javatowadl.Java2WADLMojo_java,1,330
org.apache.cxf.ws.rm.policy.RMPolicyInterceptorProvider_java,1,330
org.apache.cxf.jaxws.interceptors.MessageModeOutInterceptor_java,1,330
