file,bugChurn,rank
org.apache.cxf.ws.security.wss4j.CryptoCoverageUtil_java,527,1
org.apache.cxf.ws.security.wss4j.policyhandlers.AbstractBindingBuilder_java,483,2
org.apache.cxf.BusFactory_java,356,3
org.apache.cxf.ws.addressing.MAPAggregator_java,337,4
org.apache.cxf.transport.http.HttpServletRequestSnapshot_java,276,5
org.apache.cxf.jaxrs.provider.AbstractJAXBProvider_java,273,6
org.apache.cxf.jaxws.support.JaxWsServiceFactoryBean_java,263,7
org.apache.cxf.jaxb.JAXBDataBinding_java,203,8
org.apache.cxf.transport.http.HTTPConduit_java,190,9
org.apache.cxf.systest.jaxrs.BookStore_java,178,10
org.apache.cxf.transport.http.AbstractHTTPDestination_java,174,11
org.apache.cxf.staxutils.StaxUtils_java,164,12
org.apache.cxf.jaxb.JAXBEncoderDecoder_java,156,13
org.apache.cxf.ws.security.wss4j.PolicyBasedWSS4JInInterceptor_java,154,14
org.apache.cxf.systest.jms.continuations.HWSoapMessageDocProvider_java,149,15
org.apache.cxf.systest.provider.AbstractSourcePayloadProvider_java,142,16
org.apache.cxf.tools.java2wsdl.processor.internal.SpringServiceBuilderFactory_java,136,17
org.apache.cxf.ws.rm.DestinationSequence_java,133,18
org.apache.cxf.maven_plugin.ClassLoaderSwitcher_java,126,19
org.apache.cxf.common.logging.JDKBugHacks_java,122,20
org.apache.cxf.systest.provider.HWSourcePayloadProvider_java,119,21
org.apache.cxf.jaxrs.provider.JAXBElementProvider_java,106,22
org.apache.cxf.systest.jaxb.HashMapAdapter_java,103,23
org.apache.cxf.endpoint.ClientImpl_java,99,24
org.apache.cxf.aegis.type.java5.AnnotationReader_java,98,25
org.apache.cxf.tools.java2wsdl.processor.internal.ServiceBuilderFactory_java,91,26
org.apache.cxf.service.model.AbstractPropertiesHolder_java,91,26
org.apache.cxf.systest.dispatch.HugeResponseInterceptor_java,88,28
org.apache.cxf.ws.addressing.ContextUtils_java,88,28
org.apache.cxf.jaxrs.utils.InjectionUtils_java,87,30
org.apache.cxf.ws.addressing.soap.MAPCodec_java,86,31
org.apache.cxf.jaxrs.impl.RequestImpl_java,82,32
org.apache.cxf.transport.servlet.ServletController_java,81,33
org.apache.cxf.tools.fortest.cxf2934.Address_java,80,34
org.apache.cxf.jaxws.ServiceImpl_java,79,35
org.apache.cxf.transport.jms.JMSConduit_java,79,35
org.apache.cxf.ws.rm.Destination_java,77,37
org.apache.cxf.resource.URIResolver_java,73,38
org.apache.cxf.management.jmx.InstrumentationManagerImpl_java,73,38
org.apache.cxf.bus.extension.ExtensionManagerBus_java,73,38
org.apache.cxf.jaxrs.client.AbstractClient_java,69,41
org.apache.cxf.jaxrs.model.wadl.WadlGenerator_java,68,42
org.apache.cxf.ws.security.wss4j.WSS4JInInterceptor_java,67,43
org.apache.cxf.jaxws.EndpointImpl_java,66,44
org.apache.cxf.aegis.type.mtom.StreamDataSource_java,65,45
org.apache.cxf.wsdl11.ServiceWSDLBuilder_java,65,45
org.apache.cxf.systest.dispatch.MalformedResponseInterceptor_java,63,47
org.apache.cxf.tools.java2wsdl.processor.internal.DefaultServiceBuilderFactory_java,63,47
org.apache.cxf.systest.http_jetty.JettyBasicAuthServer_java,63,47
org.apache.cxf.binding.soap.interceptor.MustUnderstandInterceptor_java,62,50
org.apache.cxf.jaxws.support.JaxWsServiceConfiguration_java,58,51
org.apache.cxf.systest.ws.addr_responses.Server_java,58,51
org.apache.cxf.endpoint.ServerImpl_java,57,53
org.apache.cxf.jaxws.service.HelloExcludeImpl_java,55,54
org.apache.cxf.jaxb.io.DataReaderImpl_java,55,54
org.apache.cxf.service.factory.AnnotationsFactoryBeanListener_java,54,56
org.apache.cxf.tools.wsdlto.frontend.jaxws.processor.internal.ParameterProcessor_java,54,56
org.apache.cxf.ws.security.wss4j.policyhandlers.AsymmetricBindingHandler_java,53,58
org.apache.cxf.tools.fortest.cxf2934.Employee_java,53,58
org.apache.cxf.ws.security.policy.interceptors.IssuedTokenInterceptorProvider_java,53,58
org.apache.cxf.transport.http.PatternBuilder_java,53,58
org.apache.cxf.tools.java2js.processor.JavaToJSProcessor_java,52,62
org.apache.cxf.ws.rm.RMEndpoint_java,52,62
org.apache.cxf.tools.wsdlto.frontend.jaxws.JAXWS21Container_java,52,62
org.apache.cxf.systest.jaxrs.MultipartStore_java,51,65
org.apache.cxf.jaxrs.resources.BookNoRootElement_java,51,65
org.apache.cxf.transport.servlet.ServletDestination_java,51,65
org.apache.cxf.jaxrs.utils.JAXRSUtils_java,50,68
org.apache.cxf.systest.jaxrs.StringTextWriter_java,50,68
org.apache.cxf.jaxrs.utils.ParameterizedCollectionType_java,50,68
org.apache.cxf.transport.http.HTTPException_java,49,71
org.apache.cxf.systest.aegis.AegisJaxWsWsdlNs_java,49,71
org.apache.cxf.tools.fortest.cxf2934.Name_java,49,71
org.apache.cxf.service.factory.AbstractServiceFactoryBean_java,48,74
org.apache.cxf.ws.rm.RMDeliveryInterceptor_java,47,75
org.apache.cxf.jaxrs.utils.HttpUtils_java,45,76
org.apache.cxf.tools.wsdlto.frontend.jaxws.validator.WrapperStyleNameCollisionValidator_java,45,76
org.apache.cxf.systest.jms.continuations.IncomingMessageCounterInterceptor_java,45,76
org.apache.cxf.tools.corba.idlpreprocessor.IdlPreprocessorReader_java,45,76
org.apache.cxf.jaxrs.interceptor.JAXRSOutInterceptor_java,44,80
org.apache.cxf.tools.wsdlto.frontend.jaxws.processor.internal.OperationProcessor_java,44,80
org.apache.cxf.binding.soap.jms.interceptor.SoapFaultFactory_java,44,80
org.apache.cxf.systest.ws.addr_responses.HelloService_java,43,83
org.apache.cxf.tools.java2wsdl.processor.internal.jaxws.ResponseWrapper_java,43,83
org.apache.cxf.jaxrs.client.WebClient_java,42,85
org.apache.cxf.aegis.type.java5.Java5TypeCreator_java,42,85
org.apache.cxf.tools.validator.internal.Stax2DOM_java,42,85
org.apache.cxf.tools.wsdlto.WSDLToJavaContainer_java,41,88
org.apache.cxf.service.factory.HelloServiceProxyFactory_java,41,88
org.apache.cxf.jaxrs.fortest.GenericEntityImpl4_java,41,88
org.apache.cxf.jaxrs.model.AbstractResourceInfo_java,40,91
org.apache.cxf.tools.wsdlto.frontend.jaxws.processor.internal.ServiceProcessor_java,40,91
org.apache.cxf.jaxrs.fortest.jaxb.packageinfo.Book2NoRootElement_java,40,91
org.apache.cxf.ws.policy.PolicyUtils_java,40,91
org.apache.cxf.jaxws.service.HelloExcludeOnInterface_java,40,91
org.apache.cxf.systest.jaxrs.GenericRestServiceImpl_java,40,91
org.apache.cxf.systest.aegis.mtom.fortest.MtomTestService_java,40,91
org.apache.cxf.jaxrs.fortest.GenericEntityImpl3_java,39,98
org.apache.cxf.jaxrs.fortest.GenericEntityImpl2_java,39,98
org.apache.cxf.staxutils.CachingXmlEventWriter_java,39,98
org.apache.cxf.jaxrs.provider.MultipartProvider_java,39,98
org.apache.cxf.ws.addressing.MessageIdCache_java,38,102
org.apache.cxf.jaxws.support.JaxWsImplementorInfo_java,37,103
org.apache.cxf.ws.security.trust.STSClient_java,36,104
org.apache.cxf.systest.aegis.AegisJaxWsWsdlNsImpl_java,36,104
org.apache.cxf.systest.jaxrs.IRestService_java,35,106
org.apache.cxf.tools.java2wsdl.processor.JavaToWSDLProcessor_java,35,106
org.apache.cxf.jaxrs.Customer_java,35,106
org.apache.cxf.ws.security.wss4j.policyhandlers.SymmetricBindingHandler_java,35,106
org.apache.cxf.binding.soap.interceptor.Soap12FaultOutInterceptor_java,35,106
org.apache.cxf.systest.ws.addr_responses.HelloImpl_java,34,111
org.apache.cxf.jaxrs.client.JAXRSClientFactoryBean_java,34,111
org.apache.cxf.aegis.type.collection.MapType_java,34,111
org.apache.cxf.tools.fortest.cxf2934.WebParamService_java,34,111
org.apache.cxf.tools.corba.processors.idl.PortTypeVisitor_java,33,115
org.apache.cxf.tools.fortest.simple.Caculator_java,33,115
org.apache.cxf.phase.PhaseInterceptorChain_java,33,115
org.apache.cxf.binding.soap.jms.interceptor.SoapJMSInInterceptor_java,32,118
org.apache.cxf.service.factory.HelloServiceInterceptor_java,32,118
org.apache.cxf.systest.jaxrs.RequestScopeResourceFactory_java,32,118
org.apache.cxf.aegis.type.mtom.DataHandlerType_java,31,121
org.apache.cxf.systest.ws.addr_responses.Hello_java,31,121
org.apache.cxf.transport.http_jetty.JettyHTTPServerEngine_java,31,121
org.apache.cxf.systest.jaxrs.CustomOutInterceptor_java,31,121
org.apache.cxf.jaxrs.provider.ProviderFactory_java,30,125
org.apache.cxf.tools.corba.processors.idl.AttributeVisitor_java,30,125
org.apache.cxf.attachment.MimeBodyPartInputStream_java,30,125
org.apache.cxf.tools.fortest.cxf2941.WebResultService_java,30,125
org.apache.cxf.transport.jms.JMSFactory_java,29,129
org.apache.cxf.jaxrs.model.URITemplate_java,29,129
org.apache.cxf.service.model.UnwrappedOperationInfo_java,28,131
org.apache.cxf.transport.servlet.CXFServlet_java,28,131
org.apache.cxf.transport.https.SSLUtils_java,28,131
org.apache.cxf.ws.addressing.WSAddressingFeature_java,27,134
org.apache.cxf.transport.jms.JMSConfiguration_java,27,134
org.apache.cxf.systest.jaxws.DocLitBareCodeFirstService_java,26,136
org.apache.cxf.systest.provider.SourceProvider_java,26,136
org.apache.cxf.systest.aegis.AegisJaxWsImpl_java,26,136
org.apache.cxf.jaxrs.fortest.GenericEntity2_java,26,136
org.apache.cxf.tools.corba.idlpreprocessor.DefaultIncludeResolver_java,25,140
org.apache.cxf.jaxrs.CustomerApplication_java,25,140
org.apache.cxf.transport.http.Servlet3ContinuationProvider_java,25,140
org.apache.cxf.jaxws.AbstractJAXWSMethodInvoker_java,25,140
org.apache.cxf.maven_plugin.Java2WSMojo_java,24,144
org.apache.cxf.endpoint.ManagedEndpoint_java,24,144
org.apache.cxf.systest.fault.GreeterImpl_java,23,146
org.apache.cxf.jaxrs.interceptor.JAXRSInInterceptor_java,23,146
org.apache.cxf.jaxrs.AbstractJAXRSFactoryBean_java,23,146
org.apache.cxf.tools.corba.processors.idl.IDLProcessor_java,23,146
org.apache.cxf.bus.extension.ExtensionManagerImpl_java,23,146
org.apache.cxf.tools.corba.processors.idl.TypesUtils_java,23,146
org.apache.cxf.binding.soap.SoapBindingFactory_java,23,146
org.apache.cxf.jaxrs.JAXRSServerFactoryBean_java,22,153
org.apache.cxf.interceptor.LoggingInInterceptor_java,22,153
org.apache.cxf.helpers.DOMUtils_java,21,155
org.apache.cxf.jaxrs.utils.ResourceUtils_java,21,155
org.apache.cxf.ws.rm.Proxy_java,21,155
org.apache.cxf.ws.rm.RMManager_java,21,155
org.apache.cxf.common.util.Base64Utility_java,20,159
org.apache.cxf.databinding.DataBinding_java,19,160
org.apache.cxf.ws.policy.PolicyEngineImpl_java,19,160
org.apache.cxf.transport.jms.continuations.JMSContinuation_java,19,160
org.apache.cxf.jaxws.interceptors.MessageModeOutInterceptor_java,19,160
org.apache.cxf.management.counters.CounterRepository_java,18,164
org.apache.cxf.tools.corba.processors.idl.Scope_java,18,164
org.apache.cxf.ws.policy.EndpointPolicyImpl_java,18,164
org.apache.cxf.jaxrs.ext.search.SearchContextImpl_java,18,164
org.apache.cxf.databinding.source.SourceDataBinding_java,18,164
org.apache.cxf.jaxrs.provider.PrimitiveTextProvider_java,17,169
org.apache.cxf.staxutils.FragmentStreamReader_java,17,169
org.apache.cxf.jaxws.EndpointUtils_java,17,169
org.apache.cxf.aegis.databinding.AegisDatabinding_java,17,169
org.apache.cxf.systest.aegis.AegisJaxWs_java,17,169
org.apache.cxf.tools.corba.processors.idl.WSDLASTVisitor_java,17,169
org.apache.cxf.ws.rm.RMProperties_java,16,175
org.apache.cxf.jaxb.WrapperHelperCompiler_java,16,175
org.apache.cxf.tools.java2wsdl.processor.internal.jaxws.RequestWrapper_java,16,175
org.apache.cxf.ws.rm.RMInInterceptor_java,16,175
org.apache.cxf.transport.http_jetty.continuations.JettyContinuationWrapper_java,15,179
org.apache.cxf.jaxws.handler.soap.SOAPHandlerFaultOutInterceptor_java,15,179
org.apache.cxf.io.DelegatingInputStream_java,15,179
org.apache.cxf.systest.jaxrs.BookStoreSpring_java,15,179
org.apache.cxf.interceptor.AbstractLoggingInterceptor_java,15,179
org.apache.cxf.jaxws.handler.soap.SOAPHandlerInterceptor_java,15,179
org.apache.cxf.jaxws.support.JaxWsEndpointImpl_java,15,179
org.apache.cxf.ws.addressing.Names_java,14,186
org.apache.cxf.tools.wsdlto.frontend.jaxws.generators.FaultGenerator_java,14,186
org.apache.cxf.systest.jaxrs.security.SecureBookStoreNoInterface_java,14,186
org.apache.cxf.transport.jms.JMSDestination_java,14,186
org.apache.cxf.systest.jaxrs.PetStore_java,14,186
org.apache.cxf.tools.corba.processors.idl.ConstVisitor_java,14,186
org.apache.cxf.common.util.Compiler_java,14,186
org.apache.cxf.binding.soap.SoapTransportFactory_java,14,186
org.apache.cxf.interceptor.OutgoingChainInterceptor_java,14,186
org.apache.cxf.systest.aegis.mtom.fortest.MtomTestImpl_java,13,195
org.apache.cxf.tools.java2wsdl.processor.internal.jaxws.Wrapper_java,13,195
org.apache.cxf.jaxrs.provider.FormEncodingProvider_java,12,197
org.apache.cxf.ws.security.policy.interceptors.SecureConversationInInterceptor_java,12,197
org.apache.cxf.staxutils.StreamWriterContentHandler_java,12,197
org.apache.cxf.ws.rm.RetransmissionInterceptor_java,12,197
org.apache.cxf.wsdl11.WSDLServiceBuilder_java,12,197
org.apache.cxf.helpers.IOUtils_java,12,197
org.apache.cxf.common.util.ClassHelper_java,12,197
org.apache.cxf.jaxrs.impl.ResponseBuilderImpl_java,12,197
org.apache.cxf.tools.corba.processors.idl.ObjectReferenceVisitor_java,12,197
org.apache.cxf.common.logging.LogUtils_java,12,197
org.apache.cxf.jaxrs.impl.UriBuilderImpl_java,11,207
org.apache.cxf.ws.rm.persistence.jdbc.RMTxStore_java,11,207
org.apache.cxf.interceptor.LoggingOutInterceptor_java,11,207
org.apache.cxf.transport.http.CXFAuthenticator_java,11,207
org.apache.cxf.tools.wsdlto.frontend.jaxws.customization.CustomizationParser_java,10,211
org.apache.cxf.frontend.AbstractWSDLBasedEndpointFactory_java,10,211
org.apache.cxf.helpers.FileUtils_java,10,211
org.apache.cxf.tools.corba.processors.idl.StringVisitor_java,10,211
org.apache.cxf.jaxb.JAXBSchemaInitializer_java,10,211
org.apache.cxf.systest.ws.util.MessageFlow_java,10,211
org.apache.cxf.databinding.AbstractDataBinding_java,10,211
org.apache.cxf.staxutils.AbstractDOMStreamReader_java,9,218
org.apache.cxf.frontend.spring.ServerFactoryBeanDefinitionParser_java,9,218
org.apache.cxf.tools.corba.processors.idl.SequenceVisitor_java,9,218
org.apache.cxf.tools.wsdlto.frontend.jaxws.generators.ServiceGenerator_java,9,218
org.apache.cxf.ws.policy.PolicyBuilder_java,9,218
org.apache.cxf.jaxrs.impl.UriInfoImpl_java,9,218
org.apache.cxf.jaxrs.utils.FormUtils_java,9,218
org.apache.cxf.bus.spring.BusDefinitionParser_java,8,225
org.apache.cxf.jaxws.interceptors.HolderInInterceptor_java,8,225
org.apache.cxf.systest.ws.addressing.MAPTestBase_java,8,225
org.apache.cxf.jaxws.JaxWsServerFactoryBean_java,8,225
org.apache.cxf.transport.ChainInitiationObserver_java,8,225
org.apache.cxf.ws.security.SecurityConstants_java,8,225
org.apache.cxf.common.util.ASMHelper_java,8,225
org.apache.cxf.ws.security.wss4j.PolicyBasedWSS4JOutInterceptor_java,8,225
org.apache.cxf.ws.security.policy.interceptors.WSSecurityInterceptorProvider_java,8,225
org.apache.cxf.management.jmx.HelloWorld_java,8,225
org.apache.cxf.endpoint.EndpointImpl_java,8,225
org.apache.cxf.ws.policy.PolicyAnnotationListener_java,8,225
org.apache.cxf.jaxws.handler.AnnotationHandlerChainBuilder_java,8,225
org.apache.cxf.jaxrs.model.wadl.FormInterface_java,7,238
org.apache.cxf.transport.local.LocalConduit_java,7,238
org.apache.cxf.jaxrs.JAXRSInvoker_java,7,238
org.apache.cxf.jaxws.spring.EndpointDefinitionParser_java,7,238
org.apache.cxf.jaxws.spring.NamespaceHandler_java,7,238
org.apache.cxf.endpoint.AbstractEndpointFactory_java,7,238
org.apache.cxf.jaxws.JAXWSMethodInvoker_java,7,238
org.apache.cxf.jaxws.DispatchImpl_java,6,245
org.apache.cxf.common.util.WeakIdentityHashMap_java,6,245
org.apache.cxf.service.model.OperationInfo_java,6,245
org.apache.cxf.common.logging.Log4jLogger_java,6,245
org.apache.cxf.tools.corba.processors.idl.OperationVisitor_java,6,245
org.apache.cxf.databinding.source.XMLStreamDataReader_java,6,245
org.apache.cxf.ws.policy.PolicyBuilderImpl_java,6,245
org.apache.cxf.jaxrs.client.JAXRSClientFactory_java,6,245
org.apache.cxf.tools.corba.IDLToWSDL_java,6,245
org.apache.cxf.aegis.type.mtom.DataSourceType_java,6,245
org.apache.cxf.ws.rm.AbstractRMInterceptor_java,6,245
org.apache.cxf.systest.jaxrs.GenericHandlerWriter_java,6,245
org.apache.cxf.ws.security.policy.interceptors.SecureConversationTokenInterceptorProvider_java,5,257
org.apache.cxf.jaxrs.client.ClientProxyImpl_java,5,257
org.apache.cxf.ws.addressing.spring.AddressingBeanDefinitionParser_java,5,257
org.apache.cxf.jaxws.WrapperClassGenerator_java,5,257
org.apache.cxf.binding.soap.interceptor.SoapOutInterceptor_java,5,257
org.apache.cxf.ws.rm.feature.RMFeature_java,5,257
org.apache.cxf.transport.MultipleEndpointObserver_java,5,257
org.apache.cxf.jaxrs.impl.HttpHeadersImpl_java,5,257
org.apache.cxf.ws.security.trust.STSUtils_java,5,257
org.apache.cxf.ws.rm.policy.RMPolicyInterceptorProvider_java,5,257
org.apache.cxf.tools.corba.processors.idl.TypeDclVisitor_java,5,257
org.apache.cxf.systest.jaxws.DocLitWrappedCodeFirstService_java,4,268
org.apache.cxf.aegis.type.basic.BigDecimalType_java,4,268
org.apache.cxf.systest.jaxws.DocLitBareCodeFirstServiceImpl_java,4,268
org.apache.cxf.jaxrs.impl.SecurityContextImpl_java,4,268
org.apache.cxf.endpoint.DummyServer_java,4,268
org.apache.cxf.systest.jaxrs.BookApplication_java,4,268
org.apache.cxf.tools.validator.internal.WSIBPValidator_java,4,268
org.apache.cxf.ws.policy.EffectivePolicyImpl_java,4,268
org.apache.cxf.transport.TransportURIResolver_java,4,268
org.apache.cxf.jaxrs.JAXRSBindingFactory_java,4,268
org.apache.cxf.systest.ws.addressing.HeaderVerifier_java,4,268
org.apache.cxf.systest.jaxws.DocLitWrappedCodeFirstServiceImpl_java,4,268
org.apache.cxf.bus.spring.Jsr250BeanPostProcessor_java,4,268
org.apache.cxf.interceptor.ClientOutFaultObserver_java,4,268
org.apache.cxf.systest.servlet.NoSpringServletServer_java,3,282
org.apache.cxf.tools.corba.processors.idl.IDLToWSDLProcessor_java,3,282
org.apache.cxf.tools.java2ws.JavaToWSContainer_java,3,282
org.apache.cxf.jms.testsuite.util.JMSTestUtil_java,3,282
org.apache.cxf.interceptor.AbstractOutDatabindingInterceptor_java,3,282
org.apache.cxf.staxutils.W3CDOMStreamReader_java,3,282
org.apache.cxf.jaxrs.model.wadl.jaxb.Book_java,3,282
org.apache.cxf.binding.soap.jms.interceptor.SoapJMSConstants_java,3,282
org.apache.cxf.common.injection.ResourceInjector_java,3,282
org.apache.cxf.interceptor.AbstractInDatabindingInterceptor_java,3,282
org.apache.cxf.aegis.type.DefaultTypeMapping_java,2,292
org.apache.cxf.common.xmlschema.SchemaCollection_java,2,292
org.apache.cxf.systest.jaxrs.BookServerResourceCreatedOutside_java,2,292
org.apache.cxf.transport.jms.spec.JMSSpecConstants_java,2,292
org.apache.cxf.jaxws.interceptors.WrapperClassInInterceptor_java,2,292
org.apache.cxf.tools.corba.processors.idl.VisitorBase_java,2,292
org.apache.cxf.transport.http.Headers_java,2,292
org.apache.cxf.jca.cxf.JCABusFactory_java,2,292
org.apache.cxf.systest.jaxrs.BookExceptionMapper_java,2,292
org.apache.cxf.attachment.AttachmentDeserializer_java,2,292
org.apache.cxf.systest.jaxrs.RuntimeExceptionMapper_java,2,292
org.apache.cxf.jca.inbound.InboundEndpoint_java,2,292
org.apache.cxf.attachment.AttachmentSerializer_java,2,292
org.apache.cxf.ws.security.wss4j.CryptoCoverageChecker_java,2,292
org.apache.cxf.javascript.service.ServiceJavascriptBuilder_java,2,292
org.apache.cxf.binding.soap.SoapMessage_java,2,292
org.apache.cxf.service.factory.FactoryBeanListener_java,2,292
org.apache.cxf.jaxrs.utils.AnnotationUtils_java,2,292
org.apache.cxf.aegis.type.AbstractTypeCreator_java,2,292
org.apache.cxf.endpoint.ClientCallback_java,2,292
org.apache.cxf.databinding.AbstractWrapperHelper_java,2,292
org.apache.cxf.endpoint.Server_java,2,292
org.apache.cxf.io.CachedOutputStream_java,2,292
org.apache.cxf.systest.jaxws.HelloImpl_java,2,292
org.apache.cxf.systest.http_jetty.GreeterImpl_java,2,292
org.apache.cxf.aegis.type.basic.XMLBeanTypeInfo_java,1,317
org.apache.cxf.javascript.types.SchemaJavascriptBuilder_java,1,317
