file,bugChurn,rank
org.apache.cxf.endpoint.dynamic.DynamicClientFactory_java,498,1
org.apache.cxf.ws.security.wss4j.PolicyBasedWSS4JInInterceptor_java,451,2
org.apache.cxf.systest.ws.addr_feature.FaultToEndpointServer_java,266,3
org.apache.cxf.wsdl11.ServiceWSDLBuilder_java,257,4
org.apache.cxf.tools.wadlto.jaxrs.SourceGenerator_java,240,5
org.apache.cxf.jaxrs.model.wadl.WadlGenerator_java,211,6
org.apache.cxf.systest.ws.rm.ServiceInvocationAckBase_java,206,7
org.apache.cxf.ws.security.wss4j.policyhandlers.AbstractBindingBuilder_java,199,8
org.apache.cxf.jaxrs.client.ClientProxyImpl_java,185,9
org.apache.cxf.jaxrs.impl.WebApplicationExceptionMapper_java,173,10
org.apache.cxf.maven_plugin.AbstractCodegenMoho_java,162,11
org.apache.cxf.ws.rm.persistence.jdbc.RMTxStore_java,155,12
org.apache.cxf.jaxrs.servlet.CXFNonSpringJaxrsServlet_java,155,12
org.apache.cxf.systest.jms.swa.SwAServiceImpl_java,149,14
org.apache.cxf.endpoint.AbstractConduitSelector_java,134,15
org.apache.cxf.jaxrs.provider.AbstractJAXBProvider_java,129,16
org.apache.cxf.ws.security.wss4j.policyhandlers.TransportBindingHandler_java,127,17
org.apache.cxf.binding.soap.saaj.SAAJInInterceptor_java,123,18
org.apache.cxf.common.xmlschema.LSInputImpl_java,122,19
org.apache.cxf.jaxb.JAXBContextInitializer_java,112,20
org.apache.cxf.jaxrs.provider.ProviderFactory_java,111,21
org.apache.cxf.systest.sts.deployment.CustomClaimsParser_java,110,22
org.apache.cxf.jaxrs.provider.atom.AtomPojoProvider_java,110,22
org.apache.cxf.ws.security.policy.WSSecurityPolicyLoader_java,108,24
org.apache.cxf.ws.security.wss4j.WSS4JInInterceptor_java,106,25
org.apache.cxf.ws.addressing.soap.DecoupledFaultHandler_java,102,26
org.apache.cxf.ws.security.policy.interceptors.SecurityVerificationOutInterceptor_java,101,27
org.apache.cxf.tools.validator.internal.SchemaValidator_java,96,28
org.apache.cxf.rs.security.oauth.services.OOBResponseProvider_java,95,29
org.apache.cxf.tools.common.ToolException_java,94,30
org.apache.cxf.common.logging.JDKBugHacks_java,93,31
org.apache.cxf.tools.common.ToolErrorListener_java,90,32
org.apache.cxf.systest.provider.CXF4130Provider_java,89,33
org.apache.cxf.systest.ws.rm.SlowProcessingSimulator_java,88,34
org.apache.cxf.tools.wsdlto.databinding.jaxb.JAXBBindErrorListener_java,88,34
org.apache.cxf.ws.security.cache.CacheCleanupListener_java,87,36
org.apache.cxf.systest.jaxrs.MultipartStore_java,80,37
org.apache.cxf.ws.rm.RMOutInterceptor_java,79,38
org.apache.cxf.staxutils.StaxUtils_java,79,38
org.apache.cxf.tools.wadlto.jaxrs.JAXRSContainer_java,79,38
org.apache.cxf.ws.security.tokenstore.EHCacheTokenStore_java,78,41
org.apache.cxf.configuration.blueprint.AbstractBPBeanDefinitionParser_java,72,42
org.apache.cxf.clustering.FailoverTargetSelector_java,72,42
org.apache.cxf.ws.addressing.impl.InternalContextUtils_java,72,42
org.apache.cxf.jaxrs.client.WebClient_java,69,45
org.apache.cxf.rs.security.oauth.services.RequestTokenHandler_java,67,46
org.apache.cxf.ws.security.wss4j.policyvalidators.AbstractSupportingTokenPolicyValidator_java,65,47
org.apache.cxf.staxutils.DocumentDepthProperties_java,64,48
org.apache.cxf.management.jmx.InstrumentationManagerImpl_java,63,49
org.apache.cxf.maven_plugin.wsdl2java.WSDL2JavaMojo_java,63,49
org.apache.cxf.rs.security.oauth2.provider.OAuthJSONProvider_java,62,51
org.apache.cxf.systest.jaxrs.BookStoreSpring_java,61,52
org.apache.cxf.tools.wsdlto.databinding.jaxb.JAXBDataBinding_java,61,52
org.apache.cxf.catalog.OASISCatalogManager_java,61,52
org.apache.cxf.jaxrs.utils.schemas.SchemaHandler_java,60,55
org.apache.cxf.attachment.AttachmentSerializer_java,59,56
org.apache.cxf.jaxb.JAXBEncoderDecoder_java,57,57
org.apache.cxf.jaxrs.impl.MetadataMap_java,56,58
org.apache.cxf.jaxrs.impl.RequestImpl_java,55,59
org.apache.cxf.jaxrs.utils.ResourceUtils_java,54,60
org.apache.cxf.ws.security.wss4j.AbstractWSS4JInterceptor_java,54,60
org.apache.cxf.binding.soap.interceptor.SoapHeaderInterceptor_java,54,60
org.apache.cxf.bus.spring.SpringBusFactory_java,53,63
org.apache.cxf.bus.spring.SpringBeanLocator_java,53,63
org.apache.cxf.frontend.AbstractWSDLBasedEndpointFactory_java,52,65
org.apache.cxf.systest.ws.addr_fromjava.server.AddNumberImplNoAddr_java,52,65
org.apache.cxf.jaxrs.fortest.jaxb.jaxbelement.ObjectFactory_java,52,65
org.apache.cxf.rs.security.oauth.services.AuthorizationRequestHandler_java,51,68
org.apache.cxf.ws.rm.RMInInterceptor_java,51,68
org.apache.cxf.attachment.AttachmentUtil_java,50,70
org.apache.cxf.io.CachedOutputStream_java,50,70
org.apache.cxf.tools.wsdlto.frontend.jaxws.customization.CustomizationParser_java,48,72
org.apache.cxf.interceptor.StaxInEndingInterceptor_java,48,72
org.apache.cxf.transport.http.HTTPConduit_java,47,74
org.apache.cxf.jaxrs.fortest.jaxb.jaxbelement.ParamType_java,47,74
org.apache.cxf.common.util.Compiler_java,46,76
org.apache.cxf.rs.security.oauth.services.OOBAuthorizationResponse_java,46,76
org.apache.cxf.jaxrs.client.AbstractClient_java,45,78
org.apache.cxf.transport.http.AbstractHTTPDestination_java,45,78
org.apache.cxf.ws.rm.blueprint.RMBPBeanDefinitionParser_java,45,78
org.apache.cxf.jaxrs.impl.MediaTypeHeaderProvider_java,44,81
org.apache.cxf.ws.rm.DestinationSequence_java,44,81
org.apache.cxf.systest.jms.swa.SwAService_java,44,81
org.apache.cxf.staxutils.transform.OutTransformWriter_java,43,84
org.apache.cxf.rs.security.oauth2.client.OAuthClientUtils_java,43,84
org.apache.cxf.jaxrs.fortest.jaxb.jaxbelement.ParamJAXBElement_java,42,86
org.apache.cxf.jaxrs.model.ResourceTypes_java,42,86
org.apache.cxf.systest.jaxrs.BookStore_java,42,86
org.apache.cxf.systest.ws.rm.MessageLossSimulator_java,42,86
org.apache.cxf.rs.security.oauth2.services.AccessTokenService_java,41,90
org.apache.cxf.rs.security.oauth.filters.AbstractAuthFilter_java,41,90
org.apache.cxf.jaxrs.provider.json.JSONProvider_java,40,92
org.apache.cxf.jaxrs.utils.JAXRSUtils_java,39,93
org.apache.cxf.staxutils.DepthRestrictingStreamReader_java,39,93
org.apache.cxf.binding.soap.saaj.SAAJStreamWriter_java,39,93
org.apache.cxf.jaxrs.provider.MultipartProvider_java,39,93
org.apache.cxf.ws.rm.Destination_java,37,97
org.apache.cxf.rs.security.oauth.data.AccessTokenRegistration_java,37,97
org.apache.cxf.frontend.WSDLGetUtils_java,37,97
org.apache.cxf.attachment.AttachmentDeserializer_java,36,100
org.apache.cxf.systest.jaxrs.SuperBook_java,35,101
org.apache.cxf.jaxrs.JAXBContextProvider2_java,34,102
org.apache.cxf.systest.sts.deployment.CustomAttributeStatementProvider_java,34,102
org.apache.cxf.jaxrs.provider.JAXBElementProvider_java,34,102
org.apache.cxf.systest.jaxrs.RETRIEVE_get_java,33,105
org.apache.cxf.tools.java2wsdl.processor.HelloBare_java,33,105
org.apache.cxf.ws.security.wss4j.policyhandlers.AsymmetricBindingHandler_java,33,105
org.apache.cxf.ws.rm.RMCaptureInInterceptor_java,33,105
org.apache.cxf.BusFactory_java,33,105
org.apache.cxf.sts.claims.ClaimsAttributeStatementProvider_java,32,110
org.apache.cxf.binding.soap.interceptor.Soap12FaultInInterceptor_java,31,111
org.apache.cxf.staxutils.transform.DelegatingNamespaceContext_java,31,111
org.apache.cxf.ws.security.trust.STSClient_java,30,113
org.apache.cxf.rs.security.oauth.utils.OAuthUtils_java,30,113
org.apache.cxf.jaxrs.utils.InjectionUtils_java,29,115
org.apache.cxf.jaxrs.impl.UriBuilderImpl_java,28,116
org.apache.cxf.jaxrs.ext.MessageContextImpl_java,28,116
org.apache.cxf.jaxws.interceptors.MessageModeOutInterceptor_java,28,116
org.apache.cxf.jaxrs.interceptor.JAXRSOutInterceptor_java,27,119
org.apache.cxf.ws.security.tokenstore.EHCacheTokenStoreFactory_java,27,119
org.apache.cxf.jaxws.handler.logical.LogicalMessageImpl_java,26,121
org.apache.cxf.bus.blueprint.ConfigurerImpl_java,25,122
org.apache.cxf.tools.util.JAXBUtils_java,24,123
org.apache.cxf.bus.spring.SpringBus_java,23,124
org.apache.cxf.transport.servlet.CXFServlet_java,23,124
org.apache.cxf.jaxrs.client.ThreadLocalClientState_java,22,126
org.apache.cxf.aegis.type.collection.MapType_java,22,126
org.apache.cxf.jaxrs.fortest.jaxb.jaxbelement.package-info_java,21,128
org.apache.cxf.bus.spring.BusApplicationContext_java,21,128
org.apache.cxf.jaxrs.ext.search.Beanspector_java,21,128
org.apache.cxf.jaxrs.provider.XSLTJaxbProvider_java,20,131
org.apache.cxf.tools.wsdlto.WSDLToJavaContainer_java,20,131
org.apache.cxf.ws.rm.RMEndpoint_java,20,131
org.apache.cxf.transport.servlet.CXFNonSpringServlet_java,20,131
org.apache.cxf.interceptor.security.SimpleAuthorizingInterceptor_java,20,131
org.apache.cxf.binding.soap.interceptor.Soap11FaultOutInterceptor_java,19,136
org.apache.cxf.jaxrs.utils.HttpUtils_java,19,136
org.apache.cxf.sts.operation.TokenIssueOperation_java,19,136
org.apache.cxf.tools.wsdlto.databinding.jaxb.TypesCodeWriter_java,19,136
org.apache.cxf.ws.addressing.impl.MAPAggregatorImpl_java,19,136
org.apache.cxf.jaxrs.client.JAXRSClientFactoryBean_java,18,141
org.apache.cxf.jaxb.JAXBSchemaInitializer_java,18,141
org.apache.cxf.rs.security.oauth.provider.OAuthDataProvider_java,17,143
org.apache.cxf.binding.xml.XMLBindingFactory_java,16,144
org.apache.cxf.wsn.client.Publisher_java,15,145
org.apache.cxf.ws.rm.SourceSequence_java,15,145
org.apache.cxf.systest.ws.common.SecurityTestUtil_java,15,145
org.apache.cxf.ws.security.wss4j.policyvalidators.AbstractBindingPolicyValidator_java,15,145
org.apache.cxf.endpoint.UpfrontConduitSelector_java,15,145
org.apache.cxf.ws.rm.RetransmissionInterceptor_java,15,145
org.apache.cxf.rs.security.oauth.services.AccessTokenHandler_java,15,145
org.apache.cxf.jaxrs.ext.search.SearchContextImpl_java,14,152
org.apache.cxf.transport.jms.JMSDestination_java,14,152
org.apache.cxf.bus.spring.BusApplicationContextResourceResolver_java,14,152
org.apache.cxf.databinding.AbstractDataBinding_java,14,152
org.apache.cxf.jaxrs.utils.FormUtils_java,14,152
org.apache.cxf.ws.rm.soap.RetransmissionQueueImpl_java,13,157
org.apache.cxf.jaxrs.resources.BookStoreSubresourcesOnly_java,13,157
org.apache.cxf.ws.security.tokenstore.MemoryTokenStore_java,13,157
org.apache.cxf.sts.cache.HazelCastTokenStore_java,13,157
org.apache.cxf.systest.ws.saml.client.SamlCallbackHandler_java,13,157
org.apache.cxf.rs.security.oauth2.common.ClientAccessToken_java,13,157
org.apache.cxf.interceptor.AttachmentOutInterceptor_java,13,157
org.apache.cxf.databinding.source.XMLStreamDataReader_java,13,157
org.apache.cxf.clustering.LoadDistributorTargetSelector_java,13,157
org.apache.cxf.systest.jaxrs.OrderBean_java,13,157
org.apache.cxf.interceptor.AbstractInDatabindingInterceptor_java,13,157
org.apache.cxf.systest.jaxrs.BookStoreSimple_java,12,168
org.apache.cxf.endpoint.ClientImpl_java,12,168
org.apache.cxf.rs.security.oauth2.utils.OAuthUtils_java,12,168
org.apache.cxf.tools.common.ToolContext_java,12,168
org.apache.cxf.attachment.AttachmentDataSource_java,12,168
org.apache.cxf.jaxrs.provider.SourceProvider_java,12,168
org.apache.cxf.rs.security.oauth.services.AuthorizationRequestService_java,12,168
org.apache.cxf.rs.security.oauth2.services.RedirectionBasedGrantService_java,11,175
org.apache.cxf.jaxrs.model.wadl.BookStore_java,11,175
org.apache.cxf.interceptor.StaxOutInterceptor_java,11,175
org.apache.cxf.systest.provider.HWSoapMessageProvider_java,11,175
org.apache.cxf.rs.security.oauth.client.OAuthClientUtils_java,11,175
org.apache.cxf.io.AbstractWrappedOutputStream_java,11,175
org.apache.cxf.systest.sts.deployment.CustomClaimsHandler_java,11,175
org.apache.cxf.jaxws.ServiceImpl_java,10,182
org.apache.cxf.systest.servlet.NoSpringServletServer_java,10,182
org.apache.cxf.service.model.AbstractDescriptionElement_java,10,182
org.apache.cxf.ws.rm.RMDeliveryInterceptor_java,10,182
org.apache.cxf.interceptor.StaxOutEndingInterceptor_java,10,182
org.apache.cxf.systest.jaxws.ServerGreeterNoWsdl_java,10,182
org.apache.cxf.wsn.AbstractNotificationBroker_java,10,182
org.apache.cxf.ws.addressing.soap.MAPCodec_java,10,182
org.apache.cxf.systest.ws.wssec11.server.Server11_java,10,182
org.apache.cxf.systest.ws.wssec11.server.Server12_java,10,182
org.apache.cxf.transport.local.LocalTransportFactory_java,10,182
org.apache.cxf.jaxrs.ext.ContextProvider_java,9,193
org.apache.cxf.ws.security.policy.interceptors.KerberosTokenInterceptorProvider_java,9,193
org.apache.cxf.endpoint.DeferredConduitSelector_java,9,193
org.apache.cxf.common.util.ASMHelper_java,9,193
org.apache.cxf.ws.security.trust.STSTokenValidator_java,9,193
org.apache.cxf.ws.security.policy.interceptors.NegotiationUtils_java,9,193
org.apache.cxf.rs.security.oauth.data.OAuthAuthorizationData_java,9,193
org.apache.cxf.systest.jms.JMSMTOMImpl_java,9,193
org.apache.cxf.ws.security.policy.interceptors.IssuedTokenInterceptorProvider_java,9,193
org.apache.cxf.service.model.ServiceInfo_java,8,202
org.apache.cxf.rs.security.saml.sso.SAMLSSOResponseValidator_java,8,202
org.apache.cxf.rs.security.oauth2.utils.AuthorizationUtils_java,8,202
org.apache.cxf.aegis.services.Echo_java,8,202
org.apache.cxf.systest.sts.claims.ClaimsValidator_java,8,202
org.apache.cxf.bus.extension.ExtensionManagerImpl_java,8,202
org.apache.cxf.ws.rm.Proxy_java,8,202
org.apache.cxf.service.model.InterfaceInfo_java,8,202
org.apache.cxf.sts.cache.DefaultInMemoryTokenStore_java,8,202
org.apache.cxf.tools.wsdlto.frontend.jaxws.wsdl11.JAXWSDefinitionBuilder_java,7,211
org.apache.cxf.systest.jaxrs.BookSubresource_java,7,211
org.apache.cxf.jaxws.JaxWsClientProxy_java,7,211
org.apache.cxf.jaxrs.AbstractJAXRSFactoryBean_java,7,211
org.apache.cxf.ws.rm.RM10Constants_java,7,211
org.apache.cxf.helpers.HttpHeaderHelper_java,7,211
org.apache.cxf.configuration.jsse.TLSParameterJaxBUtils_java,7,211
org.apache.cxf.ws.rm.RM11Constants_java,7,211
org.apache.cxf.service.model.EndpointInfo_java,7,211
org.apache.cxf.transport.http_jetty.JettyHTTPServerEngineFactory_java,7,211
org.apache.cxf.systest.ws.wssec11.server.AbstractServer_java,7,211
org.apache.cxf.wsdl11.WSDLManagerImpl_java,7,211
org.apache.cxf.service.model.BindingInfo_java,7,211
org.apache.cxf.sts.claims.ClaimsManager_java,7,211
org.apache.cxf.tools.wsdlto.core.AbstractGenerator_java,7,211
org.apache.cxf.systest.jms.Server_java,6,226
org.apache.cxf.testutil.recorders.OutMessageRecorder_java,6,226
org.apache.cxf.ws.rm.persistence.RMMessage_java,6,226
org.apache.cxf.systest.ws.addr_fromjava.server.Server_java,6,226
org.apache.cxf.rs.security.oauth.data.Token_java,6,226
org.apache.cxf.workqueue.AutomaticWorkQueueImpl_java,6,226
org.apache.cxf.rs.security.oauth.data.Client_java,6,226
org.apache.cxf.ws.policy.PolicyAnnotationListener_java,6,226
org.apache.cxf.ws.security.wss4j.policyvalidators.ConcreteSupportingTokenPolicyValidator_java,5,234
org.apache.cxf.common.jaxb.JAXBUtils_java,5,234
org.apache.cxf.rs.security.oauth2.utils.OAuthConstants_java,5,234
org.apache.cxf.ws.security.wss4j.policyvalidators.SignedTokenPolicyValidator_java,5,234
org.apache.cxf.management.counters.CounterRepository_java,5,234
org.apache.cxf.transport.http.auth.DigestAuthSupplier_java,5,234
org.apache.cxf.jaxrs.fortest.jaxb.packageinfo.package-info_java,5,234
org.apache.cxf.ws.security.wss4j.policyvalidators.SignedEncryptedTokenPolicyValidator_java,5,234
org.apache.cxf.ws.security.wss4j.policyvalidators.SignedEndorsingEncryptedTokenPolicyValidator_java,5,234
org.apache.cxf.ws.security.wss4j.policyvalidators.EndorsingTokenPolicyValidator_java,5,234
org.apache.cxf.jaxrs.resources.jaxb.package-info_java,5,234
org.apache.cxf.jaxrs.model.ClassResourceInfo_java,5,234
org.apache.cxf.ws.security.wss4j.policyvalidators.EndorsingEncryptedTokenPolicyValidator_java,5,234
org.apache.cxf.staxutils.W3CDOMStreamWriter_java,5,234
org.apache.cxf.tools.util.FileWriterUtil_java,5,234
org.apache.cxf.jaxrs.utils.JAXBUtils_java,5,234
org.apache.cxf.jaxrs.JAXRSServiceImpl_java,5,234
org.apache.cxf.rs.security.oauth2.services.AbstractAccessTokenValidator_java,5,234
org.apache.cxf.tools.wadlto.WadlToolConstants_java,5,234
org.apache.cxf.bus.osgi.CXFExtensionBundleListener_java,5,234
org.apache.cxf.ws.security.wss4j.policyvalidators.EncryptedTokenPolicyValidator_java,5,234
org.apache.cxf.jaxb.JAXBDataBinding_java,5,234
org.apache.cxf.ws.security.wss4j.policyvalidators.SignedEndorsingTokenPolicyValidator_java,5,234
org.apache.cxf.tools.util.ClassCollector_java,4,257
org.apache.cxf.ws.rm.RMMessageConstants_java,4,257
org.apache.cxf.jaxws.JaxwsClientCallback_java,4,257
org.apache.cxf.jaxws.support.JaxWsServiceFactoryBean_java,4,257
org.apache.cxf.jaxrs.model.wadl.FormInterface_java,4,257
org.apache.cxf.interceptor.StaxInInterceptor_java,4,257
org.apache.cxf.feature.StaxTransformFeature_java,4,257
org.apache.cxf.ws.security.SecurityConstants_java,4,257
org.apache.cxf.common.logging.Slf4jLogger_java,4,257
org.apache.cxf.rs.security.oauth.data.OAuthPermission_java,4,257
org.apache.cxf.systest.jaxrs.BookSubresourceImpl_java,4,257
org.apache.cxf.transport.http.HTTPTransportFactory_java,4,257
org.apache.cxf.interceptor.FIStaxInInterceptor_java,4,257
org.apache.cxf.transport.TransportURIResolver_java,4,257
org.apache.cxf.javascript.service.ServiceJavascriptBuilder_java,4,257
org.apache.cxf.transport.http.osgi.HTTPTransportActivator_java,4,257
org.apache.cxf.jaxb.io.DataWriterImpl_java,4,257
org.apache.cxf.jaxrs.impl.NewCookieHeaderProvider_java,4,257
org.apache.cxf.rs.security.oauth.utils.OAuthConstants_java,3,275
org.apache.cxf.interceptor.ServiceInvokerInterceptor_java,3,275
org.apache.cxf.helpers.DOMUtils_java,3,275
org.apache.cxf.jaxrs.ext.search.SearchContextProvider_java,3,275
org.apache.cxf.interceptor.AbstractLoggingInterceptor_java,3,275
org.apache.cxf.rs.security.saml.sso.RequestAssertionConsumerService_java,3,275
org.apache.cxf.tools.wsdlto.frontend.jaxws.processor.internal.ServiceProcessor_java,3,275
org.apache.cxf.transport.jms.JMSTransportFactory_java,3,275
org.apache.cxf.systest.ws.wssec10.server.Server_java,3,275
org.apache.cxf.wsdl11.WSDLServiceBuilder_java,3,275
org.apache.cxf.binding.soap.SoapBindingFactory_java,3,275
org.apache.cxf.jaxrs.interceptor.AttachmentOutputInterceptor_java,3,275
org.apache.cxf.endpoint.AbstractEndpointFactory_java,3,275
org.apache.cxf.rs.security.oauth.services.AbstractOAuthService_java,3,275
org.apache.cxf.jaxrs.impl.HttpHeadersImpl_java,3,275
org.apache.cxf.endpoint.ServerImpl_java,3,275
org.apache.cxf.maven_plugin.wsdl2java.Option_java,3,275
org.apache.cxf.systest.jaxrs.security.BookHttpsServer_java,2,292
org.apache.cxf.clustering.LoadDistributorFeature_java,2,292
org.apache.cxf.clustering.FailoverFeature_java,2,292
org.apache.cxf.transport.http_jetty.JettyHTTPDestination_java,2,292
org.apache.cxf.attachment.LazyDataSource_java,2,292
org.apache.cxf.jaxws.context.WrappedMessageContext_java,2,292
org.apache.cxf.binding.soap.interceptor.ReadHeadersInterceptor_java,2,292
org.apache.cxf.systest.jaxrs.BookServer_java,2,292
org.apache.cxf.jaxws.DispatchImpl_java,2,292
org.apache.cxf.wsn.AbstractPublisher_java,2,292
org.apache.cxf.tools.corba.processors.idl.ScopedNameVisitor_java,2,292
org.apache.cxf.jaxrs.model.URITemplate_java,2,292
org.apache.cxf.ws.rm.RMConstants_java,2,292
org.apache.cxf.jaxb.attachment.JAXBAttachmentSchemaValidationHack_java,2,292
org.apache.cxf.systest.jaxrs.MultipartServer_java,2,292
org.apache.cxf.jaxrs.model.wadl.jaxb.Book_java,2,292
org.apache.cxf.tools.common.ClassUtils_java,2,292
org.apache.cxf.ws.mex.MEXInInterceptor_java,2,292
org.apache.cxf.ws.security.tokenstore.TokenStoreFactory_java,2,292
org.apache.cxf.javascript.types.SchemaJavascriptBuilder_java,2,292
org.apache.cxf.jaxrs.impl.UriInfoImpl_java,2,292
org.apache.cxf.staxutils.transform.InTransformReader_java,2,292
org.apache.cxf.ws.security.tokenstore.TokenStore_java,2,292
org.apache.cxf.interceptor.FaultOutInterceptor_java,2,292
org.apache.cxf.bus.spring.BusWiringBeanFactoryPostProcessor_java,2,292
org.apache.cxf.jaxrs.JAXBContextProvider_java,2,292
org.apache.cxf.ws.policy.PolicyEngineImpl_java,2,292
org.apache.cxf.rs.security.cors.CrossOriginResourceSharingFilter_java,2,292
org.apache.cxf.binding.soap.interceptor.SoapHeaderOutFilterInterceptor_java,1,320
org.apache.cxf.systest.ws.addr_feature.Server_java,1,320
org.apache.cxf.interceptor.security.SecureAnnotationsInterceptor_java,1,320
org.apache.cxf.aegis.xml.stax.ElementWriter_java,1,320
org.apache.cxf.tools.common.ToolConstants_java,1,320
org.apache.cxf.rs.security.saml.sso.AbstractServiceProviderFilter_java,1,320
org.apache.cxf.sts.operation.CustomClaimsMapper_java,1,320
org.apache.cxf.jaxws.support.JaxWsEndpointImpl_java,1,320
org.apache.cxf.systest.jaxrs.cors.UnannotatedCorsServer_java,1,320
org.apache.cxf.sts.token.provider.DefaultSubjectProvider_java,1,320
org.apache.cxf.ws.security.policy.interceptors.WSSecurityPolicyInterceptorProvider_java,1,320
