file,bugChurn,rank
org.apache.cxf.jaxrs.model.URITemplate_java,543,1
org.apache.cxf.jaxrs.impl.UriBuilderImpl_java,522,2
org.apache.cxf.jca.outbound.ManagedConnectionImpl_java,497,3
org.apache.cxf.tools.wsdlto.databinding.jaxb.JAXBDataBinding_java,429,4
org.apache.cxf.jaxrs.JAXRSInvoker_java,331,5
org.apache.cxf.staxutils.StaxUtils_java,290,6
org.apache.cxf.endpoint.ClientImpl_java,262,7
org.apache.cxf.common.xmlschema.SchemaCollection_java,262,7
org.apache.cxf.tools.wsdlto.WSDLToJavaContainer_java,257,9
org.apache.cxf.staxutils.StreamWriterContentHandler_java,237,10
org.apache.cxf.tools.wsdlto.frontend.jaxws.processor.internal.ServiceProcessor_java,229,11
org.apache.cxf.ws.security.wss4j.PolicyBasedWSS4JInInterceptor_java,219,12
org.apache.cxf.jca.outbound.ManagedConnectionFactoryImpl_java,199,13
org.apache.cxf.jca.outbound.CXFConnectionSpec_java,193,14
org.apache.cxf.transport.jms.JMSConduit_java,188,15
org.apache.cxf.tools.wsdlto.frontend.jaxws.processor.internal.ParameterProcessor_java,179,16
org.apache.cxf.transport.http.HTTPConduit_java,172,17
org.apache.cxf.aegis.type.TypeClassInfo_java,172,17
org.apache.cxf.staxutils.DelegatingXMLStreamWriter_java,167,19
org.apache.cxf.jaxrs.provider.AbstractJAXBProvider_java,160,20
org.apache.cxf.tools.wsdlto.frontend.jaxws.processor.internal.OperationProcessor_java,159,21
org.apache.cxf.jca.inbound.MDBActivationWork_java,159,21
org.apache.cxf.aegis.type.AbstractTypeCreator_java,158,23
org.apache.cxf.systest.ws.wssec11.WSSecurity11Common_java,157,24
org.apache.cxf.jaxrs.client.AbstractClient_java,156,25
org.apache.cxf.databinding.AbstractDataBinding_java,153,26
org.apache.cxf.tools.validator.internal.Stax2DOM_java,149,27
org.apache.cxf.tools.wsdlto.frontend.jaxws.generators.ServiceGenerator_java,141,28
org.apache.cxf.aegis.type.basic.BeanType_java,139,29
org.apache.cxf.ws.security.wss4j.AbstractWSS4JInterceptor_java,132,30
org.apache.cxf.common.xmlschema.DOMLSInput_java,131,31
org.apache.cxf.systest.swa.SwANoMimeServiceImpl_java,130,32
org.apache.cxf.transport.servlet.ServletController_java,129,33
org.apache.cxf.aegis.type.java5.CollectionTestsWithService_java,125,34
org.apache.cxf.tools.wsdlto.frontend.jaxws.generators.AntGenerator_java,122,35
org.apache.cxf.transport.http.CXFAuthenticator_java,121,36
org.apache.cxf.workqueue.AutomaticWorkQueueImpl_java,120,37
org.apache.cxf.binding.soap.interceptor.MustUnderstandInterceptor_java,117,38
org.apache.cxf.tools.wsdlto.frontend.jaxws.processor.internal.PortTypeProcessor_java,116,39
org.apache.cxf.jaxb.JAXBEncoderDecoder_java,115,40
org.apache.cxf.jaxrs.client.ClientProxyImpl_java,113,41
org.apache.cxf.attachment.QuotedPrintableDecoderStream_java,111,42
org.apache.cxf.binding.soap.interceptor.SoapOutInterceptor_java,108,43
org.apache.cxf.jaxws.WrapperClassGenerator_java,107,44
org.apache.cxf.ws.addressing.soap.MAPCodec_java,104,45
org.apache.cxf.endpoint.dynamic.TypeClassInitializer_java,102,46
org.apache.cxf.common.logging.JDKBugHacks_java,102,46
org.apache.cxf.tools.wsdlto.frontend.jaxws.generators.ServerGenerator_java,101,48
org.apache.cxf.staxutils.OverlayW3CDOMStreamWriter_java,101,48
org.apache.cxf.transport.https.HttpsURLConnectionFactory_java,100,50
org.apache.cxf.tools.wsdlto.frontend.jaxws.generators.ImplGenerator_java,99,51
org.apache.cxf.jaxrs.interceptor.JAXRSInInterceptor_java,98,52
org.apache.cxf.tools.java2wsdl.processor.internal.jaxws.RequestWrapper_java,98,52
org.apache.cxf.tools.wsdlto.frontend.jaxws.generators.SEIGenerator_java,97,54
org.apache.cxf.aegis.type.java5.CollectionService_java,97,54
org.apache.cxf.javascript.JsSimpleDomNode_java,96,56
org.apache.cxf.ws.security.wss4j.WSS4JInInterceptor_java,95,57
org.apache.cxf.jaxb.JAXBDataBinding_java,93,58
org.apache.cxf.endpoint.dynamic.DynamicClientFactory_java,91,59
org.apache.cxf.jaxrs.impl.UriInfoImpl_java,91,59
org.apache.cxf.jaxrs.JAXRSServiceFactoryBean_java,91,59
org.apache.cxf.tools.wsdlto.frontend.jaxws.generators.ClientGenerator_java,90,62
org.apache.cxf.systest.corba.BaseGreeterImpl_java,86,63
org.apache.cxf.jca.outbound.DefaultConnectionManager_java,85,64
org.apache.cxf.jaxrs.client.ClientConfiguration_java,85,64
org.apache.cxf.jaxrs.utils.InjectionUtils_java,83,66
org.apache.cxf.wsdl11.WSDLServiceBuilder_java,81,67
org.apache.cxf.transport.TransportURIResolver_java,81,67
org.apache.cxf.aegis.type.basic.XMLBeanTypeInfo_java,81,67
org.apache.cxf.aegis.databinding.AegisDatabinding_java,79,70
org.apache.cxf.interceptor.ClientFaultConverter_java,78,71
org.apache.cxf.aegis.services.BeanWithDOM_java,78,71
org.apache.cxf.aegis.type.java5.AnnotationReader_java,76,73
org.apache.cxf.javascript.types.SchemaJavascriptBuilder_java,76,73
org.apache.cxf.aegis.type.XMLTypeCreator_java,75,75
org.apache.cxf.common.util.UrlUtils_java,75,75
org.apache.cxf.io.CachedOutputStream_java,75,75
org.apache.cxf.systest.ws.addr_wsdl.jaxwsmm.MessageProviderWithAddressingPolicy_java,74,78
org.apache.cxf.binding.soap.SoapBindingFactory_java,73,79
org.apache.cxf.ws.security.wss4j.policyhandlers.AbstractBindingBuilder_java,73,79
org.apache.cxf.aegis.type.basic.TimezoneLessDateType_java,73,79
org.apache.cxf.jaxrs.model.wadl.jaxb.Book_java,71,82
org.apache.cxf.tools.validator.internal.UniqueBodyPartsValidator_java,70,83
org.apache.cxf.jaxrs.Timezone_java,69,84
org.apache.cxf.binding.corba.runtime.OrbConfigurer_java,69,84
org.apache.cxf.jaxws.support.JaxWsServiceConfiguration_java,69,84
org.apache.cxf.aegis.type.java5.CollectionServiceInterface_java,68,87
org.apache.cxf.common.util.ReflectionUtil_java,68,87
org.apache.cxf.aegis.type.java5.BeanWithGregorianDate_java,68,87
org.apache.cxf.transport.https.HttpsURLConnectionInfo_java,67,90
org.apache.cxf.jaxws.support.JaxWsServiceFactoryBean_java,67,90
org.apache.cxf.io.DelegatingInputStream_java,67,90
org.apache.cxf.jaxws.JaxWsClientProxy_java,66,93
org.apache.cxf.systest.jaxrs.security.SecureBook_java,66,93
org.apache.cxf.tools.wsdlto.frontend.jaxws.validator.WrapperStyleNameCollisionValidator_java,66,93
org.apache.cxf.javascript.ParticleInfo_java,65,96
org.apache.cxf.jaxrs.utils.JAXRSUtils_java,64,97
org.apache.cxf.systest.jaxrs.BookStore_java,64,97
org.apache.cxf.systest.jaxrs.BookStoreSpring_java,64,97
org.apache.cxf.aegis.services.DocumentService_java,63,100
org.apache.cxf.tools.wsdlto.frontend.jaxws.processor.internal.annotator.BindingAnnotator_java,63,100
org.apache.cxf.transport.jms.JMSDestination_java,63,100
org.apache.cxf.tools.util.ClassCollector_java,62,103
org.apache.cxf.systest.ws.wssec10.server.Server_java,61,104
org.apache.cxf.jca.outbound.CXFManagedConnectionMetaData_java,60,105
org.apache.cxf.tools.wsdlto.frontend.jaxws.processor.internal.annotator.XmlJavaTypeAdapterAnnotator_java,58,106
org.apache.cxf.attachment.AttachmentDeserializer_java,57,107
org.apache.cxf.jaxrs.model.MethodInvocationInfo_java,57,107
org.apache.cxf.jca.outbound.ConnectionFactoryImpl_java,56,109
org.apache.cxf.frontend.ServerFactoryBean_java,55,110
org.apache.cxf.helpers.DOMUtils_java,53,111
org.apache.cxf.resource.URIResolver_java,53,111
org.apache.cxf.transport.jms.JMSConfiguration_java,53,111
org.apache.cxf.jca.inbound.MDBInvoker_java,53,111
org.apache.cxf.jaxrs.model.SubresourceKey_java,52,115
org.apache.cxf.jaxrs.model.ClassResourceInfo_java,52,115
org.apache.cxf.jaxws.JaxWsConfigurationException_java,51,117
org.apache.cxf.systest.corba.Server_java,51,117
org.apache.cxf.jaxrs.impl.CacheControlHeaderProvider_java,51,117
org.apache.cxf.jaxws.service.GenericsService2_java,51,117
org.apache.cxf.jca.outbound.CXFConnection_java,50,121
org.apache.cxf.systest.outofband.header.OOBHdrServiceImpl_java,49,122
org.apache.cxf.aegis.util.date.XsDateTimeFormat_java,49,122
org.apache.cxf.common.util.Compiler_java,48,124
org.apache.cxf.transport.http_jetty.JettyHTTPServerEngine_java,48,124
org.apache.cxf.jca.outbound.CXFConnectionFactory_java,48,124
org.apache.cxf.jaxrs.model.wadl.jaxb.Chapter_java,47,127
org.apache.cxf.jaxrs.model.wadl.jaxb.ObjectFactory_java,47,127
org.apache.cxf.jaxrs.model.wadl.Chapter_java,47,127
org.apache.cxf.jaxrs.utils.HttpUtils_java,46,130
org.apache.cxf.transport.http_jetty.JettyHTTPServerEngineFactory_java,45,131
org.apache.cxf.systest.jms.JMSMTOMImpl_java,45,131
org.apache.cxf.jaxrs.fortest.jaxb.Book_java,45,131
org.apache.cxf.systest.ws.wssec10.server.PingServiceBase_java,44,134
org.apache.cxf.binding.soap.interceptor.ReadHeadersInterceptor_java,44,134
org.apache.cxf.jaxrs.client.WebClient_java,44,134
org.apache.cxf.tools.corba.processors.idl.ObjectReferenceVisitor_java,44,134
org.apache.cxf.systest.jaxrs.Chapter_java,43,138
org.apache.cxf.frontend.ClientFactoryBean_java,43,138
org.apache.cxf.helpers.HttpHeaderHelper_java,43,138
org.apache.cxf.binding.soap.interceptor.SoapHeaderInterceptor_java,43,138
org.apache.cxf.bus.spring.Jsr250BeanPostProcessor_java,43,138
org.apache.cxf.systest.aegis.ServerPasswordCallback_java,43,138
org.apache.cxf.jaxws.service.QueryResult_java,43,138
org.apache.cxf.jaxws.context.WrappedMessageContext_java,42,145
org.apache.cxf.transport.jms.JMSFactory_java,42,145
org.apache.cxf.tools.wsdlto.frontend.jaxws.generators.FaultGenerator_java,41,147
org.apache.cxf.aegis.type.xml.SourceType_java,41,147
org.apache.cxf.tools.wsdlto.frontend.jaxws.customization.JAXWSBinding_java,41,147
org.apache.cxf.jaxb.io.DataWriterImpl_java,41,147
org.apache.cxf.interceptor.ServiceInvokerInterceptor_java,40,151
org.apache.cxf.transport.http.AbstractHTTPDestination_java,40,151
org.apache.cxf.systest.jaxrs.security.SecureBookStore_java,39,153
org.apache.cxf.aegis.util.NamespaceHelper_java,39,153
org.apache.cxf.common.xmlschema.DOMErrorException_java,38,155
org.apache.cxf.binding.soap.spring.SoapVersionRegistrar_java,38,155
org.apache.cxf.aegis.type.array.BeanWithFlatCollection_java,38,155
org.apache.cxf.common.util.ASMHelper_java,38,155
org.apache.cxf.ws.rm.soap.RetransmissionQueueImpl_java,37,159
org.apache.cxf.tools.java2wsdl.processor.internal.jaxws.ResponseWrapper_java,37,159
org.apache.cxf.tools.java2wsdl.processor.internal.jaxws.Wrapper_java,37,159
org.apache.cxf.systest.jaxrs.AtomBookStore3_java,37,159
org.apache.cxf.ws.security.policy.interceptors.HttpsTokenInterceptorProvider_java,37,159
org.apache.cxf.javascript.JavascriptTestUtilities_java,37,159
org.apache.cxf.jaxrs.model.OperationResourceInfoStack_java,37,159
org.apache.cxf.jaxb.JAXBContextInitializer_java,37,159
org.apache.cxf.phase.PhaseInterceptorChain_java,37,159
org.apache.cxf.systest.ws.wssec11.server.PingService_java,36,168
org.apache.cxf.systest.ws.addr_wsdl.Server_java,36,168
org.apache.cxf.aegis.xmlconfig.BeanWithDate_java,36,168
org.apache.cxf.jaxws.interceptors.MessageModeOutInterceptor_java,36,168
org.apache.cxf.aegis.type.collection.CollectionType_java,35,172
org.apache.cxf.aegis.services.NillableService_java,35,172
org.apache.cxf.aegis.databinding.InconsistentInitializationException_java,35,172
org.apache.cxf.aegis.util.date.TimezoneLessXsDateFormat_java,35,172
org.apache.cxf.tools.fortest.withannotation.doc.EchoGenericNoWrapperBean_java,35,172
org.apache.cxf.binding.soap.saaj.SAAJInInterceptor_java,35,172
org.apache.cxf.aegis.type.TypeUtil_java,35,172
org.apache.cxf.ws.rm.Servant_java,35,172
org.apache.cxf.tools.common.model.JavaMethod_java,34,180
org.apache.cxf.management.interceptor.ResponseTimeMessageOutInterceptor_java,34,180
org.apache.cxf.binding.xml.interceptor.XMLMessageInInterceptor_java,34,180
org.apache.cxf.aegis.type.java5.XmlFlattenedArray_java,34,180
org.apache.cxf.management.interceptor.AbstractMessageResponseTimeInterceptor_java,34,180
org.apache.cxf.jaxws.service.Entity_java,34,180
org.apache.cxf.aegis.type.TypeMapping_java,34,180
org.apache.cxf.tools.wsdlto.frontend.jaxws.processor.internal.annotator.WSActionAnnotator_java,33,187
org.apache.cxf.jaxws.service.GenericsService_java,32,188
org.apache.cxf.systest.ws.addr_fromwsdl.AddNumberImpl_java,32,188
org.apache.cxf.jaxrs.resources.UriBuilderWrongAnnotations_java,32,188
org.apache.cxf.jaxws.service.QuerySummary_java,32,188
org.apache.cxf.binding.corba.CorbaBindingFactory_java,32,188
org.apache.cxf.configuration.spring.AbstractFactoryBeanDefinitionParser_java,32,188
org.apache.cxf.systest.ws.addr_disable.AddNumberImpl_java,32,188
org.apache.cxf.systest.ws.addr_wsdl.AddNumberImpl_java,32,188
org.apache.cxf.systest.ws.wssec10.server.UserNameOverTransportRestricted_java,31,196
org.apache.cxf.configuration.spring.ConfigurerImpl_java,31,196
org.apache.cxf.systest.ws.addr_feature.AddNumberImpl_java,31,196
org.apache.cxf.jaxws.interceptors.WrapperClassInInterceptor_java,31,196
org.apache.cxf.systest.ws.wssec10.server.UserNameOverTransport_java,31,196
org.apache.cxf.systest.ws.wssec10.server.MutualCertificate10SignEncryptRestricted_java,30,201
org.apache.cxf.javascript.fortest.SimpleDocLitWrappedImpl_java,30,201
org.apache.cxf.systest.ws.wssec10.server.MutualCertificate10SignEncrypt_java,30,201
org.apache.cxf.systest.ws.wssec10.server.MutualCertificate10SignEncryptRsa15TripleDesRestricted_java,30,201
org.apache.cxf.ws.policy.PolicyVerificationOutInterceptor_java,30,201
org.apache.cxf.systest.ws.wssec10.server.MutualCertificate10SignEncryptRsa15TripleDes_java,30,201
org.apache.cxf.javascript.JsSimpleDomParser_java,29,207
org.apache.cxf.tools.common.ToolContext_java,29,207
org.apache.cxf.jaxws.JAXWSMethodDispatcher_java,29,207
org.apache.cxf.jaxws.handler.HandlerChainInvoker_java,28,210
org.apache.cxf.jaxrs.utils.AnnotationUtils_java,28,210
org.apache.cxf.jaxws.handler.AnnotationHandlerChainBuilder_java,28,210
org.apache.cxf.aegis.type.basic.BeanTypeInfo_java,28,210
org.apache.cxf.message.MessageImpl_java,28,210
org.apache.cxf.aegis.services.IDocumentService_java,28,210
org.apache.cxf.interceptor.LoggingOutInterceptor_java,28,210
org.apache.cxf.attachment.LazyAttachmentCollection_java,28,210
org.apache.cxf.interceptor.FaultOutInterceptor_java,28,210
org.apache.cxf.common.i18n.UncheckedException_java,27,219
org.apache.cxf.common.xmlschema.XmlSchemaUtils_java,27,219
org.apache.cxf.jaxrs.CustomerInfo_java,27,219
org.apache.cxf.jaxrs.fortest.jaxb.ObjectFactory_java,26,222
org.apache.cxf.tools.wsdlto.javascript.WSDLToJavaScriptProcessor_java,26,222
org.apache.cxf.staxutils.W3CDOMStreamReader_java,26,222
org.apache.cxf.interceptor.OneWayProcessorInterceptor_java,26,222
org.apache.cxf.systest.jaxrs.security.Injectable_java,25,226
org.apache.cxf.jaxrs.JAXRSServerFactoryBean_java,25,226
org.apache.cxf.tools.wsdlto.frontend.jaxws.customization.CustomizationParser_java,25,226
org.apache.cxf.tools.java2wsdl.generator.wsdl11.WSDL11Generator_java,24,229
org.apache.cxf.transport.servlet.ServletContextResourceResolver_java,24,229
org.apache.cxf.tools.fortest.xmllist.AddNumbersPortType_java,24,229
org.apache.cxf.service.invoker.AbstractInvoker_java,24,229
org.apache.cxf.tools.wsdlto.frontend.jaxws.processor.internal.mapper.ParameterMapper_java,24,229
org.apache.cxf.management.interceptor.AbstractMessageResponseTestBase_java,24,229
org.apache.cxf.aegis.type.java5.CustomStringType_java,24,229
org.apache.cxf.systest.jms.Server_java,23,236
org.apache.cxf.binding.soap.Soap11_java,23,236
org.apache.cxf.systest.jaxws.ServerMisc_java,23,236
org.apache.cxf.binding.soap.Soap12_java,23,236
org.apache.cxf.binding.soap.interceptor.Soap12FaultInInterceptor_java,22,240
org.apache.cxf.aegis.type.basic.ArrayType_java,22,240
org.apache.cxf.binding.corba.types.CorbaPrimitiveHandler_java,22,240
org.apache.cxf.jaxrs.client.JAXRSClientFactory_java,22,240
org.apache.cxf.tools.common.AbstractCXFToolContainer_java,22,240
org.apache.cxf.interceptor.StaxInInterceptor_java,21,245
org.apache.cxf.tools.wsdlto.frontend.jaxws.customization.JAXWSBindingParser_java,21,245
org.apache.cxf.aegis.type.DefaultTypeMapping_java,21,245
org.apache.cxf.aegis.type.xml.DocumentType_java,21,245
org.apache.cxf.service.model.OperationInfo_java,21,245
org.apache.cxf.service.model.FaultInfo_java,21,245
org.apache.cxf.systest.jaxws.Server_java,21,245
org.apache.cxf.transport.http_jetty.continuations.JettyContinuationWrapper_java,20,252
org.apache.cxf.wsdl.JAXBExtensionHelper_java,20,252
org.apache.cxf.interceptor.LoggingInInterceptor_java,20,252
org.apache.cxf.tools.wsdlto.frontend.jaxws.customization.JAXWSParameter_java,20,252
org.apache.cxf.jca.inbound.DispatchMDBInvoker_java,20,252
org.apache.cxf.jaxb.io.DataReaderImpl_java,20,252
org.apache.cxf.jaxws.spring.ClientHolderBean_java,20,252
org.apache.cxf.jaxrs.client.JAXRSClientFactoryBean_java,19,259
org.apache.cxf.tools.common.ToolException_java,19,259
org.apache.cxf.service.model.MessagePartInfo_java,19,259
org.apache.cxf.systest.servlet.NoSpringServletServer_java,19,259
org.apache.cxf.staxutils.CachingXmlEventWriter_java,19,259
org.apache.cxf.tools.common.ClassUtils_java,19,259
org.apache.cxf.jaxrs.provider.FormEncodingProvider_java,18,265
org.apache.cxf.service.model.AbstractMessageContainer_java,18,265
org.apache.cxf.transport.http_jetty.JettyHTTPDestination_java,18,265
org.apache.cxf.jaxws.interceptors.SwAOutInterceptor_java,18,265
org.apache.cxf.jaxws.interceptors.SwAInInterceptor_java,18,265
org.apache.cxf.ws.addressing.MAPAggregator_java,18,265
org.apache.cxf.interceptor.ClientOutFaultObserver_java,18,265
org.apache.cxf.systest.jaxws.DocLitWrappedCodeFirstService_java,18,265
org.apache.cxf.message.MessageUtils_java,17,273
org.apache.cxf.systest.jaxrs.security.SecureBookStoreNoInterface_java,17,273
org.apache.cxf.tools.validator.internal.WSDL11Validator_java,17,273
org.apache.cxf.systest.http.GreeterSessionImpl_java,17,273
org.apache.cxf.transport.local.LocalTransportFactory_java,17,273
org.apache.cxf.bus.extension.Extension_java,16,278
org.apache.cxf.common.classloader.ClassLoaderUtils_java,16,278
org.apache.cxf.wsdl11.ResourceManagerWSDLLocator_java,16,278
org.apache.cxf.aegis.services.ArrayService_java,16,278
org.apache.cxf.interceptor.AbstractOutDatabindingInterceptor_java,16,278
org.apache.cxf.aegis.xml.stax.ElementReader_java,16,278
org.apache.cxf.wsdl11.AbstractWrapperWSDLLocator_java,15,284
org.apache.cxf.jaxrs.impl.ResponseBuilderImpl_java,15,284
org.apache.cxf.ws.security.wss4j.WSS4JOutInterceptor_java,15,284
org.apache.cxf.bus.extension.ExtensionManagerImpl_java,15,284
org.apache.cxf.service.model.BindingOperationInfo_java,15,284
org.apache.cxf.jaxrs.utils.FormUtils_java,15,284
org.apache.cxf.wsdl11.WSDLManagerImpl_java,15,284
org.apache.cxf.jaxrs.provider.JAXBElementProvider_java,15,284
org.apache.cxf.javascript.JsXMLHttpRequest_java,15,284
org.apache.cxf.attachment.AttachmentSerializer_java,14,293
org.apache.cxf.tools.wsdlto.databinding.jaxb.JAXBBindErrorListener_java,14,293
org.apache.cxf.endpoint.ServerImpl_java,14,293
org.apache.cxf.jaxws.DispatchImpl_java,14,293
org.apache.cxf.jaxws.support.JaxWsImplementorInfo_java,13,297
org.apache.cxf.jaxrs.provider.DataBindingProvider_java,13,297
org.apache.cxf.ws.addressing.ContextUtils_java,13,297
org.apache.cxf.jaxws.interceptors.WebFaultOutInterceptor_java,13,297
org.apache.cxf.tools.java2wsdl.processor.internal.jaxws.FaultBean_java,13,297
org.apache.cxf.jaxrs.interceptor.JAXRSOutInterceptor_java,13,297
org.apache.cxf.aegis.type.encoded.StructType_java,13,297
org.apache.cxf.ws.policy.EffectivePolicyImpl_java,13,297
org.apache.cxf.binding.soap.interceptor.Soap12FaultOutInterceptor_java,13,297
org.apache.cxf.aegis.xml.AbstractMessageReader_java,12,306
org.apache.cxf.jaxws.EndpointImpl_java,12,306
org.apache.cxf.management.interceptor.ResponseTimeMessageInInterceptor_java,12,306
org.apache.cxf.jaxrs.Customer_java,12,306
org.apache.cxf.aegis.type.basic.BooleanType_java,12,306
org.apache.cxf.jaxws.AbstractJAXWSMethodInvoker_java,12,306
org.apache.cxf.jaxws.spring.JaxWsProxyFactoryBeanDefinitionParser_java,11,312
org.apache.cxf.jaxws.handler.soap.SOAPHandlerFaultOutInterceptor_java,11,312
org.apache.cxf.helpers.XPathUtils_java,11,312
org.apache.cxf.jaxb.JAXBSchemaInitializer_java,11,312
org.apache.cxf.binding.soap.SoapFault_java,11,312
org.apache.cxf.frontend.spring.ClientProxyFactoryBeanDefinitionParser_java,11,312
org.apache.cxf.systest.provider.HWSoapMessageDocProvider_java,11,312
org.apache.cxf.ws.security.wss4j.policyhandlers.TransportBindingHandler_java,11,312
org.apache.cxf.tools.wsdlto.frontend.jaxws.validator.UniqueBodyValidator_java,11,312
org.apache.cxf.bus.spring.BusApplicationContext_java,11,312
org.apache.cxf.jaxws.binding.soap.JaxWsSoapBindingConfiguration_java,11,312
org.apache.cxf.service.model.AbstractPropertiesHolder_java,11,312
org.apache.cxf.aegis.type.basic.ObjectType_java,10,324
org.apache.cxf.systest.jaxrs.security.SecureBookInterface_java,10,324
org.apache.cxf.transport.http_jetty.continuations.JettyContinuationProvider_java,10,324
org.apache.cxf.jaxrs.servlet.CXFNonSpringJaxrsServlet_java,10,324
org.apache.cxf.transport.http_jetty.spring.JettyHTTPServerEngineBeanDefinitionParser_java,10,324
org.apache.cxf.javascript.service.ServiceJavascriptBuilder_java,10,324
org.apache.cxf.ws.policy.PolicyEngineImpl_java,10,324
org.apache.cxf.staxutils.AbstractDOMStreamReader_java,10,324
org.apache.cxf.systest.jaxrs.BookSubresource_java,10,324
org.apache.cxf.systest.http_jetty.continuations.HelloImplWithWrapppedContinuation_java,10,324
org.apache.cxf.tools.java2ws.JavaToWSContainer_java,10,324
org.apache.cxf.aegis.services.Echo_java,10,324
org.apache.cxf.systest.ws.addr_fromjava.server.AddNumberImpl_java,10,324
org.apache.cxf.binding.corba.utils.OrbConfig_java,9,337
org.apache.cxf.binding.xml.XMLFormatValidator_java,9,337
org.apache.cxf.aegis.services.SimpleBean_java,9,337
org.apache.cxf.tools.fortest.xmllist.AddNumberImpl_java,9,337
org.apache.cxf.systest.provider.HWDOMSourcePayloadXMLBindingProvider_java,9,337
org.apache.cxf.aegis.services.base64.BinaryDataService_java,9,337
org.apache.cxf.aegis.type.basic.BeanTypePropertyInfo_java,9,337
org.apache.cxf.ws.rm.WrappedEndpoint_java,9,337
org.apache.cxf.wsdl11.WSDLServiceFactory_java,9,337
org.apache.cxf.systest.jaxrs.Book_java,8,346
org.apache.cxf.aegis.xml.stax.ElementWriter_java,8,346
org.apache.cxf.systest.jaxrs.BookSubresourceImpl_java,8,346
org.apache.cxf.jaxws.JaxwsServiceBuilder_java,8,346
org.apache.cxf.aegis.type.encoded.SoapArrayType_java,8,346
org.apache.cxf.tools.validator.internal.SchemaValidator_java,8,346
org.apache.cxf.aegis.type.array.FlatArrayService_java,8,346
org.apache.cxf.systest.swa.Server_java,8,346
org.apache.cxf.jaxb.attachment.JAXBAttachmentMarshaller_java,8,346
org.apache.cxf.systest.jaxws.RpcLitCodeFirstServiceImpl_java,8,346
org.apache.cxf.jaxrs.model.wadl.WadlGenerator_java,8,346
org.apache.cxf.systest.jaxws.DocLitWrappedCodeFirstServiceImpl_java,8,346
org.apache.cxf.interceptor.AbstractInDatabindingInterceptor_java,8,346
org.apache.cxf.wsdl11.WSDLRuntimeException_java,7,359
org.apache.cxf.aegis.type.mtom.AbstractXOPType_java,7,359
org.apache.cxf.aegis.type.java5.Java5TypeCreator_java,7,359
org.apache.cxf.endpoint.ManagedEndpoint_java,7,359
org.apache.cxf.aegis.type.java5.EnumType_java,7,359
org.apache.cxf.maven_plugin.WSDLValidatorMojo_java,7,359
org.apache.cxf.aegis.AegisContext_java,7,359
org.apache.cxf.staxutils.W3CNamespaceContext_java,7,359
org.apache.cxf.systest.jaxws.RpcLitCodeFirstService_java,7,359
org.apache.cxf.tools.java2js.processor.JavaToJSProcessor_java,7,359
org.apache.cxf.systest.type_test.AbstractTypeTestClient_java,7,359
org.apache.cxf.databinding.source.XMLStreamDataWriter_java,7,359
org.apache.cxf.wsdl11.SchemaSerializer_java,7,359
org.apache.cxf.aegis.type.collection.MapType_java,7,359
org.apache.cxf.attachment.AttachmentUtil_java,7,359
org.apache.cxf.jaxws.interceptors.HolderInInterceptor_java,6,374
org.apache.cxf.helpers.FileUtils_java,6,374
org.apache.cxf.tools.wsdlto.databinding.jaxb.ClassNameAllocatorImpl_java,6,374
org.apache.cxf.jaxrs.impl.RequestPreprocessor_java,6,374
org.apache.cxf.jaxws.ServiceImpl_java,6,374
org.apache.cxf.interceptor.Fault_java,6,374
org.apache.cxf.ws.addressing.AddressingProperties_java,6,374
org.apache.cxf.binding.AbstractBindingFactory_java,6,374
org.apache.cxf.systest.jaxrs.AtomBookStore_java,6,374
org.apache.cxf.frontend.AbstractWSDLBasedEndpointFactory_java,6,374
org.apache.cxf.aegis.type.basic.StringType_java,6,374
org.apache.cxf.common.util.StringUtils_java,6,374
org.apache.cxf.javascript.fortest.SimpleDocLitWrapped_java,6,374
org.apache.cxf.resource.ExtendedURIResolver_java,6,374
org.apache.cxf.feature.AbstractFeature_java,6,374
org.apache.cxf.transport.servlet.ServletDestination_java,6,374
org.apache.cxf.systest.jaxrs.AtomBookStore2_java,5,390
org.apache.cxf.tools.java2wsdl.processor.JavaToWSDLProcessor_java,5,390
org.apache.cxf.jaxws.JaxWsClientFactoryBean_java,5,390
org.apache.cxf.ws.security.policy.interceptors.WSSecurityPolicyInterceptorProvider_java,5,390
org.apache.cxf.ws.rm.RMInInterceptor_java,5,390
org.apache.cxf.tools.wsdlto.frontend.jaxws.processor.internal.annotator.SoapBindingAnnotator_java,5,390
org.apache.cxf.jaxws.endpoint.dynamic.JaxWsDynamicClientFactory_java,5,390
org.apache.cxf.databinding.source.NodeDataWriter_java,5,390
org.apache.cxf.jca.inbound.InboundEndpoint_java,5,390
org.apache.cxf.bus.extension.ExtensionManagerBus_java,5,390
org.apache.cxf.jaxrs.resources.Tags_java,5,390
org.apache.cxf.jaxws.JAXWSMethodInvoker_java,5,390
org.apache.cxf.tools.java2wsdl.generator.wsdl11.FaultBeanGenerator_java,4,402
org.apache.cxf.jaxrs.impl.SecurityContextImpl_java,4,402
org.apache.cxf.tools.common.model.JavaParameter_java,4,402
org.apache.cxf.jaxrs.provider.ProviderFactory_java,4,402
org.apache.cxf.jaxrs.client.InvocationHandlerAware_java,4,402
org.apache.cxf.binding.soap.interceptor.CheckFaultInterceptor_java,4,402
org.apache.cxf.io.CacheAndWriteOutputStream_java,4,402
org.apache.cxf.ws.security.tokenstore.SecurityToken_java,4,402
org.apache.cxf.aegis.type.array.FlatArrayServiceInterface_java,4,402
org.apache.cxf.management.counters.CounterRepository_java,4,402
org.apache.cxf.binding.soap.saaj.SAAJOutInterceptor_java,4,402
org.apache.cxf.tools.java2ws.JavaToWS_java,4,402
org.apache.cxf.interceptor.FIStaxOutInterceptor_java,4,402
org.apache.cxf.tools.corba.idlpreprocessor.DefaultIncludeResolver_java,4,402
org.apache.cxf.databinding.stax.StaxDataBinding_java,4,402
org.apache.cxf.jaxws.handler.logical.LogicalMessageImpl_java,4,402
org.apache.cxf.tools.common.ToolConstants_java,4,402
org.apache.cxf.management.interceptor.ResponseTimeMessageInvokerInterceptor_java,4,402
org.apache.cxf.jaxrs.impl.MetadataMap_java,4,402
org.apache.cxf.binding.corba.utils.CorbaBindingHelper_java,4,402
org.apache.cxf.tools.common.ProcessorTestBase_java,3,422
org.apache.cxf.configuration.jsse.TLSServerParameters_java,3,422
org.apache.cxf.service.factory.AbstractServiceFactoryBean_java,3,422
org.apache.cxf.systest.jaxws.Hello_java,3,422
org.apache.cxf.ws.security.wss4j.policyhandlers.SymmetricBindingHandler_java,3,422
org.apache.cxf.binding.corba.interceptors.CorbaStreamInInterceptor_java,3,422
org.apache.cxf.service.model.InterfaceInfo_java,3,422
org.apache.cxf.jaxws.service.ArrayService_java,3,422
org.apache.cxf.systest.jms.tx.GreeterImplWithTransaction_java,3,422
org.apache.cxf.aegis.type.mtom.AttachmentUtil_java,3,422
org.apache.cxf.js.rhino.AbstractDOMProvider_java,3,422
org.apache.cxf.interceptor.InFaultChainInitiatorObserver_java,3,422
org.apache.hello_world_soap_http.RPCLitGreeterImpl_java,3,422
org.apache.cxf.jaxws.handler.soap.SOAPMessageContextImpl_java,3,422
org.apache.cxf.jaxws.service.Foo_java,3,422
org.apache.cxf.binding.corba.CorbaDestination_java,3,422
org.apache.cxf.attachment.MimeBodyPartInputStream_java,3,422
org.apache.cxf.jaxws.handler.soap.SOAPHandlerInterceptor_java,3,422
org.apache.cxf.javascript.JsNamedNodeMap_java,3,422
org.apache.cxf.tools.corba.processors.idl.TypedefVisitor_java,3,422
org.apache.cxf.jaxrs.impl.PathSegmentImpl_java,3,422
org.apache.cxf.tools.validator.internal.model.FailureLocation_java,3,422
org.apache.cxf.binding.soap.SoapVersion_java,3,422
org.apache.cxf.aegis.type.basic.DateTimeType_java,2,445
org.apache.cxf.ws.addressing.Names_java,2,445
org.apache.cxf.systest.mtom_bindingtype.Server_java,2,445
org.apache.cxf.aegis.type.basic.BigDecimalType_java,2,445
org.apache.cxf.systest.jaxws.DocLitBareCodeFirstServiceImpl_java,2,445
org.apache.cxf.ws.security.policy.interceptors.SecureConversationInInterceptor_java,2,445
org.apache.cxf.aegis.type.mtom.DataHandlerType_java,2,445
org.apache.cxf.service.model.MessageInfo_java,2,445
org.apache.cxf.interceptor.StaxOutInterceptor_java,2,445
org.apache.cxf.aegis.type.java5.XmlElement_java,2,445
org.apache.cxf.common.util.ProxyHelper_java,2,445
org.apache.cxf.transport.jms.JMSTransportFactory_java,2,445
org.apache.cxf.attachment.DelegatingInputStream_java,2,445
org.apache.cxf.common.logging.Log4jLogger_java,2,445
org.apache.cxf.aegis.type.java5.XMLGregorianCalendarType_java,2,445
org.apache.cxf.aegis.type.basic.TimestampType_java,2,445
org.apache.cxf.systest.jms.TwoWayJMSImplBase_java,2,445
org.apache.cxf.aegis.type.basic.URIType_java,2,445
org.apache.cxf.ws.security.wss4j.policyhandlers.AsymmetricBindingHandler_java,2,445
org.apache.cxf.transport.http.spring.HttpConduitBeanDefinitionParser_java,2,445
org.apache.cxf.aegis.AegisXMLStreamDataReader_java,2,445
org.apache.cxf.aegis.type.basic.DateType_java,2,445
org.apache.cxf.systest.aegis.AegisJaxWsImpl_java,2,445
org.apache.cxf.aegis.type.map.fortest.MapTestImpl_java,2,445
org.apache.cxf.aegis.type.basic.CalendarType_java,2,445
org.apache.cxf.aegis.type.basic.ShortType_java,2,445
org.apache.cxf.binding.soap.SoapTransportFactory_java,2,445
org.apache.cxf.wsdl11.ServiceWSDLBuilder_java,2,445
org.apache.cxf.tools.validator.internal.WSDLRefValidator_java,2,445
org.apache.cxf.binding.soap.interceptor.RPCInInterceptor_java,2,445
org.apache.cxf.jaxrs.ext.xml.XMLSource_java,2,445
org.apache.cxf.jaxrs.model.wadl.BookStore_java,2,445
org.apache.cxf.aegis.type.java5.DurationType_java,2,445
org.apache.cxf.jaxrs.utils.ResourceUtils_java,2,445
org.apache.cxf.bus.spring.SpringBeanLocator_java,2,445
org.apache.cxf.management.jmx.InstrumentationManagerImpl_java,2,445
org.apache.cxf.ws.rm.RetransmissionInterceptor_java,2,445
org.apache.cxf.aegis.type.basic.ByteType_java,2,445
org.apache.cxf.bus.extension.ExtensionManager_java,2,445
org.apache.cxf.common.logging.AbstractDelegatingLogger_java,2,445
org.apache.cxf.systest.mtom_feature.Server_java,2,445
org.apache.cxf.aegis.type.basic.TimeType_java,2,445
org.apache.cxf.aegis.type.basic.BigIntegerType_java,2,445
org.apache.cxf.configuration.spring.StringBeanDefinitionParser_java,2,445
org.apache.cxf.js.rhino.ProviderFactory_java,2,445
org.apache.cxf.BusFactory_java,2,445
org.apache.cxf.binding.corba.CorbaConduit_java,2,445
org.apache.cxf.tools.corba.processors.idl.WSDLASTVisitor_java,2,445
org.apache.cxf.aegis.type.DefaultTypeCreator_java,1,493
org.apache.cxf.bus.spring.SpringBusFactory_java,1,493
org.apache.cxf.aegis.type.TypeCreator_java,1,493
org.apache.cxf.jaxrs.utils.multipart.AttachmentUtils_java,1,493
org.apache.cxf.tools.wsdlto.frontend.jaxws.processor.internal.mapper.InterfaceMapper_java,1,493
org.apache.cxf.message.Message_java,1,493
org.apache.cxf.jaxrs.ext.MessageContextImpl_java,1,493
org.apache.cxf.systest.aegis.AegisJaxWs_java,1,493
org.apache.cxf.transport.jms.JMSConstants_java,1,493
org.apache.cxf.binding.soap.interceptor.Soap11FaultOutInterceptor_java,1,493
org.apache.cxf.tools.wsdlto.javascript.JavaScriptContainer_java,1,493
org.apache.cxf.ws.policy.EndpointPolicyImpl_java,1,493
org.apache.cxf.attachment.AttachmentDataSource_java,1,493
org.apache.cxf.tools.wsdlto.frontend.jaxws.JAXWSContainer_java,1,493
org.apache.cxf.management.interceptor.ResponseTimeFeature_java,1,493
