file,bugChurn,rank
org.apache.cxf.endpoint.ClientImpl_java,404,1
org.apache.cxf.io.ReaderInputStream_java,296,2
org.apache.cxf.jaxrs.utils.JAXRSUtils_java,270,3
org.apache.cxf.jaxrs.impl.ConfigurableImpl_java,179,4
org.apache.cxf.transport.http.MockHTTPConduit_java,163,5
org.apache.cxf.systest.jaxrs.sse.BookStoreClientCloseable_java,146,6
org.apache.cxf.jaxrs.springmvc.SpringViewResolverProvider_java,136,7
org.apache.cxf.cdi.JAXRSCdiResourceExtension_java,136,7
org.apache.cxf.jaxrs.provider.ProviderFactory_java,135,9
org.apache.cxf.transport.servlet.AbstractHTTPServlet_java,133,10
org.apache.cxf.jaxrs.sse.SseEventSinkImpl_java,132,11
org.apache.cxf.common.jaxb.JAXBUtils_java,131,12
org.apache.cxf.jaxrs.swagger.ui.SwaggerUiService_java,130,13
org.apache.cxf.cdi.CdiServerConfigurableFactory_java,127,14
org.apache.cxf.jaxrs.swagger.ui.SwaggerUiSupport_java,126,15
org.apache.cxf.common.logging.RegexLoggingFilter_java,117,16
org.apache.cxf.interceptor.security.DefaultSecurityContext_java,113,17
org.apache.cxf.rs.security.oauth2.grants.code.JPACMTCodeDataProvider_java,113,17
org.apache.cxf.common.util.SpringClassUnwrapper_java,112,19
org.apache.cxf.maven_plugin.Java2WSMojo_java,106,20
org.apache.cxf.systest.jaxrs.cors.AnnotatedCorsServer2_java,100,21
org.apache.cxf.jaxrs.client.ClientProxyImpl_java,99,22
org.apache.cxf.jaxrs.impl.RequestImpl_java,99,22
org.apache.cxf.jaxrs.swagger.ui.OsgiSwaggerUiResolver_java,95,24
org.apache.cxf.transport.http_jetty.JettyHTTPServerEngine_java,91,25
org.apache.cxf.ws.rm.DestinationSequence_java,88,26
org.apache.cxf.transport.jms.util.PollingMessageListenerContainer_java,87,27
org.apache.cxf.jaxws.JaxWsClientProxy_java,85,28
org.apache.cxf.configuration.jsse.MultiKeyPasswordKeyManager_java,83,29
org.apache.cxf.staxutils.validation.Stax2ValidationUtils_java,82,30
org.apache.cxf.systest.jaxrs.description.Swagger2Server_java,82,30
org.apache.cxf.systest.jaxrs.XForwardedServletFilter_java,81,32
org.apache.cxf.rs.security.oauth2.provider.JPAOAuthDataProvider_java,79,33
org.apache.cxf.jaxrs.provider.ServerProviderFactory_java,78,34
org.apache.cxf.systest.jaxrs.sse.BookBroadcasterStats_java,77,35
org.apache.cxf.systest.ws.rm.SingleMessageDelaySimulator_java,75,36
org.apache.cxf.jaxrs.utils.AccumulatingIntersector_java,74,37
org.apache.cxf.systest.soap.EmptySoapProviderServer_java,74,37
org.apache.cxf.jaxrs.swagger.ui.SwaggerUiResolver_java,73,39
org.apache.cxf.jaxrs.swagger.ui.SwaggerUiResourceLocator_java,72,40
org.apache.cxf.jaxrs.swagger.parse.SwaggerParseUtils_java,70,41
org.apache.cxf.systest.jaxb.service.PropertyOrderException_java,70,41
org.apache.cxf.common.security.GroupPrincipal_java,69,43
org.apache.cxf.wsdl11.WSDLManagerImpl_java,65,44
org.apache.cxf.jaxrs.model.URITemplate_java,64,45
org.apache.cxf.common.util.ClassHelper_java,64,45
org.apache.cxf.jaxrs.utils.HttpUtils_java,63,47
org.apache.cxf.systest.jaxws.EchoServiceImpl_java,63,47
org.apache.cxf.configuration.jsse.SSLUtils_java,62,49
org.apache.cxf.systest.jaxb.service.ErrorData_java,62,49
org.apache.cxf.jaxrs.rx2.client.FlowableRxInvokerImpl_java,60,51
org.apache.cxf.cdi.PerRequestResourceProvider_java,59,52
org.apache.cxf.jaxrs.provider.ServerConfigurableFactory_java,59,52
org.apache.cxf.systest.jaxrs.security.jose.jwejws.BookServerHTTPHeaders_java,59,52
org.apache.cxf.systest.jaxrs.BookServerSub_java,59,52
org.apache.cxf.jaxrs.rx2.client.ObservableRxInvokerImpl_java,58,56
org.apache.cxf.jaxrs.swagger.ui.SwaggerUiResourceFilter_java,58,56
org.apache.cxf.jaxrs.utils.ResourceUtils_java,58,56
org.apache.cxf.transport.jms.JMSDestination_java,58,56
org.apache.cxf.cdi.CdiClassUnwrapper_java,57,60
org.apache.cxf.ws.rm.Proxy_java,57,60
org.apache.cxf.jaxrs.json.basic.JsonMapObjectReaderWriter_java,56,62
org.apache.cxf.transport.http.Headers_java,55,63
org.apache.cxf.transport.jms.JMSConduit_java,55,63
org.apache.cxf.jaxrs.swagger.ui.SwaggerUiServiceFilter_java,54,65
org.apache.cxf.ext.logging.LoggingInInterceptor_java,54,65
org.apache.cxf.ws.security.wss4j.policyhandlers.AbstractBindingBuilder_java,54,65
org.apache.cxf.helpers.DOMUtils_java,53,68
org.apache.cxf.tools.wsdlto.frontend.jaxws.processor.internal.ProcessorUtil_java,52,69
org.apache.cxf.systest.jaxrs.form.FormReaderInterceptor_java,52,69
org.apache.cxf.cdi.SingletonResourceProvider_java,52,69
org.apache.cxf.cdi.Lifecycle_java,49,72
org.apache.cxf.ws.security.trust.STSStaxTokenValidator_java,48,73
org.apache.cxf.systests.cdi.base.BookStorePreMatchingRequestFilter_java,48,73
org.apache.cxf.systest.jaxrs.reactor.FluxService_java,48,73
org.apache.cxf.jaxws.handler.soap.SOAPHandlerInterceptor_java,47,76
org.apache.cxf.systests.cdi.base.BookStoreRequestFilter_java,47,76
org.apache.cxf.systest.soap.TransformServer_java,47,76
org.apache.cxf.systest.soap.EmptySOAPBodyServer_java,47,76
org.apache.cxf.ws.policy.WSPolicyFeature_java,46,80
org.apache.cxf.jaxrs.swagger.Swagger2Feature_java,46,80
org.apache.cxf.systest.jaxrs.ReplacingOutputStream_java,45,82
org.apache.cxf.systest.jaxws.attachment.AttachmentServiceImpl_java,45,82
org.apache.cxf.systest.jaxws.attachment.Request_java,45,82
org.apache.cxf.systest.jms.action.Server_java,45,82
org.apache.cxf.common.jaxb.EscapeHandlerInvocationHandler_java,45,82
org.apache.cxf.transport.http.auth.CustomAuthSupplier_java,45,82
org.apache.cxf.systest.jaxrs.form.FormResource_java,45,82
org.apache.cxf.tools.wsdlto.frontend.jaxws.customization.JAXWSBindingSerializer_java,44,89
org.apache.cxf.systest.soap.DummyService_java,44,89
org.apache.cxf.systests.cdi.base.BookStoreResponseFilter_java,44,89
org.apache.cxf.jaxrs.reactivestreams.server.StreamingAsyncSubscriber_java,43,92
org.apache.cxf.systests.cdi.base.BookStoreByIds_java,43,92
org.apache.cxf.jaxrs.impl.ConfigurationImpl_java,42,94
org.apache.cxf.transport.http.HTTPConduit_java,41,95
org.apache.cxf.transport.https.SSLUtils_java,40,96
org.apache.cxf.attachment.HeaderSizeExceededException_java,40,96
org.apache.cxf.ws.security.wss4j.policyvalidators.SamlTokenPolicyValidator_java,39,98
org.apache.cxf.attachment.AttachmentSerializer_java,39,98
org.apache.cxf.attachment.AttachmentDeserializer_java,38,100
org.apache.cxf.rs.security.oauth2.services.AuthorizationMetadataService_java,37,101
org.apache.cxf.systest.jaxrs.description.BookStoreStylesheetsSwagger2_java,37,101
org.apache.cxf.ext.logging.LogEventSenderMock_java,37,101
org.apache.cxf.configuration.jsse.TLSParameterJaxBUtils_java,36,104
org.apache.cxf.jaxrs.utils.NonAccumulatingIntersector_java,36,104
org.apache.cxf.jaxb.io.DataWriterImpl_java,36,104
org.apache.cxf.systest.jaxws.attachment.AttachmentService_java,36,104
org.apache.cxf.jaxb.JAXBEncoderDecoder_java,35,108
org.apache.cxf.systests.java2ws.HelloWorldArgs_java,35,108
org.apache.cxf.common.util.WeakIdentityHashMap_java,35,108
org.apache.cxf.systest.jms.action.SoapActionGreeterImplTwoWayJMS_java,35,108
org.apache.cxf.cdi.event.DisposableCreationalContext_java,34,112
org.apache.cxf.helpers.ServiceUtils_java,34,112
org.apache.cxf.systest.jaxrs.BookStoreSubObject_java,34,112
org.apache.cxf.systest.jaxrs.cdi.SampleNestedFeature_java,33,115
org.apache.cxf.systests.cdi.base.BookStoreAuthenticator_java,33,115
org.apache.cxf.systest.jaxrs.cors.CorsSecuredBase_java,33,115
org.apache.cxf.systest.jaxrs.BookStore_java,33,115
org.apache.cxf.systest.jaxrs.BookServer20_java,32,119
org.apache.cxf.ext.logging.LoggingOutInterceptor_java,32,119
org.apache.cxf.systests.java2ws.StringWrapper_java,32,119
org.apache.cxf.systest.jaxrs.reactor.IllegalArgumentExceptionMapper_java,32,119
org.apache.cxf.rs.security.jose.jaxrs.JweClientResponseFilter_java,32,119
org.apache.cxf.tools.wsdlto.WSDLToJavaContainer_java,31,124
org.apache.cxf.rs.security.oauth2.provider.OAuthJSONProvider_java,31,124
org.apache.cxf.helpers.IOUtils_java,31,124
org.apache.cxf.jaxb.JAXBDataBinding_java,31,124
org.apache.cxf.transport.http_jetty.blueprint.JettyHTTPServerEngineFactoryHolder_java,31,124
org.apache.cxf.jaxb.Utils_java,30,129
org.apache.cxf.jaxrs.model.FilterProviderInfo_java,30,129
org.apache.cxf.rs.security.jose.jaxrs.JwsClientResponseFilter_java,30,129
org.apache.cxf.jaxws.interceptors.WebFaultOutInterceptor_java,30,129
org.apache.cxf.helpers.JavaUtils_java,30,129
org.apache.cxf.transport.http.ProxyOutputStream_java,29,134
org.apache.cxf.maven_plugin.AbstractCodegenMoho_java,28,135
org.apache.cxf.endpoint.Client_java,28,135
org.apache.cxf.rs.security.jose.jaxrs.JweJsonClientResponseFilter_java,28,135
org.apache.cxf.systest.jaxrs.cdi.BookStoreFeed_java,28,135
org.apache.cxf.ws.addressing.soap.MAPCodec_java,28,135
org.apache.cxf.rs.security.jose.jaxrs.JwsJsonClientResponseFilter_java,28,135
org.apache.cxf.systest.jaxws.EchoService_java,27,141
org.apache.cxf.transport.jms.util.JMSUtil_java,27,141
org.apache.cxf.transport.http_undertow.blueprint.UndertowHTTPServerEngineFactoryHolder_java,27,141
org.apache.cxf.jaxrs.model.ProviderInfo_java,27,141
org.apache.cxf.jaxrs.utils.MimeTypesIntersector_java,26,145
org.apache.cxf.transport.http.osgi.HttpConduitConfigApplier_java,25,146
org.apache.cxf.systest.basicDOCBare.Server_java,25,146
org.apache.cxf.jaxrs.client.AbstractClient_java,24,148
org.apache.cxf.jaxrs.impl.AsyncResponseImpl_java,24,148
org.apache.cxf.rs.security.jose.jaxrs.JweJsonContainerRequestFilter_java,24,148
org.apache.cxf.transport.jms.uri.JMSEndpoint_java,24,148
org.apache.cxf.jaxrs.client.spec.ClientImpl_java,23,152
org.apache.cxf.testutil.common.ServerLauncher_java,23,152
org.apache.cxf.common.util.ReflectionUtil_java,23,152
org.apache.cxf.common.util.ClassUnwrapper_java,23,152
org.apache.cxf.systest.jaxrs.cors.CorsSecured_java,23,152
org.apache.cxf.rs.security.jose.jaxrs.JweContainerRequestFilter_java,23,152
org.apache.cxf.transport.http_jetty.blueprint.JettyServerEngineFactoryParser_java,23,152
org.apache.cxf.systest.jaxrs.reactive.RxJava2ObservableService_java,22,159
org.apache.cxf.message.MessageUtils_java,22,159
org.apache.cxf.ws.security.wss4j.UsernameTokenInterceptor_java,22,159
org.apache.cxf.rs.security.oauth2.provider.AbstractOAuthDataProvider_java,21,162
org.apache.cxf.maven_plugin.wadlto.AbstractCodeGeneratorMojo_java,21,162
org.apache.cxf.rs.security.jose.jaxrs.JwsContainerRequestFilter_java,21,162
org.apache.cxf.rs.security.jose.jaxrs.JwsJsonContainerRequestFilter_java,21,162
org.apache.cxf.microprofile.client.proxy.MPAsyncInvocationInterceptorPostAsyncImpl_java,21,162
org.apache.cxf.microprofile.client.proxy.MPAsyncInvocationInterceptorRemoveContextImpl_java,21,162
org.apache.cxf.rs.security.jose.jaxrs.JoseJaxrsUtils_java,20,168
org.apache.cxf.rs.security.jose.jwk.JwkUtils_java,20,168
org.apache.cxf.transport.jms.BackChannelConduit_java,20,168
org.apache.cxf.ws.security.wss4j.policyvalidators.SymmetricBindingPolicyValidator_java,20,168
org.apache.cxf.ws.addressing.EndpointReferenceUtils_java,19,172
org.apache.cxf.jaxrs.swagger.openapi.SwaggerToOpenApiConversionFilter_java,19,172
org.apache.cxf.rs.security.oauth2.services.AbstractTokenService_java,19,172
org.apache.cxf.jaxws.DispatchImpl_java,18,175
org.apache.cxf.rs.security.jose.jaxrs.AbstractJweDecryptingFilter_java,18,175
org.apache.cxf.tools.wsdlto.databinding.jaxb.JAXBDataBinding_java,18,175
org.apache.cxf.maven_plugin.wadlto.WADL2JavaMojo_java,18,175
org.apache.cxf.jaxrs.impl.UriInfoImpl_java,18,175
org.apache.cxf.systest.ws.rm.ControlImpl_java,18,175
org.apache.cxf.transport.jms.JMSConfiguration_java,18,175
org.apache.cxf.microprofile.client.proxy.MicroProfileClientProxyImpl_java,18,175
org.apache.cxf.transport.jms.JMSMessageUtils_java,17,183
org.apache.cxf.jaxrs.interceptor.JAXRSInInterceptor_java,17,183
org.apache.cxf.helpers.FileUtils_java,17,183
org.apache.cxf.jaxrs.impl.WriterInterceptorMBW_java,17,183
org.apache.cxf.ws.security.wss4j.WSS4JOutInterceptor_java,16,187
org.apache.cxf.systest.jaxrs.description.BookStoreSwagger2_java,16,187
org.apache.cxf.ws.security.wss4j.WSS4JStaxOutInterceptor_java,16,187
org.apache.cxf.rs.security.jose.jaxrs.AbstractJweJsonDecryptingFilter_java,16,187
org.apache.cxf.ws.security.wss4j.policyvalidators.AsymmetricBindingPolicyValidator_java,15,191
org.apache.cxf.systest.jaxrs.security.saml.SamlCallbackHandler_java,15,191
org.apache.cxf.ws.rm.EncoderDecoder11Impl_java,15,191
org.apache.cxf.ws.addressing.policy.AddressingPolicyInterceptorProvider_java,15,191
org.apache.cxf.systest.jaxrs.validation.BookStoreWithValidation_java,15,191
org.apache.cxf.systest.jaxrs.sse.BookStore_java,14,196
org.apache.cxf.jaxws.context.WrappedMessageContext_java,14,196
org.apache.cxf.transport.http_undertow.blueprint.UndertowServerEngineFactoryParser_java,14,196
org.apache.cxf.resource.URIResolver_java,14,196
org.apache.cxf.interceptor.security.AbstractSecurityContextInInterceptor_java,14,196
org.apache.cxf.wsdl.service.factory.ClassReader_java,14,196
org.apache.cxf.tools.wadlto.jaxrs.SourceGenerator_java,14,196
org.apache.cxf.ws.addressing.ContextUtils_java,14,196
org.apache.cxf.transport.http.asyncclient.AsyncHTTPConduit_java,14,196
org.apache.cxf.systest.jaxrs.sse.BookStore2_java,14,196
org.apache.cxf.binding.soap.interceptor.AbstractSoapInterceptor_java,14,196
org.apache.cxf.ws.rm.RMOutInterceptor_java,13,207
org.apache.cxf.staxutils.W3CDOMStreamWriter_java,13,207
org.apache.cxf.transport.servlet.servicelist.FormattedServiceListWriter_java,13,207
org.apache.cxf.staxutils.transform.OutTransformWriter_java,12,210
org.apache.cxf.ws.security.wss4j.WSS4JStaxInInterceptor_java,12,210
org.apache.cxf.transport.http.AbstractHTTPDestination_java,12,210
org.apache.cxf.sts.event.map.MapEventLogger_java,12,210
org.apache.cxf.ws.policy.PolicyEngineImpl_java,12,210
org.apache.cxf.jaxrs.client.spec.ClientConfigurableImpl_java,12,210
org.apache.cxf.ws.rm.EncoderDecoder10Impl_java,11,216
org.apache.cxf.rs.security.jose.jaxrs.AbstractJwsJsonReaderProvider_java,11,216
org.apache.cxf.ws.rm.EncoderDecoder10AImpl_java,11,216
org.apache.cxf.jaxrs.Customer_java,11,216
org.apache.cxf.cdi.ContextProducerBean_java,11,216
org.apache.cxf.jaxrs.impl.WebApplicationExceptionMapper_java,11,216
org.apache.cxf.jaxrs.impl.ResponseImpl_java,11,216
org.apache.cxf.validation.AbstractValidationInterceptor_java,11,216
org.apache.cxf.ws.security.wss4j.policyhandlers.AsymmetricBindingHandler_java,11,216
org.apache.cxf.jaxrs.utils.JAXBUtils_java,11,216
org.apache.cxf.endpoint.ServerImpl_java,11,216
org.apache.cxf.maven_plugin.wsdl2java.WsdlOption_java,10,227
org.apache.cxf.configuration.jsse.TLSClientParametersConfig_java,10,227
org.apache.cxf.rs.security.oauth2.provider.JCacheOAuthDataProvider_java,10,227
org.apache.cxf.jaxrs.lifecycle.PerRequestResourceProvider_java,10,227
org.apache.cxf.rs.security.jose.jaxrs.AbstractJwsReaderProvider_java,10,227
org.apache.cxf.systest.jms.TwoWayJMSImplBase_java,10,227
org.apache.cxf.ws.security.wss4j.policyhandlers.StaxTransportBindingHandler_java,10,227
org.apache.cxf.configuration.jsse.TLSServerParametersConfig_java,10,227
org.apache.cxf.transport.http.osgi.ServletExporter_java,10,227
org.apache.cxf.microprofile.client.mock.MyClient_java,9,236
org.apache.cxf.binding.soap.saaj.SAAJStreamWriter_java,9,236
org.apache.cxf.jaxrs.swagger.Swagger2Customizer_java,9,236
org.apache.cxf.ws.security.wss4j.policyvalidators.AbstractSupportingTokenPolicyValidator_java,9,236
org.apache.cxf.jaxrs.impl.UriBuilderImpl_java,8,240
org.apache.cxf.common.util.Base64Utility_java,8,240
org.apache.cxf.rs.security.httpsignature.TomitribeSignatureCreator_java,8,240
org.apache.cxf.jaxrs.client.WebClient_java,8,240
org.apache.cxf.interceptor.AbstractLoggingInterceptor_java,8,240
org.apache.cxf.transport.websocket.atmosphere.DefaultProtocolInterceptor_java,8,240
org.apache.cxf.jaxrs.client.spec.ClientRequestFilterInterceptor_java,8,240
org.apache.cxf.rs.security.jose.common.KeyManagementUtils_java,8,240
org.apache.cxf.ws.addressing.impl.MAPAggregatorImpl_java,8,240
org.apache.cxf.jaxrs.rx2.client.FlowableRxInvokerProvider_java,7,249
org.apache.cxf.tools.wsdlto.WSDLToJava_java,7,249
org.apache.cxf.jaxrs.model.doc.JavaDocProvider_java,7,249
org.apache.cxf.jaxrs.spring.JAXRSServerFactoryBeanDefinitionParser_java,7,249
org.apache.cxf.jaxrs.rx2.client.ObservableRxInvokerProvider_java,7,249
org.apache.cxf.microprofile.client.cdi.RestClientBean_java,7,249
org.apache.cxf.jaxrs.sse.SseBroadcasterImpl_java,7,249
org.apache.cxf.binding.soap.interceptor.SoapActionInInterceptor_java,7,249
org.apache.cxf.jaxrs.ext.MessageContextImpl_java,7,249
org.apache.cxf.tools.common.ToolConstants_java,7,249
org.apache.cxf.jaxrs.reactor.client.ReactorInvokerImpl_java,7,249
org.apache.cxf.transport.jms.AbstractJMSTester_java,6,260
org.apache.cxf.jaxws.JaxwsClientCallback_java,6,260
org.apache.cxf.jaxrs.ext.multipart.Attachment_java,6,260
org.apache.cxf.ws.rm.soap.RedeliveryQueueImpl_java,6,260
org.apache.cxf.systest.jaxrs.BookStoreCustomApplication_java,6,260
org.apache.cxf.ws.security.wss4j.policyvalidators.AbstractBindingPolicyValidator_java,6,260
org.apache.cxf.ws.security.wss4j.policyvalidators.SignedEndorsingEncryptedTokenPolicyValidator_java,6,260
org.apache.cxf.tracing.brave.AbstractBraveClientProvider_java,6,260
org.apache.cxf.ws.security.wss4j.policyvalidators.EndorsingTokenPolicyValidator_java,6,260
org.apache.cxf.ws.security.wss4j.policyvalidators.EndorsingEncryptedTokenPolicyValidator_java,6,260
org.apache.cxf.common.injection.ResourceInjector_java,6,260
org.apache.cxf.ws.security.wss4j.policyvalidators.SignedEndorsingTokenPolicyValidator_java,6,260
org.apache.cxf.feature.validation.DefaultSchemaValidationTypeProvider_java,6,260
org.apache.cxf.jaxrs.utils.InjectionUtils_java,6,260
org.apache.cxf.tools.wadlto.WADLToJava_java,5,274
org.apache.cxf.cdi.CdiBusBean_java,5,274
org.apache.cxf.microprofile.client.MicroProfileClientConfigurableImpl_java,5,274
org.apache.cxf.rt.security.saml.utils.SAMLUtils_java,5,274
org.apache.cxf.interceptor.LoggingOutInterceptor_java,5,274
org.apache.cxf.clustering.circuitbreaker.CircuitBreakerFailoverFeature_java,5,274
org.apache.cxf.binding.soap.jms.interceptor.SoapJMSInInterceptor_java,5,274
org.apache.cxf.systest.jaxrs.cdi.SampleFeature_java,5,274
org.apache.cxf.attachment.AttachmentUtil_java,5,274
org.apache.cxf.tools.wsdlto.core.AbstractGenerator_java,5,274
org.apache.cxf.transport.http.netty.server.NettyHttpServerEngine_java,5,274
org.apache.cxf.transport.jms.JMSConfigFactory_java,4,285
org.apache.cxf.ws.rm.SourceSequence_java,4,285
org.apache.cxf.interceptor.AbstractFaultChainInitiatorObserver_java,4,285
org.apache.cxf.jaxrs.sse.client.InboundSseEventProcessor_java,4,285
org.apache.cxf.tracing.opentracing.AbstractOpenTracingClientProvider_java,4,285
org.apache.cxf.ws.security.wss4j.WSS4JInInterceptor_java,4,285
org.apache.cxf.databinding.source.XMLStreamDataWriter_java,4,285
org.apache.cxf.ws.rm.RMCaptureOutInterceptor_java,4,285
org.apache.cxf.jaxws.handler.logical.LogicalMessageContextImpl_java,4,285
org.apache.cxf.jaxrs.client.spec.ClientResponseContextImpl_java,4,285
org.apache.cxf.jaxrs.openapi.SwaggerUi_java,4,285
org.apache.cxf.microprofile.client.cdi.RestClientExtension_java,4,285
org.apache.cxf.jaxrs.blueprint.Activator_java,4,285
org.apache.cxf.spring.boot.autoconfigure.openapi.OpenApiAutoConfiguration_java,4,285
org.apache.cxf.jaxrs.impl.ContainerRequestContextImpl_java,4,285
org.apache.cxf.interceptor.LoggingInInterceptor_java,4,285
org.apache.cxf.jaxrs.client.ClientProviderFactory_java,4,285
org.apache.cxf.jaxrs.model.wadl.WadlGenerator_java,4,285
org.apache.cxf.jaxrs.provider.JAXBElementProvider_java,4,285
org.apache.cxf.interceptor.transform.TransformOutInterceptor_java,4,285
org.apache.cxf.ws.rm.soap.RetransmissionQueueImpl_java,3,305
org.apache.cxf.systest.jaxrs.security.oauth2.common.JCacheOAuthDataProviderImpl_java,3,305
org.apache.cxf.transport.http_undertow.UndertowHTTPServerEngine_java,3,305
org.apache.cxf.jaxrs.swagger.SwaggerUi_java,3,305
org.apache.cxf.tools.common.ProcessorTestBase_java,3,305
org.apache.cxf.systest.jaxrs.cors.AnnotatedCorsServer_java,3,305
org.apache.cxf.transport.websocket.jetty9.Jetty9WebSocketDestination_java,3,305
org.apache.cxf.jaxws.interceptors.SwAOutInterceptor_java,3,305
org.apache.cxf.jaxrs.model.OperationResourceInfoComparator_java,3,305
org.apache.cxf.jaxrs.JAXRSInvoker_java,3,305
org.apache.hello_world_soap_http.BaseGreeterImpl_java,3,305
org.apache.cxf.transport.http_jetty.spring.JettyHTTPServerEngineBeanDefinitionParser_java,3,305
org.apache.cxf.common.security.SimpleGroup_java,3,305
org.apache.cxf.common.util.Compiler_java,3,305
org.apache.cxf.transport.http.asyncclient.AsyncHTTPConduitFactory_java,3,305
org.apache.cxf.ws.policy.PolicyEngine_java,3,305
org.apache.cxf.ws.rm.RMInInterceptor_java,3,305
org.apache.cxf.tracing.brave.AbstractBraveProvider_java,2,322
org.apache.cxf.microprofile.client.proxy.MPAsyncInvocationInterceptorImpl_java,2,322
org.apache.cxf.tools.wsdlto.frontend.jaxws.wsdl11.JAXWSDefinitionBuilder_java,2,322
org.apache.cxf.jaxrs.provider.AbstractConfigurableProvider_java,2,322
org.apache.cxf.transport.common.gzip.GZIPFeature_java,2,322
org.apache.cxf.ws.addressing.impl.AddressingFeatureApplier_java,2,322
org.apache.cxf.transport.http.asyncclient.SharedInputBuffer_java,2,322
org.apache.cxf.wsdl.interceptors.DocLiteralInInterceptor_java,2,322
org.apache.cxf.tools.java2ws.JavaToWS_java,2,322
org.apache.cxf.ws.addressing.soap.VersionTransformer_java,2,322
org.apache.cxf.jaxws.context.WrappedAttachments_java,2,322
org.apache.cxf.transport.http_jetty.osgi.HTTPJettyTransportActivator_java,2,322
org.apache.cxf.systest.jms.security.SecurityGreeterImplTwoWayJMS_java,2,322
org.apache.cxf.rs.security.saml.AbstractSamlInHandler_java,2,322
org.apache.cxf.jaxrs.model.ClassResourceInfo_java,2,322
org.apache.cxf.jaxrs.openapi.OpenApiFeature_java,2,322
org.apache.cxf.common.util.ClasspathScanner_java,2,322
org.apache.cxf.tools.java2wsdl.processor.internal.jaxws.Wrapper_java,2,322
org.apache.cxf.ws.rm.RMManager_java,2,322
org.apache.cxf.rt.security.SecurityConstants_java,2,322
org.apache.cxf.jaxrs.provider.AbstractJAXBProvider_java,2,322
org.apache.cxf.maven_plugin.wsdl2java.WsdlOptionLoader_java,2,322
org.apache.cxf.transport.servlet.ServletDestination_java,2,322
org.apache.cxf.service.model.SchemaInfo_java,2,322
org.apache.cxf.rs.security.jose.jwe.JweUtils_java,2,322
org.apache.cxf.systest.jaxrs.security.jose.BookStore_java,2,322
org.apache.cxf.io.CachedOutputStream_java,2,322
org.apache.cxf.attachment.ContentDisposition_java,2,322
org.apache.cxf.transport.jms.JMSConstants_java,2,322
org.apache.cxf.ws.addressing.Names_java,1,351
org.apache.cxf.jaxrs.provider.XSLTJaxbProvider_java,1,351
org.apache.cxf.systest.jaxrs.reactor.ReactorServer_java,1,351
org.apache.cxf.systest.jaxrs.MultipartServer_java,1,351
org.apache.cxf.systest.sts.deployment.CustomClaimsHandler_java,1,351
org.apache.cxf.jaxws.handler.logical.LogicalMessageImpl_java,1,351
org.apache.cxf.jaxrs.impl.VariantListBuilderImpl_java,1,351
org.apache.cxf.ws.addressing.MAPAggregator_java,1,351
org.apache.cxf.jaxrs.provider.json.JSONProvider_java,1,351
