file,bugChurn,rank
org.apache.cxf.jaxrs.provider.ProviderFactory_java,450,1
org.apache.cxf.frontend.WSDLGetUtils_java,443,2
org.apache.cxf.sts.claims.ClaimsManager_java,176,3
org.apache.cxf.systest.jaxrs.BookServer_java,155,4
org.apache.cxf.tools.wadlto.jaxrs.SourceGenerator_java,145,5
org.apache.cxf.jaxrs.impl.NewCookieHeaderProvider_java,122,6
org.apache.cxf.systest.jaxrs.AsyncResource_java,113,7
org.apache.cxf.jaxrs.client.ClientProxyImpl_java,112,8
org.apache.cxf.ws.security.wss4j.policyhandlers.AbstractBindingBuilder_java,101,9
org.apache.cxf.helpers.FileUtils_java,99,10
org.apache.cxf.binding.soap.interceptor.ReadHeadersInterceptor_java,94,11
org.apache.cxf.transport.http.HTTPConduit_java,94,11
org.apache.cxf.jaxrs.utils.InjectionUtils_java,93,13
org.apache.cxf.ext.logging.event.DefaultLogEventMapper_java,81,14
org.apache.cxf.ws.security.wss4j.policyhandlers.SymmetricBindingHandler_java,81,14
org.apache.cxf.jaxrs.provider.ServerProviderFactory_java,79,16
org.apache.cxf.jaxrs.provider.StringTextProvider_java,78,17
org.apache.cxf.osgi.itests.jaxrs.BookStore_java,74,18
org.apache.cxf.common.util.URIParserUtil_java,74,18
org.apache.cxf.jaxrs.client.AbstractClient_java,72,20
org.apache.cxf.attachment.AttachmentSerializer_java,71,21
org.apache.cxf.transport.http_jetty.blueprint.JettyHTTPServerEngineFactoryHolder_java,70,22
org.apache.cxf.jaxrs.interceptor.JAXRSOutInterceptor_java,69,23
org.apache.cxf.transport.http.auth.AbstractSpnegoAuthSupplier_java,68,24
org.apache.cxf.transport.http_jetty.blueprint.JettyServerEngineFactoryParser_java,68,24
org.apache.cxf.common.jaxb.JAXBUtils_java,67,26
org.apache.cxf.systest.sts.renew.UsernameTokenValidator_java,67,26
org.apache.cxf.systest.handlers.MessageContextFirstHandler_java,65,28
org.apache.cxf.systest.schemaimport.SayHiImpl2_java,64,29
org.apache.cxf.systest.handlers.MessageContextSecondHandler_java,62,30
org.apache.cxf.systest.jaxrs.BookStore_java,61,31
org.apache.cxf.jaxrs.model.wadl.petstore.PetStore_java,60,32
org.apache.cxf.jaxrs.impl.tl.ThreadLocalMessageContext_java,59,33
org.apache.cxf.maven_plugin.javatowadl.Java2WADLMojo_java,57,34
org.apache.cxf.common.util.CompressionUtils_java,56,35
org.apache.cxf.transport.websocket.WebSocketDestinationFactory_java,56,35
org.apache.cxf.validation.BeanValidationProvider_java,55,37
org.apache.cxf.systest.jaxrs.GenericBookStoreSpringInt2_java,54,38
org.apache.cxf.systest.jaxrs.GenericBookStoreSpringInt1_java,54,38
org.apache.cxf.rs.security.oauth2.filters.OAuthRequestFilter_java,52,40
org.apache.cxf.jaxrs.impl.HttpServletRequestFilter_java,51,41
org.apache.cxf.transport.http_jetty.JettyHTTPServerEngine_java,49,42
org.apache.cxf.jaxrs.provider.PrimitiveTextProvider_java,47,43
org.apache.cxf.rs.security.oauth2.services.AccessTokenService_java,46,44
org.apache.cxf.rs.security.oauth2.grants.AbstractGrantHandler_java,46,44
org.apache.cxf.rs.security.oauth2.grants.owner.ResourceOwnerGrantHandler_java,46,44
org.apache.cxf.binding.soap.saaj.SAAJInInterceptor_java,46,44
org.apache.cxf.systest.jaxrs.AsyncResource2_java,45,48
org.apache.cxf.jaxrs.impl.HttpHeadersImpl_java,45,48
org.apache.cxf.jaxrs.validation.JAXRSBeanValidationInvoker_java,44,50
org.apache.cxf.rs.security.cors.CrossOriginResourceSharingFilter_java,44,50
org.apache.cxf.tools.validator.internal.WSIBPValidator_java,43,52
org.apache.cxf.jaxrs.impl.DateHeaderProvider_java,43,52
org.apache.cxf.jaxrs.impl.LinkBuilderImpl_java,42,54
org.apache.cxf.jaxrs.utils.HttpUtils_java,39,55
org.apache.cxf.ws.policy.attachment.external.EndpointReferenceDomainExpressionBuilder_java,38,56
org.apache.cxf.systest.jaxrs.BookContinuationFilter_java,38,56
org.apache.cxf.systest.jaxrs.GenericBookInterface_java,37,58
org.apache.cxf.jaxrs.client.ClientProviderFactory_java,37,58
org.apache.cxf.jaxrs.ext.MessageContextImpl_java,36,60
org.apache.cxf.jaxrs.impl.AsyncResponseImpl_java,35,61
org.apache.cxf.jaxrs.utils.JAXRSUtils_java,35,61
org.apache.cxf.jaxrs.AbstractJAXRSFactoryBean_java,35,61
org.apache.cxf.rs.security.oauth2.provider.OAuthJSONProvider_java,35,61
org.apache.cxf.transport.http.DestinationRegistryImpl_java,35,61
org.apache.cxf.ws.security.policy.interceptors.STSInvoker_java,34,66
org.apache.cxf.systest.jaxrs.BookStoreSpring_java,34,66
org.apache.cxf.systest.jaxrs.security.saml.SamlCallbackHandler_java,34,66
org.apache.cxf.transport.http.Headers_java,33,69
org.apache.cxf.jaxrs.model.wadl.AbstractStore_java,33,69
org.apache.cxf.rs.security.oauth2.grants.code.AuthorizationCodeGrantHandler_java,32,71
org.apache.cxf.jaxb.io.DataReaderImpl_java,32,71
org.apache.cxf.binding.soap.SoapFault_java,32,71
org.apache.cxf.jaxrs.resources.BookStoreConstructor_java,32,71
org.apache.cxf.ws.addressing.soap.MAPCodec_java,31,75
org.apache.cxf.jaxrs.model.ProviderInfo_java,31,75
org.apache.cxf.aegis.type.basic.ObjectType_java,30,77
org.apache.cxf.configuration.spring.JAXBBeanFactory_java,30,77
org.apache.cxf.rs.security.saml.DeflateEncoderDecoder_java,30,77
org.apache.cxf.jaxrs.spring.SpringResourceFactory_java,29,80
org.apache.cxf.ws.security.wss4j.UsernameTokenInterceptor_java,29,80
org.apache.cxf.systest.jaxrs.GenericBookServiceInterface_java,28,82
org.apache.cxf.ws.security.wss4j.PolicyBasedWSS4JInInterceptor_java,27,83
org.apache.cxf.configuration.jsse.SSLUtils_java,27,83
org.apache.cxf.ws.addressing.impl.InternalContextUtils_java,27,83
org.apache.cxf.transport.http.auth.HttpAuthHeader_java,26,86
org.apache.cxf.sts.common.CustomAttributeProvider_java,25,87
org.apache.cxf.jaxrs.impl.ResponseImpl_java,25,87
org.apache.cxf.io.CachedWriter_java,25,87
org.apache.cxf.jaxrs.client.WebClient_java,24,90
org.apache.cxf.binding.soap.interceptor.SoapActionInInterceptor_java,24,90
org.apache.cxf.jaxrs.impl.tl.ThreadLocalProviders_java,24,90
org.apache.cxf.xkms.x509.repo.file.FileCertificateRepo_java,24,90
org.apache.cxf.jaxrs.impl.UriBuilderImpl_java,23,94
org.apache.cxf.sts.operation.AbstractOperation_java,23,94
org.apache.cxf.jaxrs.ext.search.AbstractSearchConditionParser_java,23,94
org.apache.cxf.jaxrs.model.AbstractResourceInfo_java,22,97
org.apache.cxf.jaxrs.impl.CookieHeaderProvider_java,22,97
org.apache.cxf.transport.http.auth.DigestAuthSupplier_java,22,97
org.apache.cxf.systest.jaxrs.BookStoreSimple_java,22,97
org.apache.cxf.systest.ws.saml.client.SamlCallbackHandler_java,21,101
org.apache.cxf.ws.policy.selector.MinimalAlternativeSelector_java,21,101
org.apache.cxf.clustering.FailoverTargetSelector_java,21,101
org.apache.cxf.ws.security.wss4j.policyhandlers.AsymmetricBindingHandler_java,21,101
org.apache.cxf.rs.security.jose.jwe.EcdhAesWrapKeyEncryptionAlgorithm_java,21,101
org.apache.cxf.transport.websocket.jetty9.Jetty9WebSocketDestination_java,20,106
org.apache.cxf.rs.security.oauth2.common.AccessTokenValidation_java,20,106
org.apache.cxf.jaxrs.swagger.Swagger2Feature_java,20,106
org.apache.cxf.rs.security.oauth2.services.AbstractAccessTokenValidator_java,19,109
org.apache.cxf.rs.security.jose.jwe.JweUtils_java,19,109
org.apache.cxf.ws.addressing.VersionTransformer_java,19,109
org.apache.cxf.jaxrs.model.wadl.WadlGenerator_java,19,109
org.apache.cxf.jaxws.spi.ProviderImpl_java,18,113
org.apache.cxf.rs.security.oauth2.grants.code.ServerAuthorizationCodeGrant_java,18,113
org.apache.cxf.transport.https.SSLSocketFactoryWrapper_java,17,115
org.apache.cxf.ws.security.policy.interceptors.WSSecurityInterceptorProvider_java,17,115
org.apache.cxf.jaxrs.utils.JAXBUtils_java,16,117
org.apache.cxf.jaxb.io.DataWriterImpl_java,16,117
org.apache.cxf.ws.security.trust.STSUtils_java,16,117
org.apache.cxf.jaxrs.impl.ConfigurationImpl_java,15,120
org.apache.cxf.rs.security.oauth2.provider.DefaultEncryptingOAuthDataProvider_java,15,120
org.apache.cxf.transport.http.Servlet3ContinuationProvider_java,15,120
org.apache.cxf.systest.jaxrs.cors.UnannotatedCorsServer_java,15,120
org.apache.cxf.attachment.AttachmentUtil_java,15,120
org.apache.cxf.ws.security.policy.interceptors.IssuedTokenInterceptorProvider_java,15,120
org.apache.cxf.jaxrs.provider.AbstractConfigurableProvider_java,14,126
org.apache.cxf.jaxrs.interceptor.JAXRSInInterceptor_java,14,126
org.apache.cxf.rs.security.oauth2.services.RedirectionBasedGrantService_java,14,126
org.apache.cxf.rs.security.oauth2.common.ServerAccessToken_java,14,126
org.apache.cxf.jaxrs.provider.AbstractJAXBProvider_java,14,126
org.apache.cxf.jaxrs.ext.xml.XMLSource_java,13,131
org.apache.cxf.rs.security.oauth2.common.AccessTokenRegistration_java,13,131
org.apache.cxf.jaxrs.utils.ResourceUtils_java,13,131
org.apache.cxf.ws.security.wss4j.PolicyBasedWSS4JStaxInInterceptor_java,13,131
org.apache.cxf.ws.security.wss4j.policyhandlers.TransportBindingHandler_java,12,135
org.apache.cxf.configuration.jsse.TLSClientParametersConfig_java,12,135
org.apache.cxf.rs.security.oauth2.common.OAuthContext_java,12,135
org.apache.cxf.rs.security.oauth2.utils.OAuthUtils_java,12,135
org.apache.cxf.jaxrs.JAXRSInvoker_java,12,135
org.apache.cxf.ws.rm.EncoderDecoder11Impl_java,12,135
org.apache.cxf.rs.security.oauth2.provider.AbstractOAuthDataProvider_java,11,141
org.apache.cxf.common.util.ProxyHelper_java,11,141
org.apache.cxf.ws.security.SecurityConstants_java,11,141
org.apache.cxf.configuration.spring.AbstractBeanDefinitionParser_java,11,141
org.apache.cxf.tools.validator.internal.WSDLRefValidator_java,10,145
org.apache.cxf.transport.https.HttpsURLConnectionFactory_java,10,145
org.apache.cxf.ws.security.policy.interceptors.UsernameTokenInterceptorProvider_java,10,145
org.apache.cxf.ws.security.policy.interceptors.KerberosTokenInterceptorProvider_java,10,145
org.apache.cxf.ws.rm.RMCaptureOutInterceptor_java,10,145
org.apache.cxf.ws.security.policy.interceptors.SamlTokenInterceptorProvider_java,10,145
org.apache.cxf.ws.security.wss4j.policyhandlers.AbstractStaxBindingHandler_java,9,151
org.apache.cxf.transport.websocket.jetty.JettyWebSocketHandler_java,9,151
org.apache.cxf.ws.security.wss4j.policyhandlers.StaxAsymmetricBindingHandler_java,9,151
org.apache.cxf.ws.security.wss4j.policyhandlers.StaxTransportBindingHandler_java,9,151
org.apache.cxf.systest.jaxrs.BookContinuationStore_java,9,151
org.apache.cxf.ws.policy.builder.jaxb.JaxbAssertionBuilder_java,9,151
org.apache.cxf.ws.security.wss4j.policyhandlers.StaxSymmetricBindingHandler_java,9,151
org.apache.cxf.jaxrs.client.spec.ClientImpl_java,8,158
org.apache.cxf.transport.http.AbstractHTTPDestination_java,8,158
org.apache.cxf.jaxrs.impl.ProvidersImpl_java,8,158
org.apache.cxf.rs.security.oauth2.grants.owner.ResourceOwnerLoginHandler_java,8,158
org.apache.cxf.configuration.blueprint.AbstractBPBeanDefinitionParser_java,8,158
org.apache.cxf.sts.operation.TokenIssueOperation_java,7,163
org.apache.cxf.interceptor.security.SecureAnnotationsInterceptor_java,7,163
org.apache.cxf.rs.security.oauth2.common.TokenIntrospection_java,7,163
org.apache.cxf.jaxws.handler.soap.SOAPMessageContextImpl_java,7,163
org.apache.cxf.ext.logging.AbstractLoggingInterceptor_java,7,163
org.apache.cxf.jaxrs.impl.tl.ThreadLocalInvocationHandler_java,7,163
org.apache.cxf.ws.rm.policy.RM10AssertionBuilder_java,7,163
org.apache.cxf.interceptor.security.SimpleAuthorizingInterceptor_java,7,163
org.apache.cxf.osgi.itests.CXFOSGiTestSupport_java,7,163
org.apache.cxf.wsdl11.WSDLManagerImpl_java,7,163
org.apache.cxf.ws.rm.policy.RMPolicyInterceptorProvider_java,7,163
org.apache.cxf.ws.security.policy.interceptors.SecureConversationInInterceptor_java,6,174
org.apache.cxf.jaxrs.impl.CacheControlHeaderProvider_java,6,174
org.apache.cxf.ws.security.wss4j.PolicyBasedWSS4JOutInterceptor_java,6,174
org.apache.cxf.jaxrs.servlet.CXFNonSpringJaxrsServlet_java,6,174
org.apache.cxf.transport.http.osgi.ServletExporter_java,6,174
org.apache.cxf.interceptor.security.AbstractAuthorizingInInterceptor_java,6,174
org.apache.cxf.rs.security.oauth2.services.TokenIntrospectionService_java,5,180
org.apache.cxf.sts.operation.TokenValidateOperation_java,5,180
org.apache.cxf.transport.servlet.AbstractHTTPServlet_java,5,180
org.apache.cxf.systest.jaxrs.RuntimeExceptionMapper_java,5,180
org.apache.cxf.jaxws.handler.logical.LogicalMessageImpl_java,5,180
org.apache.cxf.rs.security.saml.SAMLUtils_java,5,180
org.apache.cxf.systest.jaxrs.validation.BookStoreWithValidation_java,5,180
org.apache.cxf.ws.security.trust.STSTokenRetriever_java,5,180
org.apache.cxf.jaxrs.JAXRSServerFactoryBean_java,4,188
org.apache.cxf.systest.jaxrs.MultipartStore_java,4,188
org.apache.cxf.ws.rm.SourceSequence_java,4,188
org.apache.cxf.jaxrs.interceptor.JAXRSDefaultFaultOutInterceptor_java,4,188
org.apache.cxf.systest.jaxrs.StringTextWriter_java,4,188
org.apache.cxf.wsdl.JAXBExtensionHelper_java,4,188
org.apache.cxf.rs.security.oauth2.services.AuthorizationCodeGrantService_java,4,188
org.apache.cxf.tools.wsdlto.databinding.jaxb.JAXBDataBinding_java,4,188
org.apache.cxf.rs.security.oauth2.services.AbstractTokenService_java,4,188
org.apache.cxf.rs.security.oauth2.utils.crypto.ModelEncryptionSupport_java,4,188
org.apache.cxf.jaxrs.impl.RequestPreprocessor_java,4,188
org.apache.cxf.osgi.itests.jaxrs.Book_java,4,188
org.apache.cxf.aegis.type.mtom.DataSourceType_java,4,188
org.apache.cxf.jaxrs.provider.json.JSONProvider_java,4,188
org.apache.cxf.jaxrs.provider.JAXBElementProvider_java,4,188
org.apache.cxf.jaxws.handler.AnnotationHandlerChainBuilder_java,4,188
org.apache.cxf.ws.rm.RMInInterceptor_java,4,188
org.apache.cxf.systest.jaxrs.BookServer20_java,3,205
org.apache.cxf.rs.security.oauth2.services.AbstractImplicitGrantService_java,3,205
org.apache.cxf.jaxrs.swagger.AbstractSwaggerFeature_java,3,205
org.apache.cxf.systest.schemaimport.Server_java,3,205
org.apache.cxf.jaxrs.client.JAXRSClientFactoryBean_java,3,205
org.apache.cxf.jaxrs.model.URITemplate_java,3,205
org.apache.cxf.jaxrs.validation.ValidationUtils_java,3,205
org.apache.cxf.xkms.x509.utils.X509Utils_java,3,205
org.apache.cxf.ws.discovery.internal.WSDiscoveryServiceImpl_java,3,205
org.apache.cxf.transport.http.asyncclient.AsyncHTTPConduitFactory_java,3,205
org.apache.cxf.annotations.Policies_java,2,215
org.apache.cxf.jaxrs.impl.RuntimeDelegateImpl_java,2,215
org.apache.cxf.annotations.EndpointProperties_java,2,215
org.apache.cxf.annotations.GZIP_java,2,215
org.apache.cxf.jaxrs.model.wadl.BookStore_java,2,215
org.apache.cxf.annotations.FastInfoset_java,2,215
org.apache.cxf.rs.security.oauth2.client.OAuthClientUtils_java,2,215
org.apache.cxf.ws.security.wss4j.PolicyBasedWSS4JStaxOutInterceptor_java,2,215
org.apache.cxf.jaxrs.model.ApplicationInfo_java,2,215
org.apache.cxf.annotations.Policy_java,2,215
org.apache.cxf.annotations.WSDLDocumentationCollection_java,2,215
org.apache.cxf.annotations.Logging_java,2,215
org.apache.cxf.rs.security.oauth2.filters.AccessTokenIntrospectionClient_java,2,215
org.apache.cxf.maven_plugin.javatowadl.ParseJavaDocMojo_java,2,215
org.apache.cxf.annotations.SchemaValidation_java,2,215
org.apache.cxf.jaxrs.model.FilterProviderInfo_java,2,215
org.apache.cxf.common.util.StringUtils_java,2,215
org.apache.cxf.jaxrs.resources.BookInterface_java,2,215
org.apache.cxf.feature.Features_java,2,215
org.apache.cxf.annotations.FactoryType_java,2,215
org.apache.cxf.ws.security.wss4j.policyvalidators.AlgorithmSuitePolicyValidator_java,2,215
org.apache.cxf.rs.security.oauth2.utils.crypto.EncryptingDataProvider_java,2,215
org.apache.cxf.jaxrs.model.wadl.Description_java,2,215
org.apache.cxf.transport.servlet.servicelist.FormattedServiceListWriter_java,2,215
org.apache.cxf.jaxrs.provider.RequestDispatcherProvider_java,2,215
org.apache.cxf.annotations.WSDLDocumentation_java,2,215
org.apache.cxf.rs.security.oauth2.grants.jwt.AbstractJwtHandler_java,2,215
org.apache.cxf.annotations.EndpointProperty_java,2,215
org.apache.cxf.annotations.UseAsyncMethod_java,2,215
org.apache.cxf.annotations.DataBinding_java,2,215
org.apache.cxf.ws.security.wss4j.AbstractWSS4JStaxInterceptor_java,1,245
org.apache.cxf.ws.rm.persistence.jdbc.RMTxStore_java,1,245
org.apache.cxf.ws.security.wss4j.AbstractWSS4JInterceptor_java,1,245
org.apache.cxf.aegis.type.encoded.TrailingBlocks_java,1,245
org.apache.cxf.ws.rm.RMEndpoint_java,1,245
org.apache.cxf.transport.servlet.CXFNonSpringServlet_java,1,245
org.apache.cxf.rs.security.saml.SamlHeaderOutInterceptor_java,1,245
org.apache.cxf.sts.service.StaticService_java,1,245
