file,bugChurn,rank
org.apache.cxf.ws.security.trust.AbstractSTSClient_java,1616,1
org.apache.cxf.ws.security.trust.STSClient_java,1506,2
org.apache.cxf.jaxrs.model.wadl.WadlGenerator_java,570,3
org.apache.cxf.wsdl11.SOAPBindingUtil_java,491,4
org.apache.cxf.jaxb.Utils_java,416,5
org.apache.cxf.jaxrs.interceptor.JAXRSOutInterceptor_java,311,6
org.apache.cxf.ws.security.wss4j.policyvalidators.AlgorithmSuitePolicyValidator_java,269,7
org.apache.cxf.jaxrs.client.FrontendClientAdapter_java,263,8
org.apache.cxf.jaxrs.provider.ProviderFactory_java,245,9
org.apache.cxf.wsdl11.PartialWSDLProcessor_java,237,10
org.apache.cxf.jaxrs.impl.LinkBuilderImpl_java,236,11
org.apache.cxf.sts.claims.LdapClaimsHandler_java,224,12
org.apache.cxf.ws.security.wss4j.CryptoCoverageChecker_java,222,13
org.apache.cxf.jaxws.context.WrappedAttachments_java,200,14
org.apache.cxf.jaxb.JAXBEncoderDecoder_java,194,15
org.apache.cxf.ws.security.wss4j.AlgorithmSuiteTranslater_java,183,16
org.apache.cxf.sts.claims.LdapUtils_java,178,17
org.apache.cxf.jaxb.JAXBSchemaInitializer_java,172,18
org.apache.cxf.jaxrs.provider.ServerProviderFactory_java,160,19
org.apache.cxf.transport.http.ReferencingAuthenticator_java,158,20
org.apache.cxf.maven_plugin.AbstractCodegenMoho_java,152,21
org.apache.cxf.jaxrs.utils.HttpUtils_java,148,22
org.apache.cxf.binding.soap.SoapBindingFactory_java,145,23
org.apache.cxf.jaxrs.JAXRSInvoker_java,143,24
org.apache.cxf.jaxrs.impl.UriBuilderImpl_java,138,25
org.apache.cxf.ws.security.policy.interceptors.IssuedTokenInterceptorProvider_java,138,25
org.apache.cxf.jaxrs.utils.JAXRSUtils_java,125,27
org.apache.cxf.systest.jaxrs.BookServer20_java,121,28
org.apache.cxf.jaxrs.client.WebClient_java,121,28
org.apache.cxf.jaxrs.utils.InjectionUtils_java,114,30
org.apache.cxf.jaxrs.impl.UriInfoImpl_java,112,31
org.apache.cxf.staxutils.transform.DelegatingNamespaceContext_java,111,32
org.apache.cxf.jaxrs.client.AbstractClient_java,110,33
org.apache.cxf.jaxb.JAXBContextInitializer_java,105,34
org.apache.cxf.ws.security.wss4j.PolicyBasedWSS4JInInterceptor_java,103,35
org.apache.cxf.staxutils.transform.OutTransformWriter_java,103,35
org.apache.cxf.attachment.AttachmentUtil_java,103,35
org.apache.cxf.tools.wadlto.jaxrs.SourceGenerator_java,98,38
org.apache.cxf.transport.http.CXFAuthenticator_java,98,38
org.apache.cxf.jaxrs.provider.JAXBElementProvider_java,97,40
org.apache.cxf.staxutils.transform.InTransformReader_java,95,41
org.apache.cxf.ws.policy.ServiceModelPolicyUpdater_java,94,42
org.apache.cxf.jaxrs.impl.ResponseBuilderImpl_java,94,42
org.apache.cxf.jaxrs.impl.AsyncResponseImpl_java,94,42
org.apache.cxf.frontend.WSDLGetInterceptor_java,93,45
org.apache.cxf.aegis.type.java5.Java5TypeCreator_java,93,45
org.apache.cxf.jaxrs.impl.ResponseImpl_java,92,47
org.apache.cxf.common.util.PropertyUtils_java,91,48
org.apache.cxf.ws.security.wss4j.WSS4JUtils_java,89,49
org.apache.cxf.systest.jaxrs.BookStore_java,88,50
org.apache.cxf.wsdl11.ServiceWSDLBuilder_java,85,51
org.apache.cxf.jaxrs.impl.PropertyHolderFactory_java,83,52
org.apache.cxf.tools.wsdlto.databinding.jaxb.JAXBDataBinding_java,82,53
org.apache.cxf.transport.servlet.AbstractHTTPServlet_java,79,54
org.apache.cxf.jaxrs.provider.MultipartProvider_java,77,55
org.apache.cxf.systest.jaxrs.MultipartStore_java,76,56
org.apache.cxf.tools.fortest.exception.OrderItem_java,73,57
org.apache.cxf.jaxrs.client.ClientProxyImpl_java,72,58
org.apache.cxf.bus.spring.SpringBeanLocator_java,72,58
org.apache.cxf.jaxrs.impl.ServletRequestPropertyHolder_java,70,60
org.apache.cxf.systest.provider.NBSoapMessageDocProvider_java,65,61
org.apache.cxf.systest.jaxws.base.WrapperString_java,64,62
org.apache.cxf.binding.soap.interceptor.Soap12FaultOutInterceptor_java,64,62
org.apache.cxf.ws.security.wss4j.policyhandlers.AsymmetricBindingHandler_java,63,64
org.apache.cxf.systest.jaxws.cxf5064.HeaderObj_java,62,65
org.apache.cxf.binding.soap.SoapFault_java,61,66
org.apache.cxf.ws.security.wss4j.WSS4JInInterceptor_java,58,67
org.apache.cxf.systest.jaxws.ServerPartialWsdl_java,53,68
org.apache.cxf.jaxrs.provider.AbstractJAXBProvider_java,52,69
org.apache.cxf.ws.policy.PolicyAnnotationListener_java,52,69
org.apache.cxf.rs.security.cors.CrossOriginResourceSharingFilter_java,52,69
org.apache.cxf.ws.security.wss4j.policyvalidators.AbstractBindingPolicyValidator_java,52,69
org.apache.cxf.systest.jaxws.ServerMisc_java,52,69
org.apache.cxf.tools.fortest.exception.MyException_java,52,69
org.apache.cxf.systest.jaxrs.ContentTypeModifyingMBW_java,51,75
org.apache.cxf.common.jaxb.JAXBContextCache_java,51,75
org.apache.cxf.transport.http.asyncclient.AsyncHTTPConduit_java,50,77
org.apache.cxf.jaxws.interceptors.WebFaultOutInterceptor_java,49,78
org.apache.cxf.systest.ws.policy.javafirst.NoAlternativesOperationSimpleService_java,49,78
org.apache.cxf.systest.jaxrs.BookContinuationStore_java,48,80
org.apache.cxf.javascript.service.ServiceJavascriptBuilder_java,48,80
org.apache.cxf.jaxws.support.JaxWsEndpointImpl_java,48,80
org.apache.cxf.ws.discovery.internal.WSDiscoveryServiceImpl_java,47,83
org.apache.cxf.BusFactory_java,47,83
org.apache.cxf.systest.ws.common.DoubleIt2Impl_java,46,85
org.apache.cxf.transport.http.HTTPTransportFactory_java,46,85
org.apache.cxf.tools.fortest.cxf4877.SayHiResponse_java,45,87
org.apache.cxf.tools.fortest.cxf4877.SayHi_java,45,87
org.apache.cxf.jaxrs.utils.ResourceUtils_java,44,89
org.apache.cxf.ws.security.policy.interceptors.NegotiationUtils_java,44,89
org.apache.cxf.systest.ws.policy.javafirst.NoAlternativesOperationSimpleServiceImpl_java,43,91
org.apache.cxf.binding.soap.interceptor.ReadHeadersInterceptor_java,43,91
org.apache.cxf.systest.ws.policy.javafirst.OperationSimpleServiceImpl_java,43,91
org.apache.cxf.ws.security.wss4j.policyhandlers.AbstractBindingBuilder_java,43,91
org.apache.cxf.ws.security.wss4j.policyhandlers.TransportBindingHandler_java,43,91
org.apache.cxf.ws.addressing.impl.MAPAggregatorImpl_java,43,91
org.apache.cxf.ws.security.wss4j.policyhandlers.SymmetricBindingHandler_java,42,97
org.apache.cxf.ws.security.tokenstore.SecurityToken_java,42,97
org.apache.cxf.systest.handlers.FaultThrowingHandler_java,42,97
org.apache.cxf.tools.fortest.cxf4877.Hello_java,42,97
org.apache.cxf.tools.fortest.exception.MyData_java,41,101
org.apache.cxf.binding.soap.interceptor.MustUnderstandInterceptor_java,41,101
org.apache.cxf.systest.ws.policy.javafirst.OperationSimpleService_java,41,101
org.apache.cxf.systest.ws.policy.javafirst.BindingSimpleService_java,40,104
org.apache.cxf.systest.ws.policy.javafirst.BindingSimpleServiceImpl_java,40,104
org.apache.cxf.tools.fortest.exception.ListException_java,39,106
org.apache.cxf.binding.soap.interceptor.SoapHeaderInterceptor_java,39,106
org.apache.cxf.jaxws.service.AddNumbersException_java,39,106
org.apache.cxf.systest.jaxws.cxf5064.SOAPHeaderServiceImpl_java,38,109
org.apache.cxf.jaxws.service.AddNumbersSubException_java,38,109
org.apache.cxf.jaxb.io.DataWriterImpl_java,38,109
org.apache.cxf.tools.corba.processors.idl.ScopedNameVisitor_java,37,112
org.apache.cxf.systest.jaxws.cxf5064.HeaderObjTypeAdapter_java,37,112
org.apache.cxf.jaxb.JAXBDataBinding_java,37,112
org.apache.cxf.interceptor.Fault_java,37,112
org.apache.cxf.tools.fortest.exception.Echo2Impl_java,37,112
org.apache.cxf.tools.fortest.exception.SuperException_java,36,117
org.apache.cxf.configuration.jsse.TLSClientParameters_java,36,117
org.apache.cxf.catalog.OASISCatalogManager_java,36,117
org.apache.cxf.tools.fortest.exception.OrderException2_java,36,117
org.apache.cxf.tools.fortest.cxf4877.HelloImpl_java,35,121
org.apache.cxf.systest.simple.impl.WSSimpleImpl_java,35,121
org.apache.cxf.wsdl11.WSDLServiceFactory_java,35,121
org.apache.cxf.databinding.source.XMLStreamDataReader_java,35,121
org.apache.cxf.rs.security.oauth2.services.AbstractOAuthService_java,35,121
org.apache.cxf.wsdl11.WSDLManagerImpl_java,35,121
org.apache.cxf.ws.security.wss4j.UsernameTokenInterceptor_java,35,121
org.apache.cxf.frontend.WSDLGetUtils_java,34,128
org.apache.cxf.jaxrs.client.spec.ClientRequestContextImpl_java,34,128
org.apache.cxf.rs.security.oauth2.services.RedirectionBasedGrantService_java,34,128
org.apache.cxf.jaxrs.servlet.CXFJaxrsRuntimeDelegateServlet_java,33,131
org.apache.cxf.tools.fortest.exception.Echo3Impl_java,33,131
org.apache.cxf.systest.jaxws.cxf5064.SOAPHeaderSEI_java,33,131
org.apache.cxf.jaxrs.impl.ContainerResponseContextImpl_java,33,131
org.apache.cxf.tools.fortest.exception.EchoImpl_java,33,131
org.apache.cxf.jaxrs.client.ClientProviderFactory_java,33,131
org.apache.cxf.ws.security.wss4j.policyvalidators.UsernameTokenPolicyValidator_java,33,131
org.apache.cxf.systest.jaxrs.BookStorePerRequest_java,32,138
org.apache.cxf.bus.extension.Extension_java,32,138
org.apache.cxf.transport.http.HTTPConduit_java,32,138
org.apache.cxf.systest.handlers.CustomSoapFault_java,31,141
org.apache.cxf.systest.ws.policy.SslUsernamePasswordAttachmentServiceImpl_java,31,141
org.apache.cxf.systest.ws.policy.SslUsernamePasswordAttachmentService_java,30,143
org.apache.cxf.systest.ws.rm.BasicDocEndpointImpl_java,30,143
org.apache.cxf.staxutils.StaxUtils_java,30,143
org.apache.cxf.systest.jaxws.Server_java,30,143
org.apache.cxf.binding.soap.interceptor.AbstractSoapInterceptor_java,30,143
org.apache.cxf.systest.jaxws.AddNumbersImplPartial1_java,29,148
org.apache.cxf.systest.ws.rm.BasicDocEndpoint_java,29,148
org.apache.cxf.ws.rm.Servant_java,29,148
org.apache.cxf.ws.discovery.listeners.WSDiscoveryServerListener_java,29,148
org.apache.cxf.tools.fortest.exception.ListException2_java,29,148
org.apache.cxf.wsdl.service.factory.ReflectionServiceFactoryBean_java,28,153
org.apache.cxf.transport.http.Headers_java,28,153
org.apache.cxf.systest.ws.addr_feature.Server_java,28,153
org.apache.cxf.jaxrs.impl.AbstractPropertiesImpl_java,28,153
org.apache.cxf.systest.simple.intf.WSSimple_java,28,153
org.apache.cxf.systest.jaxws.AddNumbersImplPartial2_java,28,153
org.apache.cxf.binding.soap.interceptor.Soap12FaultInInterceptor_java,27,159
org.apache.cxf.systest.jaxws.ServerXMLBinding_java,27,159
org.apache.cxf.jaxrs.impl.ContainerRequestContextImpl_java,27,159
org.apache.cxf.tools.fortest.exception.Echo2_java,27,159
org.apache.cxf.transport.common.gzip.GZIPFeature_java,27,159
org.apache.cxf.jaxrs.client.ThreadLocalClientState_java,27,159
org.apache.cxf.tools.fortest.exception.Echo3_java,27,159
org.apache.cxf.staxutils.transform.TransformTestUtils_java,26,166
org.apache.cxf.tools.fortest.exception.Echo_java,26,166
org.apache.cxf.ws.rm.RMInInterceptor_java,26,166
org.apache.cxf.aegis.type.basic.BigDecimalType_java,25,169
org.apache.cxf.jaxrs.servlet.CXFNonSpringJaxrsServlet_java,25,169
org.apache.cxf.transport.servlet.ServletController_java,24,171
org.apache.cxf.ws.rm.RMOutInterceptor_java,24,171
org.apache.cxf.transport.http.asyncclient.CXFHttpAsyncRequestProducer_java,24,171
org.apache.cxf.interceptor.FaultOutInterceptor_java,24,171
org.apache.cxf.systest.jaxws.base.package-info_java,23,175
org.apache.cxf.jaxrs.impl.SecurityContextImpl_java,23,175
org.apache.cxf.jaxrs.client.LocalClientState_java,23,175
org.apache.cxf.staxutils.W3CNamespaceContext_java,23,175
org.apache.cxf.xkms.x509.utils.X509Utils_java,23,175
org.apache.cxf.jaxrs.provider.BinaryDataProvider_java,22,180
org.apache.cxf.jaxrs.impl.WriterInterceptorMBW_java,22,180
org.apache.cxf.jaxrs.impl.HttpHeadersImpl_java,22,180
org.apache.cxf.ws.rm.RMEndpoint_java,21,183
org.apache.cxf.jaxrs.provider.json.JSONProvider_java,21,183
org.apache.cxf.binding.soap.interceptor.Soap11FaultOutInterceptor_java,21,183
org.apache.cxf.helpers.ServiceUtils_java,21,183
org.apache.cxf.bus.spring.BusDefinitionParser_java,21,183
org.apache.cxf.systest.soap12.Server_java,21,183
org.apache.cxf.ws.policy.WSPolicyFeature_java,21,183
org.apache.cxf.jaxrs.JAXRSBindingFactory_java,21,183
org.apache.cxf.jaxws.interceptors.MessageModeOutInterceptor_java,21,183
org.apache.cxf.sts.operation.AbstractOperation_java,20,192
org.apache.cxf.transport.http_jetty.JettyHTTPDestination_java,20,192
org.apache.cxf.jaxrs.impl.tl.ThreadLocalUriInfo_java,20,192
org.apache.cxf.rs.security.oauth2.services.AccessTokenService_java,20,192
org.apache.cxf.sts.provider.DefaultSecurityTokenServiceProvider_java,20,192
org.apache.cxf.binding.soap.saaj.SAAJStreamWriter_java,19,197
org.apache.cxf.transport.http.DestinationRegistryImpl_java,19,197
org.apache.cxf.binding.soap.interceptor.SoapOutInterceptor_java,19,197
org.apache.cxf.configuration.spring.ConfigurerImpl_java,19,197
org.apache.cxf.rs.security.oauth2.common.Client_java,19,197
org.apache.cxf.jaxrs.interceptor.JAXRSInInterceptor_java,18,202
org.apache.cxf.jaxws.context.WrappedMessageContext_java,18,202
org.apache.cxf.jaxrs.utils.multipart.AttachmentUtils_java,18,202
org.apache.cxf.systest.sts.common.TokenTestUtils_java,18,202
org.apache.cxf.jaxws.support.JaxWsServiceConfiguration_java,18,202
org.apache.cxf.ws.security.wss4j.policyvalidators.TransportBindingPolicyValidator_java,17,207
org.apache.cxf.common.util.ReflectionUtil_java,17,207
org.apache.cxf.rs.security.oauth2.services.ImplicitGrantService_java,17,207
org.apache.cxf.ws.policy.attachment.external.PolicyAttachment_java,17,207
org.apache.cxf.ws.security.policy.interceptors.SecureConversationInInterceptor_java,16,211
org.apache.cxf.message.MessageUtils_java,16,211
org.apache.cxf.sts.token.provider.DefaultSubjectProvider_java,16,211
org.apache.cxf.interceptor.LoggingInInterceptor_java,16,211
org.apache.cxf.systest.jaxrs.failover.Server_java,16,211
org.apache.cxf.jaxrs.provider.AbstractConfigurableProvider_java,16,211
org.apache.cxf.ws.security.wss4j.policyvalidators.IssuedTokenPolicyValidator_java,16,211
org.apache.cxf.aegis.util.jdom.StaxBuilder_java,16,211
org.apache.cxf.jaxrs.impl.MetadataMap_java,16,211
org.apache.cxf.binding.soap.interceptor.RPCOutInterceptor_java,16,211
org.apache.cxf.jaxrs.impl.AbstractResponseContextImpl_java,16,211
org.apache.cxf.maven_plugin.Java2WSMojo_java,15,222
org.apache.cxf.ws.security.wss4j.AbstractWSS4JStaxInterceptor_java,15,222
org.apache.cxf.jaxrs.provider.json.utils.JSONUtils_java,15,222
org.apache.cxf.transport.common.gzip.GZIPOutInterceptor_java,15,222
org.apache.cxf.sts.token.provider.SamlCallbackHandler_java,15,222
org.apache.cxf.binding.xml.XMLBinding_java,15,222
org.apache.cxf.jaxrs.model.URITemplate_java,15,222
org.apache.cxf.rs.security.oauth2.filters.OAuthRequestFilter_java,15,222
org.apache.cxf.systest.soapfault.details.GreeterImpl11_java,14,230
org.apache.cxf.ws.security.policy.interceptors.KerberosTokenInterceptorProvider_java,14,230
org.apache.cxf.systest.jaxrs.XopType_java,14,230
org.apache.cxf.common.util.ASMHelper_java,14,230
org.apache.cxf.jaxws.spring.EndpointDefinitionParser_java,14,230
org.apache.cxf.jaxws.service.Hello_java,13,235
org.apache.cxf.ws.security.wss4j.policyhandlers.StaxAsymmetricBindingHandler_java,13,235
org.apache.cxf.attachment.AttachmentSerializer_java,13,235
org.apache.cxf.binding.soap.interceptor.Soap11FaultInInterceptor_java,13,235
org.apache.cxf.jaxrs.model.wadl.BookStore_java,13,235
org.apache.cxf.jaxws.handler.HandlerChainInvoker_java,12,240
org.apache.cxf.transport.http.policy.impl.ClientPolicyCalculator_java,12,240
org.apache.cxf.jaxws.JaxWsClientProxy_java,12,240
org.apache.cxf.systest.jaxrs.MultipartServer_java,12,240
org.apache.cxf.staxutils.W3CDOMStreamReader_java,12,240
org.apache.cxf.ws.rm.Destination_java,12,240
org.apache.cxf.jaxws.DispatchImpl_java,12,240
org.apache.cxf.ws.security.SecurityConstants_java,12,240
org.apache.cxf.service.model.ServiceModelUtil_java,12,240
org.apache.cxf.jaxrs.model.ClassResourceInfo_java,12,240
org.apache.cxf.jaxws.JAXWSMethodInvoker_java,12,240
org.apache.cxf.jaxrs.client.JAXRSClientFactoryBean_java,11,251
org.apache.cxf.ws.rm.RM11Constants_java,11,251
org.apache.cxf.ws.rm.Source_java,11,251
org.apache.cxf.management.interceptor.AbstractMessageResponseTimeInterceptor_java,11,251
org.apache.cxf.tools.wsdlto.frontend.jaxws.customization.CustomizationParser_java,11,251
org.apache.cxf.rs.security.oauth2.client.OAuthClientUtils_java,11,251
org.apache.cxf.jaxws.interceptors.WrapperClassOutInterceptor_java,11,251
org.apache.cxf.ws.addressing.impl.InternalContextUtils_java,11,251
org.apache.cxf.cxf2006.Server_java,11,251
org.apache.cxf.jaxrs.AbstractJAXRSFactoryBean_java,10,260
org.apache.cxf.transport.TransportURIResolver_java,10,260
org.apache.cxf.systest.schema_validation.SchemaValidationImpl_java,10,260
org.apache.cxf.jaxrs.provider.DataBindingProvider_java,10,260
org.apache.cxf.transport.http.Servlet3ContinuationProvider_java,10,260
org.apache.cxf.aegis.type.AbstractTypeCreator_java,10,260
org.apache.cxf.transport.http.AbstractHTTPDestination_java,10,260
org.apache.cxf.aegis.type.TypeClassInfo_java,10,260
org.apache.cxf.ws.security.wss4j.policyvalidators.AbstractSupportingTokenPolicyValidator_java,10,260
org.apache.cxf.databinding.source.SourceDataBinding_java,9,269
org.apache.cxf.binding.coloc.ColocUtil_java,9,269
org.apache.cxf.jaxws.handler.logical.LogicalHandlerFaultOutInterceptor_java,9,269
org.apache.cxf.binding.soap.SoapTransportFactory_java,9,269
org.apache.cxf.staxutils.OverlayW3CDOMStreamWriter_java,9,269
org.apache.cxf.staxutils.transform.TransformUtils_java,9,269
org.apache.cxf.configuration.spring.AbstractBeanDefinitionParser_java,9,269
org.apache.cxf.transport.common.gzip.GZIPInInterceptor_java,8,276
org.apache.cxf.jaxrs.provider.JAXBAttachmentMarshaller_java,8,276
org.apache.cxf.ws.security.wss4j.policyvalidators.SamlTokenPolicyValidator_java,8,276
org.apache.cxf.jaxrs.client.ClientConfiguration_java,8,276
org.apache.cxf.ws.policy.PolicyDataEngineImpl_java,8,276
org.apache.cxf.ws.rm.DestinationSequence_java,8,276
org.apache.cxf.jaxws.service.Hello2_java,8,276
org.apache.cxf.transport.https.HttpsURLConnectionFactory_java,8,276
org.apache.cxf.jaxrs.impl.WriterInterceptorContextImpl_java,8,276
org.apache.cxf.jaxws.service.Hello3_java,8,276
org.apache.cxf.jaxrs.client.JaxrsClientCallback_java,8,276
org.apache.cxf.jaxws.spi.ProviderImpl_java,7,287
org.apache.cxf.jaxrs.impl.RuntimeDelegateImpl_java,7,287
org.apache.cxf.transport.http_jetty.continuations.JettyContinuationWrapper_java,7,287
org.apache.cxf.jaxrs.ext.MessageContextImpl_java,7,287
org.apache.cxf.rs.security.saml.AbstractSamlInHandler_java,7,287
org.apache.cxf.jaxrs.utils.AnnotationUtils_java,7,287
org.apache.cxf.interceptor.transform.TransformOutInterceptor_java,7,287
org.apache.cxf.ws.rm.EncoderDecoder_java,7,287
org.apache.cxf.jaxrs.Customer_java,7,287
org.apache.cxf.jaxb.attachment.JAXBAttachmentSchemaValidationHack_java,7,287
org.apache.cxf.jaxws.handler.logical.LogicalHandlerOutInterceptor_java,7,287
org.apache.cxf.ws.security.wss4j.PolicyBasedWSS4JOutInterceptor_java,7,287
org.apache.cxf.transport.http.ProxyFactory_java,7,287
org.apache.cxf.rs.security.oauth2.common.UserSubject_java,6,300
org.apache.cxf.ws.security.tokenstore.EHCacheTokenStore_java,6,300
org.apache.cxf.feature.StaxTransformFeature_java,6,300
org.apache.cxf.ws.security.wss4j.policyvalidators.AsymmetricBindingPolicyValidator_java,6,300
org.apache.cxf.ws.security.wss4j.policyvalidators.SymmetricBindingPolicyValidator_java,6,300
org.apache.cxf.rs.security.oauth2.common.OAuthPermission_java,6,300
org.apache.cxf.tools.fortest.inherit.A_java,6,300
org.apache.cxf.jaxrs.JAXRSServerFactoryBean_java,6,300
org.apache.cxf.systest.ws.common.DoubleItImpl_java,6,300
org.apache.cxf.management.counters.ResponseTimeCounterMBean_java,6,300
org.apache.cxf.tools.fortest.inherit.B_java,6,300
org.apache.cxf.rs.security.oauth2.common.AccessTokenRegistration_java,6,300
org.apache.cxf.jaxrs.lifecycle.PerRequestResourceProvider_java,6,300
org.apache.cxf.transport.http_jetty.JettyHTTPServerEngine_java,6,300
org.apache.cxf.ws.security.tokenstore.TokenStoreFactory_java,6,300
org.apache.cxf.jaxws.interceptors.SwAOutInterceptor_java,5,315
org.apache.cxf.wsdl.JAXBExtensionHelper_java,5,315
org.apache.cxf.ws.policy.attachment.external.ExternalAttachmentProvider_java,5,315
org.apache.cxf.io.CachedWriter_java,5,315
org.apache.cxf.jaxrs.impl.RequestPreprocessor_java,5,315
org.apache.cxf.jaxrs.provider.aegis.AegisElementProvider_java,5,315
org.apache.cxf.jaxrs.provider.RequestDispatcherProvider_java,5,315
org.apache.cxf.binding.soap.saaj.SAAJInInterceptor_java,5,315
org.apache.cxf.systest.jaxrs.JMSBookStore_java,5,315
org.apache.cxf.tools.common.ToolContext_java,5,315
org.apache.cxf.ws.addressing.soap.MAPCodec_java,5,315
org.apache.cxf.staxutils.W3CDOMStreamWriter_java,5,315
org.apache.cxf.tools.wadlto.jaxrs.JAXRSContainer_java,5,315
org.apache.cxf.tools.validator.internal.Stax2DOM_java,5,315
org.apache.cxf.tools.fortest.inherit.C_java,4,329
org.apache.cxf.systest.ws.policy.JavaFirstPolicyService_java,4,329
org.apache.cxf.transport.local.LocalConduit_java,4,329
org.apache.cxf.rs.security.oauth.client.OAuthClientUtils_java,4,329
org.apache.cxf.ws.security.wss4j.policyvalidators.X509TokenPolicyValidator_java,4,329
org.apache.cxf.jaxws.interceptors.MessageModeInInterceptor_java,4,329
org.apache.cxf.jaxrs.ext.search.Beanspector_java,4,329
org.apache.cxf.maven_plugin.common.ClassLoaderSwitcher_java,4,329
org.apache.cxf.systest.jaxrs.BookStoreNoAnnotationsImpl_java,4,329
org.apache.cxf.ws.rm.EncoderDecoder10Impl_java,4,329
org.apache.cxf.frontend.AbstractWSDLBasedEndpointFactory_java,4,329
org.apache.cxf.binding.soap.saaj.SAAJOutInterceptor_java,4,329
org.apache.cxf.tools.wsdlto.javascript.JavaScriptContainer_java,4,329
org.apache.cxf.maven_plugin.corba.maven.plugins.WSDLToIDLPlugin_java,4,329
org.apache.cxf.ws.rm.EncoderDecoder10AImpl_java,4,329
org.apache.cxf.jaxrs.client.spec.ClientResponseFilterInterceptor_java,4,329
org.apache.cxf.rs.security.oauth2.common.ServerAccessToken_java,4,329
org.apache.cxf.systest.jaxws.ServerGreeterNoWsdl_java,4,329
org.apache.cxf.rs.security.oauth2.provider.OAuthJSONProvider_java,4,329
org.apache.cxf.javascript.JavascriptTestUtilities_java,4,329
org.apache.cxf.interceptor.AbstractOutDatabindingInterceptor_java,4,329
org.apache.cxf.jaxrs.client.spec.ClientRequestFilterInterceptor_java,4,329
org.apache.cxf.ws.rm.EncoderDecoder11Impl_java,4,329
org.apache.cxf.resource.ExtendedURIResolver_java,4,329
org.apache.cxf.jaxws.service.HelloInterface_java,4,329
org.apache.cxf.maven_plugin.ClassLoaderSwitcher_java,4,329
org.apache.cxf.transport.AbstractObservable_java,4,329
org.apache.cxf.interceptor.AbstractFaultChainInitiatorObserver_java,3,356
org.apache.cxf.xkms.service.XKMSService_java,3,356
org.apache.cxf.systest.provider.XMLServer_java,3,356
org.apache.cxf.systest.ws.policy.JavaFirstAttachmentPolicyService_java,3,356
org.apache.cxf.interceptor.security.DefaultSecurityContext_java,3,356
org.apache.cxf.sts.operation.TokenIssueOperation_java,3,356
org.apache.cxf.ws.policy.builder.primitive.PrimitiveAssertion_java,3,356
org.apache.cxf.management.counters.ResponseTimeCounter_java,3,356
org.apache.cxf.clustering.FailoverTargetSelector_java,3,356
org.apache.cxf.bus.extension.ExtensionManagerImpl_java,3,356
org.apache.cxf.jaxrs.impl.AbstractInterceptorContextImpl_java,3,356
org.apache.cxf.tools.wadlto.WadlToolConstants_java,3,356
org.apache.cxf.io.CachedOutputStream_java,3,356
org.apache.cxf.interceptor.AbstractInDatabindingInterceptor_java,3,356
org.apache.cxf.ws.security.wss4j.policyvalidators.ConcreteSupportingTokenPolicyValidator_java,2,370
org.apache.cxf.ws.rm.soap.SoapFaultFactory_java,2,370
org.apache.cxf.tools.corba.processors.idl.StructVisitor_java,2,370
org.apache.cxf.security.claims.authorization.Claim_java,2,370
org.apache.cxf.transport.local.LocalDestination_java,2,370
org.apache.cxf.jaxrs.impl.ReaderInterceptorContextImpl_java,2,370
org.apache.cxf.configuration.jsse.TLSClientParametersConfig_java,2,370
org.apache.cxf.systest.jaxrs.BookServer_java,2,370
org.apache.cxf.maven_plugin.wadlto.AbstractCodeGeneratorMojo_java,2,370
org.apache.cxf.ws.security.wss4j.policyvalidators.SignedEndorsingEncryptedTokenPolicyValidator_java,2,370
org.apache.cxf.jaxws.EndpointImpl_java,2,370
org.apache.cxf.ws.security.wss4j.policyvalidators.EndorsingTokenPolicyValidator_java,2,370
org.apache.cxf.xkms.service.XKMSResponseFactory_java,2,370
org.apache.cxf.systest.jaxrs.BookSubresourceImpl_java,2,370
org.apache.cxf.jaxrs.provider.DataSourceProvider_java,2,370
org.apache.cxf.jaxrs.impl.LinkHeaderProvider_java,2,370
org.apache.cxf.jaxrs.ext.search.fiql.FiqlParser_java,2,370
org.apache.cxf.jaxrs.client.spec.ClientResponseContextImpl_java,2,370
org.apache.cxf.ws.security.wss4j.policyvalidators.SecurityContextTokenPolicyValidator_java,2,370
org.apache.cxf.tools.common.ToolException_java,2,370
org.apache.cxf.ws.security.wss4j.policyvalidators.EncryptedTokenPolicyValidator_java,2,370
org.apache.cxf.configuration.spring.JAXBBeanFactory_java,2,370
org.apache.cxf.ws.security.wss4j.policyvalidators.SignedEndorsingTokenPolicyValidator_java,2,370
org.apache.cxf.phase.AbstractPhaseInterceptor_java,2,370
org.apache.cxf.jaxws.ServiceImpl_java,2,370
org.apache.cxf.aegis.type.DefaultTypeMapping_java,2,370
org.apache.cxf.binding.xml.XMLBindingFactory_java,2,370
org.apache.cxf.aegis.type.basic.BeanTypeInfo_java,2,370
org.apache.cxf.ws.security.wss4j.policyvalidators.SignedTokenPolicyValidator_java,2,370
org.apache.cxf.ws.security.wss4j.policyvalidators.KerberosTokenPolicyValidator_java,2,370
org.apache.cxf.ws.security.wss4j.policyvalidators.SignedEncryptedTokenPolicyValidator_java,2,370
org.apache.cxf.ws.security.wss4j.policyvalidators.WSS11PolicyValidator_java,2,370
org.apache.cxf.aegis.services.Echo_java,2,370
org.apache.cxf.rs.security.oauth.utils.OAuthUtils_java,2,370
org.apache.cxf.systest.jaxrs.CustomOutInterceptor_java,2,370
org.apache.cxf.jaxrs.ext.Nullable_java,2,370
org.apache.cxf.ws.security.wss4j.policyvalidators.EndorsingEncryptedTokenPolicyValidator_java,2,370
org.apache.cxf.service.factory.FactoryBeanListener_java,2,370
org.apache.cxf.ws.rm.RMManager_java,1,408
org.apache.cxf.systest.jaxrs.BookSubresource_java,1,408
org.apache.cxf.ws.rm.Proxy_java,1,408
org.apache.cxf.transport.servlet.CXFNonSpringServlet_java,1,408
org.apache.cxf.jaxrs.provider.SourceProvider_java,1,408
org.apache.cxf.interceptor.transform.TransformInInterceptor_java,1,408
