file,bugChurn,rank
org.apache.cxf.ws.security.wss4j.policyvalidators.AlgorithmSuitePolicyValidator_java,297,1
org.apache.cxf.ws.security.wss4j.policyhandlers.TransportBindingHandler_java,203,2
org.apache.cxf.tools.wadlto.jaxb.CustomizationParser_java,186,3
org.apache.cxf.jaxrs.model.wadl.WadlGenerator_java,186,3
org.apache.cxf.ws.security.wss4j.policyvalidators.EndorsingTokenPolicyValidator_java,146,5
org.apache.cxf.systest.jaxrs.BookStore_java,141,6
org.apache.cxf.tools.wadlto.WADLToJava_java,129,7
org.apache.cxf.systest.jaxrs.cors.AnnotatedCorsServer_java,113,8
org.apache.cxf.sts.token.provider.DefaultConditionsProvider_java,111,9
org.apache.cxf.ws.security.policy.interceptors.IssuedTokenInterceptorProvider_java,106,10
org.apache.cxf.systest.jaxrs.BookNoXmlRootElement_java,104,11
org.apache.cxf.jaxws.DispatchImpl_java,102,12
org.apache.cxf.jaxws.ServiceImpl_java,99,13
org.apache.cxf.jaxrs.provider.ProviderFactory_java,96,14
org.apache.cxf.jaxrs.client.AbstractClient_java,95,15
org.apache.cxf.systest.ws.security.handler.JAXWSHandler_java,91,16
org.apache.cxf.systest.ws.util.MessageFlow_java,84,17
org.apache.cxf.systest.jaxrs.cors.UnannotatedCorsServer_java,84,17
org.apache.cxf.ws.security.sts.provider.STSException_java,81,19
org.apache.cxf.ws.policy.PolicyEngineImpl_java,70,20
org.apache.cxf.jaxws.spring.EndpointDefinitionParser_java,69,21
org.apache.cxf.systest.ws.security.handler.UsernamePasswordCallback_java,69,21
org.apache.cxf.systest.beanincreationexception.AddNumbersPortType_java,67,23
org.apache.cxf.ws.security.wss4j.policyvalidators.IssuedTokenPolicyValidator_java,63,24
org.apache.cxf.ws.rm.RMCaptureInInterceptor_java,63,24
org.apache.cxf.ws.security.trust.STSClient_java,62,26
org.apache.cxf.jaxws.spring.PostConstructCalledCount_java,62,26
org.apache.cxf.systest.aegis.SportsService_java,61,28
org.apache.cxf.ws.security.sts.provider.SecurityTokenServiceProvider_java,61,28
org.apache.cxf.common.logging.JDKBugHacks_java,60,30
org.apache.cxf.transport.http.HTTPConduit_java,59,31
org.apache.cxf.tools.wadlto.jaxrs.JAXRSContainer_java,59,31
org.apache.cxf.transport.http.AbstractHTTPDestination_java,57,33
org.apache.cxf.ws.policy.selector.BaseAlternativeSelector_java,57,33
org.apache.cxf.jaxb.JAXBContextInitializer_java,57,33
org.apache.cxf.feature.WrappedFeature_java,57,33
org.apache.cxf.jaxrs.utils.HttpUtils_java,56,37
org.apache.cxf.ws.security.wss4j.PolicyBasedWSS4JInInterceptor_java,56,37
org.apache.cxf.jaxrs.utils.ResourceUtils_java,55,39
org.apache.cxf.ws.policy.EndpointPolicyImpl_java,54,40
org.apache.cxf.jaxrs.impl.CacheControlHeaderProvider_java,54,40
org.apache.cxf.tools.wsdlto.frontend.jaxws.validator.WrapperStyleNameCollisionValidator_java,51,42
org.apache.cxf.jaxrs.utils.JAXRSUtils_java,50,43
org.apache.cxf.ws.addressing.soap.MAPCodec_java,49,44
org.apache.cxf.ws.security.wss4j.policyhandlers.SymmetricBindingHandler_java,48,45
org.apache.cxf.systest.ws.wssec11.RestrictedAlgorithmSuiteLoader_java,48,45
org.apache.cxf.jaxrs.client.ClientProxyImpl_java,47,47
org.apache.cxf.workqueue.AutomaticWorkQueueImpl_java,47,47
org.apache.cxf.systest.ws.security.handler.Server_java,47,47
org.apache.cxf.systest.aegis.SportsServiceImpl_java,46,50
org.apache.cxf.systest.beanincreationexception.DummyPlatformTransactionManager_java,46,50
org.apache.cxf.bus.spring.SpringBeanLocator_java,45,52
org.apache.cxf.systest.jaxws.ArrayServiceServer_java,45,52
org.apache.cxf.jaxrs.utils.FormUtils_java,45,52
org.apache.cxf.jaxrs.utils.InjectionUtils_java,45,52
org.apache.cxf.jaxrs.provider.JAXBElementProvider_java,45,52
org.apache.cxf.feature.Feature_java,43,57
org.apache.cxf.ws.security.policy.custom.DefaultAlgorithmSuiteLoader_java,42,58
org.apache.cxf.transport.https.SSLUtils_java,42,58
org.apache.cxf.ws.policy.attachment.wsdl11.Wsdl11AttachmentPolicyProvider_java,41,60
org.apache.cxf.helpers.DOMUtils_java,40,61
org.apache.cxf.transport.servlet.BaseUrlHelper_java,39,62
org.apache.cxf.transport.http_jetty.JettyHTTPServerEngineFactory_java,39,62
org.apache.cxf.common.xmlschema.XmlSchemaUtils_java,39,62
org.apache.cxf.ws.policy.PolicyAnnotationListener_java,39,62
org.apache.cxf.common.xmlschema.SchemaCollection_java,38,66
org.apache.cxf.systest.jaxws.ArrayServiceImpl_java,38,66
org.apache.cxf.tools.wsdlto.frontend.jaxws.processor.internal.ParameterProcessor_java,38,66
org.apache.cxf.bus.spring.SpringBus_java,36,69
org.apache.cxf.interceptor.OneWayProcessorInterceptor_java,36,69
org.apache.cxf.frontend.WSDLGetUtils_java,36,69
org.apache.cxf.configuration.spring.AbstractBeanDefinitionParser_java,35,72
org.apache.cxf.endpoint.dynamic.DynamicClientFactory_java,35,72
org.apache.cxf.ws.security.policy.custom.AlgorithmSuiteLoader_java,34,74
org.apache.cxf.jaxb.io.DataReaderImpl_java,33,75
org.apache.cxf.jaxws.JaxWsServerFactoryBean_java,33,75
org.apache.cxf.systest.ws.security.handler.HelloWorldImpl_java,33,75
org.apache.cxf.systest.jaxws.ArrayService_java,32,78
org.apache.cxf.ws.addressing.MAPAggregator_java,32,78
org.apache.cxf.rs.security.oauth.services.AuthorizationRequestHandler_java,32,78
org.apache.cxf.systest.jms.GreeterImplSoap12_java,31,81
org.apache.cxf.ws.rm.persistence.jdbc.RMTxStore_java,31,81
org.apache.cxf.jaxrs.interceptor.JAXRSInInterceptor_java,30,83
org.apache.cxf.jaxb.JAXBEncoderDecoder_java,30,83
org.apache.cxf.systest.ws.security.handler.HelloWorld_java,30,83
org.apache.cxf.ws.policy.EffectivePolicyImpl_java,30,83
org.apache.cxf.transport.http_jetty.JettyHTTPServerEngine_java,30,83
org.apache.cxf.transport.local.LocalDestination_java,28,88
org.apache.cxf.aegis.type.basic.BeanType_java,28,88
org.apache.cxf.transport.http.auth.SpnegoAuthSupplier_java,27,90
org.apache.cxf.ws.security.wss4j.policyvalidators.AbstractSamlPolicyValidator_java,27,90
org.apache.cxf.jaxrs.model.URITemplate_java,26,92
org.apache.cxf.endpoint.ServerImpl_java,26,92
org.apache.cxf.transport.local.LocalTransportFactory_java,26,92
org.apache.cxf.resource.URIResolver_java,25,95
org.apache.cxf.jaxrs.model.wadl.BookEnum_java,25,95
org.apache.cxf.BusFactory_java,25,95
org.apache.cxf.bus.blueprint.BlueprintBus_java,25,95
org.apache.cxf.transport.local.LocalConduit_java,24,99
org.apache.cxf.helpers.IOUtils_java,24,99
org.apache.cxf.jaxrs.model.wadl.BookStoreWithSingleSlash_java,24,99
org.apache.cxf.binding.soap.SoapTransportFactory_java,24,99
org.apache.cxf.attachment.LazyDataSource_java,23,103
org.apache.cxf.ws.policy.selector.MinimalAlternativeSelector_java,23,103
org.apache.cxf.jaxrs.JAXRSInvoker_java,23,103
org.apache.cxf.jaxws.support.JaxWsServiceFactoryBean_java,22,106
org.apache.cxf.ws.policy.AlternativeSelector_java,22,106
org.apache.cxf.endpoint.ClientImpl_java,22,106
org.apache.cxf.jaxrs.impl.WebApplicationExceptionMapper_java,22,106
org.apache.cxf.jaxrs.servlet.CXFNonSpringJaxrsServlet_java,22,106
org.apache.cxf.transport.jms.JMSConduit_java,22,106
org.apache.cxf.transport.jms.JMSConfigFeature_java,21,112
org.apache.cxf.transport.http_jaxws_spi.HttpServletRequestAdapter_java,21,112
org.apache.cxf.bus.spring.BusWiringBeanFactoryPostProcessor_java,21,112
org.apache.cxf.transport.http.Headers_java,20,115
org.apache.cxf.frontend.WSDLGetInterceptor_java,19,116
org.apache.cxf.jaxws.context.WrappedMessageContext_java,19,116
org.apache.cxf.tools.wsdlto.frontend.jaxws.processor.internal.ServiceProcessor_java,19,116
org.apache.cxf.sts.token.provider.SAMLTokenProvider_java,19,116
org.apache.cxf.systest.jaxrs.cors.ConfigServer_java,19,116
org.apache.cxf.frontend.ServerFactoryBean_java,19,116
org.apache.cxf.transport.servlet.servicelist.FormattedServiceListWriter_java,19,116
org.apache.cxf.attachment.AttachmentUtil_java,19,116
org.apache.cxf.staxutils.transform.OutTransformWriter_java,18,124
org.apache.cxf.jaxrs.model.wadl.BookStore_java,18,124
org.apache.cxf.ws.policy.selector.MaximalAlternativeSelector_java,18,124
org.apache.cxf.ws.rm.RMManager_java,18,124
org.apache.cxf.transport.servlet.CXFServlet_java,18,124
org.apache.cxf.ws.security.wss4j.policyhandlers.AbstractBindingBuilder_java,18,124
org.apache.cxf.jaxrs.model.wadl.FormInterface_java,17,130
org.apache.cxf.ws.policy.selector.FirstAlternativeSelector_java,17,130
org.apache.cxf.transport.servlet.servicelist.UnformattedServiceListWriter_java,17,130
org.apache.cxf.transport.http.DestinationRegistryImpl_java,17,130
org.apache.cxf.transport.servlet.CXFNonSpringServlet_java,17,130
org.apache.cxf.rs.security.oauth.services.AbstractOAuthService_java,17,130
org.apache.cxf.ws.rm.blueprint.RMBPBeanDefinitionParser_java,17,130
org.apache.cxf.systest.local_transport.Server_java,16,137
org.apache.cxf.tools.wsdlto.WSDLToJavaContainer_java,16,137
org.apache.cxf.systest.jaxrs.StringTextWriter_java,16,137
org.apache.cxf.rs.security.oauth.utils.OAuthUtils_java,16,137
org.apache.cxf.staxutils.StaxUtils_java,16,137
org.apache.cxf.sts.token.validator.SAMLTokenValidator_java,16,137
org.apache.cxf.io.CachedOutputStream_java,16,137
org.apache.cxf.common.logging.LogUtils_java,16,137
org.apache.cxf.ws.policy.ServerPolicyOutFaultInterceptor_java,15,145
org.apache.cxf.jaxrs.model.OperationResourceInfoComparator_java,14,146
org.apache.cxf.transport.http_jetty.spring.JettyHTTPServerEngineBeanDefinitionParser_java,14,146
org.apache.cxf.ws.rm.Destination_java,14,146
org.apache.cxf.ws.addressing.ContextUtils_java,14,146
org.apache.cxf.bus.blueprint.BlueprintBeanLocator_java,13,150
org.apache.cxf.jaxrs.client.WebClient_java,13,150
org.apache.cxf.ws.policy.PolicyVerificationInFaultInterceptor_java,12,152
org.apache.cxf.systest.jaxrs.Book_java,12,152
org.apache.cxf.maven_plugin.wsdl2java.WsdlOptionLoader_java,12,152
org.apache.cxf.tools.wadlto.WadlToolConstants_java,12,152
org.apache.cxf.tools.wsdlto.frontend.jaxws.processor.internal.annotator.WebParamAnnotator_java,12,152
org.apache.cxf.interceptor.transform.TransformOutInterceptor_java,12,152
org.apache.cxf.systest.jaxrs.BookApplication_java,11,158
org.apache.cxf.jaxb.JAXBSchemaInitializer_java,11,158
org.apache.cxf.jaxrs.Customer_java,11,158
org.apache.cxf.attachment.DelegatingInputStream_java,11,158
org.apache.cxf.systest.jaxrs.BookExceptionMapper_java,11,158
org.apache.cxf.message.MessageUtils_java,11,158
org.apache.cxf.ws.policy.PolicyEngine_java,11,158
org.apache.cxf.systest.jaxrs.BookServer_java,10,165
org.apache.cxf.bus.spring.BusExtensionPostProcessor_java,10,165
org.apache.cxf.jaxws.interceptors.WrapperClassInInterceptor_java,10,165
org.apache.cxf.service.invoker.AbstractInvoker_java,10,165
org.apache.cxf.configuration.spring.AbstractFactoryBeanDefinitionParser_java,10,165
org.apache.cxf.attachment.MimeBodyPartInputStream_java,10,165
org.apache.cxf.systest.jaxrs.BookSubresourceImpl_java,10,165
org.apache.cxf.binding.soap.jms.interceptor.SoapJMSInInterceptor_java,10,165
org.apache.cxf.jaxrs.provider.AbstractJAXBProvider_java,10,165
org.apache.cxf.endpoint.AbstractEndpointFactory_java,10,165
org.apache.cxf.rs.security.oauth.services.AuthorizationRequestService_java,10,165
org.apache.cxf.bus.spring.Jsr250BeanPostProcessor_java,10,165
org.apache.cxf.jaxrs.provider.FormEncodingProvider_java,9,177
org.apache.cxf.systest.jaxrs.MultipartStore_java,9,177
org.apache.cxf.jaxws.interceptors.HolderInInterceptor_java,9,177
org.apache.cxf.common.util.UrlUtils_java,9,177
org.apache.cxf.jaxws.JaxWsClientProxy_java,9,177
org.apache.cxf.jaxrs.AbstractJAXRSFactoryBean_java,9,177
org.apache.cxf.ws.rm.Servant_java,9,177
org.apache.cxf.jaxrs.impl.UriInfoImpl_java,9,177
org.apache.cxf.aegis.databinding.AegisDatabinding_java,9,177
org.apache.cxf.aegis.type.AbstractTypeCreator_java,9,177
org.apache.cxf.endpoint.EndpointImpl_java,9,177
org.apache.cxf.systest.jaxws.DocLitWrappedCodeFirstServiceImpl_java,9,177
org.apache.cxf.maven_plugin.wsdl2java.WSDL2JavaMojo_java,9,177
org.apache.cxf.service.factory.FactoryBeanListenerManager_java,8,190
org.apache.cxf.tools.wsdlto.frontend.jaxws.generators.FaultGenerator_java,8,190
org.apache.cxf.demo.complex.ComplexImpl_java,8,190
org.apache.cxf.interceptor.AbstractFaultChainInitiatorObserver_java,8,190
org.apache.cxf.ws.policy.AssertionInfoMap_java,8,190
org.apache.cxf.jaxrs.model.wadl.jaxb.Book_java,8,190
org.apache.cxf.ws.rm.feature.RMFeature_java,8,190
org.apache.cxf.systest.ws.rm.MessageLossSimulator_java,8,190
org.apache.cxf.jaxws.handler.soap.SOAPHandlerFaultOutInterceptor_java,7,198
org.apache.cxf.management.jmx.InstrumentationManagerImpl_java,7,198
org.apache.cxf.jaxrs.ext.MessageContextImpl_java,7,198
org.apache.cxf.ws.policy.PolicyVerificationInInterceptor_java,7,198
org.apache.cxf.ws.security.trust.STSTokenValidator_java,7,198
org.apache.cxf.jaxws.handler.logical.LogicalHandlerInInterceptor_java,6,203
org.apache.cxf.rs.security.oauth.services.RequestTokenHandler_java,6,203
org.apache.cxf.binding.soap.interceptor.TibcoSoapActionInterceptor_java,6,203
org.apache.cxf.jaxws.context.WebServiceContextImpl_java,6,203
org.apache.cxf.systest.jaxrs.BookStoreSpring_java,6,203
org.apache.cxf.interceptor.AbstractLoggingInterceptor_java,6,203
org.apache.cxf.frontend.ClientProxy_java,6,203
org.apache.cxf.rs.security.oauth.services.AccessTokenHandler_java,6,203
org.apache.cxf.binding.corba.types.CorbaPrimitiveTypeEventProducer_java,6,203
org.apache.cxf.interceptor.transform.TransformInInterceptor_java,6,203
org.apache.cxf.interceptor.security.DefaultSecurityContext_java,5,213
org.apache.cxf.bus.spring.BusDefinitionParser_java,5,213
org.apache.cxf.systest.jaxrs.BookSubresource_java,5,213
org.apache.cxf.ws.policy.PolicyOutInterceptor_java,5,213
org.apache.cxf.binding.soap.interceptor.SoapPreProtocolOutInterceptor_java,5,213
org.apache.cxf.transport.common.gzip.GZIPOutInterceptor_java,5,213
org.apache.cxf.configuration.blueprint.AbstractBPBeanDefinitionParser_java,5,213
org.apache.cxf.jaxws.handler.soap.SOAPHandlerInterceptor_java,5,213
org.apache.cxf.binding.soap.jms.interceptor.SoapJMSConstants_java,5,213
org.apache.cxf.staxutils.transform.InTransformReader_java,5,213
org.apache.cxf.transport.http_jaxws_spi.HttpServletResponseAdapter_java,5,213
org.apache.cxf.binding.soap.jms.interceptor.JMSFaultFactory_java,5,213
org.apache.cxf.rs.security.oauth.services.AccessTokenService_java,4,225
org.apache.cxf.systest.jaxws.DocLitWrappedCodeFirstService_java,4,225
org.apache.cxf.staxutils.StaxSource_java,4,225
org.apache.cxf.ws.addressing.Names_java,4,225
org.apache.cxf.ws.security.policy.interceptors.SecureConversationInInterceptor_java,4,225
org.apache.cxf.jaxrs.JAXRSServiceFactoryBean_java,4,225
org.apache.cxf.service.factory.AbstractServiceFactoryBean_java,4,225
org.apache.cxf.staxutils.transform.DelegatingNamespaceContext_java,4,225
org.apache.cxf.ws.rm.DestinationSequence_java,4,225
org.apache.cxf.rs.security.oauth.services.RequestTokenService_java,4,225
org.apache.cxf.frontend.spring.ClientProxyFactoryBeanDefinitionParser_java,4,225
org.apache.cxf.ws.security.policy.WSSecurityPolicyLoader_java,4,225
org.apache.cxf.jaxws.spring.JaxWsProxyFactoryBeanDefinitionParser_java,3,237
org.apache.cxf.ws.security.wss4j.policyvalidators.SamlTokenPolicyValidator_java,3,237
org.apache.cxf.tools.wsdlto.javascript.JavaScriptContainer_java,3,237
org.apache.cxf.javascript.service.ServiceJavascriptBuilder_java,3,237
org.apache.cxf.jaxws.interceptors.WebFaultOutInterceptor_java,3,237
org.apache.cxf.databinding.AbstractWrapperHelper_java,3,237
org.apache.cxf.interceptor.FaultOutInterceptor_java,3,237
org.apache.cxf.jaxws.JAXWSMethodInvoker_java,3,237
org.apache.cxf.ws.security.wss4j.policyvalidators.UsernameTokenPolicyValidator_java,3,237
org.apache.cxf.ws.rm.persistence.RMMessage_java,2,246
org.apache.cxf.aegis.type.basic.BeanTypeInfo_java,2,246
org.apache.cxf.management.counters.CounterRepository_java,2,246
org.apache.cxf.jaxrs.utils.multipart.AttachmentUtils_java,2,246
org.apache.cxf.endpoint.dynamic.TypeClassInitializer_java,2,246
org.apache.cxf.jaxws.EndpointImpl_java,2,246
org.apache.cxf.jaxrs.provider.PrimitiveTextProvider_java,2,246
org.apache.cxf.jaxws.handler.logical.LogicalHandlerFaultInInterceptor_java,2,246
org.apache.cxf.tools.wsdlto.databinding.jaxb.JAXBDataBinding_java,2,246
org.apache.cxf.management.interceptor.PersistOutInterceptor_java,2,246
org.apache.cxf.management.interceptor.PersistInInterceptor_java,2,246
org.apache.cxf.feature.AbstractFeature_java,2,246
org.apache.cxf.jaxrs.impl.ResponseBuilderImpl_java,2,246
org.apache.cxf.jaxws.handler.soap.SOAPHandlerFaultInInterceptor_java,2,246
org.apache.cxf.transport.http.ProxyFactory_java,2,246
org.apache.cxf.jaxb.JAXBDataBinding_java,2,246
org.apache.cxf.frontend.ClientProxyFactoryBean_java,2,246
org.apache.cxf.ws.security.wss4j.AbstractUsernameTokenAuthenticatingInterceptor_java,2,246
org.apache.cxf.jaxrs.JAXRSServerFactoryBean_java,1,264
org.apache.cxf.ws.rm.RMOutInterceptor_java,1,264
org.apache.cxf.jaxrs.interceptor.JAXRSOutInterceptor_java,1,264
org.apache.cxf.jaxrs.resources.SuperBook_java,1,264
org.apache.cxf.binding.corba.runtime.CorbaObjectReader_java,1,264
org.apache.cxf.ws.security.wss4j.WSS4JInInterceptor_java,1,264
org.apache.cxf.message.Message_java,1,264
org.apache.cxf.phase.Phase_java,1,264
org.apache.cxf.sts.token.provider.DefaultSubjectProvider_java,1,264
