file,bugChurn,rank
org.apache.cxf.ws.rm.InternalContextUtils_java,275,1
org.apache.cxf.systest.schemaimport.RequestType_java,51,2
org.apache.cxf.systest.schemaimport.ResponseType_java,49,3
org.apache.cxf.systest.schemaimport.SomeFeatureType_java,45,4
org.apache.cxf.systest.jaxrs.BookStoreSpring2_java,43,5
org.apache.cxf.systest.schemaimport.ServiceV1Port_java,36,6
org.apache.cxf.systest.schemaimport.ServiceImpl_java,36,6
org.apache.cxf.maven_plugin.javatowadl.Java2WADLMojo_java,35,8
org.apache.cxf.ws.rm.DestinationSequence_java,31,9
org.apache.cxf.frontend.WSDLGetUtils_java,31,9
org.apache.cxf.ws.rm.Destination_java,22,11
org.apache.cxf.transport.jms.JMSDestination_java,8,12
org.apache.cxf.interceptor.AbstractLoggingInterceptor_java,7,13
org.apache.cxf.systest.schemaimport.Server_java,6,14
org.apache.cxf.systest.jms.GreeterImplSoap12_java,5,15
org.apache.cxf.transport.http.asyncclient.AsyncHTTPConduit_java,5,15
org.apache.cxf.transport.servlet.servicelist.ServiceListGeneratorServlet_java,4,17
org.apache.cxf.ws.rm.RMOutInterceptor_java,4,17
org.apache.cxf.systest.versioning.Server_java,4,17
org.apache.cxf.jaxrs.model.URITemplate_java,3,20
org.apache.cxf.rs.security.oauth2.provider.OAuthJSONProvider_java,3,20
org.apache.cxf.jaxrs.model.wadl.WadlGenerator_java,2,22
