<!--
RSS generated by JIRA (8.3.4#803005-sha1:1f96e09b3c60279a408a2ae47be3c745f571388b) at Sun Feb 16 11:06:45 UTC 2020

It is possible to restrict the fields that are returned in this document by specifying the 'field' parameter in your request.
For example, to request only the issue key and summary append 'field=key&field=summary' to the URL of your request.
-->
<!-- If you wish to do custom client-side styling of RSS, uncomment this:
<?xml-stylesheet href="https://issues.apache.org/jira/styles/jiraxml2html.xsl" type="text/xsl"?>
-->
<rss version="0.92">
    <channel>
        <title>ASF JIRA</title>
        <link>https://issues.apache.org/jira/issues/?jql=project+%3D+AMBARI+AND+issuetype+%3D+Bug+AND+created+%3E%3D+2012-01-01+AND+created+%3C%3D+2012-02-01</link>
        <description>An XML representation of a search request</description>
                <language>en-uk</language>
                        <issue start="0" end="5" total="5"/>
                <build-info>
            <version>8.3.4</version>
            <build-number>803005</build-number>
            <build-date>13-09-2019</build-date>
        </build-info>

<item>
            <title>[AMBARI-185] Remove NodeServers from NodeState. Instead use NodeRole to keep associated roles to node and their active state.</title>
                <link>https://issues.apache.org/jira/browse/AMBARI-185</link>
                <project id="12312020" key="AMBARI">Ambari</project>
                    <description></description>
                <environment></environment>
        <key id="12537452">AMBARI-185</key>
            <summary>Remove NodeServers from NodeState. Instead use NodeRole to keep associated roles to node and their active state.</summary>
                <type id="1" iconUrl="https://issues.apache.org/jira/secure/viewavatar?size=xsmall&amp;avatarId=21133&amp;avatarType=issuetype">Bug</type>
                                            <priority id="3" iconUrl="https://issues.apache.org/jira/images/icons/priorities/major.svg">Major</priority>
                        <status id="5" iconUrl="https://issues.apache.org/jira/images/icons/statuses/resolved.png" description="A resolution has been taken, and it is awaiting verification by reporter. From here issues are either reopened, or are closed.">Resolved</status>
                    <statusCategory id="3" key="done" colorName="green"/>
                                    <resolution id="6">Invalid</resolution>
                                        <assignee username="-1">Unassigned</assignee>
                                    <reporter username="vitthal_gogate">vitthal (Suhas) Gogate</reporter>
                        <labels>
                    </labels>
                <created>Fri, 6 Jan 2012 01:02:17 +0000</created>
                <updated>Thu, 21 Jun 2012 02:14:33 +0000</updated>
                            <resolved>Thu, 21 Jun 2012 02:14:33 +0000</resolved>
                                                    <fixVersion>0.1.0</fixVersion>
                                    <component>ambari-server</component>
                        <due></due>
                            <votes>0</votes>
                                    <watches>1</watches>
                                                                <comments>
                            <comment id="13398116" author="vitthal_gogate" created="Thu, 21 Jun 2012 02:14:33 +0000"  >&lt;p&gt;This issue not any more relevant for current trunk that was replaced by ambari-186 branch. This issue may have been fixed and code may already be present in the old trunk. &lt;/p&gt;

&lt;p&gt;Updating this issue to invalid as a part of bulk update.  &lt;/p&gt;</comment>
                    </comments>
                    <attachments>
                    </attachments>
                <subtasks>
                    </subtasks>
                <customfields>
                                                                            <customfield id="customfield_12310310" key="com.atlassian.jira.toolkit:attachments">
                        <customfieldname>Attachment count</customfieldname>
                        <customfieldvalues>
                            <customfieldvalue>0.0</customfieldvalue>
                        </customfieldvalues>
                    </customfield>
                                                                                                                                                                                                                                                                                                                                                                                                                                                                                                                                                                                                                                                                                                                                    <customfield id="customfield_12314020" key="com.atlassian.jira.plugins.jira-development-integration-plugin:devsummary">
                        <customfieldname>Development</customfieldname>
                        <customfieldvalues>
                            
                        </customfieldvalues>
                    </customfield>
                                                                                                                        <customfield id="customfield_12313422" key="com.atlassian.jirafisheyeplugin:jobcheckbox">
                        <customfieldname>Enable Automatic Patch Review</customfieldname>
                        <customfieldvalues>
                            <customfieldvalue><![CDATA[false]]></customfieldvalue>

                        </customfieldvalues>
                    </customfield>
                                                                                                                                                                                                                                                                                                                                                                                                                                                                                                                                                                                                                                                <customfield id="customfield_12310420" key="com.pyxis.greenhopper.jira:gh-global-rank">
                        <customfieldname>Global Rank</customfieldname>
                        <customfieldvalues>
                            <customfieldvalue>222960</customfieldvalue>
                        </customfieldvalues>
                    </customfield>
                                                                                                                                                                                                            <customfield id="customfield_12312521" key="com.atlassian.jira.toolkit:LastCommentDate">
                        <customfieldname>Last public comment date</customfieldname>
                        <customfieldvalues>
                            7 years, 35 weeks, 3 days ago
                        </customfieldvalues>
                    </customfield>
                                                                                                                                                                                                            <customfield id="customfield_12311820" key="com.pyxis.greenhopper.jira:gh-lexo-rank">
                        <customfieldname>Rank</customfieldname>
                        <customfieldvalues>
                            <customfieldvalue>0|i16lxj:</customfieldvalue>

                        </customfieldvalues>
                    </customfield>
                                                                <customfield id="customfield_12310920" key="com.pyxis.greenhopper.jira:gh-global-rank">
                        <customfieldname>Rank (Obsolete)</customfieldname>
                        <customfieldvalues>
                            <customfieldvalue>246685</customfieldvalue>
                        </customfieldvalues>
                    </customfield>
                                                                                                                                                                                                                                                                                                                                                                                                                                                                                                                                                                                                                                                                            <customfield id="customfield_12310222" key="com.atlassian.jira.ext.charting:timeinstatus">
                        <customfieldname>Time in Status</customfieldname>
                        <customfieldvalues>
                            
                        </customfieldvalues>
                    </customfield>
                                                                                            </customfields>
    </item>


<item>
            <title>[AMBARI-184] Ambari client node list command returns multiple entries for same node</title>
                <link>https://issues.apache.org/jira/browse/AMBARI-184</link>
                <project id="12312020" key="AMBARI">Ambari</project>
                    <description></description>
                <environment></environment>
        <key id="12537398">AMBARI-184</key>
            <summary>Ambari client node list command returns multiple entries for same node</summary>
                <type id="1" iconUrl="https://issues.apache.org/jira/secure/viewavatar?size=xsmall&amp;avatarId=21133&amp;avatarType=issuetype">Bug</type>
                                            <priority id="3" iconUrl="https://issues.apache.org/jira/images/icons/priorities/major.svg">Major</priority>
                        <status id="5" iconUrl="https://issues.apache.org/jira/images/icons/statuses/resolved.png" description="A resolution has been taken, and it is awaiting verification by reporter. From here issues are either reopened, or are closed.">Resolved</status>
                    <statusCategory id="3" key="done" colorName="green"/>
                                    <resolution id="6">Invalid</resolution>
                                        <assignee username="-1">Unassigned</assignee>
                                    <reporter username="vitthal_gogate">vitthal (Suhas) Gogate</reporter>
                        <labels>
                    </labels>
                <created>Thu, 5 Jan 2012 19:50:36 +0000</created>
                <updated>Thu, 21 Jun 2012 02:14:33 +0000</updated>
                            <resolved>Thu, 21 Jun 2012 02:14:33 +0000</resolved>
                                    <version>0.1.0</version>
                                                    <component>ambari-server</component>
                        <due></due>
                            <votes>0</votes>
                                    <watches>1</watches>
                                                                <comments>
                            <comment id="13180770" author="vitthal_gogate" created="Thu, 5 Jan 2012 19:52:14 +0000"  >&lt;p&gt;&lt;span class=&quot;error&quot;&gt;&amp;#91;xxx demo&amp;#93;&lt;/span&gt;# /home/xxxx/ambari/controller/target/ambari-controller-0.1.0-SNAPSHOT/bin/ambari client node list -allocated true&lt;br/&gt;
&lt;span class=&quot;error&quot;&gt;&amp;#91;NAME&amp;#93;&lt;/span&gt;  &lt;span class=&quot;error&quot;&gt;&amp;#91;LAST HEARTBEAT TIME&amp;#93;&lt;/span&gt;   &lt;span class=&quot;error&quot;&gt;&amp;#91;NODE_SERVICES&amp;#93;&lt;/span&gt; &lt;span class=&quot;error&quot;&gt;&amp;#91;CLUSTER_ID&amp;#93;&lt;/span&gt;&lt;/p&gt;

&lt;p&gt;&lt;span class=&quot;error&quot;&gt;&amp;#91;aaa01.cc1.xxx.net&amp;#93;&lt;/span&gt;    &lt;span class=&quot;error&quot;&gt;&amp;#91;2012-01-05T19:21:48.676Z&amp;#93;&lt;/span&gt;      [[]]    &lt;span class=&quot;error&quot;&gt;&amp;#91;ddasx5&amp;#93;&lt;/span&gt;&lt;/p&gt;

&lt;p&gt;&lt;span class=&quot;error&quot;&gt;&amp;#91;aaa01.cc1.xxx.net&amp;#93;&lt;/span&gt;    &lt;span class=&quot;error&quot;&gt;&amp;#91;2012-01-05T19:21:48.676Z&amp;#93;&lt;/span&gt;      [[]]    &lt;span class=&quot;error&quot;&gt;&amp;#91;ddasx5&amp;#93;&lt;/span&gt;&lt;/p&gt;</comment>
                            <comment id="13398115" author="vitthal_gogate" created="Thu, 21 Jun 2012 02:14:33 +0000"  >&lt;p&gt;This issue not any more relevant for current trunk that was replaced by ambari-186 branch. This issue may have been fixed and code may already be present in the old trunk. &lt;/p&gt;

&lt;p&gt;Updating this issue to invalid as a part of bulk update.  &lt;/p&gt;</comment>
                    </comments>
                    <attachments>
                    </attachments>
                <subtasks>
                    </subtasks>
                <customfields>
                                                                            <customfield id="customfield_12310310" key="com.atlassian.jira.toolkit:attachments">
                        <customfieldname>Attachment count</customfieldname>
                        <customfieldvalues>
                            <customfieldvalue>0.0</customfieldvalue>
                        </customfieldvalues>
                    </customfield>
                                                                                                                                                                                                                                                                                                                                                                                                                                                                                                                                                                                                                                                                                                                                    <customfield id="customfield_12314020" key="com.atlassian.jira.plugins.jira-development-integration-plugin:devsummary">
                        <customfieldname>Development</customfieldname>
                        <customfieldvalues>
                            
                        </customfieldvalues>
                    </customfield>
                                                                                                                        <customfield id="customfield_12313422" key="com.atlassian.jirafisheyeplugin:jobcheckbox">
                        <customfieldname>Enable Automatic Patch Review</customfieldname>
                        <customfieldvalues>
                            <customfieldvalue><![CDATA[false]]></customfieldvalue>

                        </customfieldvalues>
                    </customfield>
                                                                                                                                                                                                                                                                                                                                                                                                                                                                                                                                                                                                                                                <customfield id="customfield_12310420" key="com.pyxis.greenhopper.jira:gh-global-rank">
                        <customfieldname>Global Rank</customfieldname>
                        <customfieldvalues>
                            <customfieldvalue>222906</customfieldvalue>
                        </customfieldvalues>
                    </customfield>
                                                                                                                                                                                                            <customfield id="customfield_12312521" key="com.atlassian.jira.toolkit:LastCommentDate">
                        <customfieldname>Last public comment date</customfieldname>
                        <customfieldvalues>
                            7 years, 35 weeks, 3 days ago
                        </customfieldvalues>
                    </customfield>
                                                                                                                                                                                                            <customfield id="customfield_12311820" key="com.pyxis.greenhopper.jira:gh-lexo-rank">
                        <customfieldname>Rank</customfieldname>
                        <customfieldvalues>
                            <customfieldvalue>0|i16lxr:</customfieldvalue>

                        </customfieldvalues>
                    </customfield>
                                                                <customfield id="customfield_12310920" key="com.pyxis.greenhopper.jira:gh-global-rank">
                        <customfieldname>Rank (Obsolete)</customfieldname>
                        <customfieldvalues>
                            <customfieldvalue>246686</customfieldvalue>
                        </customfieldvalues>
                    </customfield>
                                                                                                                                                                                                                                                                                                                                                                                                                                                                                                                                                                                                                                                                            <customfield id="customfield_12310222" key="com.atlassian.jira.ext.charting:timeinstatus">
                        <customfieldname>Time in Status</customfieldname>
                        <customfieldvalues>
                            
                        </customfieldvalues>
                    </customfield>
                                                                                            </customfields>
    </item>


<item>
            <title>[AMBARI-183] Pass the appropriate component user to agent as specified in the stack</title>
                <link>https://issues.apache.org/jira/browse/AMBARI-183</link>
                <project id="12312020" key="AMBARI">Ambari</project>
                    <description></description>
                <environment></environment>
        <key id="12537129">AMBARI-183</key>
            <summary>Pass the appropriate component user to agent as specified in the stack</summary>
                <type id="1" iconUrl="https://issues.apache.org/jira/secure/viewavatar?size=xsmall&amp;avatarId=21133&amp;avatarType=issuetype">Bug</type>
                                            <priority id="3" iconUrl="https://issues.apache.org/jira/images/icons/priorities/major.svg">Major</priority>
                        <status id="5" iconUrl="https://issues.apache.org/jira/images/icons/statuses/resolved.png" description="A resolution has been taken, and it is awaiting verification by reporter. From here issues are either reopened, or are closed.">Resolved</status>
                    <statusCategory id="3" key="done" colorName="green"/>
                                    <resolution id="6">Invalid</resolution>
                                        <assignee username="vitthal_gogate">vitthal (Suhas) Gogate</assignee>
                                    <reporter username="vitthal_gogate">vitthal (Suhas) Gogate</reporter>
                        <labels>
                    </labels>
                <created>Wed, 4 Jan 2012 01:41:23 +0000</created>
                <updated>Thu, 21 Jun 2012 02:14:30 +0000</updated>
                            <resolved>Thu, 21 Jun 2012 02:14:30 +0000</resolved>
                                                    <fixVersion>0.1.0</fixVersion>
                                    <component>ambari-server</component>
                        <due></due>
                            <votes>0</votes>
                                    <watches>1</watches>
                                                                <comments>
                            <comment id="13398096" author="vitthal_gogate" created="Thu, 21 Jun 2012 02:14:30 +0000"  >&lt;p&gt;This issue not any more relevant for current trunk that was replaced by ambari-186 branch. This issue may have been fixed and code may already be present in the old trunk. &lt;/p&gt;

&lt;p&gt;Updating this issue to invalid as a part of bulk update.  &lt;/p&gt;</comment>
                    </comments>
                    <attachments>
                    </attachments>
                <subtasks>
                    </subtasks>
                <customfields>
                                                                            <customfield id="customfield_12310310" key="com.atlassian.jira.toolkit:attachments">
                        <customfieldname>Attachment count</customfieldname>
                        <customfieldvalues>
                            <customfieldvalue>0.0</customfieldvalue>
                        </customfieldvalues>
                    </customfield>
                                                                                                                                                                                                                                                                                                                                                                                                                                                                                                                                                                                                                                                                                                                                    <customfield id="customfield_12314020" key="com.atlassian.jira.plugins.jira-development-integration-plugin:devsummary">
                        <customfieldname>Development</customfieldname>
                        <customfieldvalues>
                            
                        </customfieldvalues>
                    </customfield>
                                                                                                                        <customfield id="customfield_12313422" key="com.atlassian.jirafisheyeplugin:jobcheckbox">
                        <customfieldname>Enable Automatic Patch Review</customfieldname>
                        <customfieldvalues>
                            <customfieldvalue><![CDATA[false]]></customfieldvalue>

                        </customfieldvalues>
                    </customfield>
                                                                                                                                                                                                                                                                                                                                                                                                                                                                                                                                                                                                                                                <customfield id="customfield_12310420" key="com.pyxis.greenhopper.jira:gh-global-rank">
                        <customfieldname>Global Rank</customfieldname>
                        <customfieldvalues>
                            <customfieldvalue>222639</customfieldvalue>
                        </customfieldvalues>
                    </customfield>
                                                                                                                                                                                                            <customfield id="customfield_12312521" key="com.atlassian.jira.toolkit:LastCommentDate">
                        <customfieldname>Last public comment date</customfieldname>
                        <customfieldvalues>
                            7 years, 35 weeks, 3 days ago
                        </customfieldvalues>
                    </customfield>
                                                                                                                                                                                                            <customfield id="customfield_12311820" key="com.pyxis.greenhopper.jira:gh-lexo-rank">
                        <customfieldname>Rank</customfieldname>
                        <customfieldvalues>
                            <customfieldvalue>0|i16lxz:</customfieldvalue>

                        </customfieldvalues>
                    </customfield>
                                                                <customfield id="customfield_12310920" key="com.pyxis.greenhopper.jira:gh-global-rank">
                        <customfieldname>Rank (Obsolete)</customfieldname>
                        <customfieldvalues>
                            <customfieldvalue>246687</customfieldvalue>
                        </customfieldvalues>
                    </customfield>
                                                                                                                                                                                                                                                                                                                                                                                                                                                                                                                                                                                                                                                                            <customfield id="customfield_12310222" key="com.atlassian.jira.ext.charting:timeinstatus">
                        <customfieldname>Time in Status</customfieldname>
                        <customfieldvalues>
                            
                        </customfieldvalues>
                    </customfield>
                                                                                            </customfields>
    </item>


<item>
            <title>[AMBARI-182] rename controller/src/main/resources/org/apache/ambari/acd/mapred-0.1.0.acd to mapreduce-0.1.0.acd</title>
                <link>https://issues.apache.org/jira/browse/AMBARI-182</link>
                <project id="12312020" key="AMBARI">Ambari</project>
                    <description></description>
                <environment></environment>
        <key id="12537116">AMBARI-182</key>
            <summary>rename controller/src/main/resources/org/apache/ambari/acd/mapred-0.1.0.acd to mapreduce-0.1.0.acd</summary>
                <type id="1" iconUrl="https://issues.apache.org/jira/secure/viewavatar?size=xsmall&amp;avatarId=21133&amp;avatarType=issuetype">Bug</type>
                                            <priority id="3" iconUrl="https://issues.apache.org/jira/images/icons/priorities/major.svg">Major</priority>
                        <status id="5" iconUrl="https://issues.apache.org/jira/images/icons/statuses/resolved.png" description="A resolution has been taken, and it is awaiting verification by reporter. From here issues are either reopened, or are closed.">Resolved</status>
                    <statusCategory id="3" key="done" colorName="green"/>
                                    <resolution id="6">Invalid</resolution>
                                        <assignee username="vitthal_gogate">vitthal (Suhas) Gogate</assignee>
                                    <reporter username="vitthal_gogate">vitthal (Suhas) Gogate</reporter>
                        <labels>
                    </labels>
                <created>Tue, 3 Jan 2012 23:37:37 +0000</created>
                <updated>Thu, 21 Jun 2012 02:14:30 +0000</updated>
                            <resolved>Thu, 21 Jun 2012 02:14:30 +0000</resolved>
                                    <version>0.1.0</version>
                                    <fixVersion>0.1.0</fixVersion>
                                    <component>ambari-server</component>
                        <due></due>
                            <votes>0</votes>
                                    <watches>1</watches>
                                                                <comments>
                            <comment id="13398098" author="vitthal_gogate" created="Thu, 21 Jun 2012 02:14:30 +0000"  >&lt;p&gt;This issue not any more relevant for current trunk that was replaced by ambari-186 branch. This issue may have been fixed and code may already be present in the old trunk. &lt;/p&gt;

&lt;p&gt;Updating this issue to invalid as a part of bulk update.  &lt;/p&gt;</comment>
                    </comments>
                    <attachments>
                    </attachments>
                <subtasks>
                    </subtasks>
                <customfields>
                                                                            <customfield id="customfield_12310310" key="com.atlassian.jira.toolkit:attachments">
                        <customfieldname>Attachment count</customfieldname>
                        <customfieldvalues>
                            <customfieldvalue>0.0</customfieldvalue>
                        </customfieldvalues>
                    </customfield>
                                                                                                                                                                                                                                                                                                                                                                                                                                                                                                                                                                                                                                                                                                                                    <customfield id="customfield_12314020" key="com.atlassian.jira.plugins.jira-development-integration-plugin:devsummary">
                        <customfieldname>Development</customfieldname>
                        <customfieldvalues>
                            
                        </customfieldvalues>
                    </customfield>
                                                                                                                        <customfield id="customfield_12313422" key="com.atlassian.jirafisheyeplugin:jobcheckbox">
                        <customfieldname>Enable Automatic Patch Review</customfieldname>
                        <customfieldvalues>
                            <customfieldvalue><![CDATA[false]]></customfieldvalue>

                        </customfieldvalues>
                    </customfield>
                                                                                                                                                                                                                                                                                                                                                                                                                                                                                                                                                                                                                                                <customfield id="customfield_12310420" key="com.pyxis.greenhopper.jira:gh-global-rank">
                        <customfieldname>Global Rank</customfieldname>
                        <customfieldvalues>
                            <customfieldvalue>222626</customfieldvalue>
                        </customfieldvalues>
                    </customfield>
                                                                                                                                                                                                            <customfield id="customfield_12312521" key="com.atlassian.jira.toolkit:LastCommentDate">
                        <customfieldname>Last public comment date</customfieldname>
                        <customfieldvalues>
                            7 years, 35 weeks, 3 days ago
                        </customfieldvalues>
                    </customfield>
                                                                                                                                                                                                            <customfield id="customfield_12311820" key="com.pyxis.greenhopper.jira:gh-lexo-rank">
                        <customfieldname>Rank</customfieldname>
                        <customfieldvalues>
                            <customfieldvalue>0|i16ly7:</customfieldvalue>

                        </customfieldvalues>
                    </customfield>
                                                                <customfield id="customfield_12310920" key="com.pyxis.greenhopper.jira:gh-global-rank">
                        <customfieldname>Rank (Obsolete)</customfieldname>
                        <customfieldvalues>
                            <customfieldvalue>246688</customfieldvalue>
                        </customfieldvalues>
                    </customfield>
                                                                                                                                                                                                                                                                                                                                                                                                                                                                                                                                                                                                                                                                            <customfield id="customfield_12310222" key="com.atlassian.jira.ext.charting:timeinstatus">
                        <customfieldname>Time in Status</customfieldname>
                        <customfieldvalues>
                            
                        </customfieldvalues>
                    </customfield>
                                                                                            </customfields>
    </item>


<item>
            <title>[AMBARI-181] Ambari agent configuration prefix directory should be created by agent if it does not exist</title>
                <link>https://issues.apache.org/jira/browse/AMBARI-181</link>
                <project id="12312020" key="AMBARI">Ambari</project>
                    <description>&lt;p&gt;Starting agent gives following error when prefix /var/ambari does not exists. Agent should create necessary directories if it needs them. &lt;/p&gt;

&lt;p&gt;Traceback (most recent call last):&lt;br/&gt;
  File &quot;main.py&quot;, line 143, in &amp;lt;module&amp;gt;&lt;br/&gt;
    main()&lt;br/&gt;
  File &quot;main.py&quot;, line 133, in main&lt;br/&gt;
    killstaleprocesses()&lt;br/&gt;
  File &quot;/home/puppet/ambari/agent/src/main/python/ambari_agent/shell.py&quot;, line 52, in killstaleprocesses&lt;br/&gt;
    files = os.listdir(prefix)&lt;br/&gt;
OSError: &lt;span class=&quot;error&quot;&gt;&amp;#91;Errno 2&amp;#93;&lt;/span&gt; No such file or directory: &apos;/var/ambari&apos;&lt;/p&gt;</description>
                <environment></environment>
        <key id="12537098">AMBARI-181</key>
            <summary>Ambari agent configuration prefix directory should be created by agent if it does not exist</summary>
                <type id="1" iconUrl="https://issues.apache.org/jira/secure/viewavatar?size=xsmall&amp;avatarId=21133&amp;avatarType=issuetype">Bug</type>
                                            <priority id="3" iconUrl="https://issues.apache.org/jira/images/icons/priorities/major.svg">Major</priority>
                        <status id="5" iconUrl="https://issues.apache.org/jira/images/icons/statuses/resolved.png" description="A resolution has been taken, and it is awaiting verification by reporter. From here issues are either reopened, or are closed.">Resolved</status>
                    <statusCategory id="3" key="done" colorName="green"/>
                                    <resolution id="6">Invalid</resolution>
                                        <assignee username="ddas">Devaraj Das</assignee>
                                    <reporter username="vitthal_gogate">vitthal (Suhas) Gogate</reporter>
                        <labels>
                    </labels>
                <created>Tue, 3 Jan 2012 21:31:56 +0000</created>
                <updated>Thu, 21 Jun 2012 02:14:37 +0000</updated>
                            <resolved>Thu, 21 Jun 2012 02:14:37 +0000</resolved>
                                                                        <due></due>
                            <votes>0</votes>
                                    <watches>1</watches>
                                                                <comments>
                            <comment id="13398151" author="vitthal_gogate" created="Thu, 21 Jun 2012 02:14:37 +0000"  >&lt;p&gt;This issue not any more relevant for current trunk that was replaced by ambari-186 branch. This issue may have been fixed and code may already be present in the old trunk. &lt;/p&gt;

&lt;p&gt;Updating this issue to invalid as a part of bulk update.  &lt;/p&gt;</comment>
                    </comments>
                    <attachments>
                    </attachments>
                <subtasks>
                    </subtasks>
                <customfields>
                                                                            <customfield id="customfield_12310310" key="com.atlassian.jira.toolkit:attachments">
                        <customfieldname>Attachment count</customfieldname>
                        <customfieldvalues>
                            <customfieldvalue>0.0</customfieldvalue>
                        </customfieldvalues>
                    </customfield>
                                                                                                                                                                                                                                                                                                                                                                                                                                                                                                                                                                                                                                                                                                                                    <customfield id="customfield_12314020" key="com.atlassian.jira.plugins.jira-development-integration-plugin:devsummary">
                        <customfieldname>Development</customfieldname>
                        <customfieldvalues>
                            
                        </customfieldvalues>
                    </customfield>
                                                                                                                        <customfield id="customfield_12313422" key="com.atlassian.jirafisheyeplugin:jobcheckbox">
                        <customfieldname>Enable Automatic Patch Review</customfieldname>
                        <customfieldvalues>
                            <customfieldvalue><![CDATA[false]]></customfieldvalue>

                        </customfieldvalues>
                    </customfield>
                                                                                                                                                                                                                                                                                                                                                                                                                                                                                                                                                                                                                                                <customfield id="customfield_12310420" key="com.pyxis.greenhopper.jira:gh-global-rank">
                        <customfieldname>Global Rank</customfieldname>
                        <customfieldvalues>
                            <customfieldvalue>222608</customfieldvalue>
                        </customfieldvalues>
                    </customfield>
                                                                                                                                                                                                            <customfield id="customfield_12312521" key="com.atlassian.jira.toolkit:LastCommentDate">
                        <customfieldname>Last public comment date</customfieldname>
                        <customfieldvalues>
                            7 years, 35 weeks, 3 days ago
                        </customfieldvalues>
                    </customfield>
                                                                                                                                                                                                            <customfield id="customfield_12311820" key="com.pyxis.greenhopper.jira:gh-lexo-rank">
                        <customfieldname>Rank</customfieldname>
                        <customfieldvalues>
                            <customfieldvalue>0|i16lyf:</customfieldvalue>

                        </customfieldvalues>
                    </customfield>
                                                                <customfield id="customfield_12310920" key="com.pyxis.greenhopper.jira:gh-global-rank">
                        <customfieldname>Rank (Obsolete)</customfieldname>
                        <customfieldvalues>
                            <customfieldvalue>246689</customfieldvalue>
                        </customfieldvalues>
                    </customfield>
                                                                                                                                                                                                                                                                                                                                                                                                                                                                                                                                                                                                                                                                            <customfield id="customfield_12310222" key="com.atlassian.jira.ext.charting:timeinstatus">
                        <customfieldname>Time in Status</customfieldname>
                        <customfieldvalues>
                            
                        </customfieldvalues>
                    </customfield>
                                                                                            </customfields>
    </item>
</channel>
</rss>