<!--
RSS generated by JIRA (8.3.4#803005-sha1:1f96e09b3c60279a408a2ae47be3c745f571388b) at Sun Feb 16 11:11:20 UTC 2020

It is possible to restrict the fields that are returned in this document by specifying the 'field' parameter in your request.
For example, to request only the issue key and summary append 'field=key&field=summary' to the URL of your request.
-->
<!-- If you wish to do custom client-side styling of RSS, uncomment this:
<?xml-stylesheet href="https://issues.apache.org/jira/styles/jiraxml2html.xsl" type="text/xsl"?>
-->
<rss version="0.92">
    <channel>
        <title>ASF JIRA</title>
        <link>https://issues.apache.org/jira/issues/?jql=project+%3D+AMBARI+AND+issuetype+%3D+Bug+AND+created+%3E%3D+2012-10-01+AND+created+%3C%3D+2012-11-01</link>
        <description>An XML representation of a search request</description>
                <language>en-uk</language>
                        <issue start="0" end="3" total="3"/>
                <build-info>
            <version>8.3.4</version>
            <build-number>803005</build-number>
            <build-date>13-09-2019</build-date>
        </build-info>

<item>
            <title>[AMBARI-875] Support cluster blueprint in Ambari</title>
                <link>https://issues.apache.org/jira/browse/AMBARI-875</link>
                <project id="12312020" key="AMBARI">Ambari</project>
                    <description>&lt;p&gt;There have been previous discussions on cluster blueprint in Ambari. This jira revisits the concept of blueprint and aims to support blueprints keeping in view the latest architectural changes in &lt;a href=&quot;https://issues.apache.org/jira/browse/AMBARI-666&quot; title=&quot;Ambari architectural changes&quot; class=&quot;issue-link&quot; data-issue-key=&quot;AMBARI-666&quot;&gt;AMBARI-666&lt;/a&gt;. The most fundamental use cases are &lt;br/&gt;
a) To be able to encapsulate entire cluster definition in terms of a blueprint.&lt;br/&gt;
b) To expose APIs to take a cluster state to a specified blueprint.&lt;/p&gt;</description>
                <environment></environment>
        <key id="12612168">AMBARI-875</key>
            <summary>Support cluster blueprint in Ambari</summary>
                <type id="1" iconUrl="https://issues.apache.org/jira/secure/viewavatar?size=xsmall&amp;avatarId=21133&amp;avatarType=issuetype">Bug</type>
                                            <priority id="3" iconUrl="https://issues.apache.org/jira/images/icons/priorities/major.svg">Major</priority>
                        <status id="1" iconUrl="https://issues.apache.org/jira/images/icons/statuses/open.png" description="The issue is open and ready for the assignee to start work on it.">Open</status>
                    <statusCategory id="2" key="new" colorName="blue-gray"/>
                                    <resolution id="-1">Unresolved</resolution>
                                        <assignee username="jnp">Jitendra Nath Pandey</assignee>
                                    <reporter username="jnp">Jitendra Nath Pandey</reporter>
                        <labels>
                    </labels>
                <created>Wed, 17 Oct 2012 08:12:54 +0000</created>
                <updated>Wed, 17 Oct 2012 08:14:56 +0000</updated>
                                                                                <due></due>
                            <votes>0</votes>
                                    <watches>3</watches>
                                                                    <issuelinks>
                            <issuelinktype id="10030">
                    <name>Reference</name>
                                            <outwardlinks description="relates to">
                                        <issuelink>
            <issuekey id="12603516">AMBARI-666</issuekey>
        </issuelink>
                            </outwardlinks>
                                                        </issuelinktype>
                    </issuelinks>
                <attachments>
                    </attachments>
                <subtasks>
                    </subtasks>
                <customfields>
                                                                            <customfield id="customfield_12310310" key="com.atlassian.jira.toolkit:attachments">
                        <customfieldname>Attachment count</customfieldname>
                        <customfieldvalues>
                            <customfieldvalue>0.0</customfieldvalue>
                        </customfieldvalues>
                    </customfield>
                                                                                                                                                                                                                                                                                                                                                                                                                                                                                                                                                                                                                                                                                                                                    <customfield id="customfield_12314020" key="com.atlassian.jira.plugins.jira-development-integration-plugin:devsummary">
                        <customfieldname>Development</customfieldname>
                        <customfieldvalues>
                            
                        </customfieldvalues>
                    </customfield>
                                                                                                                        <customfield id="customfield_12313422" key="com.atlassian.jirafisheyeplugin:jobcheckbox">
                        <customfieldname>Enable Automatic Patch Review</customfieldname>
                        <customfieldvalues>
                            <customfieldvalue><![CDATA[false]]></customfieldvalue>

                        </customfieldvalues>
                    </customfield>
                                                                                                                                                                                                                                                                                                                                                                                                                                                                                                                                                                                                                                                <customfield id="customfield_12310420" key="com.pyxis.greenhopper.jira:gh-global-rank">
                        <customfieldname>Global Rank</customfieldname>
                        <customfieldvalues>
                            <customfieldvalue>249231</customfieldvalue>
                        </customfieldvalues>
                    </customfield>
                                                                                                                                                                                                            <customfield id="customfield_12312521" key="com.atlassian.jira.toolkit:LastCommentDate">
                        <customfieldname>Last public comment date</customfieldname>
                        <customfieldvalues>
                            7 years, 18 weeks, 4 days ago
                        </customfieldvalues>
                    </customfield>
                                                                                                                                                                                                            <customfield id="customfield_12311820" key="com.pyxis.greenhopper.jira:gh-lexo-rank">
                        <customfieldname>Rank</customfieldname>
                        <customfieldvalues>
                            <customfieldvalue>0|i0a68v:</customfieldvalue>

                        </customfieldvalues>
                    </customfield>
                                                                <customfield id="customfield_12310920" key="com.pyxis.greenhopper.jira:gh-global-rank">
                        <customfieldname>Rank (Obsolete)</customfieldname>
                        <customfieldvalues>
                            <customfieldvalue>57285</customfieldvalue>
                        </customfieldvalues>
                    </customfield>
                                                                                                                                                                                                                                                                                                                                                                                                                                                                                                                                                                                                                                                                                                                                    </customfields>
    </item>


<item>
            <title>[AMBARI-861] Add support for Hadoop 2.0 in Branch 0.9.</title>
                <link>https://issues.apache.org/jira/browse/AMBARI-861</link>
                <project id="12312020" key="AMBARI">Ambari</project>
                    <description>&lt;p&gt;Add support for Hadoop 2.0 in Branch 0.9.&lt;/p&gt;</description>
                <environment></environment>
        <key id="12611783">AMBARI-861</key>
            <summary>Add support for Hadoop 2.0 in Branch 0.9.</summary>
                <type id="1" iconUrl="https://issues.apache.org/jira/secure/viewavatar?size=xsmall&amp;avatarId=21133&amp;avatarType=issuetype">Bug</type>
                                            <priority id="3" iconUrl="https://issues.apache.org/jira/images/icons/priorities/major.svg">Major</priority>
                        <status id="1" iconUrl="https://issues.apache.org/jira/images/icons/statuses/open.png" description="The issue is open and ready for the assignee to start work on it.">Open</status>
                    <statusCategory id="2" key="new" colorName="blue-gray"/>
                                    <resolution id="-1">Unresolved</resolution>
                                        <assignee username="-1">Unassigned</assignee>
                                    <reporter username="mahadev">Mahadev Konar</reporter>
                        <labels>
                    </labels>
                <created>Mon, 15 Oct 2012 05:45:32 +0000</created>
                <updated>Mon, 15 Oct 2012 05:56:19 +0000</updated>
                                                                                <due></due>
                            <votes>0</votes>
                                    <watches>2</watches>
                                                                <comments>
                            <comment id="13475987" author="mahadev" created="Mon, 15 Oct 2012 05:47:54 +0000"  >&lt;p&gt;Patch that adds Hadoop 2.0 support.&lt;/p&gt;</comment>
                            <comment id="13475990" author="mahadev" created="Mon, 15 Oct 2012 05:56:19 +0000"  >&lt;p&gt;Committed to a dev branch for now. This will be integrated with Ambari-666 soon.&lt;/p&gt;</comment>
                    </comments>
                    <attachments>
                            <attachment id="12549109" name="ambari2.patch" size="944957" author="mahadev" created="Mon, 15 Oct 2012 05:47:54 +0000"/>
                    </attachments>
                <subtasks>
                    </subtasks>
                <customfields>
                                                                            <customfield id="customfield_12310310" key="com.atlassian.jira.toolkit:attachments">
                        <customfieldname>Attachment count</customfieldname>
                        <customfieldvalues>
                            <customfieldvalue>1.0</customfieldvalue>
                        </customfieldvalues>
                    </customfield>
                                                                                                                                                                                                                                                                                                                                                                                                                                                                                                                                                                                                                                                                                                                                    <customfield id="customfield_12314020" key="com.atlassian.jira.plugins.jira-development-integration-plugin:devsummary">
                        <customfieldname>Development</customfieldname>
                        <customfieldvalues>
                            
                        </customfieldvalues>
                    </customfield>
                                                                                                                        <customfield id="customfield_12313422" key="com.atlassian.jirafisheyeplugin:jobcheckbox">
                        <customfieldname>Enable Automatic Patch Review</customfieldname>
                        <customfieldvalues>
                            <customfieldvalue><![CDATA[false]]></customfieldvalue>

                        </customfieldvalues>
                    </customfield>
                                                                                                                                                                                                                                                                                                                                                                                                                                                                                                                                                                                                                                                <customfield id="customfield_12310420" key="com.pyxis.greenhopper.jira:gh-global-rank">
                        <customfieldname>Global Rank</customfieldname>
                        <customfieldvalues>
                            <customfieldvalue>248627</customfieldvalue>
                        </customfieldvalues>
                    </customfield>
                                                                                                                                                                                                            <customfield id="customfield_12312521" key="com.atlassian.jira.toolkit:LastCommentDate">
                        <customfieldname>Last public comment date</customfieldname>
                        <customfieldvalues>
                            7 years, 18 weeks, 6 days ago
                        </customfieldvalues>
                    </customfield>
                                                                                                                                                                                                            <customfield id="customfield_12311820" key="com.pyxis.greenhopper.jira:gh-lexo-rank">
                        <customfieldname>Rank</customfieldname>
                        <customfieldvalues>
                            <customfieldvalue>0|i09xbj:</customfieldvalue>

                        </customfieldvalues>
                    </customfield>
                                                                <customfield id="customfield_12310920" key="com.pyxis.greenhopper.jira:gh-global-rank">
                        <customfieldname>Rank (Obsolete)</customfieldname>
                        <customfieldvalues>
                            <customfieldvalue>55839</customfieldvalue>
                        </customfieldvalues>
                    </customfield>
                                                                                                                                                                                                                                                                                                                                                                                                                                                                                                                                                                                                                                                                                                                                    </customfields>
    </item>


<item>
            <title>[AMBARI-833] Add missing Path annotation to rest services for put/post/delete</title>
                <link>https://issues.apache.org/jira/browse/AMBARI-833</link>
                <project id="12312020" key="AMBARI">Ambari</project>
                    <description>&lt;p&gt;In some services, the @Path annotation is missing for PUT/POST/DELETE methods.&lt;/p&gt;

&lt;p&gt;This resulted in a 405 error when attempting to invoke the method via http.&lt;/p&gt;</description>
                <environment></environment>
        <key id="12611029">AMBARI-833</key>
            <summary>Add missing Path annotation to rest services for put/post/delete</summary>
                <type id="1" iconUrl="https://issues.apache.org/jira/secure/viewavatar?size=xsmall&amp;avatarId=21133&amp;avatarType=issuetype">Bug</type>
                                            <priority id="3" iconUrl="https://issues.apache.org/jira/images/icons/priorities/major.svg">Major</priority>
                        <status id="5" iconUrl="https://issues.apache.org/jira/images/icons/statuses/resolved.png" description="A resolution has been taken, and it is awaiting verification by reporter. From here issues are either reopened, or are closed.">Resolved</status>
                    <statusCategory id="3" key="done" colorName="green"/>
                                    <resolution id="1">Fixed</resolution>
                                        <assignee username="jspeidel">John Speidel</assignee>
                                    <reporter username="jspeidel">John Speidel</reporter>
                        <labels>
                    </labels>
                <created>Tue, 9 Oct 2012 17:49:27 +0000</created>
                <updated>Wed, 10 Oct 2012 06:00:12 +0000</updated>
                            <resolved>Wed, 10 Oct 2012 06:00:12 +0000</resolved>
                                                    <fixVersion>ambari-666</fixVersion>
                                        <due></due>
                            <votes>0</votes>
                                    <watches>2</watches>
                                                                <comments>
                            <comment id="13472588" author="jspeidel" created="Tue, 9 Oct 2012 17:53:50 +0000"  >&lt;p&gt;Patch adds missing @Path annotations for several PUT/POST/DELETE methods in the REST services.&lt;/p&gt;</comment>
                            <comment id="13473014" author="mahadev" created="Wed, 10 Oct 2012 06:00:12 +0000"  >&lt;p&gt;Committed.&lt;/p&gt;</comment>
                    </comments>
                    <attachments>
                            <attachment id="12548432" name="AMBARI-833.patch" size="8243" author="jspeidel" created="Tue, 9 Oct 2012 17:52:41 +0000"/>
                    </attachments>
                <subtasks>
                    </subtasks>
                <customfields>
                                                                            <customfield id="customfield_12310310" key="com.atlassian.jira.toolkit:attachments">
                        <customfieldname>Attachment count</customfieldname>
                        <customfieldvalues>
                            <customfieldvalue>1.0</customfieldvalue>
                        </customfieldvalues>
                    </customfield>
                                                                                                                                                                                                                                                                                                                                                                                                                                                                                                                                                                                                                                                                                                        <customfield id="customfield_12310220" key="com.atlassian.jira.ext.charting:firstresponsedate">
                        <customfieldname>Date of First Response</customfieldname>
                        <customfieldvalues>
                            <customfieldvalue>Wed, 10 Oct 2012 06:00:12 +0000</customfieldvalue>

                        </customfieldvalues>
                    </customfield>
                                                                <customfield id="customfield_12314020" key="com.atlassian.jira.plugins.jira-development-integration-plugin:devsummary">
                        <customfieldname>Development</customfieldname>
                        <customfieldvalues>
                            
                        </customfieldvalues>
                    </customfield>
                                                                                                                        <customfield id="customfield_12313422" key="com.atlassian.jirafisheyeplugin:jobcheckbox">
                        <customfieldname>Enable Automatic Patch Review</customfieldname>
                        <customfieldvalues>
                            <customfieldvalue><![CDATA[false]]></customfieldvalue>

                        </customfieldvalues>
                    </customfield>
                                                                                                                                                                                                                                                                                                                                                                                                                                                                                                                                                                                                                                                <customfield id="customfield_12310420" key="com.pyxis.greenhopper.jira:gh-global-rank">
                        <customfieldname>Global Rank</customfieldname>
                        <customfieldvalues>
                            <customfieldvalue>246206</customfieldvalue>
                        </customfieldvalues>
                    </customfield>
                                                                                                                                                                                                            <customfield id="customfield_12312521" key="com.atlassian.jira.toolkit:LastCommentDate">
                        <customfieldname>Last public comment date</customfieldname>
                        <customfieldvalues>
                            7 years, 19 weeks, 4 days ago
                        </customfieldvalues>
                    </customfield>
                                                                                                                                                                                                            <customfield id="customfield_12311820" key="com.pyxis.greenhopper.jira:gh-lexo-rank">
                        <customfieldname>Rank</customfieldname>
                        <customfieldvalues>
                            <customfieldvalue>0|i07i5r:</customfieldvalue>

                        </customfieldvalues>
                    </customfield>
                                                                <customfield id="customfield_12310920" key="com.pyxis.greenhopper.jira:gh-global-rank">
                        <customfieldname>Rank (Obsolete)</customfieldname>
                        <customfieldvalues>
                            <customfieldvalue>41709</customfieldvalue>
                        </customfieldvalues>
                    </customfield>
                                                                                                                                                                                                                                                                                                                                                                                                                                                                                                                                                                                                                                                                            <customfield id="customfield_12310222" key="com.atlassian.jira.ext.charting:timeinstatus">
                        <customfieldname>Time in Status</customfieldname>
                        <customfieldvalues>
                            
                        </customfieldvalues>
                    </customfield>
                                                                                            </customfields>
    </item>
</channel>
</rss>