<!--
RSS generated by JIRA (8.3.4#803005-sha1:1f96e09b3c60279a408a2ae47be3c745f571388b) at Sun Feb 16 11:11:18 UTC 2020

It is possible to restrict the fields that are returned in this document by specifying the 'field' parameter in your request.
For example, to request only the issue key and summary append 'field=key&field=summary' to the URL of your request.
-->
<!-- If you wish to do custom client-side styling of RSS, uncomment this:
<?xml-stylesheet href="https://issues.apache.org/jira/styles/jiraxml2html.xsl" type="text/xsl"?>
-->
<rss version="0.92">
    <channel>
        <title>ASF JIRA</title>
        <link>https://issues.apache.org/jira/issues/?jql=project+%3D+AMBARI+AND+issuetype+%3D+Bug+AND+created+%3E%3D+2012-09-01+AND+created+%3C%3D+2012-10-01</link>
        <description>An XML representation of a search request</description>
                <language>en-uk</language>
                        <issue start="0" end="3" total="3"/>
                <build-info>
            <version>8.3.4</version>
            <build-number>803005</build-number>
            <build-date>13-09-2019</build-date>
        </build-info>

<item>
            <title>[AMBARI-766] Add privacy policy in web site</title>
                <link>https://issues.apache.org/jira/browse/AMBARI-766</link>
                <project id="12312020" key="AMBARI">Ambari</project>
                    <description>&lt;p&gt;As the web site use google analytics privacy policy page must be added.&lt;/p&gt;</description>
                <environment></environment>
        <key id="12608830">AMBARI-766</key>
            <summary>Add privacy policy in web site</summary>
                <type id="1" iconUrl="https://issues.apache.org/jira/secure/viewavatar?size=xsmall&amp;avatarId=21133&amp;avatarType=issuetype">Bug</type>
                                            <priority id="3" iconUrl="https://issues.apache.org/jira/images/icons/priorities/major.svg">Major</priority>
                        <status id="5" iconUrl="https://issues.apache.org/jira/images/icons/statuses/resolved.png" description="A resolution has been taken, and it is awaiting verification by reporter. From here issues are either reopened, or are closed.">Resolved</status>
                    <statusCategory id="3" key="done" colorName="green"/>
                                    <resolution id="1">Fixed</resolution>
                                        <assignee username="olamy">Olivier Lamy</assignee>
                                    <reporter username="olamy">Olivier Lamy</reporter>
                        <labels>
                    </labels>
                <created>Mon, 24 Sep 2012 08:20:39 +0000</created>
                <updated>Wed, 3 Oct 2012 23:33:45 +0000</updated>
                            <resolved>Wed, 3 Oct 2012 23:33:45 +0000</resolved>
                                                    <fixVersion>1.0</fixVersion>
                                        <due></due>
                            <votes>0</votes>
                                    <watches>3</watches>
                                                                <comments>
                            <comment id="13461663" author="olamy" created="Mon, 24 Sep 2012 08:21:13 +0000"  >&lt;p&gt;add a patch.&lt;/p&gt;</comment>
                            <comment id="13461857" author="mahadev" created="Mon, 24 Sep 2012 15:23:50 +0000"  >&lt;p&gt;Thanks for the patch Olivier. Will incorporate this!&lt;/p&gt;</comment>
                            <comment id="13462049" author="u39kun" created="Mon, 24 Sep 2012 19:53:48 +0000"  >&lt;p&gt;Slightly modified the footer from Olivier&apos;s patch to make sure all the intended footer contents show up.&lt;/p&gt;</comment>
                            <comment id="13468976" author="u39kun" created="Wed, 3 Oct 2012 23:33:45 +0000"  >&lt;p&gt;This has been committed to trunk and site.&lt;/p&gt;</comment>
                    </comments>
                    <attachments>
                            <attachment id="12546364" name="AMBARI-766.patch" size="3308" author="u39kun" created="Mon, 24 Sep 2012 19:53:48 +0000"/>
                            <attachment id="12546265" name="pp.patch" size="3533" author="olamy" created="Mon, 24 Sep 2012 08:21:13 +0000"/>
                    </attachments>
                <subtasks>
                    </subtasks>
                <customfields>
                                                                            <customfield id="customfield_12310310" key="com.atlassian.jira.toolkit:attachments">
                        <customfieldname>Attachment count</customfieldname>
                        <customfieldvalues>
                            <customfieldvalue>2.0</customfieldvalue>
                        </customfieldvalues>
                    </customfield>
                                                                                                                                                                                                                                                                                                                                                                                                                                                                                                                                                                                                                                                                                                        <customfield id="customfield_12310220" key="com.atlassian.jira.ext.charting:firstresponsedate">
                        <customfieldname>Date of First Response</customfieldname>
                        <customfieldvalues>
                            <customfieldvalue>Mon, 24 Sep 2012 15:23:50 +0000</customfieldvalue>

                        </customfieldvalues>
                    </customfield>
                                                                <customfield id="customfield_12314020" key="com.atlassian.jira.plugins.jira-development-integration-plugin:devsummary">
                        <customfieldname>Development</customfieldname>
                        <customfieldvalues>
                            
                        </customfieldvalues>
                    </customfield>
                                                                                                                        <customfield id="customfield_12313422" key="com.atlassian.jirafisheyeplugin:jobcheckbox">
                        <customfieldname>Enable Automatic Patch Review</customfieldname>
                        <customfieldvalues>
                            <customfieldvalue><![CDATA[false]]></customfieldvalue>

                        </customfieldvalues>
                    </customfield>
                                                                                                                                                                                                                                                                                                                                                                                                                                                                                                                                                                                                                                                <customfield id="customfield_12310420" key="com.pyxis.greenhopper.jira:gh-global-rank">
                        <customfieldname>Global Rank</customfieldname>
                        <customfieldvalues>
                            <customfieldvalue>240656</customfieldvalue>
                        </customfieldvalues>
                    </customfield>
                                                                                                                                                                                                            <customfield id="customfield_12312521" key="com.atlassian.jira.toolkit:LastCommentDate">
                        <customfieldname>Last public comment date</customfieldname>
                        <customfieldvalues>
                            7 years, 20 weeks, 3 days ago
                        </customfieldvalues>
                    </customfield>
                                                                                                                                                                                                            <customfield id="customfield_12311820" key="com.pyxis.greenhopper.jira:gh-lexo-rank">
                        <customfieldname>Rank</customfieldname>
                        <customfieldvalues>
                            <customfieldvalue>0|i014bj:</customfieldvalue>

                        </customfieldvalues>
                    </customfield>
                                                                <customfield id="customfield_12310920" key="com.pyxis.greenhopper.jira:gh-global-rank">
                        <customfieldname>Rank (Obsolete)</customfieldname>
                        <customfieldvalues>
                            <customfieldvalue>4469</customfieldvalue>
                        </customfieldvalues>
                    </customfield>
                                                                                                                                                                                                                                                                                                                                                                                                                                                                                                                                                                                                                                                                            <customfield id="customfield_12310222" key="com.atlassian.jira.ext.charting:timeinstatus">
                        <customfieldname>Time in Status</customfieldname>
                        <customfieldvalues>
                            
                        </customfieldvalues>
                    </customfield>
                                                                                            </customfields>
    </item>


<item>
            <title>[AMBARI-704] Minor fixes required in documentation</title>
                <link>https://issues.apache.org/jira/browse/AMBARI-704</link>
                <project id="12312020" key="AMBARI">Ambari</project>
                    <description>&lt;p&gt;&lt;a href=&quot;http://incubator.apache.org/ambari/install-0.9.html&quot; class=&quot;external-link&quot; rel=&quot;nofollow&quot;&gt;http://incubator.apache.org/ambari/install-0.9.html&lt;/a&gt; is not exposed on the main docs page ( &lt;a href=&quot;http://incubator.apache.org/ambari/&quot; class=&quot;external-link&quot; rel=&quot;nofollow&quot;&gt;http://incubator.apache.org/ambari/&lt;/a&gt; ).&lt;/p&gt;

&lt;p&gt;RHEL5/CentOS5 yum commands specify need for --nogpgcheck but this option is missed for RHEL6 commands. &lt;/p&gt;

</description>
                <environment></environment>
        <key id="12606492">AMBARI-704</key>
            <summary>Minor fixes required in documentation</summary>
                <type id="1" iconUrl="https://issues.apache.org/jira/secure/viewavatar?size=xsmall&amp;avatarId=21133&amp;avatarType=issuetype">Bug</type>
                                            <priority id="4" iconUrl="https://issues.apache.org/jira/images/icons/priorities/minor.svg">Minor</priority>
                        <status id="5" iconUrl="https://issues.apache.org/jira/images/icons/statuses/resolved.png" description="A resolution has been taken, and it is awaiting verification by reporter. From here issues are either reopened, or are closed.">Resolved</status>
                    <statusCategory id="3" key="done" colorName="green"/>
                                    <resolution id="8">Not A Problem</resolution>
                                        <assignee username="-1">Unassigned</assignee>
                                    <reporter username="hitesh">Hitesh Shah</reporter>
                        <labels>
                    </labels>
                <created>Thu, 6 Sep 2012 21:34:39 +0000</created>
                <updated>Thu, 6 Sep 2012 21:42:46 +0000</updated>
                            <resolved>Thu, 6 Sep 2012 21:39:52 +0000</resolved>
                                    <version>0.9.0</version>
                                                        <due></due>
                            <votes>0</votes>
                                    <watches>2</watches>
                                                                <comments>
                            <comment id="13450076" author="u39kun" created="Thu, 6 Sep 2012 21:39:52 +0000"  >&lt;p&gt;Actually, there&apos;s a link to the 0.9 install guide from the main docs page (but not in the menu).  &lt;br/&gt;
For RHEL/CentOS 6, --nogpgcheck is not needed.&lt;/p&gt;</comment>
                            <comment id="13450079" author="hitesh" created="Thu, 6 Sep 2012 21:42:46 +0000"  >&lt;p&gt;Thanks Yusaku. My mistake - went directly to install.html and never realized it was there on the main landing page.&lt;/p&gt;</comment>
                    </comments>
                    <attachments>
                    </attachments>
                <subtasks>
                    </subtasks>
                <customfields>
                                                                            <customfield id="customfield_12310310" key="com.atlassian.jira.toolkit:attachments">
                        <customfieldname>Attachment count</customfieldname>
                        <customfieldvalues>
                            <customfieldvalue>0.0</customfieldvalue>
                        </customfieldvalues>
                    </customfield>
                                                                                                                                                                                                                                                                                                                                                                                                                                                                                                                                                                                                                                                                                                        <customfield id="customfield_12310220" key="com.atlassian.jira.ext.charting:firstresponsedate">
                        <customfieldname>Date of First Response</customfieldname>
                        <customfieldvalues>
                            <customfieldvalue>Thu, 6 Sep 2012 21:39:52 +0000</customfieldvalue>

                        </customfieldvalues>
                    </customfield>
                                                                <customfield id="customfield_12314020" key="com.atlassian.jira.plugins.jira-development-integration-plugin:devsummary">
                        <customfieldname>Development</customfieldname>
                        <customfieldvalues>
                            
                        </customfieldvalues>
                    </customfield>
                                                                                                                        <customfield id="customfield_12313422" key="com.atlassian.jirafisheyeplugin:jobcheckbox">
                        <customfieldname>Enable Automatic Patch Review</customfieldname>
                        <customfieldvalues>
                            <customfieldvalue><![CDATA[false]]></customfieldvalue>

                        </customfieldvalues>
                    </customfield>
                                                                                                                                                                                                                                                                                                                                                                                                                                                                                                                                                                                                                                                <customfield id="customfield_12310420" key="com.pyxis.greenhopper.jira:gh-global-rank">
                        <customfieldname>Global Rank</customfieldname>
                        <customfieldvalues>
                            <customfieldvalue>300616</customfieldvalue>
                        </customfieldvalues>
                    </customfield>
                                                                                                                                                                                                            <customfield id="customfield_12312521" key="com.atlassian.jira.toolkit:LastCommentDate">
                        <customfieldname>Last public comment date</customfieldname>
                        <customfieldvalues>
                            7 years, 24 weeks, 2 days ago
                        </customfieldvalues>
                    </customfield>
                                                                                                                                                                                                            <customfield id="customfield_12311820" key="com.pyxis.greenhopper.jira:gh-lexo-rank">
                        <customfieldname>Rank</customfieldname>
                        <customfieldvalues>
                            <customfieldvalue>0|i16itr:</customfieldvalue>

                        </customfieldvalues>
                    </customfield>
                                                                <customfield id="customfield_12310920" key="com.pyxis.greenhopper.jira:gh-global-rank">
                        <customfieldname>Rank (Obsolete)</customfieldname>
                        <customfieldvalues>
                            <customfieldvalue>246182</customfieldvalue>
                        </customfieldvalues>
                    </customfield>
                                                                                                                                                                                                                                                                                                                                                                                                                                                                                                                                                                                                                                                                            <customfield id="customfield_12310222" key="com.atlassian.jira.ext.charting:timeinstatus">
                        <customfieldname>Time in Status</customfieldname>
                        <customfieldvalues>
                            
                        </customfieldvalues>
                    </customfield>
                                                                                            </customfields>
    </item>


<item>
            <title>[AMBARI-701] Ambari does not handle a pre-setup user-supplied Hive Metastore</title>
                <link>https://issues.apache.org/jira/browse/AMBARI-701</link>
                <project id="12312020" key="AMBARI">Ambari</project>
                    <description>&lt;p&gt;Ambari treats a Hive Metastore as something that it still needs to install and setup even though it may not have the necessary permissions to do so. &lt;/p&gt;
</description>
                <environment></environment>
        <key id="12606344">AMBARI-701</key>
            <summary>Ambari does not handle a pre-setup user-supplied Hive Metastore</summary>
                <type id="1" iconUrl="https://issues.apache.org/jira/secure/viewavatar?size=xsmall&amp;avatarId=21133&amp;avatarType=issuetype">Bug</type>
                                            <priority id="3" iconUrl="https://issues.apache.org/jira/images/icons/priorities/major.svg">Major</priority>
                        <status id="5" iconUrl="https://issues.apache.org/jira/images/icons/statuses/resolved.png" description="A resolution has been taken, and it is awaiting verification by reporter. From here issues are either reopened, or are closed.">Resolved</status>
                    <statusCategory id="3" key="done" colorName="green"/>
                                    <resolution id="1">Fixed</resolution>
                                        <assignee username="hitesh">Hitesh Shah</assignee>
                                    <reporter username="hitesh">Hitesh Shah</reporter>
                        <labels>
                    </labels>
                <created>Thu, 6 Sep 2012 02:46:12 +0000</created>
                <updated>Fri, 7 Sep 2012 18:52:52 +0000</updated>
                            <resolved>Fri, 7 Sep 2012 17:56:23 +0000</resolved>
                                    <version>0.9.0</version>
                                    <fixVersion>1.0</fixVersion>
                    <fixVersion>0.9.1</fixVersion>
                                        <due></due>
                            <votes>0</votes>
                                    <watches>2</watches>
                                                                <comments>
                            <comment id="13450836" author="hitesh" created="Fri, 7 Sep 2012 17:56:23 +0000"  >&lt;p&gt;Committed to trunk.&lt;/p&gt;</comment>
                            <comment id="13450853" author="hitesh" created="Fri, 7 Sep 2012 18:23:45 +0000"  >&lt;p&gt;Committed to 0.9 branch too.&lt;/p&gt;

&lt;p&gt;Can someone who has the required permissions create a fix version for 0.9.1?&lt;/p&gt;</comment>
                            <comment id="13450892" author="mahadev" created="Fri, 7 Sep 2012 18:52:52 +0000"  >&lt;p&gt;Done. &lt;/p&gt;</comment>
                    </comments>
                    <attachments>
                            <attachment id="12543976" name="AMBARI-701.3.patch" size="5436" author="hitesh" created="Thu, 6 Sep 2012 03:17:07 +0000"/>
                    </attachments>
                <subtasks>
                    </subtasks>
                <customfields>
                                                                            <customfield id="customfield_12310310" key="com.atlassian.jira.toolkit:attachments">
                        <customfieldname>Attachment count</customfieldname>
                        <customfieldvalues>
                            <customfieldvalue>1.0</customfieldvalue>
                        </customfieldvalues>
                    </customfield>
                                                                                                                                                                                                                                                                                                                                                                                                                                                                                                                                                                                                                                                                                                        <customfield id="customfield_12310220" key="com.atlassian.jira.ext.charting:firstresponsedate">
                        <customfieldname>Date of First Response</customfieldname>
                        <customfieldvalues>
                            <customfieldvalue>Fri, 7 Sep 2012 18:52:52 +0000</customfieldvalue>

                        </customfieldvalues>
                    </customfield>
                                                                <customfield id="customfield_12314020" key="com.atlassian.jira.plugins.jira-development-integration-plugin:devsummary">
                        <customfieldname>Development</customfieldname>
                        <customfieldvalues>
                            
                        </customfieldvalues>
                    </customfield>
                                                                                                                        <customfield id="customfield_12313422" key="com.atlassian.jirafisheyeplugin:jobcheckbox">
                        <customfieldname>Enable Automatic Patch Review</customfieldname>
                        <customfieldvalues>
                            <customfieldvalue><![CDATA[false]]></customfieldvalue>

                        </customfieldvalues>
                    </customfield>
                                                                                                                                                                                                                                                                                                                                                                                                                                                                                                                                                                                                                                                <customfield id="customfield_12310420" key="com.pyxis.greenhopper.jira:gh-global-rank">
                        <customfieldname>Global Rank</customfieldname>
                        <customfieldvalues>
                            <customfieldvalue>300617</customfieldvalue>
                        </customfieldvalues>
                    </customfield>
                                                                                                                                                                                                            <customfield id="customfield_12312521" key="com.atlassian.jira.toolkit:LastCommentDate">
                        <customfieldname>Last public comment date</customfieldname>
                        <customfieldvalues>
                            7 years, 24 weeks, 1 day ago
                        </customfieldvalues>
                    </customfield>
                                                                                                                                                                                                            <customfield id="customfield_12311820" key="com.pyxis.greenhopper.jira:gh-lexo-rank">
                        <customfieldname>Rank</customfieldname>
                        <customfieldvalues>
                            <customfieldvalue>0|i16itz:</customfieldvalue>

                        </customfieldvalues>
                    </customfield>
                                                                <customfield id="customfield_12310920" key="com.pyxis.greenhopper.jira:gh-global-rank">
                        <customfieldname>Rank (Obsolete)</customfieldname>
                        <customfieldvalues>
                            <customfieldvalue>246183</customfieldvalue>
                        </customfieldvalues>
                    </customfield>
                                                                                                                                                                                                                                                                                                                                                                                                                                                                                                                                                                                                                                                                            <customfield id="customfield_12310222" key="com.atlassian.jira.ext.charting:timeinstatus">
                        <customfieldname>Time in Status</customfieldname>
                        <customfieldvalues>
                            
                        </customfieldvalues>
                    </customfield>
                                                                                            </customfields>
    </item>
</channel>
</rss>