file,bugChurn,rank
org.apache.pdfbox.rendering.PageDrawer_java,1898,1
org.apache.pdfbox.pdmodel.graphics.state.PDExtendedGraphicsState_java,592,2
org.apache.xmpbox.schema.AbstractSchemaTester_java,490,3
org.apache.pdfbox.pdmodel.interactive.documentnavigation.outline.PDOutlineNode_java,332,4
org.apache.xmpbox.type.AbstractStructuredTypeTester_java,294,5
org.apache.xmpbox.DateConverter_java,221,6
org.apache.fontbox.ttf.GlyphRenderer_java,178,7
org.apache.pdfbox.pdmodel.interactive.documentnavigation.outline.PDOutlineItem_java,148,8
org.apache.xmpbox.type.AbstractTypeTester_java,139,9
org.apache.pdfbox.pdmodel.graphics.shading.RadialShadingContext_java,91,10
org.apache.pdfbox.pdmodel.graphics.shading.AxialShadingContext_java,67,11
org.apache.pdfbox.pdfwriter.COSWriter_java,64,12
org.apache.pdfbox.preflight.metadata.SynchronizedMetaDataValidation_java,62,13
org.apache.pdfbox.pdmodel.graphics.image.LosslessFactory_java,58,14
org.apache.pdfbox.pdmodel.font.PDCIDFontType2_java,55,15
org.apache.pdfbox.contentstream.PDFStreamEngine_java,44,16
org.apache.fontbox.cff.CFFParser_java,41,17
org.apache.fontbox.ttf.CmapSubtable_java,41,17
org.apache.pdfbox.pdmodel.interactive.form.PDAcroForm_java,39,19
org.apache.pdfbox.pdmodel.font.PDType1Font_java,36,20
org.apache.pdfbox.cos.COSStream_java,34,21
org.apache.pdfbox.cos.COSFloat_java,31,22
org.apache.pdfbox.pdmodel.graphics.state.PDGraphicsState_java,30,23
org.apache.pdfbox.pdmodel.PDDocument_java,26,24
org.apache.pdfbox.pdmodel.interactive.documentnavigation.outline.PDDocumentOutline_java,26,24
org.apache.pdfbox.cos.COSDictionary_java,22,26
org.apache.pdfbox.pdmodel.graphics.pattern.PDShadingPattern_java,22,26
org.apache.fontbox.cff.CFFCIDFont_java,18,28
org.apache.fontbox.type1.Type1Font_java,15,29
org.apache.pdfbox.pdmodel.encryption.SecurityHandler_java,14,30
org.apache.pdfbox.cos.COSBase_java,13,31
org.apache.pdfbox.pdmodel.PDDocumentInformation_java,13,31
org.apache.pdfbox.pdmodel.PDDocumentCatalog_java,13,31
org.apache.pdfbox.pdmodel.font.PDFontFactory_java,10,34
org.apache.fontbox.pfb.PfbParser_java,10,34
org.apache.pdfbox.cos.COSInteger_java,10,34
org.apache.pdfbox.pdmodel.PDResources_java,10,34
org.apache.pdfbox.pdmodel.font.PDSimpleFont_java,8,38
org.apache.pdfbox.tools.ExtractImages_java,7,39
org.apache.pdfbox.pdmodel.interactive.form.PDTextField_java,6,40
org.apache.pdfbox.cos.COSString_java,6,40
org.apache.pdfbox.pdmodel.interactive.form.PDField_java,5,42
org.apache.pdfbox.pdmodel.graphics.image.JPEGFactory_java,5,42
org.apache.pdfbox.pdmodel.common.PDPageLabels_java,5,42
org.apache.fontbox.ttf.GlyfCompositeComp_java,4,45
org.apache.pdfbox.contentstream.operator.state.SetGraphicsStateParameters_java,4,45
org.apache.pdfbox.pdmodel.font.PDCIDFontType2Embedder_java,2,47
org.apache.pdfbox.tools.ExtractText_java,2,47
org.apache.pdfbox.pdmodel.encryption.StandardSecurityHandler_java,2,47
org.apache.pdfbox.pdmodel.common.PDDictionaryWrapper_java,2,47
org.apache.pdfbox.pdmodel.interactive.digitalsignature.visible.PDVisibleSigBuilder_java,2,47
org.apache.pdfbox.pdmodel.interactive.form.FieldUtils_java,1,52
org.apache.pdfbox.pdfparser.BaseParser_java,1,52
org.apache.pdfbox.pdmodel.font.PDType1FontEmbedder_java,1,52
