file,bugChurn,rank
org.apache.pdfbox.pdfparser.COSParser_java,1724,1
org.apache.pdfbox.pdmodel.PDDocument_java,105,2
org.apache.pdfbox.tools.ExtractImages_java,103,3
org.apache.pdfbox.multipdf.PDFMergerUtility_java,101,4
org.apache.pdfbox.filter.DCTFilter_java,88,5
org.apache.pdfbox.pdmodel.interactive.form.PDAcroForm_java,85,6
org.apache.pdfbox.pdmodel.font.PDCIDFont_java,79,7
org.apache.pdfbox.pdmodel.interactive.form.AppearanceGeneratorHelper_java,77,8
org.apache.pdfbox.pdfparser.BaseParser_java,76,9
org.apache.pdfbox.pdmodel.font.PDTrueTypeFont_java,68,10
org.apache.pdfbox.pdmodel.graphics.color.PDDeviceN_java,67,11
org.apache.pdfbox.pdmodel.font.PDType0Font_java,63,12
org.apache.pdfbox.pdmodel.graphics.optionalcontent.PDOptionalContentProperties_java,61,13
org.apache.pdfbox.multipdf.LayerUtility_java,60,14
org.apache.pdfbox.pdmodel.interactive.form.PDButton_java,55,15
org.apache.pdfbox.pdmodel.interactive.digitalsignature.visible.PDVisibleSigBuilder_java,54,16
org.apache.pdfbox.pdmodel.font.TrueTypeEmbedder_java,50,17
org.apache.pdfbox.util.Matrix_java,45,18
org.apache.pdfbox.pdmodel.interactive.action.PDActionURI_java,36,19
org.apache.fontbox.cff.CFFParser_java,35,20
org.apache.pdfbox.pdmodel.interactive.digitalsignature.visible.PDFTemplateBuilder_java,31,21
org.apache.pdfbox.pdmodel.interactive.digitalsignature.visible.PDVisibleSignDesigner_java,31,21
org.apache.pdfbox.pdmodel.graphics.color.PDICCBased_java,30,23
org.apache.pdfbox.pdmodel.interactive.form.PDDefaultAppearanceString_java,29,24
org.apache.pdfbox.pdmodel.font.PDCIDFontType2_java,28,25
org.apache.pdfbox.pdmodel.interactive.form.PDFieldFactory_java,26,26
org.apache.pdfbox.debugger.PDFDebugger_java,26,26
org.apache.pdfbox.cos.COSDictionary_java,25,28
org.apache.pdfbox.pdmodel.interactive.annotation.PDAppearanceDictionary_java,25,28
org.apache.pdfbox.pdmodel.font.PDCIDFontType0_java,24,30
org.apache.fontbox.type1.Type1Parser_java,23,31
org.apache.pdfbox.multipdf.Overlay_java,22,32
org.apache.pdfbox.pdfparser.PDFStreamParser_java,21,33
org.apache.pdfbox.pdmodel.graphics.form.PDFormXObject_java,20,34
org.apache.fontbox.ttf.HorizontalMetricsTable_java,20,34
org.apache.pdfbox.pdmodel.graphics.image.SampledImageReader_java,19,36
org.apache.pdfbox.preflight.PreflightConfiguration_java,17,37
org.apache.pdfbox.filter.RunLengthDecodeFilter_java,16,38
org.apache.pdfbox.pdfparser.SequentialSource_java,16,38
org.apache.pdfbox.cos.PDFDocEncoding_java,14,40
org.apache.pdfbox.pdmodel.interactive.digitalsignature.visible.PDFTemplateCreator_java,14,40
org.apache.pdfbox.pdmodel.PDPage_java,14,40
org.apache.pdfbox.rendering.TilingPaintFactory_java,14,40
org.apache.pdfbox.pdmodel.encryption.SecurityProvider_java,13,44
org.apache.xmpbox.schema.XMPSchemaFactory_java,13,44
org.apache.pdfbox.pdmodel.interactive.annotation.PDBorderStyleDictionary_java,13,44
org.apache.pdfbox.rendering.PageDrawer_java,12,47
org.apache.pdfbox.pdfparser.FDFParser_java,12,47
org.apache.pdfbox.pdmodel.common.PDNumberTreeNode_java,12,47
org.apache.pdfbox.pdmodel.graphics.pattern.PDAbstractPattern_java,11,50
org.apache.pdfbox.pdmodel.font.FileSystemFontProvider_java,11,50
org.apache.pdfbox.pdmodel.graphics.shading.PDShadingType1_java,11,50
org.apache.pdfbox.text.TextPosition_java,11,50
org.apache.pdfbox.filter.Filter_java,10,54
org.apache.pdfbox.pdfparser.PDFParser_java,10,54
org.apache.pdfbox.pdmodel.font.encoding.GlyphList_java,10,54
org.apache.xmpbox.type.TypeMapping_java,10,54
org.apache.pdfbox.cos.UnmodifiableCOSDictionary_java,9,58
org.apache.pdfbox.pdmodel.PDDocumentCatalog_java,9,58
org.apache.pdfbox.multipdf.Splitter_java,8,60
org.apache.pdfbox.preflight.annotation.AnnotationValidatorFactory_java,8,60
org.apache.fontbox.ttf.PostScriptTable_java,8,60
org.apache.pdfbox.pdfparser.InputStreamSource_java,7,63
org.apache.fontbox.cmap.CMapParser_java,7,63
org.apache.pdfbox.pdmodel.interactive.form.PDPushButton_java,7,63
org.apache.pdfbox.contentstream.operator.state.SetGraphicsStateParameters_java,7,63
org.apache.pdfbox.pdmodel.interactive.form.PDVariableText_java,6,67
org.apache.pdfbox.pdmodel.interactive.annotation.PDAppearanceEntry_java,6,67
org.apache.pdfbox.pdfparser.RandomAccessSource_java,6,67
org.apache.pdfbox.pdmodel.interactive.annotation.PDAnnotationLine_java,6,67
org.apache.pdfbox.pdmodel.encryption.PublicKeySecurityHandler_java,6,67
org.apache.fontbox.ttf.TrueTypeFont_java,5,72
org.apache.pdfbox.contentstream.PDFStreamEngine_java,5,72
org.apache.pdfbox.pdmodel.font.PDTrueTypeFontEmbedder_java,5,72
org.apache.pdfbox.pdmodel.graphics.shading.PatchMeshesShadingContext_java,4,75
org.apache.pdfbox.pdmodel.common.PDPageLabels_java,4,75
org.apache.pdfbox.pdmodel.PDPageTree_java,4,75
org.apache.pdfbox.text.PDFTextStripper_java,4,75
org.apache.fontbox.ttf.TTFSubsetter_java,3,79
org.apache.pdfbox.cos.COSName_java,3,79
org.apache.pdfbox.pdmodel.interactive.annotation.PDAnnotation_java,2,81
org.apache.pdfbox.pdmodel.font.PDFont_java,2,81
org.apache.pdfbox.pdmodel.documentinterchange.logicalstructure.PDObjectReference_java,2,81
org.apache.pdfbox.debugger.ui.OSXAdapter_java,2,81
org.apache.pdfbox.pdmodel.font.FontMapperImpl_java,2,81
org.apache.pdfbox.cos.COSString_java,2,81
org.apache.pdfbox.pdmodel.interactive.form.PDChoice_java,1,87
org.apache.pdfbox.cos.COSStream_java,1,87
