file,bugChurn,rank
org.apache.pdfbox.rendering.PageDrawer_java,760,1
org.apache.pdfbox.multipdf.PDFMergerUtility_java,576,2
org.apache.pdfbox.contentstream.PDFGraphicsStreamEngine_java,522,3
org.apache.pdfbox.pdmodel.fdf.FDFAnnotationStamp_java,471,4
org.apache.pdfbox.pdmodel.encryption.SaslPrep_java,345,5
org.apache.pdfbox.pdmodel.encryption.SecurityHandler_java,235,6
org.apache.pdfbox.rendering.PDFRenderer_java,226,7
org.apache.pdfbox.pdmodel.PDDocument_java,184,8
org.apache.pdfbox.multipdf.Overlay_java,144,9
org.apache.fontbox.cmap.CMapParser_java,134,10
org.apache.pdfbox.pdfparser.COSParser_java,134,10
org.apache.pdfbox.pdmodel.graphics.image.PDImageXObject_java,130,12
org.apache.pdfbox.cos.COSDictionary_java,126,13
org.apache.pdfbox.contentstream.operator.markedcontent.BeginMarkedContentSequenceWithProperties_java,124,14
org.apache.pdfbox.pdmodel.graphics.optionalcontent.PDOptionalContentMembershipDictionary_java,121,15
org.apache.pdfbox.preflight.content.StubOperator_java,113,16
org.apache.pdfbox.contentstream.operator.markedcontent.BeginMarkedContentSequence_java,112,17
org.apache.pdfbox.util.Hex_java,105,18
org.apache.pdfbox.contentstream.operator.markedcontent.EndMarkedContentSequence_java,92,19
org.apache.pdfbox.pdmodel.graphics.image.JPEGFactory_java,90,20
org.apache.pdfbox.pdmodel.font.PDFont_java,87,21
org.apache.pdfbox.pdmodel.font.PDType1Font_java,82,22
org.apache.pdfbox.tools.ExtractText_java,80,23
org.apache.pdfbox.pdmodel.graphics.optionalcontent.PDOptionalContentGroup_java,77,24
org.apache.pdfbox.tools.PrintPDF_java,68,25
org.apache.pdfbox.pdmodel.fdf.FDFAnnotation_java,66,26
org.apache.pdfbox.pdmodel.graphics.optionalcontent.PDOptionalContentProperties_java,66,26
org.apache.pdfbox.pdmodel.graphics.color.PDICCBased_java,59,28
org.apache.pdfbox.printing.PDFPageable_java,58,29
org.apache.pdfbox.pdmodel.documentinterchange.logicalstructure.PDParentTreeValue_java,55,30
org.apache.pdfbox.pdmodel.graphics.color.PDDeviceRGB_java,52,31
org.apache.pdfbox.preflight.ValidationResult_java,50,32
org.apache.pdfbox.filter.JPXFilter_java,43,33
org.apache.pdfbox.pdfparser.PDFXrefStreamParser_java,43,33
org.apache.pdfbox.multipdf.PDFCloneUtility_java,42,35
org.apache.pdfbox.pdmodel.graphics.image.ValidateXImage_java,42,35
org.apache.pdfbox.preflight.process.CatalogValidationProcess_java,39,37
org.apache.pdfbox.pdmodel.graphics.image.SampledImageReader_java,38,38
org.apache.pdfbox.pdmodel.documentinterchange.logicalstructure.PDStructureTreeRoot_java,38,38
org.apache.pdfbox.pdmodel.interactive.form.PDAcroForm_java,37,40
org.apache.pdfbox.pdmodel.graphics.state.PDExtendedGraphicsState_java,36,41
org.apache.pdfbox.pdfparser.InputStreamSource_java,35,42
org.apache.pdfbox.pdmodel.PDPageTree_java,32,43
org.apache.pdfbox.rendering.RenderDestination_java,31,44
org.apache.pdfbox.preflight.utils.ContextHelper_java,31,44
org.apache.pdfbox.pdfwriter.COSWriter_java,30,46
org.apache.pdfbox.io.RandomAccessInputStream_java,29,47
org.apache.pdfbox.pdmodel.common.filespecification.PDComplexFileSpecification_java,29,47
org.apache.pdfbox.printing.PDFPrintable_java,28,49
org.apache.pdfbox.rendering.PageDrawerParameters_java,27,50
org.apache.pdfbox.pdmodel.interactive.documentnavigation.destination.PDPageDestination_java,27,50
org.apache.xmpbox.xml.DomXmpParser_java,26,52
org.apache.pdfbox.preflight.PreflightContext_java,26,52
org.apache.pdfbox.contentstream.PDFStreamEngine_java,25,54
org.apache.pdfbox.preflight.PreflightConfiguration_java,24,55
org.apache.pdfbox.text.LegacyPDFStreamEngine_java,22,56
org.apache.pdfbox.pdmodel.font.Standard14Fonts_java,21,57
org.apache.pdfbox.pdmodel.graphics.form.PDFormXObject_java,20,58
org.apache.pdfbox.pdmodel.graphics.color.PDDeviceCMYK_java,19,59
org.apache.pdfbox.pdmodel.encryption.StandardSecurityHandler_java,18,60
org.apache.pdfbox.pdmodel.interactive.form.AppearanceGeneratorHelper_java,18,60
org.apache.pdfbox.preflight.process.PageTreeValidationProcess_java,18,60
org.apache.pdfbox.pdmodel.font.ToUnicodeWriter_java,18,60
org.apache.pdfbox.pdmodel.encryption.PDEncryption_java,18,60
org.apache.fontbox.ttf.TrueTypeFont_java,17,65
org.apache.pdfbox.filter.ASCIIHexFilter_java,17,65
org.apache.fontbox.type1.Type1Parser_java,17,65
org.apache.pdfbox.pdmodel.interactive.digitalsignature.visible.PDVisibleSignDesigner_java,16,68
org.apache.pdfbox.pdmodel.graphics.form.PDTransparencyGroupAttributes_java,15,69
org.apache.pdfbox.pdfparser.BaseParser_java,14,70
org.apache.pdfbox.util.Version_java,13,71
org.apache.fontbox.cff.CFFParser_java,13,71
org.apache.pdfbox.pdmodel.graphics.color.PDIndexed_java,13,71
org.apache.pdfbox.pdmodel.common.PDNumberTreeNode_java,12,74
org.apache.pdfbox.cos.COSDocument_java,12,74
org.apache.fontbox.cmap.CMap_java,12,74
org.apache.pdfbox.cos.COSName_java,12,74
org.apache.pdfbox.pdmodel.graphics.PDLineDashPattern_java,11,78
org.apache.fontbox.ttf.GlyfCompositeComp_java,11,78
org.apache.fontbox.ttf.GlyphSubstitutionTable_java,10,80
org.apache.pdfbox.pdmodel.font.FontMapperImpl_java,10,80
org.apache.pdfbox.pdmodel.encryption.PublicKeySecurityHandler_java,10,80
org.apache.fontbox.ttf.GlyphTable_java,8,83
org.apache.pdfbox.pdmodel.interactive.annotation.PDAnnotation_java,7,84
org.apache.pdfbox.debugger.PDFDebugger_java,7,84
org.apache.pdfbox.cos.COSStream_java,6,86
org.apache.pdfbox.multipdf.LayerUtility_java,6,86
org.apache.pdfbox.cos.COSArray_java,6,86
org.apache.pdfbox.pdmodel.encryption.PDCryptFilterDictionary_java,6,86
org.apache.fontbox.ttf.CmapSubtable_java,6,86
org.apache.pdfbox.pdmodel.font.encoding.GlyphList_java,5,91
org.apache.pdfbox.preflight.metadata.SynchronizedMetaDataValidation_java,5,91
org.apache.pdfbox.pdmodel.PDPage_java,5,91
org.apache.pdfbox.pdmodel.documentinterchange.markedcontent.PDPropertyList_java,5,91
org.apache.pdfbox.pdfparser.PDFObjectStreamParser_java,4,95
org.apache.pdfbox.preflight.process.MetadataValidationProcess_java,4,95
org.apache.pdfbox.text.PDFTextStripper_java,4,95
org.apache.fontbox.ttf.OS2WindowsMetricsTable_java,4,95
org.apache.pdfbox.pdmodel.interactive.form.PDButton_java,4,95
org.apache.fontbox.ttf.OpenTypeScript_java,4,95
org.apache.pdfbox.pdmodel.font.PDType1CFont_java,4,95
org.apache.pdfbox.debugger.streampane.tooltip.KToolTip_java,4,95
org.apache.pdfbox.pdmodel.PDDocumentCatalog_java,4,95
org.apache.pdfbox.pdmodel.common.PDRectangle_java,3,104
org.apache.pdfbox.pdmodel.font.PDType3Font_java,3,104
org.apache.pdfbox.tools.ExtractImages_java,3,104
org.apache.pdfbox.pdmodel.fdf.FDFPage_java,2,107
org.apache.pdfbox.pdmodel.fdf.FDFDocument_java,2,107
org.apache.pdfbox.text.PDFMarkedContentExtractor_java,2,107
org.apache.fontbox.cff.Type1CharString_java,2,107
org.apache.pdfbox.preflight.PreflightDocument_java,2,107
org.apache.fontbox.ttf.TTFDataStream_java,2,107
org.apache.pdfbox.pdmodel.common.function.PDFunctionType0_java,1,113
