file,bugChurn,rank
org.apache.pdfbox.text.PDFTextStripper_java,825,1
org.apache.pdfbox.io.ScratchFileBuffer_java,556,2
org.apache.fontbox.ttf.GlyfSimpleDescript_java,440,3
org.apache.pdfbox.pdfparser.PDFXrefStreamParser_java,219,4
org.apache.pdfbox.printing.PDFPrintable_java,217,5
org.apache.pdfbox.io.RandomAccessBuffer_java,207,6
org.apache.pdfbox.pdfparser.PDFParser_java,202,7
org.apache.pdfbox.cos.COSStream_java,193,8
org.apache.pdfbox.pdmodel.font.PDCIDFontType2_java,166,9
org.apache.pdfbox.printing.PDFPageable_java,151,10
org.apache.pdfbox.pdfparser.COSParser_java,150,11
org.apache.pdfbox.pdmodel.graphics.image.PDInlineImage_java,148,12
org.apache.pdfbox.io.ScratchFile_java,130,13
org.apache.fontbox.cff.Type1CharString_java,129,14
org.apache.fontbox.ttf.TTFParser_java,122,15
org.apache.pdfbox.pdfparser.BaseParser_java,101,16
org.apache.pdfbox.tools.Decrypt_java,95,17
org.apache.pdfbox.pdmodel.font.encoding.GlyphList_java,92,18
org.apache.pdfbox.pdmodel.PDDocument_java,92,18
org.apache.pdfbox.io.RandomAccessBufferedFileInputStream_java,86,20
org.apache.pdfbox.pdmodel.graphics.shading.RadialShadingContext_java,81,21
org.apache.pdfbox.pdmodel.font.PDType1FontEmbedder_java,75,22
org.apache.pdfbox.cos.COSDocument_java,73,23
org.apache.xmpbox.xml.XmpSerializer_java,73,23
org.apache.pdfbox.contentstream.operator.markedcontent.DrawObject_java,72,25
org.apache.pdfbox.pdmodel.interactive.form.PDAcroForm_java,71,26
org.apache.pdfbox.tools.TextToPDF_java,67,27
org.apache.pdfbox.preflight.content.PreflightStreamEngine_java,66,28
org.apache.pdfbox.pdmodel.font.PDTrueTypeFont_java,66,28
org.apache.pdfbox.io.RandomAccessWrite_java,58,30
org.apache.pdfbox.pdmodel.graphics.color.PDDeviceCMYK_java,57,31
org.apache.pdfbox.pdmodel.graphics.shading.AxialShadingContext_java,56,32
org.apache.fontbox.encoding.Encoding_java,56,32
org.apache.pdfbox.pdmodel.PDResources_java,53,34
org.apache.pdfbox.rendering.PageDrawer_java,52,35
org.apache.pdfbox.filter.Predictor_java,49,36
org.apache.pdfbox.io.RandomAccess_java,48,37
org.apache.pdfbox.pdmodel.interactive.documentnavigation.outline.PDOutlineItem_java,48,37
org.apache.pdfbox.pdmodel.graphics.color.PDColorSpace_java,47,39
org.apache.pdfbox.pdmodel.graphics.color.PDDeviceRGB_java,43,40
org.apache.pdfbox.contentstream.PDFStreamEngine_java,43,40
org.apache.pdfbox.pdmodel.font.PDType1Font_java,39,42
org.apache.pdfbox.pdmodel.PDDocumentCatalog_java,38,43
org.apache.pdfbox.tools.Encrypt_java,36,44
org.apache.pdfbox.tools.PDFBox_java,36,44
org.apache.pdfbox.pdmodel.interactive.form.PDRadioButton_java,35,46
org.apache.pdfbox.pdfparser.PDFStreamParser_java,35,46
org.apache.fontbox.ttf.TTFTable_java,35,46
org.apache.fontbox.ttf.GlyphTable_java,34,49
org.apache.pdfbox.pdmodel.font.PDType0Font_java,34,49
org.apache.pdfbox.tools.OverlayPDF_java,33,51
org.apache.pdfbox.filter.FlateFilter_java,31,52
org.apache.pdfbox.io.RandomAccessRead_java,31,52
org.apache.pdfbox.multipdf.PDFMergerUtility_java,29,54
org.apache.pdfbox.pdmodel.graphics.image.SampledImageReader_java,29,54
org.apache.pdfbox.pdmodel.PDDocumentNameDestinationDictionary_java,29,54
org.apache.pdfbox.tools.ExtractText_java,28,57
org.apache.pdfbox.tools.PDFToImage_java,28,57
org.apache.pdfbox.pdmodel.common.PDStream_java,27,59
org.apache.pdfbox.preflight.content.PreflightContentStream_java,26,60
org.apache.pdfbox.tools.PrintPDF_java,25,61
org.apache.pdfbox.pdmodel.font.PDCIDFont_java,24,62
org.apache.fontbox.ttf.HorizontalMetricsTable_java,24,62
org.apache.pdfbox.pdmodel.font.PDFontDescriptor_java,23,64
org.apache.pdfbox.pdfwriter.COSWriter_java,22,65
org.apache.pdfbox.contentstream.operator.DrawObject_java,21,66
org.apache.pdfbox.tools.imageio.TIFFUtil_java,19,67
org.apache.pdfbox.tools.ExtractImages_java,19,67
org.apache.pdfbox.cos.COSFloat_java,19,67
org.apache.pdfbox.pdmodel.graphics.color.PDCalGray_java,19,67
org.apache.fontbox.ttf.TrueTypeCollection_java,19,67
org.apache.pdfbox.io.RandomAccessFile_java,19,67
org.apache.pdfbox.filter.LZWFilter_java,18,73
org.apache.pdfbox.tools.PDFSplit_java,18,73
org.apache.pdfbox.pdmodel.interactive.form.PDField_java,17,75
org.apache.pdfbox.pdmodel.font.TrueTypeEmbedder_java,17,75
org.apache.pdfbox.tools.PDFMerger_java,16,77
org.apache.pdfbox.pdmodel.interactive.form.PDNonTerminalField_java,16,77
org.apache.pdfbox.preflight.parser.PreflightParser_java,15,79
org.apache.pdfbox.util.Matrix_java,14,80
org.apache.pdfbox.contentstream.operator.text.SetFontAndSize_java,14,80
org.apache.pdfbox.pdmodel.font.FileSystemFontProvider_java,14,80
org.apache.pdfbox.tools.WriteDecodedDoc_java,14,80
org.apache.pdfbox.contentstream.operator.text.MoveText_java,14,80
org.apache.pdfbox.pdmodel.font.PDTrueTypeFontEmbedder_java,14,80
org.apache.pdfbox.tools.DecompressObjectstreams_java,13,86
org.apache.pdfbox.pdmodel.graphics.image.PDImageXObject_java,13,86
org.apache.pdfbox.contentstream.operator.graphics.DrawObject_java,12,88
org.apache.pdfbox.preflight.graphic.StandardColorSpaceHelper_java,12,88
org.apache.xmpbox.schema.PDFAIdentificationSchema_java,12,88
org.apache.pdfbox.contentstream.operator.text.SetTextRise_java,12,88
org.apache.pdfbox.contentstream.operator.text.SetTextRenderingMode_java,12,88
org.apache.fontbox.ttf.KerningSubtable_java,11,93
org.apache.pdfbox.pdmodel.graphics.color.PDColor_java,11,93
org.apache.pdfbox.pdmodel.font.PDCIDFontType2Embedder_java,11,93
org.apache.pdfbox.pdmodel.font.encoding.Encoding_java,11,93
org.apache.pdfbox.contentstream.operator.text.ShowTextAdjusted_java,11,93
org.apache.fontbox.cff.CFFType1Font_java,11,93
org.apache.pdfbox.contentstream.operator.text.SetWordSpacing_java,11,93
org.apache.pdfbox.preflight.process.PageTreeValidationProcess_java,10,100
org.apache.pdfbox.pdmodel.graphics.shading.PDShading_java,10,100
org.apache.fontbox.ttf.CmapSubtable_java,10,100
org.apache.pdfbox.text.TextPosition_java,10,100
org.apache.pdfbox.contentstream.operator.text.MoveTextSetLeading_java,9,104
org.apache.pdfbox.preflight.graphic.ColorSpaces_java,9,104
org.apache.pdfbox.pdmodel.font.PDFont_java,8,106
org.apache.pdfbox.contentstream.operator.text.ShowText_java,8,106
org.apache.pdfbox.preflight.process.XRefValidationProcess_java,8,106
org.apache.pdfbox.tools.ExportXFDF_java,8,106
org.apache.fontbox.ttf.OTFParser_java,8,106
org.apache.pdfbox.tools.ExportFDF_java,8,106
org.apache.fontbox.ttf.VerticalMetricsTable_java,7,112
org.apache.fontbox.ttf.HeaderTable_java,7,112
org.apache.pdfbox.pdmodel.interactive.form.PDFieldFactory_java,7,112
org.apache.fontbox.ttf.IndexToLocationTable_java,7,112
org.apache.pdfbox.rendering.PDFRenderer_java,7,112
org.apache.fontbox.ttf.MaximumProfileTable_java,7,112
org.apache.fontbox.ttf.VerticalHeaderTable_java,7,112
org.apache.fontbox.ttf.HorizontalHeaderTable_java,7,112
org.apache.pdfbox.pdmodel.font.encoding.DictionaryEncoding_java,6,120
org.apache.xmpbox.xml.DomXmpParser_java,6,120
org.apache.pdfbox.pdmodel.font.FontMapper_java,6,120
org.apache.pdfbox.pdmodel.interactive.digitalsignature.SignatureOptions_java,6,120
org.apache.fontbox.ttf.TTFSubsetter_java,6,120
org.apache.pdfbox.pdfparser.PDFXRefStream_java,6,120
org.apache.fontbox.ttf.GlyphData_java,6,120
org.apache.fontbox.ttf.CFFTable_java,5,127
org.apache.fontbox.ttf.NamingTable_java,5,127
org.apache.fontbox.ttf.DigitalSignatureTable_java,5,127
org.apache.fontbox.ttf.VerticalOriginTable_java,5,127
org.apache.pdfbox.pdmodel.encryption.SecurityHandler_java,5,127
org.apache.pdfbox.contentstream.operator.text.ShowTextLineAndSpace_java,5,127
org.apache.fontbox.ttf.PostScriptTable_java,5,127
org.apache.pdfbox.filter.JPXFilter_java,5,127
org.apache.fontbox.ttf.OTLTable_java,5,127
org.apache.fontbox.ttf.OS2WindowsMetricsTable_java,5,127
org.apache.fontbox.ttf.KerningTable_java,5,127
org.apache.fontbox.ttf.CmapTable_java,5,127
org.apache.pdfbox.preflight.ValidationResult_java,4,139
org.apache.pdfbox.pdmodel.graphics.state.RenderingIntent_java,4,139
org.apache.pdfbox.pdfparser.FDFParser_java,4,139
org.apache.xmpbox.schema.XMPSchema_java,4,139
org.apache.pdfbox.pdmodel.documentinterchange.markedcontent.PDMarkedContent_java,4,139
org.apache.pdfbox.pdmodel.interactive.form.PDSignatureField_java,3,144
org.apache.pdfbox.pdmodel.graphics.PDFontSetting_java,3,144
org.apache.pdfbox.preflight.process.StreamValidationProcess_java,3,144
org.apache.pdfbox.pdmodel.interactive.documentnavigation.destination.PDPageDestination_java,3,144
org.apache.pdfbox.tools.Version_java,3,144
org.apache.pdfbox.preflight.graphic.DeviceColorSpaceHelper_java,2,149
org.apache.pdfbox.pdmodel.font.PDType3Font_java,2,149
org.apache.pdfbox.pdmodel.encryption.StandardSecurityHandler_java,2,149
org.apache.pdfbox.pdmodel.graphics.shading.AxialShadingPaint_java,2,149
org.apache.pdfbox.pdmodel.common.COSArrayList_java,2,149
org.apache.fontbox.cff.Type1CharStringParser_java,2,149
org.apache.pdfbox.pdfparser.PDFObjectStreamParser_java,2,149
org.apache.pdfbox.pdmodel.graphics.color.PDOutputIntent_java,2,149
org.apache.pdfbox.text.PDFMarkedContentExtractor_java,2,149
org.apache.pdfbox.pdmodel.interactive.digitalsignature.PDSignature_java,2,149
org.apache.pdfbox.pdmodel.graphics.shading.RadialShadingPaint_java,2,149
org.apache.pdfbox.pdmodel.font.PDSimpleFont_java,2,149
org.apache.pdfbox.pdmodel.interactive.form.AppearanceGeneratorHelper_java,1,161
org.apache.pdfbox.tools.ImportXFDF_java,1,161
org.apache.pdfbox.tools.ImportFDF_java,1,161
org.apache.pdfbox.pdmodel.interactive.form.PDTerminalField_java,1,161
org.apache.pdfbox.pdmodel.graphics.color.PDIndexed_java,1,161
