file,bugChurn,rank
org.apache.pdfbox.pdmodel.font.FileSystemFontProvider_java,1790,1
org.apache.pdfbox.filter.CCITTFaxDecoderStream_java,809,2
org.apache.pdfbox.rendering.PageDrawer_java,418,3
org.apache.pdfbox.pdmodel.font.encoding.ZapfDingbatsEncoding_java,252,4
org.apache.pdfbox.pdmodel.graphics.state.RenderingMode_java,240,5
org.apache.pdfbox.pdmodel.font.encoding.MacExpertEncoding_java,229,6
org.apache.pdfbox.pdmodel.fdf.FDFAnnotationFreeText_java,202,7
org.apache.pdfbox.text.PDFTextStripper_java,198,8
org.apache.pdfbox.pdmodel.PDDocument_java,173,9
org.apache.pdfbox.pdmodel.interactive.form.AppearanceGeneratorHelper_java,154,10
org.apache.fontbox.ttf.GlyphTable_java,149,11
org.apache.pdfbox.pdmodel.encryption.SecurityHandler_java,145,12
org.apache.pdfbox.multipdf.PDFMergerUtility_java,135,13
org.apache.fontbox.ttf.TTFSubsetter_java,131,14
org.apache.fontbox.cmap.CMap_java,128,15
org.apache.fontbox.ttf.TrueTypeCollection_java,121,16
org.apache.pdfbox.multipdf.Overlay_java,108,17
org.apache.fontbox.cmap.CodespaceRange_java,107,18
org.apache.pdfbox.filter.TIFFExtension_java,106,19
org.apache.pdfbox.tools.TextToPDF_java,101,20
org.apache.pdfbox.pdmodel.font.PDCIDFont_java,100,21
org.apache.pdfbox.pdmodel.font.encoding.DictionaryEncoding_java,100,21
org.apache.pdfbox.rendering.PDFRenderer_java,91,23
org.apache.pdfbox.pdfwriter.COSWriter_java,86,24
org.apache.pdfbox.pdmodel.font.PDCIDFontType2_java,86,24
org.apache.pdfbox.preflight.annotation.AnnotationValidator_java,84,26
org.apache.pdfbox.pdmodel.graphics.state.PDExtendedGraphicsState_java,80,27
org.apache.pdfbox.util.QuickSort_java,75,28
org.apache.pdfbox.pdfparser.COSParser_java,74,29
org.apache.pdfbox.pdmodel.interactive.form.PDAcroForm_java,74,29
org.apache.pdfbox.pdmodel.PDPageContentStream_java,72,31
org.apache.pdfbox.cos.COSDictionary_java,71,32
org.apache.pdfbox.pdmodel.font.PDType0Font_java,66,33
org.apache.fontbox.cff.Type2CharString_java,63,34
org.apache.pdfbox.pdmodel.interactive.digitalsignature.SignatureOptions_java,62,35
org.apache.fontbox.cff.Type1CharString_java,61,36
org.apache.pdfbox.pdmodel.font.PDType1Font_java,59,37
org.apache.pdfbox.pdmodel.fdf.FDFAnnotation_java,59,37
org.apache.pdfbox.pdmodel.font.PDType3CharProc_java,49,39
org.apache.pdfbox.pdmodel.font.PDType3Font_java,47,40
org.apache.pdfbox.pdmodel.interactive.annotation.PDAnnotationMarkup_java,47,40
org.apache.pdfbox.pdfparser.BaseParser_java,46,42
org.apache.pdfbox.cos.COSFloat_java,46,42
org.apache.pdfbox.pdmodel.interactive.annotation.PDAnnotationLink_java,45,44
org.apache.pdfbox.filter.CCITTFaxFilter_java,44,45
org.apache.pdfbox.pdmodel.font.encoding.Encoding_java,43,46
org.apache.fontbox.ttf.TTFParser_java,40,47
org.apache.pdfbox.pdmodel.font.PDSimpleFont_java,36,48
org.apache.pdfbox.pdmodel.font.PDType1CFont_java,36,48
org.apache.pdfbox.pdmodel.interactive.annotation.PDAnnotation_java,35,50
org.apache.pdfbox.pdmodel.fdf.FDFAnnotationCaret_java,35,50
org.apache.pdfbox.pdmodel.encryption.StandardSecurityHandler_java,33,52
org.apache.pdfbox.pdmodel.graphics.state.PDGraphicsState_java,31,53
org.apache.pdfbox.pdmodel.font.PDCIDFontType2Embedder_java,27,54
org.apache.pdfbox.pdfparser.PDFXRefStream_java,27,54
org.apache.pdfbox.tools.PDFText2HTML_java,25,56
org.apache.pdfbox.printing.PDFPrintable_java,25,56
org.apache.pdfbox.pdmodel.interactive.form.PlainTextFormatter_java,24,58
org.apache.fontbox.cff.CFFParser_java,24,58
org.apache.pdfbox.pdmodel.fdf.FDFAnnotationSquare_java,23,60
org.apache.pdfbox.pdmodel.fdf.FDFAnnotationCircle_java,23,60
org.apache.pdfbox.pdmodel.common.function.PDFunctionType3_java,22,62
org.apache.xmpbox.type.ComplexPropertyContainer_java,22,62
org.apache.fontbox.ttf.GlyphRenderer_java,21,64
org.apache.pdfbox.pdmodel.PDPageTree_java,21,64
org.apache.pdfbox.cos.COSDocument_java,20,66
org.apache.pdfbox.pdmodel.font.FontMapperImpl_java,20,66
org.apache.xmpbox.DateConverter_java,19,68
org.apache.pdfbox.cos.COSNumber_java,19,68
org.apache.pdfbox.contentstream.operator.graphics.LineTo_java,19,68
org.apache.pdfbox.contentstream.operator.graphics.MoveTo_java,19,68
org.apache.pdfbox.contentstream.operator.OperatorProcessor_java,19,68
org.apache.fontbox.ttf.TrueTypeFont_java,18,73
org.apache.pdfbox.pdmodel.font.encoding.WinAnsiEncoding_java,16,74
org.apache.pdfbox.pdmodel.graphics.image.PDImageXObject_java,16,74
org.apache.fontbox.ttf.NamingTable_java,15,76
org.apache.pdfbox.cos.COSArray_java,15,76
org.apache.fontbox.util.autodetect.FontFileFinder_java,15,76
org.apache.pdfbox.pdmodel.common.filespecification.PDEmbeddedFile_java,15,76
org.apache.pdfbox.pdmodel.font.TrueTypeEmbedder_java,15,76
org.apache.pdfbox.pdmodel.font.PDTrueTypeFont_java,15,76
org.apache.pdfbox.tools.OverlayPDF_java,13,82
org.apache.pdfbox.pdmodel.font.encoding.MacRomanEncoding_java,13,82
org.apache.xmpbox.type.AbstractComplexProperty_java,12,84
org.apache.pdfbox.contentstream.operator.state.SetLineCapStyle_java,12,84
org.apache.pdfbox.pdmodel.graphics.image.LosslessFactory_java,12,84
org.apache.fontbox.ttf.CmapSubtable_java,12,84
org.apache.pdfbox.filter.FlateFilter_java,11,88
org.apache.pdfbox.contentstream.operator.state.SetLineMiterLimit_java,11,88
org.apache.fontbox.cff.CFFCharset_java,10,90
org.apache.pdfbox.pdmodel.documentinterchange.logicalstructure.PDObjectReference_java,10,90
org.apache.fontbox.cff.CharStringHandler_java,10,90
org.apache.pdfbox.tools.ExtractText_java,10,90
org.apache.fontbox.cff.CFFFont_java,9,94
org.apache.pdfbox.contentstream.operator.graphics.CurveTo_java,9,94
org.apache.pdfbox.contentstream.operator.graphics.AppendRectangleToPath_java,9,94
org.apache.xmpbox.xml.DomXmpParser_java,9,94
org.apache.fontbox.cff.Type1CharStringParser_java,9,94
org.apache.pdfbox.pdmodel.font.PDCIDFontType0_java,9,94
org.apache.pdfbox.contentstream.operator.graphics.CurveToReplicateFinalPoint_java,9,94
org.apache.pdfbox.contentstream.operator.graphics.CurveToReplicateInitialPoint_java,9,94
org.apache.fontbox.ttf.KerningSubtable_java,8,102
org.apache.pdfbox.pdmodel.font.PDFont_java,8,102
org.apache.pdfbox.pdfparser.PDFParser_java,8,102
org.apache.pdfbox.pdmodel.graphics.image.CCITTFactory_java,8,102
org.apache.fontbox.type1.Type1Parser_java,8,102
org.apache.pdfbox.pdmodel.graphics.pattern.PDTilingPattern_java,7,107
org.apache.pdfbox.pdmodel.graphics.color.PDOutputIntent_java,7,107
org.apache.pdfbox.tools.ImportFDF_java,7,107
org.apache.pdfbox.pdmodel.fdf.FDFAnnotationPolygon_java,6,110
org.apache.pdfbox.pdmodel.graphics.shading.AxialShadingContext_java,6,110
org.apache.pdfbox.pdmodel.font.encoding.StandardEncoding_java,6,110
org.apache.pdfbox.pdmodel.fdf.FDFAnnotationPolyline_java,6,110
org.apache.pdfbox.pdmodel.graphics.color.PDICCBased_java,6,110
org.apache.pdfbox.pdmodel.font.encoding.Type1Encoding_java,6,110
org.apache.pdfbox.pdmodel.font.encoding.BuiltInEncoding_java,6,110
org.apache.pdfbox.cos.COSName_java,6,110
org.apache.pdfbox.pdmodel.graphics.shading.RadialShadingContext_java,6,110
org.apache.pdfbox.contentstream.operator.state.SetRenderingIntent_java,5,119
org.apache.pdfbox.contentstream.operator.state.SetLineJoinStyle_java,5,119
org.apache.pdfbox.contentstream.PDFStreamEngine_java,5,119
org.apache.pdfbox.contentstream.operator.graphics.ShadingFill_java,5,119
org.apache.pdfbox.pdmodel.font.PDPanoseClassification_java,5,119
org.apache.pdfbox.pdmodel.PageLayout_java,4,124
org.apache.pdfbox.pdmodel.graphics.color.PDDeviceRGB_java,4,124
org.apache.pdfbox.pdmodel.interactive.annotation.PDAnnotationLine_java,4,124
org.apache.pdfbox.pdmodel.font.CIDFontMapping_java,4,124
org.apache.pdfbox.multipdf.PDFCloneUtility_java,4,124
org.apache.pdfbox.pdmodel.common.PDPageLabels_java,4,124
org.apache.pdfbox.pdmodel.interactive.annotation.PDAnnotationSquareCircle_java,4,124
org.apache.pdfbox.contentstream.operator.state.Concatenate_java,4,124
org.apache.pdfbox.pdmodel.font.FontMapping_java,4,124
org.apache.pdfbox.debugger.PDFDebugger_java,4,124
org.apache.pdfbox.pdmodel.interactive.form.PDTerminalField_java,4,124
org.apache.xmpbox.xml.PdfaExtensionHelper_java,4,124
org.apache.pdfbox.pdmodel.fdf.FDFAnnotationInk_java,3,136
org.apache.pdfbox.pdmodel.fdf.FDFOptionElement_java,3,136
org.apache.pdfbox.printing.PDFPageable_java,2,138
org.apache.pdfbox.pdmodel.common.COSDictionaryMap_java,2,138
org.apache.fontbox.ttf.OpenTypeFont_java,2,138
org.apache.pdfbox.pdmodel.font.FontCache_java,2,138
org.apache.pdfbox.text.PDFTextStripperByArea_java,2,138
org.apache.pdfbox.pdmodel.interactive.annotation.PDAnnotationWidget_java,2,138
org.apache.pdfbox.pdmodel.PDPage_java,2,138
org.apache.pdfbox.filter.ASCII85OutputStream_java,1,145
org.apache.pdfbox.tools.ImportXFDF_java,1,145
org.apache.fontbox.ttf.MemoryTTFDataStream_java,1,145
