file,bugChurn,rank
org.apache.pdfbox.pdfparser.COSParser_java,835,1
org.apache.pdfbox.cos.COSStream_java,356,2
org.apache.pdfbox.pdmodel.font.PDSimpleFont_java,140,3
org.apache.pdfbox.io.RandomAccessBuffer_java,137,4
org.apache.pdfbox.filter.DCTFilter_java,137,4
org.apache.pdfbox.pdmodel.interactive.documentnavigation.outline.PDOutlineItem_java,114,6
org.apache.pdfbox.pdfparser.BaseParser_java,111,7
org.apache.pdfbox.pdmodel.interactive.form.AppearanceGeneratorHelper_java,111,7
org.apache.pdfbox.pdmodel.fdf.FDFJavaScript_java,110,9
org.apache.pdfbox.pdmodel.fdf.FDFField_java,108,10
org.apache.pdfbox.pdmodel.font.PDTrueTypeFont_java,100,11
org.apache.pdfbox.io.RandomAccessFile_java,92,12
org.apache.pdfbox.pdmodel.graphics.color.PDDeviceN_java,78,13
org.apache.pdfbox.pdmodel.PDPageTree_java,78,13
org.apache.pdfbox.pdmodel.font.PDType1Font_java,73,15
org.apache.pdfbox.pdmodel.interactive.documentnavigation.destination.PDPageDestination_java,73,15
org.apache.pdfbox.pdmodel.PDDocumentNameDestinationDictionary_java,70,17
org.apache.pdfbox.pdmodel.font.PDType0Font_java,70,17
org.apache.pdfbox.pdmodel.encryption.SecurityHandler_java,67,19
org.apache.pdfbox.pdmodel.font.PDCIDSystemInfo_java,59,20
org.apache.pdfbox.pdmodel.interactive.form.PDTextField_java,58,21
org.apache.pdfbox.io.RandomAccessBufferedFileInputStream_java,56,22
org.apache.pdfbox.preflight.parser.PreflightParser_java,56,22
org.apache.pdfbox.pdmodel.interactive.form.PDVariableText_java,53,24
org.apache.pdfbox.pdmodel.common.COSArrayList_java,50,25
org.apache.pdfbox.multipdf.PDFMergerUtility_java,43,26
org.apache.pdfbox.io.RandomAccessRead_java,42,27
org.apache.pdfbox.text.PDFTextStripper_java,42,27
org.apache.pdfbox.pdfparser.FDFParser_java,40,29
org.apache.pdfbox.pdmodel.graphics.image.PDImageXObject_java,38,30
org.apache.pdfbox.rendering.PageDrawer_java,37,31
org.apache.pdfbox.pdmodel.encryption.StandardSecurityHandler_java,37,31
org.apache.pdfbox.cos.COSUpdateInfo_java,35,33
org.apache.pdfbox.pdmodel.PDDocument_java,34,34
org.apache.pdfbox.pdmodel.font.encoding.DictionaryEncoding_java,33,35
org.apache.pdfbox.pdmodel.interactive.action.PDActionJavaScript_java,33,35
org.apache.pdfbox.cos.COSObject_java,30,37
org.apache.pdfbox.pdmodel.interactive.documentnavigation.destination.PDPageXYZDestination_java,28,38
org.apache.pdfbox.pdmodel.interactive.annotation.PDAnnotationMarkup_java,27,39
org.apache.pdfbox.pdfparser.PDFParser_java,27,39
org.apache.pdfbox.pdmodel.PDJavascriptNameTreeNode_java,26,41
org.apache.pdfbox.pdmodel.interactive.action.PDActionGoTo_java,24,42
org.apache.pdfbox.contentstream.operator.graphics.CurveToReplicateInitialPoint_java,22,43
org.apache.pdfbox.pdmodel.interactive.annotation.package-info_java,21,44
org.apache.pdfbox.pdmodel.PDDocumentCatalog_java,21,44
org.apache.pdfbox.cos.COSDictionary_java,19,46
org.apache.pdfbox.io.SequentialRead_java,19,46
org.apache.pdfbox.pdfwriter.COSWriter_java,19,46
org.apache.pdfbox.contentstream.operator.graphics.CurveTo_java,18,49
org.apache.pdfbox.pdmodel.font.PDCIDFont_java,17,50
org.apache.pdfbox.multipdf.Splitter_java,16,51
org.apache.pdfbox.contentstream.operator.graphics.LineTo_java,15,52
org.apache.pdfbox.pdmodel.font.PDType1CFont_java,15,52
org.apache.pdfbox.pdmodel.font.PDFont_java,14,54
org.apache.pdfbox.pdmodel.font.PDType3Font_java,14,54
org.apache.pdfbox.contentstream.operator.text.MoveText_java,14,54
org.apache.pdfbox.pdmodel.graphics.color.PDDeviceRGB_java,13,57
org.apache.pdfbox.pdmodel.encryption.PublicKeySecurityHandler_java,13,57
org.apache.pdfbox.text.PDFTextStripperByArea_java,12,59
org.apache.pdfbox.pdfparser.PDFStreamParser_java,12,59
org.apache.pdfbox.pdmodel.encryption.PDEncryption_java,11,61
org.apache.fontbox.cff.CFFParser_java,11,61
org.apache.pdfbox.pdmodel.font.TrueTypeEmbedder_java,10,63
org.apache.pdfbox.contentstream.operator.graphics.ClosePath_java,9,64
org.apache.pdfbox.pdmodel.graphics.optionalcontent.PDOptionalContentProperties_java,8,65
org.apache.pdfbox.pdmodel.graphics.color.PDICCBased_java,7,66
org.apache.pdfbox.pdmodel.interactive.form.PDSignatureField_java,6,67
org.apache.fontbox.cff.DataInput_java,6,67
org.apache.pdfbox.io.RandomAccess_java,6,67
org.apache.pdfbox.contentstream.operator.text.ShowText_java,5,70
org.apache.pdfbox.preflight.graphic.StandardColorSpaceHelper_java,4,71
org.apache.pdfbox.pdmodel.graphics.color.PDSeparation_java,4,71
org.apache.pdfbox.pdfwriter.ContentStreamWriter_java,3,73
org.apache.pdfbox.pdmodel.interactive.annotation.PDAnnotationWidget_java,3,73
org.apache.pdfbox.cos.PDFDocEncoding_java,2,75
org.apache.pdfbox.filter.CCITTFaxFilter_java,2,75
org.apache.pdfbox.preflight.graphic.ICCProfileWrapper_java,2,75
org.apache.pdfbox.filter.JBIG2Filter_java,2,75
org.apache.pdfbox.pdmodel.PDPageContentStream_java,2,75
org.apache.pdfbox.tools.ExtractImages_java,2,75
org.apache.fontbox.cff.Type1CharStringParser_java,2,75
org.apache.pdfbox.contentstream.PDFGraphicsStreamEngine_java,2,75
org.apache.pdfbox.pdmodel.interactive.digitalsignature.SignatureOptions_java,2,75
org.apache.pdfbox.preflight.process.CatalogValidationProcess_java,2,75
org.apache.pdfbox.pdmodel.interactive.annotation.PDAnnotation_java,1,85
org.apache.pdfbox.cos.COSName_java,1,85
org.apache.pdfbox.pdmodel.graphics.image.PDImage_java,1,85
