file,bugChurn,rank
org.apache.pdfbox.rendering.PageDrawer_java,785,1
org.apache.pdfbox.pdfparser.COSParser_java,322,2
org.apache.pdfbox.rendering.SoftMask_java,259,3
org.apache.pdfbox.pdmodel.font.encoding.SymbolEncoding_java,253,4
org.apache.pdfbox.pdmodel.interactive.form.PDAcroForm_java,232,5
org.apache.fontbox.ttf.CmapSubtable_java,216,6
org.apache.pdfbox.pdmodel.font.PDType1Font_java,137,7
org.apache.fontbox.type1.Type1Parser_java,135,8
org.apache.pdfbox.pdmodel.PDDocument_java,103,9
org.apache.pdfbox.debugger.pagepane.PagePane_java,95,10
org.apache.pdfbox.pdmodel.graphics.color.PDICCBased_java,77,11
org.apache.pdfbox.pdmodel.graphics.image.CCITTFactory_java,67,12
org.apache.pdfbox.pdmodel.font.PDTrueTypeFont_java,63,13
org.apache.pdfbox.cos.COSDictionary_java,62,14
org.apache.fontbox.cff.CFFParser_java,57,15
org.apache.pdfbox.pdmodel.interactive.form.PDButton_java,57,15
org.apache.pdfbox.pdmodel.graphics.color.PDDeviceRGB_java,56,17
org.apache.pdfbox.pdmodel.interactive.form.AppearanceGeneratorHelper_java,56,17
org.apache.pdfbox.preflight.content.PreflightStreamEngine_java,54,19
org.apache.pdfbox.pdmodel.font.PDCIDFontType2Embedder_java,54,19
org.apache.pdfbox.debugger.ui.HighResolutionImageIcon_java,53,21
org.apache.pdfbox.pdmodel.graphics.color.PDDeviceCMYK_java,53,21
org.apache.pdfbox.rendering.TilingPaint_java,48,23
org.apache.pdfbox.pdmodel.encryption.AccessPermission_java,46,24
org.apache.pdfbox.pdmodel.graphics.color.PDSeparation_java,40,25
org.apache.pdfbox.pdfparser.XrefTrailerResolver_java,38,26
org.apache.xmpbox.DateConverter_java,38,26
org.apache.pdfbox.pdmodel.graphics.shading.ShadingContext_java,36,28
org.apache.xmpbox.xml.DomXmpParser_java,36,28
org.apache.pdfbox.tools.WriteDecodedDoc_java,36,28
org.apache.pdfbox.pdmodel.graphics.state.PDSoftMask_java,35,31
org.apache.pdfbox.pdmodel.font.encoding.Encoding_java,35,31
org.apache.pdfbox.pdmodel.interactive.form.PDField_java,32,33
org.apache.pdfbox.pdmodel.font.FileSystemFontProvider_java,32,33
org.apache.fontbox.type1.Type1Lexer_java,31,35
org.apache.fontbox.util.autodetect.WindowsFontDirFinder_java,30,36
org.apache.pdfbox.contentstream.operator.color.SetColor_java,29,37
org.apache.pdfbox.pdfparser.PDFParser_java,29,37
org.apache.pdfbox.pdfwriter.COSWriter_java,29,37
org.apache.pdfbox.contentstream.PDFStreamEngine_java,29,37
org.apache.pdfbox.tools.ExtractImages_java,28,41
org.apache.pdfbox.pdmodel.common.COSArrayList_java,28,41
org.apache.pdfbox.pdfparser.PDFStreamParser_java,28,41
org.apache.pdfbox.pdmodel.font.PDFont_java,27,44
org.apache.pdfbox.cos.COSNumber_java,26,45
org.apache.pdfbox.pdmodel.graphics.image.JPEGFactory_java,26,45
org.apache.fontbox.cff.Type2CharString_java,26,45
org.apache.pdfbox.pdmodel.graphics.blend.BlendComposite_java,25,48
org.apache.pdfbox.pdfparser.FDFParser_java,25,48
org.apache.pdfbox.util.DateConverter_java,23,50
org.apache.pdfbox.pdmodel.interactive.annotation.PDAnnotationLink_java,23,50
org.apache.pdfbox.pdmodel.encryption.PublicKeySecurityHandler_java,22,52
org.apache.pdfbox.pdmodel.font.PDCIDFontType2_java,22,52
org.apache.pdfbox.pdmodel.graphics.pattern.PDTilingPattern_java,21,54
org.apache.fontbox.ttf.TTFParser_java,21,54
org.apache.pdfbox.pdmodel.PDPage_java,20,56
org.apache.pdfbox.preflight.process.AcroFormValidationProcess_java,19,57
org.apache.pdfbox.pdfparser.BaseParser_java,19,57
org.apache.pdfbox.pdmodel.graphics.shading.RadialShadingContext_java,19,57
org.apache.xmpbox.type.TypeMapping_java,18,60
org.apache.pdfbox.pdmodel.graphics.shading.AxialShadingContext_java,17,61
org.apache.pdfbox.pdmodel.graphics.shading.TriangleBasedShadingContext_java,17,61
org.apache.pdfbox.pdmodel.graphics.form.PDTransparencyGroupAttributes_java,16,63
org.apache.fontbox.ttf.TTFSubsetter_java,16,63
org.apache.pdfbox.contentstream.operator.text.SetTextRenderingMode_java,16,63
org.apache.pdfbox.pdmodel.font.PDCIDFont_java,15,66
org.apache.pdfbox.pdmodel.fdf.FDFField_java,15,66
org.apache.pdfbox.pdmodel.graphics.shading.Type1ShadingContext_java,15,66
org.apache.pdfbox.filter.CCITTFaxDecoderStream_java,14,69
org.apache.pdfbox.pdmodel.font.encoding.DictionaryEncoding_java,13,70
org.apache.pdfbox.multipdf.PDFMergerUtility_java,12,71
org.apache.pdfbox.debugger.streampane.StreamImageView_java,12,71
org.apache.fontbox.cff.Type2CharStringParser_java,12,71
org.apache.fontbox.ttf.KerningSubtable_java,11,74
org.apache.fontbox.util.autodetect.NativeFontDirFinder_java,11,74
org.apache.pdfbox.pdmodel.graphics.image.SampledImageReader_java,11,74
org.apache.fontbox.cff.Type1CharStringParser_java,11,74
org.apache.pdfbox.pdmodel.interactive.form.PDNonTerminalField_java,10,78
org.apache.pdfbox.printing.PDFPrintable_java,10,78
org.apache.pdfbox.pdmodel.graphics.shading.GouraudShadingContext_java,10,78
org.apache.pdfbox.pdmodel.font.encoding.WinAnsiEncoding_java,10,78
org.apache.pdfbox.pdmodel.font.PDSimpleFont_java,10,78
org.apache.pdfbox.contentstream.operator.state.SetRenderingIntent_java,9,83
org.apache.pdfbox.pdmodel.interactive.digitalsignature.visible.PDVisibleSignDesigner_java,9,83
org.apache.pdfbox.pdmodel.graphics.state.PDExtendedGraphicsState_java,9,83
org.apache.pdfbox.contentstream.operator.color.SetStrokingColorSpace_java,9,83
org.apache.pdfbox.pdmodel.fdf.FDFDocument_java,8,87
org.apache.pdfbox.pdmodel.font.FontMapperImpl_java,8,87
org.apache.pdfbox.pdmodel.font.PDVectorFont_java,8,87
org.apache.pdfbox.pdmodel.interactive.annotation.PDAnnotation_java,8,87
org.apache.pdfbox.pdmodel.font.PDType1CFont_java,8,87
org.apache.fontbox.type1.Token_java,8,87
org.apache.fontbox.cmap.CMapParser_java,7,93
org.apache.pdfbox.filter.JBIG2Filter_java,7,93
org.apache.pdfbox.pdmodel.font.encoding.MacRomanEncoding_java,7,93
org.apache.pdfbox.pdmodel.common.PDNameTreeNode_java,7,93
org.apache.pdfbox.debugger.PDFDebugger_java,7,93
org.apache.pdfbox.contentstream.operator.graphics.BeginInlineImage_java,6,98
org.apache.pdfbox.pdmodel.encryption.SecurityHandler_java,6,98
org.apache.pdfbox.pdmodel.graphics.color.PDPattern_java,6,98
org.apache.pdfbox.preflight.process.TrailerValidationProcess_java,6,98
org.apache.fontbox.ttf.OTFParser_java,6,98
org.apache.pdfbox.contentstream.operator.state.SetMatrix_java,6,98
org.apache.pdfbox.util.Charsets_java,5,104
org.apache.pdfbox.multipdf.Splitter_java,4,105
org.apache.pdfbox.tools.imageio.ImageIOUtil_java,4,105
org.apache.pdfbox.filter.CCITTFaxFilter_java,4,105
org.apache.pdfbox.pdmodel.interactive.digitalsignature.SignatureOptions_java,4,105
org.apache.pdfbox.pdmodel.interactive.annotation.PDAppearanceCharacteristicsDictionary_java,4,105
org.apache.pdfbox.cos.COSName_java,4,105
org.apache.fontbox.ttf.GlyfCompositeDescript_java,4,105
org.apache.pdfbox.pdmodel.graphics.image.PDImageXObject_java,4,105
org.apache.pdfbox.text.LegacyPDFStreamEngine_java,4,105
org.apache.pdfbox.pdmodel.font.PDType3Font_java,3,114
org.apache.pdfbox.cos.COSFloat_java,3,114
org.apache.xmpbox.schema.PDFAIdentificationSchema_java,2,116
org.apache.fontbox.ttf.TrueTypeFont_java,2,116
org.apache.pdfbox.tools.Decrypt_java,2,116
org.apache.pdfbox.pdmodel.interactive.form.PlainText_java,2,116
org.apache.pdfbox.debugger.colorpane.CSIndexed_java,2,116
org.apache.fontbox.ttf.BufferedRandomAccessFile_java,2,116
org.apache.pdfbox.preflight.metadata.PDFAIdentificationValidation_java,2,116
org.apache.pdfbox.filter.Filter_java,2,116
org.apache.pdfbox.preflight.content.PreflightContentStream_java,1,124
org.apache.pdfbox.filter.FlateFilter_java,1,124
