file,bugChurn,rank
org.apache.pdfbox.rendering.GroupGraphics_java,990,1
org.apache.pdfbox.filter.Predictor_java,468,2
org.apache.pdfbox.multipdf.PDFMergerUtility_java,307,3
org.apache.pdfbox.pdfparser.COSParser_java,281,4
org.apache.pdfbox.tools.Decrypt_java,154,5
org.apache.pdfbox.pdmodel.PDDocument_java,129,6
org.apache.pdfbox.rendering.PageDrawer_java,129,6
org.apache.pdfbox.cos.COSDocument_java,128,8
org.apache.pdfbox.debugger.ui.OSXAdapter_java,122,9
org.apache.pdfbox.pdfparser.PDFParser_java,101,10
org.apache.pdfbox.debugger.PDFDebugger_java,81,11
org.apache.pdfbox.pdmodel.graphics.color.PDICCBased_java,79,12
org.apache.pdfbox.rendering.PDFRenderer_java,75,13
org.apache.pdfbox.pdmodel.graphics.optionalcontent.PDOptionalContentProperties_java,61,14
org.apache.pdfbox.pdmodel.interactive.form.FieldUtils_java,46,15
org.apache.pdfbox.pdmodel.font.PDCIDFontType2_java,45,16
org.apache.pdfbox.pdmodel.graphics.image.PDImageXObject_java,39,17
org.apache.pdfbox.io.IOUtils_java,38,18
org.apache.pdfbox.filter.LZWFilter_java,38,18
org.apache.pdfbox.pdmodel.font.PDCIDFont_java,35,20
org.apache.pdfbox.filter.FlateFilter_java,34,21
org.apache.pdfbox.printing.PDFPrintable_java,32,22
org.apache.pdfbox.pdmodel.font.PDType3Font_java,27,23
org.apache.pdfbox.pdmodel.graphics.color.PDColorSpace_java,27,23
org.apache.pdfbox.pdmodel.graphics.state.PDExtendedGraphicsState_java,26,25
org.apache.pdfbox.pdmodel.font.PDType0Font_java,26,25
org.apache.pdfbox.pdmodel.font.FontMapperImpl_java,24,27
org.apache.pdfbox.pdmodel.graphics.blend.BlendMode_java,22,28
org.apache.pdfbox.pdmodel.fdf.FDFField_java,21,29
org.apache.pdfbox.pdmodel.graphics.color.PDIndexed_java,21,29
org.apache.pdfbox.pdmodel.PDDocumentCatalog_java,20,31
org.apache.pdfbox.pdfwriter.COSWriter_java,18,32
org.apache.pdfbox.pdmodel.font.FileSystemFontProvider_java,16,33
org.apache.pdfbox.pdmodel.graphics.color.PDColor_java,15,34
org.apache.pdfbox.pdmodel.font.encoding.GlyphList_java,15,34
org.apache.pdfbox.pdmodel.font.PDSimpleFont_java,14,36
org.apache.pdfbox.pdmodel.common.PDNumberTreeNode_java,13,37
org.apache.pdfbox.preflight.process.reflect.ExtGStateValidationProcess_java,13,37
org.apache.pdfbox.cos.COSObjectKey_java,13,37
org.apache.pdfbox.debugger.pagepane.PagePane_java,12,40
org.apache.pdfbox.debugger.ui.PDFTreeCellRenderer_java,12,40
org.apache.pdfbox.pdmodel.interactive.digitalsignature.visible.PDVisibleSigBuilder_java,10,42
org.apache.pdfbox.tools.TextToPDF_java,9,43
org.apache.pdfbox.pdmodel.interactive.form.PDNonTerminalField_java,9,43
org.apache.pdfbox.pdmodel.font.PDFontLike_java,9,43
org.apache.pdfbox.pdmodel.documentinterchange.logicalstructure.PDStructureElement_java,8,46
org.apache.pdfbox.pdmodel.interactive.form.PDAcroForm_java,8,46
org.apache.fontbox.ttf.RAFDataStream_java,7,48
org.apache.pdfbox.pdmodel.font.PDCIDFontType0_java,7,48
org.apache.pdfbox.pdmodel.interactive.form.AppearanceGeneratorHelper_java,7,48
org.apache.pdfbox.pdmodel.PDPage_java,7,48
org.apache.pdfbox.pdmodel.font.Standard14Fonts_java,6,52
org.apache.pdfbox.filter.Filter_java,6,52
org.apache.pdfbox.pdmodel.interactive.digitalsignature.visible.PDVisibleSignDesigner_java,6,52
org.apache.pdfbox.pdmodel.font.PDCIDFontType2Embedder_java,4,55
org.apache.pdfbox.debugger.ui.PageEntry_java,4,55
org.apache.pdfbox.preflight.PreflightDocument_java,3,57
org.apache.pdfbox.util.filetypedetector.FileTypeDetector_java,3,57
org.apache.pdfbox.multipdf.PDFCloneUtility_java,3,57
org.apache.pdfbox.tools.DecompressObjectstreams_java,2,60
org.apache.fontbox.ttf.GlyfSimpleDescript_java,2,60
org.apache.fontbox.ttf.CmapSubtable_java,2,60
org.apache.pdfbox.pdmodel.font.PDType1FontEmbedder_java,1,63
