file,bugChurn,rank
org.apache.pdfbox.cos.COSName_java,2446,1
org.apache.pdfbox.pdmodel.common.PDStream_java,2160,2
org.apache.pdfbox.util.DateConverter_java,1513,3
org.apache.fontbox.cmap.CMapParser_java,1350,4
org.apache.fontbox.cff.CFFFont_java,1090,5
org.apache.pdfbox.pdmodel.graphics.image.PDImageXObject_java,1059,6
org.apache.fontbox.ttf.GlyfCompositeDescript_java,946,7
org.apache.fontbox.cff.CFFParser_java,911,8
org.apache.pdfbox.pdmodel.font.PDType1CFont_java,742,9
org.apache.pdfbox.pdmodel.font.PDFont_java,643,10
org.apache.pdfbox.pdmodel.font.PDTrueTypeFont_java,641,11
org.apache.pdfbox.pdmodel.font.PDType1Font_java,592,12
org.apache.pdfbox.pdmodel.PDResources_java,534,13
org.apache.pdfbox.filter.LZWFilter_java,484,14
org.apache.pdfbox.pdmodel.interactive.form.PDField_java,398,15
org.apache.fontbox.util.autodetect.FontFileFinder_java,397,16
org.apache.pdfbox.pdmodel.graphics.shading.RadialShadingContext_java,394,17
org.apache.fontbox.cff.Type2CharString_java,385,18
org.apache.pdfbox.pdmodel.font.PDSimpleFont_java,378,19
org.apache.pdfbox.pdmodel.interactive.annotation.PDAnnotation_java,369,20
org.apache.pdfbox.cos.COSString_java,361,21
org.apache.xmpbox.schema.ExifSchema_java,328,22
org.apache.fontbox.cff.Type1CharString_java,328,22
org.apache.pdfbox.pdmodel.graphics.shading.GouraudShadingContext_java,309,24
org.apache.pdfbox.pdmodel.encryption.SecurityHandler_java,308,25
org.apache.pdfbox.pdfparser.BaseParser_java,252,26
org.apache.pdfbox.pdmodel.graphics.image.SampledImageReader_java,247,27
org.apache.xmpbox.schema.TiffSchema_java,240,28
org.apache.pdfbox.pdmodel.graphics.image.JPEGFactory_java,237,29
org.apache.pdfbox.pdmodel.graphics.color.PDIndexed_java,224,30
org.apache.pdfbox.filter.FlateFilter_java,220,31
org.apache.pdfbox.pdmodel.font.PDCIDFont_java,219,32
org.apache.pdfbox.pdmodel.font.PDType0Font_java,215,33
org.apache.pdfbox.pdmodel.graphics.image.LosslessFactory_java,206,34
org.apache.pdfbox.pdfparser.EndstreamOutputStream_java,205,35
org.apache.pdfbox.rendering.PageDrawer_java,199,36
org.apache.pdfbox.pdfparser.PDFStreamParser_java,193,37
org.apache.pdfbox.filter.Predictor_java,192,38
org.apache.fontbox.encoding.StandardEncoding_java,188,39
org.apache.pdfbox.pdmodel.graphics.image.CCITTFactory_java,185,40
org.apache.pdfbox.pdmodel.graphics.color.PDLab_java,180,41
org.apache.pdfbox.pdmodel.common.PDNameTreeNode_java,178,42
org.apache.pdfbox.tools.ExtractImages_java,174,43
org.apache.pdfbox.rendering.PDFRenderer_java,168,44
org.apache.fontbox.util.autodetect.WindowsFontDirFinder_java,165,45
org.apache.pdfbox.preflight.process.reflect.ResourcesValidationProcess_java,162,46
org.apache.pdfbox.pdfparser.XrefTrailerResolver_java,161,47
org.apache.pdfbox.pdmodel.graphics.shading.AxialShadingContext_java,145,48
org.apache.pdfbox.pdmodel.font.PDType3Font_java,135,49
org.apache.pdfbox.pdmodel.font.PDFontFactory_java,132,50
org.apache.pdfbox.cos.COSDictionary_java,131,51
org.apache.pdfbox.pdmodel.graphics.image.ValidateXImage_java,129,52
org.apache.xmpbox.schema.XMPMediaManagementSchema_java,129,52
org.apache.fontbox.ttf.TTFDataStream_java,126,54
org.apache.fontbox.ttf.TrueTypeFont_java,125,55
org.apache.pdfbox.pdmodel.common.PDNumberTreeNode_java,123,56
org.apache.pdfbox.cos.COSDocument_java,122,57
org.apache.pdfbox.pdmodel.documentinterchange.logicalstructure.PDStructureTreeRoot_java,122,57
org.apache.pdfbox.pdmodel.graphics.shading.PDShading_java,119,59
org.apache.pdfbox.pdmodel.graphics.shading.PDShadingType2_java,117,60
org.apache.pdfbox.pdmodel.PDPage_java,117,60
org.apache.fontbox.ttf.NamingTable_java,107,62
org.apache.fontbox.ttf.GlyfSimpleDescript_java,102,63
org.apache.fontbox.ttf.GlyfCompositeComp_java,94,64
org.apache.pdfbox.cos.COSStream_java,93,65
org.apache.fontbox.ttf.OS2WindowsMetricsTable_java,93,65
org.apache.pdfbox.pdmodel.encryption.StandardSecurityHandler_java,88,67
org.apache.fontbox.type1.Type1Parser_java,86,68
org.apache.pdfbox.pdmodel.graphics.color.PDICCBased_java,84,69
org.apache.pdfbox.pdfparser.PDFParser_java,84,69
org.apache.fontbox.ttf.PostScriptTable_java,83,71
org.apache.pdfbox.pdmodel.graphics.color.PDPattern_java,80,72
org.apache.fontbox.util.autodetect.UnixFontDirFinder_java,78,73
org.apache.pdfbox.pdmodel.graphics.shading.PDShadingType4_java,77,74
org.apache.fontbox.util.autodetect.MacFontDirFinder_java,76,75
org.apache.pdfbox.pdmodel.graphics.shading.Type5ShadingContext_java,73,76
org.apache.pdfbox.pdmodel.graphics.shading.PDShadingType5_java,73,76
org.apache.pdfbox.pdmodel.common.COSDictionaryMap_java,72,78
org.apache.pdfbox.cos.COSFloat_java,71,79
org.apache.pdfbox.preflight.font.container.Type1Container_java,70,80
org.apache.pdfbox.pdfwriter.COSWriter_java,69,81
org.apache.pdfbox.pdmodel.graphics.color.PDDeviceGray_java,66,82
org.apache.pdfbox.filter.JPXFilter_java,64,83
org.apache.pdfbox.pdmodel.PDDocument_java,64,83
org.apache.fontbox.util.autodetect.NativeFontDirFinder_java,64,83
org.apache.pdfbox.pdmodel.interactive.annotation.PDAppearanceDictionary_java,62,86
org.apache.pdfbox.pdmodel.graphics.shading.Type4ShadingContext_java,60,87
org.apache.pdfbox.pdmodel.interactive.digitalsignature.visible.PDFTemplateStructure_java,58,88
org.apache.pdfbox.pdmodel.common.function.PDFunctionTypeIdentity_java,56,89
org.apache.fontbox.ttf.TTFParser_java,56,89
org.apache.pdfbox.pdmodel.graphics.shading.Type1ShadingContext_java,56,89
org.apache.pdfbox.pdmodel.interactive.annotation.PDAppearanceStream_java,55,92
org.apache.pdfbox.preflight.parser.PreflightParser_java,55,92
org.apache.xmpbox.schema.XMPageTextSchema_java,52,94
org.apache.pdfbox.pdmodel.graphics.shading.RadialShadingPaint_java,52,94
org.apache.pdfbox.filter.Filter_java,49,96
org.apache.pdfbox.preflight.PreflightConstants_java,49,96
org.apache.xmpbox.type.FlashType_java,49,96
org.apache.xmpbox.type.OECFType_java,47,99
org.apache.fontbox.util.autodetect.FontDirFinder_java,47,99
org.apache.pdfbox.io.RandomAccessBuffer_java,47,99
org.apache.fontbox.ttf.GlyphTable_java,45,102
org.apache.pdfbox.pdmodel.common.function.PDFunctionType0_java,45,102
org.apache.xmpbox.schema.XMPSchema_java,45,102
org.apache.pdfbox.pdmodel.documentinterchange.logicalstructure.PDObjectReference_java,45,102
org.apache.xmpbox.type.CFAPatternType_java,43,106
org.apache.pdfbox.filter.DCTFilter_java,43,106
org.apache.xmpbox.type.DimensionsType_java,43,106
org.apache.xmpbox.type.DeviceSettingsType_java,43,106
org.apache.pdfbox.pdmodel.graphics.color.PDColorSpace_java,41,110
org.apache.pdfbox.pdmodel.graphics.shading.PDShadingType1_java,40,111
org.apache.fontbox.cff.Type1CharStringParser_java,40,111
org.apache.pdfbox.pdmodel.graphics.color.PDDeviceN_java,39,113
org.apache.fontbox.afm.AFMParser_java,39,113
org.apache.pdfbox.pdmodel.graphics.state.PDExtendedGraphicsState_java,36,115
org.apache.pdfbox.preflight.process.reflect.SinglePageValidationProcess_java,35,116
org.apache.fontbox.cff.CharStringHandler_java,35,116
org.apache.pdfbox.pdmodel.graphics.shading.Type5ShadingPaint_java,35,116
org.apache.pdfbox.filter.JBIG2Filter_java,35,116
org.apache.pdfbox.pdmodel.graphics.shading.Type4ShadingPaint_java,35,116
org.apache.xmpbox.type.GPSCoordinateType_java,34,121
org.apache.pdfbox.pdmodel.documentinterchange.logicalstructure.PDStructureElement_java,34,121
org.apache.xmpbox.type.RationalType_java,34,121
org.apache.pdfbox.filter.CCITTFaxFilter_java,34,121
org.apache.pdfbox.pdmodel.encryption.AccessPermission_java,33,125
org.apache.pdfbox.preflight.process.reflect.FontValidationProcess_java,32,126
org.apache.pdfbox.pdmodel.common.function.PDFunction_java,32,126
org.apache.pdfbox.pdmodel.graphics.blend.BlendComposite_java,31,128
org.apache.pdfbox.preflight.process.reflect.ActionsValidationProcess_java,31,128
org.apache.pdfbox.pdmodel.graphics.shading.AxialShadingPaint_java,30,130
org.apache.xmpbox.schema.XMPBasicSchema_java,30,130
org.apache.pdfbox.preflight.process.reflect.TilingPatternValidationProcess_java,30,130
org.apache.pdfbox.preflight.process.reflect.GraphicObjectPageValidationProcess_java,30,130
org.apache.pdfbox.pdmodel.common.COSArrayList_java,28,134
org.apache.pdfbox.pdmodel.interactive.form.PDRadioButton_java,28,134
org.apache.pdfbox.pdmodel.graphics.image.PDInlineImage_java,28,134
org.apache.xmpbox.xml.DomXmpParser_java,27,137
org.apache.pdfbox.pdmodel.graphics.shading.PDShadingType7_java,27,137
org.apache.pdfbox.pdmodel.common.PDPageLabels_java,27,137
org.apache.pdfbox.preflight.process.reflect.AnnotationValidationProcess_java,27,137
org.apache.pdfbox.pdmodel.graphics.shading.PDShadingType6_java,27,137
org.apache.pdfbox.preflight.process.reflect.ExtGStateValidationProcess_java,26,142
org.apache.pdfbox.preflight.PreflightConfiguration_java,26,142
org.apache.pdfbox.preflight.process.CatalogValidationProcess_java,25,144
org.apache.pdfbox.pdmodel.interactive.measurement.PDRectlinearMeasureDictionary_java,24,145
org.apache.pdfbox.preflight.metadata.SynchronizedMetaDataValidation_java,24,145
org.apache.pdfbox.pdmodel.encryption.PublicKeySecurityHandler_java,23,147
org.apache.pdfbox.pdmodel.graphics.shading.Type1ShadingPaint_java,23,147
org.apache.pdfbox.pdmodel.documentinterchange.taggedpdf.StandardStructureTypes_java,23,147
org.apache.pdfbox.pdmodel.fdf.FDFAnnotation_java,22,150
org.apache.pdfbox.preflight.utils.ContextHelper_java,22,150
org.apache.xmpbox.type.ThumbnailType_java,22,150
org.apache.pdfbox.preflight.xobject.XObjFormValidator_java,21,153
org.apache.pdfbox.pdmodel.graphics.form.PDFormXObject_java,20,154
org.apache.pdfbox.pdmodel.graphics.shading.PDShadingType3_java,20,154
org.apache.pdfbox.pdmodel.interactive.digitalsignature.SignatureOptions_java,19,156
org.apache.xmpbox.type.TypeMapping_java,18,157
org.apache.xmpbox.XMPMetadata_java,18,157
org.apache.fontbox.ttf.TTFTable_java,17,159
org.apache.pdfbox.ParallelParameterized_java,16,160
org.apache.pdfbox.preflight.graphic.StandardColorSpaceHelper_java,16,160
org.apache.pdfbox.pdmodel.fdf.FDFField_java,16,160
org.apache.fontbox.cff.Type2CharStringParser_java,15,163
org.apache.xmpbox.xml.PdfaExtensionHelper_java,15,163
org.apache.pdfbox.pdmodel.common.PDRectangle_java,14,165
org.apache.pdfbox.pdmodel.graphics.state.PDGraphicsState_java,14,165
org.apache.pdfbox.pdmodel.common.PDObjectStream_java,14,165
org.apache.pdfbox.pdmodel.common.filespecification.PDComplexFileSpecification_java,12,168
org.apache.xmpbox.xml.XmpSerializer_java,12,168
org.apache.pdfbox.pdfparser.PDFObjectStreamParser_java,12,168
org.apache.pdfbox.preflight.graphic.ICCProfileWrapper_java,12,168
org.apache.pdfbox.pdmodel.common.function.type4.ArithmeticOperators_java,12,168
org.apache.pdfbox.preflight.font.Type3FontValidator_java,11,173
org.apache.fontbox.cmap.CMap_java,10,174
org.apache.pdfbox.cos.COSNull_java,10,174
org.apache.xmpbox.type.Types_java,9,176
org.apache.pdfbox.tools.PrintPDF_java,9,176
org.apache.pdfbox.pdmodel.interactive.digitalsignature.PDSignature_java,9,176
org.apache.xmpbox.type.LayerType_java,8,179
org.apache.pdfbox.pdmodel.interactive.form.PDAcroForm_java,8,179
org.apache.pdfbox.pdmodel.interactive.digitalsignature.visible.PDVisibleSignDesigner_java,8,179
org.apache.pdfbox.filter.ASCIIHexFilter_java,8,179
org.apache.pdfbox.pdmodel.documentinterchange.taggedpdf.PDStandardAttributeObject_java,8,179
org.apache.pdfbox.filter.CryptFilter_java,8,179
org.apache.xmpbox.type.ComplexPropertyContainer_java,8,179
org.apache.pdfbox.cos.COSArray_java,8,179
org.apache.pdfbox.pdmodel.graphics.color.PDCIEBasedColorSpace_java,7,187
org.apache.fontbox.ttf.HorizontalMetricsTable_java,7,187
org.apache.pdfbox.pdmodel.graphics.PDXObject_java,7,187
org.apache.pdfbox.preflight.font.Type0FontValidator_java,7,187
org.apache.pdfbox.pdmodel.graphics.shading.Vertex_java,7,187
org.apache.fontbox.ttf.IndexToLocationTable_java,7,187
org.apache.fontbox.ttf.GlyphData_java,7,187
org.apache.xmpbox.type.ResourceRefType_java,6,194
org.apache.pdfbox.pdmodel.PDEmbeddedFilesNameTreeNode_java,6,194
org.apache.pdfbox.preflight.process.AcroFormValidationProcess_java,6,194
org.apache.pdfbox.util.Matrix_java,6,194
org.apache.xmpbox.type.ResourceEventType_java,6,194
org.apache.pdfbox.preflight.xobject.XObjPostscriptValidator_java,6,194
org.apache.pdfbox.pdmodel.common.function.type4.InstructionSequence_java,6,194
org.apache.xmpbox.type.VersionType_java,6,194
org.apache.pdfbox.pdfparser.PDFXrefStreamParser_java,6,194
org.apache.fontbox.encoding.Encoding_java,6,194
org.apache.pdfbox.preflight.process.StreamValidationProcess_java,6,194
org.apache.pdfbox.filter.IdentityFilter_java,6,194
org.apache.pdfbox.pdmodel.documentinterchange.logicalstructure.PDUserProperty_java,6,194
org.apache.pdfbox.pdmodel.encryption.PDEncryptionDictionary_java,6,194
org.apache.pdfbox.pdmodel.documentinterchange.logicalstructure.PDAttributeObject_java,6,194
org.apache.pdfbox.pdmodel.graphics.color.PDCalRGB_java,5,209
org.apache.pdfbox.preflight.action.ActionManagerFactory_java,5,209
org.apache.pdfbox.tools.TextToPDF_java,4,211
org.apache.pdfbox.pdmodel.graphics.color.PDDeviceRGB_java,4,211
org.apache.pdfbox.preflight.process.PageTreeValidationProcess_java,4,211
org.apache.pdfbox.filter.RunLengthDecodeFilter_java,4,211
org.apache.pdfbox.preflight.process.BookmarkValidationProcess_java,4,211
org.apache.xmpbox.type.AbstractField_java,4,211
org.apache.pdfbox.pdmodel.common.function.type4.InstructionSequenceBuilder_java,4,211
org.apache.xmpbox.type.PropertiesDescription_java,4,211
org.apache.pdfbox.preflight.font.util.PreflightType3Stream_java,4,211
org.apache.pdfbox.pdmodel.encryption.PDEncryption_java,4,211
org.apache.xmpbox.schema.PhotoshopSchema_java,4,211
org.apache.pdfbox.pdmodel.fdf.FDFDictionary_java,4,211
org.apache.pdfbox.filter.ASCII85Filter_java,4,211
org.apache.pdfbox.pdmodel.interactive.digitalsignature.PDPropBuild_java,4,211
org.apache.pdfbox.pdmodel.common.function.PDFunctionType4_java,3,225
org.apache.pdfbox.preflight.font.container.Type0Container_java,3,225
org.apache.pdfbox.preflight.font.container.FontContainer_java,3,225
org.apache.fontbox.type1.Token_java,3,225
org.apache.pdfbox.filter.DecodeResult_java,3,225
org.apache.pdfbox.pdmodel.interactive.form.PDFieldFactory_java,3,225
org.apache.pdfbox.preflight.content.PreflightContentStream_java,3,225
org.apache.fontbox.type1.Type1Font_java,3,225
org.apache.pdfbox.pdmodel.PDDestinationNameTreeNode_java,3,225
org.apache.pdfbox.pdmodel.PDJavascriptNameTreeNode_java,3,225
org.apache.pdfbox.pdmodel.interactive.digitalsignature.PDPropBuildDataDict_java,2,235
org.apache.fontbox.ttf.HeaderTable_java,2,235
org.apache.pdfbox.pdmodel.interactive.form.PDSignatureField_java,2,235
org.apache.pdfbox.pdmodel.encryption.RC4Cipher_java,2,235
org.apache.fontbox.ttf.MaximumProfileTable_java,2,235
org.apache.pdfbox.preflight.process.FileSpecificationValidationProcess_java,2,235
org.apache.pdfbox.pdmodel.common.function.type4.Type4Tester_java,2,235
org.apache.pdfbox.pdmodel.graphics.color.PDCalGray_java,2,235
org.apache.pdfbox.cos.UnmodifiableCOSDictionary_java,2,235
org.apache.pdfbox.pdmodel.graphics.color.PDDeviceCMYK_java,2,235
org.apache.pdfbox.pdmodel.graphics.color.PDSeparation_java,2,235
org.apache.pdfbox.filter.ASCII85OutputStream_java,2,235
org.apache.xmpbox.xml.DomHelper_java,2,235
org.apache.pdfbox.filter.ASCII85InputStream_java,2,235
org.apache.pdfbox.pdmodel.common.function.type4.ExecutionContext_java,2,235
org.apache.pdfbox.preflight.font.descriptor.TrueTypeDescriptorHelper_java,2,235
org.apache.pdfbox.pdmodel.graphics.color.PDJPXColorSpace_java,2,235
org.apache.pdfbox.pdmodel.font.PDMMType1Font_java,2,235
org.apache.pdfbox.pdmodel.interactive.viewerpreferences.PDViewerPreferences_java,2,235
org.apache.pdfbox.preflight.PreflightDocument_java,2,235
org.apache.pdfbox.pdfparser.PDFXRefStream_java,2,235
org.apache.pdfbox.tools.ExtractText_java,2,235
org.apache.xmpbox.type.AbstractStructuredType_java,2,235
org.apache.pdfbox.pdmodel.fdf.XMLUtil_java,2,235
org.apache.xmpbox.type.Attribute_java,2,235
org.apache.fontbox.cff.CFFOperator_java,2,235
org.apache.fontbox.ttf.HorizontalHeaderTable_java,2,235
org.apache.xmpbox.type.PropertyType_java,2,235
org.apache.pdfbox.pdfwriter.ContentStreamWriter_java,1,263
org.apache.fontbox.ttf.GlyfDescript_java,1,263
org.apache.pdfbox.tools.WriteDecodedDoc_java,1,263
org.apache.xmpbox.schema.DublinCoreSchema_java,1,263
