file,bugChurn,rank
org.apache.xmpbox.xml.DomXmpParser_java,1835,1
org.apache.pdfbox.pdmodel.interactive.form.PDField_java,652,2
org.apache.pdfbox.pdmodel.graphics.state.PDExtendedGraphicsState_java,605,3
org.apache.pdfbox.pdmodel.font.PDFontDescriptor_java,576,4
org.apache.pdfbox.cos.COSString_java,475,5
org.apache.pdfbox.pdmodel.font.PDType1Font_java,443,6
org.apache.pdfbox.pdmodel.PDDocument_java,384,7
org.apache.pdfbox.tools.ExtractImages_java,381,8
org.apache.pdfbox.cos.COSDocument_java,340,9
org.apache.pdfbox.pdmodel.interactive.form.PDChoice_java,316,10
org.apache.pdfbox.pdmodel.font.PDFont_java,294,11
org.apache.pdfbox.pdmodel.font.PDSimpleFont_java,274,12
org.apache.pdfbox.cos.COSStream_java,227,13
org.apache.pdfbox.pdmodel.interactive.form.PDAcroForm_java,223,14
org.apache.pdfbox.pdmodel.PDResources_java,212,15
org.apache.pdfbox.pdmodel.interactive.form.PDListBox_java,210,16
org.apache.pdfbox.pdmodel.interactive.form.PDFieldFactory_java,199,17
org.apache.pdfbox.pdfparser.PDFStreamParser_java,195,18
org.apache.pdfbox.pdfwriter.COSWriter_java,190,19
org.apache.pdfbox.preflight.font.container.TrueTypeContainer_java,186,20
org.apache.pdfbox.pdmodel.interactive.form.PDComboBox_java,184,21
org.apache.pdfbox.pdmodel.graphics.color.PDCIEDictionaryBasedColorSpace_java,169,22
org.apache.pdfbox.pdmodel.font.Standard14Fonts_java,167,23
org.apache.pdfbox.pdmodel.font.PDTrueTypeFont_java,167,23
org.apache.pdfbox.pdmodel.interactive.form.PDVariableText_java,165,25
org.apache.pdfbox.pdfparser.PDFParser_java,162,26
org.apache.pdfbox.pdmodel.interactive.form.PDSignatureField_java,160,27
org.apache.pdfbox.pdmodel.font.PDCIDFontType2_java,155,28
org.apache.pdfbox.text.TextPosition_java,155,28
org.apache.pdfbox.preflight.font.container.FontContainer_java,153,30
org.apache.pdfbox.preflight.font.descriptor.FontDescriptorHelper_java,152,31
org.apache.pdfbox.pdmodel.interactive.form.PDRadioButton_java,150,32
org.apache.pdfbox.cos.PDFDocEncoding_java,150,32
org.apache.pdfbox.preflight.font.descriptor.Type1DescriptorHelper_java,146,34
org.apache.pdfbox.pdmodel.font.PDType1CFont_java,140,35
org.apache.pdfbox.pdmodel.graphics.color.PDLab_java,138,36
org.apache.pdfbox.pdmodel.encryption.StandardSecurityHandler_java,138,36
org.apache.pdfbox.pdmodel.graphics.color.PDCalRGB_java,137,38
org.apache.pdfbox.pdfparser.BaseParser_java,132,39
org.apache.pdfbox.rendering.PageDrawer_java,124,40
org.apache.pdfbox.pdmodel.interactive.form.PDNonTerminalField_java,122,41
org.apache.fontbox.cff.CFFParser_java,119,42
org.apache.pdfbox.util.QuickSort_java,113,43
org.apache.pdfbox.pdmodel.encryption.PublicKeySecurityHandler_java,108,44
org.apache.fontbox.ttf.OTFParser_java,107,45
org.apache.pdfbox.pdmodel.font.PDFontLike_java,103,46
org.apache.pdfbox.preflight.parser.PreflightParser_java,103,46
org.apache.pdfbox.preflight.font.container.Type1Container_java,92,48
org.apache.pdfbox.preflight.graphic.StandardColorSpaceHelper_java,88,49
org.apache.pdfbox.pdmodel.encryption.SecurityHandler_java,86,50
org.apache.pdfbox.preflight.ValidationResult_java,85,51
org.apache.pdfbox.pdmodel.PDPage_java,83,52
org.apache.pdfbox.pdmodel.font.PDFontFactory_java,80,53
org.apache.pdfbox.preflight.font.container.CIDType2Container_java,80,53
org.apache.pdfbox.preflight.font.SimpleFontValidator_java,79,55
org.apache.pdfbox.pdmodel.font.PDCIDFont_java,78,56
org.apache.pdfbox.pdmodel.font.PDCIDFontType0_java,78,56
org.apache.pdfbox.cos.COSName_java,76,58
org.apache.pdfbox.pdmodel.graphics.color.PDDeviceCMYK_java,76,58
org.apache.pdfbox.pdmodel.fdf.FDFField_java,76,58
org.apache.pdfbox.preflight.process.TrailerValidationProcess_java,75,61
org.apache.pdfbox.pdmodel.graphics.blend.BlendMode_java,74,62
org.apache.pdfbox.preflight.content.PreflightStreamEngine_java,72,63
org.apache.fontbox.ttf.OpenTypeFont_java,71,64
org.apache.pdfbox.pdmodel.font.PDTrueTypeFontEmbedder_java,71,64
org.apache.pdfbox.preflight.font.Type3FontValidator_java,70,66
org.apache.pdfbox.pdmodel.font.PDType0Font_java,66,67
org.apache.pdfbox.rendering.PDFRenderer_java,65,68
org.apache.fontbox.ttf.TTFParser_java,64,69
org.apache.fontbox.ttf.TrueTypeFont_java,63,70
org.apache.pdfbox.pdmodel.interactive.form.PDButton_java,62,71
org.apache.pdfbox.pdmodel.interactive.form.PDTextField_java,61,72
org.apache.fontbox.ttf.CFFTable_java,60,73
org.apache.pdfbox.preflight.font.descriptor.TrueTypeDescriptorHelper_java,60,73
org.apache.pdfbox.pdmodel.font.FontProvider_java,59,75
org.apache.pdfbox.preflight.font.DescendantFontValidator_java,58,76
org.apache.pdfbox.util.Version_java,58,76
org.apache.fontbox.cmap.CMapParser_java,57,78
org.apache.pdfbox.pdmodel.graphics.color.PDCIEBasedColorSpace_java,57,78
org.apache.fontbox.type1.Type1Lexer_java,56,80
org.apache.fontbox.ttf.TTFSubsetter_java,56,80
org.apache.pdfbox.pdmodel.graphics.color.PDCalGray_java,54,82
org.apache.pdfbox.pdmodel.fdf.FDFAnnotation_java,54,82
org.apache.pdfbox.preflight.metadata.SynchronizedMetaDataValidation_java,54,82
org.apache.pdfbox.pdmodel.fdf.FDFDictionary_java,54,82
org.apache.pdfbox.pdmodel.font.PDType1FontEmbedder_java,53,86
org.apache.pdfbox.pdmodel.graphics.color.PDPattern_java,49,87
org.apache.pdfbox.preflight.font.descriptor.CIDType0DescriptorHelper_java,47,88
org.apache.pdfbox.contentstream.PDFStreamEngine_java,46,89
org.apache.pdfbox.pdmodel.interactive.form.PDPushButton_java,46,89
org.apache.pdfbox.pdmodel.graphics.color.PDColorSpace_java,46,89
org.apache.pdfbox.preflight.process.AcroFormValidationProcess_java,45,92
org.apache.pdfbox.preflight.font.descriptor.CIDType2DescriptorHelper_java,45,92
org.apache.pdfbox.pdmodel.graphics.image.PDInlineImage_java,45,92
org.apache.pdfbox.util.Hex_java,44,95
org.apache.pdfbox.pdmodel.graphics.color.PDICCBased_java,42,96
org.apache.pdfbox.pdmodel.font.FileSystemFontProvider_java,42,96
org.apache.pdfbox.tools.ExtractText_java,42,96
org.apache.pdfbox.pdmodel.font.PDType3Font_java,40,99
org.apache.pdfbox.util.Charsets_java,39,100
org.apache.fontbox.util.autodetect.UnixFontDirFinder_java,37,101
org.apache.fontbox.ttf.HorizontalMetricsTable_java,35,102
org.apache.fontbox.ttf.GlyfCompositeDescript_java,34,103
org.apache.pdfbox.pdfparser.PDFObjectStreamParser_java,34,103
org.apache.fontbox.type1.DamagedFontException_java,33,105
org.apache.pdfbox.preflight.font.util.GlyphDetail_java,33,105
org.apache.fontbox.cff.CFFCIDFont_java,32,107
org.apache.fontbox.util.autodetect.MacFontDirFinder_java,32,107
org.apache.pdfbox.preflight.font.container.CIDType0Container_java,31,109
org.apache.fontbox.ttf.CmapSubtable_java,31,109
org.apache.pdfbox.filter.LZWFilter_java,31,109
org.apache.pdfbox.preflight.utils.ContextHelper_java,30,112
org.apache.fontbox.cff.Type2CharString_java,30,112
org.apache.fontbox.cff.Type1CharString_java,29,114
org.apache.pdfbox.contentstream.operator.OperatorProcessor_java,29,114
org.apache.pdfbox.tools.TextToPDF_java,28,116
org.apache.fontbox.util.autodetect.WindowsFontDirFinder_java,28,116
org.apache.pdfbox.pdmodel.fdf.FDFTemplate_java,27,118
org.apache.pdfbox.pdmodel.font.CMapManager_java,27,118
org.apache.pdfbox.tools.Version_java,26,120
org.apache.pdfbox.pdmodel.graphics.color.PDDeviceN_java,26,120
org.apache.fontbox.ttf.OTLTable_java,26,120
org.apache.pdfbox.pdmodel.fdf.FDFJavaScript_java,25,123
org.apache.pdfbox.pdmodel.encryption.PDEncryption_java,24,124
org.apache.pdfbox.pdmodel.fdf.FDFPage_java,23,125
org.apache.pdfbox.preflight.font.container.Type0Container_java,22,126
org.apache.pdfbox.pdmodel.graphics.image.LosslessFactory_java,22,126
org.apache.pdfbox.pdmodel.PDPageTree_java,22,126
org.apache.pdfbox.pdmodel.fdf.FDFIconFit_java,21,129
org.apache.pdfbox.preflight.font.Type1FontValidator_java,21,129
org.apache.fontbox.type1.Type1Parser_java,20,131
org.apache.pdfbox.preflight.process.MetadataValidationProcess_java,19,132
org.apache.pdfbox.pdmodel.fdf.FDFCatalog_java,19,132
org.apache.pdfbox.preflight.annotation.AnnotationValidator_java,16,134
org.apache.pdfbox.filter.Predictor_java,16,134
org.apache.pdfbox.pdmodel.fdf.FDFNamedPageReference_java,14,136
org.apache.fontbox.cff.CharStringCommand_java,14,136
org.apache.fontbox.util.autodetect.FontFileFinder_java,14,136
org.apache.pdfbox.preflight.font.TrueTypeFontValidator_java,14,136
org.apache.pdfbox.preflight.font.container.Type3Container_java,13,140
org.apache.fontbox.ttf.PostScriptTable_java,12,141
org.apache.pdfbox.preflight.process.reflect.FontValidationProcess_java,12,141
org.apache.pdfbox.tools.PDFText2HTML_java,11,143
org.apache.pdfbox.tools.OverlayPDF_java,11,143
org.apache.pdfbox.pdmodel.font.PDMMType1Font_java,11,143
org.apache.pdfbox.preflight.process.reflect.ResourcesValidationProcess_java,11,143
org.apache.pdfbox.pdmodel.graphics.color.PDIndexed_java,11,143
org.apache.pdfbox.pdmodel.PDDocumentCatalog_java,11,143
org.apache.pdfbox.pdmodel.graphics.color.PDDeviceRGB_java,10,149
org.apache.pdfbox.contentstream.operator.state.SetLineWidth_java,10,149
org.apache.pdfbox.preflight.content.PreflightContentStream_java,10,149
org.apache.fontbox.ttf.MemoryTTFDataStream_java,10,149
org.apache.fontbox.cff.Type2CharStringParser_java,10,149
org.apache.pdfbox.pdmodel.graphics.pattern.PDShadingPattern_java,10,149
org.apache.pdfbox.contentstream.operator.color.SetColor_java,9,155
org.apache.pdfbox.filter.ASCIIHexFilter_java,9,155
org.apache.pdfbox.pdmodel.interactive.documentnavigation.destination.PDNamedDestination_java,9,155
org.apache.pdfbox.pdmodel.graphics.color.PDSeparation_java,9,155
org.apache.pdfbox.pdmodel.font.encoding.DictionaryEncoding_java,9,155
org.apache.pdfbox.pdmodel.interactive.digitalsignature.visible.PDVisibleSigBuilder_java,9,155
org.apache.pdfbox.cos.COSNumber_java,9,155
org.apache.pdfbox.pdfparser.PDFXrefStreamParser_java,9,155
org.apache.pdfbox.pdmodel.graphics.image.PDImageXObject_java,9,155
org.apache.pdfbox.preflight.process.PageTreeValidationProcess_java,8,164
org.apache.pdfbox.contentstream.operator.color.SetStrokingDeviceRGBColor_java,8,164
org.apache.pdfbox.pdmodel.font.PDCIDFontType2Embedder_java,8,164
org.apache.pdfbox.pdfwriter.COSStandardOutputStream_java,8,164
org.apache.pdfbox.preflight.font.util.GlyphException_java,8,164
org.apache.pdfbox.pdmodel.interactive.digitalsignature.visible.PDFTemplateStructure_java,8,164
org.apache.pdfbox.contentstream.operator.color.SetStrokingDeviceCMYKColor_java,8,164
org.apache.pdfbox.contentstream.operator.color.SetStrokingDeviceGrayColor_java,8,164
org.apache.pdfbox.preflight.annotation.LineAnnotationValidator_java,7,172
org.apache.pdfbox.pdmodel.graphics.PDXObject_java,7,172
org.apache.pdfbox.filter.DCTFilter_java,7,172
org.apache.pdfbox.preflight.metadata.PDFAIdentificationValidation_java,7,172
org.apache.fontbox.util.autodetect.FontDirFinder_java,7,172
org.apache.xmpbox.type.DateType_java,7,172
org.apache.pdfbox.preflight.process.CatalogValidationProcess_java,7,172
org.apache.pdfbox.util.DateConverter_java,6,179
org.apache.xmpbox.type.IntegerType_java,6,179
org.apache.xmpbox.type.RealType_java,6,179
org.apache.pdfbox.contentstream.operator.color.SetNonStrokingDeviceRGBColor_java,6,179
org.apache.pdfbox.preflight.annotation.LinkAnnotationValidator_java,6,179
org.apache.pdfbox.contentstream.operator.color.SetNonStrokingDeviceGrayColor_java,6,179
org.apache.pdfbox.preflight.annotation.SquareCircleAnnotationValidator_java,6,179
org.apache.pdfbox.preflight.PreflightConfiguration_java,6,179
org.apache.pdfbox.pdmodel.interactive.annotation.PDAnnotation_java,6,179
org.apache.pdfbox.preflight.Validator_A1b_java,6,179
org.apache.pdfbox.preflight.font.CIDType2FontValidator_java,6,179
org.apache.pdfbox.contentstream.operator.color.SetNonStrokingDeviceCMYKColor_java,6,179
org.apache.pdfbox.pdmodel.graphics.image.SampledImageReader_java,5,191
org.apache.pdfbox.pdmodel.graphics.shading.RadialShadingContext_java,5,191
org.apache.pdfbox.preflight.annotation.WidgetAnnotationValidator_java,5,191
org.apache.pdfbox.preflight.process.StreamValidationProcess_java,5,191
org.apache.pdfbox.contentstream.operator.Operator_java,5,191
org.apache.pdfbox.pdmodel.graphics.image.PDImage_java,5,191
org.apache.xmpbox.xml.PdfaExtensionHelper_java,5,191
org.apache.pdfbox.pdmodel.common.PDObjectStream_java,5,191
org.apache.pdfbox.pdmodel.graphics.image.ValidateXImage_java,4,199
org.apache.pdfbox.preflight.xobject.XObjImageValidator_java,4,199
org.apache.xmpbox.type.BooleanType_java,4,199
org.apache.pdfbox.contentstream.operator.state.SetGraphicsStateParameters_java,4,199
org.apache.pdfbox.pdfparser.PDFXRefStream_java,4,199
org.apache.pdfbox.pdmodel.fdf.FDFAnnotationStamp_java,3,204
org.apache.pdfbox.pdmodel.fdf.FDFAnnotationLine_java,3,204
org.apache.pdfbox.pdmodel.fdf.FDFAnnotationUnderline_java,3,204
org.apache.pdfbox.pdmodel.common.PDStream_java,3,204
org.apache.pdfbox.pdmodel.fdf.FDFOptionElement_java,3,204
org.apache.pdfbox.pdmodel.fdf.FDFAnnotationSound_java,3,204
org.apache.pdfbox.preflight.font.Type0FontValidator_java,3,204
org.apache.pdfbox.pdmodel.fdf.FDFAnnotationFreeText_java,3,204
org.apache.pdfbox.contentstream.operator.color.SetStrokingColor_java,3,204
org.apache.pdfbox.pdmodel.fdf.FDFAnnotationCircle_java,3,204
org.apache.pdfbox.pdmodel.fdf.FDFAnnotationInk_java,3,204
org.apache.pdfbox.pdmodel.fdf.FDFAnnotationPolygon_java,3,204
org.apache.pdfbox.pdmodel.fdf.FDFAnnotationPolyline_java,3,204
org.apache.pdfbox.pdmodel.fdf.FDFAnnotationSquiggly_java,3,204
org.apache.pdfbox.pdmodel.fdf.FDFAnnotationStrikeOut_java,3,204
org.apache.pdfbox.pdmodel.fdf.FDFAnnotationText_java,3,204
org.apache.pdfbox.pdmodel.fdf.FDFAnnotationSquare_java,3,204
org.apache.pdfbox.pdmodel.fdf.FDFPageInfo_java,3,204
org.apache.pdfbox.pdmodel.fdf.FDFAnnotationCaret_java,3,204
org.apache.pdfbox.pdmodel.fdf.FDFAnnotationHighlight_java,3,204
org.apache.pdfbox.contentstream.operator.color.SetNonStrokingColor_java,3,204
org.apache.pdfbox.pdmodel.fdf.XMLUtil_java,3,204
org.apache.pdfbox.pdmodel.fdf.FDFAnnotationFileAttachment_java,3,204
org.apache.pdfbox.preflight.font.FontValidator_java,2,227
org.apache.pdfbox.pdfwriter.ContentStreamWriter_java,2,227
org.apache.pdfbox.pdmodel.graphics.state.PDGraphicsState_java,2,227
org.apache.pdfbox.filter.FlateFilter_java,2,227
org.apache.pdfbox.tools.PDFBox_java,2,227
org.apache.pdfbox.tools.WriteDecodedDoc_java,2,227
org.apache.fontbox.ttf.TTFTable_java,2,227
org.apache.pdfbox.tools.PDFToImage_java,2,227
org.apache.pdfbox.tools.imageio.MetaUtil_java,2,227
org.apache.pdfbox.contentstream.operator.color.SetNonStrokingColorSpace_java,2,227
org.apache.pdfbox.preflight.PreflightDocument_java,2,227
org.apache.pdfbox.pdmodel.interactive.digitalsignature.PDSignature_java,2,227
org.apache.pdfbox.tools.PDFSplit_java,2,227
org.apache.pdfbox.contentstream.operator.color.SetStrokingColorSpace_java,2,227
org.apache.pdfbox.preflight.annotation.MarkupAnnotationValidator_java,1,241
org.apache.pdfbox.tools.imageio.ImageIOUtil_java,1,241
org.apache.pdfbox.preflight.annotation.FreeTextAnnotationValidator_java,1,241
org.apache.xmpbox.type.TextType_java,1,241
