<!--
RSS generated by JIRA (6.2#6252-sha1:aa343257d4ce030d9cb8c531be520be9fac1c996) at Tue Jun 03 18:02:59 UTC 2014

It is possible to restrict the fields that are returned in this document by specifying the 'field' parameter in your request.
For example, to request only the issue key and summary add field=key&field=summary to the URL of your request.
For example:
https://issues.apache.org/jira/sr/jira.issueviews:searchrequest-xml/temp/SearchRequest.xml?jqlQuery=project+%3D+PDFBOX+AND+issuetype+%3D+Bug+AND+created+%3E%3D+2009-12-1+AND+created+%3C%3D+2010-1-1+ORDER+BY+key+ASC&tempMax=100&field=key&field=summary
-->
<!-- If you wish to do custom client-side styling of RSS, uncomment this:
<?xml-stylesheet href="https://issues.apache.org/jira/styles/jiraxml2html.xsl" type="text/xsl"?>
-->
<rss version="0.92">
    <channel>
        <title>ASF JIRA</title>
        <link>https://issues.apache.org/jira/secure/IssueNavigator.jspa?reset=true&amp;jqlQuery=project+%3D+PDFBOX+AND+issuetype+%3D+Bug+AND+created+%3E%3D+2009-12-1+AND+created+%3C%3D+2010-1-1+ORDER+BY+key+ASC</link>
        <description>An XML representation of a search request</description>
                <language>en-uk</language>
                        <issue start="0" end="10" total="10"/>
                <build-info>
            <version>6.2</version>
            <build-number>6252</build-number>
            <build-date>19-02-2014</build-date>
        </build-info>
<item>
            <title>[PDFBOX-573] Maven build does not download files not inclued in the distribution</title>
                <link>https://issues.apache.org/jira/browse/PDFBOX-573</link>
                <project id="12310760" key="PDFBOX">PDFBox</project>
                    <description>&lt;p&gt;The following plug-in call seems to be the best thing. Just run ant directly. There does not seem to be a maven equivalent for getting files from a server.&lt;/p&gt;

&lt;p&gt;    &amp;lt;build&amp;gt;&lt;br/&gt;
    &amp;lt;plugins&amp;gt;&lt;br/&gt;
      &amp;lt;plugin&amp;gt;&lt;br/&gt;
        &amp;lt;artifactId&amp;gt;maven-antrun-plugin&amp;lt;/artifactId&amp;gt;&lt;br/&gt;
        &amp;lt;executions&amp;gt;&lt;br/&gt;
          &amp;lt;execution&amp;gt;&lt;br/&gt;
            &amp;lt;phase&amp;gt;generate-sources&amp;lt;/phase&amp;gt;&lt;br/&gt;
            &amp;lt;configuration&amp;gt;&lt;br/&gt;
              &amp;lt;tasks&amp;gt;&lt;br/&gt;
				&amp;lt;ant antfile=&quot;build.xml&quot; target=&quot;get.adobefiles&quot;/&amp;gt;&lt;br/&gt;
              &amp;lt;/tasks&amp;gt;&lt;br/&gt;
            &amp;lt;/configuration&amp;gt;&lt;br/&gt;
            &amp;lt;goals&amp;gt;&lt;br/&gt;
              &amp;lt;goal&amp;gt;run&amp;lt;/goal&amp;gt;&lt;br/&gt;
            &amp;lt;/goals&amp;gt;&lt;br/&gt;
          &amp;lt;/execution&amp;gt;&lt;br/&gt;
        &amp;lt;/executions&amp;gt;&lt;br/&gt;
         &amp;lt;dependencies&amp;gt;&lt;br/&gt;
                       &amp;lt;dependency&amp;gt;&lt;br/&gt;
                           &amp;lt;groupId&amp;gt;org.apache.ant&amp;lt;/groupId&amp;gt;&lt;br/&gt;
                           &amp;lt;artifactId&amp;gt;ant-nodeps&amp;lt;/artifactId&amp;gt;&lt;br/&gt;
                           &amp;lt;version&amp;gt;1.7.1&amp;lt;/version&amp;gt;&lt;br/&gt;
                       &amp;lt;/dependency&amp;gt;&lt;br/&gt;
        &amp;lt;/dependencies&amp;gt;&lt;/p&gt;

&lt;p&gt;      &amp;lt;/plugin&amp;gt;&lt;br/&gt;
    &amp;lt;/plugins&amp;gt;&lt;/p&gt;

&lt;p&gt;And the build.xml need to be modified from:&lt;br/&gt;
    &amp;lt;target name=&quot;find.adobefiles&quot;&amp;gt;&lt;br/&gt;
        &amp;lt;available property=&quot;adobefiles.found&quot; file=&quot;$&lt;/p&gt;
{dest.dir}/Resources&quot;/&amp;gt;&lt;br/&gt;
    &amp;lt;/target&amp;gt;&lt;br/&gt;
&lt;br/&gt;
to:&lt;br/&gt;
    &amp;lt;target name=&quot;find.adobefiles&quot;&amp;gt;&lt;br/&gt;
        &amp;lt;available property=&quot;adobefiles.found&quot; file=&quot;${dest.dir}
&lt;p&gt;/Resources/cmap&quot;/&amp;gt;&lt;br/&gt;
    &amp;lt;/target&amp;gt;&lt;/p&gt;
</description>
                <environment></environment>
        <key id="12442043">PDFBOX-573</key>
            <summary>Maven build does not download files not inclued in the distribution</summary>
                <type id="1" iconUrl="https://issues.apache.org/jira/images/icons/issuetypes/bug.png">Bug</type>
                                            <priority id="3" iconUrl="https://issues.apache.org/jira/images/icons/priorities/major.png">Major</priority>
                        <status id="6" iconUrl="https://issues.apache.org/jira/images/icons/statuses/closed.png" description="The issue is considered finished, the resolution is correct. Issues which are closed can be reopened.">Closed</status>
                    <statusCategory id="3" key="done" colorName="green"/>
                                    <resolution id="1">Fixed</resolution>
                                        <assignee username="jukkaz">Jukka Zitting</assignee>
                                    <reporter username="yonas.jongkind@gmail.com">Yonas Jongkind</reporter>
                        <labels>
                    </labels>
                <created>Tue, 1 Dec 2009 04:10:30 +0000</created>
                <updated>Mon, 22 Feb 2010 18:28:05 +0000</updated>
                            <resolved>Fri, 11 Dec 2009 12:36:23 +0000</resolved>
                                    <version>1.0.0</version>
                                    <fixVersion>1.0.0</fixVersion>
                                        <due></due>
                            <votes>0</votes>
                                    <watches>0</watches>
                                                                <comments>
                            <comment id="12789279" author="jukkaz" created="Fri, 11 Dec 2009 12:36:23 +0000"  >&lt;p&gt;Thanks! I committed the proposed changes in revision 889591.&lt;/p&gt;

&lt;p&gt;See &lt;a href=&quot;https://issues.apache.org/jira/browse/PDFBOX-545&quot; title=&quot;Switch PDFBox build to Maven&quot; class=&quot;issue-link&quot; data-issue-key=&quot;PDFBOX-545&quot;&gt;&lt;del&gt;PDFBOX-545&lt;/del&gt;&lt;/a&gt; for a broader effort to improve the Maven build of PDFBox.&lt;/p&gt;</comment>
                            <comment id="12789346" author="chris_59@tele2.se" created="Fri, 11 Dec 2009 15:35:20 +0000"  >&lt;p&gt;Pls see issue line&lt;/p&gt;

&lt;p&gt;Mvh Chris Dahlgren Mobilnr: +46736765678&lt;br/&gt;
E-Mail:&lt;br/&gt;
chris_59@tele2.se&lt;/p&gt;</comment>
                            <comment id="12836799" author="lehmi" created="Mon, 22 Feb 2010 18:28:05 +0000"  >&lt;p&gt;closed after releasing version 1.0.0&lt;/p&gt;</comment>
                    </comments>
                    <attachments>
                    </attachments>
                <subtasks>
                    </subtasks>
                <customfields>
                                                <customfield id="customfield_12310310" key="com.atlassian.jira.toolkit:attachments">
                        <customfieldname>Attachment count</customfieldname>
                        <customfieldvalues>
                            <customfieldvalue>0.0</customfieldvalue>
                        </customfieldvalues>
                    </customfield>
                                                                                            <customfield id="customfield_12310220" key="com.atlassian.jira.ext.charting:firstresponsedate">
                        <customfieldname>Date of First Response</customfieldname>
                        <customfieldvalues>
                            <customfieldvalue>Fri, 11 Dec 2009 12:36:23 +0000</customfieldvalue>

                        </customfieldvalues>
                    </customfield>
                                                                                                                                                    <customfield id="customfield_12310420" key="com.pyxis.greenhopper.jira:gh-global-rank">
                        <customfieldname>Global Rank</customfieldname>
                        <customfieldvalues>
                            <customfieldvalue>163339</customfieldvalue>
                        </customfieldvalues>
                    </customfield>
                                                                <customfield id="customfield_12310920" key="com.pyxis.greenhopper.jira:gh-global-rank">
                        <customfieldname>Rank</customfieldname>
                        <customfieldvalues>
                            <customfieldvalue>204895</customfieldvalue>
                        </customfieldvalues>
                    </customfield>
                                                                                                                        <customfield id="customfield_12310222" key="com.atlassian.jira.ext.charting:timeinstatus">
                        <customfieldname>Time in Status</customfieldname>
                        <customfieldvalues>
                            
                        </customfieldvalues>
                    </customfield>
                                    </customfields>
    </item>

<item>
            <title>[PDFBOX-574] PDFBox image extraction fails with an ArrayOutOfBoundsException in PDPixelMap.getRGBImage()</title>
                <link>https://issues.apache.org/jira/browse/PDFBOX-574</link>
                <project id="12310760" key="PDFBOX">PDFBox</project>
                    <description>
&lt;p&gt;The project that I&apos;m working on has been using PDFBox for both text extraction and image extraction from PDF documents.  We wrote a class, PDFImageStripper, which extends PDFStreamEngine:&lt;/p&gt;

&lt;p&gt;public class PDFImageStripper extends PDFStreamEngine &lt;/p&gt;


&lt;p&gt;	public List&amp;lt;ExtractedImage&amp;gt; getImages(PDDocument document, String documentFilename, File targetDirectory) throws IOException &lt;/p&gt;
{
		resetEngine();
		
		this.document = document;
		this.documentFilename = documentFilename;
		this.targetDirectory = targetDirectory;
        
        currentImageNumber = 1;
        
        images.clear();
        writeImages();        
        return images;
    }


&lt;p&gt;	private void writeImages() throws IOException {&lt;br/&gt;
		List&amp;lt;PDPage&amp;gt; pages = (List&amp;lt;PDPage&amp;gt;) document.getDocumentCatalog().getAllPages();&lt;br/&gt;
		for (PDPage page : pages) {&lt;br/&gt;
		    if (page != null) &lt;/p&gt;
{
		        processStream(page, page.findResources(), page.getContents().getStream());
		    }
&lt;p&gt;	    }&lt;br/&gt;
	}&lt;/p&gt;


&lt;p&gt;The call chain is shown below:&lt;/p&gt;


&lt;p&gt;None.decode(byte[], byte[]) line: 57	&lt;br/&gt;
PDPixelMap.getRGBImage() line: 182	&lt;br/&gt;
PDPixelMap.write2OutputStream(OutputStream) line: 209	&lt;br/&gt;
PDPixelMap(PDXObjectImage).write2file(File) line: 142	&lt;br/&gt;
PDFImageStripper.saveImage(PDXObjectImage, String, File) line: 208	&lt;br/&gt;
PDFImageStripper.processOperator(PDFOperator, List) line: 155	&lt;br/&gt;
PDFImageStripper(PDFStreamEngine).processSubStream(PDPage, PDResources, COSStream) line: 229	&lt;br/&gt;
PDFImageStripper(PDFStreamEngine).processStream(PDPage, PDResources, COSStream) line: 188	&lt;br/&gt;
PDFImageStripper.writeImages() line: 113	&lt;/p&gt;


&lt;p&gt;There is an ArrayOutOfBoundsException in the decode method.  The decode method is nothing more than a wrapper for a call to System.arraycopy():&lt;/p&gt;


&lt;p&gt;    public void decode(byte[] src, byte[] dest)&lt;/p&gt;
    {
        System.arraycopy(src,0,dest,0,src.length);
    }


&lt;p&gt;The problem is, the source array is larger than the destination array.  This is show (from the Eclipse debugger) below:&lt;/p&gt;


&lt;p&gt;src	byte&lt;span class=&quot;error&quot;&gt;&amp;#91;455112&amp;#93;&lt;/span&gt;  (id=171)	&lt;br/&gt;
dest	byte&lt;span class=&quot;error&quot;&gt;&amp;#91;435456&amp;#93;&lt;/span&gt;  (id=175)	&lt;/p&gt;


&lt;p&gt;The code that seems to be causing the problem is shown below.  The branch that this bug shows up on is the LZW_DECODE branch.  Note that in the other code branch, the code makes sure that there is no size problem.&lt;/p&gt;


&lt;p&gt;            if( predictor &amp;lt; 10 ||&lt;br/&gt;
                filters == null || !(filters.contains( COSName.LZW_DECODE.getName()) ||&lt;br/&gt;
                         filters.contains( COSName.FLATE_DECODE.getName()) ) )&lt;/p&gt;
            {
                PredictorAlgorithm filter = PredictorAlgorithm.getFilter(predictor);
                filter.setWidth(width);
                filter.setHeight(height);
                filter.setBpp((bpc * 3) / 8);
                filter.decode(array, bufferData);
            }
&lt;p&gt;            else&lt;/p&gt;
            {
                System.arraycopy( array, 0,bufferData, 0, 
                        (array.length&amp;lt;bufferData.length?array.length: bufferData.length) );
            }


&lt;p&gt;One fix may be to simply change the code as follows (again, recall that the &quot;decode&quot; method is nothing but a wrapper for System.arraycopy()):&lt;/p&gt;


&lt;p&gt;          if( predictor &amp;lt; 10 ||&lt;br/&gt;
                filters == null || !(filters.contains( COSName.LZW_DECODE.getName()) ||&lt;br/&gt;
                         filters.contains( COSName.FLATE_DECODE.getName()) ) )&lt;/p&gt;
            {
                PredictorAlgorithm filter = PredictorAlgorithm.getFilter(predictor);
                filter.setWidth(width);
                filter.setHeight(height);
                filter.setBpp((bpc * 3) / 8);
            }
&lt;p&gt;                System.arraycopy( array, 0,bufferData, 0, &lt;br/&gt;
                        (array.length&amp;lt;bufferData.length?array.length: bufferData.length) );&lt;/p&gt;


&lt;p&gt;If Jira allows me to attach a file that causes this problem I will do so.&lt;/p&gt;</description>
                <environment>Java</environment>
        <key id="12442281">PDFBOX-574</key>
            <summary>PDFBox image extraction fails with an ArrayOutOfBoundsException in PDPixelMap.getRGBImage()</summary>
                <type id="1" iconUrl="https://issues.apache.org/jira/images/icons/issuetypes/bug.png">Bug</type>
                                            <priority id="3" iconUrl="https://issues.apache.org/jira/images/icons/priorities/major.png">Major</priority>
                        <status id="6" iconUrl="https://issues.apache.org/jira/images/icons/statuses/closed.png" description="The issue is considered finished, the resolution is correct. Issues which are closed can be reopened.">Closed</status>
                    <statusCategory id="3" key="done" colorName="green"/>
                                    <resolution id="1">Fixed</resolution>
                                        <assignee username="lehmi">Andreas Lehmk&#252;hler</assignee>
                                    <reporter username="kaplan4">Ian Kaplan</reporter>
                        <labels>
                    </labels>
                <created>Wed, 2 Dec 2009 23:22:04 +0000</created>
                <updated>Thu, 1 Jul 2010 08:26:40 +0100</updated>
                            <resolved>Sun, 28 Mar 2010 15:19:47 +0100</resolved>
                                    <version>0.8.0-incubator</version>
                                    <fixVersion>1.2.0</fixVersion>
                                    <component>Utilities</component>
                        <due></due>
                            <votes>0</votes>
                                    <watches>1</watches>
                                                                <comments>
                            <comment id="12785057" author="kaplan4" created="Wed, 2 Dec 2009 23:33:30 +0000"  >
&lt;p&gt;The attached file resulted in an image extraction error.  The file was originally obtained from the Institute for Science and International Security (www.isis-online.org).  The path at the time of this writing was:&lt;/p&gt;

&lt;p&gt;&lt;a href=&quot;http://www.isis-online.org/publications/iraq/omv_overview.pdf&quot; class=&quot;external-link&quot; rel=&quot;nofollow&quot;&gt;http://www.isis-online.org/publications/iraq/omv_overview.pdf&lt;/a&gt;&lt;/p&gt;</comment>
                            <comment id="12850677" author="lehmi" created="Sun, 28 Mar 2010 15:19:47 +0100"  >&lt;p&gt;I&apos;ve applied Ian&apos;s patch with version 928402.&lt;/p&gt;

&lt;p&gt;Thanks for the contribution&lt;/p&gt;</comment>
                    </comments>
                    <attachments>
                            <attachment id="12426713" name="omv_overview.pdf" size="871973" author="kaplan4" created="Wed, 2 Dec 2009 23:33:30 +0000"/>
                    </attachments>
                <subtasks>
                    </subtasks>
                <customfields>
                                                <customfield id="customfield_12310310" key="com.atlassian.jira.toolkit:attachments">
                        <customfieldname>Attachment count</customfieldname>
                        <customfieldvalues>
                            <customfieldvalue>1.0</customfieldvalue>
                        </customfieldvalues>
                    </customfield>
                                                                                            <customfield id="customfield_12310220" key="com.atlassian.jira.ext.charting:firstresponsedate">
                        <customfieldname>Date of First Response</customfieldname>
                        <customfieldvalues>
                            <customfieldvalue>Sun, 28 Mar 2010 14:19:47 +0000</customfieldvalue>

                        </customfieldvalues>
                    </customfield>
                                                                                                                                                    <customfield id="customfield_12310420" key="com.pyxis.greenhopper.jira:gh-global-rank">
                        <customfieldname>Global Rank</customfieldname>
                        <customfieldvalues>
                            <customfieldvalue>163340</customfieldvalue>
                        </customfieldvalues>
                    </customfield>
                                                                <customfield id="customfield_12310920" key="com.pyxis.greenhopper.jira:gh-global-rank">
                        <customfieldname>Rank</customfieldname>
                        <customfieldvalues>
                            <customfieldvalue>205221</customfieldvalue>
                        </customfieldvalues>
                    </customfield>
                                                                                                                        <customfield id="customfield_12310222" key="com.atlassian.jira.ext.charting:timeinstatus">
                        <customfieldname>Time in Status</customfieldname>
                        <customfieldvalues>
                            
                        </customfieldvalues>
                    </customfield>
                                    </customfields>
    </item>

<item>
            <title>[PDFBOX-575] NullPointerException when rendering Separation color space</title>
                <link>https://issues.apache.org/jira/browse/PDFBOX-575</link>
                <project id="12310760" key="PDFBOX">PDFBox</project>
                    <description>&lt;p&gt;java.lang.NullPointerException&lt;br/&gt;
	at org.apache.pdfbox.util.operator.SetNonStrokingSeparation.process(SetNonStrokingSeparation.java:64)&lt;br/&gt;
	at org.apache.pdfbox.util.operator.SetNonStrokingColor.process(SetNonStrokingColor.java:87)&lt;br/&gt;
	at org.apache.pdfbox.util.PDFStreamEngine.processOperator(PDFStreamEngine.java:522)&lt;br/&gt;
	at org.qsardb.conversion.pdf.DocumentProcessor.processOperator(DocumentProcessor.java:188)&lt;br/&gt;
	at org.apache.pdfbox.util.PDFStreamEngine.processSubStream(PDFStreamEngine.java:229)&lt;br/&gt;
	at org.apache.pdfbox.util.PDFStreamEngine.processStream(PDFStreamEngine.java:188)&lt;br/&gt;
	at org.apache.pdfbox.pdfviewer.PageDrawer.drawPage(PageDrawer.java:99)&lt;/p&gt;</description>
                <environment></environment>
        <key id="12442487">PDFBOX-575</key>
            <summary>NullPointerException when rendering Separation color space</summary>
                <type id="1" iconUrl="https://issues.apache.org/jira/images/icons/issuetypes/bug.png">Bug</type>
                                            <priority id="3" iconUrl="https://issues.apache.org/jira/images/icons/priorities/major.png">Major</priority>
                        <status id="6" iconUrl="https://issues.apache.org/jira/images/icons/statuses/closed.png" description="The issue is considered finished, the resolution is correct. Issues which are closed can be reopened.">Closed</status>
                    <statusCategory id="3" key="done" colorName="green"/>
                                    <resolution id="6">Invalid</resolution>
                                        <assignee username="-1">Unassigned</assignee>
                                    <reporter username="vfed">Villu Ruusmann</reporter>
                        <labels>
                    </labels>
                <created>Fri, 4 Dec 2009 18:17:40 +0000</created>
                <updated>Tue, 9 Feb 2010 12:25:06 +0000</updated>
                            <resolved>Tue, 9 Feb 2010 12:25:06 +0000</resolved>
                                    <version>0.8.0-incubator</version>
                                                    <component>PDModel</component>
                        <due></due>
                            <votes>0</votes>
                                    <watches>0</watches>
                                                                <comments>
                            <comment id="12786974" author="vfed" created="Mon, 7 Dec 2009 16:21:18 +0000"  >&lt;p&gt;After skimming the relevant parts of the PDF specification it seems to me that it&apos;s OK to return a list of maximal output range values.&lt;/p&gt;</comment>
                    </comments>
                <issuelinks>
                            <issuelinktype id="12310000">
                    <name>Duplicate</name>
                                            <outwardlinks description="duplicates">
                                        <issuelink>
            <issuekey id="12435123">PDFBOX-519</issuekey>
        </issuelink>
                            </outwardlinks>
                                                        </issuelinktype>
                    </issuelinks>
                <attachments>
                            <attachment id="12427197" name="PDSeparation.patch" size="2451" author="vfed" created="Mon, 7 Dec 2009 16:21:18 +0000"/>
                            <attachment id="12426930" name="pg_0003.pdf" size="96093" author="vfed" created="Fri, 4 Dec 2009 18:18:48 +0000"/>
                    </attachments>
                <subtasks>
                    </subtasks>
                <customfields>
                                                <customfield id="customfield_12310310" key="com.atlassian.jira.toolkit:attachments">
                        <customfieldname>Attachment count</customfieldname>
                        <customfieldvalues>
                            <customfieldvalue>2.0</customfieldvalue>
                        </customfieldvalues>
                    </customfield>
                                                                                                                                                                                                            <customfield id="customfield_12310420" key="com.pyxis.greenhopper.jira:gh-global-rank">
                        <customfieldname>Global Rank</customfieldname>
                        <customfieldvalues>
                            <customfieldvalue>163341</customfieldvalue>
                        </customfieldvalues>
                    </customfield>
                                                                <customfield id="customfield_12310920" key="com.pyxis.greenhopper.jira:gh-global-rank">
                        <customfieldname>Rank</customfieldname>
                        <customfieldvalues>
                            <customfieldvalue>205941</customfieldvalue>
                        </customfieldvalues>
                    </customfield>
                                                                                                                        <customfield id="customfield_12310222" key="com.atlassian.jira.ext.charting:timeinstatus">
                        <customfieldname>Time in Status</customfieldname>
                        <customfieldvalues>
                            
                        </customfieldvalues>
                    </customfield>
                                    </customfields>
    </item>

<item>
            <title>[PDFBOX-576] Errors in Stream Object Parsing</title>
                <link>https://issues.apache.org/jira/browse/PDFBOX-576</link>
                <project id="12310760" key="PDFBOX">PDFBox</project>
                    <description>&lt;p&gt;The readUntilEndStream method in org.apache.pdfbox.pdfparser.BaseParser doesn&apos;t work properly. The read(byte[]) method doesn&apos;t guarantee that it will fill the buffer, and as long as the buffer hasn&apos;t been filled the value of nextIdx will be wrong. For example, say the call to read returns 5 bytes in the buffer. nextIdx will have value 5, i.e. points to a yet uninitialized byte that will be written to the output stream. Same at the next loop iteration, and in the end the stream will start with 4 null bytes that don&apos;t belong to the original one.&lt;/p&gt;

&lt;p&gt;Also, if the stream is terminated by endobj instead of endstream, the possible bytes that are at the beginning of the buffer and precede endobj won&apos;t be written out. The for loop will stop at the end of the buffer instead of looping back to the beginning of it if necessary (say, if endobj happens to occupy slots 3 to 8 of the buffer).&lt;/p&gt;</description>
                <environment></environment>
        <key id="12442499">PDFBOX-576</key>
            <summary>Errors in Stream Object Parsing</summary>
                <type id="1" iconUrl="https://issues.apache.org/jira/images/icons/issuetypes/bug.png">Bug</type>
                                            <priority id="3" iconUrl="https://issues.apache.org/jira/images/icons/priorities/major.png">Major</priority>
                        <status id="6" iconUrl="https://issues.apache.org/jira/images/icons/statuses/closed.png" description="The issue is considered finished, the resolution is correct. Issues which are closed can be reopened.">Closed</status>
                    <statusCategory id="3" key="done" colorName="green"/>
                                    <resolution id="1">Fixed</resolution>
                                        <assignee username="-1">Unassigned</assignee>
                                    <reporter username="vhennebert">Vincent Hennebert</reporter>
                        <labels>
                    </labels>
                <created>Fri, 4 Dec 2009 19:44:30 +0000</created>
                <updated>Fri, 18 Jun 2010 07:06:04 +0100</updated>
                            <resolved>Fri, 18 Jun 2010 07:06:04 +0100</resolved>
                                    <version>0.8.0-incubator</version>
                    <version>1.0.0</version>
                                    <fixVersion>1.1.0</fixVersion>
                                    <component>Parsing</component>
                        <due></due>
                            <votes>0</votes>
                                    <watches>0</watches>
                                                                <comments>
                            <comment id="12786108" author="vhennebert" created="Fri, 4 Dec 2009 19:45:48 +0000"  >&lt;p&gt;Patch fixing the issue&lt;/p&gt;</comment>
                            <comment id="12880078" author="lehmi" created="Fri, 18 Jun 2010 07:06:04 +0100"  >&lt;p&gt;This issue was already solved with &lt;a href=&quot;https://issues.apache.org/jira/browse/PDFBOX-591&quot; title=&quot;PDFBox performance issue:  BaseParser.readUntilEndStream() rewrite&quot; class=&quot;issue-link&quot; data-issue-key=&quot;PDFBOX-591&quot;&gt;&lt;del&gt;PDFBOX-591&lt;/del&gt;&lt;/a&gt;&lt;/p&gt;

&lt;p&gt;However, thanks to Vincent for the contribution.&lt;/p&gt;</comment>
                    </comments>
                    <attachments>
                            <attachment id="12426951" name="fixStreamParsing.diff" size="3200" author="vhennebert" created="Fri, 4 Dec 2009 19:45:48 +0000"/>
                    </attachments>
                <subtasks>
                    </subtasks>
                <customfields>
                                                <customfield id="customfield_12310310" key="com.atlassian.jira.toolkit:attachments">
                        <customfieldname>Attachment count</customfieldname>
                        <customfieldvalues>
                            <customfieldvalue>1.0</customfieldvalue>
                        </customfieldvalues>
                    </customfield>
                                                                                            <customfield id="customfield_12310220" key="com.atlassian.jira.ext.charting:firstresponsedate">
                        <customfieldname>Date of First Response</customfieldname>
                        <customfieldvalues>
                            <customfieldvalue>Fri, 18 Jun 2010 06:06:04 +0000</customfieldvalue>

                        </customfieldvalues>
                    </customfield>
                                                                                                                                                    <customfield id="customfield_12310420" key="com.pyxis.greenhopper.jira:gh-global-rank">
                        <customfieldname>Global Rank</customfieldname>
                        <customfieldvalues>
                            <customfieldvalue>163342</customfieldvalue>
                        </customfieldvalues>
                    </customfield>
                                                                <customfield id="customfield_12310920" key="com.pyxis.greenhopper.jira:gh-global-rank">
                        <customfieldname>Rank</customfieldname>
                        <customfieldvalues>
                            <customfieldvalue>205602</customfieldvalue>
                        </customfieldvalues>
                    </customfield>
                                                                                                                        <customfield id="customfield_12310222" key="com.atlassian.jira.ext.charting:timeinstatus">
                        <customfieldname>Time in Status</customfieldname>
                        <customfieldvalues>
                            
                        </customfieldvalues>
                    </customfield>
                                    </customfields>
    </item>

<item>
            <title>[PDFBOX-578] NPE NullPointerException in PDPageNode.getCount</title>
                <link>https://issues.apache.org/jira/browse/PDFBOX-578</link>
                <project id="12310760" key="PDFBOX">PDFBox</project>
                    <description>&lt;p&gt;java.lang.NullPointerException&lt;br/&gt;
        at org.apache.pdfbox.pdmodel.PDPageNode.getCount(PDPageNode.java:102)&lt;br/&gt;
        at org.apache.pdfbox.pdmodel.PDDocument.getNumberOfPages(PDDocument.java:925)&lt;br/&gt;
        at us.fed.nmcourt.common.pdfbox.NmdLucenePDFDocument.addContent(NmdLucenePDFDocument.java:558)&lt;br/&gt;
        at us.fed.nmcourt.common.pdfbox.NmdLucenePDFDocument.convertDocument(NmdLucenePDFDocument.java:346)&lt;br/&gt;
        at us.fed.nmcourt.common.pdfbox.NmdLucenePDFDocument.getDocument(NmdLucenePDFDocument.java:444)&lt;br/&gt;
        at us.fed.nmcourt.common.pdfbox.NmdLucenePDFDocument.main(NmdLucenePDFDocument.java:758)&lt;/p&gt;

&lt;p&gt;Attached is an example of pdf that causes this exception.&lt;/p&gt;</description>
                <environment></environment>
        <key id="12442508">PDFBOX-578</key>
            <summary>NPE NullPointerException in PDPageNode.getCount</summary>
                <type id="1" iconUrl="https://issues.apache.org/jira/images/icons/issuetypes/bug.png">Bug</type>
                                            <priority id="3" iconUrl="https://issues.apache.org/jira/images/icons/priorities/major.png">Major</priority>
                        <status id="6" iconUrl="https://issues.apache.org/jira/images/icons/statuses/closed.png" description="The issue is considered finished, the resolution is correct. Issues which are closed can be reopened.">Closed</status>
                    <statusCategory id="3" key="done" colorName="green"/>
                                    <resolution id="1">Fixed</resolution>
                                        <assignee username="adamnichols">Adam Nichols</assignee>
                                    <reporter username="orthello">James Wilson</reporter>
                        <labels>
                    </labels>
                <created>Fri, 4 Dec 2009 21:11:52 +0000</created>
                <updated>Fri, 4 Mar 2011 10:29:17 +0000</updated>
                            <resolved>Mon, 27 Dec 2010 21:16:58 +0000</resolved>
                                    <version>0.8.0-incubator</version>
                                    <fixVersion>1.5.0</fixVersion>
                                        <due></due>
                            <votes>1</votes>
                                    <watches>1</watches>
                                                                <comments>
                            <comment id="12786442" author="lehmi" created="Sat, 5 Dec 2009 16:36:57 +0000"  >&lt;p&gt;If I try to render the pdf using the PDFReader, I get the same error than described in &lt;a href=&quot;https://issues.apache.org/jira/browse/PDFBOX-276&quot; title=&quot;IOException on parsing a PDF file&quot; class=&quot;issue-link&quot; data-issue-key=&quot;PDFBOX-276&quot;&gt;&lt;del&gt;PDFBOX-276&lt;/del&gt;&lt;/a&gt;&lt;/p&gt;</comment>
                            <comment id="12802937" author="rdecampo" created="Wed, 20 Jan 2010 19:05:25 +0000"  >&lt;p&gt;FYI, I get the same error with this file.&lt;/p&gt;</comment>
                            <comment id="12861885" author="lehmi" created="Wed, 28 Apr 2010 19:28:39 +0100"  >&lt;p&gt;Moved attachment from &lt;a href=&quot;https://issues.apache.org/jira/browse/PDFBOX-707&quot; title=&quot;Add the current page and the number of pages to the title&quot; class=&quot;issue-link&quot; data-issue-key=&quot;PDFBOX-707&quot;&gt;&lt;del&gt;PDFBOX-707&lt;/del&gt;&lt;/a&gt;. It triggers the same exception than FormI-9-English.pdf&lt;/p&gt;</comment>
                            <comment id="12861891" author="lehmi" created="Wed, 28 Apr 2010 19:35:05 +0100"  >&lt;p&gt;After solving &lt;a href=&quot;https://issues.apache.org/jira/browse/PDFBOX-278&quot; title=&quot;Refactor some PageDrawer and Operator methods for .NET&quot; class=&quot;issue-link&quot; data-issue-key=&quot;PDFBOX-278&quot;&gt;&lt;del&gt;PDFBOX-278&lt;/del&gt;&lt;/a&gt; 0000462526-0000000000-04cv00399.pdf works like a charm.&lt;/p&gt;</comment>
                            <comment id="12906764" author="valodim" created="Tue, 7 Sep 2010 11:59:32 +0100"  >&lt;p&gt;attached patch for this problem&lt;/p&gt;</comment>
                            <comment id="12906878" author="adamnichols" created="Tue, 7 Sep 2010 18:07:14 +0100"  >&lt;p&gt;Although the patch avoids the NPE, I think it hides the problem (which is that the PDF can&apos;t be parsed because it&apos;s non-conforming).  If we merge file xyz.pdf with SWMC_WarehouseAgreement-V1.pdf and no exception is thrown, we&apos;d naturally expect that the files were merged correctly, however that&apos;s not the case here.  I&apos;d rather see an exception be thrown if there was a critical error like this.  I was hoping that this task would lead to correcting the parser (or whatever it is that&apos;s wrong) so the document could be processed without error.&lt;/p&gt;

&lt;p&gt;I came back to this issue and tried to decompress it using pdftk and I found that could not handle the errors in this PDF either.  If I could get  	SWMC_WarehouseAgreement-V1.pdf in an uncompressed state (and the problem still exists), I could manually trace through the PDF to find out where the issue lies.  But unless someone can figure out some way to decompress it, I think we should consider this one closed.  The other PDF is working, which indicates that the issue was resolved for some PDFs.&lt;/p&gt;</comment>
                            <comment id="12906959" author="valodim" created="Tue, 7 Sep 2010 21:30:32 +0100"  >&lt;p&gt;I mostly didn&apos;t like the NullPointerException being thrown from a place where it isn&apos;t necessary or expected&lt;/p&gt;</comment>
                            <comment id="12965355" author="adamnichols" created="Tue, 30 Nov 2010 19:16:01 +0000"  >&lt;p&gt;Although I don&apos;t like hiding the fact that there were huge parsing problems, in retrospect, I think Vincent is right.  With his patch, along with adding a null check for the &quot;page&quot; variable at the very beginning of getAllKids(List result, COSDictionary page, boolean recurse), it will prevent the NPE.  It will, however, make getAllPages() return null.  If nobody objects, I&apos;m going to put this patch in here to try to gracefully deal with non-conforming PDFs.  I don&apos;t have time to look deep into SWMC_WarehouseAgreement-V1.pdf to get an uncompressed version so I can manually trace through it in a text editor right now, but that&apos;s what should be done to REALLY fix the issue at hand.  But at least this patch would avoid a NPE in the meantime.&lt;/p&gt;</comment>
                            <comment id="12965363" author="adamnichols" created="Tue, 30 Nov 2010 19:30:52 +0000"  >&lt;p&gt;I also found some other NPEs which were caused by poorly constructed PDFs which can also be avoided with null checks.  Again, the best solution is to dig into the specific document and determine what the issue is and how we can update the parser to deal with these cases.  The null checks just avoid unexpected exceptions from within the library.  Does anyone feel strongly that these null checks should (or should not) be added?&lt;/p&gt;</comment>
                            <comment id="12965452" author="martijn_brinkers" created="Tue, 30 Nov 2010 21:53:05 +0000"  >&lt;p&gt;I am able to open the attached PDFs with a build from trunk. The PDF documents are AES encrypted and since &lt;a href=&quot;https://issues.apache.org/jira/browse/PDFBOX-872&quot; title=&quot;ERROR org.apache.pdfbox.filter.FlateFilter  - Stop reading corrupt stream&quot; class=&quot;issue-link&quot; data-issue-key=&quot;PDFBOX-872&quot;&gt;&lt;del&gt;PDFBOX-872&lt;/del&gt;&lt;/a&gt; AES is supported. Are you using a build from trunk?&lt;/p&gt;

&lt;p&gt;That said, I think it&apos;s important to try to try to parse as many documents as possible and graceful handle PDF document errors if possible, especially when forceParsing is enabled. I have added a couple of patches which gracefully handle certain PDF errors found in real life ebooks (see &lt;a href=&quot;https://issues.apache.org/jira/browse/PDFBOX-908&quot; class=&quot;external-link&quot; rel=&quot;nofollow&quot;&gt;https://issues.apache.org/jira/browse/PDFBOX-908&lt;/a&gt;).&lt;/p&gt;</comment>
                            <comment id="12975339" author="adamnichols" created="Mon, 27 Dec 2010 21:16:58 +0000"  >&lt;p&gt;Added a null pointer check to PDPageNode::getAllKids(List result, COSDictionary page, boolean recurse) in revision 1053191.  Confirmed that all three documents could be loaded and calling doc.getDocumentCatalog().getAllPages(); did not result in any errors.&lt;/p&gt;</comment>
                    </comments>
                <issuelinks>
                            <issuelinktype id="10030">
                    <name>Reference</name>
                                                                <inwardlinks description="is related to">
                                        <issuelink>
            <issuekey id="12391310">PDFBOX-276</issuekey>
        </issuelink>
                            </inwardlinks>
                                    </issuelinktype>
                    </issuelinks>
                <attachments>
                            <attachment id="12426966" name="0000462526-0000000000-04cv00399.pdf" size="61370" author="orthello" created="Fri, 4 Dec 2009 21:12:48 +0000"/>
                            <attachment id="12430914" name="FormI-9-English.pdf" size="387855" author="rdecampo" created="Wed, 20 Jan 2010 19:05:25 +0000"/>
                            <attachment id="12443107" name="SWMC_WarehouseAgreement-V1.pdf" size="471189" author="lehmi" created="Wed, 28 Apr 2010 19:28:39 +0100"/>
                            <attachment id="12454004" name="nullcount.patch" size="628" author="valodim" created="Tue, 7 Sep 2010 11:59:32 +0100"/>
                    </attachments>
                <subtasks>
                    </subtasks>
                <customfields>
                                                <customfield id="customfield_12310310" key="com.atlassian.jira.toolkit:attachments">
                        <customfieldname>Attachment count</customfieldname>
                        <customfieldvalues>
                            <customfieldvalue>4.0</customfieldvalue>
                        </customfieldvalues>
                    </customfield>
                                                                                            <customfield id="customfield_12310220" key="com.atlassian.jira.ext.charting:firstresponsedate">
                        <customfieldname>Date of First Response</customfieldname>
                        <customfieldvalues>
                            <customfieldvalue>Sat, 5 Dec 2009 16:36:57 +0000</customfieldvalue>

                        </customfieldvalues>
                    </customfield>
                                                                                                                                                    <customfield id="customfield_12310420" key="com.pyxis.greenhopper.jira:gh-global-rank">
                        <customfieldname>Global Rank</customfieldname>
                        <customfieldvalues>
                            <customfieldvalue>163343</customfieldvalue>
                        </customfieldvalues>
                    </customfield>
                                                                <customfield id="customfield_12310920" key="com.pyxis.greenhopper.jira:gh-global-rank">
                        <customfieldname>Rank</customfieldname>
                        <customfieldvalues>
                            <customfieldvalue>205223</customfieldvalue>
                        </customfieldvalues>
                    </customfield>
                                                                                                                        <customfield id="customfield_12310222" key="com.atlassian.jira.ext.charting:timeinstatus">
                        <customfieldname>Time in Status</customfieldname>
                        <customfieldvalues>
                            
                        </customfieldvalues>
                    </customfield>
                                    </customfields>
    </item>

<item>
            <title>[PDFBOX-579] WrappedIOException Version 1.5 PDF NET compile</title>
                <link>https://issues.apache.org/jira/browse/PDFBOX-579</link>
                <project id="12310760" key="PDFBOX">PDFBox</project>
                    <description>&lt;p&gt;I am trying to extract text from newer versions of PDF files using C# code.  With version 0.7.3 I can successfully extract PDF version 1.4 but it will not work on 1.5.  I downloaded 0.8.0 incubating and ran ExtractText.  It gives warnings on the 1.4 version but still works.  With the 1.5 PDF version it gives&lt;/p&gt;

&lt;p&gt;Exception in thread &quot;main&quot; org.apache.pdfbox.exceptions.WrappedIOException&lt;br/&gt;
	At org.apache.pdfbox.pdfparser.PDFParser.parse(PDFParser.java:237)&lt;br/&gt;
	At org.apache.pdfbox.pdmodel.PDDocument.load(PDDocument.java:861)&lt;br/&gt;
	At org.apache.pdfbox.pdmodel.PDDocument.load(PDDocument.java:825)&lt;br/&gt;
	At org.apache.pdfbox.pdmodel.PDDocument.load(PDDocument.java:750)&lt;br/&gt;
Caused by: java.util.NoSuchElementException&lt;br/&gt;
	At java.util.ArrayList$Itr.next(ArrayList.java:757)&lt;br/&gt;
	At org.apache.pdfbox.pdfparser.PDFXrefStreamParser.parse(PDFXrefStreamParser.java:115)&lt;br/&gt;
	At org.apache.pdfbox..cos.COSDocument.parseXRefStreams(COSDocument.java:538)&lt;br/&gt;
	At org.apache.pdfbox.pdfparser.PDFParser.parse(PDFParser.java:205)&lt;br/&gt;
	... 4 more&lt;/p&gt;

&lt;p&gt;Am I missing something in my setup or do I need to download/create a new NET DLL file.  I have not found explicit instructions on using IKVM to create the NET library so I am a bit leery of attempting that at the moment.&lt;/p&gt;</description>
                <environment>XP Pro, .Net2, laptop dual core 4G Mem</environment>
        <key id="12442627">PDFBOX-579</key>
            <summary>WrappedIOException Version 1.5 PDF NET compile</summary>
                <type id="1" iconUrl="https://issues.apache.org/jira/images/icons/issuetypes/bug.png">Bug</type>
                                            <priority id="4" iconUrl="https://issues.apache.org/jira/images/icons/priorities/minor.png">Minor</priority>
                        <status id="6" iconUrl="https://issues.apache.org/jira/images/icons/statuses/closed.png" description="The issue is considered finished, the resolution is correct. Issues which are closed can be reopened.">Closed</status>
                    <statusCategory id="3" key="done" colorName="green"/>
                                    <resolution id="3">Duplicate</resolution>
                                        <assignee username="lehmi">Andreas Lehmk&#252;hler</assignee>
                                    <reporter username="slink9">Steve Link</reporter>
                        <labels>
                    </labels>
                <created>Mon, 7 Dec 2009 14:27:12 +0000</created>
                <updated>Sat, 9 Jul 2011 18:41:09 +0100</updated>
                            <resolved>Sat, 9 Jul 2011 18:41:09 +0100</resolved>
                                    <version>0.8.0-incubator</version>
                                                    <component>Parsing</component>
                        <due></due>
                            <votes>0</votes>
                                    <watches>0</watches>
                                                                <comments>
                            <comment id="12787785" author="lehmi" created="Tue, 8 Dec 2009 22:32:51 +0000"  >&lt;p&gt;The reported issue should be resolved with &lt;a href=&quot;https://issues.apache.org/jira/browse/PDFBOX-536&quot; title=&quot;missing iterator.hasNext() test in PDFXrefStreamParser&quot; class=&quot;issue-link&quot; data-issue-key=&quot;PDFBOX-536&quot;&gt;&lt;del&gt;PDFBOX-536&lt;/del&gt;&lt;/a&gt;. Daniel build a .NET version &lt;span class=&quot;error&quot;&gt;&amp;#91;1&amp;#93;&lt;/span&gt; which should include that fix.&lt;/p&gt;

&lt;p&gt;&lt;span class=&quot;error&quot;&gt;&amp;#91;1&amp;#93;&lt;/span&gt; &lt;a href=&quot;http://markmail.org/message/bmirsfdh3fua2wxq&quot; class=&quot;external-link&quot; rel=&quot;nofollow&quot;&gt;http://markmail.org/message/bmirsfdh3fua2wxq&lt;/a&gt;&lt;/p&gt;</comment>
                            <comment id="12787844" author="slink9" created="Wed, 9 Dec 2009 01:12:18 +0000"  >&lt;p&gt;Thanks for the reply.  That is the version that I have and the location that it was downloaded from.  I still get the message so I must have a dll version crossed up.  Are the 0.38.0.2 IKVM versions correct for that release?&lt;/p&gt;</comment>
                            <comment id="13062591" author="lehmi" created="Sat, 9 Jul 2011 18:41:09 +0100"  >&lt;p&gt;This issue isn&apos;t a .NET related problem. &lt;/p&gt;

&lt;p&gt;Set to closed as the described error was solved with &lt;a href=&quot;https://issues.apache.org/jira/browse/PDFBOX-536&quot; title=&quot;missing iterator.hasNext() test in PDFXrefStreamParser&quot; class=&quot;issue-link&quot; data-issue-key=&quot;PDFBOX-536&quot;&gt;&lt;del&gt;PDFBOX-536&lt;/del&gt;&lt;/a&gt;.&lt;/p&gt;</comment>
                    </comments>
                    <attachments>
                    </attachments>
                <subtasks>
                    </subtasks>
                <customfields>
                                                <customfield id="customfield_12310310" key="com.atlassian.jira.toolkit:attachments">
                        <customfieldname>Attachment count</customfieldname>
                        <customfieldvalues>
                            <customfieldvalue>0.0</customfieldvalue>
                        </customfieldvalues>
                    </customfield>
                                                                                            <customfield id="customfield_12310220" key="com.atlassian.jira.ext.charting:firstresponsedate">
                        <customfieldname>Date of First Response</customfieldname>
                        <customfieldvalues>
                            <customfieldvalue>Tue, 8 Dec 2009 22:32:51 +0000</customfieldvalue>

                        </customfieldvalues>
                    </customfield>
                                                                                                                                                    <customfield id="customfield_12310420" key="com.pyxis.greenhopper.jira:gh-global-rank">
                        <customfieldname>Global Rank</customfieldname>
                        <customfieldvalues>
                            <customfieldvalue>68657</customfieldvalue>
                        </customfieldvalues>
                    </customfield>
                                                                <customfield id="customfield_12310920" key="com.pyxis.greenhopper.jira:gh-global-rank">
                        <customfieldname>Rank</customfieldname>
                        <customfieldvalues>
                            <customfieldvalue>205904</customfieldvalue>
                        </customfieldvalues>
                    </customfield>
                                                                                                                        <customfield id="customfield_12310222" key="com.atlassian.jira.ext.charting:timeinstatus">
                        <customfieldname>Time in Status</customfieldname>
                        <customfieldvalues>
                            
                        </customfieldvalues>
                    </customfield>
                                    </customfields>
    </item>

<item>
            <title>[PDFBOX-583] TextPosition#getIndividualWidths returns negative values</title>
                <link>https://issues.apache.org/jira/browse/PDFBOX-583</link>
                <project id="12310760" key="PDFBOX">PDFBox</project>
                    <description>&lt;p&gt;I was notified by Peter Costello (peterwcostello at gmail dot com) that there has been a regression in PDFStreamSource, which results in TextPosition returning negative individual character widths. This could happen, because I only tested with TextPosition#getWidth(), but not with TextPosition#getIndividualWidths(). Below is the original message:&lt;/p&gt;

&lt;p&gt;Bug introduced to /pdfbox/trunk/src/main/java/org/apache/pdfbox/util/PDFStreamEngine.java on revision 885904&lt;/p&gt;

&lt;p&gt;Line 422 changed to:&lt;br/&gt;
float widthText = glyphMatrixStDisp.getXPosition() - glyphMatrixEndDisp.getXPosition();&lt;/p&gt;

&lt;p&gt;Polarity of width now negative.  Should be&lt;br/&gt;
float widthText = glyphMatrixEndDisp.getXPosition() - glyphMatrixStDisp.getXPosition();&lt;/p&gt;</description>
                <environment></environment>
        <key id="12443183">PDFBOX-583</key>
            <summary>TextPosition#getIndividualWidths returns negative values</summary>
                <type id="1" iconUrl="https://issues.apache.org/jira/images/icons/issuetypes/bug.png">Bug</type>
                                            <priority id="2" iconUrl="https://issues.apache.org/jira/images/icons/priorities/critical.png">Critical</priority>
                        <status id="6" iconUrl="https://issues.apache.org/jira/images/icons/statuses/closed.png" description="The issue is considered finished, the resolution is correct. Issues which are closed can be reopened.">Closed</status>
                    <statusCategory id="3" key="done" colorName="green"/>
                                    <resolution id="1">Fixed</resolution>
                                        <assignee username="-1">Unassigned</assignee>
                                    <reporter username="vfed">Villu Ruusmann</reporter>
                        <labels>
                    </labels>
                <created>Sat, 12 Dec 2009 16:47:28 +0000</created>
                <updated>Mon, 22 Feb 2010 18:28:05 +0000</updated>
                            <resolved>Fri, 18 Dec 2009 18:53:24 +0000</resolved>
                                    <version>1.0.0</version>
                                    <fixVersion>1.0.0</fixVersion>
                                    <component>Text extraction</component>
                    <component>Utilities</component>
                        <due></due>
                            <votes>0</votes>
                                    <watches>0</watches>
                                                                <comments>
                            <comment id="12792577" author="lehmi" created="Fri, 18 Dec 2009 18:53:24 +0000"  >&lt;p&gt;Sounds reasonable. I&apos;ve added your changes with version 892344.&lt;/p&gt;

&lt;p&gt;Thanks to Villu for the contribution&lt;/p&gt;</comment>
                            <comment id="12836802" author="lehmi" created="Mon, 22 Feb 2010 18:28:05 +0000"  >&lt;p&gt;closed after releasing version 1.0.0&lt;/p&gt;</comment>
                    </comments>
                <issuelinks>
                            <issuelinktype id="10030">
                    <name>Reference</name>
                                                                <inwardlinks description="is related to">
                                        <issuelink>
            <issuekey id="12441838">PDFBOX-571</issuekey>
        </issuelink>
                            </inwardlinks>
                                    </issuelinktype>
                    </issuelinks>
                <attachments>
                    </attachments>
                <subtasks>
                    </subtasks>
                <customfields>
                                                <customfield id="customfield_12310310" key="com.atlassian.jira.toolkit:attachments">
                        <customfieldname>Attachment count</customfieldname>
                        <customfieldvalues>
                            <customfieldvalue>0.0</customfieldvalue>
                        </customfieldvalues>
                    </customfield>
                                                                                            <customfield id="customfield_12310220" key="com.atlassian.jira.ext.charting:firstresponsedate">
                        <customfieldname>Date of First Response</customfieldname>
                        <customfieldvalues>
                            <customfieldvalue>Fri, 18 Dec 2009 18:53:24 +0000</customfieldvalue>

                        </customfieldvalues>
                    </customfield>
                                                                                                                                                    <customfield id="customfield_12310420" key="com.pyxis.greenhopper.jira:gh-global-rank">
                        <customfieldname>Global Rank</customfieldname>
                        <customfieldvalues>
                            <customfieldvalue>163347</customfieldvalue>
                        </customfieldvalues>
                    </customfield>
                                                                <customfield id="customfield_12310920" key="com.pyxis.greenhopper.jira:gh-global-rank">
                        <customfieldname>Rank</customfieldname>
                        <customfieldvalues>
                            <customfieldvalue>204702</customfieldvalue>
                        </customfieldvalues>
                    </customfield>
                                                                                                                        <customfield id="customfield_12310222" key="com.atlassian.jira.ext.charting:timeinstatus">
                        <customfieldname>Time in Status</customfieldname>
                        <customfieldvalues>
                            
                        </customfieldvalues>
                    </customfield>
                                    </customfields>
    </item>

<item>
            <title>[PDFBOX-584] convertToImage seems to invert colors</title>
                <link>https://issues.apache.org/jira/browse/PDFBOX-584</link>
                <project id="12310760" key="PDFBOX">PDFBox</project>
                    <description>&lt;p&gt;The pdfbox support team asked me to post this message on this forum so attachments could be seen&lt;/p&gt;

&lt;p&gt;I have a pdf document that has a white background with black text. It&lt;br/&gt;
appears after I make the call to convertToImage the colors are reversed. A&lt;br/&gt;
black background with white text&lt;/p&gt;

&lt;p&gt;pdDocument = PDDocument.load(new ByteArrayInputStream(aContent));&lt;br/&gt;
List&amp;lt;PDPage&amp;gt; documentPageList = pdDocument.getDocumentCatalog().getAllPages();&lt;br/&gt;
for(int i=0; i&amp;lt;documentPageList.size(); ++i) {&lt;br/&gt;
PDPage aPage = documentPageList.get&lt;img class=&quot;emoticon&quot; src=&quot;https://issues.apache.org/jira/images/icons/emoticons/information.gif&quot; height=&quot;16&quot; width=&quot;16&quot; align=&quot;absmiddle&quot; alt=&quot;&quot; border=&quot;0&quot;/&gt;;&lt;br/&gt;
for (int x=1; x &amp;lt; 14; x++) &lt;/p&gt;
{
BufferedImage tempImage = convertToImage(x, (2 * 72),aPage);
ImageIO.write(tempImage,&quot;jpeg&quot;, new File(&quot;c:\\tmp
page-&quot; + x + &quot;.jpeg&quot;));
}
&lt;p&gt;} &lt;/p&gt;</description>
                <environment>any</environment>
        <key id="12443542">PDFBOX-584</key>
            <summary>convertToImage seems to invert colors</summary>
                <type id="1" iconUrl="https://issues.apache.org/jira/images/icons/issuetypes/bug.png">Bug</type>
                                            <priority id="3" iconUrl="https://issues.apache.org/jira/images/icons/priorities/major.png">Major</priority>
                        <status id="6" iconUrl="https://issues.apache.org/jira/images/icons/statuses/closed.png" description="The issue is considered finished, the resolution is correct. Issues which are closed can be reopened.">Closed</status>
                    <statusCategory id="3" key="done" colorName="green"/>
                                    <resolution id="1">Fixed</resolution>
                                        <assignee username="lehmi">Andreas Lehmk&#252;hler</assignee>
                                    <reporter username="styriver">Scott Tyriver</reporter>
                        <labels>
                    </labels>
                <created>Wed, 16 Dec 2009 15:44:22 +0000</created>
                <updated>Wed, 28 Jul 2010 11:51:54 +0100</updated>
                            <resolved>Sun, 28 Mar 2010 15:33:27 +0100</resolved>
                                    <version>0.8.0-incubator</version>
                                    <fixVersion>1.2.0</fixVersion>
                                    <component>Parsing</component>
                        <due></due>
                            <votes>0</votes>
                                    <watches>0</watches>
                                                                <comments>
                            <comment id="12791415" author="styriver" created="Wed, 16 Dec 2009 15:48:04 +0000"  >&lt;p&gt;Original is the pdf we are attempting to convert&lt;br/&gt;
The page-8.png file is the out from convertToImage call&lt;/p&gt;</comment>
                            <comment id="12791435" author="m.martinez" created="Wed, 16 Dec 2009 16:25:18 +0000"  >&lt;p&gt;I&apos;ve seen this same problem (reversed color tables) in numerous PDF files with JPEG and BMP images.  When I extract the images with the seqence:&lt;/p&gt;

&lt;p&gt;PDPage page = ....&lt;br/&gt;
PDResources resources = page.getResources();&lt;br/&gt;
Map images = resources.getImages();&lt;br/&gt;
...&lt;br/&gt;
PDXObjectImage image = (PDXObjectImage)images.get(key);&lt;/p&gt;

&lt;p&gt;writing out the image from this object results in an image with the colors inverted, as if looking at a color negative.&lt;/p&gt;

&lt;p&gt;Interestingly, they generally are correct for straight black &amp;amp; white images.&lt;/p&gt;

&lt;p&gt;I&apos;ve tried various sequences for extracting the image from the PDXObjectImage object, but the result is always the same.&lt;/p&gt;

&lt;p&gt;This is with 0.8.0 incubator.  &lt;/p&gt;</comment>
                            <comment id="12850679" author="lehmi" created="Sun, 28 Mar 2010 15:33:27 +0100"  >&lt;p&gt;With version 928408 the colors aren&apos;t inverted anymore, see attached image.&lt;/p&gt;</comment>
                            <comment id="12893134" author="gaurav.jain3@cognizant.com" created="Wed, 28 Jul 2010 11:51:48 +0100"  >&lt;p&gt;Same problem exists. I&apos;m still getting image in which color is&lt;br/&gt;
different. Just like seeing a negative. &lt;/p&gt;
</comment>
                    </comments>
                <issuelinks>
                            <issuelinktype id="10020">
                    <name>Cloners</name>
                                                                <inwardlinks description="is a clone of">
                                        <issuelink>
            <issuekey id="12468271">PDFBOX-766</issuekey>
        </issuelink>
            <issuelink>
            <issuekey id="12468272">PDFBOX-767</issuekey>
        </issuelink>
                            </inwardlinks>
                                    </issuelinktype>
                            <issuelinktype id="10030">
                    <name>Reference</name>
                                            <outwardlinks description="relates to">
                                        <issuelink>
            <issuekey id="12459466">PDFBOX-665</issuekey>
        </issuelink>
                            </outwardlinks>
                                                        </issuelinktype>
                    </issuelinks>
                <attachments>
                            <attachment id="12440010" name="PDFBOX584-original1.png" size="119000" author="lehmi" created="Sun, 28 Mar 2010 15:32:01 +0100"/>
                            <attachment id="12428175" name="original.pdf" size="22568" author="styriver" created="Wed, 16 Dec 2009 15:48:04 +0000"/>
                            <attachment id="12428176" name="page-8.png" size="35934" author="styriver" created="Wed, 16 Dec 2009 15:48:04 +0000"/>
                    </attachments>
                <subtasks>
                    </subtasks>
                <customfields>
                                                <customfield id="customfield_12310310" key="com.atlassian.jira.toolkit:attachments">
                        <customfieldname>Attachment count</customfieldname>
                        <customfieldvalues>
                            <customfieldvalue>3.0</customfieldvalue>
                        </customfieldvalues>
                    </customfield>
                                                                                            <customfield id="customfield_12310220" key="com.atlassian.jira.ext.charting:firstresponsedate">
                        <customfieldname>Date of First Response</customfieldname>
                        <customfieldvalues>
                            <customfieldvalue>Wed, 16 Dec 2009 16:25:18 +0000</customfieldvalue>

                        </customfieldvalues>
                    </customfield>
                                                                                                                                                    <customfield id="customfield_12310420" key="com.pyxis.greenhopper.jira:gh-global-rank">
                        <customfieldname>Global Rank</customfieldname>
                        <customfieldvalues>
                            <customfieldvalue>163348</customfieldvalue>
                        </customfieldvalues>
                    </customfield>
                                                                <customfield id="customfield_12310920" key="com.pyxis.greenhopper.jira:gh-global-rank">
                        <customfieldname>Rank</customfieldname>
                        <customfieldvalues>
                            <customfieldvalue>205547</customfieldvalue>
                        </customfieldvalues>
                    </customfield>
                                                                                                                        <customfield id="customfield_12310222" key="com.atlassian.jira.ext.charting:timeinstatus">
                        <customfieldname>Time in Status</customfieldname>
                        <customfieldvalues>
                            
                        </customfieldvalues>
                    </customfield>
                                    </customfields>
    </item>

<item>
            <title>[PDFBOX-585] PrintImageLocations example calculates wrong image width/height</title>
                <link>https://issues.apache.org/jira/browse/PDFBOX-585</link>
                <project id="12310760" key="PDFBOX">PDFBox</project>
                    <description>&lt;p&gt;As described in &lt;span class=&quot;error&quot;&gt;&amp;#91;1&amp;#93;&lt;/span&gt; the code for calculating the image position and width/height should be updated similar to the code in &lt;span class=&quot;error&quot;&gt;&amp;#91;2&amp;#93;&lt;/span&gt;.&lt;/p&gt;


&lt;p&gt;&lt;span class=&quot;error&quot;&gt;&amp;#91;1&amp;#93;&lt;/span&gt; &lt;a href=&quot;http://markmail.org/thread/hzti74yt45vz326r&quot; class=&quot;external-link&quot; rel=&quot;nofollow&quot;&gt;http://markmail.org/thread/hzti74yt45vz326r&lt;/a&gt;&lt;br/&gt;
&lt;span class=&quot;error&quot;&gt;&amp;#91;2&amp;#93;&lt;/span&gt; &lt;a href=&quot;http://svn.apache.org/repos/asf/pdfbox/trunk/src/main/java/org/apache/pdfbox/util/operator/pagedrawer/Invoke.java&quot; class=&quot;external-link&quot; rel=&quot;nofollow&quot;&gt;http://svn.apache.org/repos/asf/pdfbox/trunk/src/main/java/org/apache/pdfbox/util/operator/pagedrawer/Invoke.java&lt;/a&gt; &lt;/p&gt;</description>
                <environment></environment>
        <key id="12443648">PDFBOX-585</key>
            <summary>PrintImageLocations example calculates wrong image width/height</summary>
                <type id="1" iconUrl="https://issues.apache.org/jira/images/icons/issuetypes/bug.png">Bug</type>
                                            <priority id="3" iconUrl="https://issues.apache.org/jira/images/icons/priorities/major.png">Major</priority>
                        <status id="6" iconUrl="https://issues.apache.org/jira/images/icons/statuses/closed.png" description="The issue is considered finished, the resolution is correct. Issues which are closed can be reopened.">Closed</status>
                    <statusCategory id="3" key="done" colorName="green"/>
                                    <resolution id="1">Fixed</resolution>
                                        <assignee username="lehmi">Andreas Lehmk&#252;hler</assignee>
                                    <reporter username="lehmi">Andreas Lehmk&#252;hler</reporter>
                        <labels>
                            <label>PrintImageLocations</label>
                    </labels>
                <created>Thu, 17 Dec 2009 14:27:25 +0000</created>
                <updated>Tue, 29 May 2012 17:21:43 +0100</updated>
                            <resolved>Mon, 26 Dec 2011 16:13:47 +0000</resolved>
                                    <version>0.8.0-incubator</version>
                                    <fixVersion>1.7.0</fixVersion>
                                    <component>Parsing</component>
                    <component>PDModel</component>
                    <component>Utilities</component>
                        <due></due>
                            <votes>1</votes>
                                    <watches>0</watches>
                                                                <comments>
                            <comment id="12876324" author="captain chaos" created="Mon, 7 Jun 2010 18:30:24 +0100"  >&lt;p&gt;The second link doesn&apos;t work anymore, but having hunted down the source for Invoke I must unfortunately admit I don&apos;t understand enough of it to fix PrintImageLocations myself.&lt;/p&gt;

&lt;p&gt;However, using a debugger I determined that in this bit of code from PrintImageLocations:&lt;/p&gt;

&lt;p&gt;                    Matrix unrotatedCTM = ctm.multiply( rotationInverseMatrix );&lt;br/&gt;
                    float xScale = unrotatedCTM.getXScale();&lt;br/&gt;
                    float yScale = unrotatedCTM.getYScale();&lt;/p&gt;

&lt;p&gt;                    System.out.println( &quot;Found image&lt;span class=&quot;error&quot;&gt;&amp;#91;&amp;quot; + objectName.getName() + &amp;quot;&amp;#93;&lt;/span&gt; &quot; +&lt;br/&gt;
                            &quot;at &quot; + unrotatedCTM.getXPosition() + &quot;,&quot; + unrotatedCTM.getYPosition() +&lt;br/&gt;
                            &quot; size=&quot; + (xScale/100f*image.getWidth()) + &quot;,&quot; + (yScale/100f*image.getHeight() ));&lt;/p&gt;

&lt;p&gt;...the values of xScale and yScale appear to be the width and height of the image in PDF units (or points). I don&apos;t know in which units PrintImageLocations is trying to show the size (an unfortunate flaw in most of the PDFBox documentation), but dividing by 100 and multiplying by the image dimensions seems neither here nor there. Dividing by 72 would get you the size in inches, multiplying that by 25.4 would result in the size in mm.&lt;/p&gt;

&lt;p&gt;Is my understanding correct?&lt;/p&gt;</comment>
                            <comment id="13175960" author="lehmi" created="Mon, 26 Dec 2011 16:13:47 +0000"  >&lt;p&gt;I fixed the calculation when fixing &lt;a href=&quot;https://issues.apache.org/jira/browse/PDFBOX-1197&quot; title=&quot;PrintImageLocations does not print information of all images&quot; class=&quot;issue-link&quot; data-issue-key=&quot;PDFBOX-1197&quot;&gt;&lt;del&gt;PDFBOX-1197&lt;/del&gt;&lt;/a&gt;.&lt;/p&gt;
</comment>
                    </comments>
                    <attachments>
                    </attachments>
                <subtasks>
                    </subtasks>
                <customfields>
                                                <customfield id="customfield_12310310" key="com.atlassian.jira.toolkit:attachments">
                        <customfieldname>Attachment count</customfieldname>
                        <customfieldvalues>
                            <customfieldvalue>0.0</customfieldvalue>
                        </customfieldvalues>
                    </customfield>
                                                                                            <customfield id="customfield_12310220" key="com.atlassian.jira.ext.charting:firstresponsedate">
                        <customfieldname>Date of First Response</customfieldname>
                        <customfieldvalues>
                            <customfieldvalue>Mon, 7 Jun 2010 17:30:24 +0000</customfieldvalue>

                        </customfieldvalues>
                    </customfield>
                                                                                                                                                    <customfield id="customfield_12310420" key="com.pyxis.greenhopper.jira:gh-global-rank">
                        <customfieldname>Global Rank</customfieldname>
                        <customfieldvalues>
                            <customfieldvalue>84964</customfieldvalue>
                        </customfieldvalues>
                    </customfield>
                                                                <customfield id="customfield_12310920" key="com.pyxis.greenhopper.jira:gh-global-rank">
                        <customfieldname>Rank</customfieldname>
                        <customfieldvalues>
                            <customfieldvalue>205357</customfieldvalue>
                        </customfieldvalues>
                    </customfield>
                                                                                                                        <customfield id="customfield_12310222" key="com.atlassian.jira.ext.charting:timeinstatus">
                        <customfieldname>Time in Status</customfieldname>
                        <customfieldvalues>
                            
                        </customfieldvalues>
                    </customfield>
                                    </customfields>
    </item>

<item>
            <title>[PDFBOX-587] build script should support building without an internet connection</title>
                <link>https://issues.apache.org/jira/browse/PDFBOX-587</link>
                <project id="12310760" key="PDFBOX">PDFBox</project>
                    <description>&lt;p&gt;The build scripts for PDFBox currently depend on having an internet connection in order to build.  This should be fixed so that the distribution can be built in cases where no internet connectivity is available.&lt;/p&gt;

&lt;p&gt;The purpose of the connectivity is to download various dependencies.  For the most part that is fine.  The scripts check for the existence of needed files and if not found retrieve them.&lt;/p&gt;

&lt;p&gt;So for most cases, simply manually pre-populating the /externals, /download and /tools folders with the needed files works just fine.&lt;/p&gt;

&lt;p&gt;The one place where the script still breaks is the dependency on the glyphlist.txt file which it looks for in the /target/classes/Resources folder.   Since the initial &apos;clean&apos; target at the start of the &apos;dist&apos; build wipes out the &apos;target&apos; folder, then that dependency never &apos;exists&apos; and the build script will ALWAYS try to download that file and fail if there is no internet connection.&lt;/p&gt;

&lt;p&gt;The solution is fairly simple:  That file should be downloaded first to the /downloads directory and then copied to the /target/classes/Resources directory.   That allows you to manually seed the file into the /downloads directory and build without a connection.&lt;/p&gt;

&lt;p&gt;Fixing this in the build.xml script is very straightforward:&lt;/p&gt;

&lt;p&gt;line 115 should change &lt;br/&gt;
from:      &amp;lt;property name=&quot;adobefiles.glyph.txt&quot; value=&quot;$&lt;/p&gt;
{dest.dir}/Resources/glyphlist.txt&quot;/&amp;gt;&lt;br/&gt;
to:            &amp;lt;property name=&quot;adobefiles.glyph.txt&quot; value=&quot;${download.dir}/glyphlist.txt&quot;/&amp;gt;&lt;br/&gt;
&lt;br/&gt;
line 193 should have the following line inserted&lt;br/&gt;
    	  &amp;lt;copy todir=&quot;${dest.dir}
&lt;p&gt;/Resources/&quot; file=&quot;$&lt;/p&gt;
{adobefiles.glyph.txt}
&lt;p&gt;&quot; overwrite=&quot;true&quot;/&amp;gt;&lt;/p&gt;

&lt;p&gt;That&apos;s it!&lt;/p&gt;

&lt;p&gt;To really do this nicely, it would be nice if all the downloads were first placed into /downloads and then copied to /externals, /tools, etc. , and that all such downloaded files were concisely documented or at least listed out in one place in the script so that one could know what to go retrieve manually.&lt;/p&gt;

&lt;p&gt;But just the above fix would be a major improvement.&lt;/p&gt;

&lt;p&gt;I know we are moving PDFBox to a Maven build, but unfortunately I still need to be able to build within a fairly restrictive environment.&lt;/p&gt;

&lt;p&gt;Thanks.&lt;/p&gt;</description>
                <environment>development</environment>
        <key id="12444337">PDFBOX-587</key>
            <summary>build script should support building without an internet connection</summary>
                <type id="1" iconUrl="https://issues.apache.org/jira/images/icons/issuetypes/bug.png">Bug</type>
                                            <priority id="3" iconUrl="https://issues.apache.org/jira/images/icons/priorities/major.png">Major</priority>
                        <status id="5" iconUrl="https://issues.apache.org/jira/images/icons/statuses/resolved.png" description="A resolution has been taken, and it is awaiting verification by reporter. From here issues are either reopened, or are closed.">Resolved</status>
                    <statusCategory id="3" key="done" colorName="green"/>
                                    <resolution id="1">Fixed</resolution>
                                        <assignee username="-1">Unassigned</assignee>
                                    <reporter username="m.martinez">Mel Martinez</reporter>
                        <labels>
                    </labels>
                <created>Tue, 29 Dec 2009 22:25:50 +0000</created>
                <updated>Thu, 6 Feb 2014 21:17:36 +0000</updated>
                            <resolved>Thu, 6 Feb 2014 21:17:36 +0000</resolved>
                                    <version>0.8.0-incubator</version>
                                    <fixVersion>2.0.0</fixVersion>
                                        <due></due>
                            <votes>0</votes>
                                    <watches>2</watches>
                                                                <comments>
                            <comment id="12796012" author="lehmi" created="Sun, 3 Jan 2010 18:52:59 +0000"  >&lt;p&gt;I&apos;ve added the proposed changes with version 895462. Thanks to Mel for his contribution.&lt;/p&gt;

&lt;p&gt;I think we still will have an ant build file, even if we are switching the build to maven. &lt;/p&gt;</comment>
                            <comment id="12796202" author="m.martinez" created="Mon, 4 Jan 2010 14:59:57 +0000"  >&lt;p&gt;Thanks Andreas.&lt;/p&gt;

&lt;p&gt;In order to maintain the Ant build.xml viability, two other changes need to be made:&lt;/p&gt;

&lt;p&gt;1) the version stamp should be updated to &quot;1.0.0&quot;&lt;/p&gt;

&lt;p&gt;2) the BouncyCastle jars that are used need to be changed to the ones for JDK 1.5 or 1.6.  The build.xml currently has those hard-coded to specify the JDK 1.4 versions.&lt;/p&gt;

&lt;p&gt;My project is currently using JDK 1.6 so I have tweaked it to use bcprov-jdk16-144.jar and bcmail-jdk16-144.jar.   Is PDFBox &quot;officially&quot; being built with JDK 5 or JDK 6?&lt;/p&gt;

&lt;p&gt;Perhaps a more dynamic bit of logic in the script might be called for there to use the appropriate ones based on the javac version.&lt;/p&gt;</comment>
                            <comment id="12796293" author="m.martinez" created="Mon, 4 Jan 2010 19:18:50 +0000"  >&lt;p&gt;Andreas,&lt;/p&gt;

&lt;p&gt;You didn&apos;t quite get the first line (115) correct.  You changed $&lt;/p&gt;
{dest.dir} --&amp;gt; ${download.dir} but you left &apos;Resources&apos; in the path.&lt;br/&gt;
&lt;br/&gt;
I.E. you left it as &lt;br/&gt;
&lt;br/&gt;
&amp;lt;property name=&quot;adobefiles.glyph.text&quot; value = &quot;${download.dir}/Resources/glyphlist.txt&quot;/&amp;gt;&lt;br/&gt;
&lt;br/&gt;
That can work, but conceptually it is a bit inelegant.  There are other things placed into &apos;${dest.dir}
&lt;p&gt;/Resources/&apos; that are not downloaded.   It would be slightly more elegant to NOT create a &apos;Resources&apos; directory in the download staging directory.   Files should be dropped or downloaded to the &apos;download&apos; directory and THEN moved to their proper places in the project tree.  We should not reproduce part of the tree within the download directory.&lt;/p&gt;

&lt;p&gt;I.E. - I recommend we use &lt;/p&gt;

&lt;p&gt;&amp;lt;property name=&quot;adobefiles.glyph.txt&quot; value=&quot;$&lt;/p&gt;
{download.dir}
&lt;p&gt;/glyphlist.txt&quot;/&amp;gt; &lt;/p&gt;

&lt;p&gt;for line 115.&lt;/p&gt;</comment>
                            <comment id="12796565" author="lehmi" created="Tue, 5 Jan 2010 07:02:59 +0000"  >&lt;p&gt;I fixed my copy&amp;amp;paste fault with version 895921. &lt;/p&gt;

&lt;p&gt;@Mel: Thanks for the hint.&lt;/p&gt;</comment>
                            <comment id="12797317" author="lehmi" created="Wed, 6 Jan 2010 21:26:20 +0000"  >&lt;p&gt;PDFBox &quot;officially&quot; uses Java5 features, so that JDK5 is a minimum requirement. &lt;/p&gt;

&lt;p&gt;With version 896671 I&apos;ve updated the jempbox (&lt;del&gt;&amp;gt; 1.0.0) and the bouncycastle (&lt;/del&gt;&amp;gt; jdk15-1.44) jars in the build.xml and the pom.xml. Additionally I&apos;ve bumped the pdfbox version to 1.0.&lt;/p&gt;</comment>
                            <comment id="13711331" author="lehmi" created="Wed, 17 Jul 2013 18:37:26 +0100"  >&lt;p&gt;&lt;a href=&quot;https://issues.apache.org/jira/browse/PDFBOX-1665&quot; title=&quot;Replace external glyphlist.txt with our onw implementation&quot; class=&quot;issue-link&quot; data-issue-key=&quot;PDFBOX-1665&quot;&gt;&lt;del&gt;PDFBOX-1665&lt;/del&gt;&lt;/a&gt; removes the external dependencies for the glyphlist. Maybe we&apos;ll find a way to avoid downloading the afm files the last remaining external dependency&lt;/p&gt;</comment>
                            <comment id="13893817" author="jahewson" created="Thu, 6 Feb 2014 21:17:36 +0000"  >&lt;p&gt;AFM files no longer have to be downloaded as of &lt;a href=&quot;https://issues.apache.org/jira/browse/PDFBOX-1854&quot; title=&quot;Include AFM files for Core 14 fonts&quot; class=&quot;issue-link&quot; data-issue-key=&quot;PDFBOX-1854&quot;&gt;&lt;del&gt;PDFBOX-1854&lt;/del&gt;&lt;/a&gt;&lt;/p&gt;</comment>
                    </comments>
                <issuelinks>
                            <issuelinktype id="10030">
                    <name>Reference</name>
                                            <outwardlinks description="relates to">
                                        <issuelink>
            <issuekey id="12689691">PDFBOX-1854</issuekey>
        </issuelink>
                            </outwardlinks>
                                                        </issuelinktype>
                            <issuelinktype id="10001">
                    <name>dependent</name>
                                            <outwardlinks description="depends upon">
                                        <issuelink>
            <issuekey id="12658311">PDFBOX-1665</issuekey>
        </issuelink>
                            </outwardlinks>
                                                        </issuelinktype>
                    </issuelinks>
                <attachments>
                    </attachments>
                <subtasks>
                    </subtasks>
                <customfields>
                                                <customfield id="customfield_12310310" key="com.atlassian.jira.toolkit:attachments">
                        <customfieldname>Attachment count</customfieldname>
                        <customfieldvalues>
                            <customfieldvalue>0.0</customfieldvalue>
                        </customfieldvalues>
                    </customfield>
                                                                                            <customfield id="customfield_12310220" key="com.atlassian.jira.ext.charting:firstresponsedate">
                        <customfieldname>Date of First Response</customfieldname>
                        <customfieldvalues>
                            <customfieldvalue>Sun, 3 Jan 2010 18:52:59 +0000</customfieldvalue>

                        </customfieldvalues>
                    </customfield>
                                                                                                                                                    <customfield id="customfield_12310420" key="com.pyxis.greenhopper.jira:gh-global-rank">
                        <customfieldname>Global Rank</customfieldname>
                        <customfieldvalues>
                            <customfieldvalue>84966</customfieldvalue>
                        </customfieldvalues>
                    </customfield>
                                                                <customfield id="customfield_12310920" key="com.pyxis.greenhopper.jira:gh-global-rank">
                        <customfieldname>Rank</customfieldname>
                        <customfieldvalues>
                            <customfieldvalue>236290</customfieldvalue>
                        </customfieldvalues>
                    </customfield>
                                                                                                                        <customfield id="customfield_12310222" key="com.atlassian.jira.ext.charting:timeinstatus">
                        <customfieldname>Time in Status</customfieldname>
                        <customfieldvalues>
                            
                        </customfieldvalues>
                    </customfield>
                                    </customfields>
    </item>
</channel>
</rss>
