<!--
RSS generated by JIRA (6.2#6252-sha1:aa343257d4ce030d9cb8c531be520be9fac1c996) at Tue Jun 03 18:01:48 UTC 2014

It is possible to restrict the fields that are returned in this document by specifying the 'field' parameter in your request.
For example, to request only the issue key and summary add field=key&field=summary to the URL of your request.
For example:
https://issues.apache.org/jira/sr/jira.issueviews:searchrequest-xml/temp/SearchRequest.xml?jqlQuery=project+%3D+PDFBOX+AND+issuetype+%3D+Bug+AND+created+%3E%3D+2008-10-1+AND+created+%3C%3D+2008-11-1+ORDER+BY+key+ASC&tempMax=100&field=key&field=summary
-->
<!-- If you wish to do custom client-side styling of RSS, uncomment this:
<?xml-stylesheet href="https://issues.apache.org/jira/styles/jiraxml2html.xsl" type="text/xsl"?>
-->
<rss version="0.92">
    <channel>
        <title>ASF JIRA</title>
        <link>https://issues.apache.org/jira/secure/IssueNavigator.jspa?reset=true&amp;jqlQuery=project+%3D+PDFBOX+AND+issuetype+%3D+Bug+AND+created+%3E%3D+2008-10-1+AND+created+%3C%3D+2008-11-1+ORDER+BY+key+ASC</link>
        <description>An XML representation of a search request</description>
                <language>en-uk</language>
                        <issue start="0" end="1" total="1"/>
                <build-info>
            <version>6.2</version>
            <build-number>6252</build-number>
            <build-date>19-02-2014</build-date>
        </build-info>
<item>
            <title>[PDFBOX-382] PDDocument apparently unclosed even after calling close()</title>
                <link>https://issues.apache.org/jira/browse/PDFBOX-382</link>
                <project id="12310760" key="PDFBOX">PDFBox</project>
                    <description>&lt;p&gt;I can open a PDDocument, extract information from it, and then close it.  However if I then open another PDDocument, I get an exception &apos;You did not close the PDF Document&apos;.  Looking at the relevant code in incubator svn, nothing stands out as being obviously wrong.&lt;/p&gt;

&lt;p&gt;To reproduce:&lt;/p&gt;

&lt;p&gt;% cat PDFBoxBugReduction.java &lt;br/&gt;
import org.pdfbox.pdmodel.PDDocument;&lt;br/&gt;
import org.pdfbox.pdmodel.PDDocumentInformation;&lt;/p&gt;

&lt;p&gt;public class PDFBoxBugReduction {&lt;br/&gt;
    public static void main(String[] args) {&lt;br/&gt;
        for (String s : args) &lt;/p&gt;
{
            PDFBoxBugReduction fi = new PDFBoxBugReduction(s);
            System.err.println(&quot;File &quot; + s);
        }
&lt;p&gt;    }&lt;/p&gt;


&lt;p&gt;    public PDFBoxBugReduction(String filename) {&lt;br/&gt;
        PDDocument doc = null;&lt;br/&gt;
        try {&lt;br/&gt;
            try &lt;/p&gt;
{
                doc = new PDDocument().load(filename);
                PDDocumentInformation info = doc.getDocumentInformation();
            }
&lt;p&gt; finally {&lt;br/&gt;
                if (doc != null) &lt;/p&gt;
{
                    System.err.println(&quot;Closing document &quot; + filename + &quot;...&quot;);
                    org.pdfbox.cos.COSDocument cos = doc.getDocument();
                    cos.close();
                    System.err.println(&quot;Closed &quot; + cos);
                    doc.close();
                }

&lt;p&gt;            }&lt;/p&gt;

&lt;p&gt;        } catch (java.io.IOException e) &lt;/p&gt;
{
            System.err.println(&quot;IOException=&quot; + e);
            System.exit(1);
        }
&lt;p&gt;    }&lt;br/&gt;
}&lt;br/&gt;
% java -version              &lt;br/&gt;
java version &quot;1.5.0_16&quot;&lt;br/&gt;
Java(TM) 2 Runtime Environment, Standard Edition (build 1.5.0_16-b06-284)&lt;br/&gt;
Java HotSpot(TM) Client VM (build 1.5.0_16-133, mixed mode, sharing)&lt;br/&gt;
% javac -cp PDFBox-0.7.3.jar PDFBoxBugReduction.java                      &lt;br/&gt;
% java -cp PDFBox-0.7.3.jar:. PDFBoxBugReduction ../part1.pdf ../part2.pdf&lt;br/&gt;
Closing document ../part1.pdf...&lt;br/&gt;
Closed org.pdfbox.cos.COSDocument@2a54f9&lt;br/&gt;
File ../part1.pdf&lt;br/&gt;
java.lang.Throwable: Warning: You did not close the PDF Document&lt;br/&gt;
	at org.pdfbox.cos.COSDocument.finalize(COSDocument.java:418)&lt;br/&gt;
	at java.lang.ref.Finalizer.invokeFinalizeMethod(Native Method)&lt;br/&gt;
	at java.lang.ref.Finalizer.runFinalizer(Finalizer.java:83)&lt;br/&gt;
	at java.lang.ref.Finalizer.access$100(Finalizer.java:14)&lt;br/&gt;
	at java.lang.ref.Finalizer$FinalizerThread.run(Finalizer.java:160)&lt;br/&gt;
Closing document ../part2.pdf...&lt;br/&gt;
Closed org.pdfbox.cos.COSDocument@6672d6&lt;br/&gt;
File ../part2.pdf&lt;br/&gt;
% &lt;/p&gt;

&lt;p&gt;Oddly, replacing&lt;/p&gt;

&lt;p&gt;    doc = new PDDocument().load(filename);&lt;/p&gt;

&lt;p&gt;by&lt;/p&gt;

&lt;p&gt;    doc = new PDDocument();&lt;br/&gt;
    doc.load(filename);&lt;/p&gt;

&lt;p&gt;...makes the problem go away.  Is the wrong thing perhaps being returned by load()?&lt;/p&gt;</description>
                <environment>OS X 10.5.5, Java 1.5.0_16</environment>
        <key id="12405766">PDFBOX-382</key>
            <summary>PDDocument apparently unclosed even after calling close()</summary>
                <type id="1" iconUrl="https://issues.apache.org/jira/images/icons/issuetypes/bug.png">Bug</type>
                                            <priority id="4" iconUrl="https://issues.apache.org/jira/images/icons/priorities/minor.png">Minor</priority>
                        <status id="4" iconUrl="https://issues.apache.org/jira/images/icons/statuses/reopened.png" description="This issue was once resolved, but the resolution was deemed incorrect. From here issues are either marked assigned or resolved.">Reopened</status>
                    <statusCategory id="2" key="new" colorName="blue-gray"/>
                                    <resolution id="-1">Unresolved</resolution>
                                        <assignee username="-1">Unassigned</assignee>
                                    <reporter username="nxg">Norman Gray</reporter>
                        <labels>
                    </labels>
                <created>Sun, 5 Oct 2008 19:12:38 +0100</created>
                <updated>Thu, 30 Apr 2009 12:33:13 +0100</updated>
                                            <version>0.8.0-incubator</version>
                                                    <component>PDModel</component>
                        <due></due>
                            <votes>0</votes>
                                    <watches>1</watches>
                                                                <comments>
                            <comment id="12636926" author="nxg" created="Sun, 5 Oct 2008 19:36:16 +0100"  >&lt;p&gt;Arghhh.  The bug&apos;s invalid.&lt;/p&gt;

&lt;p&gt;load() is a static method on PDDocument, thus in the original version, the &apos;doc&apos; which was being worked on, and closed, was not the thing created by &apos;new PDDocument&apos;&lt;/p&gt;

&lt;p&gt;Oh well....&lt;/p&gt;</comment>
                            <comment id="12636927" author="nxg" created="Sun, 5 Oct 2008 19:37:08 +0100"  >&lt;p&gt;Closed by submitter as invalid&lt;/p&gt;</comment>
                            <comment id="12704099" author="thomas.modeneis" created="Wed, 29 Apr 2009 13:36:51 +0100"  >&lt;p&gt;This bug is not invalid, this bug really exists:&lt;/p&gt;

&lt;p&gt;take a loook at this two methods:&lt;/p&gt;

&lt;p&gt;public static PDDocument loadPdfFromByte(byte [] pdf){&lt;br/&gt;
PDDocument document = null; &lt;br/&gt;
try &lt;/p&gt;
{
document = PDDocument.load(new ByteArrayInputStream(pdf));
}
&lt;p&gt; catch (IOException e) {} &lt;br/&gt;
return document;&lt;br/&gt;
}&lt;/p&gt;

&lt;p&gt;&amp;#8211;&lt;/p&gt;

&lt;p&gt;public static List&amp;lt;PDPage&amp;gt; getAllPages(PDDocument document){&lt;br/&gt;
int numberOfPages = document.getNumberOfPages();&lt;br/&gt;
List&amp;lt;PDPage&amp;gt; paginas = new ArrayList&amp;lt;PDPage&amp;gt;();&lt;br/&gt;
List pages = document.getDocumentCatalog().getAllPages();&lt;br/&gt;
for (int i = 0; i &amp;lt; numberOfPages; i++) &lt;/p&gt;
{
paginas.add((PDPage)pages.get(i));
}
&lt;p&gt;return paginas;&lt;br/&gt;
}&lt;/p&gt;

&lt;p&gt;&amp;#8211;&lt;/p&gt;

&lt;p&gt;so, after i got document reference i will try to use, paginate and add another&#180;s to them...&lt;/p&gt;

&lt;p&gt;PDDocument document = PDFUtils.loadPdfFromByte(pdf); &lt;br/&gt;
List&amp;lt;PDPage&amp;gt; paginas = PDFUtils.getAllPages(document);&lt;br/&gt;
for(PDPage pagina:paginas)&lt;/p&gt;
{
document.addPage(pagina);
}
&lt;p&gt;	&lt;/p&gt;

&lt;p&gt;and after two or tree times that i add pages to docFinal, this exception allways appears on log:&lt;/p&gt;

&lt;p&gt;java.lang.Throwable: Warning: You did not close the PDF Document&lt;br/&gt;
	at org.pdfbox.cos.COSDocument.finalize(COSDocument.java:418)&lt;br/&gt;
	at java.lang.ref.Finalizer.invokeFinalizeMethod(Native Method)&lt;br/&gt;
	at java.lang.ref.Finalizer.runFinalizer(Finalizer.java:83)&lt;br/&gt;
	at java.lang.ref.Finalizer.access$100(Finalizer.java:14)&lt;br/&gt;
	at java.lang.ref.Finalizer$FinalizerThread.run(Finalizer.java:160)&lt;/p&gt;


&lt;p&gt;so,  if i try to close document....and then add pages to ANOTHER document reference....&lt;/p&gt;

&lt;p&gt;like this:&lt;/p&gt;

&lt;p&gt;public void addPagesToDocument(PDDocument docFinal,byte[] pdf){&lt;br/&gt;
PDDocument document = PDFUtils.loadPdfFromByte(pdf); &lt;br/&gt;
List&amp;lt;PDPage&amp;gt; paginas = PDFUtils.getAllPages(document);&lt;br/&gt;
PDFUtils.close(document);&lt;br/&gt;
for(PDPage pagina:paginas)&lt;/p&gt;
{
docFinal.addPage(pagina);
}
&lt;p&gt;	&lt;br/&gt;
}&lt;/p&gt;

&lt;p&gt;then i cant create valid PDF...&lt;/p&gt;

&lt;p&gt;this exception appears to me when i try to save:&lt;/p&gt;

&lt;p&gt;docFinal.save(outputStream);		&lt;/p&gt;

&lt;p&gt;Exception:&lt;/p&gt;

&lt;p&gt;&quot;org.pdfbox.exceptions.COSVisitorException: invalid identifier&quot;&lt;/p&gt;



&lt;p&gt;i dont think this is not a bug.....cause for me, it appears to be like a bug.&lt;/p&gt;


&lt;p&gt;regards,&lt;/p&gt;

&lt;p&gt;Thomas.&lt;/p&gt;</comment>
                            <comment id="12704121" author="nxg" created="Wed, 29 Apr 2009 14:58:35 +0100"  >&lt;p&gt;I&apos;m no longer really working on this topic, so I can&apos;t really comment.  I&apos;ll leave it to you to reopen the bug, if you feel it is after all invalid.  It certainly seems that there is at least something a little odd about the return value of load()&lt;/p&gt;

&lt;p&gt;All the best,&lt;/p&gt;

&lt;p&gt;Norman&lt;/p&gt;</comment>
                            <comment id="12704127" author="thomas.modeneis" created="Wed, 29 Apr 2009 15:16:15 +0100"  >&lt;p&gt;Hey Norman, &lt;/p&gt;

&lt;p&gt;Thanks for your answer...&lt;/p&gt;

&lt;p&gt;So, ive made some simple example to reproduce the bug... and you can execute it on your eclipse to reproduce the reported bug.&lt;/p&gt;

&lt;p&gt;Regards,&lt;/p&gt;

&lt;p&gt;Thomas Modeneis.&lt;/p&gt;
</comment>
                            <comment id="12704135" author="thomas.modeneis" created="Wed, 29 Apr 2009 15:43:20 +0100"  >&lt;p&gt;I cant re-open this issue, cause the re-open button dont appears here.&lt;/p&gt;

&lt;p&gt;Do you want that i make another issue reporting this bug ?&lt;/p&gt;

&lt;p&gt;Regards,&lt;/p&gt;

&lt;p&gt;Thomas.&lt;/p&gt;</comment>
                            <comment id="12704185" author="nxg" created="Wed, 29 Apr 2009 17:21:53 +0100"  >&lt;p&gt;Reopened following above comments by Thomas Modeneis.&lt;/p&gt;

&lt;p&gt;I notice that the priority is currently &apos;major&apos;; that&apos;s perhaps a trifle strong, and I would make no objection to it being lowered.&lt;/p&gt;</comment>
                            <comment id="12704587" author="lehmi" created="Thu, 30 Apr 2009 12:33:13 +0100"  >&lt;p&gt;Changed priority to minor, affected version to 0.8.0 and deleted fixed version&lt;/p&gt;</comment>
                    </comments>
                    <attachments>
                            <attachment id="12406784" name="ThomasTest.java" size="1393" author="thomas.modeneis" created="Wed, 29 Apr 2009 15:16:15 +0100"/>
                    </attachments>
                <subtasks>
                    </subtasks>
                <customfields>
                                                <customfield id="customfield_12310310" key="com.atlassian.jira.toolkit:attachments">
                        <customfieldname>Attachment count</customfieldname>
                        <customfieldvalues>
                            <customfieldvalue>1.0</customfieldvalue>
                        </customfieldvalues>
                    </customfield>
                                                                                            <customfield id="customfield_12310220" key="com.atlassian.jira.ext.charting:firstresponsedate">
                        <customfieldname>Date of First Response</customfieldname>
                        <customfieldvalues>
                            <customfieldvalue>Wed, 29 Apr 2009 12:36:51 +0000</customfieldvalue>

                        </customfieldvalues>
                    </customfield>
                                                                                                                                                    <customfield id="customfield_12310420" key="com.pyxis.greenhopper.jira:gh-global-rank">
                        <customfieldname>Global Rank</customfieldname>
                        <customfieldvalues>
                            <customfieldvalue>163203</customfieldvalue>
                        </customfieldvalues>
                    </customfield>
                                                                <customfield id="customfield_12310920" key="com.pyxis.greenhopper.jira:gh-global-rank">
                        <customfieldname>Rank</customfieldname>
                        <customfieldvalues>
                            <customfieldvalue>289309</customfieldvalue>
                        </customfieldvalues>
                    </customfield>
                                                                                                                        </customfields>
    </item>
</channel>
</rss>
