<!--
RSS generated by JIRA (6.2#6252-sha1:aa343257d4ce030d9cb8c531be520be9fac1c996) at Tue Jun 03 18:01:24 UTC 2014

It is possible to restrict the fields that are returned in this document by specifying the 'field' parameter in your request.
For example, to request only the issue key and summary add field=key&field=summary to the URL of your request.
For example:
https://issues.apache.org/jira/sr/jira.issueviews:searchrequest-xml/temp/SearchRequest.xml?jqlQuery=project+%3D+PDFBOX+AND+issuetype+%3D+Bug+AND+created+%3E%3D+2008-5-1+AND+created+%3C%3D+2008-6-1+ORDER+BY+key+ASC&tempMax=100&field=key&field=summary
-->
<!-- If you wish to do custom client-side styling of RSS, uncomment this:
<?xml-stylesheet href="https://issues.apache.org/jira/styles/jiraxml2html.xsl" type="text/xsl"?>
-->
<rss version="0.92">
    <channel>
        <title>ASF JIRA</title>
        <link>https://issues.apache.org/jira/secure/IssueNavigator.jspa?reset=true&amp;jqlQuery=project+%3D+PDFBOX+AND+issuetype+%3D+Bug+AND+created+%3E%3D+2008-5-1+AND+created+%3C%3D+2008-6-1+ORDER+BY+key+ASC</link>
        <description>An XML representation of a search request</description>
                <language>en-uk</language>
                        <issue start="0" end="1" total="1"/>
                <build-info>
            <version>6.2</version>
            <build-number>6252</build-number>
            <build-date>19-02-2014</build-date>
        </build-info>
<item>
            <title>[PDFBOX-344] PushbackInputStream returns partial strings</title>
                <link>https://issues.apache.org/jira/browse/PDFBOX-344</link>
                <project id="12310760" key="PDFBOX">PDFBox</project>
                    <description>&lt;p&gt;When org.pdfbox.pdfparser.BaseParser.parseDirObject() checks to see if it&apos;s reading the string &quot;false&quot; from pdfSource, that check can fail if there&apos;s a pause in the underlying read of the PDF file. org.pdfbox.io.PushBackInputStream extends java.io.PushBackInputStream. java.io.PushBackInputStream.read(byte[] b, int off, int len) will return a string like &quot;fals&quot; instead of &quot;false&quot; if there&apos;s a pause in the read of the pdf file being processed. (The PDF file that caused this problem can&apos;t be shared because it contains customer data.) &lt;/p&gt;

&lt;p&gt;The solution is to try the read again to read again until either enough bytes have been read or an EOF has been reached, in which case the read files should be returned. Adding the function override, below, to org.pdfbox.io.PushBackInputStream fixes the problem.&lt;/p&gt;

&lt;p&gt;I rated this bug Major because, though it&apos;s a show stopper when it happens, I suspect it&apos;s quite rare. But, in a production system, it matters.&lt;/p&gt;

&lt;p&gt;-------------------------------------&lt;/p&gt;

&lt;p&gt;    /**&lt;/p&gt;
&lt;ul&gt;
	&lt;li&gt;Reads up to &amp;lt;code&amp;gt;len&amp;lt;/code&amp;gt; bytes of data from this input stream into&lt;/li&gt;
	&lt;li&gt;an array of bytes.  This method first reads any pushed-back bytes; after&lt;/li&gt;
	&lt;li&gt;that, if fewer than &amp;lt;code&amp;gt;len&amp;lt;/code&amp;gt; bytes have been read then it&lt;/li&gt;
	&lt;li&gt;reads from the underlying input stream.  This method blocks until the&lt;/li&gt;
	&lt;li&gt;requested number of bytes have been read, or until the end of the stream&lt;/li&gt;
	&lt;li&gt;has been reached in which case it returns the number of bytes actually&lt;/li&gt;
	&lt;li&gt;read, or -1 if zero bytes were read.&lt;/li&gt;
	&lt;li&gt;&lt;/li&gt;
	&lt;li&gt;This overridden function enables &amp;lt;tt&amp;gt;org.pdfbox.pdfparser.BaseParser&amp;lt;/tt&amp;gt;&lt;/li&gt;
	&lt;li&gt;to be assured that it has the entire string it&apos;s checking for (typically&lt;/li&gt;
	&lt;li&gt;&quot;true&quot; or &quot;false&quot; instead of returning a part of the string due to a&lt;/li&gt;
	&lt;li&gt;pause in the underlying stream read.&lt;br/&gt;
     *&lt;/li&gt;
	&lt;li&gt;@param      b     the buffer into which the data is read.&lt;/li&gt;
	&lt;li&gt;@param      off   the start offset of the data.&lt;/li&gt;
	&lt;li&gt;@param      len   the maximum number of bytes read.&lt;/li&gt;
	&lt;li&gt;@return     the total number of bytes read into the buffer, or&lt;/li&gt;
	&lt;li&gt;&amp;lt;code&amp;gt;-1&amp;lt;/code&amp;gt; if there is no more data because the end of&lt;/li&gt;
	&lt;li&gt;the stream has been reached.&lt;/li&gt;
	&lt;li&gt;@exception  IOException  if an I/O error occurs.&lt;/li&gt;
	&lt;li&gt;@see        java.io.PushbackInputStream#read(byte[], int, int)&lt;br/&gt;
     */&lt;br/&gt;
    public int read(byte[] b, int off, int len) throws IOException {&lt;br/&gt;
        int bytesRead = super.read(b, off, len);&lt;/li&gt;
&lt;/ul&gt;


&lt;p&gt;        /* if we received the expected number of bytes, or an EOF, return what we got: */&lt;br/&gt;
        if ((bytesRead == len) || (bytesRead == -1))&lt;/p&gt;
{
            return bytesRead;
        }

&lt;p&gt;        int byteRead = 0;&lt;br/&gt;
        while (bytesRead &amp;lt; len){&lt;br/&gt;
            /* if we&apos;re missing some bytes, read them one at a time&lt;br/&gt;
                until we have the required number or an EOF is read. */&lt;br/&gt;
            byteRead = super.read();&lt;br/&gt;
            if (byteRead == -1)&lt;/p&gt;
{
                /* If it&apos;s an EOF, return what we got and report the EOF
                    on the next read: */
                return bytesRead;
            }
&lt;p&gt;            /* Add the byte to the array and loop. */&lt;br/&gt;
            b&lt;span class=&quot;error&quot;&gt;&amp;#91;bytesRead&amp;#93;&lt;/span&gt; = (byte)byteRead;&lt;br/&gt;
            bytesRead++;&lt;br/&gt;
        }&lt;br/&gt;
        /* Report the full read complete: */&lt;br/&gt;
        return bytesRead;&lt;br/&gt;
    }&lt;/p&gt;</description>
                <environment>Mac OS X 10.5</environment>
        <key id="12395678">PDFBOX-344</key>
            <summary>PushbackInputStream returns partial strings</summary>
                <type id="1" iconUrl="https://issues.apache.org/jira/images/icons/issuetypes/bug.png">Bug</type>
                                            <priority id="3" iconUrl="https://issues.apache.org/jira/images/icons/priorities/major.png">Major</priority>
                        <status id="6" iconUrl="https://issues.apache.org/jira/images/icons/statuses/closed.png" description="The issue is considered finished, the resolution is correct. Issues which are closed can be reopened.">Closed</status>
                    <statusCategory id="3" key="done" colorName="green"/>
                                    <resolution id="1">Fixed</resolution>
                                        <assignee username="-1">Unassigned</assignee>
                                    <reporter username="walsh159">John F. Walsh</reporter>
                        <labels>
                    </labels>
                <created>Fri, 9 May 2008 03:55:41 +0100</created>
                <updated>Sat, 5 Dec 2009 16:21:57 +0000</updated>
                            <resolved>Sat, 5 Dec 2009 14:43:14 +0000</resolved>
                                    <version>0.7.3</version>
                                    <fixVersion>0.8.0-incubator</fixVersion>
                                        <due></due>
                            <votes>0</votes>
                                    <watches>0</watches>
                                    <timeoriginalestimate seconds="0">0h</timeoriginalestimate>
                            <timeestimate seconds="0">0h</timeestimate>
                                        <comments>
                            <comment id="12786417" author="lehmi" created="Sat, 5 Dec 2009 14:43:14 +0000"  >&lt;p&gt;This issue is resolved with &lt;a href=&quot;https://issues.apache.org/jira/browse/PDFBOX-462&quot; title=&quot;Problems parsing a PDF&quot; class=&quot;issue-link&quot; data-issue-key=&quot;PDFBOX-462&quot;&gt;&lt;del&gt;PDFBOX-462&lt;/del&gt;&lt;/a&gt;.&lt;/p&gt;</comment>
                    </comments>
                    <attachments>
                    </attachments>
                <subtasks>
                    </subtasks>
                <customfields>
                                                <customfield id="customfield_12310310" key="com.atlassian.jira.toolkit:attachments">
                        <customfieldname>Attachment count</customfieldname>
                        <customfieldvalues>
                            <customfieldvalue>0.0</customfieldvalue>
                        </customfieldvalues>
                    </customfield>
                                                                                            <customfield id="customfield_12310220" key="com.atlassian.jira.ext.charting:firstresponsedate">
                        <customfieldname>Date of First Response</customfieldname>
                        <customfieldvalues>
                            <customfieldvalue>Sat, 5 Dec 2009 14:43:14 +0000</customfieldvalue>

                        </customfieldvalues>
                    </customfield>
                                                                                                                                                    <customfield id="customfield_12310420" key="com.pyxis.greenhopper.jira:gh-global-rank">
                        <customfieldname>Global Rank</customfieldname>
                        <customfieldvalues>
                            <customfieldvalue>163172</customfieldvalue>
                        </customfieldvalues>
                    </customfield>
                                                                <customfield id="customfield_12310920" key="com.pyxis.greenhopper.jira:gh-global-rank">
                        <customfieldname>Rank</customfieldname>
                        <customfieldvalues>
                            <customfieldvalue>204899</customfieldvalue>
                        </customfieldvalues>
                    </customfield>
                                                                                                                        <customfield id="customfield_12310222" key="com.atlassian.jira.ext.charting:timeinstatus">
                        <customfieldname>Time in Status</customfieldname>
                        <customfieldvalues>
                            
                        </customfieldvalues>
                    </customfield>
                                    </customfields>
    </item>
</channel>
</rss>
