<!--
RSS generated by JIRA (6.2#6252-sha1:aa343257d4ce030d9cb8c531be520be9fac1c996) at Tue Jun 03 18:01:34 UTC 2014

It is possible to restrict the fields that are returned in this document by specifying the 'field' parameter in your request.
For example, to request only the issue key and summary add field=key&field=summary to the URL of your request.
For example:
https://issues.apache.org/jira/sr/jira.issueviews:searchrequest-xml/temp/SearchRequest.xml?jqlQuery=project+%3D+PDFBOX+AND+issuetype+%3D+Bug+AND+created+%3E%3D+2008-7-1+AND+created+%3C%3D+2008-8-1+ORDER+BY+key+ASC&tempMax=100&field=key&field=summary
-->
<!-- If you wish to do custom client-side styling of RSS, uncomment this:
<?xml-stylesheet href="https://issues.apache.org/jira/styles/jiraxml2html.xsl" type="text/xsl"?>
-->
<rss version="0.92">
    <channel>
        <title>ASF JIRA</title>
        <link>https://issues.apache.org/jira/secure/IssueNavigator.jspa?reset=true&amp;jqlQuery=project+%3D+PDFBOX+AND+issuetype+%3D+Bug+AND+created+%3E%3D+2008-7-1+AND+created+%3C%3D+2008-8-1+ORDER+BY+key+ASC</link>
        <description>An XML representation of a search request</description>
                <language>en-uk</language>
                        <issue start="0" end="2" total="2"/>
                <build-info>
            <version>6.2</version>
            <build-number>6252</build-number>
            <build-date>19-02-2014</build-date>
        </build-info>
<item>
            <title>[PDFBOX-345] Extracting XFA from LifeCycle-Designer forms</title>
                <link>https://issues.apache.org/jira/browse/PDFBOX-345</link>
                <project id="12310760" key="PDFBOX">PDFBox</project>
                    <description>&lt;p&gt;I use the PDF-Box mainly to manipulate forms which are generated with&lt;br/&gt;
the LifeCycle-Designer of Adobe. The main application of the PDF-Box is&lt;br/&gt;
to extract the XFA-part of a LCD-form and to write it back after manipulation.&lt;/p&gt;

&lt;p&gt;All worked fine until I tried a LCD-form created with the newest LifeCycle-Designer&lt;br/&gt;
(version 8.2 I suppose). With such a form the PDF-Box doesn&apos;t find the XFA and&lt;br/&gt;
produces a Null-Pointer-Exception.&lt;/p&gt;

&lt;p&gt;Is there a solution for this problem?&lt;/p&gt;
</description>
                <environment>Windows Vista, Eclipse, Java, Tomcat</environment>
        <key id="12400798">PDFBOX-345</key>
            <summary>Extracting XFA from LifeCycle-Designer forms</summary>
                <type id="1" iconUrl="https://issues.apache.org/jira/images/icons/issuetypes/bug.png">Bug</type>
                                            <priority id="3" iconUrl="https://issues.apache.org/jira/images/icons/priorities/major.png">Major</priority>
                        <status id="6" iconUrl="https://issues.apache.org/jira/images/icons/statuses/closed.png" description="The issue is considered finished, the resolution is correct. Issues which are closed can be reopened.">Closed</status>
                    <statusCategory id="3" key="done" colorName="green"/>
                                    <resolution id="8">Not a Problem</resolution>
                                        <assignee username="lehmi">Andreas Lehmk&#252;hler</assignee>
                                    <reporter username="josie">Joachim Sieglen</reporter>
                        <labels>
                    </labels>
                <created>Wed, 23 Jul 2008 08:00:19 +0100</created>
                <updated>Sat, 12 Feb 2011 19:07:00 +0000</updated>
                            <resolved>Thu, 2 Dec 2010 22:40:20 +0000</resolved>
                                    <version>0.7.3</version>
                                                    <component>Parsing</component>
                        <due></due>
                            <votes>0</votes>
                                    <watches>0</watches>
                                                                <comments>
                            <comment id="12616041" author="josie" created="Wed, 23 Jul 2008 15:22:06 +0100"  >&lt;p&gt;Forms created by the newest LifeCycle-Designer generally pose problems to parsing:&lt;br/&gt;
it is also not possible to get a pages-dictionary (PDFBox finds the catalog dictionary,&lt;br/&gt;
but not the pages-dictionary addressed in the catalog).&lt;/p&gt;</comment>
                            <comment id="12966319" author="jukkaz" created="Thu, 2 Dec 2010 22:40:20 +0000"  >&lt;p&gt;This looks more like an usage question than a bug in PDFBox.&lt;/p&gt;</comment>
                    </comments>
                    <attachments>
                    </attachments>
                <subtasks>
                    </subtasks>
                <customfields>
                                                <customfield id="customfield_12310310" key="com.atlassian.jira.toolkit:attachments">
                        <customfieldname>Attachment count</customfieldname>
                        <customfieldvalues>
                            <customfieldvalue>0.0</customfieldvalue>
                        </customfieldvalues>
                    </customfield>
                                                                                            <customfield id="customfield_12310220" key="com.atlassian.jira.ext.charting:firstresponsedate">
                        <customfieldname>Date of First Response</customfieldname>
                        <customfieldvalues>
                            <customfieldvalue>Thu, 2 Dec 2010 22:40:20 +0000</customfieldvalue>

                        </customfieldvalues>
                    </customfield>
                                                                                                                                                    <customfield id="customfield_12310420" key="com.pyxis.greenhopper.jira:gh-global-rank">
                        <customfieldname>Global Rank</customfieldname>
                        <customfieldvalues>
                            <customfieldvalue>163173</customfieldvalue>
                        </customfieldvalues>
                    </customfield>
                                                                <customfield id="customfield_12310920" key="com.pyxis.greenhopper.jira:gh-global-rank">
                        <customfieldname>Rank</customfieldname>
                        <customfieldvalues>
                            <customfieldvalue>206017</customfieldvalue>
                        </customfieldvalues>
                    </customfield>
                                                                                                                        <customfield id="customfield_12310222" key="com.atlassian.jira.ext.charting:timeinstatus">
                        <customfieldname>Time in Status</customfieldname>
                        <customfieldvalues>
                            
                        </customfieldvalues>
                    </customfield>
                                    </customfields>
    </item>

<item>
            <title>[PDFBOX-346] Cannot merge or append with PDFMergerUtility in .NET</title>
                <link>https://issues.apache.org/jira/browse/PDFBOX-346</link>
                <project id="12310760" key="PDFBOX">PDFBox</project>
                    <description>&lt;p&gt;Calling the appendDocument or mergeDocuments methods on PDFMergerUtility in .NET results in exception &quot;Object reference not set to an instance of an object.&quot; I can call &quot;addSource&quot; and &quot;setDestinationFileName&quot; without getting an exception. &lt;/p&gt;

&lt;p&gt;I&apos;m using .net 2.0 and 0.7.3 PDFBox build. &lt;/p&gt;

&lt;p&gt;Example: &lt;br/&gt;
org.pdfbox.util.PDFMergerUtility merger = new org.pdfbox.util.PDFMergerUtility(); &lt;br/&gt;
merger.addSource(&quot;C:&lt;br class=&quot;atl-forced-newline&quot; /&gt;file1.pdf&quot;); &lt;br/&gt;
merger.addSource(&quot;C:&lt;br class=&quot;atl-forced-newline&quot; /&gt;file2.pdf&quot;); &lt;br/&gt;
merger.setDestinationFileName(&quot;C:&lt;br class=&quot;atl-forced-newline&quot; /&gt;file3.pdf&quot;); &lt;br/&gt;
merger.mergeDocuments(); // &amp;lt;-- exception thrown here &lt;/p&gt;</description>
                <environment>Windows XP SP2, .NET 2.0 C#</environment>
        <key id="12401158">PDFBOX-346</key>
            <summary>Cannot merge or append with PDFMergerUtility in .NET</summary>
                <type id="1" iconUrl="https://issues.apache.org/jira/images/icons/issuetypes/bug.png">Bug</type>
                                            <priority id="3" iconUrl="https://issues.apache.org/jira/images/icons/priorities/major.png">Major</priority>
                        <status id="6" iconUrl="https://issues.apache.org/jira/images/icons/statuses/closed.png" description="The issue is considered finished, the resolution is correct. Issues which are closed can be reopened.">Closed</status>
                    <statusCategory id="3" key="done" colorName="green"/>
                                    <resolution id="5">Cannot Reproduce</resolution>
                                        <assignee username="lehmi">Andreas Lehmk&#252;hler</assignee>
                                    <reporter username="demhess">Demian Hess</reporter>
                        <labels>
                    </labels>
                <created>Mon, 28 Jul 2008 14:58:35 +0100</created>
                <updated>Fri, 18 May 2012 18:06:31 +0100</updated>
                            <resolved>Fri, 18 May 2012 18:06:31 +0100</resolved>
                                                                    <component>Utilities</component>
                        <due></due>
                            <votes>0</votes>
                                    <watches>1</watches>
                                                                <comments>
                            <comment id="13278970" author="lehmi" created="Fri, 18 May 2012 18:06:31 +0100"  >&lt;p&gt;Sounds like a old and already solved issue.&lt;/p&gt;

&lt;p&gt;Closed&lt;/p&gt;</comment>
                    </comments>
                    <attachments>
                    </attachments>
                <subtasks>
                    </subtasks>
                <customfields>
                                                <customfield id="customfield_12310310" key="com.atlassian.jira.toolkit:attachments">
                        <customfieldname>Attachment count</customfieldname>
                        <customfieldvalues>
                            <customfieldvalue>0.0</customfieldvalue>
                        </customfieldvalues>
                    </customfield>
                                                                                            <customfield id="customfield_12310220" key="com.atlassian.jira.ext.charting:firstresponsedate">
                        <customfieldname>Date of First Response</customfieldname>
                        <customfieldvalues>
                            <customfieldvalue>Fri, 18 May 2012 17:06:31 +0000</customfieldvalue>

                        </customfieldvalues>
                    </customfield>
                                                                                                                                                    <customfield id="customfield_12310420" key="com.pyxis.greenhopper.jira:gh-global-rank">
                        <customfieldname>Global Rank</customfieldname>
                        <customfieldvalues>
                            <customfieldvalue>84926</customfieldvalue>
                        </customfieldvalues>
                    </customfield>
                                                                <customfield id="customfield_12310920" key="com.pyxis.greenhopper.jira:gh-global-rank">
                        <customfieldname>Rank</customfieldname>
                        <customfieldvalues>
                            <customfieldvalue>205987</customfieldvalue>
                        </customfieldvalues>
                    </customfield>
                                                                                                                        <customfield id="customfield_12310222" key="com.atlassian.jira.ext.charting:timeinstatus">
                        <customfieldname>Time in Status</customfieldname>
                        <customfieldvalues>
                            
                        </customfieldvalues>
                    </customfield>
                                    </customfields>
    </item>
</channel>
</rss>
