<!--
RSS generated by JIRA (6.2#6252-sha1:aa343257d4ce030d9cb8c531be520be9fac1c996) at Tue Jun 03 18:04:15 UTC 2014

It is possible to restrict the fields that are returned in this document by specifying the 'field' parameter in your request.
For example, to request only the issue key and summary add field=key&field=summary to the URL of your request.
For example:
https://issues.apache.org/jira/sr/jira.issueviews:searchrequest-xml/temp/SearchRequest.xml?jqlQuery=project+%3D+PDFBOX+AND+issuetype+%3D+Bug+AND+created+%3E%3D+2011-2-1+AND+created+%3C%3D+2011-3-1+ORDER+BY+key+ASC&tempMax=100&field=key&field=summary
-->
<!-- If you wish to do custom client-side styling of RSS, uncomment this:
<?xml-stylesheet href="https://issues.apache.org/jira/styles/jiraxml2html.xsl" type="text/xsl"?>
-->
<rss version="0.92">
    <channel>
        <title>ASF JIRA</title>
        <link>https://issues.apache.org/jira/secure/IssueNavigator.jspa?reset=true&amp;jqlQuery=project+%3D+PDFBOX+AND+issuetype+%3D+Bug+AND+created+%3E%3D+2011-2-1+AND+created+%3C%3D+2011-3-1+ORDER+BY+key+ASC</link>
        <description>An XML representation of a search request</description>
                <language>en-uk</language>
                        <issue start="0" end="11" total="11"/>
                <build-info>
            <version>6.2</version>
            <build-number>6252</build-number>
            <build-date>19-02-2014</build-date>
        </build-info>
<item>
            <title>[PDFBOX-954] Embedded font: value for /Widths faulty (worked in PDFBox 1.3.0!)</title>
                <link>https://issues.apache.org/jira/browse/PDFBOX-954</link>
                <project id="12310760" key="PDFBOX">PDFBox</project>
                    <description>&lt;p&gt;We have a problem with the font &apos;LucidiaSansUnicode (l_10646.ttf). It is embedded in a PDF and when viewing this PDF (with Acrobat Reader 9), an error&lt;/p&gt;

&lt;p&gt;   In der Schrift &quot;LucidaSansUnicode&quot; ist der Wert f&#252;r /Widths fehlerhaft.&lt;/p&gt;

&lt;p&gt;occurs (roughly translated: &quot;In font &quot;LucidaSansUNicode&quot; the value for /Widths is faulty.&quot;). I noticed that this error only occurs when the first page is displayed that has text added by PDFBox! The same font is also used for all other text (used by Apache FOP to generate). When I look at the dialog window of Acrobat 3. tab &quot;Fonts&quot;, I notice lots of entries&lt;/p&gt;

&lt;p&gt;    LucidaSansUnicode (Eingebettete Untergruppe)&lt;br/&gt;
        Typ: TrueType (CID)&lt;br/&gt;
        Kodierung: Identity-H&lt;/p&gt;

&lt;p&gt;but only 1 entry at the very top that looks different:&lt;/p&gt;

&lt;p&gt;    LucidaSansUnicode (Eingebettet)&lt;br/&gt;
         Typ: TrueType&lt;br/&gt;
        Kodierung: Ansi&lt;/p&gt;

&lt;p&gt;I guess one is from Apache FOP (generation of PDF) and one is from PDFBox (adding additional text to the PDF). However, both use the same source file &quot;l_10646.ttf&quot;!&lt;/p&gt;

&lt;p&gt;Using PDFBox 1.3.0-snapshot (or iText 2.1.7), this problem does NOT occur!&lt;/p&gt;

&lt;p&gt;This only occurs with this &quot;LucidaSansUnicode&quot; font - all our other custom fonts don&apos;t cause this problem.&lt;/p&gt;

&lt;p&gt;The difference I notice in Acrobat Reader Fonts tab is the first font entry:&lt;/p&gt;

&lt;p&gt;PDFBox 1.4.0:&lt;/p&gt;

&lt;p&gt;    LucidaSansUnicode (Eingebettet)&lt;br/&gt;
        Typ: TrueType&lt;br/&gt;
        Kodierung: Ansi&lt;/p&gt;

&lt;p&gt;PDFBox 1.3.0 or iText 2.1.7:&lt;/p&gt;

&lt;p&gt;    LucidaSansUnicode (Eingebettete Untergruppe)&lt;br/&gt;
        Typ: TrueType&lt;br/&gt;
        Kodierung: Ansi&lt;/p&gt;


&lt;p&gt;So, PDFBox 1.4.0 only shows &quot;embedded&quot; (&quot;Eingebettet&quot;) but PDFBox 1.3.0/iText version shows &quot;embedded subgroup&quot; (&quot;Eingebettete Untergruppe&quot;)! Perhaps this is the problem?&lt;/p&gt;</description>
                <environment>JDK1.6.0_23, Windows XP</environment>
        <key id="12497325">PDFBOX-954</key>
            <summary>Embedded font: value for /Widths faulty (worked in PDFBox 1.3.0!)</summary>
                <type id="1" iconUrl="https://issues.apache.org/jira/images/icons/issuetypes/bug.png">Bug</type>
                                            <priority id="3" iconUrl="https://issues.apache.org/jira/images/icons/priorities/major.png">Major</priority>
                        <status id="6" iconUrl="https://issues.apache.org/jira/images/icons/statuses/closed.png" description="The issue is considered finished, the resolution is correct. Issues which are closed can be reopened.">Closed</status>
                    <statusCategory id="3" key="done" colorName="green"/>
                                    <resolution id="1">Fixed</resolution>
                                        <assignee username="lehmi">Andreas Lehmk&#252;hler</assignee>
                                    <reporter username="mhilpert">MH</reporter>
                        <labels>
                    </labels>
                <created>Tue, 1 Feb 2011 12:38:30 +0000</created>
                <updated>Wed, 17 Apr 2013 19:42:36 +0100</updated>
                            <resolved>Wed, 4 Jul 2012 06:02:33 +0100</resolved>
                                    <version>1.4.0</version>
                                    <fixVersion>1.7.1</fixVersion>
                                    <component>FontBox</component>
                        <due></due>
                            <votes>4</votes>
                                    <watches>5</watches>
                                                                <comments>
                            <comment id="13006040" author="wwi" created="Sat, 12 Mar 2011 12:21:28 +0000"  >&lt;p&gt;I have also pointed out this issue. I can reproduce the problem with versions of PDFBox after 1.1.0. I am using Arial.TTF from the Mac. I have tried to view the files on my wife&apos;s Windows 7 machine, and get the same warning errors in Adobe Reader, so at least the Adobe Reader does not depend on being on a Mac. Other postings indicate that the TTF files from Windows cause the same message to appear.&lt;/p&gt;

&lt;p&gt;I have two PDF files I created using the canned version of  &quot;org.apache.pdfbox.examples.pdmodel.HelloWorldTTF&quot; that comes with the distribution. This process eliminated any possibility that my own PDF-creation software was causing the problem. I ran the same command line, using the 1.1.0 and 1.4.0 JAR files (and some versions in between).&lt;/p&gt;

&lt;p&gt;The file from 1.1.0 reads just fine, but those created by any JAR after 1.1.0 all cause the same warning error. (I have not been able to download 1.5.0 yet, but others&apos; experiences seem to point to the same issue).&lt;/p&gt;
</comment>
                            <comment id="13006042" author="wwi" created="Sat, 12 Mar 2011 12:25:01 +0000"  >&lt;p&gt;&quot;hello 1.1.0&quot; reads just fine with Adobe Reader, the &quot;hello 1.4.0&quot; gets the warning error. Font is Arial.TTF from Mac. Adobe Reader warning occurs on Mac or Windows 7.&lt;/p&gt;</comment>
                            <comment id="13019562" author="stevehb" created="Wed, 13 Apr 2011 22:22:21 +0100"  >&lt;p&gt;I&apos;ve been getting the same problem with all TTF fonts on all versions &amp;gt;= 1.2.0, including the 1.6.0 snapshots.&lt;/p&gt;

&lt;p&gt;The change between version 1.1.0 and 1.2.0 that started the issue is in the following line in loadDescriptorDictionary() in org.apache.pdfbox.pdmodel.font.PDTrueTypeFont.java:&lt;/p&gt;

&lt;p&gt;// version 1.1.0&lt;br/&gt;
int maxWidths = 256;&lt;/p&gt;

&lt;p&gt;// version 1.2.0 and later&lt;br/&gt;
int maxWidths = glyphToCCode.length;&lt;/p&gt;

&lt;p&gt;I&apos;ve tried setting maxWidths to difference values manually, but 256 seems to be the max allowable. Setting it to 257 will reproduce the error.&lt;/p&gt;

&lt;p&gt;Is Adobe Reader really limited to 256 character widths on embedded fonts?&lt;/p&gt;</comment>
                            <comment id="13098862" author="hesham" created="Wed, 7 Sep 2011 12:37:34 +0100"  >&lt;p&gt;Will this issue be fixed in the next program version ? I see this is a critical issue !&lt;/p&gt;</comment>
                            <comment id="13100494" author="lehmi" created="Thu, 8 Sep 2011 18:49:46 +0100"  >&lt;p&gt;I&apos;m working on this issue.&lt;/p&gt;

&lt;p&gt;At first I fixed the calculation of the family class in revision 1166824.&lt;/p&gt;</comment>
                            <comment id="13101008" author="lehmi" created="Fri, 9 Sep 2011 07:04:34 +0100"  >&lt;p&gt;I (hopefully) fixed the calculation of the /Widths value in revision 1167012.&lt;/p&gt;

&lt;p&gt;Please run some additional tests as I only tested a couple of ttf fonts with different configurations.&lt;/p&gt;

&lt;p&gt;The next thing I&apos;d like to fix is the used encoding for those ttf fonts, see &lt;a href=&quot;https://issues.apache.org/jira/browse/PDFBOX-922&quot; title=&quot;True type PDFont subclass only supports WinAnsiEncoding (hardcoded!)&quot; class=&quot;issue-link&quot; data-issue-key=&quot;PDFBOX-922&quot;&gt;PDFBOX-922&lt;/a&gt; for further details.&lt;/p&gt;
</comment>
                            <comment id="13136945" author="mhilpert" created="Thu, 27 Oct 2011 11:28:02 +0100"  >&lt;p&gt;STill happens with PDFBox 1.6.0.&lt;/p&gt;</comment>
                            <comment id="13137434" author="lehmi" created="Thu, 27 Oct 2011 20:38:53 +0100"  >&lt;p&gt;The fix is available in the current trunk only.&lt;/p&gt;</comment>
                            <comment id="13167210" author="vilherda" created="Sun, 11 Dec 2011 21:16:38 +0000"  >&lt;p&gt;Hello, my name is David.&lt;br/&gt;
I try to apply the changes suggested on classes &quot;OS2WindowsMetricsTable&quot; and &quot;PDTrueTypeFont&quot; and the problem continues. The widths doesn&apos;t match.&lt;br/&gt;
I&apos;m new in the PDF world but... The contents of the array of widths must be , effectively, an array of widths between the first character and the last character.&lt;br/&gt;
I suspect the problem resides into the fact that the contents of the array must be the widths of the characters (glyphs) implied into the text represented, not all specified characters (glyphs) between the first character and the last character into specification file of  true type font (file &quot;.ttf&quot;).&lt;/p&gt;</comment>
                            <comment id="13169783" author="vilherda" created="Wed, 14 Dec 2011 23:04:58 +0000"  >&lt;p&gt;Hello.&lt;/p&gt;

&lt;p&gt;I try to create a simple PDF with trunk branch code (1.7.0) and the problem remains. The PDF has not any thing special. It&apos;s the tipical example of the PDFBox project website.&lt;/p&gt;

&lt;p&gt;When I open the document with Adobe Reader the message about wrong widths appears.&lt;/p&gt;

&lt;p&gt;Good night everybody.&lt;/p&gt;</comment>
                            <comment id="13169993" author="lehmi" created="Thu, 15 Dec 2011 06:50:51 +0000"  >&lt;p&gt;@David&lt;br/&gt;
Can you be a little bit more specific, please? What font did you use? Please attach the resulting pdf to this issue.&lt;/p&gt;</comment>
                            <comment id="13170471" author="vilherda" created="Thu, 15 Dec 2011 20:25:01 +0000"  >&lt;p&gt;Hello!&lt;/p&gt;

&lt;p&gt;I attach some files about the &quot;test&quot;:&lt;/p&gt;
&lt;ul class=&quot;alternate&quot; type=&quot;square&quot;&gt;
	&lt;li&gt;Imagen1.png : The error message on spanish (I&apos;m from Catalonia &lt;img class=&quot;emoticon&quot; src=&quot;https://issues.apache.org/jira/images/icons/emoticons/wink.gif&quot; height=&quot;16&quot; width=&quot;16&quot; align=&quot;absmiddle&quot; alt=&quot;&quot; border=&quot;0&quot;/&gt;&lt;/li&gt;
	&lt;li&gt;Imagen 2.png: The Adobe Reader version&lt;/li&gt;
	&lt;li&gt;Imagen 3.png: About my Mac&lt;/li&gt;
	&lt;li&gt;out.pdf            : The generated PDF file&lt;/li&gt;
	&lt;li&gt;Main.java       : The program&lt;/li&gt;
&lt;/ul&gt;


&lt;p&gt;And the PDFBox version is 1.7.0 (trunk)&lt;/p&gt;

&lt;p&gt;Good night from Barcelona&lt;/p&gt;</comment>
                            <comment id="13171623" author="vilherda" created="Sat, 17 Dec 2011 18:01:06 +0000"  >&lt;p&gt;Hello.&lt;/p&gt;

&lt;p&gt;I think I found a temporal workaround.&lt;/p&gt;

&lt;p&gt;Finally I see on PDF specification the meaning of &quot;widths&quot; array. As I said on my first post, the problem with the contents of the array seems to be that the contents is the widths of all characters defined on the selected font. In my opinion, the correct contents must be the widths of the all characters between the first character and the last character detected at them moment you want, by example, write a string.&lt;/p&gt;

&lt;p&gt;I attach a variant of the program that I attach on my previous post. The result is a PDF file with 3 strings, each one with it&apos;s own font and font descriptor but all three share the value of the attribute &quot;FontFile2&quot;. The result is a PDF file without the message about error and it has embedded Arial font only one time. Previous tests had created a PDF file with the font embedded three times... a really big file.&lt;/p&gt;

&lt;p&gt;The files I attach are:&lt;/p&gt;

&lt;ul class=&quot;alternate&quot; type=&quot;square&quot;&gt;
	&lt;li&gt;MainVer2.java (2nd version, the first it&apos;s a wrong version of the test)&lt;/li&gt;
	&lt;li&gt;outVer2.pdf&lt;/li&gt;
&lt;/ul&gt;


&lt;p&gt;I see the previous attached files (Main.java) has not treated the character &quot;&#241;&quot;, I erase it and the spanish pseudo-character &quot;ll&quot; too.&lt;/p&gt;

&lt;p&gt;Oh! This workaround woks fine on PDFBox 1.6.0  and 1.7.0 (trunk)&lt;/p&gt;

&lt;p&gt;Good afternoon&lt;/p&gt;</comment>
                            <comment id="13402302" author="hesham" created="Wed, 27 Jun 2012 16:44:13 +0100"  >&lt;p&gt;I have tested this with PDFBox v1.7 using PDTrueTypeFont.loadTTF(...) and this issue still occurs for any ttf file i use.&lt;/p&gt;</comment>
                            <comment id="13403738" author="wolfgang.glas@ev-i.at" created="Fri, 29 Jun 2012 08:01:40 +0100"  >&lt;p&gt;The attached patch fixes the problem for fonts with a valid &apos;post&apos; table. Further work might be needed in order to use a (3,1)-cmap as described in PDFReference1.6.pdf, p. 401&lt;/p&gt;</comment>
                            <comment id="13405975" author="wolfgang.glas@ev-i.at" created="Tue, 3 Jul 2012 19:31:44 +0100"  >&lt;p&gt;Improved version of my patch, which now precisely follows the specs in PDFReference16.pdf, p.401&lt;/p&gt;</comment>
                            <comment id="13405982" author="lehmi" created="Tue, 3 Jul 2012 20:40:25 +0100"  >&lt;p&gt;I experienced some problems with the first patch, but the improved one now works fine. Added in revision 1356866.&lt;/p&gt;</comment>
                            <comment id="13406277" author="lehmi" created="Wed, 4 Jul 2012 06:02:33 +0100"  >&lt;p&gt;I ran some additional tests and everything works fine for me, set to resolved.&lt;/p&gt;

&lt;p&gt;Thanks for the contribution!&lt;/p&gt;</comment>
                            <comment id="13425684" author="hesham" created="Tue, 31 Jul 2012 12:32:37 +0100"  >&lt;p&gt;I have tested this on Windows &amp;amp; Mac OS X, and it works fine.&lt;br/&gt;
Thanks Wolfgang ... Thanks Andreas &lt;img class=&quot;emoticon&quot; src=&quot;https://issues.apache.org/jira/images/icons/emoticons/smile.gif&quot; height=&quot;16&quot; width=&quot;16&quot; align=&quot;absmiddle&quot; alt=&quot;&quot; border=&quot;0&quot;/&gt;&lt;/p&gt;</comment>
                            <comment id="13426328" author="wwi" created="Wed, 1 Aug 2012 05:56:59 +0100"  >&lt;p&gt;Tried with MAC OSX and was able to remove the work-around. Seems to be working fine! Many Thanks. Danke.&lt;/p&gt;</comment>
                    </comments>
                <issuelinks>
                            <issuelinktype id="12310000">
                    <name>Duplicate</name>
                                                                <inwardlinks description="is duplicated by">
                                        <issuelink>
            <issuekey id="12642537">PDFBOX-1567</issuekey>
        </issuelink>
                            </inwardlinks>
                                    </issuelinktype>
                    </issuelinks>
                <attachments>
                            <attachment id="12507578" name="Imagen 1.png" size="16693" author="vilherda" created="Thu, 15 Dec 2011 20:14:11 +0000"/>
                            <attachment id="12507577" name="Imagen 2.png" size="54102" author="vilherda" created="Thu, 15 Dec 2011 20:14:11 +0000"/>
                            <attachment id="12507576" name="Imagen 3.png" size="42715" author="vilherda" created="Thu, 15 Dec 2011 20:14:11 +0000"/>
                            <attachment id="12507583" name="Main.java" size="1790" author="vilherda" created="Thu, 15 Dec 2011 20:24:15 +0000"/>
                            <attachment id="12507800" name="MainVer2.java" size="3642" author="vilherda" created="Sat, 17 Dec 2011 20:39:01 +0000"/>
                            <attachment id="12507786" name="MainVer2.java" size="3710" author="vilherda" created="Sat, 17 Dec 2011 17:59:11 +0000"/>
                            <attachment id="12473472" name="hello_ttf_1.1.0.pdf" size="426375" author="wwi" created="Sat, 12 Mar 2011 12:25:01 +0000"/>
                            <attachment id="12473473" name="hello_ttf_1.4.0.pdf" size="438482" author="wwi" created="Sat, 12 Mar 2011 12:25:01 +0000"/>
                            <attachment id="12507579" name="out.pdf" size="448576" author="vilherda" created="Thu, 15 Dec 2011 20:14:11 +0000"/>
                            <attachment id="12507787" name="outVer2.pdf" size="425970" author="vilherda" created="Sat, 17 Dec 2011 18:00:04 +0000"/>
                            <attachment id="12534881" name="pdfbox-1.7.0-ttf-widths-encoding-fix.patch" size="9121" author="wolfgang.glas@ev-i.at" created="Tue, 3 Jul 2012 19:31:44 +0100"/>
                    </attachments>
                <subtasks>
                    </subtasks>
                <customfields>
                                                <customfield id="customfield_12310310" key="com.atlassian.jira.toolkit:attachments">
                        <customfieldname>Attachment count</customfieldname>
                        <customfieldvalues>
                            <customfieldvalue>11.0</customfieldvalue>
                        </customfieldvalues>
                    </customfield>
                                                                                            <customfield id="customfield_12310220" key="com.atlassian.jira.ext.charting:firstresponsedate">
                        <customfieldname>Date of First Response</customfieldname>
                        <customfieldvalues>
                            <customfieldvalue>Sat, 12 Mar 2011 12:21:28 +0000</customfieldvalue>

                        </customfieldvalues>
                    </customfield>
                                                                                                                                                    <customfield id="customfield_12310420" key="com.pyxis.greenhopper.jira:gh-global-rank">
                        <customfieldname>Global Rank</customfieldname>
                        <customfieldvalues>
                            <customfieldvalue>61866</customfieldvalue>
                        </customfieldvalues>
                    </customfield>
                                                                <customfield id="customfield_12310920" key="com.pyxis.greenhopper.jira:gh-global-rank">
                        <customfieldname>Rank</customfieldname>
                        <customfieldvalues>
                            <customfieldvalue>205121</customfieldvalue>
                        </customfieldvalues>
                    </customfield>
                                                                                                                        <customfield id="customfield_12310222" key="com.atlassian.jira.ext.charting:timeinstatus">
                        <customfieldname>Time in Status</customfieldname>
                        <customfieldvalues>
                            
                        </customfieldvalues>
                    </customfield>
                                    </customfields>
    </item>

<item>
            <title>[PDFBOX-957] Text extraction using ExtractText (pdf file is input file) generates some weired characters</title>
                <link>https://issues.apache.org/jira/browse/PDFBOX-957</link>
                <project id="12310760" key="PDFBOX">PDFBox</project>
                    <description>&lt;p&gt;When I tried to extract text from pdf document it is generating some gibberish text. &lt;br/&gt;
ExtractText.exe &quot;\Jobvite\Resumes\Resume-Boston.pdf Resume-Boston.txt&lt;/p&gt;

&lt;p&gt;Will provide the pdf documents when requested, I could not find a way to include attachments.&lt;/p&gt;</description>
                <environment>Windows 7</environment>
        <key id="12497938">PDFBOX-957</key>
            <summary>Text extraction using ExtractText (pdf file is input file) generates some weired characters</summary>
                <type id="1" iconUrl="https://issues.apache.org/jira/images/icons/issuetypes/bug.png">Bug</type>
                                            <priority id="2" iconUrl="https://issues.apache.org/jira/images/icons/priorities/critical.png">Critical</priority>
                        <status id="6" iconUrl="https://issues.apache.org/jira/images/icons/statuses/closed.png" description="The issue is considered finished, the resolution is correct. Issues which are closed can be reopened.">Closed</status>
                    <statusCategory id="3" key="done" colorName="green"/>
                                    <resolution id="8">Not a Problem</resolution>
                                        <assignee username="lehmi">Andreas Lehmk&#252;hler</assignee>
                                    <reporter username="ashokc">Ashok Chigullapally</reporter>
                        <labels>
                            <label>pdfbox</label>
                            <label>textExtraction</label>
                    </labels>
                <created>Tue, 8 Feb 2011 00:51:43 +0000</created>
                <updated>Sat, 12 Feb 2011 19:07:00 +0000</updated>
                            <resolved>Tue, 8 Feb 2011 19:03:19 +0000</resolved>
                                    <version>1.4.0</version>
                                                    <component>Text extraction</component>
                        <due></due>
                            <votes>0</votes>
                                    <watches>0</watches>
                                                                <comments>
                            <comment id="12991752" author="ashokc" created="Tue, 8 Feb 2011 00:53:47 +0000"  >&lt;p&gt;Resume file as pdf which cannot be extracted.&lt;/p&gt;</comment>
                            <comment id="12991753" author="ashokc" created="Tue, 8 Feb 2011 00:54:15 +0000"  >&lt;p&gt;Another resume pdf file&lt;/p&gt;</comment>
                            <comment id="12991754" author="ashokc" created="Tue, 8 Feb 2011 00:54:47 +0000"  >&lt;p&gt;Two pdf resumes included in the attachments.&lt;/p&gt;</comment>
                            <comment id="12991760" author="ashokc" created="Tue, 8 Feb 2011 01:13:04 +0000"  >&lt;p&gt;Created .net build of pdfbox using latest trunk code as of today Feb 7th 2011.&lt;/p&gt;</comment>
                            <comment id="12992109" author="lehmi" created="Tue, 8 Feb 2011 19:03:02 +0000"  >&lt;p&gt;I&apos;m afraid one can&apos;t extract the text from the given pdfs. Both are using fonts with a non human readable encoding and as there isn&apos;t included any mapping, you&apos;ll get rubbish instead of the text. Even the acrobat reader can&apos;t extract the text.&lt;/p&gt;</comment>
                    </comments>
                    <attachments>
                            <attachment id="12470532" name="Resume1.pdf" size="69951" author="ashokc" created="Tue, 8 Feb 2011 00:53:47 +0000"/>
                            <attachment id="12470533" name="Resume2.pdf" size="69165" author="ashokc" created="Tue, 8 Feb 2011 00:54:15 +0000"/>
                    </attachments>
                <subtasks>
                    </subtasks>
                <customfields>
                                                <customfield id="customfield_12310310" key="com.atlassian.jira.toolkit:attachments">
                        <customfieldname>Attachment count</customfieldname>
                        <customfieldvalues>
                            <customfieldvalue>2.0</customfieldvalue>
                        </customfieldvalues>
                    </customfield>
                                                                                            <customfield id="customfield_12310220" key="com.atlassian.jira.ext.charting:firstresponsedate">
                        <customfieldname>Date of First Response</customfieldname>
                        <customfieldvalues>
                            <customfieldvalue>Tue, 8 Feb 2011 19:03:02 +0000</customfieldvalue>

                        </customfieldvalues>
                    </customfield>
                                                                                                                                                    <customfield id="customfield_12310420" key="com.pyxis.greenhopper.jira:gh-global-rank">
                        <customfieldname>Global Rank</customfieldname>
                        <customfieldvalues>
                            <customfieldvalue>163591</customfieldvalue>
                        </customfieldvalues>
                    </customfield>
                                                                <customfield id="customfield_12310920" key="com.pyxis.greenhopper.jira:gh-global-rank">
                        <customfieldname>Rank</customfieldname>
                        <customfieldvalues>
                            <customfieldvalue>206004</customfieldvalue>
                        </customfieldvalues>
                    </customfield>
                                                                                                                        <customfield id="customfield_12310222" key="com.atlassian.jira.ext.charting:timeinstatus">
                        <customfieldname>Time in Status</customfieldname>
                        <customfieldvalues>
                            
                        </customfieldvalues>
                    </customfield>
                                    </customfields>
    </item>

<item>
            <title>[PDFBOX-958] convertToImage mangles images which were in the PDF</title>
                <link>https://issues.apache.org/jira/browse/PDFBOX-958</link>
                <project id="12310760" key="PDFBOX">PDFBox</project>
                    <description>&lt;p&gt;Of the PDFs we&apos;ve tried running through PDFBox and generating page images, a number of them (coming from disparate sources and method of creation) seem to produce images where an image that was embedded in the page of the PDF shows somewhat mangled. It seems to be divided by horizontal stripes, where some stripes look normal, others seem to have some kind of &quot;smearing&quot; effect going on. See attached images and original PDF (image is of page 13).&lt;/p&gt;

&lt;p&gt;I marked this as critical as we are trying to use PDFBox in a project where page images are crucial, and inability to produce reasonable looking page images is pretty much a deal breaker. &lt;/p&gt;

&lt;p&gt;The code we use to extract the images looks more or less like the following:&lt;/p&gt;

&lt;p&gt;					BufferedImage image = page.convertToImage();&lt;/p&gt;

&lt;p&gt;					SmartDeferredFileOutputStream outStream = new SmartDeferredFileOutputStream();&lt;br/&gt;
					String[] writerFormatNames = ImageIO.getWriterFormatNames();&lt;br/&gt;
					ImageIO.write(image, &quot;jpeg&quot;, outStream);&lt;br/&gt;
					outStream.close()&lt;/p&gt;

&lt;p&gt;We&apos;ve also tried specifying &quot;png&quot;. In both &quot;jpg&quot; and &quot;png&quot; cases we get an image file that is indeed the correct format, and both images look exactly the same. &lt;/p&gt;</description>
                <environment>RHEL5 and WinXP, java version &amp;quot;1.6.0_23&amp;quot;</environment>
        <key id="12498303">PDFBOX-958</key>
            <summary>convertToImage mangles images which were in the PDF</summary>
                <type id="1" iconUrl="https://issues.apache.org/jira/images/icons/issuetypes/bug.png">Bug</type>
                                            <priority id="2" iconUrl="https://issues.apache.org/jira/images/icons/priorities/critical.png">Critical</priority>
                        <status id="6" iconUrl="https://issues.apache.org/jira/images/icons/statuses/closed.png" description="The issue is considered finished, the resolution is correct. Issues which are closed can be reopened.">Closed</status>
                    <statusCategory id="3" key="done" colorName="green"/>
                                    <resolution id="1">Fixed</resolution>
                                        <assignee username="lehmi">Andreas Lehmk&#252;hler</assignee>
                                    <reporter username="ericjs">Eric Schwarzenbach</reporter>
                        <labels>
                    </labels>
                <created>Fri, 11 Feb 2011 00:05:36 +0000</created>
                <updated>Thu, 15 May 2014 17:43:14 +0100</updated>
                            <resolved>Thu, 15 May 2014 17:43:14 +0100</resolved>
                                    <version>1.2.1</version>
                    <version>1.4.0</version>
                    <version>1.5.0</version>
                                    <fixVersion>1.6.0</fixVersion>
                                        <due></due>
                            <votes>0</votes>
                                    <watches>3</watches>
                                                                <comments>
                            <comment id="13002812" author="davidn" created="Fri, 4 Mar 2011 20:58:13 +0000"  >&lt;p&gt;I&apos;ve been looking at this myself - it&apos;s not a problem across all PDFs, and the given example is actually the only PDF that I&apos;ve been able to get it to happen in. I don&apos;t see anything remarkable about the data from the image given in the PDFDebugger tool:&lt;/p&gt;

&lt;p&gt;I2:Stream (XObject:Image)&lt;br/&gt;
BitsPerComponent: 8&lt;br/&gt;
ColorSpace: DeviceRGB&lt;br/&gt;
DecodeParms: Dictionary&lt;br/&gt;
   Colors: 3&lt;br/&gt;
   Columns: 500&lt;br/&gt;
   Predictor: 15&lt;br/&gt;
Filter: FlateDecode&lt;br/&gt;
Height: 667&lt;br/&gt;
Length: 820037&lt;br/&gt;
Subtype: Image&lt;br/&gt;
Type: XObject&lt;br/&gt;
Width: 500&lt;/p&gt;

&lt;p&gt;If this hasn&apos;t been looked at yet, can anyone provide an idea of what might be different about this document that causes its images to be converted wrongly? I&apos;ve found that the image is already mangled just after calling the getRGBImage() method of the PDJpeg object, so it isn&apos;t happening when drawing the image to the page.&lt;/p&gt;</comment>
                            <comment id="13002813" author="davidn" created="Fri, 4 Mar 2011 20:58:52 +0000"  >&lt;p&gt;I should add that this is happening with PDFBox 1.5.0 as well as the versions listed in the issue details.&lt;/p&gt;</comment>
                            <comment id="13002882" author="davidn" created="Sat, 5 Mar 2011 00:34:19 +0000"  >&lt;p&gt;I&apos;m beginning to find some other documents that indicate this is a wider problem... the DITA Open Toolkit tutorial is one document that also shows this behaviour for most of its images, when converted through the command line tool: &lt;a href=&quot;http://dita-ot.sourceforge.net/doc/ot-userguide131/ditaotug131-18042007-pdf.pdf&quot; class=&quot;external-link&quot; rel=&quot;nofollow&quot;&gt;http://dita-ot.sourceforge.net/doc/ot-userguide131/ditaotug131-18042007-pdf.pdf&lt;/a&gt; .&lt;/p&gt;

&lt;p&gt;The properties for these images in PDFDebugger look very similar to those in my first comment.&lt;/p&gt;</comment>
                            <comment id="13002898" author="ericjs" created="Sat, 5 Mar 2011 01:04:53 +0000"  >&lt;p&gt;We also have another document (from a client so I can&apos;t share it), with a number of black and white photos in it, all of which come out with the colors inverted (like a negative). There is also a non-photographic image, a map, which gets messed up in an entirely different way. In general our success rate just trying random PDFs had not been great for images. Could one of the PDFBox developers comment? Is this an area of the tool that is in rudimentary state?&lt;/p&gt;</comment>
                            <comment id="13006220" author="lehmi" created="Sun, 13 Mar 2011 16:52:30 +0000"  >&lt;p&gt;The problem was a buggy implementation of the FlateFilter with a predictor value &amp;gt;= 10.&lt;br/&gt;
I fixed that in revision 1081149.&lt;/p&gt;</comment>
                            <comment id="13986546" author="tilman" created="Thu, 1 May 2014 13:50:22 +0100"  >&lt;p&gt;Is there anybody who can access the PDF of this issue, and if yes, what URL works? I get an error. I suspect it has something to do with url-encoding of the &quot;(R)&quot;.&lt;/p&gt;</comment>
                            <comment id="13998738" author="lehmi" created="Thu, 15 May 2014 13:57:17 +0100"  >&lt;p&gt;Hi Tilman,&lt;/p&gt;

&lt;p&gt;I&apos;ve sent the pdf via pm.&lt;/p&gt;

&lt;p&gt;BR&lt;br/&gt;
Andreas Lehmk&#252;hler&lt;/p&gt;

</comment>
                            <comment id="13998889" author="lehmi" created="Thu, 15 May 2014 17:43:14 +0100"  >&lt;p&gt;Reopened to replace a missing attachment&lt;/p&gt;</comment>
                    </comments>
                    <attachments>
                            <attachment id="12470812" name="Image of Page 13.jpeg" size="272840" author="ericjs" created="Fri, 11 Feb 2011 00:07:38 +0000"/>
                            <attachment id="12470813" name="Image of Page 13.png" size="770335" author="ericjs" created="Fri, 11 Feb 2011 00:07:38 +0000"/>
                            <attachment id="12645033" name="PDFBOX958-WrycanLoremIpsumTest.pdf" size="1923329" author="lehmi" created="Thu, 15 May 2014 17:42:49 +0100"/>
                    </attachments>
                <subtasks>
                    </subtasks>
                <customfields>
                                                <customfield id="customfield_12310310" key="com.atlassian.jira.toolkit:attachments">
                        <customfieldname>Attachment count</customfieldname>
                        <customfieldvalues>
                            <customfieldvalue>3.0</customfieldvalue>
                        </customfieldvalues>
                    </customfield>
                                                                                            <customfield id="customfield_12310220" key="com.atlassian.jira.ext.charting:firstresponsedate">
                        <customfieldname>Date of First Response</customfieldname>
                        <customfieldvalues>
                            <customfieldvalue>Fri, 4 Mar 2011 20:58:13 +0000</customfieldvalue>

                        </customfieldvalues>
                    </customfield>
                                                                                                                                                    <customfield id="customfield_12310420" key="com.pyxis.greenhopper.jira:gh-global-rank">
                        <customfieldname>Global Rank</customfieldname>
                        <customfieldvalues>
                            <customfieldvalue>69397</customfieldvalue>
                        </customfieldvalues>
                    </customfield>
                                                                <customfield id="customfield_12310920" key="com.pyxis.greenhopper.jira:gh-global-rank">
                        <customfieldname>Rank</customfieldname>
                        <customfieldvalues>
                            <customfieldvalue>204679</customfieldvalue>
                        </customfieldvalues>
                    </customfield>
                                                                                                                        <customfield id="customfield_12310222" key="com.atlassian.jira.ext.charting:timeinstatus">
                        <customfieldname>Time in Status</customfieldname>
                        <customfieldvalues>
                            
                        </customfieldvalues>
                    </customfield>
                                    </customfields>
    </item>

<item>
            <title>[PDFBOX-959] Text extraction slow and /tmp fills upwith AWT font files</title>
                <link>https://issues.apache.org/jira/browse/PDFBOX-959</link>
                <project id="12310760" key="PDFBOX">PDFBox</project>
                    <description>&lt;p&gt;During text extraction there is NO need to create AWT fonts.&lt;br/&gt;
However the current Type1C Font code creates the AWT always while initializing.&lt;/p&gt;

&lt;p&gt;This has several really bad side effects:&lt;br/&gt;
1. Wasted time creating the AWT font.&lt;br/&gt;
2. The font files are copied into /tmp which fills up after a few thousand text extractions.&lt;br/&gt;
3. The AWT is created in a synchronized region so is single threaded.&lt;/p&gt;

&lt;p&gt;The patch is quite simple.  Just delay creation of the AWT fint until required.&lt;/p&gt;</description>
                <environment></environment>
        <key id="12498319">PDFBOX-959</key>
            <summary>Text extraction slow and /tmp fills upwith AWT font files</summary>
                <type id="1" iconUrl="https://issues.apache.org/jira/images/icons/issuetypes/bug.png">Bug</type>
                                            <priority id="2" iconUrl="https://issues.apache.org/jira/images/icons/priorities/critical.png">Critical</priority>
                        <status id="6" iconUrl="https://issues.apache.org/jira/images/icons/statuses/closed.png" description="The issue is considered finished, the resolution is correct. Issues which are closed can be reopened.">Closed</status>
                    <statusCategory id="3" key="done" colorName="green"/>
                                    <resolution id="1">Fixed</resolution>
                                        <assignee username="lehmi">Andreas Lehmk&#252;hler</assignee>
                                    <reporter username="kevinjackson">Kevin Jackson</reporter>
                        <labels>
                    </labels>
                <created>Fri, 11 Feb 2011 03:00:40 +0000</created>
                <updated>Sat, 2 Jul 2011 17:29:00 +0100</updated>
                            <resolved>Sun, 27 Mar 2011 12:59:35 +0100</resolved>
                                    <version>1.4.0</version>
                                    <fixVersion>1.6.0</fixVersion>
                                    <component>Text extraction</component>
                        <due></due>
                            <votes>0</votes>
                                    <watches>1</watches>
                                                                <comments>
                            <comment id="12993901" author="lehmi" created="Sat, 12 Feb 2011 13:08:33 +0000"  >&lt;p&gt;I added the patch as proposed in revision 1070073.&lt;/p&gt;

&lt;p&gt;Thanks for the contribution&lt;/p&gt;</comment>
                            <comment id="12999265" author="lars t" created="Fri, 25 Feb 2011 08:37:49 +0000"  >&lt;p&gt;Since I&apos;m extracting text only, is it possible to adapt your patch against the method prepareFontMetric?&lt;/p&gt;

&lt;p&gt;Or is invoking prepareFontMetric for text extraction required?&lt;/p&gt;</comment>
                            <comment id="13000447" author="lehmi" created="Mon, 28 Feb 2011 18:21:19 +0000"  >&lt;p&gt;@Lars&lt;br/&gt;
Good idea, thanks for the pointer. I created a new issue (&lt;a href=&quot;https://issues.apache.org/jira/browse/PDFBOX-967&quot; title=&quot;Create Type1C font metrics only when necessary&quot; class=&quot;issue-link&quot; data-issue-key=&quot;PDFBOX-967&quot;&gt;&lt;del&gt;PDFBOX-967&lt;/del&gt;&lt;/a&gt;), moved your attachment to it and already submitted a patch.&lt;/p&gt;</comment>
                            <comment id="13011783" author="lehmi" created="Sun, 27 Mar 2011 12:58:02 +0100"  >&lt;p&gt;Kevins patch was only half the battle. The type1 font constructor called the getawtFont method right after initializing the type1C font. I moved that call to the getawtFont of the type1 font, so that the AWTFont will only be created if needed.&lt;/p&gt;</comment>
                    </comments>
                    <attachments>
                            <attachment id="12470825" name="PDType1CFont.java.patch" size="994" author="kevinjackson" created="Fri, 11 Feb 2011 03:03:18 +0000"/>
                    </attachments>
                <subtasks>
                    </subtasks>
                <customfields>
                                                <customfield id="customfield_12310310" key="com.atlassian.jira.toolkit:attachments">
                        <customfieldname>Attachment count</customfieldname>
                        <customfieldvalues>
                            <customfieldvalue>1.0</customfieldvalue>
                        </customfieldvalues>
                    </customfield>
                                                                                            <customfield id="customfield_12310220" key="com.atlassian.jira.ext.charting:firstresponsedate">
                        <customfieldname>Date of First Response</customfieldname>
                        <customfieldvalues>
                            <customfieldvalue>Sat, 12 Feb 2011 13:08:33 +0000</customfieldvalue>

                        </customfieldvalues>
                    </customfield>
                                                                                                                                                    <customfield id="customfield_12310420" key="com.pyxis.greenhopper.jira:gh-global-rank">
                        <customfieldname>Global Rank</customfieldname>
                        <customfieldvalues>
                            <customfieldvalue>69400</customfieldvalue>
                        </customfieldvalues>
                    </customfield>
                                                                <customfield id="customfield_12310920" key="com.pyxis.greenhopper.jira:gh-global-rank">
                        <customfieldname>Rank</customfieldname>
                        <customfieldvalues>
                            <customfieldvalue>204684</customfieldvalue>
                        </customfieldvalues>
                    </customfield>
                                                                                                                        <customfield id="customfield_12310222" key="com.atlassian.jira.ext.charting:timeinstatus">
                        <customfieldname>Time in Status</customfieldname>
                        <customfieldvalues>
                            
                        </customfieldvalues>
                    </customfield>
                                    </customfields>
    </item>

<item>
            <title>[PDFBOX-960] Null Pointer Exception when Annotation is missing the Subtype</title>
                <link>https://issues.apache.org/jira/browse/PDFBOX-960</link>
                <project id="12310760" key="PDFBOX">PDFBox</project>
                    <description>&lt;p&gt;If an annotation is missing the required Subtype then calling createAnnotation() will result in a NPE.&lt;br/&gt;
A better result is to return null and let the upper level code handle it.&lt;/p&gt;</description>
                <environment></environment>
        <key id="12498320">PDFBOX-960</key>
            <summary>Null Pointer Exception when Annotation is missing the Subtype</summary>
                <type id="1" iconUrl="https://issues.apache.org/jira/images/icons/issuetypes/bug.png">Bug</type>
                                            <priority id="3" iconUrl="https://issues.apache.org/jira/images/icons/priorities/major.png">Major</priority>
                        <status id="6" iconUrl="https://issues.apache.org/jira/images/icons/statuses/closed.png" description="The issue is considered finished, the resolution is correct. Issues which are closed can be reopened.">Closed</status>
                    <statusCategory id="3" key="done" colorName="green"/>
                                    <resolution id="1">Fixed</resolution>
                                        <assignee username="lehmi">Andreas Lehmk&#252;hler</assignee>
                                    <reporter username="kevinjackson">Kevin Jackson</reporter>
                        <labels>
                    </labels>
                <created>Fri, 11 Feb 2011 03:29:48 +0000</created>
                <updated>Fri, 4 Mar 2011 10:29:19 +0000</updated>
                            <resolved>Sat, 12 Feb 2011 16:10:50 +0000</resolved>
                                    <version>1.4.0</version>
                                    <fixVersion>1.5.0</fixVersion>
                                    <component>PDModel</component>
                        <due></due>
                            <votes>0</votes>
                                    <watches>0</watches>
                                                                <comments>
                            <comment id="12993948" author="lehmi" created="Sat, 12 Feb 2011 16:10:50 +0000"  >&lt;p&gt;I adapted Kevins proposal as it is always a good idea to compare constants to given values and not vice versa.&lt;br/&gt;
I added those changes in revision 1070099.&lt;/p&gt;

&lt;p&gt;Thanks for the contribution!&lt;/p&gt;</comment>
                    </comments>
                    <attachments>
                            <attachment id="12470827" name="PDAnnotation.java.patch" size="850" author="kevinjackson" created="Fri, 11 Feb 2011 03:31:57 +0000"/>
                    </attachments>
                <subtasks>
                    </subtasks>
                <customfields>
                                                <customfield id="customfield_12310310" key="com.atlassian.jira.toolkit:attachments">
                        <customfieldname>Attachment count</customfieldname>
                        <customfieldvalues>
                            <customfieldvalue>1.0</customfieldvalue>
                        </customfieldvalues>
                    </customfield>
                                                                                            <customfield id="customfield_12310220" key="com.atlassian.jira.ext.charting:firstresponsedate">
                        <customfieldname>Date of First Response</customfieldname>
                        <customfieldvalues>
                            <customfieldvalue>Sat, 12 Feb 2011 16:10:50 +0000</customfieldvalue>

                        </customfieldvalues>
                    </customfield>
                                                                                                                                                    <customfield id="customfield_12310420" key="com.pyxis.greenhopper.jira:gh-global-rank">
                        <customfieldname>Global Rank</customfieldname>
                        <customfieldvalues>
                            <customfieldvalue>163592</customfieldvalue>
                        </customfieldvalues>
                    </customfield>
                                                                <customfield id="customfield_12310920" key="com.pyxis.greenhopper.jira:gh-global-rank">
                        <customfieldname>Rank</customfieldname>
                        <customfieldvalues>
                            <customfieldvalue>205521</customfieldvalue>
                        </customfieldvalues>
                    </customfield>
                                                                                                                        <customfield id="customfield_12310222" key="com.atlassian.jira.ext.charting:timeinstatus">
                        <customfieldname>Time in Status</customfieldname>
                        <customfieldvalues>
                            
                        </customfieldvalues>
                    </customfield>
                                    </customfields>
    </item>

<item>
            <title>[PDFBOX-961] Unable to extract string from COSArray with indirect reference to COSString</title>
                <link>https://issues.apache.org/jira/browse/PDFBOX-961</link>
                <project id="12310760" key="PDFBOX">PDFBox</project>
                    <description>&lt;p&gt;COSArray.getString() returned null if the COSArray contained an indirect reference to the String.  This resulted in a NPE in a calling function.&lt;/p&gt;</description>
                <environment></environment>
        <key id="12498321">PDFBOX-961</key>
            <summary>Unable to extract string from COSArray with indirect reference to COSString</summary>
                <type id="1" iconUrl="https://issues.apache.org/jira/images/icons/issuetypes/bug.png">Bug</type>
                                            <priority id="3" iconUrl="https://issues.apache.org/jira/images/icons/priorities/major.png">Major</priority>
                        <status id="1" iconUrl="https://issues.apache.org/jira/images/icons/statuses/open.png" description="The issue is open and ready for the assignee to start work on it.">Open</status>
                    <statusCategory id="2" key="new" colorName="blue-gray"/>
                                    <resolution id="-1">Unresolved</resolution>
                                        <assignee username="-1">Unassigned</assignee>
                                    <reporter username="kevinjackson">Kevin Jackson</reporter>
                        <labels>
                    </labels>
                <created>Fri, 11 Feb 2011 03:39:29 +0000</created>
                <updated>Mon, 10 Feb 2014 01:11:31 +0000</updated>
                                                                            <component>Parsing</component>
                        <due></due>
                            <votes>0</votes>
                                    <watches>0</watches>
                                                                <comments>
                            <comment id="13009305" author="lehmi" created="Mon, 21 Mar 2011 19:08:13 +0000"  >&lt;p&gt;Can you provide us with a sample pdf triggering the NPE?&lt;/p&gt;</comment>
                    </comments>
                    <attachments>
                            <attachment id="12470828" name="COSArray.java.patch" size="689" author="kevinjackson" created="Fri, 11 Feb 2011 03:39:52 +0000"/>
                    </attachments>
                <subtasks>
                    </subtasks>
                <customfields>
                                                <customfield id="customfield_12310310" key="com.atlassian.jira.toolkit:attachments">
                        <customfieldname>Attachment count</customfieldname>
                        <customfieldvalues>
                            <customfieldvalue>1.0</customfieldvalue>
                        </customfieldvalues>
                    </customfield>
                                                                                            <customfield id="customfield_12310220" key="com.atlassian.jira.ext.charting:firstresponsedate">
                        <customfieldname>Date of First Response</customfieldname>
                        <customfieldvalues>
                            <customfieldvalue>Mon, 21 Mar 2011 19:08:13 +0000</customfieldvalue>

                        </customfieldvalues>
                    </customfield>
                                                                                                                                                    <customfield id="customfield_12310420" key="com.pyxis.greenhopper.jira:gh-global-rank">
                        <customfieldname>Global Rank</customfieldname>
                        <customfieldvalues>
                            <customfieldvalue>84894</customfieldvalue>
                        </customfieldvalues>
                    </customfield>
                                                                <customfield id="customfield_12310920" key="com.pyxis.greenhopper.jira:gh-global-rank">
                        <customfieldname>Rank</customfieldname>
                        <customfieldvalues>
                            <customfieldvalue>236201</customfieldvalue>
                        </customfieldvalues>
                    </customfield>
                                                                                                                        </customfields>
    </item>

<item>
            <title>[PDFBOX-962] All sort of Problems when importing Xfdf files into PDFs -&gt; damaged pdfs  and NPEs</title>
                <link>https://issues.apache.org/jira/browse/PDFBOX-962</link>
                <project id="12310760" key="PDFBOX">PDFBox</project>
                    <description>&lt;p&gt;When trying to merge PDFs with there corresponding XFDFs all sort of Problems occur.&lt;/p&gt;

&lt;p&gt;I created different pdfs with form fields and a &quot;sendbutton&quot;. (The Sendbutton triggers a send-action to&lt;br/&gt;
send the form data via POST-Request to a URL in the XFDF format).&lt;/p&gt;

&lt;p&gt;Merging that xfdf data with the pdf worked only for the simplest most minimal Example: 1 Text-Input + Send Button.&lt;br/&gt;
In the other cases I experienced some of the following problems&lt;/p&gt;

&lt;ul class=&quot;alternate&quot; type=&quot;square&quot;&gt;
	&lt;li&gt;Missing checkbox&lt;/li&gt;
	&lt;li&gt;NPE in importFDF (acroForm == null)&lt;/li&gt;
	&lt;li&gt;Miss-rendered send-button (not working any longer: either URL damaged or document no send-able with strange Adobe message)&lt;/li&gt;
&lt;/ul&gt;


&lt;p&gt;I tried doing the same with the evaluation Version of Aspose Pdf Kit for Java which worked fine in all of that cases.&lt;/p&gt;

&lt;p&gt;I could provide examples of pdfs and and corresponding xfdf that show that faulty behavior &lt;/p&gt;</description>
                <environment>kubuntu 10.04.2 LTS, jvm 1.6.2</environment>
        <key id="12498534">PDFBOX-962</key>
            <summary>All sort of Problems when importing Xfdf files into PDFs -&gt; damaged pdfs  and NPEs</summary>
                <type id="1" iconUrl="https://issues.apache.org/jira/images/icons/issuetypes/bug.png">Bug</type>
                                            <priority id="2" iconUrl="https://issues.apache.org/jira/images/icons/priorities/critical.png">Critical</priority>
                        <status id="1" iconUrl="https://issues.apache.org/jira/images/icons/statuses/open.png" description="The issue is open and ready for the assignee to start work on it.">Open</status>
                    <statusCategory id="2" key="new" colorName="blue-gray"/>
                                    <resolution id="-1">Unresolved</resolution>
                                        <assignee username="-1">Unassigned</assignee>
                                    <reporter username="koko">Konstantinos Kostarellis</reporter>
                        <labels>
                            <label>formular</label>
                            <label>xfdf</label>
                    </labels>
                <created>Mon, 14 Feb 2011 14:06:33 +0000</created>
                <updated>Sat, 8 Feb 2014 18:38:54 +0000</updated>
                                            <version>1.4.0</version>
                                                    <component>Utilities</component>
                        <due></due>
                            <votes>0</votes>
                                    <watches>0</watches>
                                                                <comments>
                            <comment id="12994348" author="koko" created="Mon, 14 Feb 2011 16:18:32 +0000"  >&lt;p&gt;example documents for the NPE Problem.&lt;br/&gt;
PDF with corresponding XFDF&lt;/p&gt;

&lt;hr /&gt;
&lt;p&gt;i can provide documents for the other problems too&lt;/p&gt;</comment>
                    </comments>
                    <attachments>
                            <attachment id="12470998" name="kbb-NPE.pdf.zip" size="5915" author="koko" created="Mon, 14 Feb 2011 16:18:32 +0000"/>
                    </attachments>
                <subtasks>
                    </subtasks>
                <customfields>
                                                <customfield id="customfield_12310310" key="com.atlassian.jira.toolkit:attachments">
                        <customfieldname>Attachment count</customfieldname>
                        <customfieldvalues>
                            <customfieldvalue>1.0</customfieldvalue>
                        </customfieldvalues>
                    </customfield>
                                                                                                                                                                                                            <customfield id="customfield_12310420" key="com.pyxis.greenhopper.jira:gh-global-rank">
                        <customfieldname>Global Rank</customfieldname>
                        <customfieldvalues>
                            <customfieldvalue>84877</customfieldvalue>
                        </customfieldvalues>
                    </customfield>
                                                                <customfield id="customfield_12310920" key="com.pyxis.greenhopper.jira:gh-global-rank">
                        <customfieldname>Rank</customfieldname>
                        <customfieldvalues>
                            <customfieldvalue>236200</customfieldvalue>
                        </customfieldvalues>
                    </customfield>
                                                                                                                        </customfields>
    </item>

<item>
            <title>[PDFBOX-963] PDF Box Image Color Distortion</title>
                <link>https://issues.apache.org/jira/browse/PDFBOX-963</link>
                <project id="12310760" key="PDFBOX">PDFBox</project>
                    <description>&lt;p&gt;Colors displayed incorrect, after pdf page was converted to image.  Attached archive contains pdf and code example.&lt;/p&gt;</description>
                <environment>Windows XP/Vista/7, JDK 1.6_16</environment>
        <key id="12498853">PDFBOX-963</key>
            <summary>PDF Box Image Color Distortion</summary>
                <type id="1" iconUrl="https://issues.apache.org/jira/images/icons/issuetypes/bug.png">Bug</type>
                                            <priority id="3" iconUrl="https://issues.apache.org/jira/images/icons/priorities/major.png">Major</priority>
                        <status id="6" iconUrl="https://issues.apache.org/jira/images/icons/statuses/closed.png" description="The issue is considered finished, the resolution is correct. Issues which are closed can be reopened.">Closed</status>
                    <statusCategory id="3" key="done" colorName="green"/>
                                    <resolution id="1">Fixed</resolution>
                                        <assignee username="lehmi">Andreas Lehmk&#252;hler</assignee>
                                    <reporter username="del2">Andrew</reporter>
                        <labels>
                            <label>converToImage</label>
                            <label>pdfbox,</label>
                    </labels>
                <created>Thu, 17 Feb 2011 10:06:20 +0000</created>
                <updated>Sat, 2 Jul 2011 17:28:53 +0100</updated>
                            <resolved>Mon, 13 Jun 2011 16:14:28 +0100</resolved>
                                    <version>1.4.0</version>
                                    <fixVersion>1.6.0</fixVersion>
                                        <due></due>
                            <votes>1</votes>
                                    <watches>1</watches>
                                                                <comments>
                            <comment id="13048589" author="lehmi" created="Mon, 13 Jun 2011 16:14:28 +0100"  >&lt;p&gt;The function to map the color values within the separation colorspace was only called once after setting the colorspace. Further values weren&apos;t mapped which led to wrong values.&lt;/p&gt;

&lt;p&gt;I fixed that in revision 1135129&lt;/p&gt;</comment>
                    </comments>
                    <attachments>
                            <attachment id="12471261" name="PDFBox-Issue.zip" size="11981" author="del2" created="Thu, 17 Feb 2011 10:07:24 +0000"/>
                    </attachments>
                <subtasks>
                    </subtasks>
                <customfields>
                                                <customfield id="customfield_12310310" key="com.atlassian.jira.toolkit:attachments">
                        <customfieldname>Attachment count</customfieldname>
                        <customfieldvalues>
                            <customfieldvalue>1.0</customfieldvalue>
                        </customfieldvalues>
                    </customfield>
                                                                                            <customfield id="customfield_12310220" key="com.atlassian.jira.ext.charting:firstresponsedate">
                        <customfieldname>Date of First Response</customfieldname>
                        <customfieldvalues>
                            <customfieldvalue>Mon, 13 Jun 2011 15:14:28 +0000</customfieldvalue>

                        </customfieldvalues>
                    </customfield>
                                                                                                                                                    <customfield id="customfield_12310420" key="com.pyxis.greenhopper.jira:gh-global-rank">
                        <customfieldname>Global Rank</customfieldname>
                        <customfieldvalues>
                            <customfieldvalue>69416</customfieldvalue>
                        </customfieldvalues>
                    </customfield>
                                                                <customfield id="customfield_12310920" key="com.pyxis.greenhopper.jira:gh-global-rank">
                        <customfieldname>Rank</customfieldname>
                        <customfieldvalues>
                            <customfieldvalue>205273</customfieldvalue>
                        </customfieldvalues>
                    </customfield>
                                                                                                                        <customfield id="customfield_12310222" key="com.atlassian.jira.ext.charting:timeinstatus">
                        <customfieldname>Time in Status</customfieldname>
                        <customfieldvalues>
                            
                        </customfieldvalues>
                    </customfield>
                                    </customfields>
    </item>

<item>
            <title>[PDFBOX-964] Wrong charecters</title>
                <link>https://issues.apache.org/jira/browse/PDFBOX-964</link>
                <project id="12310760" key="PDFBOX">PDFBox</project>
                    <description>&lt;p&gt;I have a PDF document (format 1.5 PDF) and when I try to deal with it, PDFBox shows some junk characters. &lt;/p&gt;

&lt;p&gt;For example &lt;br/&gt;
            PDDocumentInformation info = doc.getDocumentInformation();&lt;br/&gt;
            System.out.println(&quot;Title=&quot; + info.getTitle());&lt;br/&gt;
            System.out.println(&quot;Author=&quot; + info.getAuthor());&lt;br/&gt;
            System.out.println(&quot;Subject=&quot; + info.getSubject());&lt;br/&gt;
            System.out.println(&quot;Keywords=&quot; + info.getKeywords());&lt;br/&gt;
            System.out.println(&quot;Creator=&quot; + info.getCreator());&lt;br/&gt;
            System.out.println(&quot;Producer=&quot; + info.getProducer());&lt;br/&gt;
            System.out.println(&quot;Creation Date=&quot; + info.getCreationDate())&lt;/p&gt;

&lt;p&gt;Returns&lt;br/&gt;
Title=o,&#162;&amp;lsquo;b&#137;zb&#220;cqhg&#173;6cZ&#234;eG&#159;9&#248;&#192;&#200;&#213;&#223;&#182;&#185;&#224;&#233;X&#240;&#135;A&amp;lt;\&#208;h&#132;&#158;&#212;&#132;&#209;&#174;1&lt;br/&gt;
Author=o,&#162;&amp;lsquo;v&#137;`&lt;br/&gt;
Subject=null&lt;br/&gt;
Keywords=null&lt;br/&gt;
Creator=Q&amp;ldquo;&#247;P&#133;b&lt;br/&gt;
b&#133;h6tzey&#250;Lc^&#224;b        &#174;4&#237;&#129;&#211;&#152;&#133;&#184;&#236;&lt;br/&gt;
Producer=Q&amp;ldquo;&#247;P&#133;b&lt;br/&gt;
b&#133;h6tze&amp;lt;Z&#184;R&quot;&lt;/p&gt;


&lt;p&gt;The same goes on when I try to parse the file (I need to find all links in it).&lt;br/&gt;
For this I use:&lt;br/&gt;
            for (final Iterator jt = annotations.iterator(); jt.hasNext()&lt;img class=&quot;emoticon&quot; src=&quot;https://issues.apache.org/jira/images/icons/emoticons/wink.gif&quot; height=&quot;16&quot; width=&quot;16&quot; align=&quot;absmiddle&quot; alt=&quot;&quot; border=&quot;0&quot;/&gt; {&lt;br/&gt;
                final PDAnnotation annot = (PDAnnotation) jt.next();&lt;br/&gt;
                if (!annot.isInvisible()) {&lt;br/&gt;
                    if (annot instanceof PDAnnotationLink) {&lt;br/&gt;
                        final PDAnnotationLink link = (PDAnnotationLink) annot;&lt;br/&gt;
                        final PDAction action = link.getAction();&lt;br/&gt;
                        if (action instanceof PDActionURI) {&lt;br/&gt;
                            final PDActionURI uri = (PDActionURI) action;&lt;br/&gt;
And I got links of type &quot;N&amp;lt;&#187;&#172;_f`&#200;&#135;&#156;&#248;&#178;\&#189;8&#216;,&#209;B&#228;&amp;lt;&#202;&amp;ldquo;&#199;{&quot;.&lt;/p&gt;

&lt;p&gt;But if I open it with Document Viewer, Adobe Reader or midnigt commander I don&apos;t see any problems there.&lt;/p&gt;

&lt;p&gt;I have tested it in 1.5, 1.4, 1.1 versions of PDFBox.&lt;/p&gt;
</description>
                <environment>Linux</environment>
        <key id="12498872">PDFBOX-964</key>
            <summary>Wrong charecters</summary>
                <type id="1" iconUrl="https://issues.apache.org/jira/images/icons/issuetypes/bug.png">Bug</type>
                                            <priority id="3" iconUrl="https://issues.apache.org/jira/images/icons/priorities/major.png">Major</priority>
                        <status id="6" iconUrl="https://issues.apache.org/jira/images/icons/statuses/closed.png" description="The issue is considered finished, the resolution is correct. Issues which are closed can be reopened.">Closed</status>
                    <statusCategory id="3" key="done" colorName="green"/>
                                    <resolution id="6">Invalid</resolution>
                                        <assignee username="-1">Unassigned</assignee>
                                    <reporter username="bogdartysh">Bogdan Artyushenko</reporter>
                        <labels>
                    </labels>
                <created>Thu, 17 Feb 2011 11:45:25 +0000</created>
                <updated>Mon, 21 Feb 2011 08:32:01 +0000</updated>
                            <resolved>Mon, 21 Feb 2011 08:32:01 +0000</resolved>
                                    <version>1.1.0</version>
                    <version>1.4.0</version>
                    <version>1.5.0</version>
                                                    <component>PDModel</component>
                        <due></due>
                            <votes>0</votes>
                                    <watches>0</watches>
                                                                <comments>
                            <comment id="12995769" author="bogdartysh" created="Thu, 17 Feb 2011 11:46:41 +0000"  >&lt;p&gt;For this file I have the problem&lt;/p&gt;</comment>
                            <comment id="12997131" author="lehmi" created="Sun, 20 Feb 2011 11:59:24 +0000"  >&lt;p&gt;The attached pdf works fine with the current trunk using the ExtractMetaData example &lt;span class=&quot;error&quot;&gt;&amp;#91;1&amp;#93;&lt;/span&gt;. The pdf is encrypted, did you decrypt it before extracting the metadata?&lt;/p&gt;


&lt;p&gt;&lt;span class=&quot;error&quot;&gt;&amp;#91;1&amp;#93;&lt;/span&gt; &lt;a href=&quot;http://svn.apache.org/repos/asf/pdfbox/trunk/pdfbox/src/main/java/org/apache/pdfbox/examples/pdmodel/ExtractMetadata.java&quot; class=&quot;external-link&quot; rel=&quot;nofollow&quot;&gt;http://svn.apache.org/repos/asf/pdfbox/trunk/pdfbox/src/main/java/org/apache/pdfbox/examples/pdmodel/ExtractMetadata.java&lt;/a&gt;&lt;/p&gt;</comment>
                            <comment id="12997300" author="bogdartysh" created="Mon, 21 Feb 2011 08:31:20 +0000"  >&lt;p&gt;thanks a lot - I haven&apos;t.&lt;/p&gt;</comment>
                            <comment id="12997301" author="bogdartysh" created="Mon, 21 Feb 2011 08:32:01 +0000"  >&lt;p&gt;that file was encrypted with empty password.&lt;/p&gt;</comment>
                    </comments>
                    <attachments>
                            <attachment id="12471272" name="nsw-solar-feed-in-tariff-report-to-ministers.pdf" size="693171" author="bogdartysh" created="Thu, 17 Feb 2011 11:46:41 +0000"/>
                    </attachments>
                <subtasks>
                    </subtasks>
                <customfields>
                                                <customfield id="customfield_12310310" key="com.atlassian.jira.toolkit:attachments">
                        <customfieldname>Attachment count</customfieldname>
                        <customfieldvalues>
                            <customfieldvalue>1.0</customfieldvalue>
                        </customfieldvalues>
                    </customfield>
                                                                                            <customfield id="customfield_12310220" key="com.atlassian.jira.ext.charting:firstresponsedate">
                        <customfieldname>Date of First Response</customfieldname>
                        <customfieldvalues>
                            <customfieldvalue>Sun, 20 Feb 2011 11:59:24 +0000</customfieldvalue>

                        </customfieldvalues>
                    </customfield>
                                                                                                                                                    <customfield id="customfield_12310420" key="com.pyxis.greenhopper.jira:gh-global-rank">
                        <customfieldname>Global Rank</customfieldname>
                        <customfieldvalues>
                            <customfieldvalue>163593</customfieldvalue>
                        </customfieldvalues>
                    </customfield>
                                                                <customfield id="customfield_12310920" key="com.pyxis.greenhopper.jira:gh-global-rank">
                        <customfieldname>Rank</customfieldname>
                        <customfieldvalues>
                            <customfieldvalue>205946</customfieldvalue>
                        </customfieldvalues>
                    </customfield>
                                                                                                                        <customfield id="customfield_12310222" key="com.atlassian.jira.ext.charting:timeinstatus">
                        <customfieldname>Time in Status</customfieldname>
                        <customfieldvalues>
                            
                        </customfieldvalues>
                    </customfield>
                                    </customfields>
    </item>

<item>
            <title>[PDFBOX-965] Printing of PDF with embedded OTF/TTF fonts is not working</title>
                <link>https://issues.apache.org/jira/browse/PDFBOX-965</link>
                <project id="12310760" key="PDFBOX">PDFBox</project>
                    <description>&lt;p&gt;I want to print a PDF created with iText 2.1.7 which includes a OTF Font (into the pdf embedded). I have also converted the fonts to TTF fonts and recreated the pdf but pdfbox is not able to print the pdf file (PDF file see attachment). The result is that the printer outputs 10 empty pages and no error message. With the same code other pdf files can be printed.&lt;/p&gt;

&lt;p&gt;My code to print the pdf file:&lt;br/&gt;
private void printPDF(byte[] barrayBs) throws IOException, CryptographyException, InvalidPasswordException, PrinterException {&lt;br/&gt;
       String password = &quot;&quot;;&lt;br/&gt;
       String printerName = null;&lt;br/&gt;
       PDDocument document = null;&lt;br/&gt;
       try {            &lt;br/&gt;
           document = PDDocument.load(new ByteArrayInputStream(barrayBs));&lt;br/&gt;
           //document = PDDocument.load(&quot;/Users/selfemp/Desktop/pr2.pdf&quot;);&lt;br/&gt;
           //PDFont font = PDTrueTypeFont.loadTTF( document, new File(&quot;/Users/selfemp/Desktop/fonts/TeXGyreAdventor-Regular.ttf&quot;));&lt;br/&gt;
           //PDFont font2 = PDTrueTypeFont.loadTTF( document, new File(&quot;/Users/selfemp/Desktop/fonts/TeXGyreAdventor-Bold.ttf&quot;));&lt;br/&gt;
           if (document.isEncrypted()) &lt;/p&gt;
{
               document.decrypt(password);
           }
&lt;p&gt;            &lt;br/&gt;
           PrinterJob printJob = PrinterJob.getPrinterJob();&lt;br/&gt;
           printJob.setJobName(&quot;WIST-Report&quot;);&lt;br/&gt;
           if (printerName != null) {&lt;br/&gt;
               PrintService[] printService = PrinterJob.lookupPrintServices();&lt;br/&gt;
               boolean printerFound = false;&lt;br/&gt;
               for (int i = 0; !printerFound &amp;amp;&amp;amp; i &amp;lt; printService.length; i++) {&lt;br/&gt;
                   if (printService&lt;span class=&quot;error&quot;&gt;&amp;#91;i&amp;#93;&lt;/span&gt;.getName().indexOf(printerName) != -1) &lt;/p&gt;
{
                       printJob.setPrintService(printService[i]);
                       printerFound = true;
                   }
&lt;p&gt;               }&lt;br/&gt;
           }&lt;br/&gt;
           document.silentPrint(printJob);&lt;br/&gt;
       } finally {&lt;br/&gt;
           if (document != null) &lt;/p&gt;
{
               document.close();
           }
&lt;p&gt;       }&lt;br/&gt;
   }&lt;/p&gt;</description>
                <environment>OSX 10.6.6, JDK 1.6_022</environment>
        <key id="12498959">PDFBOX-965</key>
            <summary>Printing of PDF with embedded OTF/TTF fonts is not working</summary>
                <type id="1" iconUrl="https://issues.apache.org/jira/images/icons/issuetypes/bug.png">Bug</type>
                                            <priority id="3" iconUrl="https://issues.apache.org/jira/images/icons/priorities/major.png">Major</priority>
                        <status id="5" iconUrl="https://issues.apache.org/jira/images/icons/statuses/resolved.png" description="A resolution has been taken, and it is awaiting verification by reporter. From here issues are either reopened, or are closed.">Resolved</status>
                    <statusCategory id="3" key="done" colorName="green"/>
                                    <resolution id="1">Fixed</resolution>
                                        <assignee username="-1">Unassigned</assignee>
                                    <reporter username="lanthale">Clemens Lanthaler</reporter>
                        <labels>
                    </labels>
                <created>Thu, 17 Feb 2011 21:30:04 +0000</created>
                <updated>Thu, 27 Feb 2014 18:47:25 +0000</updated>
                            <resolved>Thu, 27 Feb 2014 18:47:24 +0000</resolved>
                                    <version>1.5.0</version>
                                    <fixVersion>2.0.0</fixVersion>
                                    <component>Rendering</component>
                        <due></due>
                            <votes>0</votes>
                                    <watches>1</watches>
                                                                <comments>
                            <comment id="12996093" author="lanthale" created="Thu, 17 Feb 2011 21:30:55 +0000"  >&lt;p&gt;PDF for printing&lt;/p&gt;</comment>
                            <comment id="13914863" author="tilman" created="Thu, 27 Feb 2014 18:47:24 +0000"  >&lt;p&gt;Embedded fonts work fine in version 2.0 &lt;img class=&quot;emoticon&quot; src=&quot;https://issues.apache.org/jira/images/icons/emoticons/smile.gif&quot; height=&quot;16&quot; width=&quot;16&quot; align=&quot;absmiddle&quot; alt=&quot;&quot; border=&quot;0&quot;/&gt;&lt;/p&gt;</comment>
                    </comments>
                    <attachments>
                            <attachment id="12471338" name="Probe.pdf" size="164516" author="lanthale" created="Thu, 17 Feb 2011 21:30:55 +0000"/>
                            <attachment id="12631577" name="probe.pdf-1.png" size="177289" author="tilman" created="Thu, 27 Feb 2014 18:46:31 +0000"/>
                    </attachments>
                <subtasks>
                    </subtasks>
                <customfields>
                                                <customfield id="customfield_12310310" key="com.atlassian.jira.toolkit:attachments">
                        <customfieldname>Attachment count</customfieldname>
                        <customfieldvalues>
                            <customfieldvalue>2.0</customfieldvalue>
                        </customfieldvalues>
                    </customfield>
                                                                                            <customfield id="customfield_12310220" key="com.atlassian.jira.ext.charting:firstresponsedate">
                        <customfieldname>Date of First Response</customfieldname>
                        <customfieldvalues>
                            <customfieldvalue>Thu, 27 Feb 2014 18:47:24 +0000</customfieldvalue>

                        </customfieldvalues>
                    </customfield>
                                                                                                                                                    <customfield id="customfield_12310420" key="com.pyxis.greenhopper.jira:gh-global-rank">
                        <customfieldname>Global Rank</customfieldname>
                        <customfieldvalues>
                            <customfieldvalue>84893</customfieldvalue>
                        </customfieldvalues>
                    </customfield>
                                                                <customfield id="customfield_12310920" key="com.pyxis.greenhopper.jira:gh-global-rank">
                        <customfieldname>Rank</customfieldname>
                        <customfieldvalues>
                            <customfieldvalue>236199</customfieldvalue>
                        </customfieldvalues>
                    </customfield>
                                                                                                                        <customfield id="customfield_12310222" key="com.atlassian.jira.ext.charting:timeinstatus">
                        <customfieldname>Time in Status</customfieldname>
                        <customfieldvalues>
                            
                        </customfieldvalues>
                    </customfield>
                                    </customfields>
    </item>

<item>
            <title>[PDFBOX-966] PDFText2HTML does not escape special characters in title</title>
                <link>https://issues.apache.org/jira/browse/PDFBOX-966</link>
                <project id="12310760" key="PDFBOX">PDFBox</project>
                    <description>&lt;p&gt;The special characters such as &quot;&amp;lt;&quot; in the title are not escaped in the output from PDFText2HTML.&lt;/p&gt;</description>
                <environment></environment>
        <key id="12499889">PDFBOX-966</key>
            <summary>PDFText2HTML does not escape special characters in title</summary>
                <type id="1" iconUrl="https://issues.apache.org/jira/images/icons/issuetypes/bug.png">Bug</type>
                                            <priority id="4" iconUrl="https://issues.apache.org/jira/images/icons/priorities/minor.png">Minor</priority>
                        <status id="6" iconUrl="https://issues.apache.org/jira/images/icons/statuses/closed.png" description="The issue is considered finished, the resolution is correct. Issues which are closed can be reopened.">Closed</status>
                    <statusCategory id="3" key="done" colorName="green"/>
                                    <resolution id="1">Fixed</resolution>
                                        <assignee username="lehmi">Andreas Lehmk&#252;hler</assignee>
                                    <reporter username="shinya">Shinya Kasatani</reporter>
                        <labels>
                    </labels>
                <created>Mon, 28 Feb 2011 05:17:56 +0000</created>
                <updated>Sat, 2 Jul 2011 17:28:53 +0100</updated>
                            <resolved>Mon, 21 Mar 2011 18:59:19 +0000</resolved>
                                    <version>1.4.0</version>
                                    <fixVersion>1.6.0</fixVersion>
                                    <component>Utilities</component>
                        <due></due>
                            <votes>0</votes>
                                    <watches>0</watches>
                                                                <comments>
                            <comment id="13000113" author="shinya" created="Mon, 28 Feb 2011 05:19:27 +0000"  >&lt;p&gt;A patch that fixes the problem, along with a test case.&lt;/p&gt;</comment>
                            <comment id="13009294" author="lehmi" created="Mon, 21 Mar 2011 18:59:19 +0000"  >&lt;p&gt;I added the patch as proposed in revision 1083901.&lt;/p&gt;

&lt;p&gt;Thanks fro the contribution!&lt;/p&gt;</comment>
                    </comments>
                    <attachments>
                            <attachment id="12472143" name="EscapeTitle.patch" size="4374" author="shinya" created="Mon, 28 Feb 2011 05:19:27 +0000"/>
                    </attachments>
                <subtasks>
                    </subtasks>
                <customfields>
                                                <customfield id="customfield_12310310" key="com.atlassian.jira.toolkit:attachments">
                        <customfieldname>Attachment count</customfieldname>
                        <customfieldvalues>
                            <customfieldvalue>1.0</customfieldvalue>
                        </customfieldvalues>
                    </customfield>
                                                                                            <customfield id="customfield_12310220" key="com.atlassian.jira.ext.charting:firstresponsedate">
                        <customfieldname>Date of First Response</customfieldname>
                        <customfieldvalues>
                            <customfieldvalue>Mon, 21 Mar 2011 18:59:19 +0000</customfieldvalue>

                        </customfieldvalues>
                    </customfield>
                                                                                                                                                    <customfield id="customfield_12310420" key="com.pyxis.greenhopper.jira:gh-global-rank">
                        <customfieldname>Global Rank</customfieldname>
                        <customfieldvalues>
                            <customfieldvalue>69414</customfieldvalue>
                        </customfieldvalues>
                    </customfield>
                                                                <customfield id="customfield_12310920" key="com.pyxis.greenhopper.jira:gh-global-rank">
                        <customfieldname>Rank</customfieldname>
                        <customfieldvalues>
                            <customfieldvalue>205683</customfieldvalue>
                        </customfieldvalues>
                    </customfield>
                                                                                                                        <customfield id="customfield_12310222" key="com.atlassian.jira.ext.charting:timeinstatus">
                        <customfieldname>Time in Status</customfieldname>
                        <customfieldvalues>
                            
                        </customfieldvalues>
                    </customfield>
                                    </customfields>
    </item>
</channel>
</rss>
