<!--
RSS generated by JIRA (6.2#6252-sha1:aa343257d4ce030d9cb8c531be520be9fac1c996) at Tue Jun 03 18:02:32 UTC 2014

It is possible to restrict the fields that are returned in this document by specifying the 'field' parameter in your request.
For example, to request only the issue key and summary add field=key&field=summary to the URL of your request.
For example:
https://issues.apache.org/jira/sr/jira.issueviews:searchrequest-xml/temp/SearchRequest.xml?jqlQuery=project+%3D+PDFBOX+AND+issuetype+%3D+Bug+AND+created+%3E%3D+2009-7-1+AND+created+%3C%3D+2009-8-1+ORDER+BY+key+ASC&tempMax=100&field=key&field=summary
-->
<!-- If you wish to do custom client-side styling of RSS, uncomment this:
<?xml-stylesheet href="https://issues.apache.org/jira/styles/jiraxml2html.xsl" type="text/xsl"?>
-->
<rss version="0.92">
    <channel>
        <title>ASF JIRA</title>
        <link>https://issues.apache.org/jira/secure/IssueNavigator.jspa?reset=true&amp;jqlQuery=project+%3D+PDFBOX+AND+issuetype+%3D+Bug+AND+created+%3E%3D+2009-7-1+AND+created+%3C%3D+2009-8-1+ORDER+BY+key+ASC</link>
        <description>An XML representation of a search request</description>
                <language>en-uk</language>
                        <issue start="0" end="6" total="6"/>
                <build-info>
            <version>6.2</version>
            <build-number>6252</build-number>
            <build-date>19-02-2014</build-date>
        </build-info>
<item>
            <title>[PDFBOX-490] Pdf Printing of text from embedded fonts</title>
                <link>https://issues.apache.org/jira/browse/PDFBOX-490</link>
                <project id="12310760" key="PDFBOX">PDFBox</project>
                    <description>&lt;p&gt;When printing from utility PrintPdf, text is rendered in the wrong typeface. The correct typeface is embedded within the PDF (Embedded Subset) as a TrueType font with an ANSI encoding. It may be noted that the AcroFields in a Courier typeface render correctly.&lt;/p&gt;</description>
                <environment>Windows XP, JRE 1.6</environment>
        <key id="12429670">PDFBOX-490</key>
            <summary>Pdf Printing of text from embedded fonts</summary>
                <type id="1" iconUrl="https://issues.apache.org/jira/images/icons/issuetypes/bug.png">Bug</type>
                                            <priority id="3" iconUrl="https://issues.apache.org/jira/images/icons/priorities/major.png">Major</priority>
                        <status id="5" iconUrl="https://issues.apache.org/jira/images/icons/statuses/resolved.png" description="A resolution has been taken, and it is awaiting verification by reporter. From here issues are either reopened, or are closed.">Resolved</status>
                    <statusCategory id="3" key="done" colorName="green"/>
                                    <resolution id="1">Fixed</resolution>
                                        <assignee username="lehmi">Andreas Lehmk&#252;hler</assignee>
                                    <reporter username="stevepoling">Steve Poling</reporter>
                        <labels>
                    </labels>
                <created>Tue, 7 Jul 2009 05:27:47 +0100</created>
                <updated>Tue, 20 May 2014 20:26:57 +0100</updated>
                            <resolved>Wed, 24 Jul 2013 20:30:44 +0100</resolved>
                                    <version>0.8.0-incubator</version>
                                    <fixVersion>2.0.0</fixVersion>
                                    <component>FontBox</component>
                        <due></due>
                            <votes>22</votes>
                                    <watches>23</watches>
                                                                <comments>
                            <comment id="12727909" author="stevepoling" created="Tue, 7 Jul 2009 05:29:35 +0100"  >&lt;p&gt;This file illustrates the problem. Please let me know if attaching the TTF files used to generate this PDF would prove helpful.&lt;/p&gt;</comment>
                            <comment id="12728170" author="lehmi" created="Tue, 7 Jul 2009 17:21:42 +0100"  >&lt;p&gt;I guess the streams for the fonts (embedded subset) aren&apos;t complete. The PostScriptTable is missing and obviously java needs it to create an awt-font from a truetype-font (see java.awt.Font.createFont). otherwise a FontFormatException is thrown.&lt;/p&gt;

&lt;p&gt;Does anyone know a workaround? Or do we have to implement a ttf-streamwriter to create a repaired ttf-stream?&lt;/p&gt;</comment>
                            <comment id="12735951" author="lehmi" created="Tue, 28 Jul 2009 06:59:17 +0100"  >&lt;p&gt;I&apos;ve to correct my former guess. First off all the problem is the missing Naming-Table.&lt;/p&gt;

&lt;p&gt;I think there are two possible options to solve this issue. In both cases we have to improve the TTFParser.&lt;/p&gt;

&lt;p&gt;(1) repair the incomplete stream before passing it to the createFont method&lt;br/&gt;
(2) create an awtfont on our own with the provided data from the embedded fontdata&lt;/p&gt;

&lt;p&gt;I guess (1) will be easier. Any other ideas?&lt;/p&gt;</comment>
                            <comment id="12792380" author="lehmi" created="Fri, 18 Dec 2009 08:01:27 +0000"  >&lt;p&gt;I&apos;ve worked on option (1) but it&apos;s more complicated than I thought at first. At the moment I&apos;m working on &lt;a href=&quot;https://issues.apache.org/jira/browse/PDFBOX-542&quot; title=&quot;Support for Adobe CFF/Type2 fonts&quot; class=&quot;issue-link&quot; data-issue-key=&quot;PDFBOX-542&quot;&gt;&lt;del&gt;PDFBOX-542&lt;/del&gt;&lt;/a&gt; which will add support for CFF/Type2 fonts to fontbox. As java doesn&apos;t support that font format, those fonts will be converted to a Type1 font which is supported by java. Returning to our issue with embedded subsets of true type fonts, this will be a suitable solution too.&lt;/p&gt;</comment>
                            <comment id="12796548" author="stevepoling" created="Tue, 5 Jan 2010 06:11:46 +0000"  >&lt;p&gt;I just took inventory of the tables used in the TTF data embedded in the PDF attached to &lt;a href=&quot;https://issues.apache.org/jira/browse/PDFBOX-490&quot; title=&quot;Pdf Printing of text from embedded fonts&quot; class=&quot;issue-link&quot; data-issue-key=&quot;PDFBOX-490&quot;&gt;&lt;del&gt;PDFBOX-490&lt;/del&gt;&lt;/a&gt; and compared it with the TTF file from which the data originated. I found that the following tables are omitted: hdmx (horizonal device metrics), name, and post (glyph name and postscript compatibility).&lt;/p&gt;

&lt;p&gt;Have you attempted adding any of these tables to the TTF stream? I suppose the easiest would be the name table, then post, then hdmx. I note the TTF documentation requires the name and post tables, but not the hdmx, so I suppose I might get by without that.&lt;/p&gt;

&lt;p&gt;Is there anything in the pdfbox codebase that reads/writes TTF files?&lt;/p&gt;</comment>
                            <comment id="12796560" author="lehmi" created="Tue, 5 Jan 2010 06:53:20 +0000"  >&lt;p&gt;The java font loader complains about the missing name table, so that I tried to add that one. To do so, we have to implement a TTF writer. There are already some classes &lt;span class=&quot;error&quot;&gt;&amp;#91;1&amp;#93;&lt;/span&gt; from the TTFParser which can be used.&lt;/p&gt;


&lt;p&gt;&lt;span class=&quot;error&quot;&gt;&amp;#91;1&amp;#93;&lt;/span&gt; &lt;a href=&quot;http://svn.eu.apache.org/viewvc/pdfbox/fontbox/trunk/src/main/java/org/apache/fontbox/ttf/&quot; class=&quot;external-link&quot; rel=&quot;nofollow&quot;&gt;http://svn.eu.apache.org/viewvc/pdfbox/fontbox/trunk/src/main/java/org/apache/fontbox/ttf/&lt;/a&gt;&lt;/p&gt;</comment>
                            <comment id="12855419" author="d.verdaasdonk@greencat-it.com" created="Fri, 9 Apr 2010 15:51:17 +0100"  >&lt;p&gt;Hi there,&lt;br/&gt;
is there any update on this item?&lt;br/&gt;
i was hoping it was sorted in the newest version, 1.1.0, but pitty enough it was not in yet.&lt;br/&gt;
let me know.&lt;br/&gt;
thanks&lt;br/&gt;
dennis&lt;/p&gt;</comment>
                            <comment id="12869110" author="bigbadowl" created="Wed, 19 May 2010 13:16:05 +0100"  >&lt;p&gt;Are there any known work arounds at this time? I really need to find a way round this issue.&lt;/p&gt;</comment>
                            <comment id="12874080" author="friedrichcarlcneisenau" created="Tue, 1 Jun 2010 16:47:06 +0100"  >&lt;p&gt;In 1.1.0 it seems not be fixed. I have the same problem with a report. Here the given Fonttype is Arial (embedded).&lt;/p&gt;

&lt;p&gt;Has anyone a work around for this problem. It&apos;s very urgend.&lt;/p&gt;</comment>
                            <comment id="12923019" author="joshdm" created="Wed, 20 Oct 2010 16:45:50 +0100"  >&lt;p&gt;Is there a workaround for this issue, or is there at least a way to detect whether a PDF has these embedded fonts in order to flag the file as a potential problem prior to processing?&lt;/p&gt;</comment>
                            <comment id="12933800" author="alexanderg" created="Fri, 19 Nov 2010 13:18:08 +0000"  >&lt;p&gt;Still not fixed in current snapshot of version 1.4.0&lt;/p&gt;</comment>
                            <comment id="12989768" author="lehmi" created="Wed, 2 Feb 2011 19:51:21 +0000"  >&lt;p&gt;After doing some font stuff I came to the conclusion, that it might be easier to follow solution 2. The following things have to be done:&lt;/p&gt;

&lt;ul class=&quot;alternate&quot; type=&quot;square&quot;&gt;
	&lt;li&gt;improve the TTFParser to read the glyph data&lt;/li&gt;
	&lt;li&gt;adapt the CFF2Type1 code so that it is possible to create a type1 font using the TTF data&lt;/li&gt;
&lt;/ul&gt;
</comment>
                            <comment id="13008963" author="janssen" created="Sun, 20 Mar 2011 20:29:04 +0000"  >&lt;p&gt;You can find another image that PDFBox 1.5.0 PDFToImage fails miserably on at &lt;a href=&quot;http://www.lavasurfer.com/100akerpathology.pdf&quot; class=&quot;external-link&quot; rel=&quot;nofollow&quot;&gt;http://www.lavasurfer.com/100akerpathology.pdf&lt;/a&gt;.  In general, I find this a useful short test page, as it has so many elements:  images, tables, references, vertical text, etc.&lt;/p&gt;</comment>
                            <comment id="13027622" author="bsp" created="Mon, 2 May 2011 12:34:15 +0100"  >&lt;p&gt;I would like to see fix for this bug as soon as possible...&lt;/p&gt;

&lt;p&gt;But for people who need workaround, there is one &quot;hack&quot;: you can alter PDTrueTypeFont::getawtFont() code to always &lt;img class=&quot;emoticon&quot; src=&quot;https://issues.apache.org/jira/images/icons/emoticons/warning.gif&quot; height=&quot;16&quot; width=&quot;16&quot; align=&quot;absmiddle&quot; alt=&quot;&quot; border=&quot;0&quot;/&gt; replace embedded font with some another font. For example, you can include some popular fonts into your program distribution, load them into some static map and use it like:&lt;/p&gt;

&lt;p&gt;                if (awtFont != null) {&lt;br/&gt;
                    String name = awtFont.getName();&lt;br/&gt;
                    Font replace = FontsHelper.getHelperFont(name);&lt;br/&gt;
                    if (replace != null) &lt;/p&gt;
{
                        log.debug(&quot;Replace embedded font &apos;&quot; + name + &quot;&apos; with env. provided&quot;);
                        awtFont = replace;
                    }
&lt;p&gt;                }&lt;/p&gt;

&lt;p&gt;This way page shows nicely. Of course, all fonts from this page shall be included in your program distribution, and can be done only for well-known fonts like OpenSymbol or Liberation, and you shall be aware of fonts license problems and etc., but at least it works.&lt;/p&gt;

&lt;p&gt;(if you need more detailed information, like diff/patch, leave me a comment)&lt;/p&gt;</comment>
                            <comment id="13071163" author="levinson@intersystems.com" created="Tue, 26 Jul 2011 16:40:06 +0100"  >&lt;p&gt;Hi Sergey,&lt;/p&gt;

&lt;p&gt;I would like more detailed information - a diff/patch for the code you added in your comment of 02/May/11.&lt;/p&gt;

&lt;p&gt;Also, pardon my ignorance, but what do you mean by you may include some popular fonts into your program distribution and load them into some static map.&lt;/p&gt;

&lt;p&gt;Does this mean we need a special build of PDFBox that includes the fonts we wish to use?  Or is there some way of specifying the fonts dynamically even though they are not built together with PDFBox.&lt;/p&gt;

&lt;p&gt;I&apos;m a newbie to this area, so I&apos;m sorry if my questions seem elementary.&lt;/p&gt;

&lt;p&gt;Thanks,&lt;br/&gt;
Jonathan Levinson&lt;/p&gt;</comment>
                            <comment id="13071592" author="jensbruhn" created="Wed, 27 Jul 2011 09:09:12 +0100"  >&lt;p&gt;My own workaround is attached. If someone has a better workaround or some more ideas, I would really like to see them here.&lt;/p&gt;

&lt;p&gt;It still doesn&apos;t work for special characters with &quot;Symbol&quot;-Font (created with LibreOffice PDF-Export). Any ideas?&lt;/p&gt;

&lt;p&gt;Greetings,&lt;br/&gt;
 jens&lt;/p&gt;


&lt;p&gt;Class PDTrueTypeFont:&lt;/p&gt;

&lt;p&gt;private final Map&amp;lt;String, String&amp;gt; _normalizedFontNameSet = new HashMap&amp;lt;String, String&amp;gt;();&lt;br/&gt;
private final Map&amp;lt;String, Font&amp;gt; _fontCache = new HashMap&amp;lt;String, Font&amp;gt;();&lt;/p&gt;

&lt;p&gt;@Override&lt;br/&gt;
    public Font getawtFont() throws IOException&lt;br/&gt;
    {&lt;br/&gt;
        PDFontDescriptorDictionary fd = (PDFontDescriptorDictionary) getFontDescriptor();&lt;br/&gt;
        final String fontName = fd.getFontName();&lt;/p&gt;

&lt;p&gt;        if (_fontCache.keySet().contains(fontName))&lt;/p&gt;
        {
            awtFont = _fontCache.get(fontName);
        }
&lt;p&gt;        else&lt;br/&gt;
        {&lt;br/&gt;
            final String fontAndStyle = fontName.substring(fontName.indexOf(&quot;+&quot;) + 1, fontName.length() - 2);&lt;br/&gt;
            final String pureFontName = fontAndStyle.contains(&quot;&lt;del&gt;&quot;) ? fontAndStyle.substring(0, fontAndStyle.indexOf(&quot;&lt;/del&gt;&quot;))&lt;br/&gt;
                    : fontAndStyle;&lt;br/&gt;
            final String pureStyleName = fontAndStyle.contains(&quot;&lt;del&gt;&quot;) ? fontAndStyle.substring(fontAndStyle.indexOf(&quot;&lt;/del&gt;&quot;) + 1) : &quot;&quot;;&lt;br/&gt;
            int style = 0;&lt;/p&gt;

&lt;p&gt;            if (pureStyleName.toLowerCase().contains(&quot;bold&quot;))&lt;/p&gt;
            {
                style |= Font.BOLD;
            }
&lt;p&gt;            if (pureStyleName.toLowerCase().contains(&quot;italic&quot;))&lt;/p&gt;
            {
                style |= Font.ITALIC;
            }

&lt;p&gt;            final String newFontName = getLocalFontName(pureFontName);&lt;br/&gt;
            awtFont = new Font(newFontName == null ? &quot;Arial&quot; : newFontName, style, 10);&lt;br/&gt;
            _fontCache.put(fontName, awtFont);&lt;br/&gt;
        }&lt;/p&gt;

&lt;p&gt;        return awtFont;&lt;br/&gt;
    }&lt;/p&gt;

&lt;p&gt;    private String getLocalFontName(final String name)&lt;br/&gt;
    {&lt;br/&gt;
        final Iterator&amp;lt;String&amp;gt; iterator = _normalizedFontNameSet.keySet().iterator();&lt;br/&gt;
        final String compareName = name.toLowerCase();&lt;br/&gt;
        String result = null;&lt;/p&gt;

&lt;p&gt;        while (iterator.hasNext())&lt;br/&gt;
        {&lt;br/&gt;
            final String fontName = iterator.next();&lt;/p&gt;

&lt;p&gt;            if (compareName.contains(fontName))&lt;/p&gt;
            {
                result = _normalizedFontNameSet.get(fontName);
                break;
            }
&lt;p&gt;        }&lt;/p&gt;

&lt;p&gt;        return result;&lt;br/&gt;
    }&lt;/p&gt;</comment>
                            <comment id="13071593" author="jensbruhn" created="Wed, 27 Jul 2011 09:10:56 +0100"  >&lt;p&gt;forgot to mention the init()-method, which should be called by constructor:&lt;/p&gt;

&lt;p&gt;private void init()&lt;br/&gt;
    {&lt;br/&gt;
        final GraphicsEnvironment ge = GraphicsEnvironment.getLocalGraphicsEnvironment();&lt;br/&gt;
        final String[] fontFamilies = ge.getAvailableFontFamilyNames();&lt;/p&gt;

&lt;p&gt;        for (final String fontFamily : fontFamilies)&lt;/p&gt;
        {
            final String fontName = fontFamily.toLowerCase().replaceAll(&quot; &quot;, &quot;&quot;);
            _normalizedFontNameSet.put(fontName, fontFamily);
        }
&lt;p&gt;    }&lt;/p&gt;</comment>
                            <comment id="13106742" author="jmanko" created="Fri, 16 Sep 2011 20:29:08 +0100"  >&lt;p&gt;Jens, I applied your changes to the latest pdfbox svn truck (as of today), and I&apos;m still getting a similar problem.  I was wondering if you can advise.  Here is the warning (which results in a printed document where the font type is changed and other odd problems such as spaces modified to contain other characters and bullet numbers changed to strange characters):&lt;/p&gt;

&lt;p&gt;Sep 16, 2011 3:07:27 PM org.apache.pdfbox.pdmodel.font.PDSimpleFont drawString&lt;br/&gt;
WARNING: Changing font on &amp;lt;T&amp;gt; from &amp;lt;Liberation Serif Bold&amp;gt; to the default font&lt;/p&gt;

&lt;p&gt;I&apos;m running Ubuntu 11.04, and the PDF was originally created in OpenOffice.org.&lt;/p&gt;

&lt;p&gt;Here are the fonts used by the PDF:&lt;/p&gt;

&lt;p&gt;LiberationSerif-Bold&lt;br/&gt;
 TrueType&lt;br/&gt;
 Embedded subset&lt;/p&gt;

&lt;p&gt;LiberationSerif&lt;br/&gt;
 TrueType&lt;br/&gt;
 Embedded subset&lt;/p&gt;

&lt;p&gt;Courier10PitchBT-Bold&lt;br/&gt;
 TrueType&lt;br/&gt;
 Embedded&lt;/p&gt;

&lt;p&gt;Courier10PitchBT-Roman&lt;br/&gt;
 TrueType&lt;br/&gt;
 Embedded&lt;/p&gt;


&lt;p&gt;This is my version of the JVM:&lt;/p&gt;

&lt;p&gt;$ java -version&lt;br/&gt;
java version &quot;1.6.0_22&quot;&lt;br/&gt;
OpenJDK Runtime Environment (IcedTea6 1.10.2) (6b22-1.10.2-0ubuntu1~11.04.1)&lt;br/&gt;
OpenJDK 64-Bit Server VM (build 20.0-b11, mixed mode)&lt;/p&gt;


&lt;p&gt;I&apos;ve also testing using Sun HotSpot JVM, but the issue occurs.  Here is that version:&lt;/p&gt;

&lt;p&gt;$ /usr/lib/jvm/java-6-sun/bin/java -version&lt;br/&gt;
java version &quot;1.6.0_26&quot;&lt;br/&gt;
Java(TM) SE Runtime Environment (build 1.6.0_26-b03)&lt;br/&gt;
Java HotSpot(TM) 64-Bit Server VM (build 20.1-b02, mixed mode)&lt;/p&gt;
</comment>
                            <comment id="13240304" author="tanis" created="Wed, 28 Mar 2012 10:11:12 +0100"  >&lt;p&gt;Is there any news about this bug? I&apos;m experiencing this same issue with version 1.6.0 of PDFBox and it looks like it&apos;s still because of Embedded Subset fonts.&lt;/p&gt;</comment>
                            <comment id="13243990" author="lehmi" created="Mon, 2 Apr 2012 07:05:10 +0100"  >&lt;p&gt;All suggested solutions are based on font substitution which is already part of PDFBox and will only work in very special cases.&lt;/p&gt;

&lt;p&gt;IMHO the one and only solution is to implement a TTF reader to read all necessary information to create glyphs on our own. I&apos;m doing some progess using some batik code. I hope there will be more soon.&lt;/p&gt;</comment>
                            <comment id="13249938" author="lehmi" created="Mon, 9 Apr 2012 17:43:00 +0100"  >&lt;p&gt;I improved the TTFReader (in revisons 1311300 and 1311314 ) to read the glyph information which is needed to render them. &lt;/p&gt;

&lt;p&gt;The implementation is based on some batik code which is a subproject of Apache XML Graphics Project &lt;span class=&quot;error&quot;&gt;&amp;#91;1&amp;#93;&lt;/span&gt;, &lt;span class=&quot;error&quot;&gt;&amp;#91;2&amp;#93;&lt;/span&gt;&lt;/p&gt;

&lt;p&gt;The next step will be to implement some code to render the read information. I already started with that and it looks promising.&lt;/p&gt;

&lt;p&gt;&lt;span class=&quot;error&quot;&gt;&amp;#91;1&amp;#93;&lt;/span&gt; &lt;a href=&quot;http://xmlgraphics.apache.org/batik/&quot; class=&quot;external-link&quot; rel=&quot;nofollow&quot;&gt;http://xmlgraphics.apache.org/batik/&lt;/a&gt;&lt;br/&gt;
&lt;span class=&quot;error&quot;&gt;&amp;#91;2&amp;#93;&lt;/span&gt; &lt;a href=&quot;http://svn.apache.org/viewvc/xmlgraphics/batik/trunk/sources/org/apache/batik/svggen/font/table/&quot; class=&quot;external-link&quot; rel=&quot;nofollow&quot;&gt;http://svn.apache.org/viewvc/xmlgraphics/batik/trunk/sources/org/apache/batik/svggen/font/table/&lt;/a&gt;&lt;/p&gt;</comment>
                            <comment id="13254309" author="lehmi" created="Sun, 15 Apr 2012 12:40:41 +0100"  >&lt;p&gt;I fixed some problems to avoid an OutOfMemoryException in revision 1326311 including a patch proposed by Eric Leleu, see &lt;a href=&quot;https://issues.apache.org/jira/browse/PDFBOX-1265&quot; title=&quot;Invalid Font Definition&quot; class=&quot;issue-link&quot; data-issue-key=&quot;PDFBOX-1265&quot;&gt;&lt;del&gt;PDFBOX-1265&lt;/del&gt;&lt;/a&gt; for details.&lt;/p&gt;

&lt;p&gt;Embedded subsets only contains a subset of glyphs, but nevertheless their head-table may still pretend to consist of all glyphs. Just stop reading glyphs if the end of the glyph table is reached solves the issue.&lt;/p&gt;</comment>
                            <comment id="13279709" author="lehmi" created="Sun, 20 May 2012 11:15:29 +0100"  >&lt;p&gt;I added a new class to convert a TTF-glyph into an AWT-GeneralPath in revision 1340655&lt;/p&gt;</comment>
                            <comment id="13279714" author="lehmi" created="Sun, 20 May 2012 11:45:14 +0100"  >&lt;p&gt;The conversion of simple glyphs into a GeneralPath works quite good, but there are still some issues with composite glyphs.&lt;br/&gt;
Find attached a simple piece of code to test the conversion. It draws every glyph of a given font and creates a png pic of them.&lt;br/&gt;
Any comments and improvements are welcome&lt;/p&gt;</comment>
                            <comment id="13442450" author="chupacabras" created="Mon, 27 Aug 2012 15:55:29 +0100"  >&lt;p&gt;I don&apos;t think that problem is in missing &quot;post&quot; (PostScript) data in embedded font.&lt;/p&gt;

&lt;p&gt;IMHO the problem is that &quot;cmap&quot; table is missing.&lt;/p&gt;

&lt;p&gt;Of course I have tested that. When I remove &quot;cmap&quot; from proper font, JRE is not able to load/use that font. When I remove &quot;post&quot; from proper font, JRE is able to load/use that font.&lt;/p&gt;</comment>
                            <comment id="13442655" author="chupacabras" created="Mon, 27 Aug 2012 20:41:47 +0100"  >&lt;p&gt;i made &quot;proof of concept&quot; java class (without changing a letter in pdfbox sources).&lt;br/&gt;
embedded fonts and converting pdf to image works fine &lt;img class=&quot;emoticon&quot; src=&quot;https://issues.apache.org/jira/images/icons/emoticons/smile.gif&quot; height=&quot;16&quot; width=&quot;16&quot; align=&quot;absmiddle&quot; alt=&quot;&quot; border=&quot;0&quot;/&gt;&lt;/p&gt;

&lt;p&gt;It works this way:&lt;br/&gt;
1. find pdfonts in pdf&lt;br/&gt;
2. if pdfont has stream (=embedded font) then read it&lt;br/&gt;
3. get unicode chars mapping from pdfont (=cmap)&lt;br/&gt;
4. insert cmap into embedded font&lt;br/&gt;
5. replace stream in pdfont&lt;/p&gt;

&lt;p&gt;it looks complicated, but in fact it is not too much.&lt;/p&gt;

&lt;p&gt;are you interested in implementing it into pdfbox?&lt;/p&gt;</comment>
                            <comment id="13443836" author="lehmi" created="Wed, 29 Aug 2012 07:07:19 +0100"  >&lt;p&gt;Of course, we are interested! &lt;/p&gt;

&lt;p&gt;The easiest way would be a patch. If you are not sure how to integrate your solution into PDFBox, you should just attach the PoC and we&apos;ll work together to integrate it.&lt;/p&gt;

&lt;p&gt;IMO this would be just a temporarily workaround. In the long run we have to load and render all fonts on our own, as most of them are not supported by java directly. So your solution would buy us some valuable time and would ease the pain we have handling those embedded fonts.&lt;/p&gt;

&lt;p&gt;To make a long story short, I really appreciate your offer and can&apos;t wait to get a hand on it &lt;img class=&quot;emoticon&quot; src=&quot;https://issues.apache.org/jira/images/icons/emoticons/smile.gif&quot; height=&quot;16&quot; width=&quot;16&quot; align=&quot;absmiddle&quot; alt=&quot;&quot; border=&quot;0&quot;/&gt;&lt;/p&gt;</comment>
                            <comment id="13443874" author="chupacabras" created="Wed, 29 Aug 2012 08:31:12 +0100"  >&lt;p&gt;OK &lt;img class=&quot;emoticon&quot; src=&quot;https://issues.apache.org/jira/images/icons/emoticons/smile.gif&quot; height=&quot;16&quot; width=&quot;16&quot; align=&quot;absmiddle&quot; alt=&quot;&quot; border=&quot;0&quot;/&gt;&lt;br/&gt;
I attached it here:&lt;br/&gt;
&lt;a href=&quot;https://issues.apache.org/jira/browse/PDFBOX-1397&quot; class=&quot;external-link&quot; rel=&quot;nofollow&quot;&gt;https://issues.apache.org/jira/browse/PDFBOX-1397&lt;/a&gt;&lt;/p&gt;</comment>
                            <comment id="13503991" author="lehmi" created="Mon, 26 Nov 2012 19:06:41 +0000"  >&lt;p&gt;I added a workaround in revision 1413782. It solves the issue with the attached file, BUT it doesn&apos;t work in every case. It uses the new TTFSubfont support of fontbox (see &lt;a href=&quot;https://issues.apache.org/jira/browse/PDFBOX-922&quot; title=&quot;True type PDFont subclass only supports WinAnsiEncoding (hardcoded!)&quot; class=&quot;issue-link&quot; data-issue-key=&quot;PDFBOX-922&quot;&gt;PDFBOX-922&lt;/a&gt;) to rebuild the embedded font. It is limited to WinANSI fonts which doesn&apos;t contain a naming table. I guess it&apos;ll be easy to integrate Juraj idea about rebuilding a missing cmap table.&lt;/p&gt;</comment>
                            <comment id="13509694" author="sindhu kashyap" created="Tue, 4 Dec 2012 12:11:28 +0000"  >&lt;p&gt;Hi,&lt;/p&gt;

&lt;p&gt;Has the embedded font issue been addressed and resolved in the next verion of pdfbox 1.7?&lt;/p&gt;</comment>
                            <comment id="13718023" author="lehmi" created="Wed, 24 Jul 2013 06:58:11 +0100"  >&lt;p&gt;I fixed some minor fontbox issues in revision 1506164:&lt;/p&gt;

&lt;ul class=&quot;alternate&quot; type=&quot;square&quot;&gt;
	&lt;li&gt;fixed the CMap format 2 parser&lt;/li&gt;
	&lt;li&gt;added 2 new platform constants&lt;/li&gt;
	&lt;li&gt;fixed the table check of the TTFParser (CID fonts may omit CMap tables)&lt;/li&gt;
	&lt;li&gt;removed the Glyph2D class (the implementation will be moved to pdfbox)&lt;/li&gt;
&lt;/ul&gt;


&lt;p&gt;More to come, stay tuned ...&lt;/p&gt;</comment>
                            <comment id="13718741" author="lehmi" created="Wed, 24 Jul 2013 20:30:44 +0100"  >&lt;p&gt;I added rendering for TTF fonts in revision 1506667. &lt;/p&gt;

&lt;p&gt;This should solve a lot of problems, but there are still some minor issues left. I&apos;ll create some new JIRAs for those. In a couple of days I&apos;ll start to clean the linked JIRAs.&lt;/p&gt;

&lt;p&gt;Thanks to all who helped me to get this done!&lt;/p&gt;</comment>
                    </comments>
                <issuelinks>
                            <issuelinktype id="12310000">
                    <name>Duplicate</name>
                                            <outwardlinks description="duplicates">
                                        <issuelink>
            <issuekey id="12514483">PDFBOX-1068</issuekey>
        </issuelink>
            <issuelink>
            <issuekey id="12715112">PDFBOX-2083</issuekey>
        </issuelink>
            <issuelink>
            <issuekey id="12715349">PDFBOX-2085</issuekey>
        </issuelink>
                            </outwardlinks>
                                                                <inwardlinks description="is duplicated by">
                                        <issuelink>
            <issuekey id="12493676">PDFBOX-924</issuekey>
        </issuelink>
            <issuelink>
            <issuekey id="12501818">PDFBOX-984</issuekey>
        </issuelink>
            <issuelink>
            <issuekey id="12614523">PDFBOX-1436</issuekey>
        </issuelink>
            <issuelink>
            <issuekey id="12632707">PDFBOX-1520</issuekey>
        </issuelink>
            <issuelink>
            <issuekey id="12664339">PDFBOX-1699</issuekey>
        </issuelink>
            <issuelink>
            <issuekey id="12668650">PDFBOX-1717</issuekey>
        </issuelink>
            <issuelink>
            <issuekey id="12712561">PDFBOX-2060</issuekey>
        </issuelink>
                            </inwardlinks>
                                    </issuelinktype>
                            <issuelinktype id="10030">
                    <name>Reference</name>
                                            <outwardlinks description="relates to">
                                        <issuelink>
            <issuekey id="12560162">PDFBOX-1336</issuekey>
        </issuelink>
            <issuelink>
            <issuekey id="12413445">PDFBOX-412</issuekey>
        </issuelink>
            <issuelink>
            <issuekey id="12421646">PDFBOX-447</issuekey>
        </issuelink>
            <issuelink>
            <issuekey id="12432021">PDFBOX-501</issuekey>
        </issuelink>
            <issuelink>
            <issuekey id="12458730">PDFBOX-657</issuekey>
        </issuelink>
            <issuelink>
            <issuekey id="12607267">PDFBOX-1413</issuekey>
        </issuelink>
            <issuelink>
            <issuekey id="12614316">PDFBOX-1435</issuekey>
        </issuelink>
            <issuelink>
            <issuekey id="12617481">PDFBOX-1452</issuekey>
        </issuelink>
                            </outwardlinks>
                                                        </issuelinktype>
                            <issuelinktype id="10001">
                    <name>dependent</name>
                                            <outwardlinks description="depends upon">
                                        <issuelink>
            <issuekey id="12655442">PDFBOX-1655</issuekey>
        </issuelink>
            <issuelink>
            <issuekey id="12655627">PDFBOX-1657</issuekey>
        </issuelink>
                            </outwardlinks>
                                                                <inwardlinks description="is depended upon by">
                                        <issuelink>
            <issuekey id="12508648">PDFBOX-1020</issuekey>
        </issuelink>
            <issuelink>
            <issuekey id="12528655">PDFBOX-1148</issuekey>
        </issuelink>
            <issuelink>
            <issuekey id="12550034">PDFBOX-1282</issuekey>
        </issuelink>
            <issuelink>
            <issuekey id="12552849">PDFBOX-1296</issuekey>
        </issuelink>
            <issuelink>
            <issuekey id="12559508">PDFBOX-1332</issuekey>
        </issuelink>
            <issuelink>
            <issuekey id="12604038">PDFBOX-1391</issuekey>
        </issuelink>
            <issuelink>
            <issuekey id="12659575">PDFBOX-1671</issuekey>
        </issuelink>
            <issuelink>
            <issuekey id="12661845">PDFBOX-1678</issuekey>
        </issuelink>
            <issuelink>
            <issuekey id="12608604">PDFBOX-1414</issuekey>
        </issuelink>
            <issuelink>
            <issuekey id="12604856">PDFBOX-1397</issuekey>
        </issuelink>
            <issuelink>
            <issuekey id="12553959">PDFBOX-1302</issuekey>
        </issuelink>
                            </inwardlinks>
                                    </issuelinktype>
                    </issuelinks>
                <attachments>
                            <attachment id="12528313" name="TestTTFGlyph.java" size="5966" author="lehmi" created="Sun, 20 May 2012 11:45:14 +0100"/>
                            <attachment id="12412701" name="filled.pdf" size="241149" author="stevepoling" created="Tue, 7 Jul 2009 05:29:35 +0100"/>
                    </attachments>
                <subtasks>
                    </subtasks>
                <customfields>
                                                <customfield id="customfield_12310310" key="com.atlassian.jira.toolkit:attachments">
                        <customfieldname>Attachment count</customfieldname>
                        <customfieldvalues>
                            <customfieldvalue>2.0</customfieldvalue>
                        </customfieldvalues>
                    </customfield>
                                                                                            <customfield id="customfield_12310220" key="com.atlassian.jira.ext.charting:firstresponsedate">
                        <customfieldname>Date of First Response</customfieldname>
                        <customfieldvalues>
                            <customfieldvalue>Tue, 7 Jul 2009 16:21:42 +0000</customfieldvalue>

                        </customfieldvalues>
                    </customfield>
                                                                                                                                                    <customfield id="customfield_12310420" key="com.pyxis.greenhopper.jira:gh-global-rank">
                        <customfieldname>Global Rank</customfieldname>
                        <customfieldvalues>
                            <customfieldvalue>60358</customfieldvalue>
                        </customfieldvalues>
                    </customfield>
                                                                <customfield id="customfield_12310920" key="com.pyxis.greenhopper.jira:gh-global-rank">
                        <customfieldname>Rank</customfieldname>
                        <customfieldvalues>
                            <customfieldvalue>83596</customfieldvalue>
                        </customfieldvalues>
                    </customfield>
                                                                                                                        <customfield id="customfield_12310222" key="com.atlassian.jira.ext.charting:timeinstatus">
                        <customfieldname>Time in Status</customfieldname>
                        <customfieldvalues>
                            
                        </customfieldvalues>
                    </customfield>
                                    </customfields>
    </item>

<item>
            <title>[PDFBOX-491] Problem with printing pdf document having chinese characters</title>
                <link>https://issues.apache.org/jira/browse/PDFBOX-491</link>
                <project id="12310760" key="PDFBOX">PDFBox</project>
                    <description>&lt;p&gt;We are getting the following exception.&lt;/p&gt;


&lt;p&gt;java.awt.print.PrinterIOException&lt;br/&gt;
	at org.pdfbox.pdmodel.PDPage.print(PDPage.java:745)&lt;br/&gt;
	at sun.print.RasterPrinterJob.printPage(Unknown Source)&lt;br/&gt;
	at sun.print.RasterPrinterJob.print(Unknown Source)&lt;br/&gt;
	at sun.print.RasterPrinterJob.print(Unknown Source)&lt;br/&gt;
	at com.foursoft.PDF_PrinterJob.main(PDF_PrinterJob.java:42)&lt;br/&gt;
Caused by: java.io.IOException: Unknown encoding for &apos;UniGB-UCS2-H&apos;&lt;br/&gt;
	at org.pdfbox.encoding.EncodingManager.getEncoding(EncodingManager.java:82)&lt;br/&gt;
	at org.pdfbox.pdmodel.font.PDFont.getEncoding(PDFont.java:612)&lt;br/&gt;
	at org.pdfbox.pdmodel.font.PDFont.encode(PDFont.java:466)&lt;br/&gt;
	at org.pdfbox.util.PDFStreamEngine.showString(PDFStreamEngine.java:325)&lt;br/&gt;
	at org.pdfbox.util.operator.ShowText.process(ShowText.java:64)&lt;br/&gt;
	at org.pdfbox.util.PDFStreamEngine.processOperator(PDFStreamEngine.java:452)&lt;br/&gt;
	at org.pdfbox.util.PDFStreamEngine.processSubStream(PDFStreamEngine.java:215)&lt;br/&gt;
	at org.pdfbox.util.PDFStreamEngine.processStream(PDFStreamEngine.java:174)&lt;br/&gt;
	at org.pdfbox.pdfviewer.PageDrawer.drawPage(PageDrawer.java:104)&lt;br/&gt;
	at org.pdfbox.pdmodel.PDPage.print(PDPage.java:741)&lt;br/&gt;
	... 4 more&lt;/p&gt;</description>
                <environment>Windows XP, JDK1.4 and 1.5</environment>
        <key id="12429685">PDFBOX-491</key>
            <summary>Problem with printing pdf document having chinese characters</summary>
                <type id="1" iconUrl="https://issues.apache.org/jira/images/icons/issuetypes/bug.png">Bug</type>
                                            <priority id="3" iconUrl="https://issues.apache.org/jira/images/icons/priorities/major.png">Major</priority>
                        <status id="1" iconUrl="https://issues.apache.org/jira/images/icons/statuses/open.png" description="The issue is open and ready for the assignee to start work on it.">Open</status>
                    <statusCategory id="2" key="new" colorName="blue-gray"/>
                                    <resolution id="-1">Unresolved</resolution>
                                        <assignee username="-1">Unassigned</assignee>
                                    <reporter username="varaprsd.p">varaprasad</reporter>
                        <labels>
                    </labels>
                <created>Tue, 7 Jul 2009 08:30:08 +0100</created>
                <updated>Sat, 8 Feb 2014 19:45:29 +0000</updated>
                                            <version>0.7.3</version>
                                                    <component>Rendering</component>
                        <due></due>
                            <votes>0</votes>
                                    <watches>2</watches>
                                    <timeoriginalestimate seconds="1800">0.5h</timeoriginalestimate>
                            <timeestimate seconds="1800">0.5h</timeestimate>
                                        <comments>
                            <comment id="12974237" author="lehmi" created="Wed, 22 Dec 2010 15:15:57 +0000"  >&lt;p&gt;You should update to a more recent version. Please attach a sample pdf if the issue still exists.&lt;/p&gt;</comment>
                            <comment id="13001852" author="wil2011" created="Thu, 3 Mar 2011 03:40:21 +0000"  >&lt;p&gt;I tried the hello world example with chinese content. pdfbox created the pdf file which does not show the expected Chinese characters.&lt;br/&gt;
It was fine when I supplied pure English text only.&lt;/p&gt;

&lt;p&gt;pdfbox-1.4.0&lt;br/&gt;
fontbox-1.4.0&lt;/p&gt;</comment>
                            <comment id="13001853" author="wil2011" created="Thu, 3 Mar 2011 03:45:30 +0000"  >&lt;p&gt; String filename = &quot;myfile.pdf&quot;;&lt;br/&gt;
        File fileObject = new File(parent, filename);&lt;/p&gt;

&lt;p&gt;        PDDocument doc = null;&lt;br/&gt;
        String message = &quot;my message &#25105;&#30340;&#24515;&#24605;&quot;;&lt;br/&gt;
        String pureEnglish =&quot;pure english .... \n next paragraph&quot;;&lt;br/&gt;
        try &lt;/p&gt;
{
            doc = new PDDocument();

            PDPage page = new PDPage();
            doc.addPage(page);
            PDFont font = PDType1Font.HELVETICA_BOLD;

            PDPageContentStream contentStream = new PDPageContentStream(doc, page);
            contentStream.beginText();
            contentStream.setFont(font, 12);
            contentStream.moveTextPositionByAmount(100, 700);
            contentStream.drawString(message);
            contentStream.endText();
            contentStream.close();
            doc.save(fileObject.getAbsolutePath());
        }
&lt;p&gt; finally {&lt;br/&gt;
            if (doc != null) &lt;/p&gt;
{
                doc.close();
            }
&lt;p&gt;        }&lt;/p&gt;</comment>
                    </comments>
                    <attachments>
                            <attachment id="12472504" name="myfile.pdf" size="1030" author="wil2011" created="Thu, 3 Mar 2011 03:45:30 +0000"/>
                    </attachments>
                <subtasks>
                    </subtasks>
                <customfields>
                                                <customfield id="customfield_12310310" key="com.atlassian.jira.toolkit:attachments">
                        <customfieldname>Attachment count</customfieldname>
                        <customfieldvalues>
                            <customfieldvalue>1.0</customfieldvalue>
                        </customfieldvalues>
                    </customfield>
                                                                                            <customfield id="customfield_12310220" key="com.atlassian.jira.ext.charting:firstresponsedate">
                        <customfieldname>Date of First Response</customfieldname>
                        <customfieldvalues>
                            <customfieldvalue>Wed, 22 Dec 2010 15:15:57 +0000</customfieldvalue>

                        </customfieldvalues>
                    </customfield>
                                                                                                                                                    <customfield id="customfield_12310420" key="com.pyxis.greenhopper.jira:gh-global-rank">
                        <customfieldname>Global Rank</customfieldname>
                        <customfieldvalues>
                            <customfieldvalue>85021</customfieldvalue>
                        </customfieldvalues>
                    </customfield>
                                                                <customfield id="customfield_12310920" key="com.pyxis.greenhopper.jira:gh-global-rank">
                        <customfieldname>Rank</customfieldname>
                        <customfieldvalues>
                            <customfieldvalue>236314</customfieldvalue>
                        </customfieldvalues>
                    </customfield>
                                                                                                                        </customfields>
    </item>

<item>
            <title>[PDFBOX-495] PDFTextStripperByArea extracts text only from 1 region, despite several regions being defined</title>
                <link>https://issues.apache.org/jira/browse/PDFBOX-495</link>
                <project id="12310760" key="PDFBOX">PDFBox</project>
                    <description>&lt;p&gt;When trying to extract the text from several areas defined in the PDFTextStripperByArea,  it only&lt;br/&gt;
retrieves the text from one. The problem can be seen with the following steps: &lt;/p&gt;

&lt;p&gt;Divide a page in 4 regions and add the regions to the stripper in&lt;br/&gt;
the following order:&lt;br/&gt;
1-upper left, 2-upper right, 3-lower left, 4-lower right.&lt;/p&gt;

&lt;p&gt;After calling &quot;extractRegions&quot; function, only the text for the third&lt;br/&gt;
one is retrieved.&lt;/p&gt;

&lt;p&gt;If the third region is not added (i.e., only regions 1, 2 and 4 are added), only the text for region 2 is retrieved.&lt;/p&gt;</description>
                <environment>Debian, java SE 6</environment>
        <key id="12431234">PDFBOX-495</key>
            <summary>PDFTextStripperByArea extracts text only from 1 region, despite several regions being defined</summary>
                <type id="1" iconUrl="https://issues.apache.org/jira/images/icons/issuetypes/bug.png">Bug</type>
                                            <priority id="3" iconUrl="https://issues.apache.org/jira/images/icons/priorities/major.png">Major</priority>
                        <status id="1" iconUrl="https://issues.apache.org/jira/images/icons/statuses/open.png" description="The issue is open and ready for the assignee to start work on it.">Open</status>
                    <statusCategory id="2" key="new" colorName="blue-gray"/>
                                    <resolution id="-1">Unresolved</resolution>
                                        <assignee username="-1">Unassigned</assignee>
                                    <reporter username="ismael">Ismael Hasan</reporter>
                        <labels>
                    </labels>
                <created>Thu, 23 Jul 2009 11:18:12 +0100</created>
                <updated>Thu, 23 Jul 2009 11:18:12 +0100</updated>
                                            <version>0.8.0-incubator</version>
                                                    <component>Text extraction</component>
                        <due></due>
                            <votes>0</votes>
                                    <watches>0</watches>
                                                                        <attachments>
                    </attachments>
                <subtasks>
                    </subtasks>
                <customfields>
                                                <customfield id="customfield_12310310" key="com.atlassian.jira.toolkit:attachments">
                        <customfieldname>Attachment count</customfieldname>
                        <customfieldvalues>
                            <customfieldvalue>0.0</customfieldvalue>
                        </customfieldvalues>
                    </customfield>
                                                                                                                                                                                                            <customfield id="customfield_12310420" key="com.pyxis.greenhopper.jira:gh-global-rank">
                        <customfieldname>Global Rank</customfieldname>
                        <customfieldvalues>
                            <customfieldvalue>84937</customfieldvalue>
                        </customfieldvalues>
                    </customfield>
                                                                <customfield id="customfield_12310920" key="com.pyxis.greenhopper.jira:gh-global-rank">
                        <customfieldname>Rank</customfieldname>
                        <customfieldvalues>
                            <customfieldvalue>236312</customfieldvalue>
                        </customfieldvalues>
                    </customfield>
                                                                                                                        </customfields>
    </item>

<item>
            <title>[PDFBOX-496] PDDocument.load hangs when loading zero-length file</title>
                <link>https://issues.apache.org/jira/browse/PDFBOX-496</link>
                <project id="12310760" key="PDFBOX">PDFBox</project>
                    <description>&lt;p&gt;If a file passed to PDDocument.load() has zero-length (e.g. got truncated during transmission over the net), the method hangs forever.&lt;/p&gt;

&lt;p&gt;Expected behaviour: throw an exception indicating it&apos;s not a PDF file.&lt;/p&gt;</description>
                <environment></environment>
        <key id="12431592">PDFBOX-496</key>
            <summary>PDDocument.load hangs when loading zero-length file</summary>
                <type id="1" iconUrl="https://issues.apache.org/jira/images/icons/issuetypes/bug.png">Bug</type>
                                            <priority id="3" iconUrl="https://issues.apache.org/jira/images/icons/priorities/major.png">Major</priority>
                        <status id="6" iconUrl="https://issues.apache.org/jira/images/icons/statuses/closed.png" description="The issue is considered finished, the resolution is correct. Issues which are closed can be reopened.">Closed</status>
                    <statusCategory id="3" key="done" colorName="green"/>
                                    <resolution id="1">Fixed</resolution>
                                        <assignee username="-1">Unassigned</assignee>
                                    <reporter username="vladimir.dyuzhev">Vladimir Dyuzhev</reporter>
                        <labels>
                    </labels>
                <created>Tue, 28 Jul 2009 15:24:01 +0100</created>
                <updated>Wed, 21 Oct 2009 10:52:13 +0100</updated>
                            <resolved>Tue, 1 Sep 2009 18:26:38 +0100</resolved>
                                    <version>0.8.0-incubator</version>
                                    <fixVersion>0.8.0-incubator</fixVersion>
                                    <component>Swing GUI</component>
                        <due></due>
                            <votes>0</votes>
                                    <watches>0</watches>
                                                                <comments>
                            <comment id="12736085" author="vladimir.dyuzhev" created="Tue, 28 Jul 2009 15:27:18 +0100"  >&lt;p&gt;And, I have to add, it consumes 100% CPU!&lt;/p&gt;</comment>
                            <comment id="12749999" author="lehmi" created="Tue, 1 Sep 2009 18:26:38 +0100"  >&lt;p&gt;This issue is resolved with &lt;a href=&quot;https://issues.apache.org/jira/browse/PDFBOX-503&quot; title=&quot;PDF loader causes infinite loop on non-PDF inputs&quot; class=&quot;issue-link&quot; data-issue-key=&quot;PDFBOX-503&quot;&gt;&lt;del&gt;PDFBOX-503&lt;/del&gt;&lt;/a&gt;. If a pdf document with zero length is loaded pdfbox will throw an IOException.&lt;/p&gt;</comment>
                    </comments>
                    <attachments>
                    </attachments>
                <subtasks>
                    </subtasks>
                <customfields>
                                                <customfield id="customfield_12310310" key="com.atlassian.jira.toolkit:attachments">
                        <customfieldname>Attachment count</customfieldname>
                        <customfieldvalues>
                            <customfieldvalue>0.0</customfieldvalue>
                        </customfieldvalues>
                    </customfield>
                                                                                            <customfield id="customfield_12310220" key="com.atlassian.jira.ext.charting:firstresponsedate">
                        <customfieldname>Date of First Response</customfieldname>
                        <customfieldvalues>
                            <customfieldvalue>Tue, 1 Sep 2009 17:26:38 +0000</customfieldvalue>

                        </customfieldvalues>
                    </customfield>
                                                                                                                                                    <customfield id="customfield_12310420" key="com.pyxis.greenhopper.jira:gh-global-rank">
                        <customfieldname>Global Rank</customfieldname>
                        <customfieldvalues>
                            <customfieldvalue>163286</customfieldvalue>
                        </customfieldvalues>
                    </customfield>
                                                                <customfield id="customfield_12310920" key="com.pyxis.greenhopper.jira:gh-global-rank">
                        <customfieldname>Rank</customfieldname>
                        <customfieldvalues>
                            <customfieldvalue>205598</customfieldvalue>
                        </customfieldvalues>
                    </customfield>
                                                                                                                        <customfield id="customfield_12310222" key="com.atlassian.jira.ext.charting:timeinstatus">
                        <customfieldname>Time in Status</customfieldname>
                        <customfieldvalues>
                            
                        </customfieldvalues>
                    </customfield>
                                    </customfields>
    </item>

<item>
            <title>[PDFBOX-497] COSVisitorException: The handle is invalid</title>
                <link>https://issues.apache.org/jira/browse/PDFBOX-497</link>
                <project id="12310760" key="PDFBOX">PDFBox</project>
                    <description>&lt;p&gt;    If I save a PDF document in a method of an application class, I get a COSVisitorException: The handle is invalid.  &lt;br/&gt;
-------------------------------------------------------------------------------------------------- &lt;br/&gt;
       I found that I no longer get this exception if I do not close the &lt;br/&gt;
PDDocument &quot;DrawingDoc&quot; in the method &quot;addDrawing&quot;.&lt;/p&gt;

&lt;p&gt;        However, I do get a warning:&lt;/p&gt;

&lt;p&gt;java.lang.Throwable: Warning: You did not close the PDF Document&lt;br/&gt;
        at org.apache.pdfbox.cos.COSDocument.finalize(COSDocument.java:391)&lt;br/&gt;
        at java.lang.ref.Finalizer.invokeFinalizeMethod(Native Method)&lt;br/&gt;
        at java.lang.ref.Finalizer.runFinalizer(Finalizer.java:83)&lt;br/&gt;
        at java.lang.ref.Finalizer.access$100(Finalizer.java:14)&lt;br/&gt;
        at java.lang.ref.Finalizer$FinalizerThread.run(Finalizer.java:160)&lt;/p&gt;

&lt;p&gt;                                            Alan&lt;/p&gt;

&lt;p&gt;--------------------------------------------------&lt;br/&gt;
From: &quot;Alan Thomas&quot; &amp;lt;jalanthomas@verizon.net&amp;gt;&lt;br/&gt;
Sent: Monday, July 27, 2009 6:13 AM&lt;br/&gt;
To: &amp;lt;pdfbox-users@incubator.apache.org&amp;gt;&lt;br/&gt;
Subject: Re: COSVisitorException: The handle is invalid&lt;/p&gt;

&lt;p&gt;&amp;gt; It was created by adding pages from other PDF documents, like below.&lt;br/&gt;
&amp;gt;&lt;br/&gt;
&amp;gt; Is there anything wrong with returning a PDDocument from the method &lt;br/&gt;
&amp;gt; addDrawing like I am doing?&lt;br/&gt;
&amp;gt;&lt;br/&gt;
&amp;gt; &lt;br/&gt;
&amp;gt; Alan&lt;br/&gt;
&amp;gt;&lt;br/&gt;
&amp;gt; PDDocument OutputDoc = null;&lt;br/&gt;
&amp;gt; . . .&lt;br/&gt;
&amp;gt;&lt;br/&gt;
&amp;gt; OutputDoc = new PDDocument();&lt;br/&gt;
&amp;gt; . . .&lt;br/&gt;
&amp;gt; copyPage(OutputDoc, page);&lt;br/&gt;
&amp;gt; . . .&lt;br/&gt;
&amp;gt; OutputDoc = addDrawing(OutputDoc,&lt;br/&gt;
&amp;gt;                                DrawingsDir.getName(), Barcode);&lt;br/&gt;
&amp;gt; . . .&lt;br/&gt;
&amp;gt;            finally&lt;br/&gt;
&amp;gt;            {&lt;br/&gt;
&amp;gt;                try&lt;br/&gt;
&amp;gt;                {&lt;br/&gt;
&amp;gt;                    // Save and close the output file&lt;br/&gt;
&amp;gt;                    if (OutputDoc != null)&lt;br/&gt;
&amp;gt;                    &lt;/p&gt;
{
&amp;gt;                        System.out.println(&quot;OutPath = &quot; + OutPath);
&amp;gt;                        OutputDoc.save(OutPath);
&amp;gt;                    }
&lt;p&gt;&amp;gt;                    OutputDoc.close();&lt;br/&gt;
&amp;gt; . . .&lt;br/&gt;
&amp;gt;&lt;br/&gt;
&amp;gt; using these methods I created:&lt;br/&gt;
&amp;gt;&lt;br/&gt;
&amp;gt;    private void copyPage( PDDocument doc, PDPage page) throws Exception&lt;br/&gt;
&amp;gt;    &lt;/p&gt;
{
&amp;gt;        PDPage imported = doc.importPage(page);
&amp;gt;        imported.setCropBox(page.findCropBox());
&amp;gt;        imported.setMediaBox(page.findMediaBox());
&amp;gt;        imported.setResources(page.findResources());
&amp;gt;        imported.setRotation(page.findRotation());
&amp;gt;    }
&lt;p&gt;&amp;gt;&lt;br/&gt;
&amp;gt;    private PDDocument addDrawing( PDDocument OutDoc, String &lt;br/&gt;
&amp;gt; DrawingsDirName,&lt;br/&gt;
&amp;gt;                                        String barcode)&lt;br/&gt;
&amp;gt;    {&lt;br/&gt;
&amp;gt;        PDDocument DrawingDoc = null;&lt;br/&gt;
&amp;gt;&lt;br/&gt;
&amp;gt;      try&lt;br/&gt;
&amp;gt;      {&lt;br/&gt;
&amp;gt;            .  .  .&lt;br/&gt;
&amp;gt;          List pages = DrawingDoc.getDocumentCatalog().getAllPages();&lt;br/&gt;
&amp;gt;&lt;br/&gt;
&amp;gt;          for (Object obj : pages)&lt;br/&gt;
&amp;gt;          &lt;/p&gt;
{
&amp;gt;              PDPage page = (PDPage)obj;
&amp;gt;              copyPage(OutDoc, page);
&amp;gt;          }
&lt;p&gt;&amp;gt;      }&lt;br/&gt;
&amp;gt;      catch (Exception e)&lt;br/&gt;
&amp;gt;      &lt;/p&gt;
{
&amp;gt;          e.printStackTrace();
&amp;gt;      }
&lt;p&gt;&amp;gt;      finally&lt;br/&gt;
&amp;gt;      {&lt;br/&gt;
&amp;gt;        try&lt;br/&gt;
&amp;gt;        &lt;/p&gt;
{
&amp;gt;          DrawingDoc.close();
&amp;gt;          return OutDoc;
&amp;gt;        }
&lt;p&gt;&amp;gt;        catch (Exception e)&lt;br/&gt;
&amp;gt;        &lt;/p&gt;
{
&amp;gt;            return OutDoc;
&amp;gt;        }
&lt;p&gt;&amp;gt;      }&lt;br/&gt;
&amp;gt;    }&lt;br/&gt;
&amp;gt;&lt;br/&gt;
&amp;gt;&lt;br/&gt;
&amp;gt; --------------------------------------------------&lt;br/&gt;
&amp;gt; From: &quot;Andreas Lehmk&#252;hler&quot; &amp;lt;andreas@lehmi.de&amp;gt;&lt;br/&gt;
&amp;gt; Sent: Monday, July 27, 2009 5:15 AM&lt;br/&gt;
&amp;gt; To: &amp;lt;pdfbox-users@incubator.apache.org&amp;gt;&lt;br/&gt;
&amp;gt; Subject: Re: COSVisitorException: The handle is invalid&lt;br/&gt;
&amp;gt;&lt;br/&gt;
&amp;gt;&amp;gt; Hi Alan,&lt;br/&gt;
&amp;gt;&amp;gt;&lt;br/&gt;
&amp;gt;&amp;gt; how did you create your pdf?&lt;br/&gt;
&amp;gt;&amp;gt;&lt;br/&gt;
&amp;gt;&amp;gt; BR&lt;br/&gt;
&amp;gt;&amp;gt; Andreas Lehmk&#252;hler&lt;br/&gt;
&amp;gt;&amp;gt;&lt;br/&gt;
&amp;gt;&amp;gt; ----- original Nachricht --------&lt;br/&gt;
&amp;gt;&amp;gt;&lt;br/&gt;
&amp;gt;&amp;gt; Betreff: COSVisitorException: The handle is invalid&lt;br/&gt;
&amp;gt;&amp;gt; Gesendet: Mo, 27. Jul 2009&lt;br/&gt;
&amp;gt;&amp;gt; Von: Alan Thomas&amp;lt;jalanthomas@verizon.net&amp;gt;&lt;br/&gt;
&amp;gt;&amp;gt;&lt;br/&gt;
&amp;gt;&amp;gt;&amp;gt; Hi.  When I save a PDF document in my application, I get a&lt;br/&gt;
&amp;gt;&amp;gt;&amp;gt; COSVisitorException: &quot;The handle is invalid&quot;.&lt;br/&gt;
&amp;gt;&amp;gt;&amp;gt;&lt;br/&gt;
&amp;gt;&amp;gt;&amp;gt;         However, I do not see anything wrong with it.  I show the error, &lt;br/&gt;
&amp;gt;&amp;gt;&amp;gt; the&lt;br/&gt;
&amp;gt;&amp;gt;&amp;gt; string I am giving the PDDocument.save() method, and the code that &lt;br/&gt;
&amp;gt;&amp;gt;&amp;gt; attempts&lt;br/&gt;
&amp;gt;&amp;gt;&amp;gt; to save the file.&lt;br/&gt;
&amp;gt;&amp;gt;&amp;gt;&lt;br/&gt;
&amp;gt;&amp;gt;&amp;gt;         Any idea what I am doing wrong?                Thanks, Alan&lt;br/&gt;
&amp;gt;&amp;gt;&amp;gt;&lt;br/&gt;
&amp;gt;&amp;gt;&amp;gt; OutPath = C:\Users\Alan\Documents\My Stuff\X Y Z Stuff\Application\Java &lt;br/&gt;
&amp;gt;&amp;gt;&amp;gt; App&lt;br/&gt;
&amp;gt;&amp;gt;&amp;gt; Test\New Folder\InsertedPages 2.pdf&lt;br/&gt;
&amp;gt;&amp;gt;&amp;gt;&lt;br/&gt;
&amp;gt;&amp;gt;&amp;gt; org.apache.pdfbox.exceptions.COSVisitorException: The handle is invalid&lt;br/&gt;
&amp;gt;&amp;gt;&amp;gt;         at&lt;br/&gt;
&amp;gt;&amp;gt;&amp;gt; org.apache.pdfbox.pdfwriter.COSWriter.visitFromStream(COSWriter.java:939)&lt;br/&gt;
&amp;gt;&amp;gt;&amp;gt;         at org.apache.pdfbox.cos.COSStream.accept(COSStream.java:201)&lt;br/&gt;
&amp;gt;&amp;gt;&amp;gt;         at org.apache.pdfbox.cos.COSObject.accept(COSObject.java:206)&lt;br/&gt;
&amp;gt;&amp;gt;&amp;gt;         at&lt;br/&gt;
&amp;gt;&amp;gt;&amp;gt; org.apache.pdfbox.pdfwriter.COSWriter.doWriteObject(COSWriter.java:430)&lt;br/&gt;
&amp;gt;&amp;gt;&amp;gt;         at&lt;br/&gt;
&amp;gt;&amp;gt;&amp;gt; org.apache.pdfbox.pdfwriter.COSWriter.doWriteBody(COSWriter.java:361)&lt;br/&gt;
&amp;gt;&amp;gt;&amp;gt;         at&lt;br/&gt;
&amp;gt;&amp;gt;&amp;gt; org.apache.pdfbox.pdfwriter.COSWriter.visitFromDocument(COSWriter.java:768)&lt;br/&gt;
&amp;gt;&amp;gt;&amp;gt;         at &lt;br/&gt;
&amp;gt;&amp;gt;&amp;gt; org.apache.pdfbox.cos.COSDocument.accept(COSDocument.java:361)&lt;br/&gt;
&amp;gt;&amp;gt;&amp;gt;         at &lt;br/&gt;
&amp;gt;&amp;gt;&amp;gt; org.apache.pdfbox.pdfwriter.COSWriter.write(COSWriter.java:1070)&lt;br/&gt;
&amp;gt;&amp;gt;&amp;gt;         at &lt;br/&gt;
&amp;gt;&amp;gt;&amp;gt; org.apache.pdfbox.pdmodel.PDDocument.save(PDDocument.java:787)&lt;br/&gt;
&amp;gt;&amp;gt;&amp;gt;         at &lt;br/&gt;
&amp;gt;&amp;gt;&amp;gt; org.apache.pdfbox.pdmodel.PDDocument.save(PDDocument.java:768)&lt;br/&gt;
&amp;gt;&amp;gt;&amp;gt;&lt;br/&gt;
&amp;gt;&amp;gt;&amp;gt;&lt;br/&gt;
&amp;gt;&amp;gt;&amp;gt;                     // Save and close the output file&lt;br/&gt;
&amp;gt;&amp;gt;&amp;gt;                     if (OutputDoc != null)&lt;br/&gt;
&amp;gt;&amp;gt;&amp;gt;                     &lt;/p&gt;
{
&amp;gt;&amp;gt;&amp;gt;                         System.out.println(&quot;OutPath = &quot; + OutPath);
&amp;gt;&amp;gt;&amp;gt;                         OutputDoc.save(OutPath);
&amp;gt;&amp;gt;&amp;gt;                     }
&lt;p&gt;&amp;gt;&amp;gt;&amp;gt;                     OutputDoc.close();&lt;br/&gt;
&amp;gt;&amp;gt;&amp;gt;&lt;br/&gt;
&amp;gt;&amp;gt;&lt;br/&gt;
&amp;gt;&amp;gt; &amp;#8212; original Nachricht Ende ----&lt;br/&gt;
&amp;gt;&amp;gt;&lt;br/&gt;
&amp;gt;&amp;gt;&lt;br/&gt;
&amp;gt;&lt;/p&gt;</description>
                <environment>Windows Vista</environment>
        <key id="12431623">PDFBOX-497</key>
            <summary>COSVisitorException: The handle is invalid</summary>
                <type id="1" iconUrl="https://issues.apache.org/jira/images/icons/issuetypes/bug.png">Bug</type>
                                            <priority id="3" iconUrl="https://issues.apache.org/jira/images/icons/priorities/major.png">Major</priority>
                        <status id="1" iconUrl="https://issues.apache.org/jira/images/icons/statuses/open.png" description="The issue is open and ready for the assignee to start work on it.">Open</status>
                    <statusCategory id="2" key="new" colorName="blue-gray"/>
                                    <resolution id="-1">Unresolved</resolution>
                                        <assignee username="-1">Unassigned</assignee>
                                    <reporter username="jalanthomas">James A. Thomas</reporter>
                        <labels>
                    </labels>
                <created>Tue, 28 Jul 2009 20:38:30 +0100</created>
                <updated>Tue, 1 Sep 2009 18:08:40 +0100</updated>
                                            <version>0.8.0-incubator</version>
                                                    <component>PDModel</component>
                        <due></due>
                            <votes>0</votes>
                                    <watches>0</watches>
                                                                <comments>
                            <comment id="12736568" author="lehmi" created="Wed, 29 Jul 2009 12:16:19 +0100"  >&lt;p&gt;I guess you have to close your docs in the right order.&lt;/p&gt;

&lt;ul class=&quot;alternate&quot; type=&quot;square&quot;&gt;
	&lt;li&gt;open your input-doc&lt;/li&gt;
	&lt;li&gt;create one or more docs as part of your input-doc&lt;/li&gt;
	&lt;li&gt;save the new doc(s)&lt;/li&gt;
	&lt;li&gt;close the new doc(s)&lt;/li&gt;
	&lt;li&gt;close your input-doc&lt;/li&gt;
&lt;/ul&gt;


&lt;p&gt;Please try this and give us a feedback.&lt;/p&gt;</comment>
                            <comment id="12736952" author="jalanthomas" created="Thu, 30 Jul 2009 02:29:40 +0100"  >&lt;p&gt;Andreas,&lt;/p&gt;

&lt;p&gt;You (of course) were correct.  I had to redesign my application to load the input document prior to calling the method, and then passing the PDDocument to it.&lt;/p&gt;

&lt;p&gt;Is there something inherent in PDF that requires this with the resources, or is it how PDF Box is implemented?&lt;/p&gt;

&lt;p&gt;At a minimum, I would think the order of things to do (not obvious to me) needs to be somewhere in the PDF Box documentation.&lt;/p&gt;

&lt;p&gt;Thanks, Alan&lt;/p&gt;</comment>
                            <comment id="12737027" author="lehmi" created="Thu, 30 Jul 2009 08:41:25 +0100"  >&lt;p&gt;Alan,&lt;/p&gt;

&lt;p&gt;thanks for your feedback. &lt;/p&gt;

&lt;p&gt;The problem is that copyPage() doesn&apos;t really copy all the data, it just uses references to them. If the source doc is closed before the target doc is saved some of these references get lost and the described exception is thrown. If we want to change that behaviour we have to improve the copy mechanism to really copy the whole content of a page. AFAIK the code of the importPage method already copies all data, but the other 4 findXXX methods are just returning references and not a copy of the data.&lt;/p&gt;

&lt;p&gt;I&apos;m afraid that the pdfbox documentation is as complete and up-to-date as many other project documentations all over the world. &lt;img class=&quot;emoticon&quot; src=&quot;https://issues.apache.org/jira/images/icons/emoticons/wink.gif&quot; height=&quot;16&quot; width=&quot;16&quot; align=&quot;absmiddle&quot; alt=&quot;&quot; border=&quot;0&quot;/&gt;)&lt;/p&gt;
</comment>
                    </comments>
                    <attachments>
                    </attachments>
                <subtasks>
                    </subtasks>
                <customfields>
                                                <customfield id="customfield_12310310" key="com.atlassian.jira.toolkit:attachments">
                        <customfieldname>Attachment count</customfieldname>
                        <customfieldvalues>
                            <customfieldvalue>0.0</customfieldvalue>
                        </customfieldvalues>
                    </customfield>
                                                                                            <customfield id="customfield_12310220" key="com.atlassian.jira.ext.charting:firstresponsedate">
                        <customfieldname>Date of First Response</customfieldname>
                        <customfieldvalues>
                            <customfieldvalue>Wed, 29 Jul 2009 11:16:19 +0000</customfieldvalue>

                        </customfieldvalues>
                    </customfield>
                                                                                                                                                    <customfield id="customfield_12310420" key="com.pyxis.greenhopper.jira:gh-global-rank">
                        <customfieldname>Global Rank</customfieldname>
                        <customfieldvalues>
                            <customfieldvalue>84939</customfieldvalue>
                        </customfieldvalues>
                    </customfield>
                                                                <customfield id="customfield_12310920" key="com.pyxis.greenhopper.jira:gh-global-rank">
                        <customfieldname>Rank</customfieldname>
                        <customfieldvalues>
                            <customfieldvalue>236311</customfieldvalue>
                        </customfieldvalues>
                    </customfield>
                                                                                                                        </customfields>
    </item>

<item>
            <title>[PDFBOX-498] some pdf-files have no newline after endobj, pdfbox fails on that</title>
                <link>https://issues.apache.org/jira/browse/PDFBOX-498</link>
                <project id="12310760" key="PDFBOX">PDFBox</project>
                    <description>&lt;p&gt;We have some pdf-documents that have no newline after some endobj-instructions, but the next object number. Just like in &lt;a href=&quot;https://issues.apache.org/jira/browse/PDFBOX-195&quot; title=&quot;IrisPDF files text extraction problem&quot; class=&quot;issue-link&quot; data-issue-key=&quot;PDFBOX-195&quot;&gt;&lt;del&gt;PDFBOX-195&lt;/del&gt;&lt;/a&gt;. PDFBox throws an IOException when it encouters such a situation.&lt;br/&gt;
Stacktrace:&lt;br/&gt;
java.io.IOException: expected=&apos;endobj&apos; firstReadAttempt=&apos;endobj28&apos; secondReadAttempt=&apos;0&apos; org.apache.pdfbox.io.PushBackInputStream@a37368&lt;br/&gt;
	at org.apache.pdfbox.pdfparser.PDFParser.parseObject(PDFParser.java:534)&lt;br/&gt;
	at org.apache.pdfbox.pdfparser.PDFParser.parse(PDFParser.java:167)&lt;br/&gt;
	at org.apache.pdfbox.pdmodel.PDDocument.load(PDDocument.java:736)&lt;br/&gt;
	at org.apache.pdfbox.pdmodel.PDDocument.load(PDDocument.java:704)&lt;br/&gt;
	at org.apache.pdfbox.pdmodel.PDDocument.load(PDDocument.java:630)&lt;br/&gt;
	at org.apache.pdfbox.pdfparser.TestPDFParser.testParsingTroublePDFs(TestPDFParser.java:98)&lt;/p&gt;</description>
                <environment></environment>
        <key id="12431696">PDFBOX-498</key>
            <summary>some pdf-files have no newline after endobj, pdfbox fails on that</summary>
                <type id="1" iconUrl="https://issues.apache.org/jira/images/icons/issuetypes/bug.png">Bug</type>
                                            <priority id="3" iconUrl="https://issues.apache.org/jira/images/icons/priorities/major.png">Major</priority>
                        <status id="6" iconUrl="https://issues.apache.org/jira/images/icons/statuses/closed.png" description="The issue is considered finished, the resolution is correct. Issues which are closed can be reopened.">Closed</status>
                    <statusCategory id="3" key="done" colorName="green"/>
                                    <resolution id="1">Fixed</resolution>
                                        <assignee username="-1">Unassigned</assignee>
                                    <reporter username="d.de.wit">Daan de Wit</reporter>
                        <labels>
                    </labels>
                <created>Wed, 29 Jul 2009 15:18:01 +0100</created>
                <updated>Wed, 21 Oct 2009 10:52:13 +0100</updated>
                            <resolved>Thu, 30 Jul 2009 21:13:48 +0100</resolved>
                                    <version>0.7.3</version>
                                    <fixVersion>0.8.0-incubator</fixVersion>
                                    <component>Parsing</component>
                        <due></due>
                            <votes>0</votes>
                                    <watches>0</watches>
                                                                <comments>
                            <comment id="12736637" author="d.de.wit" created="Wed, 29 Jul 2009 15:19:10 +0100"  >&lt;p&gt;test document&lt;/p&gt;</comment>
                            <comment id="12736639" author="d.de.wit" created="Wed, 29 Jul 2009 15:20:12 +0100"  >&lt;p&gt;Attached a diff-file that contains a simple fix for this issue (similar to the fix for &lt;a href=&quot;https://issues.apache.org/jira/browse/PDFBOX-195&quot; title=&quot;IrisPDF files text extraction problem&quot; class=&quot;issue-link&quot; data-issue-key=&quot;PDFBOX-195&quot;&gt;&lt;del&gt;PDFBOX-195&lt;/del&gt;&lt;/a&gt;)&lt;/p&gt;</comment>
                            <comment id="12737260" author="lehmi" created="Thu, 30 Jul 2009 21:13:48 +0100"  >&lt;p&gt;I&apos;ve added Daans patch with version 799433.  Thanks for the patch.&lt;/p&gt;</comment>
                    </comments>
                    <attachments>
                            <attachment id="12414907" name="PDFParser.java.diff" size="1145" author="d.de.wit" created="Wed, 29 Jul 2009 15:20:12 +0100"/>
                            <attachment id="12414906" name="endobj-no-newline.pdf" size="514559" author="d.de.wit" created="Wed, 29 Jul 2009 15:19:10 +0100"/>
                    </attachments>
                <subtasks>
                    </subtasks>
                <customfields>
                                                <customfield id="customfield_12310310" key="com.atlassian.jira.toolkit:attachments">
                        <customfieldname>Attachment count</customfieldname>
                        <customfieldvalues>
                            <customfieldvalue>2.0</customfieldvalue>
                        </customfieldvalues>
                    </customfield>
                                                                                            <customfield id="customfield_12310220" key="com.atlassian.jira.ext.charting:firstresponsedate">
                        <customfieldname>Date of First Response</customfieldname>
                        <customfieldvalues>
                            <customfieldvalue>Thu, 30 Jul 2009 20:13:48 +0000</customfieldvalue>

                        </customfieldvalues>
                    </customfield>
                                                                                                                                                    <customfield id="customfield_12310420" key="com.pyxis.greenhopper.jira:gh-global-rank">
                        <customfieldname>Global Rank</customfieldname>
                        <customfieldvalues>
                            <customfieldvalue>163287</customfieldvalue>
                        </customfieldvalues>
                    </customfield>
                                                                <customfield id="customfield_12310920" key="com.pyxis.greenhopper.jira:gh-global-rank">
                        <customfieldname>Rank</customfieldname>
                        <customfieldvalues>
                            <customfieldvalue>205463</customfieldvalue>
                        </customfieldvalues>
                    </customfield>
                                                                                                                        <customfield id="customfield_12310222" key="com.atlassian.jira.ext.charting:timeinstatus">
                        <customfieldname>Time in Status</customfieldname>
                        <customfieldvalues>
                            
                        </customfieldvalues>
                    </customfield>
                                    </customfields>
    </item>
</channel>
</rss>
