<!--
RSS generated by JIRA (6.2#6252-sha1:aa343257d4ce030d9cb8c531be520be9fac1c996) at Tue Jun 03 18:02:13 UTC 2014

It is possible to restrict the fields that are returned in this document by specifying the 'field' parameter in your request.
For example, to request only the issue key and summary add field=key&field=summary to the URL of your request.
For example:
https://issues.apache.org/jira/sr/jira.issueviews:searchrequest-xml/temp/SearchRequest.xml?jqlQuery=project+%3D+PDFBOX+AND+issuetype+%3D+Bug+AND+created+%3E%3D+2009-3-1+AND+created+%3C%3D+2009-4-1+ORDER+BY+key+ASC&tempMax=100&field=key&field=summary
-->
<!-- If you wish to do custom client-side styling of RSS, uncomment this:
<?xml-stylesheet href="https://issues.apache.org/jira/styles/jiraxml2html.xsl" type="text/xsl"?>
-->
<rss version="0.92">
    <channel>
        <title>ASF JIRA</title>
        <link>https://issues.apache.org/jira/secure/IssueNavigator.jspa?reset=true&amp;jqlQuery=project+%3D+PDFBOX+AND+issuetype+%3D+Bug+AND+created+%3E%3D+2009-3-1+AND+created+%3C%3D+2009-4-1+ORDER+BY+key+ASC</link>
        <description>An XML representation of a search request</description>
                <language>en-uk</language>
                        <issue start="0" end="10" total="10"/>
                <build-info>
            <version>6.2</version>
            <build-number>6252</build-number>
            <build-date>19-02-2014</build-date>
        </build-info>
<item>
            <title>[PDFBOX-436] PDFontFactory.createFont returns null if the given parameter fontCache is null</title>
                <link>https://issues.apache.org/jira/browse/PDFBOX-436</link>
                <project id="12310760" key="PDFBOX">PDFBox</project>
                    <description>&lt;p&gt;As Bart Allen described on the dev-list the method PDFontFactory.createFont always returns null if the the given fontCache is null&lt;/p&gt;</description>
                <environment></environment>
        <key id="12416142">PDFBOX-436</key>
            <summary>PDFontFactory.createFont returns null if the given parameter fontCache is null</summary>
                <type id="1" iconUrl="https://issues.apache.org/jira/images/icons/issuetypes/bug.png">Bug</type>
                                            <priority id="3" iconUrl="https://issues.apache.org/jira/images/icons/priorities/major.png">Major</priority>
                        <status id="6" iconUrl="https://issues.apache.org/jira/images/icons/statuses/closed.png" description="The issue is considered finished, the resolution is correct. Issues which are closed can be reopened.">Closed</status>
                    <statusCategory id="3" key="done" colorName="green"/>
                                    <resolution id="1">Fixed</resolution>
                                        <assignee username="-1">Unassigned</assignee>
                                    <reporter username="lehmi">Andreas Lehmk&#252;hler</reporter>
                        <labels>
                    </labels>
                <created>Wed, 4 Mar 2009 20:07:09 +0000</created>
                <updated>Wed, 21 Oct 2009 10:52:10 +0100</updated>
                            <resolved>Wed, 4 Mar 2009 20:15:35 +0000</resolved>
                                    <version>0.8.0-incubator</version>
                                    <fixVersion>0.8.0-incubator</fixVersion>
                                    <component>Swing GUI</component>
                        <due></due>
                            <votes>0</votes>
                                    <watches>0</watches>
                                                                <comments>
                            <comment id="12678895" author="lehmi" created="Wed, 4 Mar 2009 20:15:35 +0000"  >&lt;p&gt;This issue is solved with version 750137. Thanks to Bart Allen for the hint&lt;/p&gt;</comment>
                    </comments>
                    <attachments>
                    </attachments>
                <subtasks>
                    </subtasks>
                <customfields>
                                                <customfield id="customfield_12310310" key="com.atlassian.jira.toolkit:attachments">
                        <customfieldname>Attachment count</customfieldname>
                        <customfieldvalues>
                            <customfieldvalue>0.0</customfieldvalue>
                        </customfieldvalues>
                    </customfield>
                                                                                                                                                                                                            <customfield id="customfield_12310420" key="com.pyxis.greenhopper.jira:gh-global-rank">
                        <customfieldname>Global Rank</customfieldname>
                        <customfieldvalues>
                            <customfieldvalue>163244</customfieldvalue>
                        </customfieldvalues>
                    </customfield>
                                                                <customfield id="customfield_12310920" key="com.pyxis.greenhopper.jira:gh-global-rank">
                        <customfieldname>Rank</customfieldname>
                        <customfieldvalues>
                            <customfieldvalue>205537</customfieldvalue>
                        </customfieldvalues>
                    </customfield>
                                                                                                                        <customfield id="customfield_12310222" key="com.atlassian.jira.ext.charting:timeinstatus">
                        <customfieldname>Time in Status</customfieldname>
                        <customfieldvalues>
                            
                        </customfieldvalues>
                    </customfield>
                                    </customfields>
    </item>

<item>
            <title>[PDFBOX-438] FlateFilter: endless loop because of missing length check (for encrypted pdfs)</title>
                <link>https://issues.apache.org/jira/browse/PDFBOX-438</link>
                <project id="12310760" key="PDFBOX">PDFBox</project>
                    <description>&lt;p&gt;if mayRead is set to zero than following statement is executed endlessly:&lt;br/&gt;
while ((amountRead = decompressor.read(buffer, 0, Math.min(mayRead,BUFFER_SIZE))) != -1)&lt;/p&gt;
                    {
                        result.write(buffer, 0, amountRead);
                    }

&lt;p&gt;we just have to check that  mayRead &amp;gt; 0 zero.&lt;/p&gt;</description>
                <environment></environment>
        <key id="12417040">PDFBOX-438</key>
            <summary>FlateFilter: endless loop because of missing length check (for encrypted pdfs)</summary>
                <type id="1" iconUrl="https://issues.apache.org/jira/images/icons/issuetypes/bug.png">Bug</type>
                                            <priority id="3" iconUrl="https://issues.apache.org/jira/images/icons/priorities/major.png">Major</priority>
                        <status id="6" iconUrl="https://issues.apache.org/jira/images/icons/statuses/closed.png" description="The issue is considered finished, the resolution is correct. Issues which are closed can be reopened.">Closed</status>
                    <statusCategory id="3" key="done" colorName="green"/>
                                    <resolution id="1">Fixed</resolution>
                                        <assignee username="pkoch">Philipp Koch</assignee>
                                    <reporter username="pkoch">Philipp Koch</reporter>
                        <labels>
                    </labels>
                <created>Tue, 17 Mar 2009 09:04:15 +0000</created>
                <updated>Fri, 5 Mar 2010 17:03:14 +0000</updated>
                            <resolved>Tue, 24 Mar 2009 09:12:13 +0000</resolved>
                                    <version>0.8.0-incubator</version>
                                    <fixVersion>0.8.0-incubator</fixVersion>
                                    <component>PDModel</component>
                        <due></due>
                            <votes>0</votes>
                                    <watches>0</watches>
                                                                <comments>
                            <comment id="12682637" author="pkoch" created="Tue, 17 Mar 2009 11:23:25 +0000"  >&lt;p&gt;the mayRead check needs to be applied to another location as well...&lt;/p&gt;</comment>
                            <comment id="12688624" author="pkoch" created="Tue, 24 Mar 2009 09:12:13 +0000"  >&lt;p&gt;checks are applied and tested&lt;/p&gt;</comment>
                    </comments>
                <issuelinks>
                            <issuelinktype id="12310000">
                    <name>Duplicate</name>
                                                                <inwardlinks description="is duplicated by">
                                        <issuelink>
            <issuekey id="12414650">PDFBOX-424</issuekey>
        </issuelink>
                            </inwardlinks>
                                    </issuelinktype>
                    </issuelinks>
                <attachments>
                    </attachments>
                <subtasks>
                    </subtasks>
                <customfields>
                                                <customfield id="customfield_12310310" key="com.atlassian.jira.toolkit:attachments">
                        <customfieldname>Attachment count</customfieldname>
                        <customfieldvalues>
                            <customfieldvalue>0.0</customfieldvalue>
                        </customfieldvalues>
                    </customfield>
                                                                                                                                                                                                            <customfield id="customfield_12310420" key="com.pyxis.greenhopper.jira:gh-global-rank">
                        <customfieldname>Global Rank</customfieldname>
                        <customfieldvalues>
                            <customfieldvalue>163246</customfieldvalue>
                        </customfieldvalues>
                    </customfield>
                                                                <customfield id="customfield_12310920" key="com.pyxis.greenhopper.jira:gh-global-rank">
                        <customfieldname>Rank</customfieldname>
                        <customfieldvalues>
                            <customfieldvalue>205395</customfieldvalue>
                        </customfieldvalues>
                    </customfield>
                                                                                                                        <customfield id="customfield_12310222" key="com.atlassian.jira.ext.charting:timeinstatus">
                        <customfieldname>Time in Status</customfieldname>
                        <customfieldvalues>
                            
                        </customfieldvalues>
                    </customfield>
                                    </customfields>
    </item>

<item>
            <title>[PDFBOX-439] Incorrect text for Exolab.pdf in Regression Test</title>
                <link>https://issues.apache.org/jira/browse/PDFBOX-439</link>
                <project id="12310760" key="PDFBOX">PDFBox</project>
                    <description>&lt;p&gt;When looking through text for an unrelated issue, I noticed that the file Exolab.pdf in the regression test produced the following line,&lt;/p&gt;

&lt;p&gt;JAJAVVAA CODINING STANDAG STANDARD.......................................................................................................................1&lt;br/&gt;
when the line should say,&lt;br/&gt;
JAVA CODING STANDARD .......................................................................................................................1&lt;/p&gt;

&lt;p&gt;Also this line,&lt;/p&gt;

&lt;p&gt;5 COD5 CODE EXAMPLMPLES................................S ...................................................................................................................................26&lt;br/&gt;
should be&lt;br/&gt;
5 CODE EXAMPLES...................................................................................................................................26&lt;br/&gt;
However, Adobe has trouble with this one as well. &lt;/p&gt;

&lt;p&gt;These two issues only occurred when the file was run with the -sort option enabled. &lt;/p&gt;

&lt;p&gt;However, In both the unsorted and sorted tests this line was improperly handled:&lt;/p&gt;

&lt;p&gt;APPENDIX A : DOCUMENT HISTORYT HISTORYT HISTORY...................................................................................................33 &lt;br/&gt;
should produce&lt;br/&gt;
APPENDIX A : DOCUMENT HISTORY ...................................................................................................33&lt;/p&gt;

&lt;p&gt;I ran into this test using the current trunk. &lt;/p&gt;

&lt;p&gt;The Exolab.pdf file is located in the ..\source\trunk\test\input folder &lt;/p&gt;</description>
                <environment></environment>
        <key id="12417063">PDFBOX-439</key>
            <summary>Incorrect text for Exolab.pdf in Regression Test</summary>
                <type id="1" iconUrl="https://issues.apache.org/jira/images/icons/issuetypes/bug.png">Bug</type>
                                            <priority id="3" iconUrl="https://issues.apache.org/jira/images/icons/priorities/major.png">Major</priority>
                        <status id="6" iconUrl="https://issues.apache.org/jira/images/icons/statuses/closed.png" description="The issue is considered finished, the resolution is correct. Issues which are closed can be reopened.">Closed</status>
                    <statusCategory id="3" key="done" colorName="green"/>
                                    <resolution id="1">Fixed</resolution>
                                        <assignee username="-1">Unassigned</assignee>
                                    <reporter username="justinl">Justin LeFebvre</reporter>
                        <labels>
                    </labels>
                <created>Tue, 17 Mar 2009 14:22:31 +0000</created>
                <updated>Tue, 26 Oct 2010 10:33:39 +0100</updated>
                            <resolved>Sun, 3 Oct 2010 15:28:02 +0100</resolved>
                                                    <fixVersion>1.3.1</fixVersion>
                                    <component>Text extraction</component>
                        <due></due>
                            <votes>0</votes>
                                    <watches>0</watches>
                                                                <comments>
                            <comment id="12721893" author="justinl" created="Fri, 19 Jun 2009 18:30:23 +0100"  >&lt;p&gt;Apparently, this issue occurs due to the way this file produces bold text. It seems to use many of the same characters overlapping each other with very slight differences in positions in order to achieve the visual effect. However, since we are just analyzing the TJ positions, we end up printing these unnecessary characters when extracting the text. There is currently code in PDFTextStripper:processTextPosition(TP) that has been designed to remove duplicate text, however it will only remove TextPositions that not only overlap, but represent the same string values. This is problematic when dealing with this file because, for some reason, it has some TJ positions that are, for example, &quot;JAV&quot; and &quot;VA&quot; where the Vs overlap. In the current suppress duplicates code the overlap is never found and both the &quot;JAV&quot; and the &quot;VA&quot; are written to the output. &lt;/p&gt;

&lt;p&gt;Both Brian and I worked on trying to fix that situation by looking for any sort of overlapping characters on the page but this was turning out to be a bigger hassle than expected do to problems with rotated text and lack of reported individual character widths for some files. &lt;/p&gt;</comment>
                            <comment id="12722610" author="carrier" created="Mon, 22 Jun 2009 15:05:35 +0100"  >&lt;p&gt;A few more details on what we tried:&lt;/p&gt;
&lt;ul class=&quot;alternate&quot; type=&quot;square&quot;&gt;
	&lt;li&gt;Our goal was to detect the overlaps based on text coordinates and use logic similar to how we are currently detecting and merging in diacritics (see &lt;a href=&quot;https://issues.apache.org/jira/browse/PDFBOX-444&quot; title=&quot;Incorrect Diacritic Merging/Placement&quot; class=&quot;issue-link&quot; data-issue-key=&quot;PDFBOX-444&quot;&gt;&lt;del&gt;PDFBOX-444&lt;/del&gt;&lt;/a&gt;).&lt;/li&gt;
	&lt;li&gt;There is an open question about how we effeciently search through existing TextPositions to find the overlap because we are not storing them in sorted order.  We initially did a basic approach of comparing new TextPositions with existing TextPositions and this caused the regression tests to take 4 times as long.  Storing in sorted order would make things more efficient, but there has been a desire to preserve the non-sorted order of the text chunks.&lt;/li&gt;
	&lt;li&gt;In general, the merging approach worked, except that we found some files in the regression tests that had character widths of 0 and others with very large widths. The 0s were because the character width is not currently being calculated in processEncodedText() for rotated text and we could not find the source of the very large widths.&lt;/li&gt;
&lt;/ul&gt;

</comment>
                            <comment id="12917343" author="lehmi" created="Sun, 3 Oct 2010 15:26:19 +0100"  >&lt;p&gt;I&apos;m attaching the mentioned pdf to this issue as it is due to license restrictions no longer part of our test arena. &lt;/p&gt;</comment>
                            <comment id="12917344" author="lehmi" created="Sun, 3 Oct 2010 15:28:02 +0100"  >&lt;p&gt;Works fine with the current trunk version (rev. 1003396). I attached the text extraction result.&lt;/p&gt;
</comment>
                    </comments>
                    <attachments>
                            <attachment id="12456247" name="PDFBOX439-Exolab.pdf" size="121311" author="lehmi" created="Sun, 3 Oct 2010 15:26:19 +0100"/>
                            <attachment id="12456248" name="PDFBOX439-Exolab.txt" size="38297" author="lehmi" created="Sun, 3 Oct 2010 15:27:05 +0100"/>
                    </attachments>
                <subtasks>
                    </subtasks>
                <customfields>
                                                <customfield id="customfield_12310310" key="com.atlassian.jira.toolkit:attachments">
                        <customfieldname>Attachment count</customfieldname>
                        <customfieldvalues>
                            <customfieldvalue>2.0</customfieldvalue>
                        </customfieldvalues>
                    </customfield>
                                                                                            <customfield id="customfield_12310220" key="com.atlassian.jira.ext.charting:firstresponsedate">
                        <customfieldname>Date of First Response</customfieldname>
                        <customfieldvalues>
                            <customfieldvalue>Mon, 22 Jun 2009 14:05:35 +0000</customfieldvalue>

                        </customfieldvalues>
                    </customfield>
                                                                                                                                                    <customfield id="customfield_12310420" key="com.pyxis.greenhopper.jira:gh-global-rank">
                        <customfieldname>Global Rank</customfieldname>
                        <customfieldvalues>
                            <customfieldvalue>163247</customfieldvalue>
                        </customfieldvalues>
                    </customfield>
                                                                <customfield id="customfield_12310920" key="com.pyxis.greenhopper.jira:gh-global-rank">
                        <customfieldname>Rank</customfieldname>
                        <customfieldvalues>
                            <customfieldvalue>205533</customfieldvalue>
                        </customfieldvalues>
                    </customfield>
                                                                                                                        <customfield id="customfield_12310222" key="com.atlassian.jira.ext.charting:timeinstatus">
                        <customfieldname>Time in Status</customfieldname>
                        <customfieldvalues>
                            
                        </customfieldvalues>
                    </customfield>
                                    </customfields>
    </item>

<item>
            <title>[PDFBOX-440] Improper text produced depending on font for sample_fonts_solidconverter.pdf</title>
                <link>https://issues.apache.org/jira/browse/PDFBOX-440</link>
                <project id="12310760" key="PDFBOX">PDFBox</project>
                    <description>&lt;p&gt;Looking at another issue and running the regression test, I found that the sample_fonts_solidconverter.pdf file in the test directory has some issues producing the proper&lt;br/&gt;
text for two of the 9 fonts used for this line. The other fonts worked fine. &lt;/p&gt;

&lt;p&gt;The Produced Text: &lt;/p&gt;

&lt;p&gt;V e r d a n a :   T o t o   j e   p o k u s n &#253;   t e x t   s  &lt;br/&gt;
 ea t i n o u     a ~Y&lt;br/&gt;
 &#253; &#225; &#237; &#233;&lt;/p&gt;

&lt;p&gt;S a n s   s e r i f :   T o t o   j e   p o k u s n &#253;   t e x t   s  &lt;br/&gt;
 ea t i n o u     a &lt;br/&gt;
~Y &#253; &#225; &#237; &#233;&lt;/p&gt;

&lt;p&gt;should be&lt;br/&gt;
Verdana: Toto je pokusn&#253; text s &#269;e&#353;tinou - &#283;&#353;&#269;&#345;&#382;&#253;&#225;&#237;&#233;&lt;br/&gt;
Sans serif: Toto je pokusn&#253; text s &#269;e&#353;tinou - &#283;&#353;&#269;&#345;&#382;&#253;&#225;&#237;&#233;&lt;/p&gt;

&lt;p&gt;I found this using the current trunk and the files in question are located in the ..\source\trunk\test\input directory.&lt;/p&gt;</description>
                <environment></environment>
        <key id="12417064">PDFBOX-440</key>
            <summary>Improper text produced depending on font for sample_fonts_solidconverter.pdf</summary>
                <type id="1" iconUrl="https://issues.apache.org/jira/images/icons/issuetypes/bug.png">Bug</type>
                                            <priority id="3" iconUrl="https://issues.apache.org/jira/images/icons/priorities/major.png">Major</priority>
                        <status id="6" iconUrl="https://issues.apache.org/jira/images/icons/statuses/closed.png" description="The issue is considered finished, the resolution is correct. Issues which are closed can be reopened.">Closed</status>
                    <statusCategory id="3" key="done" colorName="green"/>
                                    <resolution id="1">Fixed</resolution>
                                        <assignee username="-1">Unassigned</assignee>
                                    <reporter username="justinl">Justin LeFebvre</reporter>
                        <labels>
                    </labels>
                <created>Tue, 17 Mar 2009 14:50:45 +0000</created>
                <updated>Tue, 26 Oct 2010 10:33:40 +0100</updated>
                            <resolved>Sun, 3 Oct 2010 15:34:54 +0100</resolved>
                                                    <fixVersion>1.3.1</fixVersion>
                                    <component>Text extraction</component>
                        <due></due>
                            <votes>1</votes>
                                    <watches>1</watches>
                                                                <comments>
                            <comment id="12917345" author="lehmi" created="Sun, 3 Oct 2010 15:34:54 +0100"  >&lt;p&gt;Works fine with the current trunk version (rev. 1003396). See &lt;a href=&quot;https://issues.apache.org/jira/browse/PDFBOX-568&quot; title=&quot;testextract failure on Linux and Mac OS X&quot; class=&quot;issue-link&quot; data-issue-key=&quot;PDFBOX-568&quot;&gt;&lt;del&gt;PDFBOX-568&lt;/del&gt;&lt;/a&gt; for further details.&lt;/p&gt;</comment>
                    </comments>
                    <attachments>
                    </attachments>
                <subtasks>
                    </subtasks>
                <customfields>
                                                <customfield id="customfield_12310310" key="com.atlassian.jira.toolkit:attachments">
                        <customfieldname>Attachment count</customfieldname>
                        <customfieldvalues>
                            <customfieldvalue>0.0</customfieldvalue>
                        </customfieldvalues>
                    </customfield>
                                                                                            <customfield id="customfield_12310220" key="com.atlassian.jira.ext.charting:firstresponsedate">
                        <customfieldname>Date of First Response</customfieldname>
                        <customfieldvalues>
                            <customfieldvalue>Sun, 3 Oct 2010 14:34:54 +0000</customfieldvalue>

                        </customfieldvalues>
                    </customfield>
                                                                                                                                                    <customfield id="customfield_12310420" key="com.pyxis.greenhopper.jira:gh-global-rank">
                        <customfieldname>Global Rank</customfieldname>
                        <customfieldvalues>
                            <customfieldvalue>163248</customfieldvalue>
                        </customfieldvalues>
                    </customfield>
                                                                <customfield id="customfield_12310920" key="com.pyxis.greenhopper.jira:gh-global-rank">
                        <customfieldname>Rank</customfieldname>
                        <customfieldvalues>
                            <customfieldvalue>205195</customfieldvalue>
                        </customfieldvalues>
                    </customfield>
                                                                                                                        <customfield id="customfield_12310222" key="com.atlassian.jira.ext.charting:timeinstatus">
                        <customfieldname>Time in Status</customfieldname>
                        <customfieldvalues>
                            
                        </customfieldvalues>
                    </customfield>
                                    </customfields>
    </item>

<item>
            <title>[PDFBOX-442] race condition in PdfFont</title>
                <link>https://issues.apache.org/jira/browse/PDFBOX-442</link>
                <project id="12310760" key="PDFBOX">PDFBox</project>
                    <description>&lt;p&gt;this code in PDFFont.encode isn&apos;t thread safe,&lt;/p&gt;

&lt;p&gt;                        COSName encodingName = (COSName)encoding;&lt;br/&gt;
                        cmap = (CMap)cmapObjects.get( encodingName );&lt;br/&gt;
                        if( cmap != null )&lt;/p&gt;
                        {
                            cmap = (CMap)cmapObjects.get( encodingName );
                        }

&lt;p&gt;cmap may be cleared in PDFont.clearResources(), and it may be cleared in the interval between the two get() calls.  The first get() may be non null, while the second may be null.  The second get may be removed altogether.&lt;/p&gt;</description>
                <environment></environment>
        <key id="12417196">PDFBOX-442</key>
            <summary>race condition in PdfFont</summary>
                <type id="1" iconUrl="https://issues.apache.org/jira/images/icons/issuetypes/bug.png">Bug</type>
                                            <priority id="3" iconUrl="https://issues.apache.org/jira/images/icons/priorities/major.png">Major</priority>
                        <status id="6" iconUrl="https://issues.apache.org/jira/images/icons/statuses/closed.png" description="The issue is considered finished, the resolution is correct. Issues which are closed can be reopened.">Closed</status>
                    <statusCategory id="3" key="done" colorName="green"/>
                                    <resolution id="1">Fixed</resolution>
                                        <assignee username="-1">Unassigned</assignee>
                                    <reporter username="sgbridges">Sean Bridges</reporter>
                        <labels>
                    </labels>
                <created>Wed, 18 Mar 2009 18:08:26 +0000</created>
                <updated>Wed, 21 Oct 2009 10:52:10 +0100</updated>
                            <resolved>Sun, 10 May 2009 18:43:10 +0100</resolved>
                                    <version>0.7.3</version>
                                    <fixVersion>0.8.0-incubator</fixVersion>
                                        <due></due>
                            <votes>0</votes>
                                    <watches>0</watches>
                                                                <comments>
                            <comment id="12707817" author="lehmi" created="Sun, 10 May 2009 18:43:10 +0100"  >&lt;p&gt;The second get on the map isn&apos;t needed. If we have the value, than we don&apos;t have to get it twice. Furthermore the cmapObjects is a synchronized map so that all accesses to that class-member shouldn&apos;t  be critical even in a multithreded environment.&lt;br/&gt;
I&apos;ve delete the unneeded second get on the map with version 773370.&lt;/p&gt;</comment>
                    </comments>
                    <attachments>
                    </attachments>
                <subtasks>
                    </subtasks>
                <customfields>
                                                <customfield id="customfield_12310310" key="com.atlassian.jira.toolkit:attachments">
                        <customfieldname>Attachment count</customfieldname>
                        <customfieldvalues>
                            <customfieldvalue>0.0</customfieldvalue>
                        </customfieldvalues>
                    </customfield>
                                                                                            <customfield id="customfield_12310220" key="com.atlassian.jira.ext.charting:firstresponsedate">
                        <customfieldname>Date of First Response</customfieldname>
                        <customfieldvalues>
                            <customfieldvalue>Sun, 10 May 2009 17:43:10 +0000</customfieldvalue>

                        </customfieldvalues>
                    </customfield>
                                                                                                                                                    <customfield id="customfield_12310420" key="com.pyxis.greenhopper.jira:gh-global-rank">
                        <customfieldname>Global Rank</customfieldname>
                        <customfieldvalues>
                            <customfieldvalue>163250</customfieldvalue>
                        </customfieldvalues>
                    </customfield>
                                                                <customfield id="customfield_12310920" key="com.pyxis.greenhopper.jira:gh-global-rank">
                        <customfieldname>Rank</customfieldname>
                        <customfieldvalues>
                            <customfieldvalue>205305</customfieldvalue>
                        </customfieldvalues>
                    </customfield>
                                                                                                                        <customfield id="customfield_12310222" key="com.atlassian.jira.ext.charting:timeinstatus">
                        <customfieldname>Time in Status</customfieldname>
                        <customfieldvalues>
                            
                        </customfieldvalues>
                    </customfield>
                                    </customfields>
    </item>

<item>
            <title>[PDFBOX-443] Wrong length in stream decoding after exception (results in endless loop)</title>
                <link>https://issues.apache.org/jira/browse/PDFBOX-443</link>
                <project id="12310760" key="PDFBOX">PDFBox</project>
                    <description>&lt;p&gt;When reading streams from PDF files PDFBox may get stuck and don&apos;t return. This happens for instance if a stream with FlateDecode filter is read but flate decoder is unable to read encoded data.&lt;/p&gt;

&lt;p&gt;The reason is that in COSStream in method doDecode(COSName, int) the filter is first applied using length specified by PDF and in case of an error the filter is applied with length parameter set to &apos;writtenLength&apos;. However &apos;writtenLength&apos; is read from unfilteredStream which was newly created in first try - so written length is 0 which results in some endless loop in flate decoder.&lt;/p&gt;

&lt;p&gt;The solution: read written length before first try and (in case we have several filter) make sure that writtenLength is not 0.&lt;/p&gt;

&lt;p&gt;The fixed method:&lt;/p&gt;

&lt;p&gt;    private void doDecode( COSName filterName, int filterIndex ) throws IOException&lt;br/&gt;
    {&lt;br/&gt;
        FilterManager manager = getFilterManager();&lt;br/&gt;
        Filter filter = manager.getFilter( filterName );&lt;br/&gt;
        InputStream input;&lt;/p&gt;

&lt;p&gt;        boolean     done          = false;&lt;br/&gt;
        IOException exception     = null;&lt;br/&gt;
        long        position      = unFilteredStream.getPosition();&lt;br/&gt;
        long        length        = unFilteredStream.getLength();&lt;br/&gt;
        long        writtenLength = unFilteredStream.getLengthWritten();	// TB: in case we need it later&lt;/p&gt;

&lt;p&gt;        if( length == 0 )&lt;/p&gt;
        {
            //if the length is zero then don&apos;t bother trying to decode
            //some filters don&apos;t work when attempting to decode
            //with a zero length stream.  See zlib_error_01.pdf
            unFilteredStream = new RandomAccessFileOutputStream( file );
            done = true;
        }
&lt;p&gt;        else&lt;br/&gt;
        {&lt;br/&gt;
            //ok this is a simple hack, sometimes we read a couple extra&lt;br/&gt;
            //bytes that shouldn&apos;t be there, so we encounter an error we will just&lt;br/&gt;
            //try again with one less byte.&lt;br/&gt;
            for( int tryCount=0; !done &amp;amp;&amp;amp; tryCount&amp;lt;5; tryCount++ )&lt;br/&gt;
            {&lt;br/&gt;
                try&lt;/p&gt;
                {
                    input = new BufferedInputStream(
                        new RandomAccessFileInputStream( file, position, length ), BUFFER_SIZE );
                    unFilteredStream = new RandomAccessFileOutputStream( file );
                    filter.decode( input, unFilteredStream, this, filterIndex );
                    done = true;
                }
&lt;p&gt;                catch( IOException io )&lt;/p&gt;
                {
                    length--;
                    exception = io;
                }
&lt;p&gt;            }&lt;br/&gt;
            if( !done )&lt;br/&gt;
            {&lt;br/&gt;
                //if no good stream was found then lets try again but with the&lt;br/&gt;
                //length of data that was actually read and not length&lt;br/&gt;
                //defined in the dictionary&lt;br/&gt;
                length = writtenLength;&lt;br/&gt;
                if( length != 0 )&lt;br/&gt;
                {&lt;br/&gt;
		                for( int tryCount=0; !done &amp;amp;&amp;amp; tryCount&amp;lt;5; tryCount++ )&lt;br/&gt;
		                {&lt;br/&gt;
		                    try&lt;/p&gt;
		                    {
		                        input = new BufferedInputStream(
		                            new RandomAccessFileInputStream( file, position, length ), BUFFER_SIZE );
		                        unFilteredStream = new RandomAccessFileOutputStream( file );
		                        filter.decode( input, unFilteredStream, this, filterIndex );
		                        done = true;
		                    }
&lt;p&gt;		                    catch( IOException io )&lt;/p&gt;
		                    {
		                        length--;
		                        exception = io;
		                    }
&lt;p&gt;		                }&lt;br/&gt;
                }&lt;br/&gt;
            }&lt;br/&gt;
        }&lt;br/&gt;
        if( !done )&lt;/p&gt;
        {
            throw exception;
        }
&lt;p&gt;    }&lt;/p&gt;</description>
                <environment>all</environment>
        <key id="12417261">PDFBOX-443</key>
            <summary>Wrong length in stream decoding after exception (results in endless loop)</summary>
                <type id="1" iconUrl="https://issues.apache.org/jira/images/icons/issuetypes/bug.png">Bug</type>
                                            <priority id="3" iconUrl="https://issues.apache.org/jira/images/icons/priorities/major.png">Major</priority>
                        <status id="6" iconUrl="https://issues.apache.org/jira/images/icons/statuses/closed.png" description="The issue is considered finished, the resolution is correct. Issues which are closed can be reopened.">Closed</status>
                    <statusCategory id="3" key="done" colorName="green"/>
                                    <resolution id="1">Fixed</resolution>
                                        <assignee username="lehmi">Andreas Lehmk&#252;hler</assignee>
                                    <reporter username="tboehme">Timo Boehme</reporter>
                        <labels>
                    </labels>
                <created>Thu, 19 Mar 2009 09:49:08 +0000</created>
                <updated>Fri, 18 May 2012 17:52:00 +0100</updated>
                            <resolved>Fri, 18 May 2012 17:51:59 +0100</resolved>
                                    <version>0.8.0-incubator</version>
                                    <fixVersion>1.0.0</fixVersion>
                                    <component>Parsing</component>
                        <due></due>
                            <votes>0</votes>
                                    <watches>0</watches>
                                    <timeoriginalestimate seconds="300">5m</timeoriginalestimate>
                            <timeestimate seconds="300">5m</timeestimate>
                                        <comments>
                            <comment id="12689418" author="lehmi" created="Thu, 26 Mar 2009 10:17:12 +0000"  >&lt;p&gt;I&apos;ve commited Timos suggested changes with version 758577. Thanks for that.&lt;/p&gt;

&lt;p&gt;@Timo: do you have a sample file to test fix? The solution is obvious but testing gives us a more better feeling &lt;img class=&quot;emoticon&quot; src=&quot;https://issues.apache.org/jira/images/icons/emoticons/wink.gif&quot; height=&quot;16&quot; width=&quot;16&quot; align=&quot;absmiddle&quot; alt=&quot;&quot; border=&quot;0&quot;/&gt;&lt;/p&gt;</comment>
                            <comment id="12689435" author="tboehme" created="Thu, 26 Mar 2009 10:47:01 +0000"  >&lt;p&gt;Unfortunately not since I encountered the bug by mistake: I processed PDF files without doing decryption. Thus for documents which were encrypted the flat decode would fail producing the described error. So a test case would be an encrypted document with flate compressed streams which is processed without decryption and one of the streams is read via getUnfilteredStream().&lt;/p&gt;</comment>
                    </comments>
                    <attachments>
                    </attachments>
                <subtasks>
                    </subtasks>
                <customfields>
                                                <customfield id="customfield_12310310" key="com.atlassian.jira.toolkit:attachments">
                        <customfieldname>Attachment count</customfieldname>
                        <customfieldvalues>
                            <customfieldvalue>0.0</customfieldvalue>
                        </customfieldvalues>
                    </customfield>
                                                                                            <customfield id="customfield_12310220" key="com.atlassian.jira.ext.charting:firstresponsedate">
                        <customfieldname>Date of First Response</customfieldname>
                        <customfieldvalues>
                            <customfieldvalue>Thu, 26 Mar 2009 10:17:12 +0000</customfieldvalue>

                        </customfieldvalues>
                    </customfield>
                                                                                                                                                    <customfield id="customfield_12310420" key="com.pyxis.greenhopper.jira:gh-global-rank">
                        <customfieldname>Global Rank</customfieldname>
                        <customfieldvalues>
                            <customfieldvalue>84898</customfieldvalue>
                        </customfieldvalues>
                    </customfield>
                                                                <customfield id="customfield_12310920" key="com.pyxis.greenhopper.jira:gh-global-rank">
                        <customfieldname>Rank</customfieldname>
                        <customfieldvalues>
                            <customfieldvalue>205147</customfieldvalue>
                        </customfieldvalues>
                    </customfield>
                                                                                                                        <customfield id="customfield_12310222" key="com.atlassian.jira.ext.charting:timeinstatus">
                        <customfieldname>Time in Status</customfieldname>
                        <customfieldvalues>
                            
                        </customfieldvalues>
                    </customfield>
                                    </customfields>
    </item>

<item>
            <title>[PDFBOX-444] Incorrect Diacritic Merging/Placement</title>
                <link>https://issues.apache.org/jira/browse/PDFBOX-444</link>
                <project id="12310760" key="PDFBOX">PDFBox</project>
                    <description>&lt;p&gt;When looking at the spacing issue found in &lt;a href=&quot;https://issues.apache.org/jira/browse/PDFBOX-77&quot; title=&quot;PDF-Extraction splits words by spaces&quot; class=&quot;issue-link&quot; data-issue-key=&quot;PDFBOX-77&quot;&gt;&lt;del&gt;PDFBOX-77&lt;/del&gt;&lt;/a&gt;, I found a separate issue with the placement of the diacritic characters in the file 03_2_SSL.pdf which I have attached here. &lt;br/&gt;
The issue is that there are separate TextPositions used to render the character itself and its diacritic. For example, the word &lt;/p&gt;

&lt;p&gt;And&#168; erung,  should have its diacritic over the A character and not after the d. This sort of issue occurs when the -sort option is enabled. Otherwise the produced word looks like this,&lt;/p&gt;

&lt;p&gt;&#168;Anderung. This is still not correct in that the A and the diacritic should be merged to take up one character&apos;s width of space. This occurs throughout the document. &lt;/p&gt;

&lt;p&gt;Currently, PDFBOX does handle merging of diacritic characters but it assumes that the TextPosition for the diacritic occurs after the TextPosition it is supposed to be merged with, when in this file&lt;br/&gt;
the diacritic TextPosition comes beforehand. &lt;/p&gt;</description>
                <environment></environment>
        <key id="12417301">PDFBOX-444</key>
            <summary>Incorrect Diacritic Merging/Placement</summary>
                <type id="1" iconUrl="https://issues.apache.org/jira/images/icons/issuetypes/bug.png">Bug</type>
                                            <priority id="3" iconUrl="https://issues.apache.org/jira/images/icons/priorities/major.png">Major</priority>
                        <status id="6" iconUrl="https://issues.apache.org/jira/images/icons/statuses/closed.png" description="The issue is considered finished, the resolution is correct. Issues which are closed can be reopened.">Closed</status>
                    <statusCategory id="3" key="done" colorName="green"/>
                                    <resolution id="1">Fixed</resolution>
                                        <assignee username="-1">Unassigned</assignee>
                                    <reporter username="justinl">Justin LeFebvre</reporter>
                        <labels>
                    </labels>
                <created>Thu, 19 Mar 2009 17:43:23 +0000</created>
                <updated>Wed, 21 Oct 2009 11:28:18 +0100</updated>
                            <resolved>Tue, 31 Mar 2009 19:07:17 +0100</resolved>
                                                    <fixVersion>0.8.0-incubator</fixVersion>
                                    <component>Text extraction</component>
                        <due></due>
                            <votes>0</votes>
                                    <watches>0</watches>
                                                                <comments>
                            <comment id="12693816" author="justinl" created="Mon, 30 Mar 2009 17:01:37 +0100"  >&lt;p&gt;The attached diff file, Diacritic_fix.diff has the code changes that will fix this issue. Note: This fix will cause the regression tests to fail, however, Brian and I have reviewed the log file and have confirmed that the lines that are failing are actually improvements to the previous output. &lt;/p&gt;</comment>
                            <comment id="12694198" author="carrier" created="Tue, 31 Mar 2009 19:07:17 +0100"  >&lt;p&gt;Patch applied and checked into trunk.  Updated regression tests also checked in.&lt;/p&gt;

&lt;p&gt;Sending        trunk/src/main/java/org/apache/pdfbox/util/PDFTextStripper.java&lt;br/&gt;
Sending        trunk/src/main/java/org/apache/pdfbox/util/TextPosition.java&lt;br/&gt;
Sending        trunk/test/input/Garcia2004_thesis.pdf-sorted.txt&lt;br/&gt;
Sending        trunk/test/input/Garcia2004_thesis.pdf.txt&lt;br/&gt;
Sending        trunk/test/input/cweb.pdf-sorted.txt&lt;br/&gt;
Sending        trunk/test/input/cweb.pdf.txt&lt;br/&gt;
Transmitting file data ......&lt;br/&gt;
Committed revision 760554.&lt;/p&gt;
</comment>
                    </comments>
                <issuelinks>
                            <issuelinktype id="10030">
                    <name>Reference</name>
                                            <outwardlinks description="relates to">
                                        <issuelink>
            <issuekey id="12391111">PDFBOX-77</issuekey>
        </issuelink>
                            </outwardlinks>
                                                        </issuelinktype>
                    </issuelinks>
                <attachments>
                            <attachment id="12402590" name="03_2_SSL-sorted.txt" size="32776" author="justinl" created="Thu, 19 Mar 2009 17:43:55 +0000"/>
                            <attachment id="12402591" name="03_2_SSL-unsorted.txt" size="32826" author="justinl" created="Thu, 19 Mar 2009 17:43:55 +0000"/>
                            <attachment id="12402589" name="03_2_SSL.pdf" size="189836" author="justinl" created="Thu, 19 Mar 2009 17:43:55 +0000"/>
                            <attachment id="12404151" name="Diacritic_fix.diff" size="24864" author="justinl" created="Mon, 30 Mar 2009 17:01:37 +0100"/>
                    </attachments>
                <subtasks>
                    </subtasks>
                <customfields>
                                                <customfield id="customfield_12310310" key="com.atlassian.jira.toolkit:attachments">
                        <customfieldname>Attachment count</customfieldname>
                        <customfieldvalues>
                            <customfieldvalue>4.0</customfieldvalue>
                        </customfieldvalues>
                    </customfield>
                                                                                            <customfield id="customfield_12310220" key="com.atlassian.jira.ext.charting:firstresponsedate">
                        <customfieldname>Date of First Response</customfieldname>
                        <customfieldvalues>
                            <customfieldvalue>Tue, 31 Mar 2009 18:07:17 +0000</customfieldvalue>

                        </customfieldvalues>
                    </customfield>
                                                                                                                                                    <customfield id="customfield_12310420" key="com.pyxis.greenhopper.jira:gh-global-rank">
                        <customfieldname>Global Rank</customfieldname>
                        <customfieldvalues>
                            <customfieldvalue>163251</customfieldvalue>
                        </customfieldvalues>
                    </customfield>
                                                                <customfield id="customfield_12310920" key="com.pyxis.greenhopper.jira:gh-global-rank">
                        <customfieldname>Rank</customfieldname>
                        <customfieldvalues>
                            <customfieldvalue>205337</customfieldvalue>
                        </customfieldvalues>
                    </customfield>
                                                                                                                        <customfield id="customfield_12310222" key="com.atlassian.jira.ext.charting:timeinstatus">
                        <customfieldname>Time in Status</customfieldname>
                        <customfieldvalues>
                            
                        </customfieldvalues>
                    </customfield>
                                    </customfields>
    </item>

<item>
            <title>[PDFBOX-445] A empty page produces a NPE  </title>
                <link>https://issues.apache.org/jira/browse/PDFBOX-445</link>
                <project id="12310760" key="PDFBOX">PDFBox</project>
                    <description>&lt;p&gt;Wildan reported a issue during converting a document to images on the user list. He gets an NPE during converting the pages into images. After looking a the document, Daniel and I quickly found the issue and a solution to avoid the NPE. &lt;/p&gt;

</description>
                <environment></environment>
        <key id="12419652">PDFBOX-445</key>
            <summary>A empty page produces a NPE  </summary>
                <type id="1" iconUrl="https://issues.apache.org/jira/images/icons/issuetypes/bug.png">Bug</type>
                                            <priority id="3" iconUrl="https://issues.apache.org/jira/images/icons/priorities/major.png">Major</priority>
                        <status id="6" iconUrl="https://issues.apache.org/jira/images/icons/statuses/closed.png" description="The issue is considered finished, the resolution is correct. Issues which are closed can be reopened.">Closed</status>
                    <statusCategory id="3" key="done" colorName="green"/>
                                    <resolution id="3">Duplicate</resolution>
                                        <assignee username="-1">Unassigned</assignee>
                                    <reporter username="lehmi">Andreas Lehmk&#252;hler</reporter>
                        <labels>
                    </labels>
                <created>Fri, 27 Mar 2009 14:53:13 +0000</created>
                <updated>Tue, 31 Mar 2009 12:16:56 +0100</updated>
                            <resolved>Tue, 31 Mar 2009 12:16:56 +0100</resolved>
                                                                    <component>Parsing</component>
                        <due></due>
                            <votes>0</votes>
                                    <watches>0</watches>
                                                                <comments>
                            <comment id="12694067" author="lehmi" created="Tue, 31 Mar 2009 12:16:56 +0100"  >&lt;p&gt;Double post. See &lt;a href=&quot;https://issues.apache.org/jira/browse/PDFBOX-446&quot; title=&quot;A empty page produces a NPE  &quot; class=&quot;issue-link&quot; data-issue-key=&quot;PDFBOX-446&quot;&gt;&lt;del&gt;PDFBOX-446&lt;/del&gt;&lt;/a&gt;&lt;/p&gt;</comment>
                    </comments>
                    <attachments>
                    </attachments>
                <subtasks>
                    </subtasks>
                <customfields>
                                                <customfield id="customfield_12310310" key="com.atlassian.jira.toolkit:attachments">
                        <customfieldname>Attachment count</customfieldname>
                        <customfieldvalues>
                            <customfieldvalue>0.0</customfieldvalue>
                        </customfieldvalues>
                    </customfield>
                                                                                                                                                                                                            <customfield id="customfield_12310420" key="com.pyxis.greenhopper.jira:gh-global-rank">
                        <customfieldname>Global Rank</customfieldname>
                        <customfieldvalues>
                            <customfieldvalue>163252</customfieldvalue>
                        </customfieldvalues>
                    </customfield>
                                                                <customfield id="customfield_12310920" key="com.pyxis.greenhopper.jira:gh-global-rank">
                        <customfieldname>Rank</customfieldname>
                        <customfieldvalues>
                            <customfieldvalue>205900</customfieldvalue>
                        </customfieldvalues>
                    </customfield>
                                                                                                                        <customfield id="customfield_12310222" key="com.atlassian.jira.ext.charting:timeinstatus">
                        <customfieldname>Time in Status</customfieldname>
                        <customfieldvalues>
                            
                        </customfieldvalues>
                    </customfield>
                                    </customfields>
    </item>

<item>
            <title>[PDFBOX-446] A empty page produces a NPE  </title>
                <link>https://issues.apache.org/jira/browse/PDFBOX-446</link>
                <project id="12310760" key="PDFBOX">PDFBox</project>
                    <description>&lt;p&gt;Wildan reported a issue during converting a document to images on the user list. He gets an NPE during converting the pages into images. After looking a the document, Daniel and I quickly found the issue and a solution to avoid the NPE. &lt;/p&gt;

</description>
                <environment></environment>
        <key id="12419653">PDFBOX-446</key>
            <summary>A empty page produces a NPE  </summary>
                <type id="1" iconUrl="https://issues.apache.org/jira/images/icons/issuetypes/bug.png">Bug</type>
                                            <priority id="3" iconUrl="https://issues.apache.org/jira/images/icons/priorities/major.png">Major</priority>
                        <status id="6" iconUrl="https://issues.apache.org/jira/images/icons/statuses/closed.png" description="The issue is considered finished, the resolution is correct. Issues which are closed can be reopened.">Closed</status>
                    <statusCategory id="3" key="done" colorName="green"/>
                                    <resolution id="1">Fixed</resolution>
                                        <assignee username="-1">Unassigned</assignee>
                                    <reporter username="lehmi">Andreas Lehmk&#252;hler</reporter>
                        <labels>
                    </labels>
                <created>Fri, 27 Mar 2009 14:53:15 +0000</created>
                <updated>Wed, 21 Oct 2009 10:52:10 +0100</updated>
                            <resolved>Fri, 27 Mar 2009 15:11:49 +0000</resolved>
                                                    <fixVersion>0.8.0-incubator</fixVersion>
                                    <component>Parsing</component>
                        <due></due>
                            <votes>0</votes>
                                    <watches>0</watches>
                                                                <comments>
                            <comment id="12689931" author="lehmi" created="Fri, 27 Mar 2009 15:11:49 +0000"  >&lt;p&gt;The issue is solved with version 759168. I&apos;ve picked up Daniel suggestions and from now the PageDrawer will just skip pages without content. It works fine for the document Wildan posted on the user-list. It just produces an empty page.&lt;/p&gt;</comment>
                    </comments>
                    <attachments>
                    </attachments>
                <subtasks>
                    </subtasks>
                <customfields>
                                                <customfield id="customfield_12310310" key="com.atlassian.jira.toolkit:attachments">
                        <customfieldname>Attachment count</customfieldname>
                        <customfieldvalues>
                            <customfieldvalue>0.0</customfieldvalue>
                        </customfieldvalues>
                    </customfield>
                                                                                                                                                                                                            <customfield id="customfield_12310420" key="com.pyxis.greenhopper.jira:gh-global-rank">
                        <customfieldname>Global Rank</customfieldname>
                        <customfieldvalues>
                            <customfieldvalue>163253</customfieldvalue>
                        </customfieldvalues>
                    </customfield>
                                                                <customfield id="customfield_12310920" key="com.pyxis.greenhopper.jira:gh-global-rank">
                        <customfieldname>Rank</customfieldname>
                        <customfieldvalues>
                            <customfieldvalue>205592</customfieldvalue>
                        </customfieldvalues>
                    </customfield>
                                                                                                                        <customfield id="customfield_12310222" key="com.atlassian.jira.ext.charting:timeinstatus">
                        <customfieldname>Time in Status</customfieldname>
                        <customfieldvalues>
                            
                        </customfieldvalues>
                    </customfield>
                                    </customfields>
    </item>

<item>
            <title>[PDFBOX-447] Image Convert Issue</title>
                <link>https://issues.apache.org/jira/browse/PDFBOX-447</link>
                <project id="12310760" key="PDFBOX">PDFBox</project>
                    <description>&lt;p&gt;The converted image is far from perfect, may be some one can explain what is source of this problem ? &lt;/p&gt;</description>
                <environment>Ubuntu, java 1.6</environment>
        <key id="12421646">PDFBOX-447</key>
            <summary>Image Convert Issue</summary>
                <type id="1" iconUrl="https://issues.apache.org/jira/images/icons/issuetypes/bug.png">Bug</type>
                                            <priority id="3" iconUrl="https://issues.apache.org/jira/images/icons/priorities/major.png">Major</priority>
                        <status id="5" iconUrl="https://issues.apache.org/jira/images/icons/statuses/resolved.png" description="A resolution has been taken, and it is awaiting verification by reporter. From here issues are either reopened, or are closed.">Resolved</status>
                    <statusCategory id="3" key="done" colorName="green"/>
                                    <resolution id="1">Fixed</resolution>
                                        <assignee username="lehmi">Andreas Lehmk&#252;hler</assignee>
                                    <reporter username="wildan.m">Wildan Maulana</reporter>
                        <labels>
                    </labels>
                <created>Tue, 31 Mar 2009 12:08:13 +0100</created>
                <updated>Sun, 4 Aug 2013 10:57:05 +0100</updated>
                            <resolved>Sun, 4 Aug 2013 10:57:05 +0100</resolved>
                                    <version>0.8.0-incubator</version>
                                    <fixVersion>2.0.0</fixVersion>
                                    <component>Utilities</component>
                        <due></due>
                            <votes>0</votes>
                                    <watches>3</watches>
                                                                <comments>
                            <comment id="12694064" author="wildan.m" created="Tue, 31 Mar 2009 12:11:31 +0100"  >&lt;p&gt;The PDF files being converted and one of the result. &lt;/p&gt;

&lt;p&gt;Note : I create this PDF from OpenOffice presentation file &lt;/p&gt;</comment>
                            <comment id="12694322" author="danielwilson" created="Wed, 1 Apr 2009 00:39:13 +0100"  >&lt;p&gt;This looks something like the problems we used to see with unrecognized fonts.  What font are you using?&lt;/p&gt;</comment>
                            <comment id="12694419" author="wildan.m" created="Wed, 1 Apr 2009 09:18:41 +0100"  >&lt;p&gt;Georgia font. &lt;/p&gt;

&lt;p&gt;Btw, How can I add additional font type support in PDFBox ? &lt;/p&gt;</comment>
                            <comment id="12764488" author="lehmi" created="Sun, 11 Oct 2009 18:08:21 +0100"  >&lt;p&gt;There is a issue with embedded true type fonts. See &lt;a href=&quot;https://issues.apache.org/jira/browse/PDFBOX-490&quot; title=&quot;Pdf Printing of text from embedded fonts&quot; class=&quot;issue-link&quot; data-issue-key=&quot;PDFBOX-490&quot;&gt;&lt;del&gt;PDFBOX-490&lt;/del&gt;&lt;/a&gt; for more details &lt;/p&gt;</comment>
                            <comment id="13728824" author="lehmi" created="Sun, 4 Aug 2013 10:57:05 +0100"  >&lt;p&gt;Looks quite perfect after solving &lt;a href=&quot;https://issues.apache.org/jira/browse/PDFBOX-490&quot; title=&quot;Pdf Printing of text from embedded fonts&quot; class=&quot;issue-link&quot; data-issue-key=&quot;PDFBOX-490&quot;&gt;&lt;del&gt;PDFBOX-490&lt;/del&gt;&lt;/a&gt;.&lt;/p&gt;</comment>
                    </comments>
                <issuelinks>
                            <issuelinktype id="10030">
                    <name>Reference</name>
                                                                <inwardlinks description="is related to">
                                        <issuelink>
            <issuekey id="12429670">PDFBOX-490</issuekey>
        </issuelink>
                            </inwardlinks>
                                    </issuelinktype>
                    </issuelinks>
                <attachments>
                            <attachment id="12404226" name="1-ModernJavaScriptProgramming.pdf" size="503256" author="wildan.m" created="Tue, 31 Mar 2009 12:11:31 +0100"/>
                            <attachment id="12404227" name="1-ModernJavaScriptProgramming1.jpg" size="1367878" author="wildan.m" created="Tue, 31 Mar 2009 12:11:31 +0100"/>
                    </attachments>
                <subtasks>
                    </subtasks>
                <customfields>
                                                <customfield id="customfield_12310310" key="com.atlassian.jira.toolkit:attachments">
                        <customfieldname>Attachment count</customfieldname>
                        <customfieldvalues>
                            <customfieldvalue>2.0</customfieldvalue>
                        </customfieldvalues>
                    </customfield>
                                                                                            <customfield id="customfield_12310220" key="com.atlassian.jira.ext.charting:firstresponsedate">
                        <customfieldname>Date of First Response</customfieldname>
                        <customfieldvalues>
                            <customfieldvalue>Tue, 31 Mar 2009 23:39:13 +0000</customfieldvalue>

                        </customfieldvalues>
                    </customfield>
                                                                                                                                                    <customfield id="customfield_12310420" key="com.pyxis.greenhopper.jira:gh-global-rank">
                        <customfieldname>Global Rank</customfieldname>
                        <customfieldvalues>
                            <customfieldvalue>85019</customfieldvalue>
                        </customfieldvalues>
                    </customfield>
                                                                <customfield id="customfield_12310920" key="com.pyxis.greenhopper.jira:gh-global-rank">
                        <customfieldname>Rank</customfieldname>
                        <customfieldvalues>
                            <customfieldvalue>289320</customfieldvalue>
                        </customfieldvalues>
                    </customfield>
                                                                                                                        <customfield id="customfield_12310222" key="com.atlassian.jira.ext.charting:timeinstatus">
                        <customfieldname>Time in Status</customfieldname>
                        <customfieldvalues>
                            
                        </customfieldvalues>
                    </customfield>
                                    </customfields>
    </item>
</channel>
</rss>
