<!--
RSS generated by JIRA (6.2#6252-sha1:aa343257d4ce030d9cb8c531be520be9fac1c996) at Tue Jun 03 18:01:52 UTC 2014

It is possible to restrict the fields that are returned in this document by specifying the 'field' parameter in your request.
For example, to request only the issue key and summary add field=key&field=summary to the URL of your request.
For example:
https://issues.apache.org/jira/sr/jira.issueviews:searchrequest-xml/temp/SearchRequest.xml?jqlQuery=project+%3D+PDFBOX+AND+issuetype+%3D+Bug+AND+created+%3E%3D+2008-11-1+AND+created+%3C%3D+2008-12-1+ORDER+BY+key+ASC&tempMax=100&field=key&field=summary
-->
<!-- If you wish to do custom client-side styling of RSS, uncomment this:
<?xml-stylesheet href="https://issues.apache.org/jira/styles/jiraxml2html.xsl" type="text/xsl"?>
-->
<rss version="0.92">
    <channel>
        <title>ASF JIRA</title>
        <link>https://issues.apache.org/jira/secure/IssueNavigator.jspa?reset=true&amp;jqlQuery=project+%3D+PDFBOX+AND+issuetype+%3D+Bug+AND+created+%3E%3D+2008-11-1+AND+created+%3C%3D+2008-12-1+ORDER+BY+key+ASC</link>
        <description>An XML representation of a search request</description>
                <language>en-uk</language>
                        <issue start="0" end="4" total="4"/>
                <build-info>
            <version>6.2</version>
            <build-number>6252</build-number>
            <build-date>19-02-2014</build-date>
        </build-info>
<item>
            <title>[PDFBOX-383] BaseParser incorrectly handling stream, exhibiting IOException</title>
                <link>https://issues.apache.org/jira/browse/PDFBOX-383</link>
                <project id="12310760" key="PDFBOX">PDFBox</project>
                    <description>&lt;p&gt;when loading pdf file containing a file attachment annotation , errors might occurs when 2 conditions arise:&lt;/p&gt;
&lt;ul class=&quot;alternate&quot; type=&quot;square&quot;&gt;
	&lt;li&gt;the Length value for the dictionary of F stream holds an indirect reference to a integer value&lt;/li&gt;
	&lt;li&gt;the content of the filtered stream contains the word &apos;endstream&apos;&lt;/li&gt;
&lt;/ul&gt;


&lt;p&gt;typically this occurs when, in the pdf file, there is a stream description as follows:&lt;/p&gt;

&lt;p&gt;12 0 obj&lt;br/&gt;
&amp;lt;&amp;lt; /Length 16 0 R&lt;br/&gt;
/Filter /FlateDecode&lt;br/&gt;
&amp;gt;&amp;gt;&lt;br/&gt;
stream&lt;/p&gt;
{content}&lt;br/&gt;
endstream&lt;br/&gt;
endobj&lt;br/&gt;
...&lt;br/&gt;
16 0 obj
{length}&lt;br/&gt;
endobj&lt;br/&gt;
....&lt;br/&gt;
&lt;br/&gt;
and it the {content}
&lt;p&gt; (filtered) contains the (filtered) string &quot;endstream&quot;.&lt;br/&gt;
(see on line 3700 of the attachment)&lt;/p&gt;

&lt;p&gt;the problem is related to the way stream content is (always) read by method readUntilEndStream () that stop on first &apos;endstream&apos; sequence end.&lt;/p&gt;

&lt;p&gt;a (partial) fix was made, that reads the stream content 3 different ways:&lt;/p&gt;
&lt;ul class=&quot;alternate&quot; type=&quot;square&quot;&gt;
	&lt;li&gt;if the Length is known (this is a direct object), the 
{length}
&lt;p&gt; bytes are read and written to the stream FilteredStream&lt;/p&gt;&lt;/li&gt;
	&lt;li&gt;if the Length is unknown and if the filter is FlateFilter, the code unfilters the datas (the FlateDecode algorythm allows for not knowing the length of encoded data ahead of time) and associates to the stream&apos;s unfiltered stream&lt;/li&gt;
	&lt;li&gt;otherwise, let current behavior&lt;/li&gt;
&lt;/ul&gt;


&lt;p&gt;Running the modified code on files exhibiting errors has fixed problems that was encountered. &lt;/p&gt;</description>
                <environment>pdfbox 0.73 with java 5 running on windows platform</environment>
        <key id="12407671">PDFBOX-383</key>
            <summary>BaseParser incorrectly handling stream, exhibiting IOException</summary>
                <type id="1" iconUrl="https://issues.apache.org/jira/images/icons/issuetypes/bug.png">Bug</type>
                                            <priority id="3" iconUrl="https://issues.apache.org/jira/images/icons/priorities/major.png">Major</priority>
                        <status id="6" iconUrl="https://issues.apache.org/jira/images/icons/statuses/closed.png" description="The issue is considered finished, the resolution is correct. Issues which are closed can be reopened.">Closed</status>
                    <statusCategory id="3" key="done" colorName="green"/>
                                    <resolution id="1">Fixed</resolution>
                                        <assignee username="lehmi">Andreas Lehmk&#252;hler</assignee>
                                    <reporter username="lamontagnebleue">Son</reporter>
                        <labels>
                    </labels>
                <created>Sun, 2 Nov 2008 14:16:38 +0000</created>
                <updated>Tue, 29 May 2012 17:21:49 +0100</updated>
                            <resolved>Fri, 18 May 2012 17:57:20 +0100</resolved>
                                    <version>0.7.3</version>
                                    <fixVersion>1.7.0</fixVersion>
                                    <component>Parsing</component>
                        <due></due>
                            <votes>0</votes>
                                    <watches>1</watches>
                                                                <comments>
                            <comment id="12644587" author="lamontagnebleue" created="Sun, 2 Nov 2008 14:22:00 +0000"  >&lt;p&gt;BaseParser that avoids the problem.&lt;/p&gt;</comment>
                            <comment id="12644589" author="lamontagnebleue" created="Sun, 2 Nov 2008 14:33:42 +0000"  >&lt;p&gt;we should note that the sample file was generated using PDFBox self using the code shipped with fop 0.94.&lt;/p&gt;

&lt;p&gt;the problem arises when writing stream. current pdfbox implementation first writes the Length as indirect object, then content and then the length object.&lt;/p&gt;</comment>
                            <comment id="12644598" author="lamontagnebleue" created="Sun, 2 Nov 2008 16:14:09 +0000"  >&lt;p&gt;&lt;a href=&quot;https://issues.apache.org/jira/browse/PDFBOX-384&quot; title=&quot;sometimes, when PDFBox writes stream&amp;#39;s content in a PDF file, it can no longer read it&quot; class=&quot;issue-link&quot; data-issue-key=&quot;PDFBOX-384&quot;&gt;PDFBOX-384&lt;/a&gt; propose a (partial) fix that ensure the (filtered) Length is written as direct object prior to writing the stream&apos;s filtered content&lt;/p&gt;</comment>
                            <comment id="13278957" author="lehmi" created="Fri, 18 May 2012 17:57:20 +0100"  >&lt;p&gt;The attached pdfs works fine using the new non sequential parser, see PDFBOX for details.&lt;/p&gt;</comment>
                    </comments>
                    <attachments>
                            <attachment id="12393211" name="BaseParser.java" size="53593" author="lamontagnebleue" created="Sun, 2 Nov 2008 14:22:00 +0000"/>
                            <attachment id="12393210" name="fail.pdf" size="1396338" author="lamontagnebleue" created="Sun, 2 Nov 2008 14:20:09 +0000"/>
                    </attachments>
                <subtasks>
                    </subtasks>
                <customfields>
                                                <customfield id="customfield_12310310" key="com.atlassian.jira.toolkit:attachments">
                        <customfieldname>Attachment count</customfieldname>
                        <customfieldvalues>
                            <customfieldvalue>2.0</customfieldvalue>
                        </customfieldvalues>
                    </customfield>
                                                                                            <customfield id="customfield_12310220" key="com.atlassian.jira.ext.charting:firstresponsedate">
                        <customfieldname>Date of First Response</customfieldname>
                        <customfieldvalues>
                            <customfieldvalue>Fri, 18 May 2012 16:57:20 +0000</customfieldvalue>

                        </customfieldvalues>
                    </customfield>
                                                                                                                                                    <customfield id="customfield_12310420" key="com.pyxis.greenhopper.jira:gh-global-rank">
                        <customfieldname>Global Rank</customfieldname>
                        <customfieldvalues>
                            <customfieldvalue>84897</customfieldvalue>
                        </customfieldvalues>
                    </customfield>
                                                                <customfield id="customfield_12310920" key="com.pyxis.greenhopper.jira:gh-global-rank">
                        <customfieldname>Rank</customfieldname>
                        <customfieldvalues>
                            <customfieldvalue>205161</customfieldvalue>
                        </customfieldvalues>
                    </customfield>
                                                                                                                        <customfield id="customfield_12310222" key="com.atlassian.jira.ext.charting:timeinstatus">
                        <customfieldname>Time in Status</customfieldname>
                        <customfieldvalues>
                            
                        </customfieldvalues>
                    </customfield>
                                    </customfields>
    </item>

<item>
            <title>[PDFBOX-384] sometimes, when PDFBox writes stream&apos;s content in a PDF file, it can no longer read it</title>
                <link>https://issues.apache.org/jira/browse/PDFBOX-384</link>
                <project id="12310760" key="PDFBOX">PDFBox</project>
                    <description>&lt;p&gt;the stream content writing of PDFBox  creates a Length entry in the stream&apos;s directory that is an indirect reference.&lt;br/&gt;
the specification states (extracted from pdf reference 1.5, but also valid for all reference guide since), section 3.2.7 Stream Objects:&lt;/p&gt;

&lt;p&gt;...&lt;br/&gt;
stream consists of a dictionary that describes a sequence of bytes, followed by&lt;br/&gt;
zero or more bytes bracketed between the keywords stream and endstream: &lt;br/&gt;
dictionary&lt;br/&gt;
stream&lt;br/&gt;
...Zero or more bytes...&lt;br/&gt;
endstream&lt;br/&gt;
All streams must be indirect objects (see Section 3.2.9, &quot;Indirect Objects&quot;) and&lt;br/&gt;
the stream dictionary must be a direct object. The keyword stream  that follows&lt;br/&gt;
the stream dictionary should be followed by an end-of-line marker...&lt;/p&gt;

&lt;p&gt;the stream dictionary must be direct. what is not state is that entries in the dictionary should be direct as well as .... later on, it says in the Stream Extent paragraph:&lt;/p&gt;

&lt;p&gt;...&lt;br/&gt;
Every stream dictionary has a Length entry that indicates how many bytes of the&lt;br/&gt;
PDF file are used for the stream&apos;s data. (If the stream has a filter, Length  is the&lt;br/&gt;
number of bytes of encoded data.) In addition, most filters are defined so that the&lt;br/&gt;
data is self-limiting; that is, they use  an encoding scheme  in which an explicit&lt;br/&gt;
end-of-data  (EOD) marker delimits the extent of the data. Finally, streams are&lt;br/&gt;
used to represent many objects from whose attributes a length can be inferred. All&lt;br/&gt;
of these constraints must be consistent. &lt;br/&gt;
...&lt;br/&gt;
It indicates that most filters handles self-delimiting data ... thereby not requiring all filtering algorithm to support so.&lt;/p&gt;

&lt;p&gt;So, in order to explicitly set the Length value inside the stream dictionary, the filtering of content should be made prior to writing the dictionary.&lt;/p&gt;

&lt;p&gt;The current PDFBox behavior does the following:&lt;br/&gt;
(see org.pdfbox.pdfwriter.COSWriter.visitFromStream(COSStream obj) at line 929:&lt;/p&gt;

&lt;p&gt;...&lt;br/&gt;
            InputStream input = obj.getFilteredStream();&lt;br/&gt;
            // set the length of the stream and write stream dictionary&lt;br/&gt;
            COSObject lengthObject = new COSObject( null );&lt;/p&gt;

&lt;p&gt;            obj.setItem(COSName.LENGTH, lengthObject);&lt;br/&gt;
            // write the stream content&lt;br/&gt;
            visitFromDictionary( obj );&lt;br/&gt;
            getStandardOutput().write(STREAM);&lt;br/&gt;
...&lt;br/&gt;
            // writes the content&lt;br/&gt;
...&lt;br/&gt;
            lengthObject.setObject( new COSInteger( totalAmountWritten ) );&lt;br/&gt;
            getStandardOutput().writeCRLF();&lt;br/&gt;
            getStandardOutput().write(ENDSTREAM);&lt;br/&gt;
            getStandardOutput().writeEOL();&lt;br/&gt;
            return null;&lt;/p&gt;</description>
                <environment>pdfbox 0.73, java 5, windows os</environment>
        <key id="12407673">PDFBOX-384</key>
            <summary>sometimes, when PDFBox writes stream&apos;s content in a PDF file, it can no longer read it</summary>
                <type id="1" iconUrl="https://issues.apache.org/jira/images/icons/issuetypes/bug.png">Bug</type>
                                            <priority id="3" iconUrl="https://issues.apache.org/jira/images/icons/priorities/major.png">Major</priority>
                        <status id="1" iconUrl="https://issues.apache.org/jira/images/icons/statuses/open.png" description="The issue is open and ready for the assignee to start work on it.">Open</status>
                    <statusCategory id="2" key="new" colorName="blue-gray"/>
                                    <resolution id="-1">Unresolved</resolution>
                                        <assignee username="-1">Unassigned</assignee>
                                    <reporter username="lamontagnebleue">Son</reporter>
                        <labels>
                    </labels>
                <created>Sun, 2 Nov 2008 14:54:24 +0000</created>
                <updated>Sun, 2 Nov 2008 16:11:58 +0000</updated>
                                            <version>0.7.3</version>
                                                    <component>Writing</component>
                        <due></due>
                            <votes>0</votes>
                                    <watches>0</watches>
                                                                <comments>
                            <comment id="12644597" author="lamontagnebleue" created="Sun, 2 Nov 2008 16:11:58 +0000"  >&lt;p&gt;COSStream: added getFilteredLength () that allows for accessing the length of the filtered data&lt;br/&gt;
COSWriter: changed visitFromStream () to set directly length prior to writing the object&lt;/p&gt;
</comment>
                    </comments>
                    <attachments>
                            <attachment id="12393217" name="COSStream.java" size="15566" author="lamontagnebleue" created="Sun, 2 Nov 2008 16:11:58 +0000"/>
                            <attachment id="12393218" name="COSWriter.java" size="35658" author="lamontagnebleue" created="Sun, 2 Nov 2008 16:11:58 +0000"/>
                    </attachments>
                <subtasks>
                    </subtasks>
                <customfields>
                                                <customfield id="customfield_12310310" key="com.atlassian.jira.toolkit:attachments">
                        <customfieldname>Attachment count</customfieldname>
                        <customfieldvalues>
                            <customfieldvalue>2.0</customfieldvalue>
                        </customfieldvalues>
                    </customfield>
                                                                                                                                                                                                            <customfield id="customfield_12310420" key="com.pyxis.greenhopper.jira:gh-global-rank">
                        <customfieldname>Global Rank</customfieldname>
                        <customfieldvalues>
                            <customfieldvalue>84896</customfieldvalue>
                        </customfieldvalues>
                    </customfield>
                                                                <customfield id="customfield_12310920" key="com.pyxis.greenhopper.jira:gh-global-rank">
                        <customfieldname>Rank</customfieldname>
                        <customfieldvalues>
                            <customfieldvalue>289308</customfieldvalue>
                        </customfieldvalues>
                    </customfield>
                                                                                                                        </customfields>
    </item>

<item>
            <title>[PDFBOX-385] ClassCastException when call parseCOSArray in BaseParser.java </title>
                <link>https://issues.apache.org/jira/browse/PDFBOX-385</link>
                <project id="12310760" key="PDFBOX">PDFBox</project>
                    <description>&lt;p&gt;When parse spefical PDF document, PDF will throw ClassCaseException, then Lucene integrated in Liferay will can not get text by parse PDF to add the index.&lt;br/&gt;
Debug the issue, the method &quot;parseCOSArray&quot; at BaseParser.java  see the caused by it:&lt;br/&gt;
  COSArray po = new COSArray();&lt;br/&gt;
        COSBase pbo = null;&lt;br/&gt;
        skipSpaces();&lt;br/&gt;
        int i = 0;&lt;br/&gt;
        while( ((i = pdfSource.peek()) &amp;gt; 0) &amp;amp;&amp;amp; ((char)i != &apos;]&apos;) )&lt;br/&gt;
        {&lt;br/&gt;
            pbo = parseDirObject();&lt;br/&gt;
            if( pbo instanceof COSObject )&lt;/p&gt;
            {
                COSInteger genNumber = (COSInteger)po.remove( po.size() -1 );
                COSInteger number = (COSInteger)po.remove( po.size() -1 );
                COSObjectKey key = new COSObjectKey(number.intValue(), genNumber.intValue());
                pbo = document.getObjectFromPool(key);
            }
&lt;p&gt;            if( pbo != null )&lt;/p&gt;
            {
                po.add( pbo );
            }
&lt;p&gt;            else&lt;/p&gt;
            {
                //it could be a bad object in the array which is just skipped
            }
&lt;p&gt;            skipSpaces();&lt;br/&gt;
        }&lt;br/&gt;
        pdfSource.read(); //read &apos;]&apos;&lt;br/&gt;
        skipSpaces();&lt;br/&gt;
        return po;&lt;br/&gt;
    }&lt;/p&gt;

&lt;p&gt;If meet the specific PDF document, the statment     COSInteger number = (COSInteger)po.remove( po.size() -1 ); will raise error, it means the object is COSObject, not COSInteger. so Cast Class fail.&lt;/p&gt;
</description>
                <environment>Window XP professional sp2, liferay 3.3.0 Enterprise + Jboss 402</environment>
        <key id="12407686">PDFBOX-385</key>
            <summary>ClassCastException when call parseCOSArray in BaseParser.java </summary>
                <type id="1" iconUrl="https://issues.apache.org/jira/images/icons/issuetypes/bug.png">Bug</type>
                                            <priority id="3" iconUrl="https://issues.apache.org/jira/images/icons/priorities/major.png">Major</priority>
                        <status id="6" iconUrl="https://issues.apache.org/jira/images/icons/statuses/closed.png" description="The issue is considered finished, the resolution is correct. Issues which are closed can be reopened.">Closed</status>
                    <statusCategory id="3" key="done" colorName="green"/>
                                    <resolution id="1">Fixed</resolution>
                                        <assignee username="lehmi">Andreas Lehmk&#252;hler</assignee>
                                    <reporter username="sapling_z">Yubin Zheng</reporter>
                        <labels>
                    </labels>
                <created>Mon, 3 Nov 2008 06:40:46 +0000</created>
                <updated>Wed, 21 Oct 2009 10:52:08 +0100</updated>
                            <resolved>Tue, 6 Jan 2009 18:03:24 +0000</resolved>
                                    <version>0.7.0</version>
                    <version>0.7.1</version>
                    <version>0.7.2</version>
                    <version>0.7.3</version>
                                    <fixVersion>0.8.0-incubator</fixVersion>
                                    <component>Parsing</component>
                        <due></due>
                            <votes>0</votes>
                                    <watches>0</watches>
                                                                <comments>
                            <comment id="12646684" author="rsc@admadic.com" created="Tue, 11 Nov 2008 22:01:15 +0000"  >&lt;p&gt;The relevant part of the PDF file is shown below - critical is the line &quot;/K [ 219 0 R 0 R ...&quot;. I don&apos;t know for sure, whether the PDF spec allows that or not. It seems like not, because trying to &quot;save as&quot; in Acrobat 7 results in an error.&lt;br/&gt;
Was this PDF file modified somehow after creating it with PDFMaker?&lt;/p&gt;

&lt;p&gt;Relevant part of PDF file:&lt;/p&gt;

&lt;p&gt;218 0 obj&lt;br/&gt;
&amp;lt;&amp;lt;&lt;br/&gt;
/K [ 219 0 R 0 R &amp;lt;&amp;lt; /Obj 12 0 R /Pg 5 0 R /Type /OBJR &amp;gt;&amp;gt; ]&lt;br/&gt;
/P 217 0 R&lt;br/&gt;
/S /Link&lt;br/&gt;
&amp;gt;&amp;gt;&lt;br/&gt;
endobj&lt;br/&gt;
219 0 obj&lt;br/&gt;
&amp;lt;&amp;lt;&lt;br/&gt;
/K 220 0 R&lt;br/&gt;
/P 218 0 R&lt;br/&gt;
/S /Hyperlink&lt;br/&gt;
&amp;gt;&amp;gt;&lt;br/&gt;
endobj&lt;/p&gt;</comment>
                            <comment id="12651268" author="sapling_z" created="Thu, 27 Nov 2008 07:26:38 +0000"  >&lt;p&gt;I don&apos;t know PDF Spec, and how to generate this PDF, but it is ok for acrobat reader, so I think PDFbox should handle this gracefully&lt;/p&gt;</comment>
                            <comment id="12651436" author="jukkaz" created="Thu, 27 Nov 2008 23:50:46 +0000"  >&lt;p&gt;Yes, at least it shouldn&apos;t fail with a ClassCastException on non-standard input.&lt;/p&gt;

&lt;p&gt;Would anyone be interested in coming up with a patch for solving this issue?&lt;/p&gt;</comment>
                            <comment id="12651472" author="lehmi" created="Fri, 28 Nov 2008 06:33:54 +0000"  >&lt;p&gt;As already mentioned in a former comment the pdf-document isn&apos;t welformed. The object reference is broken. &lt;br/&gt;
I made a patch to prevent a NPE in those cases.&lt;/p&gt;</comment>
                            <comment id="12661231" author="lehmi" created="Tue, 6 Jan 2009 18:03:24 +0000"  >&lt;p&gt;Fixed in version 732009&lt;/p&gt;</comment>
                    </comments>
                    <attachments>
                            <attachment id="12394883" name="BaseParser_385-Patch.diff" size="2792" author="lehmi" created="Fri, 28 Nov 2008 06:33:54 +0000"/>
                            <attachment id="12393234" name="Test9.pdf" size="61267" author="sapling_z" created="Mon, 3 Nov 2008 06:42:41 +0000"/>
                    </attachments>
                <subtasks>
                    </subtasks>
                <customfields>
                                                <customfield id="customfield_12310310" key="com.atlassian.jira.toolkit:attachments">
                        <customfieldname>Attachment count</customfieldname>
                        <customfieldvalues>
                            <customfieldvalue>2.0</customfieldvalue>
                        </customfieldvalues>
                    </customfield>
                                                                                            <customfield id="customfield_12310220" key="com.atlassian.jira.ext.charting:firstresponsedate">
                        <customfieldname>Date of First Response</customfieldname>
                        <customfieldvalues>
                            <customfieldvalue>Tue, 11 Nov 2008 22:01:15 +0000</customfieldvalue>

                        </customfieldvalues>
                    </customfield>
                                                                                                                                                    <customfield id="customfield_12310420" key="com.pyxis.greenhopper.jira:gh-global-rank">
                        <customfieldname>Global Rank</customfieldname>
                        <customfieldvalues>
                            <customfieldvalue>163204</customfieldvalue>
                        </customfieldvalues>
                    </customfield>
                                                                <customfield id="customfield_12310920" key="com.pyxis.greenhopper.jira:gh-global-rank">
                        <customfieldname>Rank</customfieldname>
                        <customfieldvalues>
                            <customfieldvalue>205527</customfieldvalue>
                        </customfieldvalues>
                    </customfield>
                                                                                                                        <customfield id="customfield_12310222" key="com.atlassian.jira.ext.charting:timeinstatus">
                        <customfieldname>Time in Status</customfieldname>
                        <customfieldvalues>
                            
                        </customfieldvalues>
                    </customfield>
                                    </customfields>
    </item>

<item>
            <title>[PDFBOX-390] org.pdfbox.filter.ASCIIHexFilter does not skip Whitespace</title>
                <link>https://issues.apache.org/jira/browse/PDFBOX-390</link>
                <project id="12310760" key="PDFBOX">PDFBox</project>
                    <description>&lt;p&gt;org.pdfbox.filter.ASCIIHexFilter does not skip Whitespace&lt;/p&gt;

&lt;p&gt;According to the Specification (pdf_reference_1-7.pdf) all Whitespace&lt;br/&gt;
Characters between the ASCII-Hex values have to be skipped (see 3.3.1&lt;br/&gt;
ASCIIHexDecode Filter).&lt;/p&gt;

&lt;p&gt;The 0.8.0-incubator source decodes (or attempts to decode) those Whitespace&lt;br/&gt;
Characters and as a result the byte values are wrong (all characters that&lt;br/&gt;
are not &lt;span class=&quot;error&quot;&gt;&amp;#91;0-9a-f&amp;#93;&lt;/span&gt; result in -1, but processing does continue).&lt;br/&gt;
This causes an invalid byte Stream.&lt;/p&gt;

&lt;p&gt;The ASCIIHexDecode Filter Section also defines the EOD end Character of the&lt;br/&gt;
Byte Steam as &apos;&amp;gt;&apos; which might ease the parsing of inline Images.&lt;br/&gt;
(The EI Operator should follow the EOD in case of an inline Image).&lt;/p&gt;

&lt;p&gt;Example for ASCII-Hex encoded value, copied from the Spec:&lt;br/&gt;
FF CE A3 7C 5B 3F 28 16 0A 02 00 02 0A 16 28 3F 5B 7C A3 CE FF &amp;gt;&lt;/p&gt;


&lt;p&gt;I did fix the problem to be able to continue with my work.&lt;br/&gt;
I paste the changed code here as a hint that might help to fix the bug.&lt;/p&gt;

&lt;p&gt;public class ASCIIHexFilter&lt;br/&gt;
  implements Filter&lt;br/&gt;
{&lt;/p&gt;

&lt;p&gt; /**&lt;/p&gt;
&lt;ul&gt;
	&lt;li&gt;Whitespace&lt;/li&gt;
	&lt;li&gt;0  0x00  Null (NUL)&lt;/li&gt;
	&lt;li&gt;9  0x09  Tab (HT)&lt;/li&gt;
	&lt;li&gt;10  0x0A  Line feed (LF)&lt;/li&gt;
	&lt;li&gt;12  0x0C  Form feed (FF)&lt;/li&gt;
	&lt;li&gt;13  0x0D  Carriage return (CR)&lt;/li&gt;
	&lt;li&gt;32  0x20  Space (SP)&lt;br/&gt;
  */&lt;br/&gt;
  protected boolean isWhitespace(int c) 
{
    return c == 0 || c == 9 || c == 10 || c == 12 || c == 13 || c == 32;
  }&lt;/li&gt;
&lt;/ul&gt;


&lt;p&gt;  protected boolean isEOD(int c) &lt;/p&gt;
{
    return (c == 62); // &apos;&amp;gt;&apos; - EOD
  }

&lt;p&gt;  /**&lt;/p&gt;
&lt;ul&gt;
	&lt;li&gt;{@inheritDoc}
&lt;p&gt;   */&lt;br/&gt;
  public void decode(InputStream compressedData, OutputStream result, COSDictionary options, int filterIndex) throws IOException {&lt;br/&gt;
    int value = 0;&lt;br/&gt;
    int firstByte = 0;&lt;br/&gt;
    int secondByte = 0;&lt;br/&gt;
    while ((firstByte = compressedData.read()) != -1) {&lt;/p&gt;&lt;/li&gt;
&lt;/ul&gt;


&lt;p&gt;      // always after first char&lt;br/&gt;
      while(isWhitespace(firstByte))&lt;br/&gt;
        firstByte = compressedData.read();&lt;/p&gt;

&lt;p&gt;      if(isEOD(firstByte))&lt;br/&gt;
        break;&lt;/p&gt;

&lt;p&gt;      if(REVERSE_HEX&lt;span class=&quot;error&quot;&gt;&amp;#91;firstByte&amp;#93;&lt;/span&gt; == -1)&lt;br/&gt;
        System.out.println(&quot;Invalid Hex Code; int: &quot; + firstByte + &quot; char: &quot; + (char) firstByte);&lt;/p&gt;

&lt;p&gt;      value = REVERSE_HEX&lt;span class=&quot;error&quot;&gt;&amp;#91;firstByte&amp;#93;&lt;/span&gt; * 16;&lt;br/&gt;
      secondByte = compressedData.read();&lt;/p&gt;

&lt;p&gt;      if(isEOD(secondByte)) &lt;/p&gt;
{
        // second value behaves like 0 in case of EOD
        result.write(value);
        break;
      }

&lt;p&gt;      if(secondByte &amp;gt;= 0) &lt;/p&gt;
{
        if(REVERSE_HEX[secondByte] == -1)
          System.out.println(&quot;Invalid Hex Code; int: &quot; + secondByte + &quot; char: &quot; + (char) secondByte);

        value += REVERSE_HEX[secondByte];
      }
&lt;p&gt;      result.write(value);&lt;br/&gt;
    }&lt;/p&gt;

&lt;p&gt;    result.flush();&lt;br/&gt;
  }&lt;/p&gt;

&lt;p&gt;// .....................................................&lt;br/&gt;
// other code remains unchanged&lt;/p&gt;


</description>
                <environment></environment>
        <key id="12409388">PDFBOX-390</key>
            <summary>org.pdfbox.filter.ASCIIHexFilter does not skip Whitespace</summary>
                <type id="1" iconUrl="https://issues.apache.org/jira/images/icons/issuetypes/bug.png">Bug</type>
                                            <priority id="3" iconUrl="https://issues.apache.org/jira/images/icons/priorities/major.png">Major</priority>
                        <status id="6" iconUrl="https://issues.apache.org/jira/images/icons/statuses/closed.png" description="The issue is considered finished, the resolution is correct. Issues which are closed can be reopened.">Closed</status>
                    <statusCategory id="3" key="done" colorName="green"/>
                                    <resolution id="1">Fixed</resolution>
                                        <assignee username="-1">Unassigned</assignee>
                                    <reporter username="mabo">Mathias Bosch</reporter>
                        <labels>
                    </labels>
                <created>Thu, 27 Nov 2008 11:15:48 +0000</created>
                <updated>Wed, 21 Oct 2009 10:52:08 +0100</updated>
                            <resolved>Tue, 6 Jan 2009 21:59:44 +0000</resolved>
                                    <version>0.8.0-incubator</version>
                                    <fixVersion>0.8.0-incubator</fixVersion>
                                    <component>Parsing</component>
                        <due></due>
                            <votes>0</votes>
                                    <watches>0</watches>
                                                                <comments>
                            <comment id="12651435" author="jukkaz" created="Thu, 27 Nov 2008 23:47:56 +0000"  >&lt;p&gt;Can you attach a patch containing your changes? That way it would be easier for us to review your changes.&lt;/p&gt;

&lt;p&gt;If you&apos;ve made your changes to an svn checkout of the trunk, you can create the patch by running &quot;svn diff&quot; in the root directory of the checkout.&lt;/p&gt;</comment>
                            <comment id="12651716" author="lehmi" created="Sat, 29 Nov 2008 14:07:37 +0000"  >&lt;p&gt;I&apos;ve created a patch with the suggested changes from mathias. Has someone a sample-document to test this feature?&lt;/p&gt;</comment>
                            <comment id="12651951" author="mabo" created="Mon, 1 Dec 2008 09:48:46 +0000"  >&lt;p&gt;hi andreas,&lt;/p&gt;

&lt;p&gt;i did attach a sample document containing multiple hex encoded inline &lt;br/&gt;
images containing whitespaces and an EOD as the firstByte.&lt;/p&gt;

&lt;p&gt;It does not provide an example for the &quot;special&quot; case where the &lt;br/&gt;
secondByte is the EOD,&lt;br/&gt;
this is coded according to the spec.&lt;/p&gt;


</comment>
                            <comment id="12661353" author="lehmi" created="Tue, 6 Jan 2009 21:58:42 +0000"  >&lt;p&gt;After applying Mathias patch the sample documents works fine.&lt;/p&gt;

&lt;p&gt;Thanks Mathias.&lt;/p&gt;</comment>
                            <comment id="12661354" author="lehmi" created="Tue, 6 Jan 2009 21:59:44 +0000"  >&lt;p&gt;Fixed in version 732135&lt;/p&gt;</comment>
                    </comments>
                    <attachments>
                            <attachment id="12394924" name="ASCIIHexFilter_390-Patch.diff" size="2658" author="lehmi" created="Sat, 29 Nov 2008 14:07:37 +0000"/>
                            <attachment id="12395005" name="ASF.LICENSE.NOT.GRANTED--000161.pdf" size="110793" author="mabo" created="Mon, 1 Dec 2008 09:48:47 +0000"/>
                    </attachments>
                <subtasks>
                    </subtasks>
                <customfields>
                                                <customfield id="customfield_12310310" key="com.atlassian.jira.toolkit:attachments">
                        <customfieldname>Attachment count</customfieldname>
                        <customfieldvalues>
                            <customfieldvalue>2.0</customfieldvalue>
                        </customfieldvalues>
                    </customfield>
                                                                                            <customfield id="customfield_12310220" key="com.atlassian.jira.ext.charting:firstresponsedate">
                        <customfieldname>Date of First Response</customfieldname>
                        <customfieldvalues>
                            <customfieldvalue>Thu, 27 Nov 2008 23:47:56 +0000</customfieldvalue>

                        </customfieldvalues>
                    </customfield>
                                                                                                                                                    <customfield id="customfield_12310420" key="com.pyxis.greenhopper.jira:gh-global-rank">
                        <customfieldname>Global Rank</customfieldname>
                        <customfieldvalues>
                            <customfieldvalue>163207</customfieldvalue>
                        </customfieldvalues>
                    </customfield>
                                                                <customfield id="customfield_12310920" key="com.pyxis.greenhopper.jira:gh-global-rank">
                        <customfieldname>Rank</customfieldname>
                        <customfieldvalues>
                            <customfieldvalue>205529</customfieldvalue>
                        </customfieldvalues>
                    </customfield>
                                                                                                                        <customfield id="customfield_12310222" key="com.atlassian.jira.ext.charting:timeinstatus">
                        <customfieldname>Time in Status</customfieldname>
                        <customfieldvalues>
                            
                        </customfieldvalues>
                    </customfield>
                                    </customfields>
    </item>
</channel>
</rss>
