<!--
RSS generated by JIRA (6.2#6252-sha1:aa343257d4ce030d9cb8c531be520be9fac1c996) at Tue Jun 03 18:02:37 UTC 2014

It is possible to restrict the fields that are returned in this document by specifying the 'field' parameter in your request.
For example, to request only the issue key and summary add field=key&field=summary to the URL of your request.
For example:
https://issues.apache.org/jira/sr/jira.issueviews:searchrequest-xml/temp/SearchRequest.xml?jqlQuery=project+%3D+PDFBOX+AND+issuetype+%3D+Bug+AND+created+%3E%3D+2009-8-1+AND+created+%3C%3D+2009-9-1+ORDER+BY+key+ASC&tempMax=100&field=key&field=summary
-->
<!-- If you wish to do custom client-side styling of RSS, uncomment this:
<?xml-stylesheet href="https://issues.apache.org/jira/styles/jiraxml2html.xsl" type="text/xsl"?>
-->
<rss version="0.92">
    <channel>
        <title>ASF JIRA</title>
        <link>https://issues.apache.org/jira/secure/IssueNavigator.jspa?reset=true&amp;jqlQuery=project+%3D+PDFBOX+AND+issuetype+%3D+Bug+AND+created+%3E%3D+2009-8-1+AND+created+%3C%3D+2009-9-1+ORDER+BY+key+ASC</link>
        <description>An XML representation of a search request</description>
                <language>en-uk</language>
                        <issue start="0" end="7" total="7"/>
                <build-info>
            <version>6.2</version>
            <build-number>6252</build-number>
            <build-date>19-02-2014</build-date>
        </build-info>
<item>
            <title>[PDFBOX-501] Open a trueType Font PDF, content become square box</title>
                <link>https://issues.apache.org/jira/browse/PDFBOX-501</link>
                <project id="12310760" key="PDFBOX">PDFBox</project>
                    <description>&lt;p&gt;Dear all,&lt;/p&gt;

&lt;p&gt;    I tried to open a PDF file generated by crystal report XI 3.1. The font is using Courier New. All the content becomes a square. What can I do ?&lt;/p&gt;

&lt;p&gt;Regards,&lt;br/&gt;
Gabriel.&lt;/p&gt;</description>
                <environment>Windows XP</environment>
        <key id="12432021">PDFBOX-501</key>
            <summary>Open a trueType Font PDF, content become square box</summary>
                <type id="1" iconUrl="https://issues.apache.org/jira/images/icons/issuetypes/bug.png">Bug</type>
                                            <priority id="3" iconUrl="https://issues.apache.org/jira/images/icons/priorities/major.png">Major</priority>
                        <status id="5" iconUrl="https://issues.apache.org/jira/images/icons/statuses/resolved.png" description="A resolution has been taken, and it is awaiting verification by reporter. From here issues are either reopened, or are closed.">Resolved</status>
                    <statusCategory id="3" key="done" colorName="green"/>
                                    <resolution id="1">Fixed</resolution>
                                        <assignee username="lehmi">Andreas Lehmk&#252;hler</assignee>
                                    <reporter username="gtsluk">Gabriel Luk</reporter>
                        <labels>
                    </labels>
                <created>Mon, 3 Aug 2009 08:09:15 +0100</created>
                <updated>Sun, 4 Aug 2013 11:03:17 +0100</updated>
                            <resolved>Sun, 4 Aug 2013 11:03:17 +0100</resolved>
                                    <version>0.7.3</version>
                                    <fixVersion>2.0.0</fixVersion>
                                    <component>Swing GUI</component>
                        <due></due>
                            <votes>1</votes>
                                    <watches>2</watches>
                                                                <comments>
                            <comment id="12738212" author="gtsluk" created="Mon, 3 Aug 2009 08:10:13 +0100"  >&lt;p&gt;Testing PDF File&lt;/p&gt;</comment>
                            <comment id="12762117" author="d.verdaasdonk@greencat-it.com" created="Mon, 5 Oct 2009 09:50:43 +0100"  >&lt;p&gt;Hi there.&lt;br/&gt;
i created a PDF with Crystal XII and also have the same problem, see attached mail&lt;/p&gt;</comment>
                            <comment id="12762119" author="lehmi" created="Mon, 5 Oct 2009 09:59:20 +0100"  >&lt;p&gt;The problem are the embedded true type fonts. See &lt;a href=&quot;https://issues.apache.org/jira/browse/PDFBOX-490&quot; title=&quot;Pdf Printing of text from embedded fonts&quot; class=&quot;issue-link&quot; data-issue-key=&quot;PDFBOX-490&quot;&gt;&lt;del&gt;PDFBOX-490&lt;/del&gt;&lt;/a&gt; for more details&lt;/p&gt;</comment>
                            <comment id="13728827" author="lehmi" created="Sun, 4 Aug 2013 11:03:17 +0100"  >&lt;p&gt;Looks quite perfect after solving &lt;a href=&quot;https://issues.apache.org/jira/browse/PDFBOX-490&quot; title=&quot;Pdf Printing of text from embedded fonts&quot; class=&quot;issue-link&quot; data-issue-key=&quot;PDFBOX-490&quot;&gt;&lt;del&gt;PDFBOX-490&lt;/del&gt;&lt;/a&gt;.&lt;/p&gt;</comment>
                    </comments>
                <issuelinks>
                            <issuelinktype id="10030">
                    <name>Reference</name>
                                                                <inwardlinks description="is related to">
                                        <issuelink>
            <issuekey id="12429670">PDFBOX-490</issuekey>
        </issuelink>
                            </inwardlinks>
                                    </issuelinktype>
                    </issuelinks>
                <attachments>
                            <attachment id="12421264" name="cr_transportorder_todo_nd.pdf" size="83778" author="d.verdaasdonk@greencat-it.com" created="Mon, 5 Oct 2009 09:51:49 +0100"/>
                            <attachment id="12415319" name="demo_report.pdf" size="44034" author="gtsluk" created="Mon, 3 Aug 2009 08:10:13 +0100"/>
                    </attachments>
                <subtasks>
                    </subtasks>
                <customfields>
                                                <customfield id="customfield_12310310" key="com.atlassian.jira.toolkit:attachments">
                        <customfieldname>Attachment count</customfieldname>
                        <customfieldvalues>
                            <customfieldvalue>2.0</customfieldvalue>
                        </customfieldvalues>
                    </customfield>
                                                                                            <customfield id="customfield_12310220" key="com.atlassian.jira.ext.charting:firstresponsedate">
                        <customfieldname>Date of First Response</customfieldname>
                        <customfieldvalues>
                            <customfieldvalue>Mon, 5 Oct 2009 08:50:43 +0000</customfieldvalue>

                        </customfieldvalues>
                    </customfield>
                                                                                                                                                    <customfield id="customfield_12310420" key="com.pyxis.greenhopper.jira:gh-global-rank">
                        <customfieldname>Global Rank</customfieldname>
                        <customfieldvalues>
                            <customfieldvalue>85022</customfieldvalue>
                        </customfieldvalues>
                    </customfield>
                                                                <customfield id="customfield_12310920" key="com.pyxis.greenhopper.jira:gh-global-rank">
                        <customfieldname>Rank</customfieldname>
                        <customfieldvalues>
                            <customfieldvalue>236310</customfieldvalue>
                        </customfieldvalues>
                    </customfield>
                                                                                                                        <customfield id="customfield_12310222" key="com.atlassian.jira.ext.charting:timeinstatus">
                        <customfieldname>Time in Status</customfieldname>
                        <customfieldvalues>
                            
                        </customfieldvalues>
                    </customfield>
                                    </customfields>
    </item>

<item>
            <title>[PDFBOX-503] PDF loader causes infinite loop on non-PDF inputs</title>
                <link>https://issues.apache.org/jira/browse/PDFBOX-503</link>
                <project id="12310760" key="PDFBOX">PDFBox</project>
                    <description>&lt;p&gt;The current SVN head for the pdfbox incubator will experience an infinite loop in PDFParser.parseHeader() if you feed any non-PDF document to the parser.  The problem is that it tries to find the PDF header within the document by skipping over any non-matching lines which don&apos;t start with a numeric digit.  It relies on a readLine() function from BaseParser.java which will return an empty string when the stream is at the end-of-file.  The parseHeader() call will loop on these empty lines.&lt;/p&gt;

&lt;p&gt;I&apos;ve patched this in our system by throwing an IOException from BaseParser.readLine() if the stream is already at the end-of-file at the beginning of that call.&lt;/p&gt;


&lt;p&gt;Index: src/main/java/org/apache/pdfbox/pdfparser/BaseParser.java&lt;br/&gt;
===================================================================&lt;br/&gt;
&amp;#8212; src/main/java/org/apache/pdfbox/pdfparser/BaseParser.java	(revision 802578)&lt;br/&gt;
+++ src/main/java/org/apache/pdfbox/pdfparser/BaseParser.java	(working copy)&lt;br/&gt;
@@ -1088,6 +1088,11 @@&lt;br/&gt;
     {&lt;br/&gt;
         StringBuffer buffer = new StringBuffer( 11 );&lt;/p&gt;

&lt;p&gt;+        if (pdfSource.isEOF())&lt;br/&gt;
+        &lt;/p&gt;
{
+            throw new IOException( &quot;Error: End-of-File, expected line&quot;);
+        }
&lt;p&gt;+&lt;br/&gt;
         int c;&lt;br/&gt;
         while ((c = pdfSource.read()) != -1) &lt;br/&gt;
         {&lt;/p&gt;</description>
                <environment></environment>
        <key id="12432926">PDFBOX-503</key>
            <summary>PDF loader causes infinite loop on non-PDF inputs</summary>
                <type id="1" iconUrl="https://issues.apache.org/jira/images/icons/issuetypes/bug.png">Bug</type>
                                            <priority id="3" iconUrl="https://issues.apache.org/jira/images/icons/priorities/major.png">Major</priority>
                        <status id="6" iconUrl="https://issues.apache.org/jira/images/icons/statuses/closed.png" description="The issue is considered finished, the resolution is correct. Issues which are closed can be reopened.">Closed</status>
                    <statusCategory id="3" key="done" colorName="green"/>
                                    <resolution id="1">Fixed</resolution>
                                        <assignee username="-1">Unassigned</assignee>
                                    <reporter username="engberg">Dave Engberg</reporter>
                        <labels>
                    </labels>
                <created>Thu, 13 Aug 2009 00:51:36 +0100</created>
                <updated>Wed, 28 Apr 2010 23:16:33 +0100</updated>
                            <resolved>Tue, 1 Sep 2009 18:21:25 +0100</resolved>
                                    <version>0.8.0-incubator</version>
                                    <fixVersion>0.8.0-incubator</fixVersion>
                                    <component>Parsing</component>
                        <due></due>
                            <votes>0</votes>
                                    <watches>0</watches>
                                                                <comments>
                            <comment id="12749997" author="lehmi" created="Tue, 1 Sep 2009 18:21:24 +0100"  >&lt;p&gt;I&apos;ve added Daves patch with version 810130.&lt;/p&gt;

&lt;p&gt;Thanks to Dave for the contribution.&lt;/p&gt;</comment>
                            <comment id="12861966" author="adamtaft" created="Wed, 28 Apr 2010 23:16:33 +0100"  >&lt;p&gt;Could there be a better message in the IOException here?  Specifically, this bug (and patch) addresses the case when a non-PDF document is sent to the BaseParser.  I ran into a problem where I was sending a non-PDF document to the parser (whoops), and it dutifully reported the above error.  I couldn&apos;t figure out exactly what the problem was, because I knew the PDF itself was valid.  Could the IOException message read something like:  &quot;Error:  Input was EOF or not a valid PDF type.&quot;  Hopefully this would help the end programmer to identify their mistake earlier.&lt;/p&gt;</comment>
                    </comments>
                    <attachments>
                    </attachments>
                <subtasks>
                    </subtasks>
                <customfields>
                                                <customfield id="customfield_12310310" key="com.atlassian.jira.toolkit:attachments">
                        <customfieldname>Attachment count</customfieldname>
                        <customfieldvalues>
                            <customfieldvalue>0.0</customfieldvalue>
                        </customfieldvalues>
                    </customfield>
                                                                                            <customfield id="customfield_12310220" key="com.atlassian.jira.ext.charting:firstresponsedate">
                        <customfieldname>Date of First Response</customfieldname>
                        <customfieldvalues>
                            <customfieldvalue>Tue, 1 Sep 2009 17:21:24 +0000</customfieldvalue>

                        </customfieldvalues>
                    </customfield>
                                                                                                                                                    <customfield id="customfield_12310420" key="com.pyxis.greenhopper.jira:gh-global-rank">
                        <customfieldname>Global Rank</customfieldname>
                        <customfieldvalues>
                            <customfieldvalue>163290</customfieldvalue>
                        </customfieldvalues>
                    </customfield>
                                                                <customfield id="customfield_12310920" key="com.pyxis.greenhopper.jira:gh-global-rank">
                        <customfieldname>Rank</customfieldname>
                        <customfieldvalues>
                            <customfieldvalue>205466</customfieldvalue>
                        </customfieldvalues>
                    </customfield>
                                                                                                                        <customfield id="customfield_12310222" key="com.atlassian.jira.ext.charting:timeinstatus">
                        <customfieldname>Time in Status</customfieldname>
                        <customfieldvalues>
                            
                        </customfieldvalues>
                    </customfield>
                                    </customfields>
    </item>

<item>
            <title>[PDFBOX-504] Can&apos;t Parse any PDF using IBM JDK</title>
                <link>https://issues.apache.org/jira/browse/PDFBOX-504</link>
                <project id="12310760" key="PDFBOX">PDFBox</project>
                    <description>&lt;p&gt;All PDF (that I have tried) fail to parse using IBM JDK 1.5 on RedHat Linux. The error you receive is:&lt;/p&gt;

&lt;p&gt;Exception in thread &quot;main&quot; java.io.IOException: Error: Expected an integer type, actual=&apos;&#195;&#163;&#195;&#195;&apos;&lt;br/&gt;
        at org.apache.pdfbox.pdfparser.BaseParser.readInt(BaseParser.java:1220)&lt;br/&gt;
        at org.apache.pdfbox.pdfparser.PDFParser.parseObject(PDFParser.java:493)&lt;br/&gt;
        at org.apache.pdfbox.pdfparser.PDFParser.parse(PDFParser.java:172)&lt;br/&gt;
        at org.apache.pdfbox.pdmodel.PDDocument.load(PDDocument.java:736)&lt;br/&gt;
        at org.apache.pdfbox.pdmodel.PDDocument.load(PDDocument.java:704)&lt;br/&gt;
        at org.apache.pdfbox.PDFReader.parseDocument(PDFReader.java:323)&lt;br/&gt;
        at org.apache.pdfbox.PDFReader.openPDFFile(PDFReader.java:286)&lt;br/&gt;
        at org.apache.pdfbox.PDFReader.main(PDFReader.java:271)&lt;/p&gt;

&lt;p&gt;Although after debugging the actual error is hidden:&lt;/p&gt;

&lt;p&gt;java.io.IOException: Error: Expected an integer type, actual=&apos;&#227;&#207;&#211;&apos;&lt;br/&gt;
        at org.apache.pdfbox.pdfparser.BaseParser.readInt(BaseParser.java:1220)&lt;br/&gt;
        at org.apache.pdfbox.pdfparser.PDFParser.parseObject(PDFParser.java:483)&lt;br/&gt;
        at org.apache.pdfbox.pdfparser.PDFParser.parse(PDFParser.java:172)&lt;br/&gt;
        at org.apache.pdfbox.pdmodel.PDDocument.load(PDDocument.java:736)&lt;br/&gt;
        at org.apache.pdfbox.pdmodel.PDDocument.load(PDDocument.java:704)&lt;br/&gt;
        at org.apache.pdfbox.PDFReader.parseDocument(PDFReader.java:323)&lt;br/&gt;
        at org.apache.pdfbox.PDFReader.openPDFFile(PDFReader.java:286)&lt;br/&gt;
        at org.apache.pdfbox.PDFReader.main(PDFReader.java:271)&lt;/p&gt;

&lt;p&gt;The characters shown in the hidden message occur at the start of most PDF Files that I have checked:&lt;/p&gt;

&lt;p&gt;%PDF-1.4&lt;br/&gt;
%&#226;&#227;&#207;&#211;&lt;br/&gt;
6 0 obj&lt;br/&gt;
&amp;lt;&amp;lt;/Filter /FlateDecode&lt;br/&gt;
/Length 489&lt;br/&gt;
&amp;gt;&amp;gt;&lt;br/&gt;
stream&lt;/p&gt;

&lt;p&gt;Tracing the code I can see the problem is down to the skipToNextObject() method in PDFParser class. This method is new since v0.7.4.&lt;/p&gt;

&lt;p&gt;The code converts the array of 16 bytes to a String. The characters &#226;&#227;&#207;&#211; are read as negative numbers in both Sun and IBM JDKs but whilst on Sun the String created from the byte array contains the characters on IBM JDK these characters are missing from the String. So when you read back 16 characters the stream offset is incorrect.&lt;/p&gt;</description>
                <environment>RedHat Linux IBM JDK</environment>
        <key id="12432971">PDFBOX-504</key>
            <summary>Can&apos;t Parse any PDF using IBM JDK</summary>
                <type id="1" iconUrl="https://issues.apache.org/jira/images/icons/issuetypes/bug.png">Bug</type>
                                            <priority id="2" iconUrl="https://issues.apache.org/jira/images/icons/priorities/critical.png">Critical</priority>
                        <status id="6" iconUrl="https://issues.apache.org/jira/images/icons/statuses/closed.png" description="The issue is considered finished, the resolution is correct. Issues which are closed can be reopened.">Closed</status>
                    <statusCategory id="3" key="done" colorName="green"/>
                                    <resolution id="1">Fixed</resolution>
                                        <assignee username="-1">Unassigned</assignee>
                                    <reporter username="cbowditch">Chris Bowditch</reporter>
                        <labels>
                    </labels>
                <created>Thu, 13 Aug 2009 11:37:45 +0100</created>
                <updated>Wed, 21 Oct 2009 11:28:19 +0100</updated>
                            <resolved>Fri, 28 Aug 2009 14:13:11 +0100</resolved>
                                    <version>0.8.0-incubator</version>
                                    <fixVersion>0.8.0-incubator</fixVersion>
                                    <component>Parsing</component>
                        <due></due>
                            <votes>0</votes>
                                    <watches>0</watches>
                                                                <comments>
                            <comment id="12742794" author="cbowditch" created="Thu, 13 Aug 2009 11:39:35 +0100"  >&lt;p&gt;I have attached a random PDF that I found which has no confidential information.&lt;/p&gt;</comment>
                            <comment id="12742807" author="cbowditch" created="Thu, 13 Aug 2009 12:53:52 +0100"  >&lt;p&gt;The Attached patch resolves the problem. However it feels like a bit of a bodge. I did try to work out why certain characters were being dropped from the String to Bytes conversion on IBM JDK but have so far failed. I experimented with different encodings but couldn&apos;t find one that gave the same results as Sun JDK. Perhaps someone knows a better way to fix this. For now I will go with this hack as this issue is critical for my customer.&lt;/p&gt;</comment>
                            <comment id="12745411" author="jeremias@apache.org" created="Thu, 20 Aug 2009 12:51:59 +0100"  >&lt;p&gt;I&apos;ve been able to reproduce the problem. But it was interesting that the same didn&apos;t happen on an IBM JDK 1.5 on Windows. I could only reproduce it on Linux. The &quot;new String(byte[])&quot; omits non-mappable characters on Linux but on Windows these are mapped to 0xFFFD (Unicode REPLACEMENT CHARACTER). If I remember correctly, Sun JDKs replace with question marks.&lt;/p&gt;

&lt;p&gt;However, the proposed patch doesn&apos;t look quite right to me. It unreads bytes that have been converted to a String and back instead of the original bytes. Since we&apos;re only interested in characters found in the US-ASCII (7-bit) character set I tried to use new String(byte[], &quot;US-ASCII&quot;) and that fixed the issue, too. Using the default encoding (new String(byte[])) is usually a bad idea as that can have different settings on different systems. The bug that I&apos;m attaching here solves the problem in a better way IMO.&lt;/p&gt;

&lt;p&gt;If noone beats me to it, I&apos;ll commit my patch as shown after a 72h grace period.&lt;/p&gt;</comment>
                            <comment id="12745437" author="cbowditch" created="Thu, 20 Aug 2009 14:08:04 +0100"  >&lt;p&gt;Thanks Jeremias. Your explanation makes sense. I knew there must have been a better way to fix this. I tried just about every encoding other than US-ASCII &lt;img class=&quot;emoticon&quot; src=&quot;https://issues.apache.org/jira/images/icons/emoticons/smile.gif&quot; height=&quot;16&quot; width=&quot;16&quot; align=&quot;absmiddle&quot; alt=&quot;&quot; border=&quot;0&quot;/&gt;&lt;/p&gt;</comment>
                            <comment id="12748805" author="jeremias@apache.org" created="Fri, 28 Aug 2009 14:13:11 +0100"  >&lt;p&gt;Applied my proposed fix: &lt;a href=&quot;http://svn.apache.org/viewvc?rev=808880&amp;amp;view=rev&quot; class=&quot;external-link&quot; rel=&quot;nofollow&quot;&gt;http://svn.apache.org/viewvc?rev=808880&amp;amp;view=rev&lt;/a&gt;&lt;/p&gt;</comment>
                    </comments>
                    <attachments>
                            <attachment id="12417132" name="IBMJDKParseFix.diff" size="598" author="jeremias@apache.org" created="Thu, 20 Aug 2009 12:51:58 +0100"/>
                            <attachment id="12416428" name="ibm-parse-bug.patch" size="445" author="cbowditch" created="Thu, 13 Aug 2009 12:53:52 +0100"/>
                            <attachment id="12416425" name="readable.pdf" size="5901" author="cbowditch" created="Thu, 13 Aug 2009 11:39:35 +0100"/>
                    </attachments>
                <subtasks>
                    </subtasks>
                <customfields>
                                                <customfield id="customfield_12310310" key="com.atlassian.jira.toolkit:attachments">
                        <customfieldname>Attachment count</customfieldname>
                        <customfieldvalues>
                            <customfieldvalue>3.0</customfieldvalue>
                        </customfieldvalues>
                    </customfield>
                                                                                            <customfield id="customfield_12310220" key="com.atlassian.jira.ext.charting:firstresponsedate">
                        <customfieldname>Date of First Response</customfieldname>
                        <customfieldvalues>
                            <customfieldvalue>Thu, 20 Aug 2009 11:51:59 +0000</customfieldvalue>

                        </customfieldvalues>
                    </customfield>
                                                                                                                                                    <customfield id="customfield_12310420" key="com.pyxis.greenhopper.jira:gh-global-rank">
                        <customfieldname>Global Rank</customfieldname>
                        <customfieldvalues>
                            <customfieldvalue>163291</customfieldvalue>
                        </customfieldvalues>
                    </customfield>
                                                                <customfield id="customfield_12310920" key="com.pyxis.greenhopper.jira:gh-global-rank">
                        <customfieldname>Rank</customfieldname>
                        <customfieldvalues>
                            <customfieldvalue>204690</customfieldvalue>
                        </customfieldvalues>
                    </customfield>
                                                                                                                        <customfield id="customfield_12310222" key="com.atlassian.jira.ext.charting:timeinstatus">
                        <customfieldname>Time in Status</customfieldname>
                        <customfieldvalues>
                            
                        </customfieldvalues>
                    </customfield>
                                    </customfields>
    </item>

<item>
            <title>[PDFBOX-506] PDFBox can&apos;t parse PDF documents from jstor.org</title>
                <link>https://issues.apache.org/jira/browse/PDFBOX-506</link>
                <project id="12310760" key="PDFBOX">PDFBox</project>
                    <description>&lt;p&gt;The academic repository JStor makes papers available via PDF format.  The PDFs give this origin information:&lt;br/&gt;
  Content creator:  JstorPdfGenerator v1.0&lt;br/&gt;
  PDF producer:  iText 2.0.6 (by lowagie.com)&lt;/p&gt;

&lt;p&gt;These PDFs open fine in Acrobat, Preview, FoxIt, etc., but they throw an exception in PDFBox:&lt;/p&gt;

&lt;p&gt;Exception in thread &quot;main&quot; java.io.IOException: Error: Expected to read &apos;%%EOF&apos; instead started reading &apos;1&apos;&lt;br/&gt;
	at org.apache.pdfbox.pdfparser.BaseParser.readExpectedString(BaseParser.java:1005)&lt;br/&gt;
	at org.apache.pdfbox.pdfparser.PDFParser.parseObject(PDFParser.java:456)&lt;br/&gt;
	at org.apache.pdfbox.pdfparser.PDFParser.parse(PDFParser.java:172)&lt;br/&gt;
	at org.apache.pdfbox.pdmodel.PDDocument.load(PDDocument.java:739)&lt;br/&gt;
	at org.apache.pdfbox.pdmodel.PDDocument.load(PDDocument.java:706)&lt;br/&gt;
	at org.apache.pdfbox.PDFDebugger.parseDocument(PDFDebugger.java:393)&lt;br/&gt;
	at org.apache.pdfbox.PDFDebugger.readPDFFile(PDFDebugger.java:369)&lt;br/&gt;
	at org.apache.pdfbox.PDFDebugger.main(PDFDebugger.java:355)&lt;/p&gt;


&lt;p&gt;I traced through the code, and it appears that PDFBox rejects these because they contain a &apos;startxref&apos; that is not followed by a %%EOF two lines later:&lt;/p&gt;

&lt;p&gt;...&lt;br/&gt;
startxref&lt;br/&gt;
613364&lt;br/&gt;
1 0 obj&lt;br/&gt;
...&lt;/p&gt;


&lt;p&gt;Here&apos;s a small patch that will accept files that are missing the EOF after the startxref:&lt;/p&gt;


&lt;p&gt;Index: src/main/java/org/apache/pdfbox/pdfparser/PDFParser.java&lt;br/&gt;
===================================================================&lt;br/&gt;
&amp;#8212; src/main/java/org/apache/pdfbox/pdfparser/PDFParser.java	(revision 802578)&lt;br/&gt;
+++ src/main/java/org/apache/pdfbox/pdfparser/PDFParser.java	(working copy)&lt;br/&gt;
@@ -453,11 +453,9 @@&lt;br/&gt;
             {  &lt;br/&gt;
                 parseStartXref();&lt;br/&gt;
                 //verify that EOF exists &lt;/p&gt;
&lt;ul class=&quot;alternate&quot; type=&quot;square&quot;&gt;
	&lt;li&gt;String eof = readExpectedString( &quot;%%EOF&quot; );&lt;/li&gt;
	&lt;li&gt;if( eof.indexOf( &quot;%%EOF&quot; )== -1 &amp;amp;&amp;amp; !pdfSource.isEOF() )&lt;/li&gt;
	&lt;li&gt;{&lt;/li&gt;
	&lt;li&gt;throw new IOException( &quot;expected=&apos;%%EOF&apos; actual=&apos;&quot; + eof + &quot;&apos; next=&quot; + readString() +&lt;/li&gt;
	&lt;li&gt;&quot; next=&quot; +readString() );&lt;br/&gt;
+                int c = pdfSource.peek();&lt;br/&gt;
+                if (c == &apos;%&apos;) 
{
+                    readExpectedString(&quot;%%EOF&quot;);
                 }
&lt;p&gt;                 isEndOfFile = true; &lt;br/&gt;
             }&lt;/p&gt;&lt;/li&gt;
&lt;/ul&gt;
</description>
                <environment></environment>
        <key id="12433499">PDFBOX-506</key>
            <summary>PDFBox can&apos;t parse PDF documents from jstor.org</summary>
                <type id="1" iconUrl="https://issues.apache.org/jira/images/icons/issuetypes/bug.png">Bug</type>
                                            <priority id="3" iconUrl="https://issues.apache.org/jira/images/icons/priorities/major.png">Major</priority>
                        <status id="6" iconUrl="https://issues.apache.org/jira/images/icons/statuses/closed.png" description="The issue is considered finished, the resolution is correct. Issues which are closed can be reopened.">Closed</status>
                    <statusCategory id="3" key="done" colorName="green"/>
                                    <resolution id="1">Fixed</resolution>
                                        <assignee username="adamnichols">Adam Nichols</assignee>
                                    <reporter username="engberg">Dave Engberg</reporter>
                        <labels>
                    </labels>
                <created>Wed, 19 Aug 2009 20:29:03 +0100</created>
                <updated>Tue, 26 Oct 2010 10:33:41 +0100</updated>
                            <resolved>Fri, 27 Aug 2010 17:34:20 +0100</resolved>
                                                    <fixVersion>1.3.1</fixVersion>
                                        <due></due>
                            <votes>1</votes>
                                    <watches>1</watches>
                                                                <comments>
                            <comment id="12771088" author="lehmi" created="Wed, 28 Oct 2009 20:13:44 +0000"  >&lt;p&gt;I&apos;ve tested your patch and two strange things happened:&lt;/p&gt;

&lt;p&gt;1) If I decompress the pdf first, everything works fine, with and without your patch&lt;/p&gt;

&lt;p&gt;2) If I add your patch, the exception is gone but the first page is missing&lt;/p&gt;
</comment>
                            <comment id="12903165" author="wiley" created="Fri, 27 Aug 2010 01:51:06 +0100"  >&lt;p&gt;I&apos;m also experiencing this problem.  Looking at the code, it appears that PDFBox assumes the existence of one xref table per PDF file.  This won&apos;t necessarily be the case. &lt;br/&gt;
Reading the PDF spec (1.7),  section 7.5.6 describes a situation where multiple updates cause more objects and corresponding xref tables to be appended to the file. &lt;br/&gt;
Each subsequent startxref declaration is also preceeded by a /Prev line, which points to the previous xref table. &lt;/p&gt;

&lt;p&gt;Incremental updates can also contain new versions of already existing objects.&lt;/p&gt;

&lt;p&gt;Looks like it&apos;ll be more than a 5 line patch to fix this issue.&lt;/p&gt;


&lt;p&gt;27/08/2010 10:35:58 AM pdftesting.Main main&lt;br/&gt;
SEVERE: null&lt;br/&gt;
java.io.IOException: Error: Expected to read &apos;%%EOF&apos; instead started reading &apos;1&apos;&lt;br/&gt;
        at org.apache.pdfbox.pdfparser.BaseParser.readExpectedString(BaseParser.java:1090)&lt;br/&gt;
        at org.apache.pdfbox.pdfparser.PDFParser.parseObject(PDFParser.java:463)&lt;br/&gt;
        at org.apache.pdfbox.pdfparser.PDFParser.parse(PDFParser.java:179)&lt;br/&gt;
        at org.apache.pdfbox.pdmodel.PDDocument.load(PDDocument.java:859)&lt;br/&gt;
        at org.apache.pdfbox.pdmodel.PDDocument.load(PDDocument.java:826)&lt;br/&gt;
        at org.apache.pdfbox.util.PDFMergerUtility.mergeDocuments(PDFMergerUtility.java:191)&lt;br/&gt;
        at pdftesting.Main.main(Main.java:34)&lt;/p&gt;</comment>
                            <comment id="12903355" author="tchojecki" created="Fri, 27 Aug 2010 10:41:15 +0100"  >&lt;p&gt;Wiley Fuller, do you have some example file that you can attach?&lt;/p&gt;

&lt;p&gt;I&apos;m using incremental updates all the time with pdfbox and can&apos;t find any issue with the latest revision (last update a minute ago). &lt;/p&gt;</comment>
                            <comment id="12903364" author="wiley" created="Fri, 27 Aug 2010 12:04:57 +0100"  >&lt;p&gt;Hi Thomas.  The file already attached to this issue (siegel.pdf) can be used to replicate the problem in 1.2.1.   However, I just checked out and built 1.3.0-SNAPSHOT, and it works without any problems. &lt;/p&gt;

&lt;p&gt;Thanks.&lt;/p&gt;</comment>
                            <comment id="12903434" author="m.martinez" created="Fri, 27 Aug 2010 15:44:15 +0100"  >&lt;p&gt;This sounds very familiar - wasn&apos;t this fixed a few months back?&lt;/p&gt;

&lt;p&gt;In fact I think I may have suggested a patch for it?   If only I wasn&apos;t going senile and could remember more clearly ...&lt;/p&gt;</comment>
                            <comment id="12903466" author="adamnichols" created="Fri, 27 Aug 2010 17:31:38 +0100"  >&lt;p&gt;I patched a similar issue with corrupt/missing %%EOF flags in &lt;a href=&quot;https://issues.apache.org/jira/browse/PDFBOX-802&quot; title=&quot;Better handle corrupt/missing %%EOF flags at the end of a file&quot; class=&quot;issue-link&quot; data-issue-key=&quot;PDFBOX-802&quot;&gt;&lt;del&gt;PDFBOX-802&lt;/del&gt;&lt;/a&gt;, but that patch doesn&apos;t handle missing %%EOFs in the middle of a file.  I saw it was throwing an exception and decided to keep that functionality as I didn&apos;t think any PDF generators were THAT bad.  I didn&apos;t use the patch provided, but I did update the code to handle this correctly.  I tested by trying to load the document, and then another test using PDFMergerUtility to merge the document with itself to make sure that all the pages were still there.  I also did regression testing with my files which have corrupt EOF flags to confirm they still work correctly.&lt;/p&gt;

&lt;p&gt;On a side note, if you use pdftk to decompress a file, it will also correct a lot of other technical issues in the process.  That&apos;s likely why it worked fine after decompression.&lt;/p&gt;</comment>
                            <comment id="12903468" author="adamnichols" created="Fri, 27 Aug 2010 17:34:20 +0100"  >&lt;p&gt;Committed my patch in revision 990201&lt;/p&gt;</comment>
                    </comments>
                <issuelinks>
                            <issuelinktype id="12310000">
                    <name>Duplicate</name>
                                                                <inwardlinks description="is duplicated by">
                                        <issuelink>
            <issuekey id="12391345">PDFBOX-311</issuekey>
        </issuelink>
                            </inwardlinks>
                                    </issuelinktype>
                            <issuelinktype id="10030">
                    <name>Reference</name>
                                                                <inwardlinks description="is related to">
                                        <issuelink>
            <issuekey id="12472403">PDFBOX-802</issuekey>
        </issuelink>
                            </inwardlinks>
                                    </issuelinktype>
                    </issuelinks>
                <attachments>
                            <attachment id="12417047" name="siegel.pdf" size="680507" author="engberg" created="Wed, 19 Aug 2009 20:29:54 +0100"/>
                    </attachments>
                <subtasks>
                    </subtasks>
                <customfields>
                                                <customfield id="customfield_12310310" key="com.atlassian.jira.toolkit:attachments">
                        <customfieldname>Attachment count</customfieldname>
                        <customfieldvalues>
                            <customfieldvalue>1.0</customfieldvalue>
                        </customfieldvalues>
                    </customfield>
                                                                                            <customfield id="customfield_12310220" key="com.atlassian.jira.ext.charting:firstresponsedate">
                        <customfieldname>Date of First Response</customfieldname>
                        <customfieldvalues>
                            <customfieldvalue>Wed, 28 Oct 2009 20:13:44 +0000</customfieldvalue>

                        </customfieldvalues>
                    </customfield>
                                                                                                                                                    <customfield id="customfield_12310420" key="com.pyxis.greenhopper.jira:gh-global-rank">
                        <customfieldname>Global Rank</customfieldname>
                        <customfieldvalues>
                            <customfieldvalue>163293</customfieldvalue>
                        </customfieldvalues>
                    </customfield>
                                                                <customfield id="customfield_12310920" key="com.pyxis.greenhopper.jira:gh-global-rank">
                        <customfieldname>Rank</customfieldname>
                        <customfieldvalues>
                            <customfieldvalue>205199</customfieldvalue>
                        </customfieldvalues>
                    </customfield>
                                                                                                                        <customfield id="customfield_12310222" key="com.atlassian.jira.ext.charting:timeinstatus">
                        <customfieldname>Time in Status</customfieldname>
                        <customfieldvalues>
                            
                        </customfieldvalues>
                    </customfield>
                                    </customfields>
    </item>

<item>
            <title>[PDFBOX-508] Lost spacing as a result of operator &quot;Tc&quot; ignoring.</title>
                <link>https://issues.apache.org/jira/browse/PDFBOX-508</link>
                <project id="12310760" key="PDFBOX">PDFBox</project>
                    <description>&lt;p&gt;Continue &lt;a href=&quot;https://issues.apache.org/jira/browse/PDFBOX-234&quot; class=&quot;external-link&quot; rel=&quot;nofollow&quot;&gt;https://issues.apache.org/jira/browse/PDFBOX-234&lt;/a&gt;&lt;/p&gt;

&lt;p&gt;Lost spacing as a result of operator &quot;Tc&quot; ignoring.&lt;br/&gt;
Ex:&lt;br/&gt;
****************************************&lt;br/&gt;
BT&lt;br/&gt;
 6 0 0 6 244.0800018311 795.8400268555 Tm&lt;br/&gt;
 6.5475001335 Tc&lt;br/&gt;
 (41) Tj&lt;br/&gt;
****************************************&lt;br/&gt;
Here PDFTextStripper.writeText() returns &quot;41&quot; (without spacing )&lt;/p&gt;</description>
                <environment>JDK 1.6.0_16</environment>
        <key id="12434345">PDFBOX-508</key>
            <summary>Lost spacing as a result of operator &quot;Tc&quot; ignoring.</summary>
                <type id="1" iconUrl="https://issues.apache.org/jira/images/icons/issuetypes/bug.png">Bug</type>
                                            <priority id="3" iconUrl="https://issues.apache.org/jira/images/icons/priorities/major.png">Major</priority>
                        <status id="6" iconUrl="https://issues.apache.org/jira/images/icons/statuses/closed.png" description="The issue is considered finished, the resolution is correct. Issues which are closed can be reopened.">Closed</status>
                    <statusCategory id="3" key="done" colorName="green"/>
                                    <resolution id="1">Fixed</resolution>
                                        <assignee username="-1">Unassigned</assignee>
                                    <reporter username="gtsdmtry">Dmitry Gutso</reporter>
                        <labels>
                    </labels>
                <created>Sat, 29 Aug 2009 10:23:50 +0100</created>
                <updated>Mon, 22 Feb 2010 18:27:58 +0000</updated>
                            <resolved>Fri, 18 Dec 2009 16:46:00 +0000</resolved>
                                    <version>0.8.0-incubator</version>
                                    <fixVersion>1.0.0</fixVersion>
                                    <component>Text extraction</component>
                        <due></due>
                            <votes>0</votes>
                                    <watches>0</watches>
                                                                <comments>
                            <comment id="12749096" author="gtsdmtry" created="Sat, 29 Aug 2009 10:27:39 +0100"  >&lt;p&gt;file 2a_repl2.pdf is modified file 2a.pdf&lt;/p&gt;</comment>
                            <comment id="12750416" author="gtsdmtry" created="Wed, 2 Sep 2009 13:29:53 +0100"  >&lt;p&gt;the cause of the error in method processEncodedText of class PDFStreamEngine&lt;/p&gt;</comment>
                            <comment id="12751118" author="gtsdmtry" created="Thu, 3 Sep 2009 19:20:30 +0100"  >&lt;p&gt;It&apos;s my variant:&lt;br/&gt;
PDFStreamEngine_For_Spacing.diff&lt;br/&gt;
TextPosition_for_Spacing.diff&lt;br/&gt;
I would be grateful, if somebody has tested&lt;/p&gt;</comment>
                            <comment id="12751920" author="lehmi" created="Sun, 6 Sep 2009 16:39:31 +0100"  >&lt;p&gt;First of all thanks for the contribution.&lt;/p&gt;

&lt;p&gt;I&apos;ve made some tests and it worked with your sample, but there are some unwanted sideeffects with other documents. I guess we have to do some more tests, as your patch affects a really fragile part of the textextract part of pdfbox.&lt;/p&gt;</comment>
                            <comment id="12792525" author="lehmi" created="Fri, 18 Dec 2009 16:46:00 +0000"  >&lt;p&gt;Works fine after resolving &lt;a href=&quot;https://issues.apache.org/jira/browse/PDFBOX-520&quot; title=&quot;Ignores char spacing (Tc) and word space (Tw) when rendering PDFs to images&quot; class=&quot;issue-link&quot; data-issue-key=&quot;PDFBOX-520&quot;&gt;&lt;del&gt;PDFBOX-520&lt;/del&gt;&lt;/a&gt; and &lt;a href=&quot;https://issues.apache.org/jira/browse/PDFBOX-571&quot; title=&quot;Dubious handling of word spacing (Tw)&quot; class=&quot;issue-link&quot; data-issue-key=&quot;PDFBOX-571&quot;&gt;&lt;del&gt;PDFBOX-571&lt;/del&gt;&lt;/a&gt;.&lt;/p&gt;</comment>
                            <comment id="12836779" author="lehmi" created="Mon, 22 Feb 2010 18:27:58 +0000"  >&lt;p&gt;closed after releasing version 1.0.0&lt;/p&gt;</comment>
                    </comments>
                <issuelinks>
                            <issuelinktype id="10030">
                    <name>Reference</name>
                                                                <inwardlinks description="is related to">
                                        <issuelink>
            <issuekey id="12435134">PDFBOX-520</issuekey>
        </issuelink>
            <issuelink>
            <issuekey id="12441838">PDFBOX-571</issuekey>
        </issuelink>
                            </inwardlinks>
                                    </issuelinktype>
                    </issuelinks>
                <attachments>
                            <attachment id="12418052" name="2a.pdf" size="105147" author="gtsdmtry" created="Sat, 29 Aug 2009 10:27:39 +0100"/>
                            <attachment id="12418053" name="2a_repl2.pdf" size="184842" author="gtsdmtry" created="Sat, 29 Aug 2009 10:27:39 +0100"/>
                            <attachment id="12418526" name="PDFStreamEngine_For_Spacing.diff" size="4398" author="gtsdmtry" created="Thu, 3 Sep 2009 19:22:21 +0100"/>
                            <attachment id="12418527" name="TextPosition_for_Spacing.diff" size="1361" author="gtsdmtry" created="Thu, 3 Sep 2009 19:22:21 +0100"/>
                    </attachments>
                <subtasks>
                    </subtasks>
                <customfields>
                                                <customfield id="customfield_12310310" key="com.atlassian.jira.toolkit:attachments">
                        <customfieldname>Attachment count</customfieldname>
                        <customfieldvalues>
                            <customfieldvalue>4.0</customfieldvalue>
                        </customfieldvalues>
                    </customfield>
                                                                                            <customfield id="customfield_12310220" key="com.atlassian.jira.ext.charting:firstresponsedate">
                        <customfieldname>Date of First Response</customfieldname>
                        <customfieldvalues>
                            <customfieldvalue>Sun, 6 Sep 2009 15:39:31 +0000</customfieldvalue>

                        </customfieldvalues>
                    </customfield>
                                                                                                                                                    <customfield id="customfield_12310420" key="com.pyxis.greenhopper.jira:gh-global-rank">
                        <customfieldname>Global Rank</customfieldname>
                        <customfieldvalues>
                            <customfieldvalue>163295</customfieldvalue>
                        </customfieldvalues>
                    </customfield>
                                                                <customfield id="customfield_12310920" key="com.pyxis.greenhopper.jira:gh-global-rank">
                        <customfieldname>Rank</customfieldname>
                        <customfieldvalues>
                            <customfieldvalue>205375</customfieldvalue>
                        </customfieldvalues>
                    </customfield>
                                                                                                                        <customfield id="customfield_12310222" key="com.atlassian.jira.ext.charting:timeinstatus">
                        <customfieldname>Time in Status</customfieldname>
                        <customfieldvalues>
                            
                        </customfieldvalues>
                    </customfield>
                                    </customfields>
    </item>

<item>
            <title>[PDFBOX-509] Japanese Characters are garbled.</title>
                <link>https://issues.apache.org/jira/browse/PDFBOX-509</link>
                <project id="12310760" key="PDFBOX">PDFBox</project>
                    <description>&lt;p&gt;The extracted from the attached Japanese pdf  is completely garbled.&lt;/p&gt;

</description>
                <environment></environment>
        <key id="12434412">PDFBOX-509</key>
            <summary>Japanese Characters are garbled.</summary>
                <type id="1" iconUrl="https://issues.apache.org/jira/images/icons/issuetypes/bug.png">Bug</type>
                                            <priority id="3" iconUrl="https://issues.apache.org/jira/images/icons/priorities/major.png">Major</priority>
                        <status id="6" iconUrl="https://issues.apache.org/jira/images/icons/statuses/closed.png" description="The issue is considered finished, the resolution is correct. Issues which are closed can be reopened.">Closed</status>
                    <statusCategory id="3" key="done" colorName="green"/>
                                    <resolution id="3">Duplicate</resolution>
                                        <assignee username="-1">Unassigned</assignee>
                                    <reporter username="takashi-smi">Takashi Komatsubara</reporter>
                        <labels>
                    </labels>
                <created>Mon, 31 Aug 2009 11:07:30 +0100</created>
                <updated>Wed, 10 Mar 2010 18:22:15 +0000</updated>
                            <resolved>Wed, 10 Mar 2010 18:21:55 +0000</resolved>
                                    <version>0.8.0-incubator</version>
                                                    <component>Parsing</component>
                        <due></due>
                            <votes>1</votes>
                                    <watches>2</watches>
                                                                <comments>
                            <comment id="12749453" author="takashi-smi" created="Mon, 31 Aug 2009 11:08:30 +0100"  >&lt;p&gt;This file is from Japanese government website.&lt;/p&gt;</comment>
                            <comment id="12749455" author="takashi-smi" created="Mon, 31 Aug 2009 11:11:28 +0100"  >&lt;p&gt;Here is the patch.&lt;br/&gt;
This one can be applied the latest repository ( Today is 31/08/2009 ).&lt;/p&gt;

&lt;p&gt;PLEASE REVIEW THIS PATCH.&lt;/p&gt;</comment>
                            <comment id="12749551" author="lehmi" created="Mon, 31 Aug 2009 18:38:58 +0100"  >&lt;p&gt;Your patch is similar to that one you already contributed some time ago and I&apos;m afraid it has the same unwanted sideeffects because of the substitution of &quot;Identity-H&quot; cmap. &lt;br/&gt;
See &lt;a href=&quot;https://issues.apache.org/jira/browse/PDFBOX-420&quot; title=&quot;Japanese Characters are garbled.&quot; class=&quot;issue-link&quot; data-issue-key=&quot;PDFBOX-420&quot;&gt;&lt;del&gt;PDFBOX-420&lt;/del&gt;&lt;/a&gt; for more details.&lt;/p&gt;</comment>
                            <comment id="12749680" author="takashi-smi" created="Tue, 1 Sep 2009 00:46:53 +0100"  >&lt;p&gt;Hi Andreas.&lt;br/&gt;
Sorry I forgot the past communications...&lt;/p&gt;

&lt;p&gt;The fonts like &quot;Identity-H&quot; seem to be mandatory for CJK users.&lt;/p&gt;

&lt;p&gt;&lt;a href=&quot;http://www.talkgraphics.com/showthread.php?t=33648&quot; class=&quot;external-link&quot; rel=&quot;nofollow&quot;&gt;http://www.talkgraphics.com/showthread.php?t=33648&lt;/a&gt;&lt;/p&gt;

&lt;p&gt;What about adding the compile options which enable us to compile the portion which I have posted?&lt;br/&gt;
It is possible for me to create japanese-pdfbox project on the sourceforge.net, for example.&lt;br/&gt;
But, I want to keep that our PDFBox is one-binary, always.&lt;/p&gt;

&lt;p&gt;Takashi.&lt;/p&gt;</comment>
                            <comment id="12750879" author="lehmi" created="Thu, 3 Sep 2009 09:03:37 +0100"  >&lt;p&gt;This issue isn&apos;t limited to CJK users, there are a lot of documents using this mapping too, espacially in conjunction with CID-Fonts. There are some sample files in the pdfbox testing area. &lt;/p&gt;

&lt;p&gt;IMHO:&lt;/p&gt;
&lt;ul class=&quot;alternate&quot; type=&quot;square&quot;&gt;
	&lt;li&gt;sooner or later (I hope sooner) we have to solve this issue for everyone not only for CJK users&lt;/li&gt;
	&lt;li&gt;it doesn&apos;t make sense to add a compile option or something like that&lt;/li&gt;
	&lt;li&gt;we can&apos;t stop you forking your own version of pdfbox, but I advise you against doing this because of such a &quot;little&quot; issue&lt;/li&gt;
&lt;/ul&gt;


&lt;p&gt;I suggest to create your own private patch for your needs until we&apos;ll solve this issue for every situation.&lt;/p&gt;</comment>
                            <comment id="12751257" author="takashi-smi" created="Fri, 4 Sep 2009 02:22:02 +0100"  >&lt;p&gt;Hi Andreas,&lt;/p&gt;

&lt;p&gt;OK, I see!.&lt;br/&gt;
I really understand.&lt;/p&gt;

&lt;p&gt;I will continue to post these kind of patches to this. Because many cjk developers are watching the status of PDFBox development.&lt;br/&gt;
They are high level developers. It should be quite easy to apply the patches by themselves.&lt;/p&gt;</comment>
                            <comment id="12843678" author="lehmi" created="Wed, 10 Mar 2010 18:21:55 +0000"  >&lt;p&gt;Closed as duplicate of &lt;a href=&quot;https://issues.apache.org/jira/browse/PDFBOX-420&quot; title=&quot;Japanese Characters are garbled.&quot; class=&quot;issue-link&quot; data-issue-key=&quot;PDFBOX-420&quot;&gt;&lt;del&gt;PDFBOX-420&lt;/del&gt;&lt;/a&gt;&lt;/p&gt;</comment>
                    </comments>
                <issuelinks>
                            <issuelinktype id="12310000">
                    <name>Duplicate</name>
                                            <outwardlinks description="duplicates">
                                        <issuelink>
            <issuekey id="12414365">PDFBOX-420</issuekey>
        </issuelink>
                            </outwardlinks>
                                                        </issuelinktype>
                    </issuelinks>
                <attachments>
                            <attachment id="12418133" name="Support_Substitutions.patch" size="3450" author="takashi-smi" created="Mon, 31 Aug 2009 11:11:28 +0100"/>
                            <attachment id="12418130" name="mat10.pdf" size="83626" author="takashi-smi" created="Mon, 31 Aug 2009 11:08:30 +0100"/>
                    </attachments>
                <subtasks>
                    </subtasks>
                <customfields>
                                                <customfield id="customfield_12310310" key="com.atlassian.jira.toolkit:attachments">
                        <customfieldname>Attachment count</customfieldname>
                        <customfieldvalues>
                            <customfieldvalue>2.0</customfieldvalue>
                        </customfieldvalues>
                    </customfield>
                                                                                            <customfield id="customfield_12310220" key="com.atlassian.jira.ext.charting:firstresponsedate">
                        <customfieldname>Date of First Response</customfieldname>
                        <customfieldvalues>
                            <customfieldvalue>Mon, 31 Aug 2009 17:38:58 +0000</customfieldvalue>

                        </customfieldvalues>
                    </customfield>
                                                                                                                                                    <customfield id="customfield_12310420" key="com.pyxis.greenhopper.jira:gh-global-rank">
                        <customfieldname>Global Rank</customfieldname>
                        <customfieldvalues>
                            <customfieldvalue>163296</customfieldvalue>
                        </customfieldvalues>
                    </customfield>
                                                                <customfield id="customfield_12310920" key="com.pyxis.greenhopper.jira:gh-global-rank">
                        <customfieldname>Rank</customfieldname>
                        <customfieldvalues>
                            <customfieldvalue>60918</customfieldvalue>
                        </customfieldvalues>
                    </customfield>
                                                                                                                        <customfield id="customfield_12310222" key="com.atlassian.jira.ext.charting:timeinstatus">
                        <customfieldname>Time in Status</customfieldname>
                        <customfieldvalues>
                            
                        </customfieldvalues>
                    </customfield>
                                    </customfields>
    </item>

<item>
            <title>[PDFBOX-511] JVM crash in PDColorSpaceInstance.createColor()</title>
                <link>https://issues.apache.org/jira/browse/PDFBOX-511</link>
                <project id="12310760" key="PDFBOX">PDFBox</project>
                    <description>&lt;p&gt;Similar to &lt;a href=&quot;https://issues.apache.org/jira/browse/PDFBOX-488&quot; title=&quot;Invalid memory access of location 00000000 eip=968f5aa7  (MAC OS X)&quot; class=&quot;issue-link&quot; data-issue-key=&quot;PDFBOX-488&quot;&gt;&lt;del&gt;PDFBOX-488&lt;/del&gt;&lt;/a&gt;, the JVM  (here JDK 1.6 on Windows XP) crashes when PDFBox tries to create a java.awt.Color instance with some specific ICC profile. The root cause of the problem is a low-level bug in the JVM (most likely &lt;a href=&quot;http://bugs.sun.com/bugdatabase/view_bug.do?bug_id=6645513&quot; class=&quot;external-link&quot; rel=&quot;nofollow&quot;&gt;http://bugs.sun.com/bugdatabase/view_bug.do?bug_id=6645513&lt;/a&gt;), but it would be really good if PDFBox could work around that issue or at least throw a normal exception in troublesome cases instead of crashing the entire JVM.&lt;/p&gt;

&lt;p&gt;See below for the relevant parts of the crash report.&lt;/p&gt;

&lt;p&gt;#&lt;/p&gt;
&lt;ol&gt;
	&lt;li&gt;An unexpected error has been detected by Java Runtime Environment:&lt;br/&gt;
#&lt;/li&gt;
	&lt;li&gt;EXCEPTION_ACCESS_VIOLATION (0xc0000005) at pc=0x6d17205d, pid=1512, tid=1324&lt;br/&gt;
#&lt;/li&gt;
	&lt;li&gt;Java VM: Java HotSpot(TM) Client VM (11.3-b02 mixed mode windows-x86)&lt;/li&gt;
	&lt;li&gt;Problematic frame:&lt;/li&gt;
	&lt;li&gt;C  &lt;span class=&quot;error&quot;&gt;&amp;#91;cmm.dll+0x205d&amp;#93;&lt;/span&gt;&lt;br/&gt;
#&lt;/li&gt;
	&lt;li&gt;If you would like to submit a bug report, please visit:&lt;/li&gt;
	&lt;li&gt;&lt;a href=&quot;http://java.sun.com/webapps/bugreport/crash.jsp&quot; class=&quot;external-link&quot; rel=&quot;nofollow&quot;&gt;http://java.sun.com/webapps/bugreport/crash.jsp&lt;/a&gt;&lt;/li&gt;
	&lt;li&gt;The crash happened outside the Java Virtual Machine in native code.&lt;/li&gt;
	&lt;li&gt;See problematic frame for where to report the bug.&lt;br/&gt;
#&lt;/li&gt;
&lt;/ol&gt;


&lt;p&gt;---------------  T H R E A D  ---------------&lt;/p&gt;

&lt;p&gt;Current thread (0x492f6800):  JavaThread &quot;pool-3-thread-11&quot; [_thread_in_native,&lt;br/&gt;
id=1324, stack(0x4aa40000,0x4aa90000)]&lt;/p&gt;

&lt;p&gt;siginfo: ExceptionCode=0xc0000005, writing address 0x00000008&lt;/p&gt;

&lt;p&gt;Registers:&lt;br/&gt;
EAX=0x001cc20b, EBX=0x4aa8eda0, ECX=0x00000000, EDX=0x6d19c88c&lt;br/&gt;
ESP=0x4aa8ed34, EBP=0x4aa8edc0, ESI=0x4aa8ed6c, EDI=0x00000003&lt;br/&gt;
EIP=0x6d17205d, EFLAGS=0x00010246&lt;/p&gt;

&lt;p&gt;Top of Stack: (sp=0x4aa8ed34)&lt;br/&gt;
0x4aa8ed34:   00000008 000000ff 4aa8ee34 73a6ef68&lt;br/&gt;
0x4aa8ed44:   790739f0 5577e7e0 00000000 00000000&lt;br/&gt;
0x4aa8ed54:   00000000 00000000 00000000 7dff9f58&lt;br/&gt;
0x4aa8ed64:   5d29bb60 7e87fca0 00000000 00000000&lt;br/&gt;
0x4aa8ed74:   00000000 00000000 00000000 565bff20&lt;br/&gt;
0x4aa8ed84:   618b6ca0 618b6d50 581b1ed8 00000000&lt;br/&gt;
0x4aa8ed94:   00000000 00000000 00000000 00000003&lt;br/&gt;
0x4aa8eda4:   6d173f79 00000000 3ff00000 0000000f &lt;/p&gt;

&lt;p&gt;Instructions: (pc=0x6d17205d)&lt;br/&gt;
0x6d17204d:   83 c4 14 89 06 e8 e8 34 02 00 83 7d 1c 00 8b 0e&lt;br/&gt;
0x6d17205d:   89 41 08 74 0e 8b 45 f8 8b 34 30 85 f6 74 04 8b &lt;/p&gt;


&lt;p&gt;Stack: &lt;span class=&quot;error&quot;&gt;&amp;#91;0x4aa40000,0x4aa90000&amp;#93;&lt;/span&gt;,  sp=0x4aa8ed34,  free space=315k&lt;br/&gt;
Native frames: (J=compiled Java code, j=interpreted, Vv=VM code, C=native code)&lt;br/&gt;
C  &lt;span class=&quot;error&quot;&gt;&amp;#91;cmm.dll+0x205d&amp;#93;&lt;/span&gt;&lt;br/&gt;
C  &lt;span class=&quot;error&quot;&gt;&amp;#91;cmm.dll+0x40f1&amp;#93;&lt;/span&gt;&lt;br/&gt;
C  &lt;span class=&quot;error&quot;&gt;&amp;#91;cmm.dll+0x435e&amp;#93;&lt;/span&gt;&lt;br/&gt;
C  &lt;span class=&quot;error&quot;&gt;&amp;#91;cmm.dll+0x1ff75&amp;#93;&lt;/span&gt;&lt;br/&gt;
C  &lt;span class=&quot;error&quot;&gt;&amp;#91;cmm.dll+0x20413&amp;#93;&lt;/span&gt;&lt;/p&gt;

&lt;p&gt;Java frames: (J=compiled Java code, j=interpreted, Vv=VM code)&lt;br/&gt;
J sun.awt.color.CMM.cmmCombineTransforms([Lsun/awt/color/ICC_Transform;Lsun/awt/color/ICC_Transform;)I&lt;br/&gt;
J  java.awt.color.ICC_ColorSpace.toRGB([F)[F&lt;br/&gt;
J  java.awt.Color.&amp;lt;init&amp;gt;(Ljava/awt/color/ColorSpace;[FF)V&lt;br/&gt;
J org.apache.pdfbox.pdmodel.graphics.color.PDColorSpaceInstance.createColor()Ljava/awt/Color;&lt;br/&gt;
J  org.apache.pdfbox.pdfviewer.PageDrawer.fillPath(I)V&lt;br/&gt;
J org.apache.pdfbox.util.operator.pagedrawer.FillNonZeroRule.process(Lorg/apache/pdfbox/util/PDFOperator;Ljava/util/List;)V&lt;br/&gt;
J org.apache.pdfbox.util.PDFStreamEngine.processOperator(Lorg/apache/pdfbox/util/PDFOperator;Ljava/util/List;)V&lt;br/&gt;
J org.apache.pdfbox.util.PDFStreamEngine.processSubStream(Lorg/apache/pdfbox/pdmodel/PDPage;Lorg/apache/pdfbox/pdmodel/PDResources;Lorg/apache/pdfbox/cos/COSStream;)V&lt;br/&gt;
j org.apache.pdfbox.util.operator.pagedrawer.Invoke.process(Lorg/apache/pdfbox/util/PDFOperator;Ljava/util/List;)V+419&lt;br/&gt;
J org.apache.pdfbox.util.PDFStreamEngine.processOperator(Lorg/apache/pdfbox/util/PDFOperator;Ljava/util/List;)V&lt;br/&gt;
J org.apache.pdfbox.util.PDFStreamEngine.processSubStream(Lorg/apache/pdfbox/pdmodel/PDPage;Lorg/apache/pdfbox/pdmodel/PDResources;Lorg/apache/pdfbox/cos/COSStream;)V&lt;br/&gt;
j org.apache.pdfbox.util.PDFStreamEngine.processStream(Lorg/apache/pdfbox/pdmodel/PDPage;Lorg/apache/pdfbox/pdmodel/PDResources;Lorg/apache/pdfbox/cos/COSStream;)V+39&lt;br/&gt;
j org.apache.pdfbox.pdfviewer.PageDrawer.drawPage(Ljava/awt/Graphics;Lorg/apache/pdfbox/pdmodel/PDPage;Ljava/awt/Dimension;)V+57&lt;br/&gt;
j org.apache.pdfbox.pdmodel.PDPage.convertToImage()Ljava/awt/image/BufferedImage;+107&lt;/p&gt;</description>
                <environment>Java HotSpot(TM) Client VM (11.3-b02 mixed mode windows-x86), Windows XP Build 2600 Service Pack 3</environment>
        <key id="12434435">PDFBOX-511</key>
            <summary>JVM crash in PDColorSpaceInstance.createColor()</summary>
                <type id="1" iconUrl="https://issues.apache.org/jira/images/icons/issuetypes/bug.png">Bug</type>
                                            <priority id="2" iconUrl="https://issues.apache.org/jira/images/icons/priorities/critical.png">Critical</priority>
                        <status id="6" iconUrl="https://issues.apache.org/jira/images/icons/statuses/closed.png" description="The issue is considered finished, the resolution is correct. Issues which are closed can be reopened.">Closed</status>
                    <statusCategory id="3" key="done" colorName="green"/>
                                    <resolution id="1">Fixed</resolution>
                                        <assignee username="jukkaz">Jukka Zitting</assignee>
                                    <reporter username="jukkaz">Jukka Zitting</reporter>
                        <labels>
                    </labels>
                <created>Mon, 31 Aug 2009 18:37:04 +0100</created>
                <updated>Wed, 21 Oct 2009 10:52:13 +0100</updated>
                            <resolved>Mon, 14 Sep 2009 12:46:56 +0100</resolved>
                                    <version>0.7.3</version>
                                    <fixVersion>0.8.0-incubator</fixVersion>
                                    <component>PDModel</component>
                        <due></due>
                            <votes>0</votes>
                                    <watches>0</watches>
                                                                <comments>
                            <comment id="12753658" author="jukkaz" created="Thu, 10 Sep 2009 16:13:35 +0100"  >&lt;p&gt;JVM issues like &lt;a href=&quot;http://bugs.sun.com/bugdatabase/view_bug.do?bug_id=6295525&quot; class=&quot;external-link&quot; rel=&quot;nofollow&quot;&gt;http://bugs.sun.com/bugdatabase/view_bug.do?bug_id=6295525&lt;/a&gt; suggest that this problem doesn&apos;t affect just some specific ICC profiles, but may be related to the interaction between the garbage collector and generic ICC data structures. I have reports of this from both Sun Java 5 and 6, so I can only assume that this crash can randomly occur with any ICC profiles on any currently supported Sun Java version. &lt;img class=&quot;emoticon&quot; src=&quot;https://issues.apache.org/jira/images/icons/emoticons/sad.gif&quot; height=&quot;16&quot; width=&quot;16&quot; align=&quot;absmiddle&quot; alt=&quot;&quot; border=&quot;0&quot;/&gt;&lt;/p&gt;

&lt;p&gt;As a first workaround I attached a patch that throws an exception from PDColorSpaceInstance.createColor() whenever an ICC color profile is used. Note that this change breaks any uses of the PageDrawer with PDFs that use ICC color profiles!&lt;/p&gt;

&lt;p&gt;The safety measure can be disabled by explicitly setting the &quot;org.apache.pdfbox.ICC_safety_override&quot; system property to &quot;true&quot;. It would also be possible (though IMHO unsafe) to reverse the override mechanism to keep the current behaviour as the default and to avoid ICC profiles only when explicitly asked. We could also selectively enable ICC processing for non-Sun class libraries.&lt;/p&gt;</comment>
                            <comment id="12754099" author="jukkaz" created="Fri, 11 Sep 2009 12:52:21 +0100"  >&lt;p&gt;It looks like the above proposal would affect too many PDF documents, so I changed my mind and instead changed the patch to require action to enable this workaround. In the attached new version I also simply replace any ICC colors with a specified override color instead of throwing an IOException in such cases. This way the output from PageDrawer should still be usable if not entirely correct when the workaround has been enabled.&lt;/p&gt;

&lt;p&gt;To enable the workaround, either specify the following system property&lt;/p&gt;

&lt;p&gt;    -Dorg.apache.pdfbox.ICC_override_color=0&lt;/p&gt;

&lt;p&gt;or call the new static method&lt;/p&gt;

&lt;p&gt;    PDColorSpaceInstance.setIccOverrideColor(Color.BLACK)&lt;/p&gt;

&lt;p&gt;You can use any color you want as the override. The system property is an integer color code, see java.awt.Color for details.&lt;/p&gt;</comment>
                            <comment id="12754908" author="jukkaz" created="Mon, 14 Sep 2009 11:03:53 +0100"  >&lt;p&gt;I committed the patch in revision 814536.&lt;/p&gt;

&lt;p&gt;While reviewing the code I found out that new java.awt.Color instances are getting created whenever a new drawing operation is performed. With some refactoring it should be possible to reduce the number of new Color instances to only the number times the color actually changes due to SetStroking- or SetNonStrokingColor operations. Since the above-mentioned JVM crash is non-deterministic and especially since it seems to be related to garbage-collection, reducing the number of createColor() calls and short-lived color space instances should notably reduce the likelihood of these crashes.&lt;/p&gt;</comment>
                            <comment id="12754938" author="jukkaz" created="Mon, 14 Sep 2009 12:46:55 +0100"  >&lt;p&gt;I refactored the code to only create new Java AWT Color and ColorSpace instances when actually needed. In a test document I have this reduced the number of Color and ColorSpace instances from 5000+ to 1007 and 21 respectively. This means 80% fewer createColor() calls and &amp;gt;99% fewer ICC_ColorSpace instances, which dramatically reduces the likelihood of the crash.&lt;/p&gt;

&lt;p&gt;Together with the optional override mechanism I implemented earlier this is about as much as we can do in PDFBox, so I&apos;m resolving this issue as Fixed.&lt;/p&gt;</comment>
                    </comments>
                    <attachments>
                            <attachment id="12419297" name="PDFBOX-511.patch" size="3762" author="jukkaz" created="Fri, 11 Sep 2009 12:52:21 +0100"/>
                            <attachment id="12419183" name="PDFBOX-511.patch" size="2311" author="jukkaz" created="Thu, 10 Sep 2009 16:13:35 +0100"/>
                    </attachments>
                <subtasks>
                    </subtasks>
                <customfields>
                                                <customfield id="customfield_12310310" key="com.atlassian.jira.toolkit:attachments">
                        <customfieldname>Attachment count</customfieldname>
                        <customfieldvalues>
                            <customfieldvalue>2.0</customfieldvalue>
                        </customfieldvalues>
                    </customfield>
                                                                                                                                                                                                            <customfield id="customfield_12310420" key="com.pyxis.greenhopper.jira:gh-global-rank">
                        <customfieldname>Global Rank</customfieldname>
                        <customfieldvalues>
                            <customfieldvalue>163297</customfieldvalue>
                        </customfieldvalues>
                    </customfield>
                                                                <customfield id="customfield_12310920" key="com.pyxis.greenhopper.jira:gh-global-rank">
                        <customfieldname>Rank</customfieldname>
                        <customfieldvalues>
                            <customfieldvalue>204700</customfieldvalue>
                        </customfieldvalues>
                    </customfield>
                                                                                                                        <customfield id="customfield_12310222" key="com.atlassian.jira.ext.charting:timeinstatus">
                        <customfieldname>Time in Status</customfieldname>
                        <customfieldvalues>
                            
                        </customfieldvalues>
                    </customfield>
                                    </customfields>
    </item>
</channel>
</rss>
