<!--
RSS generated by JIRA (6.2#6252-sha1:aa343257d4ce030d9cb8c531be520be9fac1c996) at Tue Jun 03 18:04:26 UTC 2014

It is possible to restrict the fields that are returned in this document by specifying the 'field' parameter in your request.
For example, to request only the issue key and summary add field=key&field=summary to the URL of your request.
For example:
https://issues.apache.org/jira/sr/jira.issueviews:searchrequest-xml/temp/SearchRequest.xml?jqlQuery=project+%3D+PDFBOX+AND+issuetype+%3D+Bug+AND+created+%3E%3D+2011-4-1+AND+created+%3C%3D+2011-5-1+ORDER+BY+key+ASC&tempMax=100&field=key&field=summary
-->
<!-- If you wish to do custom client-side styling of RSS, uncomment this:
<?xml-stylesheet href="https://issues.apache.org/jira/styles/jiraxml2html.xsl" type="text/xsl"?>
-->
<rss version="0.92">
    <channel>
        <title>ASF JIRA</title>
        <link>https://issues.apache.org/jira/secure/IssueNavigator.jspa?reset=true&amp;jqlQuery=project+%3D+PDFBOX+AND+issuetype+%3D+Bug+AND+created+%3E%3D+2011-4-1+AND+created+%3C%3D+2011-5-1+ORDER+BY+key+ASC</link>
        <description>An XML representation of a search request</description>
                <language>en-uk</language>
                        <issue start="0" end="7" total="7"/>
                <build-info>
            <version>6.2</version>
            <build-number>6252</build-number>
            <build-date>19-02-2014</build-date>
        </build-info>
<item>
            <title>[PDFBOX-995] Search &quot;A&quot; and Replace with &quot;J&quot;, will get &quot;?&quot; in the output file, only for &quot;J&quot; (using &quot;A&quot;,&quot;B&quot;,&quot;C&quot; etc. are no problem)</title>
                <link>https://issues.apache.org/jira/browse/PDFBOX-995</link>
                <project id="12310760" key="PDFBOX">PDFBox</project>
                    <description>&lt;p&gt;When I using org.apache.pdfbox.examples.pdmodel.ReplaceString.doIt(inputfile, outputfile, &quot;A&quot;,&quot;J&quot;) to replace a string, i got &quot;?&quot; in the output file.&lt;/p&gt;</description>
                <environment>Windows XP SP3, PDF Box 1.5, JDK 1.6.0_17</environment>
        <key id="12503405">PDFBOX-995</key>
            <summary>Search &quot;A&quot; and Replace with &quot;J&quot;, will get &quot;?&quot; in the output file, only for &quot;J&quot; (using &quot;A&quot;,&quot;B&quot;,&quot;C&quot; etc. are no problem)</summary>
                <type id="1" iconUrl="https://issues.apache.org/jira/images/icons/issuetypes/bug.png">Bug</type>
                                            <priority id="4" iconUrl="https://issues.apache.org/jira/images/icons/priorities/minor.png">Minor</priority>
                        <status id="1" iconUrl="https://issues.apache.org/jira/images/icons/statuses/open.png" description="The issue is open and ready for the assignee to start work on it.">Open</status>
                    <statusCategory id="2" key="new" colorName="blue-gray"/>
                                    <resolution id="-1">Unresolved</resolution>
                                        <assignee username="-1">Unassigned</assignee>
                                    <reporter username="kengking">King</reporter>
                        <labels>
                            <label>replace</label>
                            <label>string</label>
                    </labels>
                <created>Tue, 5 Apr 2011 15:59:21 +0100</created>
                <updated>Tue, 5 Apr 2011 16:03:05 +0100</updated>
                                            <version>1.5.0</version>
                                                    <component>Writing</component>
                        <due></due>
                            <votes>0</votes>
                                    <watches>0</watches>
                                                                <comments>
                            <comment id="13015947" author="kengking" created="Tue, 5 Apr 2011 16:02:44 +0100"  >&lt;p&gt;Attached Input File&lt;/p&gt;</comment>
                            <comment id="13015948" author="kengking" created="Tue, 5 Apr 2011 16:03:05 +0100"  >&lt;p&gt;Attached Output File&lt;/p&gt;</comment>
                    </comments>
                    <attachments>
                            <attachment id="12475490" name="InputFile.pdf" size="47931" author="kengking" created="Tue, 5 Apr 2011 16:02:44 +0100"/>
                            <attachment id="12475491" name="OutputFile.pdf" size="53127" author="kengking" created="Tue, 5 Apr 2011 16:03:05 +0100"/>
                    </attachments>
                <subtasks>
                    </subtasks>
                <customfields>
                                                <customfield id="customfield_12310310" key="com.atlassian.jira.toolkit:attachments">
                        <customfieldname>Attachment count</customfieldname>
                        <customfieldvalues>
                            <customfieldvalue>2.0</customfieldvalue>
                        </customfieldvalues>
                    </customfield>
                                                                                                                                                                                                            <customfield id="customfield_12310420" key="com.pyxis.greenhopper.jira:gh-global-rank">
                        <customfieldname>Global Rank</customfieldname>
                        <customfieldvalues>
                            <customfieldvalue>85172</customfieldvalue>
                        </customfieldvalues>
                    </customfield>
                                                                <customfield id="customfield_12310920" key="com.pyxis.greenhopper.jira:gh-global-rank">
                        <customfieldname>Rank</customfieldname>
                        <customfieldvalues>
                            <customfieldvalue>236186</customfieldvalue>
                        </customfieldvalues>
                    </customfield>
                                                                                                                        </customfields>
    </item>

<item>
            <title>[PDFBOX-998] java.io.IOException: Error: End-of-File, expected line when opening PDF file</title>
                <link>https://issues.apache.org/jira/browse/PDFBOX-998</link>
                <project id="12310760" key="PDFBOX">PDFBox</project>
                    <description>&lt;p&gt;Hello,&lt;/p&gt;

&lt;p&gt;I am new to PDFBox. I just downloaded PDFBox v1.5.0. I created a project in Eclipse and used as source folder the content of pdfbox-1.5.0/pdfbox/src/main/java extracted from the ZIP file: pdfbox-1.5.0-src.zip. To compile the source code, I added to my projects the JARs:&lt;/p&gt;
&lt;ul class=&quot;alternate&quot; type=&quot;square&quot;&gt;
	&lt;li&gt;fontbox-1.5.0.jar&lt;/li&gt;
	&lt;li&gt;jempbox-1.5.0.jar&lt;/li&gt;
	&lt;li&gt;pdfbox-1.5.0.jar&lt;/li&gt;
	&lt;li&gt;commons-logging-1.1.1.jar&lt;/li&gt;
	&lt;li&gt;bcprov-jdk16-146.jar&lt;/li&gt;
	&lt;li&gt;bcmail-jdk16-146.jar&lt;/li&gt;
	&lt;li&gt;icu4j-4_6_1.jar&lt;/li&gt;
&lt;/ul&gt;


&lt;p&gt;The project compiles fine. Then, I ran org.apache.pdfbox.PDFReader and open the PDF file available at &lt;a href=&quot;http://www-etud.iro.umontreal.ca/~ptidej/yann-gael/Work/Publications/Documents/CSMR11a.doc.pdf&quot; class=&quot;external-link&quot; rel=&quot;nofollow&quot;&gt;http://www-etud.iro.umontreal.ca/~ptidej/yann-gael/Work/Publications/Documents/CSMR11a.doc.pdf&lt;/a&gt; and received the exception:&lt;/p&gt;

&lt;p&gt;java.io.IOException: Error: End-of-File, expected line&lt;br/&gt;
	at org.apache.pdfbox.pdfparser.BaseParser.readLine(BaseParser.java:1250)&lt;br/&gt;
	at org.apache.pdfbox.pdfparser.PDFParser.parseHeader(PDFParser.java:303)&lt;br/&gt;
	at org.apache.pdfbox.pdfparser.PDFParser.parse(PDFParser.java:163)&lt;br/&gt;
	at org.apache.pdfbox.pdmodel.PDDocument.load(PDDocument.java:862)&lt;br/&gt;
	at org.apache.pdfbox.pdmodel.PDDocument.load(PDDocument.java:829)&lt;br/&gt;
	at org.apache.pdfbox.PDFReader.parseDocument(PDFReader.java:330)&lt;br/&gt;
	at org.apache.pdfbox.PDFReader.openPDFFile(PDFReader.java:292)&lt;br/&gt;
	at org.apache.pdfbox.PDFReader.openMenuItemActionPerformed(PDFReader.java:241)&lt;br/&gt;
	at org.apache.pdfbox.PDFReader.access$1(PDFReader.java:227)&lt;br/&gt;
	at org.apache.pdfbox.PDFReader$2.actionPerformed(PDFReader.java:122)&lt;br/&gt;
	at javax.swing.AbstractButton.fireActionPerformed(Unknown Source)&lt;br/&gt;
	at javax.swing.AbstractButton$Handler.actionPerformed(Unknown Source)&lt;br/&gt;
	at javax.swing.DefaultButtonModel.fireActionPerformed(Unknown Source)&lt;br/&gt;
	at javax.swing.DefaultButtonModel.setPressed(Unknown Source)&lt;br/&gt;
	at javax.swing.AbstractButton.doClick(Unknown Source)&lt;br/&gt;
	at javax.swing.plaf.basic.BasicMenuItemUI.doClick(Unknown Source)&lt;br/&gt;
	at javax.swing.plaf.basic.BasicMenuItemUI$Handler.mouseReleased(Unknown Source)&lt;br/&gt;
	at java.awt.AWTEventMulticaster.mouseReleased(Unknown Source)&lt;br/&gt;
	at java.awt.Component.processMouseEvent(Unknown Source)&lt;br/&gt;
	at javax.swing.JComponent.processMouseEvent(Unknown Source)&lt;br/&gt;
	at java.awt.Component.processEvent(Unknown Source)&lt;br/&gt;
	at java.awt.Container.processEvent(Unknown Source)&lt;br/&gt;
	at java.awt.Component.dispatchEventImpl(Unknown Source)&lt;br/&gt;
	at java.awt.Container.dispatchEventImpl(Unknown Source)&lt;br/&gt;
	at java.awt.Component.dispatchEvent(Unknown Source)&lt;br/&gt;
	at java.awt.LightweightDispatcher.retargetMouseEvent(Unknown Source)&lt;br/&gt;
	at java.awt.LightweightDispatcher.processMouseEvent(Unknown Source)&lt;br/&gt;
	at java.awt.LightweightDispatcher.dispatchEvent(Unknown Source)&lt;br/&gt;
	at java.awt.Container.dispatchEventImpl(Unknown Source)&lt;br/&gt;
	at java.awt.Window.dispatchEventImpl(Unknown Source)&lt;br/&gt;
	at java.awt.Component.dispatchEvent(Unknown Source)&lt;br/&gt;
	at java.awt.EventQueue.dispatchEvent(Unknown Source)&lt;br/&gt;
	at java.awt.EventDispatchThread.pumpOneEventForFilters(Unknown Source)&lt;br/&gt;
	at java.awt.EventDispatchThread.pumpEventsForFilter(Unknown Source)&lt;br/&gt;
	at java.awt.EventDispatchThread.pumpEventsForHierarchy(Unknown Source)&lt;br/&gt;
	at java.awt.EventDispatchThread.pumpEvents(Unknown Source)&lt;br/&gt;
	at java.awt.EventDispatchThread.pumpEvents(Unknown Source)&lt;br/&gt;
	at java.awt.EventDispatchThread.run(Unknown Source)&lt;/p&gt;

&lt;p&gt;I also ran the command line:&lt;/p&gt;

&lt;p&gt;	java -jar pdfbox-app-1.5.0.jar PDFReader ..\rsc\CSMR11a.doc.pdf&lt;/p&gt;

&lt;p&gt;using the pdfbox-app-1.5.0.jar downloaded from the Apache Web site and received the same exception when opening the same file:&lt;/p&gt;

&lt;p&gt;java.io.IOException: Error: End-of-File, expected line&lt;br/&gt;
        at org.apache.pdfbox.pdfparser.BaseParser.readLine(BaseParser.java:1250)&lt;br/&gt;
        at org.apache.pdfbox.pdfparser.PDFParser.parseHeader(PDFParser.java:303)&lt;br/&gt;
        at org.apache.pdfbox.pdfparser.PDFParser.parse(PDFParser.java:163)&lt;br/&gt;
        at org.apache.pdfbox.pdmodel.PDDocument.load(PDDocument.java:862)&lt;br/&gt;
        at org.apache.pdfbox.pdmodel.PDDocument.load(PDDocument.java:829)&lt;br/&gt;
        at org.apache.pdfbox.PDFReader.parseDocument(PDFReader.java:330)&lt;br/&gt;
        at org.apache.pdfbox.PDFReader.openPDFFile(PDFReader.java:292)&lt;br/&gt;
        at org.apache.pdfbox.PDFReader.main(PDFReader.java:277)&lt;br/&gt;
        at org.apache.pdfbox.PDFBox.main(PDFBox.java:53)&lt;/p&gt;

&lt;p&gt;I checked the cookbook and the FAQ and Google and could not find information explaining me what I am doing wrong. Please let me know if this is indeed a bug or what I am doing wrong?&lt;/p&gt;

&lt;p&gt;Take care,&lt;br/&gt;
Yann&lt;/p&gt;</description>
                <environment>Windows 7 64bits</environment>
        <key id="12504621">PDFBOX-998</key>
            <summary>java.io.IOException: Error: End-of-File, expected line when opening PDF file</summary>
                <type id="1" iconUrl="https://issues.apache.org/jira/images/icons/issuetypes/bug.png">Bug</type>
                                            <priority id="1" iconUrl="https://issues.apache.org/jira/images/icons/priorities/blocker.png">Blocker</priority>
                        <status id="6" iconUrl="https://issues.apache.org/jira/images/icons/statuses/closed.png" description="The issue is considered finished, the resolution is correct. Issues which are closed can be reopened.">Closed</status>
                    <statusCategory id="3" key="done" colorName="green"/>
                                    <resolution id="6">Invalid</resolution>
                                        <assignee username="-1">Unassigned</assignee>
                                    <reporter username="guehene">Yann-Ga&#235;l Gu&#233;h&#233;neuc</reporter>
                        <labels>
                    </labels>
                <created>Tue, 19 Apr 2011 03:59:55 +0100</created>
                <updated>Sat, 23 Mar 2013 13:05:14 +0000</updated>
                            <resolved>Tue, 19 Apr 2011 04:02:50 +0100</resolved>
                                    <version>1.5.0</version>
                                                    <component>Swing GUI</component>
                        <due></due>
                            <votes>0</votes>
                                    <watches>0</watches>
                                                                <comments>
                            <comment id="13021389" author="guehene" created="Tue, 19 Apr 2011 04:02:50 +0100"  >&lt;p&gt;Sorry, I just realised the URL is empty.&lt;/p&gt;</comment>
                            <comment id="13097079" author="xjsrst" created="Mon, 5 Sep 2011 10:47:27 +0100"  >&lt;p&gt;Can you tell me how to resolve the problem?Thank you very much.&lt;/p&gt;</comment>
                    </comments>
                    <attachments>
                    </attachments>
                <subtasks>
                    </subtasks>
                <customfields>
                                                <customfield id="customfield_12310310" key="com.atlassian.jira.toolkit:attachments">
                        <customfieldname>Attachment count</customfieldname>
                        <customfieldvalues>
                            <customfieldvalue>0.0</customfieldvalue>
                        </customfieldvalues>
                    </customfield>
                                                                                            <customfield id="customfield_12310220" key="com.atlassian.jira.ext.charting:firstresponsedate">
                        <customfieldname>Date of First Response</customfieldname>
                        <customfieldvalues>
                            <customfieldvalue>Mon, 5 Sep 2011 09:47:27 +0000</customfieldvalue>

                        </customfieldvalues>
                    </customfield>
                                                                                                                                                    <customfield id="customfield_12310420" key="com.pyxis.greenhopper.jira:gh-global-rank">
                        <customfieldname>Global Rank</customfieldname>
                        <customfieldvalues>
                            <customfieldvalue>62707</customfieldvalue>
                        </customfieldvalues>
                    </customfield>
                                                                <customfield id="customfield_12310920" key="com.pyxis.greenhopper.jira:gh-global-rank">
                        <customfieldname>Rank</customfieldname>
                        <customfieldvalues>
                            <customfieldvalue>204439</customfieldvalue>
                        </customfieldvalues>
                    </customfield>
                                                                                                                        <customfield id="customfield_12310222" key="com.atlassian.jira.ext.charting:timeinstatus">
                        <customfieldname>Time in Status</customfieldname>
                        <customfieldvalues>
                            
                        </customfieldvalues>
                    </customfield>
                                    </customfields>
    </item>

<item>
            <title>[PDFBOX-999] Cant compile PDFBOX 1.5  with IKVM</title>
                <link>https://issues.apache.org/jira/browse/PDFBOX-999</link>
                <project id="12310760" key="PDFBOX">PDFBox</project>
                    <description>&lt;p&gt;I just can&apos;t use PDFBOX inside vb.net.  There are classes missing. &lt;br/&gt;
Tryed with 1.5 and 1.6, same erros.&lt;/p&gt;

&lt;p&gt;This is a small part of the console output from ikvm with the errors:&lt;/p&gt;

&lt;p&gt;     &lt;span class=&quot;error&quot;&gt;&amp;#91;exec&amp;#93;&lt;/span&gt; Note IKVMC0001: found main method in class &quot;org.apache.pdfbox.ExtractText&quot;&lt;br/&gt;
     &lt;span class=&quot;error&quot;&gt;&amp;#91;exec&amp;#93;&lt;/span&gt; Warning IKVMC0109: skipping class: &quot;org.apache.pdfbox.ExtractText&quot;&lt;br/&gt;
     &lt;span class=&quot;error&quot;&gt;&amp;#91;exec&amp;#93;&lt;/span&gt;     (class is already available in referenced assembly &quot;pdfbox-1.6.0-SNAPSHOT, Version=0.0.0.0, Culture=neutral, PublicKeyToken=null&quot;)&lt;br/&gt;
     &lt;span class=&quot;error&quot;&gt;&amp;#91;echo&amp;#93;&lt;/span&gt; Building ImportFDF&lt;br/&gt;
     &lt;span class=&quot;error&quot;&gt;&amp;#91;exec&amp;#93;&lt;/span&gt; Note IKVMC0001: found main method in class &quot;org.apache.pdfbox.ImportFDF&quot;&lt;br/&gt;
     &lt;span class=&quot;error&quot;&gt;&amp;#91;exec&amp;#93;&lt;/span&gt; Warning IKVMC0109: skipping class: &quot;org.apache.pdfbox.ImportFDF&quot;&lt;br/&gt;
     &lt;span class=&quot;error&quot;&gt;&amp;#91;exec&amp;#93;&lt;/span&gt;     (class is already available in referenced assembly &quot;pdfbox-1.6.0-SNAPSHOT, Version=0.0.0.0, Culture=neutral, PublicKeyToken=null&quot;)&lt;br/&gt;
     &lt;span class=&quot;error&quot;&gt;&amp;#91;echo&amp;#93;&lt;/span&gt; Building IimportXFDF&lt;br/&gt;
     &lt;span class=&quot;error&quot;&gt;&amp;#91;exec&amp;#93;&lt;/span&gt; Note IKVMC0001: found main method in class &quot;org.apache.pdfbox.ImportXFDF&quot;&lt;br/&gt;
     &lt;span class=&quot;error&quot;&gt;&amp;#91;exec&amp;#93;&lt;/span&gt; Warning IKVMC0109: skipping class: &quot;org.apache.pdfbox.ImportXFDF&quot;&lt;br/&gt;
     &lt;span class=&quot;error&quot;&gt;&amp;#91;exec&amp;#93;&lt;/span&gt;     (class is already available in referenced assembly &quot;pdfbox-1.6.0-SNAPSHOT, Version=0.0.0.0, Culture=neutral, PublicKeyToken=null&quot;)&lt;br/&gt;
     &lt;span class=&quot;error&quot;&gt;&amp;#91;echo&amp;#93;&lt;/span&gt; Building Overlay&lt;br/&gt;
     &lt;span class=&quot;error&quot;&gt;&amp;#91;exec&amp;#93;&lt;/span&gt; Note IKVMC0001: found main method in class &quot;org.apache.pdfbox.Overlay&quot;&lt;br/&gt;
     &lt;span class=&quot;error&quot;&gt;&amp;#91;exec&amp;#93;&lt;/span&gt; Warning IKVMC0109: skipping class: &quot;org.apache.pdfbox.Overlay&quot;&lt;br/&gt;
     &lt;span class=&quot;error&quot;&gt;&amp;#91;exec&amp;#93;&lt;/span&gt;     (class is already available in referenced assembly &quot;pdfbox-1.6.0-SNAPSHOT, Version=0.0.0.0, Culture=neutral, PublicKeyToken=null&quot;)&lt;br/&gt;
     &lt;span class=&quot;error&quot;&gt;&amp;#91;echo&amp;#93;&lt;/span&gt; Building PDFSplit&lt;br/&gt;
     &lt;span class=&quot;error&quot;&gt;&amp;#91;exec&amp;#93;&lt;/span&gt; Note IKVMC0001: found main method in class &quot;org.apache.pdfbox.PDFSplit&quot;&lt;br/&gt;
     &lt;span class=&quot;error&quot;&gt;&amp;#91;exec&amp;#93;&lt;/span&gt; Warning IKVMC0109: skipping class: &quot;org.apache.pdfbox.PDFSplit&quot;&lt;br/&gt;
     &lt;span class=&quot;error&quot;&gt;&amp;#91;exec&amp;#93;&lt;/span&gt;     (class is already available in referenced assembly &quot;pdfbox-1.6.0-SNAPSHOT, Version=0.0.0.0, Culture=neutral, PublicKeyToken=null&quot;)&lt;br/&gt;
     &lt;span class=&quot;error&quot;&gt;&amp;#91;echo&amp;#93;&lt;/span&gt; Building PDFReader&lt;br/&gt;
     &lt;span class=&quot;error&quot;&gt;&amp;#91;exec&amp;#93;&lt;/span&gt; Note IKVMC0001: found main method in class &quot;org.apache.pdfbox.PDFReader&quot;&lt;br/&gt;
     &lt;span class=&quot;error&quot;&gt;&amp;#91;exec&amp;#93;&lt;/span&gt; Warning IKVMC0109: skipping class: &quot;org.apache.pdfbox.PDFReader&quot;&lt;br/&gt;
     &lt;span class=&quot;error&quot;&gt;&amp;#91;exec&amp;#93;&lt;/span&gt;     (class is already available in referenced assembly &quot;pdfbox-1.6.0-SNAPSHOT, Version=0.0.0.0, Culture=neutral, PublicKeyToken=null&quot;)&lt;/p&gt;</description>
                <environment>Windows xp, Ant 1.8.2</environment>
        <key id="12504676">PDFBOX-999</key>
            <summary>Cant compile PDFBOX 1.5  with IKVM</summary>
                <type id="1" iconUrl="https://issues.apache.org/jira/images/icons/issuetypes/bug.png">Bug</type>
                                            <priority id="3" iconUrl="https://issues.apache.org/jira/images/icons/priorities/major.png">Major</priority>
                        <status id="6" iconUrl="https://issues.apache.org/jira/images/icons/statuses/closed.png" description="The issue is considered finished, the resolution is correct. Issues which are closed can be reopened.">Closed</status>
                    <statusCategory id="3" key="done" colorName="green"/>
                                    <resolution id="1">Fixed</resolution>
                                        <assignee username="lehmi">Andreas Lehmk&#252;hler</assignee>
                                    <reporter username="lexmooze">Alex</reporter>
                        <labels>
                    </labels>
                <created>Tue, 19 Apr 2011 17:16:23 +0100</created>
                <updated>Tue, 29 May 2012 17:21:54 +0100</updated>
                            <resolved>Sun, 10 Jul 2011 17:26:41 +0100</resolved>
                                    <version>1.5.0</version>
                                    <fixVersion>1.6.0</fixVersion>
                    <fixVersion>1.7.0</fixVersion>
                                    <component>Text extraction</component>
                        <due></due>
                            <votes>0</votes>
                                    <watches>0</watches>
                                                                <comments>
                            <comment id="13027809" author="joseluis11" created="Mon, 2 May 2011 21:01:33 +0100"  >&lt;p&gt;I was able to compile PDFBox 1.5 with IKVM. &lt;br/&gt;
I used IKVM version 0.46.0.1 &lt;br/&gt;
Apache-Ant version 1.8.2 &lt;br/&gt;
Java version jdk-1_5_0_22 &lt;br/&gt;
on a Windows XP system.&lt;/p&gt;

&lt;p&gt;Any way you can get the total output displayed?&lt;/p&gt;</comment>
                            <comment id="13062589" author="lehmi" created="Sat, 9 Jul 2011 18:26:48 +0100"  >&lt;p&gt;I improved the build.xml concerning the .NET build in revision 1144710.&lt;/p&gt;

&lt;ul class=&quot;alternate&quot; type=&quot;square&quot;&gt;
	&lt;li&gt;optimized usage of the ikvm-dlls&lt;/li&gt;
	&lt;li&gt;added dll creation for icu4j&lt;/li&gt;
	&lt;li&gt;added a build for PDFDebugger.exe&lt;/li&gt;
	&lt;li&gt;added version numbering for pdfbox libs and executables&lt;/li&gt;
&lt;/ul&gt;
</comment>
                            <comment id="13062754" author="lehmi" created="Sun, 10 Jul 2011 17:26:41 +0100"  >&lt;p&gt;After improving the build file I created an unofficial .NET version of the recent 1.6.0 release. It is available at &lt;a href=&quot;http://pdfbox.lehmi.de&quot; class=&quot;external-link&quot; rel=&quot;nofollow&quot;&gt;http://pdfbox.lehmi.de&lt;/a&gt;&lt;/p&gt;</comment>
                    </comments>
                    <attachments>
                    </attachments>
                <subtasks>
                    </subtasks>
                <customfields>
                                                <customfield id="customfield_12310310" key="com.atlassian.jira.toolkit:attachments">
                        <customfieldname>Attachment count</customfieldname>
                        <customfieldvalues>
                            <customfieldvalue>0.0</customfieldvalue>
                        </customfieldvalues>
                    </customfield>
                                                                                            <customfield id="customfield_12310220" key="com.atlassian.jira.ext.charting:firstresponsedate">
                        <customfieldname>Date of First Response</customfieldname>
                        <customfieldvalues>
                            <customfieldvalue>Mon, 2 May 2011 20:01:33 +0000</customfieldvalue>

                        </customfieldvalues>
                    </customfield>
                                                                                                                                                    <customfield id="customfield_12310420" key="com.pyxis.greenhopper.jira:gh-global-rank">
                        <customfieldname>Global Rank</customfieldname>
                        <customfieldvalues>
                            <customfieldvalue>68618</customfieldvalue>
                        </customfieldvalues>
                    </customfield>
                                                                <customfield id="customfield_12310920" key="com.pyxis.greenhopper.jira:gh-global-rank">
                        <customfieldname>Rank</customfieldname>
                        <customfieldvalues>
                            <customfieldvalue>205002</customfieldvalue>
                        </customfieldvalues>
                    </customfield>
                                                                                                                        <customfield id="customfield_12310222" key="com.atlassian.jira.ext.charting:timeinstatus">
                        <customfieldname>Time in Status</customfieldname>
                        <customfieldvalues>
                            
                        </customfieldvalues>
                    </customfield>
                                    </customfields>
    </item>

<item>
            <title>[PDFBOX-1001] TextPosition.getHeight() returns erroneous value for some PDFs</title>
                <link>https://issues.apache.org/jira/browse/PDFBOX-1001</link>
                <project id="12310760" key="PDFBOX">PDFBox</project>
                    <description>&lt;p&gt;For a PDF that worked fine under 1.2.1 the height value returned is negative and the wrong value (i.e. using Math.abs()  won&apos;t fix it).  Other PDFs work fine.&lt;br/&gt;
PDF Debug shows &quot;Creator:Crystal Reports&quot;  and &quot;Producer:PDF-XChange (XCPRO30.DLL v3.30.0064) (Windows 2k)&quot;&lt;br/&gt;
And when examining the &apos;Stream&apos; items, the text is not what displays.&lt;/p&gt;

&lt;p&gt;Any suggestions on what to look for so that I can do differential analysis against other PDFs to see what they do/not have in common with this one?&lt;br/&gt;
(It&apos;s client data so I can&apos;t post the PDF. )&lt;/p&gt;

&lt;p&gt;It&apos;s stopping us from moving off 1.2.1  (and later versions fix another issue we have of seeing question marks instead of the actual characters).&lt;/p&gt;</description>
                <environment>Solaris, WinXP</environment>
        <key id="12505068">PDFBOX-1001</key>
            <summary>TextPosition.getHeight() returns erroneous value for some PDFs</summary>
                <type id="1" iconUrl="https://issues.apache.org/jira/images/icons/issuetypes/bug.png">Bug</type>
                                            <priority id="3" iconUrl="https://issues.apache.org/jira/images/icons/priorities/major.png">Major</priority>
                        <status id="6" iconUrl="https://issues.apache.org/jira/images/icons/statuses/closed.png" description="The issue is considered finished, the resolution is correct. Issues which are closed can be reopened.">Closed</status>
                    <statusCategory id="3" key="done" colorName="green"/>
                                    <resolution id="1">Fixed</resolution>
                                        <assignee username="lehmi">Andreas Lehmk&#252;hler</assignee>
                                    <reporter username="algorithmics">Emil Wacker</reporter>
                        <labels>
                    </labels>
                <created>Sun, 24 Apr 2011 05:42:35 +0100</created>
                <updated>Tue, 29 May 2012 17:21:50 +0100</updated>
                            <resolved>Tue, 30 Aug 2011 18:29:35 +0100</resolved>
                                    <version>1.4.0</version>
                    <version>1.5.0</version>
                                    <fixVersion>1.7.0</fixVersion>
                                    <component>Text extraction</component>
                        <due></due>
                            <votes>0</votes>
                                    <watches>0</watches>
                                                                <comments>
                            <comment id="13025040" author="algorithmics" created="Tue, 26 Apr 2011 04:24:30 +0100"  >&lt;p&gt;I did some analysis on a set of PDFs and ruled out the following as the cause: creator/producer, Font subtype (e.g. Type1 vs TrueType), Font firstChar != 32.&lt;br/&gt;
Also not a factor is whether or not Debug shows readable text on the &quot;Tj&quot; lines in the stream items.&lt;/p&gt;</comment>
                            <comment id="13037256" author="algorithmics" created="Sat, 21 May 2011 04:22:36 +0100"  >&lt;p&gt;made this fix and now get the same reasonable values seen with 1.2.1 &lt;/p&gt;

&lt;p&gt;org.apache.pdfbox.util.PDFStreamEngine (from version 1.5.0)&lt;br/&gt;
line 492  (just prior to call to processTextPosition)&lt;/p&gt;

&lt;p&gt;old:&lt;br/&gt;
            float totalVerticalDisplacementDisp = maxVerticalDisplacementText * fontSizeText * textMatrix.getYScale();&lt;/p&gt;

&lt;p&gt;new:&lt;br/&gt;
            float totalVerticalDisplacementDisp = maxVerticalDisplacementText * fontSizeText * textXctm.getYScale(); &lt;/p&gt;
</comment>
                            <comment id="13055684" author="lehmi" created="Mon, 27 Jun 2011 18:52:52 +0100"  >&lt;p&gt;I can&apos;t reproduce the issue. Can you provide us with a sample pdf?&lt;/p&gt;</comment>
                            <comment id="13056196" author="algorithmics" created="Tue, 28 Jun 2011 00:26:48 +0100"  >&lt;p&gt;As mentioned in the initial description, it&apos;s client proprietary data, so can&apos;t be posted. If you need any other information about the file I&apos;ll try to oblige. &lt;br/&gt;
I was unable to isolate a specific thing that made that PDF have the issue when others did not. &lt;/p&gt;

&lt;p&gt;I would like to hear your opinion/analysis of my fix.&lt;/p&gt;</comment>
                            <comment id="13059335" author="lehmi" created="Mon, 4 Jul 2011 07:47:37 +0100"  >&lt;p&gt;Sorry, I missed the comment about the privacy of the pdf in question.&lt;/p&gt;

&lt;p&gt;I guess the main problem is, that in most cases the vertical displacement is not the same as the font height. These values are just mixed up. We have to add a separate value for the height, which should take the font height (from the font itself) and the different scaling factors into account.&lt;/p&gt;</comment>
                            <comment id="13085623" author="bpreindl" created="Tue, 16 Aug 2011 11:18:29 +0100"  >&lt;p&gt;Andreas Lehmk&#252;hler asked me to upload an example PDF for the bug described. You find it attached.&lt;/p&gt;</comment>
                            <comment id="13093923" author="lehmi" created="Tue, 30 Aug 2011 18:29:35 +0100"  >&lt;p&gt;I fixed the calculation in revision 1163297 as proposed by Emil.&lt;/p&gt;

&lt;p&gt;Thanks for the patch and the example!&lt;/p&gt;</comment>
                    </comments>
                    <attachments>
                            <attachment id="12490517" name="dreher.pdf" size="399011" author="bpreindl" created="Tue, 16 Aug 2011 11:18:29 +0100"/>
                    </attachments>
                <subtasks>
                    </subtasks>
                <customfields>
                                                <customfield id="customfield_12310310" key="com.atlassian.jira.toolkit:attachments">
                        <customfieldname>Attachment count</customfieldname>
                        <customfieldvalues>
                            <customfieldvalue>1.0</customfieldvalue>
                        </customfieldvalues>
                    </customfield>
                                                                                            <customfield id="customfield_12310220" key="com.atlassian.jira.ext.charting:firstresponsedate">
                        <customfieldname>Date of First Response</customfieldname>
                        <customfieldvalues>
                            <customfieldvalue>Mon, 27 Jun 2011 17:52:52 +0000</customfieldvalue>

                        </customfieldvalues>
                    </customfield>
                                                                                                                                                    <customfield id="customfield_12310420" key="com.pyxis.greenhopper.jira:gh-global-rank">
                        <customfieldname>Global Rank</customfieldname>
                        <customfieldvalues>
                            <customfieldvalue>63098</customfieldvalue>
                        </customfieldvalues>
                    </customfield>
                                                                <customfield id="customfield_12310920" key="com.pyxis.greenhopper.jira:gh-global-rank">
                        <customfieldname>Rank</customfieldname>
                        <customfieldvalues>
                            <customfieldvalue>204978</customfieldvalue>
                        </customfieldvalues>
                    </customfield>
                                                                                                                        <customfield id="customfield_12310222" key="com.atlassian.jira.ext.charting:timeinstatus">
                        <customfieldname>Time in Status</customfieldname>
                        <customfieldvalues>
                            
                        </customfieldvalues>
                    </customfield>
                                    </customfields>
    </item>

<item>
            <title>[PDFBOX-1002] Form field not rendered after being processed by pdfbox-1.1.0, wrong position of same field in pdfbox-1.5.0</title>
                <link>https://issues.apache.org/jira/browse/PDFBOX-1002</link>
                <project id="12310760" key="PDFBOX">PDFBox</project>
                    <description>&lt;p&gt;I have a pdf form that was created with Adobe Acrobat 7.0 Professional. I feed the pdf into pdfbox and write it out again with&lt;/p&gt;

&lt;p&gt;document= PDDocument.load(pdf);&lt;br/&gt;
document.save(pdf.getCanonicalPath());&lt;/p&gt;

&lt;p&gt;I realized that a recently added form field within the pdf is not visible when I use pdfbox-1.1.0. When I use the current pdfbox-1.5.0, the field is visible, but has an incorrect position. The three pdf attachments illustrate the behavior.&lt;br/&gt;
Interestingly, pdfbox handles the pdf correctly, once I save the original pdf under a new file name. The &quot;save as...&quot; function in Acrobat Professional seems to perform some kind of compacting / clean-up within the pdf, which is also reflected by a smaller file size.&lt;/p&gt;

&lt;p&gt;Thanks &lt;/p&gt;</description>
                <environment></environment>
        <key id="12505187">PDFBOX-1002</key>
            <summary>Form field not rendered after being processed by pdfbox-1.1.0, wrong position of same field in pdfbox-1.5.0</summary>
                <type id="1" iconUrl="https://issues.apache.org/jira/images/icons/issuetypes/bug.png">Bug</type>
                                            <priority id="3" iconUrl="https://issues.apache.org/jira/images/icons/priorities/major.png">Major</priority>
                        <status id="1" iconUrl="https://issues.apache.org/jira/images/icons/statuses/open.png" description="The issue is open and ready for the assignee to start work on it.">Open</status>
                    <statusCategory id="2" key="new" colorName="blue-gray"/>
                                    <resolution id="-1">Unresolved</resolution>
                                        <assignee username="-1">Unassigned</assignee>
                                    <reporter username="remo.marti">Remo Marti</reporter>
                        <labels>
                    </labels>
                <created>Tue, 26 Apr 2011 13:33:17 +0100</created>
                <updated>Sat, 8 Feb 2014 19:06:36 +0000</updated>
                                            <version>1.5.0</version>
                                                    <component>AcroForm</component>
                        <due></due>
                            <votes>0</votes>
                                    <watches>1</watches>
                                                                <comments>
                            <comment id="13025193" author="remo.marti" created="Tue, 26 Apr 2011 13:34:13 +0100"  >&lt;p&gt;Original (non-compacted) PDF file&lt;/p&gt;</comment>
                            <comment id="13025195" author="remo.marti" created="Tue, 26 Apr 2011 13:35:00 +0100"  >&lt;p&gt;PDF processed with pdfbox 1.1.0&lt;/p&gt;</comment>
                            <comment id="13025196" author="remo.marti" created="Tue, 26 Apr 2011 13:35:15 +0100"  >&lt;p&gt;PDF processed with pdfbox 1.5.0&lt;/p&gt;</comment>
                    </comments>
                    <attachments>
                            <attachment id="12477403" name="original.pdf" size="87182" author="remo.marti" created="Tue, 26 Apr 2011 13:34:13 +0100"/>
                            <attachment id="12477404" name="saved with pdfbox 1-1-0.pdf" size="120268" author="remo.marti" created="Tue, 26 Apr 2011 13:35:00 +0100"/>
                            <attachment id="12477405" name="saved with pdfbox-1-5-0.pdf" size="114949" author="remo.marti" created="Tue, 26 Apr 2011 13:35:15 +0100"/>
                    </attachments>
                <subtasks>
                    </subtasks>
                <customfields>
                                                <customfield id="customfield_12310310" key="com.atlassian.jira.toolkit:attachments">
                        <customfieldname>Attachment count</customfieldname>
                        <customfieldvalues>
                            <customfieldvalue>3.0</customfieldvalue>
                        </customfieldvalues>
                    </customfield>
                                                                                                                                                                                                            <customfield id="customfield_12310420" key="com.pyxis.greenhopper.jira:gh-global-rank">
                        <customfieldname>Global Rank</customfieldname>
                        <customfieldvalues>
                            <customfieldvalue>85073</customfieldvalue>
                        </customfieldvalues>
                    </customfield>
                                                                <customfield id="customfield_12310920" key="com.pyxis.greenhopper.jira:gh-global-rank">
                        <customfieldname>Rank</customfieldname>
                        <customfieldvalues>
                            <customfieldvalue>236183</customfieldvalue>
                        </customfieldvalues>
                    </customfield>
                                                                                                                        </customfields>
    </item>

<item>
            <title>[PDFBOX-1003] Incorrect width calculation for form fields that do not scroll</title>
                <link>https://issues.apache.org/jira/browse/PDFBOX-1003</link>
                <project id="12310760" key="PDFBOX">PDFBox</project>
                    <description>&lt;p&gt;When a form field is marked non scrollable, current implementation does not work. There appears to be unfinished code that in the end does not set the font size.&lt;/p&gt;</description>
                <environment></environment>
        <key id="12505262">PDFBOX-1003</key>
            <summary>Incorrect width calculation for form fields that do not scroll</summary>
                <type id="1" iconUrl="https://issues.apache.org/jira/images/icons/issuetypes/bug.png">Bug</type>
                                            <priority id="3" iconUrl="https://issues.apache.org/jira/images/icons/priorities/major.png">Major</priority>
                        <status id="6" iconUrl="https://issues.apache.org/jira/images/icons/statuses/closed.png" description="The issue is considered finished, the resolution is correct. Issues which are closed can be reopened.">Closed</status>
                    <statusCategory id="3" key="done" colorName="green"/>
                                    <resolution id="3">Duplicate</resolution>
                                        <assignee username="lehmi">Andreas Lehmk&#252;hler</assignee>
                                    <reporter username="arykov">Alex Rykov</reporter>
                        <labels>
                    </labels>
                <created>Wed, 27 Apr 2011 02:48:36 +0100</created>
                <updated>Sat, 23 Mar 2013 13:05:16 +0000</updated>
                            <resolved>Wed, 27 Apr 2011 06:34:57 +0100</resolved>
                                    <version>1.5.0</version>
                    <version>1.6.0</version>
                                                    <component>AcroForm</component>
                        <due></due>
                            <votes>0</votes>
                                    <watches>0</watches>
                                                                <comments>
                            <comment id="13025618" author="lehmi" created="Wed, 27 Apr 2011 06:34:57 +0100"  >&lt;p&gt;Is duplicated by &lt;a href=&quot;https://issues.apache.org/jira/browse/PDFBOX-1004&quot; title=&quot;Incorrect width calculation for form fields that do not scroll&quot; class=&quot;issue-link&quot; data-issue-key=&quot;PDFBOX-1004&quot;&gt;&lt;del&gt;PDFBOX-1004&lt;/del&gt;&lt;/a&gt;&lt;/p&gt;</comment>
                    </comments>
                    <attachments>
                    </attachments>
                <subtasks>
                    </subtasks>
                <customfields>
                                                <customfield id="customfield_12310310" key="com.atlassian.jira.toolkit:attachments">
                        <customfieldname>Attachment count</customfieldname>
                        <customfieldvalues>
                            <customfieldvalue>0.0</customfieldvalue>
                        </customfieldvalues>
                    </customfield>
                                                                                            <customfield id="customfield_12310220" key="com.atlassian.jira.ext.charting:firstresponsedate">
                        <customfieldname>Date of First Response</customfieldname>
                        <customfieldvalues>
                            <customfieldvalue>Wed, 27 Apr 2011 05:34:57 +0000</customfieldvalue>

                        </customfieldvalues>
                    </customfield>
                                                                                                                                                    <customfield id="customfield_12310420" key="com.pyxis.greenhopper.jira:gh-global-rank">
                        <customfieldname>Global Rank</customfieldname>
                        <customfieldvalues>
                            <customfieldvalue>163597</customfieldvalue>
                        </customfieldvalues>
                    </customfield>
                                                                <customfield id="customfield_12310920" key="com.pyxis.greenhopper.jira:gh-global-rank">
                        <customfieldname>Rank</customfieldname>
                        <customfieldvalues>
                            <customfieldvalue>204417</customfieldvalue>
                        </customfieldvalues>
                    </customfield>
                                                                                                                        <customfield id="customfield_12310222" key="com.atlassian.jira.ext.charting:timeinstatus">
                        <customfieldname>Time in Status</customfieldname>
                        <customfieldvalues>
                            
                        </customfieldvalues>
                    </customfield>
                                    </customfields>
    </item>

<item>
            <title>[PDFBOX-1004] Incorrect width calculation for form fields that do not scroll</title>
                <link>https://issues.apache.org/jira/browse/PDFBOX-1004</link>
                <project id="12310760" key="PDFBOX">PDFBox</project>
                    <description>&lt;p&gt;When a form field is marked non scrollable, current implementation does not work. There appears to be unfinished code that in the end does not set the font size.&lt;/p&gt;</description>
                <environment></environment>
        <key id="12505263">PDFBOX-1004</key>
            <summary>Incorrect width calculation for form fields that do not scroll</summary>
                <type id="1" iconUrl="https://issues.apache.org/jira/images/icons/issuetypes/bug.png">Bug</type>
                                            <priority id="3" iconUrl="https://issues.apache.org/jira/images/icons/priorities/major.png">Major</priority>
                        <status id="6" iconUrl="https://issues.apache.org/jira/images/icons/statuses/closed.png" description="The issue is considered finished, the resolution is correct. Issues which are closed can be reopened.">Closed</status>
                    <statusCategory id="3" key="done" colorName="green"/>
                                    <resolution id="1">Fixed</resolution>
                                        <assignee username="lehmi">Andreas Lehmk&#252;hler</assignee>
                                    <reporter username="arykov">Alex Rykov</reporter>
                        <labels>
                    </labels>
                <created>Wed, 27 Apr 2011 02:49:17 +0100</created>
                <updated>Sat, 2 Jul 2011 17:29:01 +0100</updated>
                            <resolved>Thu, 9 Jun 2011 10:45:22 +0100</resolved>
                                                    <fixVersion>1.6.0</fixVersion>
                                    <component>PDModel</component>
                        <due></due>
                            <votes>0</votes>
                                    <watches>1</watches>
                                                                <comments>
                            <comment id="13025554" author="arykov" created="Wed, 27 Apr 2011 02:51:19 +0100"  >&lt;p&gt;Proposed fix is attached.&lt;/p&gt;</comment>
                            <comment id="13046432" author="lehmi" created="Thu, 9 Jun 2011 10:44:18 +0100"  >&lt;p&gt;I added the fix as proposed in revidion 1133751.&lt;/p&gt;

&lt;p&gt;Please use the diff format for future patches as it is easier to apply them to the existing code.&lt;/p&gt;

&lt;p&gt;Thanks for the contribution!&lt;/p&gt;</comment>
                    </comments>
                    <attachments>
                            <attachment id="12477468" name="PDAppearance.java" size="25086" author="arykov" created="Wed, 27 Apr 2011 02:51:19 +0100"/>
                    </attachments>
                <subtasks>
                    </subtasks>
                <customfields>
                                                <customfield id="customfield_12310310" key="com.atlassian.jira.toolkit:attachments">
                        <customfieldname>Attachment count</customfieldname>
                        <customfieldvalues>
                            <customfieldvalue>1.0</customfieldvalue>
                        </customfieldvalues>
                    </customfield>
                                                                                            <customfield id="customfield_12310220" key="com.atlassian.jira.ext.charting:firstresponsedate">
                        <customfieldname>Date of First Response</customfieldname>
                        <customfieldvalues>
                            <customfieldvalue>Thu, 9 Jun 2011 09:44:18 +0000</customfieldvalue>

                        </customfieldvalues>
                    </customfield>
                                                                                                                                                    <customfield id="customfield_12310420" key="com.pyxis.greenhopper.jira:gh-global-rank">
                        <customfieldname>Global Rank</customfieldname>
                        <customfieldvalues>
                            <customfieldvalue>69398</customfieldvalue>
                        </customfieldvalues>
                    </customfield>
                                                                <customfield id="customfield_12310920" key="com.pyxis.greenhopper.jira:gh-global-rank">
                        <customfieldname>Rank</customfieldname>
                        <customfieldvalues>
                            <customfieldvalue>205289</customfieldvalue>
                        </customfieldvalues>
                    </customfield>
                                                                                                                        <customfield id="customfield_12310222" key="com.atlassian.jira.ext.charting:timeinstatus">
                        <customfieldname>Time in Status</customfieldname>
                        <customfieldvalues>
                            
                        </customfieldvalues>
                    </customfield>
                                    </customfields>
    </item>
</channel>
</rss>
