<!--
RSS generated by JIRA (6.2#6252-sha1:aa343257d4ce030d9cb8c531be520be9fac1c996) at Tue Jun 03 18:04:56 UTC 2014

It is possible to restrict the fields that are returned in this document by specifying the 'field' parameter in your request.
For example, to request only the issue key and summary add field=key&field=summary to the URL of your request.
For example:
https://issues.apache.org/jira/sr/jira.issueviews:searchrequest-xml/temp/SearchRequest.xml?jqlQuery=project+%3D+PDFBOX+AND+issuetype+%3D+Bug+AND+created+%3E%3D+2011-9-1+AND+created+%3C%3D+2011-10-1+ORDER+BY+key+ASC&tempMax=100&field=key&field=summary
-->
<!-- If you wish to do custom client-side styling of RSS, uncomment this:
<?xml-stylesheet href="https://issues.apache.org/jira/styles/jiraxml2html.xsl" type="text/xsl"?>
-->
<rss version="0.92">
    <channel>
        <title>ASF JIRA</title>
        <link>https://issues.apache.org/jira/secure/IssueNavigator.jspa?reset=true&amp;jqlQuery=project+%3D+PDFBOX+AND+issuetype+%3D+Bug+AND+created+%3E%3D+2011-9-1+AND+created+%3C%3D+2011-10-1+ORDER+BY+key+ASC</link>
        <description>An XML representation of a search request</description>
                <language>en-uk</language>
                        <issue start="0" end="11" total="11"/>
                <build-info>
            <version>6.2</version>
            <build-number>6252</build-number>
            <build-date>19-02-2014</build-date>
        </build-info>
<item>
            <title>[PDFBOX-1113] Pdfbox ReplaceString works but the result is unreadable</title>
                <link>https://issues.apache.org/jira/browse/PDFBOX-1113</link>
                <project id="12310760" key="PDFBOX">PDFBox</project>
                    <description>&lt;p&gt;with a PDF document containing text like this:&lt;br/&gt;
TEST:	&#171;TEST0123&#187;&lt;br/&gt;
TEST BOLD:	&#171;TEST0123&#187;&lt;br/&gt;
TEST:	&#171;TEST012345678901234567890&#187;&lt;/p&gt;

&lt;p&gt;used the following test code&lt;/p&gt;

&lt;p&gt;frist problem :&lt;br/&gt;
the &quot;ABCDEF&quot; ist not show in the PDF. ( Will try to attach the PDF)&lt;/p&gt;

&lt;p&gt;second:&lt;br/&gt;
the &#171;TEST012345678901234567890&#187; isn&apos;t replaced at all ( not critical...)&lt;/p&gt;

&lt;p&gt;###############################################&lt;br/&gt;
import junit.framework.TestCase;&lt;br/&gt;
import org.apache.log4j.Logger;&lt;br/&gt;
import org.apache.pdfbox.examples.pdmodel.ReplaceString;&lt;/p&gt;

&lt;p&gt;public class testPdfReplaceTest extends TestCase  {&lt;/p&gt;

&lt;p&gt;	final Logger log = Logger.getLogger( this.getClass() );&lt;br/&gt;
	public void testPdfMod() throws Exception&lt;/p&gt;
	{

		String in = &quot;test/TEST.pdf&quot;;
		
		ReplaceString x;
		
		ReplaceString r = new ReplaceString();
						
		r.doIt(in, &quot;tmp/ok1.pdf&quot;, &quot;&#171;TEST0123&#187;&quot;, &quot;TEST0123&quot;);   // OK
	
		r.doIt(in, &quot;tmp/fail1.pdf&quot;, &quot;&#171;TEST0123&#187;&quot;, &quot;ABCDEFG&quot;);   // FAILES SCRAMBELD
		r.doIt(in, &quot;tmp/fail2.pdf&quot;, &quot;&#171;TEST012345678901234567890&#187;&quot;, &quot;TEST0123&quot;);   // FAILES, string not replaced
		
		
	}
&lt;p&gt;}&lt;/p&gt;

&lt;p&gt;##################################&lt;/p&gt;</description>
                <environment>Windows, Eclips 3.5, Adobe Reader 9</environment>
        <key id="12521279">PDFBOX-1113</key>
            <summary>Pdfbox ReplaceString works but the result is unreadable</summary>
                <type id="1" iconUrl="https://issues.apache.org/jira/images/icons/issuetypes/bug.png">Bug</type>
                                            <priority id="3" iconUrl="https://issues.apache.org/jira/images/icons/priorities/major.png">Major</priority>
                        <status id="6" iconUrl="https://issues.apache.org/jira/images/icons/statuses/closed.png" description="The issue is considered finished, the resolution is correct. Issues which are closed can be reopened.">Closed</status>
                    <statusCategory id="3" key="done" colorName="green"/>
                                    <resolution id="9">Unresolved</resolution>
                                        <assignee username="-1">Unassigned</assignee>
                                    <reporter username="andreas_der_grosse">Andreas M&#252;nzenmaier</reporter>
                        <labels>
                    </labels>
                <created>Sat, 3 Sep 2011 14:16:45 +0100</created>
                <updated>Sun, 9 Feb 2014 21:42:01 +0000</updated>
                            <resolved>Sun, 9 Feb 2014 21:41:42 +0000</resolved>
                                    <version>1.4.0</version>
                    <version>1.5.0</version>
                    <version>1.6.0</version>
                                                    <component>FontBox</component>
                    <component>PDModel</component>
                        <due></due>
                            <votes>0</votes>
                                    <watches>1</watches>
                                    <timeoriginalestimate seconds="7200">2h</timeoriginalestimate>
                            <timeestimate seconds="7200">2h</timeestimate>
                                        <comments>
                            <comment id="13096657" author="andreas_der_grosse" created="Sat, 3 Sep 2011 14:19:05 +0100"  >&lt;p&gt;input sample file&lt;/p&gt;</comment>
                            <comment id="13096658" author="andreas_der_grosse" created="Sat, 3 Sep 2011 14:19:21 +0100"  >&lt;p&gt;sample code&lt;/p&gt;</comment>
                            <comment id="13096659" author="andreas_der_grosse" created="Sat, 3 Sep 2011 14:19:42 +0100"  >&lt;p&gt;the unreadable fonts&lt;/p&gt;</comment>
                            <comment id="13096660" author="andreas_der_grosse" created="Sat, 3 Sep 2011 14:19:58 +0100"  >&lt;p&gt;the file that is ok&lt;/p&gt;</comment>
                            <comment id="13896062" author="jahewson" created="Sun, 9 Feb 2014 21:42:01 +0000"  >&lt;p&gt;ReplaceString was removed some time ago.&lt;/p&gt;</comment>
                    </comments>
                    <attachments>
                            <attachment id="12492895" name="TEST.pdf" size="88274" author="andreas_der_grosse" created="Sat, 3 Sep 2011 14:19:05 +0100"/>
                            <attachment id="12492897" name="fail1.pdf" size="89369" author="andreas_der_grosse" created="Sat, 3 Sep 2011 14:19:42 +0100"/>
                            <attachment id="12492898" name="ok1.pdf" size="89371" author="andreas_der_grosse" created="Sat, 3 Sep 2011 14:19:58 +0100"/>
                            <attachment id="12492896" name="sample.java" size="723" author="andreas_der_grosse" created="Sat, 3 Sep 2011 14:19:21 +0100"/>
                    </attachments>
                <subtasks>
                    </subtasks>
                <customfields>
                                                <customfield id="customfield_12310310" key="com.atlassian.jira.toolkit:attachments">
                        <customfieldname>Attachment count</customfieldname>
                        <customfieldvalues>
                            <customfieldvalue>4.0</customfieldvalue>
                        </customfieldvalues>
                    </customfield>
                                                                                            <customfield id="customfield_12310220" key="com.atlassian.jira.ext.charting:firstresponsedate">
                        <customfieldname>Date of First Response</customfieldname>
                        <customfieldvalues>
                            <customfieldvalue>Sun, 9 Feb 2014 21:42:01 +0000</customfieldvalue>

                        </customfieldvalues>
                    </customfield>
                                                                                                                                                    <customfield id="customfield_12310420" key="com.pyxis.greenhopper.jira:gh-global-rank">
                        <customfieldname>Global Rank</customfieldname>
                        <customfieldvalues>
                            <customfieldvalue>2790</customfieldvalue>
                        </customfieldvalues>
                    </customfield>
                                                                <customfield id="customfield_12310920" key="com.pyxis.greenhopper.jira:gh-global-rank">
                        <customfieldname>Rank</customfieldname>
                        <customfieldvalues>
                            <customfieldvalue>236141</customfieldvalue>
                        </customfieldvalues>
                    </customfield>
                                                                                                                        <customfield id="customfield_12310222" key="com.atlassian.jira.ext.charting:timeinstatus">
                        <customfieldname>Time in Status</customfieldname>
                        <customfieldvalues>
                            
                        </customfieldvalues>
                    </customfield>
                                    </customfields>
    </item>

<item>
            <title>[PDFBOX-1115] Control on Font MetaData failed</title>
                <link>https://issues.apache.org/jira/browse/PDFBOX-1115</link>
                <project id="12310760" key="PDFBOX">PDFBox</project>
                    <description>&lt;p&gt;Currently, the validation of the Font MetaData is too restrictive.&lt;br/&gt;
Preflight should only check the FontName consistency with the dc:title and the value of xmpRights:Marked.&lt;/p&gt;</description>
                <environment></environment>
        <key id="12521476">PDFBOX-1115</key>
            <summary>Control on Font MetaData failed</summary>
                <type id="1" iconUrl="https://issues.apache.org/jira/images/icons/issuetypes/bug.png">Bug</type>
                                            <priority id="4" iconUrl="https://issues.apache.org/jira/images/icons/priorities/minor.png">Minor</priority>
                        <status id="6" iconUrl="https://issues.apache.org/jira/images/icons/statuses/closed.png" description="The issue is considered finished, the resolution is correct. Issues which are closed can be reopened.">Closed</status>
                    <statusCategory id="3" key="done" colorName="green"/>
                                    <resolution id="1">Fixed</resolution>
                                        <assignee username="leleueri">Eric Leleu</assignee>
                                    <reporter username="leleueri">Eric Leleu</reporter>
                        <labels>
                    </labels>
                <created>Tue, 6 Sep 2011 18:29:06 +0100</created>
                <updated>Sun, 24 Mar 2013 14:44:12 +0000</updated>
                            <resolved>Tue, 6 Sep 2011 18:42:02 +0100</resolved>
                                    <version>1.7.0</version>
                                    <fixVersion>1.7.0</fixVersion>
                                    <component>Preflight</component>
                        <due></due>
                            <votes>0</votes>
                                    <watches>0</watches>
                                                                <comments>
                            <comment id="13098201" author="leleueri" created="Tue, 6 Sep 2011 18:42:02 +0100"  >&lt;p&gt;done&lt;/p&gt;</comment>
                    </comments>
                    <attachments>
                    </attachments>
                <subtasks>
                    </subtasks>
                <customfields>
                                                <customfield id="customfield_12310310" key="com.atlassian.jira.toolkit:attachments">
                        <customfieldname>Attachment count</customfieldname>
                        <customfieldvalues>
                            <customfieldvalue>0.0</customfieldvalue>
                        </customfieldvalues>
                    </customfield>
                                                                                                                                                                                                            <customfield id="customfield_12310420" key="com.pyxis.greenhopper.jira:gh-global-rank">
                        <customfieldname>Global Rank</customfieldname>
                        <customfieldvalues>
                            <customfieldvalue>2788</customfieldvalue>
                        </customfieldvalues>
                    </customfield>
                                                                <customfield id="customfield_12310920" key="com.pyxis.greenhopper.jira:gh-global-rank">
                        <customfieldname>Rank</customfieldname>
                        <customfieldvalues>
                            <customfieldvalue>204350</customfieldvalue>
                        </customfieldvalues>
                    </customfield>
                                                                                                                        <customfield id="customfield_12310222" key="com.atlassian.jira.ext.charting:timeinstatus">
                        <customfieldname>Time in Status</customfieldname>
                        <customfieldvalues>
                            
                        </customfieldvalues>
                    </customfield>
                                    </customfields>
    </item>

<item>
            <title>[PDFBOX-1116] Wrong colors with test file</title>
                <link>https://issues.apache.org/jira/browse/PDFBOX-1116</link>
                <project id="12310760" key="PDFBOX">PDFBox</project>
                    <description>&lt;p&gt;The colors of the attached PDF are wrong when rendered with pdfbox 1.6.&lt;/p&gt;

&lt;p&gt;As a sitenote, on a Windows 2000 system I do not have access to regularly, the text was completely messed up, too. I could not reproduce this on Windows Vista, though.&lt;/p&gt;

&lt;p&gt;For completeness&apos;s sake, this is the code used to render the image:&lt;br/&gt;
            PDDocument doc=PDDocument.load(file);&lt;br/&gt;
            try&lt;/p&gt;
            {
                @SuppressWarnings(&quot;unchecked&quot;)
                List&amp;lt;PDPage&amp;gt; pages=doc.getDocumentCatalog().getAllPages();

                return pages.get(0).convertToImage();
            }
&lt;p&gt;            finally&lt;/p&gt;
            {
                doc.close();
            }</description>
                <environment>Windows, JDK 1.6.0/27</environment>
        <key id="12522233">PDFBOX-1116</key>
            <summary>Wrong colors with test file</summary>
                <type id="1" iconUrl="https://issues.apache.org/jira/images/icons/issuetypes/bug.png">Bug</type>
                                            <priority id="3" iconUrl="https://issues.apache.org/jira/images/icons/priorities/major.png">Major</priority>
                        <status id="6" iconUrl="https://issues.apache.org/jira/images/icons/statuses/closed.png" description="The issue is considered finished, the resolution is correct. Issues which are closed can be reopened.">Closed</status>
                    <statusCategory id="3" key="done" colorName="green"/>
                                    <resolution id="1">Fixed</resolution>
                                        <assignee username="lehmi">Andreas Lehmk&#252;hler</assignee>
                                    <reporter username="axeld">Axel D&#246;rfler</reporter>
                        <labels>
                            <label>FunctionType4</label>
                    </labels>
                <created>Thu, 8 Sep 2011 10:25:25 +0100</created>
                <updated>Tue, 29 May 2012 17:21:53 +0100</updated>
                            <resolved>Mon, 24 Oct 2011 20:25:04 +0100</resolved>
                                    <version>1.6.0</version>
                                    <fixVersion>1.7.0</fixVersion>
                                        <due></due>
                            <votes>0</votes>
                                    <watches>0</watches>
                                                                <comments>
                            <comment id="13100178" author="axeld" created="Thu, 8 Sep 2011 10:27:40 +0100"  >&lt;p&gt;Problematic PDF&lt;/p&gt;</comment>
                            <comment id="13100180" author="axeld" created="Thu, 8 Sep 2011 10:34:44 +0100"  >&lt;p&gt;Rendered with pdfbox.&lt;/p&gt;</comment>
                            <comment id="13133661" author="lehmi" created="Sun, 23 Oct 2011 16:01:49 +0100"  >&lt;p&gt;Most of the included pictures are CMYK-based jpegs which can&apos;t be handled correct by JAI. I added a color conversion for such images in revision 1187901.&lt;/p&gt;

&lt;p&gt;There is one issue left on the second page. The first picture in the third row uses a separation colorspace which leads to an inverted picture.&lt;/p&gt;</comment>
                            <comment id="13134385" author="lehmi" created="Mon, 24 Oct 2011 20:25:05 +0100"  >&lt;p&gt;I added a color conversion for jpegs using a separation color space in revision 1188317 so that everything looks fine now.&lt;/p&gt;</comment>
                    </comments>
                    <attachments>
                            <attachment id="12493568" name="Flyer_A4_Zubehoer_10_Prozent_300dpi.jpg" size="11465" author="axeld" created="Thu, 8 Sep 2011 10:34:44 +0100"/>
                            <attachment id="12493566" name="Flyer_A4_Zubehoer_10_Prozent_300dpi.pdf" size="3432443" author="axeld" created="Thu, 8 Sep 2011 10:27:40 +0100"/>
                    </attachments>
                <subtasks>
                    </subtasks>
                <customfields>
                                                <customfield id="customfield_12310310" key="com.atlassian.jira.toolkit:attachments">
                        <customfieldname>Attachment count</customfieldname>
                        <customfieldvalues>
                            <customfieldvalue>2.0</customfieldvalue>
                        </customfieldvalues>
                    </customfield>
                                                                                            <customfield id="customfield_12310220" key="com.atlassian.jira.ext.charting:firstresponsedate">
                        <customfieldname>Date of First Response</customfieldname>
                        <customfieldvalues>
                            <customfieldvalue>Sun, 23 Oct 2011 15:01:49 +0000</customfieldvalue>

                        </customfieldvalues>
                    </customfield>
                                                                                                                                                    <customfield id="customfield_12310420" key="com.pyxis.greenhopper.jira:gh-global-rank">
                        <customfieldname>Global Rank</customfieldname>
                        <customfieldvalues>
                            <customfieldvalue>2787</customfieldvalue>
                        </customfieldvalues>
                    </customfield>
                                                                <customfield id="customfield_12310920" key="com.pyxis.greenhopper.jira:gh-global-rank">
                        <customfieldname>Rank</customfieldname>
                        <customfieldvalues>
                            <customfieldvalue>205055</customfieldvalue>
                        </customfieldvalues>
                    </customfield>
                                                                                                                        <customfield id="customfield_12310222" key="com.atlassian.jira.ext.charting:timeinstatus">
                        <customfieldname>Time in Status</customfieldname>
                        <customfieldvalues>
                            
                        </customfieldvalues>
                    </customfield>
                                    </customfields>
    </item>

<item>
            <title>[PDFBOX-1118] All images in pdf document is not listed/extracted</title>
                <link>https://issues.apache.org/jira/browse/PDFBOX-1118</link>
                <project id="12310760" key="PDFBOX">PDFBox</project>
                    <description>&lt;p&gt;Im using pdfbox to extract all images in a pdf document, but I have found some documents where not all images are exported. Im using the code from org.apache.pdfbox.ExtractImages&lt;br/&gt;
to extract the images.&lt;/p&gt;</description>
                <environment>Mac OS X, 10.6.8</environment>
        <key id="12523152">PDFBOX-1118</key>
            <summary>All images in pdf document is not listed/extracted</summary>
                <type id="1" iconUrl="https://issues.apache.org/jira/images/icons/issuetypes/bug.png">Bug</type>
                                            <priority id="3" iconUrl="https://issues.apache.org/jira/images/icons/priorities/major.png">Major</priority>
                        <status id="6" iconUrl="https://issues.apache.org/jira/images/icons/statuses/closed.png" description="The issue is considered finished, the resolution is correct. Issues which are closed can be reopened.">Closed</status>
                    <statusCategory id="3" key="done" colorName="green"/>
                                    <resolution id="1">Fixed</resolution>
                                        <assignee username="lehmi">Andreas Lehmk&#252;hler</assignee>
                                    <reporter username="phlaidback">Pontus Hulin</reporter>
                        <labels>
                    </labels>
                <created>Thu, 15 Sep 2011 07:27:29 +0100</created>
                <updated>Tue, 29 May 2012 17:21:54 +0100</updated>
                            <resolved>Tue, 20 Sep 2011 18:13:03 +0100</resolved>
                                    <version>1.6.0</version>
                                    <fixVersion>1.7.0</fixVersion>
                                    <component>PDModel</component>
                    <component>Utilities</component>
                        <due></due>
                            <votes>0</votes>
                                    <watches>0</watches>
                                                                <comments>
                            <comment id="13105139" author="phlaidback" created="Thu, 15 Sep 2011 07:28:55 +0100"  >&lt;p&gt;In this file only one image are exported, there should be two&lt;/p&gt;</comment>
                            <comment id="13105540" author="lehmi" created="Thu, 15 Sep 2011 18:42:51 +0100"  >&lt;p&gt;Every things works fine, there is only one image. The attached screenshot shows the content of the XObject-Dictionary, which contains 4 XObjectForm and 1 XObjectImage object.&lt;/p&gt;</comment>
                            <comment id="13107766" author="phlaidback" created="Mon, 19 Sep 2011 13:04:50 +0100"  >&lt;p&gt;Hello Andreas.&lt;br/&gt;
If I export all images from the document in Acrobat, I get two images. &lt;/p&gt;

&lt;p&gt;I have also used icepdf, there im also able to export two images.&lt;/p&gt;

&lt;p&gt;The original document is an InDesign spread, and this page is on the right hand side of the spread. Is that the reason it is not included?&lt;/p&gt;</comment>
                            <comment id="13107768" author="phlaidback" created="Mon, 19 Sep 2011 13:06:12 +0100"  >&lt;p&gt;These files are exported by Actobat 9, Mac os X.&lt;/p&gt;</comment>
                            <comment id="13108835" author="lehmi" created="Tue, 20 Sep 2011 18:13:03 +0100"  >&lt;p&gt;I dug deeper into it and found the second image embedded in a XObjectForm.  I improved ExtractImages in revision 1173259 to export those images too.&lt;/p&gt;</comment>
                            <comment id="13112573" author="phlaidback" created="Thu, 22 Sep 2011 14:43:07 +0100"  >&lt;p&gt;I downloaded the source code for revision 1173259, but I still only get one image. Do I need to rewrite my image extraction code somehow?&lt;/p&gt;</comment>
                            <comment id="13112582" author="lehmi" created="Thu, 22 Sep 2011 14:52:53 +0100"  >&lt;p&gt;All my changes were related to org.apache.pdfbox.ExtractImages. AFAIU your implementation is based on that code, so that you have to make these changes &lt;span class=&quot;error&quot;&gt;&amp;#91;1&amp;#93;&lt;/span&gt; too.&lt;/p&gt;

&lt;p&gt;&lt;span class=&quot;error&quot;&gt;&amp;#91;1&amp;#93;&lt;/span&gt; &lt;a href=&quot;http://svn.apache.org/viewvc/pdfbox/trunk/pdfbox/src/main/java/org/apache/pdfbox/ExtractImages.java?r1=1083894&amp;amp;r2=1173259&quot; class=&quot;external-link&quot; rel=&quot;nofollow&quot;&gt;http://svn.apache.org/viewvc/pdfbox/trunk/pdfbox/src/main/java/org/apache/pdfbox/ExtractImages.java?r1=1083894&amp;amp;r2=1173259&lt;/a&gt;&lt;/p&gt;</comment>
                            <comment id="13112637" author="phlaidback" created="Thu, 22 Sep 2011 16:05:56 +0100"  >&lt;p&gt;Sorry. My Bad. I have now got it running. Thanks for taking the time to help me. I owe you a beer!&lt;br/&gt;
Best regards&lt;br/&gt;
/ Pontus&lt;/p&gt;</comment>
                    </comments>
                    <attachments>
                            <attachment id="12494665" name="PDFBOX1118-debugger.png" size="19455" author="lehmi" created="Thu, 15 Sep 2011 18:42:51 +0100"/>
                            <attachment id="12494573" name="SDT1138-021.pdf" size="4105541" author="phlaidback" created="Thu, 15 Sep 2011 07:28:55 +0100"/>
                            <attachment id="12495051" name="SDT1138-021_Page_1_Image_0001.jpg" size="1229226" author="phlaidback" created="Mon, 19 Sep 2011 13:06:12 +0100"/>
                            <attachment id="12495052" name="SDT1138-021_Page_1_Image_0002.jpg" size="144362" author="phlaidback" created="Mon, 19 Sep 2011 13:06:12 +0100"/>
                    </attachments>
                <subtasks>
                    </subtasks>
                <customfields>
                                                <customfield id="customfield_12310310" key="com.atlassian.jira.toolkit:attachments">
                        <customfieldname>Attachment count</customfieldname>
                        <customfieldvalues>
                            <customfieldvalue>4.0</customfieldvalue>
                        </customfieldvalues>
                    </customfield>
                                                                                            <customfield id="customfield_12310220" key="com.atlassian.jira.ext.charting:firstresponsedate">
                        <customfieldname>Date of First Response</customfieldname>
                        <customfieldvalues>
                            <customfieldvalue>Thu, 15 Sep 2011 17:42:51 +0000</customfieldvalue>

                        </customfieldvalues>
                    </customfield>
                                                                                                                                                    <customfield id="customfield_12310420" key="com.pyxis.greenhopper.jira:gh-global-rank">
                        <customfieldname>Global Rank</customfieldname>
                        <customfieldvalues>
                            <customfieldvalue>2785</customfieldvalue>
                        </customfieldvalues>
                    </customfield>
                                                                <customfield id="customfield_12310920" key="com.pyxis.greenhopper.jira:gh-global-rank">
                        <customfieldname>Rank</customfieldname>
                        <customfieldvalues>
                            <customfieldvalue>204966</customfieldvalue>
                        </customfieldvalues>
                    </customfield>
                                                                                                                        <customfield id="customfield_12310222" key="com.atlassian.jira.ext.charting:timeinstatus">
                        <customfieldname>Time in Status</customfieldname>
                        <customfieldvalues>
                            
                        </customfieldvalues>
                    </customfield>
                                    </customfields>
    </item>

<item>
            <title>[PDFBOX-1120] PDFMergerUtility does not maintain tagged document structure</title>
                <link>https://issues.apache.org/jira/browse/PDFBOX-1120</link>
                <project id="12310760" key="PDFBOX">PDFBox</project>
                    <description>&lt;p&gt;When appending tagged documents with the PDFMergerUtility.appendDocument method, tags from the source document are not copied to the destination document.&lt;/p&gt;</description>
                <environment></environment>
        <key id="12523597">PDFBOX-1120</key>
            <summary>PDFMergerUtility does not maintain tagged document structure</summary>
                <type id="1" iconUrl="https://issues.apache.org/jira/images/icons/issuetypes/bug.png">Bug</type>
                                            <priority id="3" iconUrl="https://issues.apache.org/jira/images/icons/priorities/major.png">Major</priority>
                        <status id="6" iconUrl="https://issues.apache.org/jira/images/icons/statuses/closed.png" description="The issue is considered finished, the resolution is correct. Issues which are closed can be reopened.">Closed</status>
                    <statusCategory id="3" key="done" colorName="green"/>
                                    <resolution id="3">Duplicate</resolution>
                                        <assignee username="lehmi">Andreas Lehmk&#252;hler</assignee>
                                    <reporter username="peter.spencer">Peter Spencer</reporter>
                        <labels>
                    </labels>
                <created>Mon, 19 Sep 2011 19:22:16 +0100</created>
                <updated>Sun, 27 Oct 2013 12:42:58 +0000</updated>
                            <resolved>Sun, 27 Oct 2013 12:42:58 +0000</resolved>
                                                                    <component>Utilities</component>
                        <due></due>
                            <votes>2</votes>
                                    <watches>4</watches>
                                                                <comments>
                            <comment id="13806320" author="lehmi" created="Sun, 27 Oct 2013 12:42:58 +0000"  >&lt;p&gt;Closed as duplicate, see &lt;a href=&quot;https://issues.apache.org/jira/browse/PDFBOX-1342&quot; title=&quot;Tags not fully preserved when merging PDFs.&quot; class=&quot;issue-link&quot; data-issue-key=&quot;PDFBOX-1342&quot;&gt;&lt;del&gt;PDFBOX-1342&lt;/del&gt;&lt;/a&gt;&lt;/p&gt;</comment>
                    </comments>
                <issuelinks>
                            <issuelinktype id="12310000">
                    <name>Duplicate</name>
                                                                <inwardlinks description="is duplicated by">
                                        <issuelink>
            <issuekey id="12560674">PDFBOX-1342</issuekey>
        </issuelink>
                            </inwardlinks>
                                    </issuelinktype>
                    </issuelinks>
                <attachments>
                    </attachments>
                <subtasks>
                    </subtasks>
                <customfields>
                                                <customfield id="customfield_12310310" key="com.atlassian.jira.toolkit:attachments">
                        <customfieldname>Attachment count</customfieldname>
                        <customfieldvalues>
                            <customfieldvalue>0.0</customfieldvalue>
                        </customfieldvalues>
                    </customfield>
                                                                                            <customfield id="customfield_12310220" key="com.atlassian.jira.ext.charting:firstresponsedate">
                        <customfieldname>Date of First Response</customfieldname>
                        <customfieldvalues>
                            <customfieldvalue>Sun, 27 Oct 2013 12:42:58 +0000</customfieldvalue>

                        </customfieldvalues>
                    </customfield>
                                                                                                                                                    <customfield id="customfield_12310420" key="com.pyxis.greenhopper.jira:gh-global-rank">
                        <customfieldname>Global Rank</customfieldname>
                        <customfieldvalues>
                            <customfieldvalue>2783</customfieldvalue>
                        </customfieldvalues>
                    </customfield>
                                                                <customfield id="customfield_12310920" key="com.pyxis.greenhopper.jira:gh-global-rank">
                        <customfieldname>Rank</customfieldname>
                        <customfieldvalues>
                            <customfieldvalue>236139</customfieldvalue>
                        </customfieldvalues>
                    </customfield>
                                                                                                                        <customfield id="customfield_12310222" key="com.atlassian.jira.ext.charting:timeinstatus">
                        <customfieldname>Time in Status</customfieldname>
                        <customfieldvalues>
                            
                        </customfieldvalues>
                    </customfield>
                                    </customfields>
    </item>

<item>
            <title>[PDFBOX-1121] PDF Fields becomes non editable</title>
                <link>https://issues.apache.org/jira/browse/PDFBOX-1121</link>
                <project id="12310760" key="PDFBOX">PDFBox</project>
                    <description>&lt;p&gt;Hi, I am new to using PDFBox, so apologies if this is not a bug.&lt;br/&gt;
I am using the .net version of PDFBox; I have a PDF File with editable fields, I am trying to read all the field values and write the field values if necessary, reading is fine, but when I write the values to the fields, and save the doc. programatically. The fields become non-editable. Could you please tell me what is going wrong, infact I even set the permission to canFillinForm but it is of no use, my PDF is not password protected.&lt;br/&gt;
Also When I open a different PDF file, during Load I am seeing this error - &quot;expected=&apos;startxref&apos; actual=&apos;3281&apos; org.pdfbox.io.PushBackInputStream@329c933&quot;&lt;br/&gt;
Could you please advise me on the above issues?&lt;/p&gt;
</description>
                <environment></environment>
        <key id="12523687">PDFBOX-1121</key>
            <summary>PDF Fields becomes non editable</summary>
                <type id="1" iconUrl="https://issues.apache.org/jira/images/icons/issuetypes/bug.png">Bug</type>
                                            <priority id="4" iconUrl="https://issues.apache.org/jira/images/icons/priorities/minor.png">Minor</priority>
                        <status id="1" iconUrl="https://issues.apache.org/jira/images/icons/statuses/open.png" description="The issue is open and ready for the assignee to start work on it.">Open</status>
                    <statusCategory id="2" key="new" colorName="blue-gray"/>
                                    <resolution id="-1">Unresolved</resolution>
                                        <assignee username="-1">Unassigned</assignee>
                                    <reporter username="hellorubesh">Rubesh MX</reporter>
                        <labels>
                            <label>.NET</label>
                            <label>newbie</label>
                    </labels>
                <created>Tue, 20 Sep 2011 11:16:45 +0100</created>
                <updated>Sat, 8 Feb 2014 19:53:24 +0000</updated>
                                                                            <component>AcroForm</component>
                        <due></due>
                            <votes>0</votes>
                                    <watches>0</watches>
                                    <timeoriginalestimate seconds="28800">8h</timeoriginalestimate>
                            <timeestimate seconds="28800">8h</timeestimate>
                                        <comments>
                            <comment id="13109353" author="hellorubesh" created="Wed, 21 Sep 2011 09:58:15 +0100"  >&lt;p&gt;Could someone comment on this please, this is a very high priority issue for us; also I noticed that when we write the field values to a PDF file of size 445kb, it is taking more than 2 minutes to save the file in the .net version.( I am just trying to write some values for 20 fields that are of Textboxes)&lt;/p&gt;</comment>
                            <comment id="13109604" author="lehmi" created="Wed, 21 Sep 2011 17:00:23 +0100"  >&lt;p&gt;The stacktrace indicates that you&apos;re using a version &amp;lt;= 0.7.4. I suggest to update to the latest PDFBox version &lt;span class=&quot;error&quot;&gt;&amp;#91;1&amp;#93;&lt;/span&gt; or build your own from trunk.&lt;/p&gt;


&lt;p&gt;&lt;span class=&quot;error&quot;&gt;&amp;#91;1&amp;#93;&lt;/span&gt; &lt;a href=&quot;http://markmail.org/message/o3imegjqhvctfbow&quot; class=&quot;external-link&quot; rel=&quot;nofollow&quot;&gt;http://markmail.org/message/o3imegjqhvctfbow&lt;/a&gt;&lt;/p&gt;</comment>
                    </comments>
                    <attachments>
                    </attachments>
                <subtasks>
                    </subtasks>
                <customfields>
                                                <customfield id="customfield_12310310" key="com.atlassian.jira.toolkit:attachments">
                        <customfieldname>Attachment count</customfieldname>
                        <customfieldvalues>
                            <customfieldvalue>0.0</customfieldvalue>
                        </customfieldvalues>
                    </customfield>
                                                                                            <customfield id="customfield_12310220" key="com.atlassian.jira.ext.charting:firstresponsedate">
                        <customfieldname>Date of First Response</customfieldname>
                        <customfieldvalues>
                            <customfieldvalue>Wed, 21 Sep 2011 16:00:23 +0000</customfieldvalue>

                        </customfieldvalues>
                    </customfield>
                                                                                                                                                    <customfield id="customfield_12310420" key="com.pyxis.greenhopper.jira:gh-global-rank">
                        <customfieldname>Global Rank</customfieldname>
                        <customfieldvalues>
                            <customfieldvalue>2782</customfieldvalue>
                        </customfieldvalues>
                    </customfield>
                                                                <customfield id="customfield_12310920" key="com.pyxis.greenhopper.jira:gh-global-rank">
                        <customfieldname>Rank</customfieldname>
                        <customfieldvalues>
                            <customfieldvalue>236138</customfieldvalue>
                        </customfieldvalues>
                    </customfield>
                                                                                                                        </customfields>
    </item>

<item>
            <title>[PDFBOX-1122] Parsing Error, Skipping Object</title>
                <link>https://issues.apache.org/jira/browse/PDFBOX-1122</link>
                <project id="12310760" key="PDFBOX">PDFBox</project>
                    <description>&lt;p&gt;Parsing Error, Skipping Object&lt;br/&gt;
java.io.IOException: expected=&apos;endstream&apos; actual=&apos;&apos; org.apache.pdfbox.io.PushBackInputStream@38011d45&lt;br/&gt;
	at org.apache.pdfbox.pdfparser.BaseParser.parseCOSStream(BaseParser.java:439)&lt;br/&gt;
	at org.apache.pdfbox.pdfparser.PDFParser.parseObject(PDFParser.java:552)&lt;br/&gt;
	at org.apache.pdfbox.pdfparser.PDFParser.parse(PDFParser.java:184)&lt;br/&gt;
	at org.apache.pdfbox.pdmodel.PDDocument.load(PDDocument.java:1088)&lt;br/&gt;
	at org.apache.pdfbox.pdmodel.PDDocument.load(PDDocument.java:1053)&lt;br/&gt;
	at org.apache.tika.parser.pdf.PDFParser.parse(PDFParser.java:74)&lt;br/&gt;
	at org.apache.tika.parser.CompositeParser.parse(CompositeParser.java:197)&lt;br/&gt;
	at org.apache.tika.parser.CompositeParser.parse(CompositeParser.java:197)&lt;br/&gt;
	at org.apache.tika.parser.AutoDetectParser.parse(AutoDetectParser.java:135)&lt;br/&gt;
	at org.apache.tika.Tika.parseToString(Tika.java:357)&lt;br/&gt;
	at edu.uci.ics.crawler4j.crawler.BinaryParser.parse(BinaryParser.java:37)&lt;br/&gt;
	at edu.uci.ics.crawler4j.crawler.WebCrawler.handleBinary(WebCrawler.java:223)&lt;br/&gt;
	at edu.uci.ics.crawler4j.crawler.WebCrawler.processPage(WebCrawler.java:462)&lt;br/&gt;
	at edu.uci.ics.crawler4j.crawler.WebCrawler.run(WebCrawler.java:129)&lt;br/&gt;
	at java.lang.Thread.run(Thread.java:662)&lt;br/&gt;
        Did not found XRef object at specified startxref position 0&lt;/p&gt;

&lt;p&gt;This is the sample URL where I am facing this problem:-&lt;br/&gt;
&lt;a href=&quot;http://www.qualcomm.com/documents/files/rev-b-enhanced-mobile-broadband-for-all.pdf&quot; class=&quot;external-link&quot; rel=&quot;nofollow&quot;&gt;http://www.qualcomm.com/documents/files/rev-b-enhanced-mobile-broadband-for-all.pdf&lt;/a&gt;&lt;/p&gt;

&lt;p&gt;Any suggestions why is it happening...!! Or its a bug??&lt;/p&gt;</description>
                <environment>Working with Windows 7 in eclipse.</environment>
        <key id="12523888">PDFBOX-1122</key>
            <summary>Parsing Error, Skipping Object</summary>
                <type id="1" iconUrl="https://issues.apache.org/jira/images/icons/issuetypes/bug.png">Bug</type>
                                            <priority id="3" iconUrl="https://issues.apache.org/jira/images/icons/priorities/major.png">Major</priority>
                        <status id="6" iconUrl="https://issues.apache.org/jira/images/icons/statuses/closed.png" description="The issue is considered finished, the resolution is correct. Issues which are closed can be reopened.">Closed</status>
                    <statusCategory id="3" key="done" colorName="green"/>
                                    <resolution id="5">Cannot Reproduce</resolution>
                                        <assignee username="lehmi">Andreas Lehmk&#252;hler</assignee>
                                    <reporter username="raihan26">Raihan Jamal</reporter>
                        <labels>
                            <label>pdfbox</label>
                    </labels>
                <created>Wed, 21 Sep 2011 18:12:56 +0100</created>
                <updated>Tue, 13 May 2014 13:45:02 +0100</updated>
                            <resolved>Thu, 24 May 2012 17:09:25 +0100</resolved>
                                    <version>1.6.0</version>
                                                    <component>Parsing</component>
                        <due></due>
                            <votes>0</votes>
                                    <watches>4</watches>
                                    <timeoriginalestimate seconds="1209600">336h</timeoriginalestimate>
                            <timeestimate seconds="1209600">336h</timeestimate>
                                        <comments>
                            <comment id="13109696" author="lehmi" created="Wed, 21 Sep 2011 18:44:35 +0100"  >&lt;p&gt;I can&apos;t reproduce the described behaviour using PDFReader and ExtractText. I&apos;ve tried different versions (1.6, 1.5, 1.4 and 1.3.1). Are you sure about the PDFBox version? Which version of tika are you using?&lt;/p&gt;</comment>
                            <comment id="13109701" author="raihan26" created="Wed, 21 Sep 2011 18:48:28 +0100"  >&lt;p&gt;Yes the PDFBOX version that I am using is 1.6.0. And Tika Version is 0.9... And for few URL&apos;s like for this one (&lt;a href=&quot;http://www.qualcomm.com/documents/files/umts-900-1800-benefits-presentation.pdf&quot; class=&quot;external-link&quot; rel=&quot;nofollow&quot;&gt;http://www.qualcomm.com/documents/files/umts-900-1800-benefits-presentation.pdf&lt;/a&gt;), I am getting this error....&lt;br/&gt;
Parsing Error, Skipping Object&lt;br/&gt;
java.io.IOException: Error: Expected an integer type, actual=&apos;&apos;&lt;br/&gt;
	at org.apache.pdfbox.pdfparser.BaseParser.readInt(BaseParser.java:1384)&lt;br/&gt;
	at org.apache.pdfbox.pdfparser.PDFParser.parseObject(PDFParser.java:522)&lt;br/&gt;
	at org.apache.pdfbox.pdfparser.PDFParser.parse(PDFParser.java:184)&lt;br/&gt;
	at org.apache.pdfbox.pdmodel.PDDocument.load(PDDocument.java:1088)&lt;br/&gt;
	at org.apache.pdfbox.pdmodel.PDDocument.load(PDDocument.java:1053)&lt;br/&gt;
	at org.apache.tika.parser.pdf.PDFParser.parse(PDFParser.java:74)&lt;br/&gt;
	at org.apache.tika.parser.CompositeParser.parse(CompositeParser.java:197)&lt;br/&gt;
	at org.apache.tika.parser.CompositeParser.parse(CompositeParser.java:197)&lt;br/&gt;
	at org.apache.tika.parser.AutoDetectParser.parse(AutoDetectParser.java:135)&lt;br/&gt;
	at org.apache.tika.Tika.parseToString(Tika.java:357)&lt;br/&gt;
	at edu.uci.ics.crawler4j.crawler.BinaryParser.parse(BinaryParser.java:37)&lt;br/&gt;
	at edu.uci.ics.crawler4j.crawler.WebCrawler.handleBinary(WebCrawler.java:223)&lt;br/&gt;
	at edu.uci.ics.crawler4j.crawler.WebCrawler.processPage(WebCrawler.java:462)&lt;br/&gt;
	at edu.uci.ics.crawler4j.crawler.WebCrawler.run(WebCrawler.java:129)&lt;br/&gt;
	at java.lang.Thread.run(Thread.java:662)&lt;br/&gt;
       Did not found XRef object at specified startxref position 0&lt;/p&gt;</comment>
                            <comment id="13274243" author="lehmi" created="Sun, 13 May 2012 11:10:13 +0100"  >&lt;p&gt;Sorry for the late response, but I still can&apos;t reproduce the that behaviour. Does the issue still persist or did you solve it?&lt;/p&gt;</comment>
                            <comment id="13282588" author="lehmi" created="Thu, 24 May 2012 17:09:25 +0100"  >&lt;p&gt;CLosed as this issue cannot be reproduced&lt;/p&gt;</comment>
                            <comment id="13988671" author="ararog" created="Sat, 3 May 2014 14:00:08 +0100"  >&lt;p&gt;I can confirm the same error on version 1.8.4 while parsing PDFs with Tika during Nutch parsing job.&lt;/p&gt;</comment>
                            <comment id="13988685" author="tilman" created="Sat, 3 May 2014 14:27:05 +0100"  >&lt;p&gt;The old URL no longer works. What file did you use?&lt;/p&gt;</comment>
                            <comment id="13988834" author="ararog" created="Sat, 3 May 2014 23:45:24 +0100"  >&lt;p&gt;I&apos;m trying to parse several ebooks in my local filesystem using nutch, which makes use of tika and pdfbox to do the parsing.&lt;/p&gt;

&lt;p&gt;No matter which file I use, I&apos;m always getting the same error as described by Raihan.&lt;/p&gt;

&lt;p&gt;Anyway, I&apos;ll be attaching one of them.&lt;/p&gt;</comment>
                            <comment id="13988836" author="ararog" created="Sat, 3 May 2014 23:50:18 +0100"  >&lt;p&gt;I couldn&apos;t attach the PDF to the ticket, but here&apos;s the link:&lt;/p&gt;

&lt;p&gt;&lt;a href=&quot;https://dl.dropboxusercontent.com/u/13175227/c-programming-a-modern-approach-2nd-edition.9780393979503.52279.pdf&quot; class=&quot;external-link&quot; rel=&quot;nofollow&quot;&gt;https://dl.dropboxusercontent.com/u/13175227/c-programming-a-modern-approach-2nd-edition.9780393979503.52279.pdf&lt;/a&gt;&lt;/p&gt;</comment>
                            <comment id="13988924" author="tilman" created="Sun, 4 May 2014 06:58:15 +0100"  >&lt;p&gt;I was able to parse that one with my own application, both with load() and loadNonseq() by setting -Xmx3g in the 2.0 version. With the current 1.8 version, I could do it without modifications. Then I downloaded the 1.8.4 app and used the PDFReader command, and it also worked.&lt;/p&gt;

&lt;p&gt;How do you know that Apache nutch is using 1.8.4? A look at their readme shows this:&lt;br/&gt;
&lt;a href=&quot;https://www.apache.org/dist/nutch/2.2.1/CHANGES-2.2.1.txt&quot; class=&quot;external-link&quot; rel=&quot;nofollow&quot;&gt;https://www.apache.org/dist/nutch/2.2.1/CHANGES-2.2.1.txt&lt;/a&gt;&lt;br/&gt;
&quot;Upgrade to PDFBox 0.7.3&quot;.&lt;br/&gt;
And in &lt;a href=&quot;https://issues.apache.org/jira/browse/NUTCH-1770&quot; title=&quot;Nutch is failing to parse all PDFs&quot; class=&quot;issue-link&quot; data-issue-key=&quot;NUTCH-1770&quot;&gt;&lt;del&gt;NUTCH-1770&lt;/del&gt;&lt;/a&gt;, you write it fails at all PDFs.&lt;/p&gt;</comment>
                            <comment id="13988925" author="tilman" created="Sun, 4 May 2014 07:06:55 +0100"  >&lt;p&gt;Please insert also the full stacktrace. It can&apos;t be absolutely the same as the first one in this issue, because it isn&apos;t the same version and there were changes.&lt;/p&gt;</comment>
                            <comment id="13988957" author="lehmi" created="Sun, 4 May 2014 11:49:40 +0100"  >&lt;p&gt;AFAIK Nutch uses Tika to parse different file formats. The Nutch branch mentioned in &lt;a href=&quot;https://issues.apache.org/jira/browse/NUTCH-1770&quot; title=&quot;Nutch is failing to parse all PDFs&quot; class=&quot;issue-link&quot; data-issue-key=&quot;NUTCH-1770&quot;&gt;&lt;del&gt;NUTCH-1770&lt;/del&gt;&lt;/a&gt; includes Tika 1.5 with uses PDFBox 1.8.4&lt;/p&gt;</comment>
                            <comment id="13991460" author="ararog" created="Wed, 7 May 2014 02:31:50 +0100"  >&lt;p&gt;Here&apos;s the stacktrace taken from the nutch logs:&lt;/p&gt;

&lt;p&gt;2014-05-03 09:32:20,329 WARN  pdfparser.PDFParser - Parsing Error, Skipping Object&lt;br/&gt;
java.io.IOException: expected=&apos;endstream&apos; actual=&apos;&apos; org.apache.pdfbox.io.PushBackInputStream@132ca3ab&lt;br/&gt;
	at org.apache.pdfbox.pdfparser.BaseParser.parseCOSStream(BaseParser.java:609)&lt;br/&gt;
	at org.apache.pdfbox.pdfparser.PDFParser.parseObject(PDFParser.java:605)&lt;br/&gt;
	at org.apache.pdfbox.pdfparser.PDFParser.parse(PDFParser.java:194)&lt;br/&gt;
	at org.apache.pdfbox.pdmodel.PDDocument.load(PDDocument.java:1238)&lt;br/&gt;
	at org.apache.pdfbox.pdmodel.PDDocument.load(PDDocument.java:1203)&lt;br/&gt;
	at org.apache.tika.parser.pdf.PDFParser.parse(PDFParser.java:111)&lt;br/&gt;
	at org.apache.nutch.parse.tika.TikaParser.getParse(TikaParser.java:117)&lt;br/&gt;
	at org.apache.nutch.parse.ParseCallable.call(ParseCallable.java:36)&lt;br/&gt;
	at org.apache.nutch.parse.ParseCallable.call(ParseCallable.java:23)&lt;br/&gt;
	at java.util.concurrent.FutureTask.run(FutureTask.java:266)&lt;br/&gt;
	at java.util.concurrent.ThreadPoolExecutor.runWorker(ThreadPoolExecutor.java:1142)&lt;br/&gt;
	at java.util.concurrent.ThreadPoolExecutor$Worker.run(ThreadPoolExecutor.java:617)&lt;br/&gt;
	at java.lang.Thread.run(Thread.java:745)&lt;br/&gt;
2014-05-03 09:32:20,329 WARN  pdfparser.XrefTrailerResolver - Did not found XRef object at specified startxref position 0&lt;br/&gt;
2014-05-03 09:32:20,378 WARN  parse.ParseUtil - Unable to successfully parse content &lt;a href=&quot;file:///usr/home/rogerio/Documentos/books/professional-wcf-4-windows-communication-foundation-with-net-4.9780470563144.52697.pdf&quot; class=&quot;external-link&quot; rel=&quot;nofollow&quot;&gt;file:///usr/home/rogerio/Documentos/books/professional-wcf-4-windows-communication-foundation-with-net-4.9780470563144.52697.pdf&lt;/a&gt; of type application/pdf&lt;br/&gt;
2014-05-03 09:32:20,380 INFO  parse.ParserJob - Parsing &lt;a href=&quot;file:///usr/home/rogerio/Documentos/books/rc189-010d-cpp_5.pdf&quot; class=&quot;external-link&quot; rel=&quot;nofollow&quot;&gt;file:///usr/home/rogerio/Documentos/books/rc189-010d-cpp_5.pdf&lt;/a&gt;&lt;br/&gt;
2014-05-03 09:32:20,381 WARN  pdfparser.BaseParser - Bad Dictionary Declaration org.apache.pdfbox.io.PushBackInputStream@1cfff81c&lt;br/&gt;
2014-05-03 09:32:20,381 WARN  pdfparser.BaseParser - Invalid dictionary, found: &apos;?&apos; but expected: &apos;/&apos;&lt;br/&gt;
2014-05-03 09:32:20,381 WARN  pdfparser.XrefTrailerResolver - Did not found XRef object at specified startxref position 0&lt;br/&gt;
2014-05-03 09:32:20,413 WARN  parse.ParseUtil - Unable to successfully parse content &lt;a href=&quot;file:///usr/home/rogerio/Documentos/books/rc189-010d-cpp_5.pdf&quot; class=&quot;external-link&quot; rel=&quot;nofollow&quot;&gt;file:///usr/home/rogerio/Documentos/books/rc189-010d-cpp_5.pdf&lt;/a&gt; of type application/pdf&lt;br/&gt;
2014-05-03 09:32:20,414 INFO  parse.ParserJob - Parsing &lt;a href=&quot;file:///usr/home/rogerio/Documentos/books/pro-asp-net-4-cms-advanced-techniques-for-c-developers-using-the-net-4-framework.9781430227120.52467.pdf&quot; class=&quot;external-link&quot; rel=&quot;nofollow&quot;&gt;file:///usr/home/rogerio/Documentos/books/pro-asp-net-4-cms-advanced-techniques-for-c-developers-using-the-net-4-framework.9781430227120.52467.pdf&lt;/a&gt;&lt;br/&gt;
2014-05-03 09:32:20,419 WARN  pdfparser.PDFParser - Parsing Error, Skipping Object&lt;br/&gt;
java.io.IOException: expected=&apos;endstream&apos; actual=&apos;&apos; org.apache.pdfbox.io.PushBackInputStream@16965e5&lt;br/&gt;
	at org.apache.pdfbox.pdfparser.BaseParser.parseCOSStream(BaseParser.java:609)&lt;br/&gt;
	at org.apache.pdfbox.pdfparser.PDFParser.parseObject(PDFParser.java:605)&lt;br/&gt;
	at org.apache.pdfbox.pdfparser.PDFParser.parse(PDFParser.java:194)&lt;br/&gt;
	at org.apache.pdfbox.pdmodel.PDDocument.load(PDDocument.java:1238)&lt;br/&gt;
	at org.apache.pdfbox.pdmodel.PDDocument.load(PDDocument.java:1203)&lt;br/&gt;
	at org.apache.tika.parser.pdf.PDFParser.parse(PDFParser.java:111)&lt;br/&gt;
	at org.apache.nutch.parse.tika.TikaParser.getParse(TikaParser.java:117)&lt;br/&gt;
	at org.apache.nutch.parse.ParseCallable.call(ParseCallable.java:36)&lt;br/&gt;
	at org.apache.nutch.parse.ParseCallable.call(ParseCallable.java:23)&lt;br/&gt;
	at java.util.concurrent.FutureTask.run(FutureTask.java:266)&lt;br/&gt;
	at java.util.concurrent.ThreadPoolExecutor.runWorker(ThreadPoolExecutor.java:1142)&lt;br/&gt;
	at java.util.concurrent.ThreadPoolExecutor$Worker.run(ThreadPoolExecutor.java:617)&lt;br/&gt;
	at java.lang.Thread.run(Thread.java:745)&lt;br/&gt;
2014-05-03 09:32:20,419 WARN  pdfparser.XrefTrailerResolver - Did not found XRef object at specified startxref position 0&lt;br/&gt;
2014-05-03 09:32:20,421 WARN  parse.ParseUtil - Unable to successfully parse content &lt;a href=&quot;file:///usr/home/rogerio/Documentos/books/pro-asp-net-4-cms-advanced-techniques-for-c-developers-using-the-net-4-framework.9781430227120.52467.pdf&quot; class=&quot;external-link&quot; rel=&quot;nofollow&quot;&gt;file:///usr/home/rogerio/Documentos/books/pro-asp-net-4-cms-advanced-techniques-for-c-developers-using-the-net-4-framework.9781430227120.52467.pdf&lt;/a&gt; of type application/pdf&lt;br/&gt;
2014-05-03 09:32:20,422 INFO  parse.ParserJob - Parsing &lt;a href=&quot;file:///usr/home/rogerio/Documentos/books/scala_in_action.pdf&quot; class=&quot;external-link&quot; rel=&quot;nofollow&quot;&gt;file:///usr/home/rogerio/Documentos/books/scala_in_action.pdf&lt;/a&gt;&lt;br/&gt;
2014-05-03 09:32:20,432 WARN  pdfparser.PDFParser - Parsing Error, Skipping Object&lt;br/&gt;
java.io.IOException: expected=&apos;endstream&apos; actual=&apos;&apos; org.apache.pdfbox.io.PushBackInputStream@3638a19&lt;br/&gt;
	at org.apache.pdfbox.pdfparser.BaseParser.parseCOSStream(BaseParser.java:609)&lt;br/&gt;
	at org.apache.pdfbox.pdfparser.PDFParser.parseObject(PDFParser.java:605)&lt;br/&gt;
	at org.apache.pdfbox.pdfparser.PDFParser.parse(PDFParser.java:194)&lt;br/&gt;
	at org.apache.pdfbox.pdmodel.PDDocument.load(PDDocument.java:1238)&lt;br/&gt;
	at org.apache.pdfbox.pdmodel.PDDocument.load(PDDocument.java:1203)&lt;br/&gt;
	at org.apache.tika.parser.pdf.PDFParser.parse(PDFParser.java:111)&lt;br/&gt;
	at org.apache.nutch.parse.tika.TikaParser.getParse(TikaParser.java:117)&lt;br/&gt;
	at org.apache.nutch.parse.ParseCallable.call(ParseCallable.java:36)&lt;br/&gt;
	at org.apache.nutch.parse.ParseCallable.call(ParseCallable.java:23)&lt;br/&gt;
	at java.util.concurrent.FutureTask.run(FutureTask.java:266)&lt;br/&gt;
	at java.util.concurrent.ThreadPoolExecutor.runWorker(ThreadPoolExecutor.java:1142)&lt;br/&gt;
	at java.util.concurrent.ThreadPoolExecutor$Worker.run(ThreadPoolExecutor.java:617)&lt;br/&gt;
	at java.lang.Thread.run(Thread.java:745)&lt;br/&gt;
2014-05-03 09:32:20,433 WARN  pdfparser.XrefTrailerResolver - Did not found XRef object at specified startxref position 0&lt;/p&gt;</comment>
                            <comment id="13991983" author="tilman" created="Wed, 7 May 2014 17:36:06 +0100"  >&lt;p&gt;Yes, according to the line number, this must have been 1.8.4.&lt;br/&gt;
Could you please attach one of these files, or upload them somewhere?&lt;br/&gt;
I was able to find two of these files with google, but couldn&apos;t reproduce the effect with 1.8.4.&lt;/p&gt;

&lt;p&gt;I looked at the lines, tika calls &lt;/p&gt;
&lt;div class=&quot;code panel&quot; style=&quot;border-width: 1px;&quot;&gt;&lt;div class=&quot;codeContent panelContent&quot;&gt;
&lt;pre class=&quot;code-java&quot;&gt;
RandomAccess scratchFile = &lt;span class=&quot;code-keyword&quot;&gt;new&lt;/span&gt; RandomAccessFile(tmp.createTemporaryFile(), &lt;span class=&quot;code-quote&quot;&gt;&quot;rw&quot;&lt;/span&gt;);
PDDocument.load(&lt;span class=&quot;code-keyword&quot;&gt;new&lt;/span&gt; CloseShieldInputStream(stream), scratchFile, &lt;span class=&quot;code-keyword&quot;&gt;true&lt;/span&gt;);
or
pdfDocument = PDDocument.loadNonSeq(&lt;span class=&quot;code-keyword&quot;&gt;new&lt;/span&gt; CloseShieldInputStream(stream), scratchFile);
&lt;/pre&gt;
&lt;/div&gt;&lt;/div&gt;

&lt;p&gt;I tried this and did also not get any trouble,&lt;/p&gt;</comment>
                            <comment id="13994822" author="tilman" created="Mon, 12 May 2014 06:35:55 +0100"  >&lt;div class=&quot;code panel&quot; style=&quot;border-width: 1px;&quot;&gt;&lt;div class=&quot;codeContent panelContent&quot;&gt;
&lt;pre class=&quot;code-java&quot;&gt;
*facepalm*
&lt;/pre&gt;
&lt;/div&gt;&lt;/div&gt;
&lt;p&gt;just for the record, &lt;a href=&quot;https://issues.apache.org/jira/browse/NUTCH-1770&quot; title=&quot;Nutch is failing to parse all PDFs&quot; class=&quot;issue-link&quot; data-issue-key=&quot;NUTCH-1770&quot;&gt;&lt;del&gt;NUTCH-1770&lt;/del&gt;&lt;/a&gt; was closed because Nutch had a file size limit &lt;/p&gt;</comment>
                            <comment id="13996328" author="ararog" created="Tue, 13 May 2014 13:45:02 +0100"  >&lt;p&gt;Agreed, I won&apos;t realized the file size limit on Nutch would be a problem.&lt;/p&gt;</comment>
                    </comments>
                    <attachments>
                    </attachments>
                <subtasks>
                    </subtasks>
                <customfields>
                                                <customfield id="customfield_12310310" key="com.atlassian.jira.toolkit:attachments">
                        <customfieldname>Attachment count</customfieldname>
                        <customfieldvalues>
                            <customfieldvalue>0.0</customfieldvalue>
                        </customfieldvalues>
                    </customfield>
                                                                                            <customfield id="customfield_12310220" key="com.atlassian.jira.ext.charting:firstresponsedate">
                        <customfieldname>Date of First Response</customfieldname>
                        <customfieldvalues>
                            <customfieldvalue>Wed, 21 Sep 2011 17:44:35 +0000</customfieldvalue>

                        </customfieldvalues>
                    </customfield>
                                                                                                                                                    <customfield id="customfield_12310420" key="com.pyxis.greenhopper.jira:gh-global-rank">
                        <customfieldname>Global Rank</customfieldname>
                        <customfieldvalues>
                            <customfieldvalue>2781</customfieldvalue>
                        </customfieldvalues>
                    </customfield>
                                                                <customfield id="customfield_12310920" key="com.pyxis.greenhopper.jira:gh-global-rank">
                        <customfieldname>Rank</customfieldname>
                        <customfieldvalues>
                            <customfieldvalue>205982</customfieldvalue>
                        </customfieldvalues>
                    </customfield>
                                                                                                                        <customfield id="customfield_12310222" key="com.atlassian.jira.ext.charting:timeinstatus">
                        <customfieldname>Time in Status</customfieldname>
                        <customfieldvalues>
                            
                        </customfieldvalues>
                    </customfield>
                                    </customfields>
    </item>

<item>
            <title>[PDFBOX-1123] Not able to read field values from a PDF File if the field contains special characters.</title>
                <link>https://issues.apache.org/jira/browse/PDFBOX-1123</link>
                <project id="12310760" key="PDFBOX">PDFBox</project>
                    <description>&lt;p&gt;Hi, I am trying to read the field names in a PDF file, it is working with most of the files, but in some files we are not able to read the field Id/name, the reason being we have some field names as -&lt;br/&gt;
topmostSubform&lt;span class=&quot;error&quot;&gt;&amp;#91;0&amp;#93;&lt;/span&gt;.Page1&lt;span class=&quot;error&quot;&gt;&amp;#91;0&amp;#93;&lt;/span&gt;.c1_04_0_&lt;span class=&quot;error&quot;&gt;&amp;#91;0&amp;#93;&lt;/span&gt;&lt;br/&gt;
topmostSubform&lt;span class=&quot;error&quot;&gt;&amp;#91;0&amp;#93;&lt;/span&gt;.Page1&lt;span class=&quot;error&quot;&gt;&amp;#91;0&amp;#93;&lt;/span&gt;.c1_09_0_&lt;br/&gt;
topmostSubform&lt;span class=&quot;error&quot;&gt;&amp;#91;0&amp;#93;&lt;/span&gt;.Page2&lt;span class=&quot;error&quot;&gt;&amp;#91;0&amp;#93;&lt;/span&gt;.Table_Line4a&lt;span class=&quot;error&quot;&gt;&amp;#91;0&amp;#93;&lt;/span&gt;.#subform&lt;span class=&quot;error&quot;&gt;&amp;#91;1&amp;#93;&lt;/span&gt;.p2-t69&lt;span class=&quot;error&quot;&gt;&amp;#91;0&amp;#93;&lt;/span&gt;&lt;br/&gt;
Here all the field names starts with topmostSubform&lt;span class=&quot;error&quot;&gt;&amp;#91;0&amp;#93;&lt;/span&gt;. so when we try to get the field names like PDField.getpartialname() - the field name is getting truncated at &apos;.&apos; and we get only - topmostSubform&lt;span class=&quot;error&quot;&gt;&amp;#91;0&amp;#93;&lt;/span&gt; and since all the field names starts with the same name the total count of fields are coming as 1. Since there are some special characters like &apos;.&apos;; &apos;_&apos;; &apos;#&apos; this is causing the issue. Could you please suggest on this? This is very critical.&lt;/p&gt;
</description>
                <environment></environment>
        <key id="12524238">PDFBOX-1123</key>
            <summary>Not able to read field values from a PDF File if the field contains special characters.</summary>
                <type id="1" iconUrl="https://issues.apache.org/jira/images/icons/issuetypes/bug.png">Bug</type>
                                            <priority id="4" iconUrl="https://issues.apache.org/jira/images/icons/priorities/minor.png">Minor</priority>
                        <status id="6" iconUrl="https://issues.apache.org/jira/images/icons/statuses/closed.png" description="The issue is considered finished, the resolution is correct. Issues which are closed can be reopened.">Closed</status>
                    <statusCategory id="3" key="done" colorName="green"/>
                                    <resolution id="8">Not a Problem</resolution>
                                        <assignee username="-1">Unassigned</assignee>
                                    <reporter username="hellorubesh">Rubesh MX</reporter>
                        <labels>
                            <label>acroform</label>
                    </labels>
                <created>Thu, 22 Sep 2011 07:02:17 +0100</created>
                <updated>Fri, 15 Mar 2013 06:02:52 +0000</updated>
                            <resolved>Fri, 15 Mar 2013 06:02:52 +0000</resolved>
                                                                        <due></due>
                            <votes>0</votes>
                                    <watches>1</watches>
                                    <timeoriginalestimate seconds="43200">12h</timeoriginalestimate>
                            <timeestimate seconds="43200">12h</timeestimate>
                                        <comments>
                            <comment id="13113966" author="lehmi" created="Sat, 24 Sep 2011 13:51:40 +0100"  >&lt;p&gt;Can you provide us with a sample pdf?&lt;/p&gt;</comment>
                            <comment id="13114465" author="hellorubesh" created="Mon, 26 Sep 2011 06:18:32 +0100"  >&lt;p&gt;The file which contains the special characters in the field names is attached, as I had mentioned earlier when I am trying to read the field names it gets truncated at &apos;.&apos; and I am not able to read all the field names as well.&lt;/p&gt;</comment>
                            <comment id="13117061" author="hellorubesh" created="Thu, 29 Sep 2011 07:57:24 +0100"  >&lt;p&gt;Hi Andreas, Any confirmation from you on this issue will be much appreciated, we are waiting to hear from you on this before we go ahead with the development plan, since the file I had attached should also be read by our application, we are waiting for a word from you on this.&lt;/p&gt;</comment>
                            <comment id="13117594" author="lehmi" created="Thu, 29 Sep 2011 21:34:25 +0100"  >&lt;p&gt;How did you ewxtract the field names? Please post the relevant code snippet?&lt;/p&gt;</comment>
                            <comment id="13117890" author="hellorubesh" created="Fri, 30 Sep 2011 06:26:52 +0100"  >&lt;p&gt;Hi Andreas,&lt;br/&gt;
Thanks very much for the quick reply, the code snippet is given below - This would just show in a message box, all field names with types etc., once this succeeds, we will be building the code to what is expected of the project. This is with the latest version for .Net, I have also tried taking the latest version that is not officially relased as mentioned by you in &lt;a href=&quot;http://pdfbox.lehmi.de/&quot; class=&quot;external-link&quot; rel=&quot;nofollow&quot;&gt;http://pdfbox.lehmi.de/&lt;/a&gt;&lt;/p&gt;

&lt;p&gt;string fileIn = @&quot;C:\fspl.pdf&quot;;&lt;br/&gt;
PDDocument pdDoc = PDDocument.load(fileIn);&lt;br/&gt;
PDDocumentCatalog pdCat = pdDoc.getDocumentCatalog();&lt;br/&gt;
var obj = pdCat.getAcroForm().getFields().toArray();&lt;br/&gt;
foreach (var stx in obj)&lt;/p&gt;
	{
         	PDField pdd = (PDField)stx;                
         	MessageBox.Show((pdd.getPartialName() + &quot;|&quot; + pdd.getFieldType() + &quot;|&quot; + pdd.getValue()));         
	}
&lt;p&gt;pdDoc.save(fileIn);&lt;br/&gt;
pdDoc.close();&lt;br/&gt;
Please let me know if there is something wrong with the way I am reading the field names. Your suggestions/comments on this will be much appreciated. Thanks again.&lt;/p&gt;

</comment>
                            <comment id="13117915" author="msahyoun" created="Fri, 30 Sep 2011 07:43:33 +0100"  >&lt;p&gt;@Rubesh&lt;br/&gt;
getAcroForm().getFields() only returns the first level of field nodes which is topmostSubform in your case. You need to call .getKids() on a each field node which will give you all the kids, inspect if you are at a field or at another node and move on until you get to the final field. There you can use either .getPartialName() to retrieve the name of the field only or .getFullyQualifiedName() to get the name including the parents.&lt;/p&gt;

&lt;p&gt;As an alternative you might want to use the findKid() on a top level field node method which drills down based on an array of names created e.g. by doing a split(&quot;&lt;br class=&quot;atl-forced-newline&quot; /&gt;.&quot;) on the full names of the fields you are looking for.&lt;/p&gt;

&lt;p&gt;Or you can use the fully qualified name on getDocumentCatalog().getAcroForm().getField().&lt;/p&gt;</comment>
                            <comment id="13118013" author="hellorubesh" created="Fri, 30 Sep 2011 13:21:52 +0100"  >&lt;p&gt;Hi Maruan, First, A big thanks for replying quickly. I am slightly confused now. I need some clarification on your comment -&lt;br/&gt;
&quot;You need to call .getKids() on a each field node which will give you all the kids, inspect if you are at a field or at another node and move on until you get to the final field&quot;&lt;br/&gt;
So you mean to say that after I have the collection - var obj = pdCat.getAcroForm().getFields().toArray(); rather than saying PDField pdd = (PDField)stx; and then pdd.getPartialName(); I should be doing pdd.getKids()? But I am not getting the right thing when I try this - I have not fully understood what you were explaining, sorry.&lt;br/&gt;
Could you please clarify?&lt;/p&gt;
</comment>
                            <comment id="13118091" author="msahyoun" created="Fri, 30 Sep 2011 15:34:06 +0100"  >&lt;p&gt;Hi Rubesh,&lt;/p&gt;

&lt;p&gt;when you are at the field topmostSubform&lt;span class=&quot;error&quot;&gt;&amp;#91;0&amp;#93;&lt;/span&gt; call getKids(). You will get two new fields Page1&lt;span class=&quot;error&quot;&gt;&amp;#91;0&amp;#93;&lt;/span&gt; and Page2&lt;span class=&quot;error&quot;&gt;&amp;#91;0&amp;#93;&lt;/span&gt;. Again call getKids() at Page1&lt;span class=&quot;error&quot;&gt;&amp;#91;0&amp;#93;&lt;/span&gt; and you will get two childs c1_04_0_&lt;span class=&quot;error&quot;&gt;&amp;#91;0&amp;#93;&lt;/span&gt; and c1_09_0_ which are the fields where you want to get/set the values etc.&lt;/p&gt;

&lt;p&gt;Good luck - Maruan&lt;/p&gt;</comment>
                            <comment id="13119142" author="hellorubesh" created="Mon, 3 Oct 2011 06:45:32 +0100"  >&lt;p&gt;Hi Maruan, Thanks very much for the help so far.&lt;br/&gt;
Just wanted to confirm again, sorry even now I am confused.&lt;br/&gt;
When I get the collection - &lt;br/&gt;
 var ob = pdCat.getAcroForm().getFields().toArray();&lt;br/&gt;
This would give me the collection of all the first level field nodes(which is topmostSubform&lt;span class=&quot;error&quot;&gt;&amp;#91;0&amp;#93;&lt;/span&gt;) - now when I loop thru this collection and try to declare a PDField type variable and say getKids() I should get the Kids at this level, am I correct?&lt;br/&gt;
getKids would be of type String(), so how will I be able to get another set of Kids from this collection, I am sorry I have not got it correct, do you have a sample which extracts the kids and so on? That would be of great help to me.&lt;/p&gt;</comment>
                            <comment id="13119252" author="msahyoun" created="Mon, 3 Oct 2011 12:45:18 +0100"  >&lt;p&gt;Hi Rubesh,&lt;/p&gt;


&lt;p&gt;List fields = document.getDocumentCatalog().getAcroForm().getFields();&lt;br/&gt;
PDField firstLevel = (PDField) fields.get(0);&lt;br/&gt;
List kids = firstLevel.getKids();&lt;br/&gt;
PDField firstKid = (PDField) kids.get(0);&lt;br/&gt;
System.out.println(firstKid.getFullyQualifiedName());&lt;/p&gt;

&lt;p&gt;getKids() will return null in case there is no kid.&lt;/p&gt;

&lt;p&gt;Kind regards Maruan&lt;/p&gt;

</comment>
                            <comment id="13603170" author="msahyoun" created="Fri, 15 Mar 2013 06:02:52 +0000"  >&lt;p&gt;Not a problem of PDFBox but a usage question. Closing the issue.&lt;/p&gt;</comment>
                    </comments>
                    <attachments>
                            <attachment id="12496438" name="fspl.pdf" size="369530" author="hellorubesh" created="Mon, 26 Sep 2011 06:18:32 +0100"/>
                    </attachments>
                <subtasks>
                    </subtasks>
                <customfields>
                                                <customfield id="customfield_12310310" key="com.atlassian.jira.toolkit:attachments">
                        <customfieldname>Attachment count</customfieldname>
                        <customfieldvalues>
                            <customfieldvalue>1.0</customfieldvalue>
                        </customfieldvalues>
                    </customfield>
                                                                                            <customfield id="customfield_12310220" key="com.atlassian.jira.ext.charting:firstresponsedate">
                        <customfieldname>Date of First Response</customfieldname>
                        <customfieldvalues>
                            <customfieldvalue>Sat, 24 Sep 2011 12:51:40 +0000</customfieldvalue>

                        </customfieldvalues>
                    </customfield>
                                                                                                                                                    <customfield id="customfield_12310420" key="com.pyxis.greenhopper.jira:gh-global-rank">
                        <customfieldname>Global Rank</customfieldname>
                        <customfieldvalues>
                            <customfieldvalue>2780</customfieldvalue>
                        </customfieldvalues>
                    </customfield>
                                                                <customfield id="customfield_12310920" key="com.pyxis.greenhopper.jira:gh-global-rank">
                        <customfieldname>Rank</customfieldname>
                        <customfieldvalues>
                            <customfieldvalue>236137</customfieldvalue>
                        </customfieldvalues>
                    </customfield>
                                                                                                                        <customfield id="customfield_12310222" key="com.atlassian.jira.ext.charting:timeinstatus">
                        <customfieldname>Time in Status</customfieldname>
                        <customfieldvalues>
                            
                        </customfieldvalues>
                    </customfield>
                                    </customfields>
    </item>

<item>
            <title>[PDFBOX-1124] PDFBox Is Throwing Exception in extraction in case of few pdf  in .NET 3.5</title>
                <link>https://issues.apache.org/jira/browse/PDFBOX-1124</link>
                <project id="12310760" key="PDFBOX">PDFBox</project>
                    <description>&lt;p&gt;i am using the pdfbox libraries in C# with Framework 3.5.&lt;/p&gt;

&lt;p&gt;my code is :- &lt;/p&gt;

&lt;p&gt;                PDDocument doc = PDDocument.load(&quot;pdf file path&quot;);&lt;br/&gt;
                PDFTextStripper stripper = new PDFTextStripper();&lt;br/&gt;
                Result = stripper.getText(doc);&lt;/p&gt;

&lt;p&gt;this code is running and working fine. but in case of few pdf(specially when it has images)&lt;br/&gt;
It was giving the error of missing assembly bcprov-jdk14-132.  i add the reference of this assembly.&lt;br/&gt;
now it is again giving the following error on the third line of fetching text.&lt;/p&gt;

&lt;p&gt;&amp;lt;b&amp;gt;The type initializer for &apos;gnu.java.util.regex.RESyntax&apos; threw an exception.&amp;lt;/b&amp;gt;&lt;/p&gt;


&lt;p&gt;Please solve the problem. it is very urgent.&lt;/p&gt;

&lt;p&gt;I have also attached the pdf which is giving error in extracting the text&lt;/p&gt;

&lt;p&gt;thanks in advance &lt;img class=&quot;emoticon&quot; src=&quot;https://issues.apache.org/jira/images/icons/emoticons/smile.gif&quot; height=&quot;16&quot; width=&quot;16&quot; align=&quot;absmiddle&quot; alt=&quot;&quot; border=&quot;0&quot;/&gt;&lt;/p&gt;</description>
                <environment></environment>
        <key id="12524415">PDFBOX-1124</key>
            <summary>PDFBox Is Throwing Exception in extraction in case of few pdf  in .NET 3.5</summary>
                <type id="1" iconUrl="https://issues.apache.org/jira/images/icons/issuetypes/bug.png">Bug</type>
                                            <priority id="3" iconUrl="https://issues.apache.org/jira/images/icons/priorities/major.png">Major</priority>
                        <status id="6" iconUrl="https://issues.apache.org/jira/images/icons/statuses/closed.png" description="The issue is considered finished, the resolution is correct. Issues which are closed can be reopened.">Closed</status>
                    <statusCategory id="3" key="done" colorName="green"/>
                                    <resolution id="2">Won&apos;t Fix</resolution>
                                        <assignee username="-1">Unassigned</assignee>
                                    <reporter username="gagsha">gagan deep sharma</reporter>
                        <labels>
                    </labels>
                <created>Fri, 23 Sep 2011 14:13:58 +0100</created>
                <updated>Fri, 28 Feb 2014 19:40:40 +0000</updated>
                            <resolved>Fri, 28 Feb 2014 19:40:34 +0000</resolved>
                                    <version>0.7.3</version>
                                                    <component>.NET</component>
                        <due></due>
                            <votes>0</votes>
                                    <watches>1</watches>
                                    <timeoriginalestimate seconds="259200">72h</timeoriginalestimate>
                            <timeestimate seconds="259200">72h</timeestimate>
                                        <comments>
                            <comment id="13113411" author="gagsha" created="Fri, 23 Sep 2011 14:15:27 +0100"  >&lt;p&gt;this is the particular pdf which is giving error.&lt;/p&gt;</comment>
                            <comment id="13113962" author="lehmi" created="Sat, 24 Sep 2011 13:42:25 +0100"  >&lt;p&gt;Concerning to the given details you&apos;re using a version = 0.7.3. I suggest to update to the latest PDFBox version &lt;span class=&quot;error&quot;&gt;&amp;#91;1&amp;#93;&lt;/span&gt; or build your own from trunk. &lt;/p&gt;


&lt;p&gt;&lt;span class=&quot;error&quot;&gt;&amp;#91;1&amp;#93;&lt;/span&gt; &lt;a href=&quot;http://markmail.org/message/o3imegjqhvctfbow&quot; class=&quot;external-link&quot; rel=&quot;nofollow&quot;&gt;http://markmail.org/message/o3imegjqhvctfbow&lt;/a&gt;&lt;/p&gt;</comment>
                            <comment id="13915055" author="tilman" created="Thu, 27 Feb 2014 21:16:01 +0000"  >&lt;p&gt;Closing as there was no report related to the more current version.&lt;/p&gt;</comment>
                    </comments>
                    <attachments>
                            <attachment id="12496265" name="QT_Install_Guide.pdf" size="1374113" author="gagsha" created="Fri, 23 Sep 2011 14:15:27 +0100"/>
                    </attachments>
                <subtasks>
                    </subtasks>
                <customfields>
                                                <customfield id="customfield_12310310" key="com.atlassian.jira.toolkit:attachments">
                        <customfieldname>Attachment count</customfieldname>
                        <customfieldvalues>
                            <customfieldvalue>1.0</customfieldvalue>
                        </customfieldvalues>
                    </customfield>
                                                                                            <customfield id="customfield_12310220" key="com.atlassian.jira.ext.charting:firstresponsedate">
                        <customfieldname>Date of First Response</customfieldname>
                        <customfieldvalues>
                            <customfieldvalue>Sat, 24 Sep 2011 12:42:25 +0000</customfieldvalue>

                        </customfieldvalues>
                    </customfield>
                                                                                                                                                    <customfield id="customfield_12310420" key="com.pyxis.greenhopper.jira:gh-global-rank">
                        <customfieldname>Global Rank</customfieldname>
                        <customfieldvalues>
                            <customfieldvalue>2779</customfieldvalue>
                        </customfieldvalues>
                    </customfield>
                                                                <customfield id="customfield_12310920" key="com.pyxis.greenhopper.jira:gh-global-rank">
                        <customfieldname>Rank</customfieldname>
                        <customfieldvalues>
                            <customfieldvalue>236136</customfieldvalue>
                        </customfieldvalues>
                    </customfield>
                                                                                                                        <customfield id="customfield_12310222" key="com.atlassian.jira.ext.charting:timeinstatus">
                        <customfieldname>Time in Status</customfieldname>
                        <customfieldvalues>
                            
                        </customfieldvalues>
                    </customfield>
                                    </customfields>
    </item>

<item>
            <title>[PDFBOX-1125] NullPointerException when saving Document</title>
                <link>https://issues.apache.org/jira/browse/PDFBOX-1125</link>
                <project id="12310760" key="PDFBOX">PDFBox</project>
                    <description>&lt;p&gt;I am trying to fill out this form(official Norwegian Government form): &lt;a href=&quot;http://www.nav.no/Om+NAV/Skjemaer/Arbeidsgiverskjemaer/L%C3%B8nn+og+personalskjemaer+for+din+bedrift+%28HR%29/Yrkesskade/_attachment/1073746888?_ts=1271f676c80&quot; class=&quot;external-link&quot; rel=&quot;nofollow&quot;&gt;http://www.nav.no/Om+NAV/Skjemaer/Arbeidsgiverskjemaer/L%C3%B8nn+og+personalskjemaer+for+din+bedrift+%28HR%29/Yrkesskade/_attachment/1073746888?_ts=1271f676c80&lt;/a&gt; &lt;/p&gt;

&lt;p&gt;My code looks as follows: &lt;/p&gt;

&lt;p&gt;  public void setKode(InputStream inputStream, String value, OutputStream output) throws IOException, COSVisitorException&lt;br/&gt;
  {&lt;br/&gt;
    PDDocument pdfDocument = PDDocument.load(inputStream);&lt;br/&gt;
    if (LOGGER.isInfoEnabled())&lt;/p&gt;
    {
      LOGGER.info(pdfDocument.getCurrentAccessPermission().toString());
    }
&lt;p&gt;    PDDocumentCatalog docCatalog = pdfDocument.getDocumentCatalog();&lt;br/&gt;
    PDAcroForm acroForm = docCatalog.getAcroForm();&lt;br/&gt;
    PDField field = acroForm.getField(&quot;beskrivelse&quot;);&lt;br/&gt;
    if (field != null)&lt;br/&gt;
    &lt;/p&gt;
{
      field.setValue(value);
    }
&lt;p&gt; else&lt;/p&gt;
    {
      System.err.println(&quot;No field found with name:&quot; + &quot;beskrivelse&quot;);
    }
&lt;p&gt;    pdfDocument.save(output);&lt;br/&gt;
  }&lt;/p&gt;


&lt;p&gt;While trying to fill in the field &quot;beskrivelse&quot; (or any other field in this form) I get the following stacktrace:&lt;/p&gt;

&lt;p&gt;java.lang.NullPointerException&lt;br/&gt;
	at java.io.FilterInputStream.close(FilterInputStream.java:155)&lt;br/&gt;
	at org.apache.pdfbox.pdfwriter.COSWriter.doWriteSignature(COSWriter.java:688)&lt;br/&gt;
	at org.apache.pdfbox.pdfwriter.COSWriter.visitFromDocument(COSWriter.java:1039)&lt;br/&gt;
	at org.apache.pdfbox.cos.COSDocument.accept(COSDocument.java:456)&lt;br/&gt;
	at org.apache.pdfbox.pdfwriter.COSWriter.write(COSWriter.java:1360)&lt;br/&gt;
	at org.apache.pdfbox.pdmodel.PDDocument.save(PDDocument.java:1121)&lt;br/&gt;
	at com.qmplus.PDFTest.App.setKode(App.java:36)&lt;br/&gt;
	at com.qmplus.PDFTest.AppTest.test(AppTest.java:35)&lt;br/&gt;
	at sun.reflect.NativeMethodAccessorImpl.invoke0(Native Method)&lt;br/&gt;
	at sun.reflect.NativeMethodAccessorImpl.invoke(NativeMethodAccessorImpl.java:39)&lt;br/&gt;
	at sun.reflect.DelegatingMethodAccessorImpl.invoke(DelegatingMethodAccessorImpl.java:25)&lt;br/&gt;
	at java.lang.reflect.Method.invoke(Method.java:597)&lt;br/&gt;
	at org.junit.runners.model.FrameworkMethod$1.runReflectiveCall(FrameworkMethod.java:44)&lt;br/&gt;
	at org.junit.internal.runners.model.ReflectiveCallable.run(ReflectiveCallable.java:15)&lt;br/&gt;
	at org.junit.runners.model.FrameworkMethod.invokeExplosively(FrameworkMethod.java:41)&lt;br/&gt;
	at org.junit.internal.runners.statements.InvokeMethod.evaluate(InvokeMethod.java:20)&lt;br/&gt;
	at org.junit.internal.runners.statements.RunBefores.evaluate(RunBefores.java:28)&lt;br/&gt;
	at org.junit.runners.ParentRunner.runLeaf(ParentRunner.java:263)&lt;br/&gt;
	at org.junit.runners.BlockJUnit4ClassRunner.runChild(BlockJUnit4ClassRunner.java:69)&lt;br/&gt;
	at org.junit.runners.BlockJUnit4ClassRunner.runChild(BlockJUnit4ClassRunner.java:48)&lt;br/&gt;
	at org.junit.runners.ParentRunner$3.run(ParentRunner.java:231)&lt;br/&gt;
	at org.junit.runners.ParentRunner$1.schedule(ParentRunner.java:60)&lt;br/&gt;
	at org.junit.runners.ParentRunner.runChildren(ParentRunner.java:229)&lt;br/&gt;
	at org.junit.runners.ParentRunner.access$000(ParentRunner.java:50)&lt;br/&gt;
	at org.junit.runners.ParentRunner$2.evaluate(ParentRunner.java:222)&lt;br/&gt;
	at org.junit.runners.ParentRunner.run(ParentRunner.java:292)&lt;br/&gt;
	at org.eclipse.jdt.internal.junit4.runner.JUnit4TestReference.run(JUnit4TestReference.java:50)&lt;br/&gt;
	at org.eclipse.jdt.internal.junit.runner.TestExecution.run(TestExecution.java:38)&lt;br/&gt;
	at org.eclipse.jdt.internal.junit.runner.RemoteTestRunner.runTests(RemoteTestRunner.java:467)&lt;br/&gt;
	at org.eclipse.jdt.internal.junit.runner.RemoteTestRunner.runTests(RemoteTestRunner.java:683)&lt;br/&gt;
	at org.eclipse.jdt.internal.junit.runner.RemoteTestRunner.run(RemoteTestRunner.java:390)&lt;br/&gt;
	at org.eclipse.jdt.internal.junit.runner.RemoteTestRunner.main(RemoteTestRunner.java:197)&lt;/p&gt;

&lt;p&gt;The funny thing is, the output is created and looks to my eyes fine...&lt;/p&gt;</description>
                <environment></environment>
        <key id="12524850">PDFBOX-1125</key>
            <summary>NullPointerException when saving Document</summary>
                <type id="1" iconUrl="https://issues.apache.org/jira/images/icons/issuetypes/bug.png">Bug</type>
                                            <priority id="3" iconUrl="https://issues.apache.org/jira/images/icons/priorities/major.png">Major</priority>
                        <status id="6" iconUrl="https://issues.apache.org/jira/images/icons/statuses/closed.png" description="The issue is considered finished, the resolution is correct. Issues which are closed can be reopened.">Closed</status>
                    <statusCategory id="3" key="done" colorName="green"/>
                                    <resolution id="1">Fixed</resolution>
                                        <assignee username="lehmi">Andreas Lehmk&#252;hler</assignee>
                                    <reporter username="pabich">Per Abich</reporter>
                        <labels>
                    </labels>
                <created>Tue, 27 Sep 2011 13:19:12 +0100</created>
                <updated>Tue, 29 May 2012 17:21:45 +0100</updated>
                            <resolved>Tue, 1 Nov 2011 16:37:20 +0000</resolved>
                                    <version>1.6.0</version>
                                    <fixVersion>1.7.0</fixVersion>
                                    <component>Writing</component>
                        <due></due>
                            <votes>1</votes>
                                    <watches>2</watches>
                                                                <comments>
                            <comment id="13115459" author="pabich" created="Tue, 27 Sep 2011 13:55:58 +0100"  >&lt;p&gt;I found out what is happening. The Save operation tries to calculate the signature, but for this it accesses the Incremental Data which is not existent. So in COSWriter:679 a COSFilterInputStream is created with a &apos;null&apos; inputStream. The loop still handles it fine, but the &quot;close&quot;-operation fails with NPE. &lt;/p&gt;

&lt;p&gt;Since I am doing a normal save, all the initialization for the incremental stuff seems to be skipped. And since the Incremental save requires a FileInputStream, I guess I cannot use it anyways.&lt;/p&gt;</comment>
                            <comment id="13141100" author="gerhardt" created="Tue, 1 Nov 2011 12:21:37 +0000"  >&lt;p&gt;I have the same problem with pdfbox version 1.6 - using pdfbox version 1.4 the problem is not reproducible:&lt;br/&gt;
An additional check before calling doWriteSignature in the visitFromDocument function (COSWriter.java) fixed the problem:&lt;/p&gt;


&lt;p&gt;&amp;#8212; COSWriter.java.ori	2011-06-28 21:35:28.000000000 +0200&lt;br/&gt;
+++ COSWriter.java	2011-10-31 12:05:20.763036700 +0100&lt;br/&gt;
@@ -1036,7 +1036,8 @@&lt;br/&gt;
             else&lt;br/&gt;
                 doWriteXRef(doc);&lt;br/&gt;
             doWriteTrailer(doc);&lt;/p&gt;
&lt;ul class=&quot;alternate&quot; type=&quot;square&quot;&gt;
	&lt;li&gt;doWriteSignature(doc);&lt;br/&gt;
+            if(incrementalUpdate)&lt;br/&gt;
+                doWriteSignature(doc);&lt;/li&gt;
&lt;/ul&gt;


&lt;p&gt;             return null;&lt;br/&gt;
         }&lt;/p&gt;</comment>
                            <comment id="13141142" author="pabich" created="Tue, 1 Nov 2011 13:02:44 +0000"  >&lt;p&gt;I hope this fix will make it into the next release - whenever that is.&lt;/p&gt;</comment>
                            <comment id="13141301" author="lehmi" created="Tue, 1 Nov 2011 16:37:20 +0000"  >&lt;p&gt;I added the patch in revision 1196104 as proposed by Gerhard. I also did some reformating.&lt;/p&gt;

&lt;p&gt;Thanks for the contribution!&lt;/p&gt;</comment>
                    </comments>
                    <attachments>
                    </attachments>
                <subtasks>
                    </subtasks>
                <customfields>
                                                <customfield id="customfield_12310310" key="com.atlassian.jira.toolkit:attachments">
                        <customfieldname>Attachment count</customfieldname>
                        <customfieldvalues>
                            <customfieldvalue>0.0</customfieldvalue>
                        </customfieldvalues>
                    </customfield>
                                                                                            <customfield id="customfield_12310220" key="com.atlassian.jira.ext.charting:firstresponsedate">
                        <customfieldname>Date of First Response</customfieldname>
                        <customfieldvalues>
                            <customfieldvalue>Tue, 1 Nov 2011 12:21:37 +0000</customfieldvalue>

                        </customfieldvalues>
                    </customfield>
                                                                                                                                                    <customfield id="customfield_12310420" key="com.pyxis.greenhopper.jira:gh-global-rank">
                        <customfieldname>Global Rank</customfieldname>
                        <customfieldvalues>
                            <customfieldvalue>19178</customfieldvalue>
                        </customfieldvalues>
                    </customfield>
                                                                <customfield id="customfield_12310920" key="com.pyxis.greenhopper.jira:gh-global-rank">
                        <customfieldname>Rank</customfieldname>
                        <customfieldvalues>
                            <customfieldvalue>205157</customfieldvalue>
                        </customfieldvalues>
                    </customfield>
                                                                                                                        <customfield id="customfield_12310222" key="com.atlassian.jira.ext.charting:timeinstatus">
                        <customfieldname>Time in Status</customfieldname>
                        <customfieldvalues>
                            
                        </customfieldvalues>
                    </customfield>
                                    </customfields>
    </item>

<item>
            <title>[PDFBOX-1126] Form Fields missing values (values are NULL)</title>
                <link>https://issues.apache.org/jira/browse/PDFBOX-1126</link>
                <project id="12310760" key="PDFBOX">PDFBox</project>
                    <description>&lt;p&gt;When using getValue() to get the field value in PDFs, getValue() returns NULL. Even though the document, when opened in evince or in acroread shows the form fields correctly filled in (and the commandline pdftk utility also correctly grabs the form values). Using the precompiled commandline pdfbox app to bring up the PDFDebugger, the affected fields do not have any values, so I can&apos;t even try to grab the values &quot;manually&quot; by parsing the COSDictionary. &lt;/p&gt;

&lt;p&gt;Also affects PDFBox 1.6.0.&lt;/p&gt;

&lt;p&gt;Sample PDF triggering this issue in 90% of the form fields:&lt;br/&gt;
&lt;a href=&quot;http://www.cnf.cornell.edu/doc/New_User_Application_-_Cornell.pdf&quot; class=&quot;external-link&quot; rel=&quot;nofollow&quot;&gt;http://www.cnf.cornell.edu/doc/New_User_Application_-_Cornell.pdf&lt;/a&gt;&lt;/p&gt;

&lt;p&gt;Grab it, fill it out with Acrobat Reader, then try to get the field values.&lt;/p&gt;</description>
                <environment>RHEL4 32-bit running under Tomcat 6, Java 5</environment>
        <key id="12524879">PDFBOX-1126</key>
            <summary>Form Fields missing values (values are NULL)</summary>
                <type id="1" iconUrl="https://issues.apache.org/jira/images/icons/issuetypes/bug.png">Bug</type>
                                            <priority id="3" iconUrl="https://issues.apache.org/jira/images/icons/priorities/major.png">Major</priority>
                        <status id="6" iconUrl="https://issues.apache.org/jira/images/icons/statuses/closed.png" description="The issue is considered finished, the resolution is correct. Issues which are closed can be reopened.">Closed</status>
                    <statusCategory id="3" key="done" colorName="green"/>
                                    <resolution id="1">Fixed</resolution>
                                        <assignee username="msahyoun">Maruan Sahyoun</assignee>
                                    <reporter username="dwbotsch">Dave Botsch</reporter>
                        <labels>
                    </labels>
                <created>Tue, 27 Sep 2011 16:23:55 +0100</created>
                <updated>Thu, 27 Feb 2014 14:32:02 +0000</updated>
                            <resolved>Thu, 27 Feb 2014 14:31:19 +0000</resolved>
                                    <version>1.7.0</version>
                                    <fixVersion>1.8.0</fixVersion>
                                    <component>AcroForm</component>
                        <due></due>
                            <votes>0</votes>
                                    <watches>2</watches>
                                                                <comments>
                            <comment id="13439013" author="dwbotsch" created="Tue, 21 Aug 2012 21:32:10 +0100"  >&lt;p&gt;seems to still be an issue with RHEL6/64 and pdfbox 1.7.0&lt;/p&gt;</comment>
                            <comment id="13914566" author="msahyoun" created="Thu, 27 Feb 2014 14:31:19 +0000"  >&lt;p&gt;The form fields values can be extracted wo issues at least since 1.8.0 - setting to resolved.&lt;/p&gt;</comment>
                            <comment id="13914567" author="msahyoun" created="Thu, 27 Feb 2014 14:32:02 +0000"  >&lt;p&gt;Closing the issue as this works at least since 1.8.0&lt;/p&gt;</comment>
                    </comments>
                    <attachments>
                    </attachments>
                <subtasks>
                    </subtasks>
                <customfields>
                                                <customfield id="customfield_12310310" key="com.atlassian.jira.toolkit:attachments">
                        <customfieldname>Attachment count</customfieldname>
                        <customfieldvalues>
                            <customfieldvalue>0.0</customfieldvalue>
                        </customfieldvalues>
                    </customfield>
                                                                                            <customfield id="customfield_12310220" key="com.atlassian.jira.ext.charting:firstresponsedate">
                        <customfieldname>Date of First Response</customfieldname>
                        <customfieldvalues>
                            <customfieldvalue>Thu, 27 Feb 2014 14:31:19 +0000</customfieldvalue>

                        </customfieldvalues>
                    </customfield>
                                                                                                                                                    <customfield id="customfield_12310420" key="com.pyxis.greenhopper.jira:gh-global-rank">
                        <customfieldname>Global Rank</customfieldname>
                        <customfieldvalues>
                            <customfieldvalue>19394</customfieldvalue>
                        </customfieldvalues>
                    </customfield>
                                                                <customfield id="customfield_12310920" key="com.pyxis.greenhopper.jira:gh-global-rank">
                        <customfieldname>Rank</customfieldname>
                        <customfieldvalues>
                            <customfieldvalue>236135</customfieldvalue>
                        </customfieldvalues>
                    </customfield>
                                                                                                                        <customfield id="customfield_12310222" key="com.atlassian.jira.ext.charting:timeinstatus">
                        <customfieldname>Time in Status</customfieldname>
                        <customfieldvalues>
                            
                        </customfieldvalues>
                    </customfield>
                                    </customfields>
    </item>
</channel>
</rss>
