<!--
RSS generated by JIRA (6.2#6252-sha1:aa343257d4ce030d9cb8c531be520be9fac1c996) at Tue Jun 03 18:01:43 UTC 2014

It is possible to restrict the fields that are returned in this document by specifying the 'field' parameter in your request.
For example, to request only the issue key and summary add field=key&field=summary to the URL of your request.
For example:
https://issues.apache.org/jira/sr/jira.issueviews:searchrequest-xml/temp/SearchRequest.xml?jqlQuery=project+%3D+PDFBOX+AND+issuetype+%3D+Bug+AND+created+%3E%3D+2008-9-1+AND+created+%3C%3D+2008-10-1+ORDER+BY+key+ASC&tempMax=100&field=key&field=summary
-->
<!-- If you wish to do custom client-side styling of RSS, uncomment this:
<?xml-stylesheet href="https://issues.apache.org/jira/styles/jiraxml2html.xsl" type="text/xsl"?>
-->
<rss version="0.92">
    <channel>
        <title>ASF JIRA</title>
        <link>https://issues.apache.org/jira/secure/IssueNavigator.jspa?reset=true&amp;jqlQuery=project+%3D+PDFBOX+AND+issuetype+%3D+Bug+AND+created+%3E%3D+2008-9-1+AND+created+%3C%3D+2008-10-1+ORDER+BY+key+ASC</link>
        <description>An XML representation of a search request</description>
                <language>en-uk</language>
                        <issue start="0" end="5" total="5"/>
                <build-info>
            <version>6.2</version>
            <build-number>6252</build-number>
            <build-date>19-02-2014</build-date>
        </build-info>
<item>
            <title>[PDFBOX-373] (null) printed when characters cannot be decoded during text extraction</title>
                <link>https://issues.apache.org/jira/browse/PDFBOX-373</link>
                <project id="12310760" key="PDFBOX">PDFBox</project>
                    <description>&lt;p&gt;We have some PDF files where the TO_UNICODE map is corrupt and PDFBox cannot extract the text.  font.encode() returns null and PDFStreamEngine.showString() adds the null to the result, which is then printed as &quot;(null)&quot;. &lt;/p&gt;

&lt;p&gt;Here is a patch (against the trunk) that replaces the null with &quot;?&quot;.  &lt;/p&gt;

&lt;p&gt;&amp;#8212; PDFStreamEngine.java	2008-09-17 16:09:13.529318500 -0400&lt;br/&gt;
+++ PDFStreamEngine-new.java	2008-09-17 16:12:51.617318500 -0400&lt;br/&gt;
@@ -422,6 +422,11 @@&lt;br/&gt;
                 }&lt;br/&gt;
             }&lt;/p&gt;

&lt;p&gt;+            // Replace a null entry with &quot;?&quot; so it is not printed as &quot;(null)&quot;&lt;br/&gt;
+            if (c == null)&lt;br/&gt;
+            &lt;/p&gt;
{
+                c = &quot;?&quot;;
+            }
&lt;p&gt;             totalStringWidth += width;&lt;br/&gt;
             stringResult.append( c );&lt;br/&gt;
         }&lt;/p&gt;</description>
                <environment></environment>
        <key id="12404572">PDFBOX-373</key>
            <summary>(null) printed when characters cannot be decoded during text extraction</summary>
                <type id="1" iconUrl="https://issues.apache.org/jira/images/icons/issuetypes/bug.png">Bug</type>
                                            <priority id="3" iconUrl="https://issues.apache.org/jira/images/icons/priorities/major.png">Major</priority>
                        <status id="6" iconUrl="https://issues.apache.org/jira/images/icons/statuses/closed.png" description="The issue is considered finished, the resolution is correct. Issues which are closed can be reopened.">Closed</status>
                    <statusCategory id="3" key="done" colorName="green"/>
                                    <resolution id="1">Fixed</resolution>
                                        <assignee username="jukkaz">Jukka Zitting</assignee>
                                    <reporter username="carrier">Brian Carrier</reporter>
                        <labels>
                    </labels>
                <created>Wed, 17 Sep 2008 21:22:15 +0100</created>
                <updated>Wed, 21 Oct 2009 10:52:08 +0100</updated>
                            <resolved>Thu, 9 Oct 2008 22:55:17 +0100</resolved>
                                    <version>0.8.0-incubator</version>
                                    <fixVersion>0.8.0-incubator</fixVersion>
                                    <component>Parsing</component>
                        <due></due>
                            <votes>0</votes>
                                    <watches>0</watches>
                                                                <comments>
                            <comment id="12638406" author="jukkaz" created="Thu, 9 Oct 2008 22:55:17 +0100"  >&lt;p&gt;Good point, thanks!&lt;/p&gt;

&lt;p&gt;I committed a slightly modified version of your patch (I merged the if statement with the preceding one) in revision 703273.&lt;/p&gt;</comment>
                    </comments>
                    <attachments>
                    </attachments>
                <subtasks>
                    </subtasks>
                <customfields>
                                                <customfield id="customfield_12310310" key="com.atlassian.jira.toolkit:attachments">
                        <customfieldname>Attachment count</customfieldname>
                        <customfieldvalues>
                            <customfieldvalue>0.0</customfieldvalue>
                        </customfieldvalues>
                    </customfield>
                                                                                            <customfield id="customfield_12310220" key="com.atlassian.jira.ext.charting:firstresponsedate">
                        <customfieldname>Date of First Response</customfieldname>
                        <customfieldvalues>
                            <customfieldvalue>Thu, 9 Oct 2008 21:55:17 +0000</customfieldvalue>

                        </customfieldvalues>
                    </customfield>
                                                                                                                                                    <customfield id="customfield_12310420" key="com.pyxis.greenhopper.jira:gh-global-rank">
                        <customfieldname>Global Rank</customfieldname>
                        <customfieldvalues>
                            <customfieldvalue>163194</customfieldvalue>
                        </customfieldvalues>
                    </customfield>
                                                                <customfield id="customfield_12310920" key="com.pyxis.greenhopper.jira:gh-global-rank">
                        <customfieldname>Rank</customfieldname>
                        <customfieldvalues>
                            <customfieldvalue>205301</customfieldvalue>
                        </customfieldvalues>
                    </customfield>
                                                                                                                        <customfield id="customfield_12310222" key="com.atlassian.jira.ext.charting:timeinstatus">
                        <customfieldname>Time in Status</customfieldname>
                        <customfieldvalues>
                            
                        </customfieldvalues>
                    </customfield>
                                    </customfields>
    </item>

<item>
            <title>[PDFBOX-374] text areas not properly being sorted because of page rotation</title>
                <link>https://issues.apache.org/jira/browse/PDFBOX-374</link>
                <project id="12310760" key="PDFBOX">PDFBox</project>
                    <description>&lt;p&gt;When PDFTextStripper is set to sort the text before outputting, the sorting is not correct if a page rotation exists.  The reason is because both TextPositionComparator and PDFStreamEngine take the rotation into account.  So, the rotation is applied twice by the time the comparison is done in TextPositionComparator. &lt;/p&gt;

&lt;p&gt;Also, it seems that the rotation code in PDFStreamEngine is not consistent. I verified the code for 0 and 90 degrees works, but the 180 and 270 situations do not seem consistent with the goal of adjusting the X and Y values so that 0,0 is in the upper left, which is what the 0 and 90 code does.  I do not have examples of 180 and 270 to test with. There are no comments in this section, so I have been guessing about its purpose.&lt;/p&gt;

&lt;p&gt;The attached patches:&lt;/p&gt;
&lt;ul class=&quot;alternate&quot; type=&quot;square&quot;&gt;
	&lt;li&gt;Remove the rotation from TextPositionComparator&lt;/li&gt;
	&lt;li&gt;Adds comments and makes changes to the 180 and 270 situations to make it consistent with 0 and 90.&lt;/li&gt;
&lt;/ul&gt;

</description>
                <environment></environment>
        <key id="12404573">PDFBOX-374</key>
            <summary>text areas not properly being sorted because of page rotation</summary>
                <type id="1" iconUrl="https://issues.apache.org/jira/images/icons/issuetypes/bug.png">Bug</type>
                                            <priority id="3" iconUrl="https://issues.apache.org/jira/images/icons/priorities/major.png">Major</priority>
                        <status id="6" iconUrl="https://issues.apache.org/jira/images/icons/statuses/closed.png" description="The issue is considered finished, the resolution is correct. Issues which are closed can be reopened.">Closed</status>
                    <statusCategory id="3" key="done" colorName="green"/>
                                    <resolution id="1">Fixed</resolution>
                                        <assignee username="jukkaz">Jukka Zitting</assignee>
                                    <reporter username="carrier">Brian Carrier</reporter>
                        <labels>
                    </labels>
                <created>Wed, 17 Sep 2008 22:04:10 +0100</created>
                <updated>Wed, 21 Oct 2009 10:52:08 +0100</updated>
                            <resolved>Thu, 20 Nov 2008 17:17:53 +0000</resolved>
                                    <version>0.8.0-incubator</version>
                                    <fixVersion>0.8.0-incubator</fixVersion>
                                    <component>Text extraction</component>
                        <due></due>
                            <votes>0</votes>
                                    <watches>0</watches>
                                                                <comments>
                            <comment id="12631949" author="carrier" created="Wed, 17 Sep 2008 22:06:00 +0100"  >&lt;p&gt;patches against branch for bug.&lt;/p&gt;</comment>
                            <comment id="12631968" author="carrier" created="Wed, 17 Sep 2008 22:47:24 +0100"  >&lt;p&gt;Example file that bug can be seen with. When ExtractText is run with the &quot;--sort&quot; argument, the following is produced for the second page:&lt;br/&gt;
This is m&lt;br/&gt;
Second line here. &lt;br/&gt;
will have a landscape layout.  second page.  It y&lt;/p&gt;

&lt;p&gt;Instead of:&lt;br/&gt;
This is my second page. It will have a landscape layout.&lt;br/&gt;
Second line here.&lt;/p&gt;</comment>
                            <comment id="12632129" author="lehmi" created="Thu, 18 Sep 2008 08:47:34 +0100"  >&lt;p&gt;You should have a look at &lt;a href=&quot;https://issues.apache.org/jira/browse/PDFBOX-363&quot; title=&quot;Fixed Page rotation&quot; class=&quot;issue-link&quot; data-issue-key=&quot;PDFBOX-363&quot;&gt;&lt;del&gt;PDFBOX-363&lt;/del&gt;&lt;/a&gt;. I tried to fix a problem with the page rotation and I provided a patch for some minor problems which are perhaps related to your problem, too.&lt;/p&gt;
</comment>
                            <comment id="12632214" author="carrier" created="Thu, 18 Sep 2008 14:48:43 +0100"  >&lt;p&gt;Ah, I did not see that. The fix for TextPositionComparator is the same.  The logic in PDFTextStripper that adjusts the rotation is different though.  I&apos;ll look into the differences.  &lt;/p&gt;</comment>
                            <comment id="12648342" author="carrier" created="Mon, 17 Nov 2008 21:16:46 +0000"  >&lt;p&gt;After reviewing the patches &lt;a href=&quot;https://issues.apache.org/jira/browse/PDFBOX-363&quot; title=&quot;Fixed Page rotation&quot; class=&quot;issue-link&quot; data-issue-key=&quot;PDFBOX-363&quot;&gt;&lt;del&gt;PDFBOX-363&lt;/del&gt;&lt;/a&gt; and finding some more examples that were not fixed by the previous patch in this entry, a new patch is attached. Note: the landscape_rot90.pdf file that was later attached to &lt;a href=&quot;https://issues.apache.org/jira/browse/PDFBOX-363&quot; title=&quot;Fixed Page rotation&quot; class=&quot;issue-link&quot; data-issue-key=&quot;PDFBOX-363&quot;&gt;&lt;del&gt;PDFBOX-363&lt;/del&gt;&lt;/a&gt; is an example that is not solved by the previous patch, but is solved by this patch.&lt;/p&gt;

&lt;p&gt;This patch moves all knowledge about page rotation and the direction of text to the TextPosition class. The text matrix is now relied on instead of the page rotation value. New APIs were added so that callers could get text direction adjusted coordinates. The functionality of the original APIs is maintained for other parts of PDFBox.  Other code was adjusted accordingly.  I also did some cleanup in PDFStreamEngine and PDFTextStripper to remove unused variables and rename some variables to make their contents easier to understand. &lt;/p&gt;

&lt;p&gt;There are some failures on the regression tests, but most of them are better:&lt;/p&gt;
&lt;ul class=&quot;alternate&quot; type=&quot;square&quot;&gt;
	&lt;li&gt;The two mismatches in &quot;hexnumberproblem.pdf&quot; are because the new code produces better output.&lt;/li&gt;
	&lt;li&gt;The mismatches in ocalc.pdf are all because the new code produces better output.&lt;/li&gt;
	&lt;li&gt;The mismatches in test_rotate_270.pdf are because the new code put &quot;t&quot; on its own line and caused every line after it to fail. The previous version of the code produced better results in this case, but it is not clear how. The text is on an angle relative to the other text and the height of &quot;t&quot; is such that it is equivalent to being on another line of text. I tried to adjust the code so that it was more liberal with making new lines, but it caused lots of other failures in the regression tests.&lt;/li&gt;
&lt;/ul&gt;


&lt;p&gt;Note that the regression tests do not currently sort the text based on location, so the page rotation issues are not tested.  New regression tests must be created. &lt;/p&gt;</comment>
                            <comment id="12648343" author="carrier" created="Mon, 17 Nov 2008 21:17:50 +0000"  >&lt;p&gt;Updated set of files to fix page rotation issues (and basic code cleanup)&lt;/p&gt;</comment>
                            <comment id="12648390" author="carrier" created="Mon, 17 Nov 2008 22:34:43 +0000"  >&lt;p&gt;Both of these issues are on the same topic. &lt;/p&gt;</comment>
                            <comment id="12648619" author="carrier" created="Tue, 18 Nov 2008 15:00:51 +0000"  >&lt;p&gt;Attached &quot;take2&quot; file as &quot;diffs&quot; along with updated regression test files. &lt;/p&gt;</comment>
                            <comment id="12649416" author="jukkaz" created="Thu, 20 Nov 2008 17:17:53 +0000"  >&lt;p&gt;Changes committed in revision 719294. Thanks!&lt;/p&gt;</comment>
                    </comments>
                <issuelinks>
                            <issuelinktype id="12310010">
                    <name>Incorporates</name>
                                            <outwardlinks description="incorporates">
                                        <issuelink>
            <issuekey id="12391152">PDFBOX-118</issuekey>
        </issuelink>
                            </outwardlinks>
                                                        </issuelinktype>
                            <issuelinktype id="10030">
                    <name>Reference</name>
                                            <outwardlinks description="relates to">
                                        <issuelink>
            <issuekey id="12391100">PDFBOX-66</issuekey>
        </issuelink>
            <issuelink>
            <issuekey id="12391167">PDFBOX-133</issuekey>
        </issuelink>
            <issuelink>
            <issuekey id="12391306">PDFBOX-272</issuekey>
        </issuelink>
                            </outwardlinks>
                                                                <inwardlinks description="is related to">
                                        <issuelink>
            <issuekey id="12401637">PDFBOX-363</issuekey>
        </issuelink>
                            </inwardlinks>
                                    </issuelinktype>
                    </issuelinks>
                <attachments>
                            <attachment id="12390310" name="rotation.pdf" size="6605" author="carrier" created="Wed, 17 Sep 2008 22:47:24 +0100"/>
                            <attachment id="12394170" name="text-rotation-081117-take2.zip" size="32998" author="carrier" created="Tue, 18 Nov 2008 15:00:51 +0000"/>
                            <attachment id="12394102" name="text-rotation-081117.zip" size="18607" author="carrier" created="Mon, 17 Nov 2008 21:17:50 +0000"/>
                    </attachments>
                <subtasks>
                    </subtasks>
                <customfields>
                                                <customfield id="customfield_12310310" key="com.atlassian.jira.toolkit:attachments">
                        <customfieldname>Attachment count</customfieldname>
                        <customfieldvalues>
                            <customfieldvalue>3.0</customfieldvalue>
                        </customfieldvalues>
                    </customfield>
                                                                                            <customfield id="customfield_12310220" key="com.atlassian.jira.ext.charting:firstresponsedate">
                        <customfieldname>Date of First Response</customfieldname>
                        <customfieldvalues>
                            <customfieldvalue>Thu, 18 Sep 2008 07:47:34 +0000</customfieldvalue>

                        </customfieldvalues>
                    </customfield>
                                                                                                                                                    <customfield id="customfield_12310420" key="com.pyxis.greenhopper.jira:gh-global-rank">
                        <customfieldname>Global Rank</customfieldname>
                        <customfieldvalues>
                            <customfieldvalue>163195</customfieldvalue>
                        </customfieldvalues>
                    </customfield>
                                                                <customfield id="customfield_12310920" key="com.pyxis.greenhopper.jira:gh-global-rank">
                        <customfieldname>Rank</customfieldname>
                        <customfieldvalues>
                            <customfieldvalue>205295</customfieldvalue>
                        </customfieldvalues>
                    </customfield>
                                                                                                                        <customfield id="customfield_12310222" key="com.atlassian.jira.ext.charting:timeinstatus">
                        <customfieldname>Time in Status</customfieldname>
                        <customfieldvalues>
                            
                        </customfieldvalues>
                    </customfield>
                                    </customfields>
    </item>

<item>
            <title>[PDFBOX-377] Incorrect direction of extracted Arabic Text</title>
                <link>https://issues.apache.org/jira/browse/PDFBOX-377</link>
                <project id="12310760" key="PDFBOX">PDFBox</project>
                    <description>&lt;p&gt;Arabic text (and other right to left languages) is stored in presentation format in PDF files, which is the opposite of the logical order that Arabic text is typically stored. Arabic text is typically stored such that the first byte is for the right-most character, but the output of PDFBox has the first byte always being the left-most character. &lt;/p&gt;

&lt;p&gt;Further, PDF files typically store the presentation form of Arabic characters instead the more general form. For example, U+FB50 instead of U+0671. The presentation form is not supposed to be stored in the logical form, but PDFBox does not normalize them out. &lt;/p&gt;

&lt;p&gt;The attached patch solves both of these problems using the ICU4J library (&lt;a href=&quot;http://www.icu-project.org/&quot; class=&quot;external-link&quot; rel=&quot;nofollow&quot;&gt;http://www.icu-project.org/&lt;/a&gt;).  It identifies the dominant text direction of each page and reverses the order of each line (only if any right to left text exists).  It then normalizes the text to remove the presentation forms. &lt;/p&gt;

&lt;p&gt;An example file is attached.  Without the patch, the following is (incorrectly) produced:&lt;br/&gt;
Hello &#65194;&#65252;&#65188;&#65251; World. &lt;/p&gt;

&lt;p&gt;With the patch, the following is (correctly) produced:&lt;br/&gt;
Hello &#1605;&#1581;&#1605;&#1583; World. &lt;/p&gt;</description>
                <environment></environment>
        <key id="12404773">PDFBOX-377</key>
            <summary>Incorrect direction of extracted Arabic Text</summary>
                <type id="1" iconUrl="https://issues.apache.org/jira/images/icons/issuetypes/bug.png">Bug</type>
                                            <priority id="3" iconUrl="https://issues.apache.org/jira/images/icons/priorities/major.png">Major</priority>
                        <status id="6" iconUrl="https://issues.apache.org/jira/images/icons/statuses/closed.png" description="The issue is considered finished, the resolution is correct. Issues which are closed can be reopened.">Closed</status>
                    <statusCategory id="3" key="done" colorName="green"/>
                                    <resolution id="1">Fixed</resolution>
                                        <assignee username="carrier">Brian Carrier</assignee>
                                    <reporter username="carrier">Brian Carrier</reporter>
                        <labels>
                    </labels>
                <created>Fri, 19 Sep 2008 21:04:10 +0100</created>
                <updated>Sun, 22 Jul 2012 15:24:47 +0100</updated>
                            <resolved>Tue, 13 Jan 2009 19:20:00 +0000</resolved>
                                    <version>0.8.0-incubator</version>
                                    <fixVersion>0.8.0-incubator</fixVersion>
                                    <component>Text extraction</component>
                        <due></due>
                            <votes>0</votes>
                                    <watches>2</watches>
                                                                <comments>
                            <comment id="12632795" author="carrier" created="Fri, 19 Sep 2008 21:06:54 +0100"  >&lt;p&gt;Example file and diff against trunk.&lt;/p&gt;</comment>
                            <comment id="12648468" author="jukkaz" created="Tue, 18 Nov 2008 03:06:47 +0000"  >&lt;p&gt;Is there any reasonable way to achieve this without the ICU4J dependency?&lt;/p&gt;

&lt;p&gt;There&apos;s nothing wrong with ICU4J (it&apos;s a solid piece of work with a nice license), but it&apos;s a pretty large library and having it as a mandatory dependency (with this patch the PDFTextStripper class would not even load without ICU4J in the classpath) might be troublesome for some users.&lt;/p&gt;</comment>
                            <comment id="12648638" author="carrier" created="Tue, 18 Nov 2008 16:09:31 +0000"  >&lt;p&gt;There aren&apos;t any other libraries that we know of that do the Unicode normalization and reverse bidi.  An alternative to cut down on space would be to see if the licenses allow us to extract only the relevant functions. &lt;/p&gt;

&lt;p&gt;FYI, this patch may no longer directly drop in after the updated patch to &lt;a href=&quot;https://issues.apache.org/jira/browse/PDFBOX-374&quot; title=&quot;text areas not properly being sorted because of page rotation&quot; class=&quot;issue-link&quot; data-issue-key=&quot;PDFBOX-374&quot;&gt;&lt;del&gt;PDFBOX-374&lt;/del&gt;&lt;/a&gt;.  I can submit a new patch after 374 is commited. &lt;/p&gt;</comment>
                            <comment id="12649664" author="jukkaz" created="Fri, 21 Nov 2008 12:59:37 +0000"  >&lt;p&gt;Yeah, I guess using ICU4J is reasonable in this case. Could the code be organized so that ICU4J is only loaded when such normalization is needed?&lt;/p&gt;</comment>
                            <comment id="12653529" author="carrier" created="Thu, 4 Dec 2008 22:45:05 +0000"  >&lt;p&gt;I have redone this patch to make it optional at runtime and so that it takes into account other code changes that have been made since the original patch. ICU4J is needed to build PDFBOX, but it tests for the relevant classes at runtime to determine if the ICU4J components should be used.  Updated ant and maven files are included in the diff.&lt;/p&gt;

&lt;p&gt;While working on this patch, I realized that PDFTextStripper (and its subclasses) were not consistent with how they wrote to the output (some called output directly and others used wrapper functions).  I made it more consistent and added some more wrappers (such as writeString). I then realized that some of the functions were not consistently named.  For example processLineSeparator() was not really processing a lineseparator in the PDF file (like processPage() does). It prints a line separator, so I renamed it to writeLineSeparator() and deprecated the original. There were a few other functions that I found to be inconsistently named and so I made them more consistent (and made deprecated wrappers for backwards compatibility). &lt;/p&gt;

&lt;p&gt;For example:&lt;/p&gt;
&lt;ul class=&quot;alternate&quot; type=&quot;square&quot;&gt;
	&lt;li&gt;PDFStreamEngine.showCharacter() was renamed to processTextPosition() because it doesn&apos;t always show a character and it is in the hierarchy of processXXX() functions that include processPages(), processPage(), etc.&lt;/li&gt;
	&lt;li&gt;Similarly, PDFStreamEngine.showString() was renamed to processEncodedText() because a) it doesn&apos;t display anything and b) it takes encoded data as input (not a normal string).&lt;/li&gt;
	&lt;li&gt;PDFTextStripper.flushText() was renamed to writePage() because it is the writing counterpart to processPage() and it operates at the page scale, versus document scale.&lt;/li&gt;
&lt;/ul&gt;


&lt;p&gt;I migrated these renames to the classes that use them to remove the deprecated warnings. &lt;/p&gt;

&lt;p&gt;There are three failures on the regression tests. They are improvements. &lt;/p&gt;
&lt;ul class=&quot;alternate&quot; type=&quot;square&quot;&gt;
	&lt;li&gt;The 10101-AR.pdf now has more correct arabic text in it.  It is better if sorting is enabled, but the tests do not use sorting.&lt;/li&gt;
	&lt;li&gt;The cweb.pdf and Garcia2004_thesis.pdf failures are now both better because the &apos;ff&apos; ligature has been removed and replaced with &quot;f&quot; and &quot;f&quot;.&lt;/li&gt;
&lt;/ul&gt;
</comment>
                            <comment id="12653530" author="carrier" created="Thu, 4 Dec 2008 22:46:55 +0000"  >&lt;p&gt;Updated patch (with ICU jar file)&lt;/p&gt;</comment>
                            <comment id="12663429" author="carrier" created="Tue, 13 Jan 2009 19:20:00 +0000"  >&lt;p&gt;Patch checked into trunk revision 734151.&lt;/p&gt;</comment>
                            <comment id="13419856" author="a.boujanane" created="Sat, 21 Jul 2012 15:46:18 +0100"  >&lt;p&gt;hey people,&lt;br/&gt;
I am having problems in applying this patch to my extracting arabic content from PDF files project.&lt;br/&gt;
PS: I am using Eclipse, I tried: right click on the project --&amp;gt; team --&amp;gt; apply patch ---&amp;gt; I chose PDFTextStripper.diff BUT it dosn&apos;t work&lt;br/&gt;
help me please&lt;/p&gt;</comment>
                            <comment id="13420180" author="lehmi" created="Sun, 22 Jul 2012 15:24:47 +0100"  >&lt;p&gt;This has to be a misunderstanding. The patch is part of PDFBox for more than 3 years. If you are using such an old version you might want to update to a more recent one &lt;span class=&quot;error&quot;&gt;&amp;#91;1&amp;#93;&lt;/span&gt;. If you are already using the current version of PDFBox and experiencing some issues you might want to create a new issue instead of reusing an old one which is already closed.&lt;/p&gt;


&lt;p&gt;&lt;span class=&quot;error&quot;&gt;&amp;#91;1&amp;#93;&lt;/span&gt; &lt;a href=&quot;http://pdfbox.apache.org/download.html&quot; class=&quot;external-link&quot; rel=&quot;nofollow&quot;&gt;http://pdfbox.apache.org/download.html&lt;/a&gt;&lt;/p&gt;</comment>
                    </comments>
                    <attachments>
                            <attachment id="12390534" name="PDFTextStripper.diff" size="9138" author="carrier" created="Fri, 19 Sep 2008 21:06:54 +0100"/>
                            <attachment id="12390533" name="hello3.pdf" size="30269" author="carrier" created="Fri, 19 Sep 2008 21:06:54 +0100"/>
                            <attachment id="12395340" name="reorder-patch.zip" size="5362111" author="carrier" created="Thu, 4 Dec 2008 22:46:55 +0000"/>
                    </attachments>
                <subtasks>
                    </subtasks>
                <customfields>
                                                <customfield id="customfield_12310310" key="com.atlassian.jira.toolkit:attachments">
                        <customfieldname>Attachment count</customfieldname>
                        <customfieldvalues>
                            <customfieldvalue>3.0</customfieldvalue>
                        </customfieldvalues>
                    </customfield>
                                                                                            <customfield id="customfield_12310220" key="com.atlassian.jira.ext.charting:firstresponsedate">
                        <customfieldname>Date of First Response</customfieldname>
                        <customfieldvalues>
                            <customfieldvalue>Tue, 18 Nov 2008 03:06:47 +0000</customfieldvalue>

                        </customfieldvalues>
                    </customfield>
                                                                                                                                                    <customfield id="customfield_12310420" key="com.pyxis.greenhopper.jira:gh-global-rank">
                        <customfieldname>Global Rank</customfieldname>
                        <customfieldvalues>
                            <customfieldvalue>163198</customfieldvalue>
                        </customfieldvalues>
                    </customfield>
                                                                <customfield id="customfield_12310920" key="com.pyxis.greenhopper.jira:gh-global-rank">
                        <customfieldname>Rank</customfieldname>
                        <customfieldvalues>
                            <customfieldvalue>205111</customfieldvalue>
                        </customfieldvalues>
                    </customfield>
                                                                                                                        <customfield id="customfield_12310222" key="com.atlassian.jira.ext.charting:timeinstatus">
                        <customfieldname>Time in Status</customfieldname>
                        <customfieldvalues>
                            
                        </customfieldvalues>
                    </customfield>
                                    </customfields>
    </item>

<item>
            <title>[PDFBOX-378] error occurred in PDFReader.java</title>
                <link>https://issues.apache.org/jira/browse/PDFBOX-378</link>
                <project id="12310760" key="PDFBOX">PDFBox</project>
                    <description>&lt;p&gt;&lt;span class=&quot;error&quot;&gt;&amp;#91;Issue from SourceForge&amp;#93;&lt;/span&gt;&lt;br/&gt;
&lt;a href=&quot;http://sourceforge.net/tracker/index.php?func=detail&amp;amp;aid=2094480&amp;amp;group_id=78314&amp;amp;atid=552832&quot; class=&quot;external-link&quot; rel=&quot;nofollow&quot;&gt;http://sourceforge.net/tracker/index.php?func=detail&amp;amp;aid=2094480&amp;amp;group_id=78314&amp;amp;atid=552832&lt;/a&gt;&lt;/p&gt;

&lt;p&gt;an error happens during the compilation of PDFReader.java program i.e,&lt;br/&gt;
&quot;the constructor PageWrapper(PDFReader) is undefined&quot;&lt;br/&gt;
how i can solve this?&lt;/p&gt;</description>
                <environment></environment>
        <key id="12404825">PDFBOX-378</key>
            <summary>error occurred in PDFReader.java</summary>
                <type id="1" iconUrl="https://issues.apache.org/jira/images/icons/issuetypes/bug.png">Bug</type>
                                            <priority id="4" iconUrl="https://issues.apache.org/jira/images/icons/priorities/minor.png">Minor</priority>
                        <status id="6" iconUrl="https://issues.apache.org/jira/images/icons/statuses/closed.png" description="The issue is considered finished, the resolution is correct. Issues which are closed can be reopened.">Closed</status>
                    <statusCategory id="3" key="done" colorName="green"/>
                                    <resolution id="6">Invalid</resolution>
                                        <assignee username="jukkaz">Jukka Zitting</assignee>
                                    <reporter username="jukkaz">Jukka Zitting</reporter>
                        <labels>
                    </labels>
                <created>Sun, 21 Sep 2008 21:54:32 +0100</created>
                <updated>Wed, 21 Oct 2009 11:01:57 +0100</updated>
                            <resolved>Thu, 9 Oct 2008 23:02:25 +0100</resolved>
                                                                    <component>Swing GUI</component>
                        <due></due>
                            <votes>0</votes>
                                    <watches>0</watches>
                                                                <comments>
                            <comment id="12633095" author="jukkaz" created="Sun, 21 Sep 2008 22:08:42 +0100"  >&lt;p&gt;What version of PDFBox are you using? As far as I can tell, the PageWrapper(PDFReader) constructor was added in PDFBox 0.7.1.&lt;/p&gt;</comment>
                            <comment id="12638410" author="jukkaz" created="Thu, 9 Oct 2008 23:02:25 +0100"  >&lt;p&gt;Resolving as Invalid.&lt;/p&gt;</comment>
                    </comments>
                    <attachments>
                    </attachments>
                <subtasks>
                    </subtasks>
                <customfields>
                                                <customfield id="customfield_12310310" key="com.atlassian.jira.toolkit:attachments">
                        <customfieldname>Attachment count</customfieldname>
                        <customfieldvalues>
                            <customfieldvalue>0.0</customfieldvalue>
                        </customfieldvalues>
                    </customfield>
                                                                                                                                                                                                            <customfield id="customfield_12310420" key="com.pyxis.greenhopper.jira:gh-global-rank">
                        <customfieldname>Global Rank</customfieldname>
                        <customfieldvalues>
                            <customfieldvalue>163199</customfieldvalue>
                        </customfieldvalues>
                    </customfield>
                                                                <customfield id="customfield_12310920" key="com.pyxis.greenhopper.jira:gh-global-rank">
                        <customfieldname>Rank</customfieldname>
                        <customfieldvalues>
                            <customfieldvalue>205950</customfieldvalue>
                        </customfieldvalues>
                    </customfield>
                                                                                                                        <customfield id="customfield_12310222" key="com.atlassian.jira.ext.charting:timeinstatus">
                        <customfieldname>Time in Status</customfieldname>
                        <customfieldvalues>
                            
                        </customfieldvalues>
                    </customfield>
                                    </customfields>
    </item>

<item>
            <title>[PDFBOX-379] PDType1Font uses the Java 5 constant Font.TYPE1</title>
                <link>https://issues.apache.org/jira/browse/PDFBOX-379</link>
                <project id="12310760" key="PDFBOX">PDFBox</project>
                    <description>&lt;p&gt;Line 245 of the org.apache.pdfbox.pdmodel.font.PDType1Font class contains a reference to the java.awt.Font.TYPE1 constant that was introduced in Java 5. This makes it impossible to build the current trunk using Java 1.4.&lt;/p&gt;</description>
                <environment></environment>
        <key id="12404829">PDFBOX-379</key>
            <summary>PDType1Font uses the Java 5 constant Font.TYPE1</summary>
                <type id="1" iconUrl="https://issues.apache.org/jira/images/icons/issuetypes/bug.png">Bug</type>
                                            <priority id="3" iconUrl="https://issues.apache.org/jira/images/icons/priorities/major.png">Major</priority>
                        <status id="6" iconUrl="https://issues.apache.org/jira/images/icons/statuses/closed.png" description="The issue is considered finished, the resolution is correct. Issues which are closed can be reopened.">Closed</status>
                    <statusCategory id="3" key="done" colorName="green"/>
                                    <resolution id="1">Fixed</resolution>
                                        <assignee username="jukkaz">Jukka Zitting</assignee>
                                    <reporter username="jukkaz">Jukka Zitting</reporter>
                        <labels>
                    </labels>
                <created>Sun, 21 Sep 2008 23:37:51 +0100</created>
                <updated>Wed, 21 Oct 2009 10:52:08 +0100</updated>
                            <resolved>Thu, 9 Oct 2008 22:47:17 +0100</resolved>
                                                    <fixVersion>0.8.0-incubator</fixVersion>
                                    <component>PDModel</component>
                        <due></due>
                            <votes>0</votes>
                                    <watches>0</watches>
                                                                <comments>
                            <comment id="12638402" author="jukkaz" created="Thu, 9 Oct 2008 22:47:17 +0100"  >&lt;p&gt;Fixed in revision 703271 by hardcoding the troublesome constant.&lt;/p&gt;</comment>
                    </comments>
                    <attachments>
                    </attachments>
                <subtasks>
                    </subtasks>
                <customfields>
                                                <customfield id="customfield_12310310" key="com.atlassian.jira.toolkit:attachments">
                        <customfieldname>Attachment count</customfieldname>
                        <customfieldvalues>
                            <customfieldvalue>0.0</customfieldvalue>
                        </customfieldvalues>
                    </customfield>
                                                                                                                                                                                                            <customfield id="customfield_12310420" key="com.pyxis.greenhopper.jira:gh-global-rank">
                        <customfieldname>Global Rank</customfieldname>
                        <customfieldvalues>
                            <customfieldvalue>163200</customfieldvalue>
                        </customfieldvalues>
                    </customfield>
                                                                <customfield id="customfield_12310920" key="com.pyxis.greenhopper.jira:gh-global-rank">
                        <customfieldname>Rank</customfieldname>
                        <customfieldvalues>
                            <customfieldvalue>205562</customfieldvalue>
                        </customfieldvalues>
                    </customfield>
                                                                                                                        <customfield id="customfield_12310222" key="com.atlassian.jira.ext.charting:timeinstatus">
                        <customfieldname>Time in Status</customfieldname>
                        <customfieldvalues>
                            
                        </customfieldvalues>
                    </customfield>
                                    </customfields>
    </item>
</channel>
</rss>
