<!--
RSS generated by JIRA (6.2#6252-sha1:aa343257d4ce030d9cb8c531be520be9fac1c996) at Tue Jun 03 18:04:04 UTC 2014

It is possible to restrict the fields that are returned in this document by specifying the 'field' parameter in your request.
For example, to request only the issue key and summary add field=key&field=summary to the URL of your request.
For example:
https://issues.apache.org/jira/sr/jira.issueviews:searchrequest-xml/temp/SearchRequest.xml?jqlQuery=project+%3D+PDFBOX+AND+issuetype+%3D+Bug+AND+created+%3E%3D+2010-12-1+AND+created+%3C%3D+2011-1-1+ORDER+BY+key+ASC&tempMax=100&field=key&field=summary
-->
<!-- If you wish to do custom client-side styling of RSS, uncomment this:
<?xml-stylesheet href="https://issues.apache.org/jira/styles/jiraxml2html.xsl" type="text/xsl"?>
-->
<rss version="0.92">
    <channel>
        <title>ASF JIRA</title>
        <link>https://issues.apache.org/jira/secure/IssueNavigator.jspa?reset=true&amp;jqlQuery=project+%3D+PDFBOX+AND+issuetype+%3D+Bug+AND+created+%3E%3D+2010-12-1+AND+created+%3C%3D+2011-1-1+ORDER+BY+key+ASC</link>
        <description>An XML representation of a search request</description>
                <language>en-uk</language>
                        <issue start="0" end="9" total="9"/>
                <build-info>
            <version>6.2</version>
            <build-number>6252</build-number>
            <build-date>19-02-2014</build-date>
        </build-info>
<item>
            <title>[PDFBOX-915] some pdf file for chinese can&apos;t  extracted by correct encode</title>
                <link>https://issues.apache.org/jira/browse/PDFBOX-915</link>
                <project id="12310760" key="PDFBOX">PDFBox</project>
                    <description>&lt;p&gt;i used the PDFTextStripper to extracted the contents of pdf which include chinese code ,some file can extracted correct ,but some is extracted with wrong code. &lt;/p&gt;</description>
                <environment>jdk1.5 </environment>
        <key id="12492594">PDFBOX-915</key>
            <summary>some pdf file for chinese can&apos;t  extracted by correct encode</summary>
                <type id="1" iconUrl="https://issues.apache.org/jira/images/icons/issuetypes/bug.png">Bug</type>
                                            <priority id="3" iconUrl="https://issues.apache.org/jira/images/icons/priorities/major.png">Major</priority>
                        <status id="1" iconUrl="https://issues.apache.org/jira/images/icons/statuses/open.png" description="The issue is open and ready for the assignee to start work on it.">Open</status>
                    <statusCategory id="2" key="new" colorName="blue-gray"/>
                                    <resolution id="-1">Unresolved</resolution>
                                        <assignee username="-1">Unassigned</assignee>
                                    <reporter username="nirvanasob">chenlong</reporter>
                        <labels>
                    </labels>
                <created>Tue, 7 Dec 2010 08:56:01 +0000</created>
                <updated>Sat, 8 Feb 2014 18:05:22 +0000</updated>
                                            <version>1.3.1</version>
                                                    <component>Text extraction</component>
                        <due></due>
                            <votes>0</votes>
                                    <watches>0</watches>
                                                                <comments>
                            <comment id="12968635" author="nirvanasob" created="Tue, 7 Dec 2010 08:59:31 +0000"  >&lt;p&gt;help me ,this file can&apos;t extract correct&lt;br/&gt;
this question has resolved .now it can be support chinese fully . if you need ,can mail to chenlongemail@qq.com.&lt;/p&gt;</comment>
                    </comments>
                    <attachments>
                            <attachment id="12465673" name="821-2302.pdf" size="854685" author="nirvanasob" created="Tue, 7 Dec 2010 08:59:31 +0000"/>
                    </attachments>
                <subtasks>
                    </subtasks>
                <customfields>
                                                <customfield id="customfield_12310310" key="com.atlassian.jira.toolkit:attachments">
                        <customfieldname>Attachment count</customfieldname>
                        <customfieldvalues>
                            <customfieldvalue>1.0</customfieldvalue>
                        </customfieldvalues>
                    </customfield>
                                                                                                                                                                                                            <customfield id="customfield_12310420" key="com.pyxis.greenhopper.jira:gh-global-rank">
                        <customfieldname>Global Rank</customfieldname>
                        <customfieldvalues>
                            <customfieldvalue>84880</customfieldvalue>
                        </customfieldvalues>
                    </customfield>
                                                                <customfield id="customfield_12310920" key="com.pyxis.greenhopper.jira:gh-global-rank">
                        <customfieldname>Rank</customfieldname>
                        <customfieldvalues>
                            <customfieldvalue>236217</customfieldvalue>
                        </customfieldvalues>
                    </customfield>
                                                                                                                        </customfields>
    </item>

<item>
            <title>[PDFBOX-918] Can&apos;t parse PDF</title>
                <link>https://issues.apache.org/jira/browse/PDFBOX-918</link>
                <project id="12310760" key="PDFBOX">PDFBox</project>
                    <description>&lt;p&gt;Can&apos;t parse PDF:&lt;/p&gt;

&lt;p&gt;java.io.IOException: Error: Expected an integer type, actual=&apos;&apos;&lt;br/&gt;
        at org.apache.pdfbox.pdfparser.BaseParser.readInt(BaseParser.java:1380)&lt;br/&gt;
        at org.apache.pdfbox.pdfparser.PDFObjectStreamParser.parse(PDFObjectStreamParser.java:97)&lt;br/&gt;
        at org.apache.pdfbox.cos.COSDocument.dereferenceObjectStreams(COSDocument.java:483)&lt;br/&gt;
        at org.apache.pdfbox.pdmodel.PDDocument.openProtection(PDDocument.java:1089)&lt;br/&gt;
        at org.apache.pdfbox.ExtractText.main(ExtractText.java:190)&lt;br/&gt;
        at org.apache.pdfbox.PDFBox.main(PDFBox.java:42)&lt;/p&gt;</description>
                <environment></environment>
        <key id="12493076">PDFBOX-918</key>
            <summary>Can&apos;t parse PDF</summary>
                <type id="1" iconUrl="https://issues.apache.org/jira/images/icons/issuetypes/bug.png">Bug</type>
                                            <priority id="3" iconUrl="https://issues.apache.org/jira/images/icons/priorities/major.png">Major</priority>
                        <status id="6" iconUrl="https://issues.apache.org/jira/images/icons/statuses/closed.png" description="The issue is considered finished, the resolution is correct. Issues which are closed can be reopened.">Closed</status>
                    <statusCategory id="3" key="done" colorName="green"/>
                                    <resolution id="1">Fixed</resolution>
                                        <assignee username="-1">Unassigned</assignee>
                                    <reporter username="najgor">Igor Spasic</reporter>
                        <labels>
                    </labels>
                <created>Mon, 13 Dec 2010 14:41:09 +0000</created>
                <updated>Mon, 20 Dec 2010 09:38:30 +0000</updated>
                            <resolved>Mon, 13 Dec 2010 14:57:53 +0000</resolved>
                                    <version>1.3.1</version>
                                    <fixVersion>1.4.0</fixVersion>
                                    <component>Parsing</component>
                        <due></due>
                            <votes>0</votes>
                                    <watches>1</watches>
                                                                <comments>
                            <comment id="12970832" author="martijn_brinkers" created="Mon, 13 Dec 2010 14:57:53 +0000"  >&lt;p&gt;The document is AES-128 encrypted which cannot be decrypted with 1.3.1&lt;/p&gt;

&lt;p&gt;This was fixed in &lt;a href=&quot;https://issues.apache.org/jira/browse/PDFBOX-872&quot; title=&quot;ERROR org.apache.pdfbox.filter.FlateFilter  - Stop reading corrupt stream&quot; class=&quot;issue-link&quot; data-issue-key=&quot;PDFBOX-872&quot;&gt;&lt;del&gt;PDFBOX-872&lt;/del&gt;&lt;/a&gt;.&lt;/p&gt;</comment>
                    </comments>
                    <attachments>
                            <attachment id="12466136" name="SO VS LR PORTAL.pdf" size="388632" author="najgor" created="Mon, 13 Dec 2010 14:42:52 +0000"/>
                    </attachments>
                <subtasks>
                    </subtasks>
                <customfields>
                                                <customfield id="customfield_12310310" key="com.atlassian.jira.toolkit:attachments">
                        <customfieldname>Attachment count</customfieldname>
                        <customfieldvalues>
                            <customfieldvalue>1.0</customfieldvalue>
                        </customfieldvalues>
                    </customfield>
                                                                                            <customfield id="customfield_12310220" key="com.atlassian.jira.ext.charting:firstresponsedate">
                        <customfieldname>Date of First Response</customfieldname>
                        <customfieldvalues>
                            <customfieldvalue>Mon, 13 Dec 2010 14:57:53 +0000</customfieldvalue>

                        </customfieldvalues>
                    </customfield>
                                                                                                                                                    <customfield id="customfield_12310420" key="com.pyxis.greenhopper.jira:gh-global-rank">
                        <customfieldname>Global Rank</customfieldname>
                        <customfieldvalues>
                            <customfieldvalue>163572</customfieldvalue>
                        </customfieldvalues>
                    </customfield>
                                                                <customfield id="customfield_12310920" key="com.pyxis.greenhopper.jira:gh-global-rank">
                        <customfieldname>Rank</customfieldname>
                        <customfieldvalues>
                            <customfieldvalue>205277</customfieldvalue>
                        </customfieldvalues>
                    </customfield>
                                                                                                                        <customfield id="customfield_12310222" key="com.atlassian.jira.ext.charting:timeinstatus">
                        <customfieldname>Time in Status</customfieldname>
                        <customfieldvalues>
                            
                        </customfieldvalues>
                    </customfield>
                                    </customfields>
    </item>

<item>
            <title>[PDFBOX-920] PDFStreamEngine.processEncodedText fails on UTF-16 text</title>
                <link>https://issues.apache.org/jira/browse/PDFBOX-920</link>
                <project id="12310760" key="PDFBOX">PDFBox</project>
                    <description>&lt;p&gt;I have a PDF document which yields gibberish text. When I debug it, I get to the PDFStreamEngine.processEncodedText. The method gets a following byte array:&lt;/p&gt;

&lt;p&gt;&lt;span class=&quot;error&quot;&gt;&amp;#91;0, 47, 0, 82, 0, 82, 0, 78, 0, 3, 0, 68, 0, 87, 0, 3, 0, 87, 0, 75, 0, 72, 0, 3, 0, -64, 0, 85, 0, 86, 0, 87, 0, 3, 0, 83, 0, 76, 0, 70, 0, 87, 0, 88, 0, 85, 0, 72, 0, 3, 0, 68, 0, 69, 0, 82, 0, 89, 0, 72, 0, 17, 0, 3&amp;#93;&lt;/span&gt;&lt;/p&gt;

&lt;p&gt;This looks to me like some UTF16 text, but the codes seem different than what you&apos;d normally expect. I don&apos;t understand the encoding. In 1.2.1 this yielded the correct output though (&quot;Look at the picture above&quot;). In the 1.3.1 and the current trunk this is converted to garbage. The culprit is here:&lt;/p&gt;

&lt;p&gt;codeLength = 1;&lt;br/&gt;
String c = font.encode( string, i, codeLength );&lt;br/&gt;
if( c == null &amp;amp;&amp;amp; i+1&amp;lt;string.length)&lt;/p&gt;
{
	//maybe a multibyte encoding
	codeLength++;
	c = font.encode( string, i, codeLength );
}

&lt;p&gt;So the code first tries to &apos;encode&apos; a single byte as a character, and then tries two bytes, three bytes etc. First it starts with a 00 byte. In 1.2.1 the PDFont.encode would return null. The program would then try with two bytes getting a correct character on the second attempt.&lt;/p&gt;

&lt;p&gt;In the current trunk the font.encode method returns a space &quot; &quot; when 00 is passed. This is clearly wrong, because afterwards the entire string is parsed incorrectly. I tried to debug further and it seems to me that the problem is in the Encoding class, in the getName method. It looks like this:&lt;/p&gt;

&lt;p&gt;public String getName( int code ) throws IOException&lt;br/&gt;
{&lt;br/&gt;
	String name = codeToName.get( code );&lt;br/&gt;
	if( name == null )&lt;/p&gt;
	{
		//lets be forgiving for now
		name = &quot;space&quot;;
	}
&lt;p&gt;	return name;&lt;br/&gt;
}&lt;/p&gt;

&lt;p&gt;The crucial bit is the &quot;let&apos;s be forgiving for now&quot;. If a code is unknown in the encoding, a space is returned. In my case this completely breaks the parsing of a file. &lt;/p&gt;

&lt;p&gt;What was the rationale behind this behavior? Removing it fixed my problem and didn&apos;t break anything. All unit tests of pdfbox pass. The regression tests of my applications (based on the pdf extraction code from the Aperture Framework) also pass. The &quot;forgiving&quot; part has been added in &lt;a href=&quot;https://issues.apache.org/jira/browse/PDFBOX-626&quot; title=&quot;Reduce the memory impact of the COS object model&quot; class=&quot;issue-link&quot; data-issue-key=&quot;PDFBOX-626&quot;&gt;PDFBOX-626&lt;/a&gt;, but the issue description doesn&apos;t name any reasons for that. If the &quot;forgiveness&quot; is there for a good reason, I&apos;d be grateful for advice how to deal with the problem. Otherwise please remove it.&lt;/p&gt;

&lt;p&gt;Unfortunately I can&apos;t share the problem file.&lt;/p&gt;</description>
                <environment></environment>
        <key id="12493103">PDFBOX-920</key>
            <summary>PDFStreamEngine.processEncodedText fails on UTF-16 text</summary>
                <type id="1" iconUrl="https://issues.apache.org/jira/images/icons/issuetypes/bug.png">Bug</type>
                                            <priority id="3" iconUrl="https://issues.apache.org/jira/images/icons/priorities/major.png">Major</priority>
                        <status id="6" iconUrl="https://issues.apache.org/jira/images/icons/statuses/closed.png" description="The issue is considered finished, the resolution is correct. Issues which are closed can be reopened.">Closed</status>
                    <statusCategory id="3" key="done" colorName="green"/>
                                    <resolution id="1">Fixed</resolution>
                                        <assignee username="lehmi">Andreas Lehmk&#252;hler</assignee>
                                    <reporter username="antoni.mylka">Antoni Mylka</reporter>
                        <labels>
                    </labels>
                <created>Mon, 13 Dec 2010 18:47:43 +0000</created>
                <updated>Fri, 4 Mar 2011 10:29:19 +0000</updated>
                            <resolved>Sat, 8 Jan 2011 16:15:57 +0000</resolved>
                                    <version>1.3.1</version>
                                    <fixVersion>1.5.0</fixVersion>
                                    <component>Text extraction</component>
                        <due></due>
                            <votes>0</votes>
                                    <watches>0</watches>
                                                                <comments>
                            <comment id="12970952" author="antoni.mylka" created="Mon, 13 Dec 2010 18:48:07 +0000"  >&lt;p&gt;A patch which fixes the problem for me.&lt;/p&gt;</comment>
                            <comment id="12970953" author="antoni.mylka" created="Mon, 13 Dec 2010 18:50:28 +0000"  >&lt;p&gt;This is a text extraction issue. Added an appropriate &quot;component&quot; marking.&lt;/p&gt;</comment>
                            <comment id="12979145" author="lehmi" created="Sat, 8 Jan 2011 16:15:57 +0000"  >&lt;p&gt;I agree with Antoni. I applied the patch as proposed with revision 1056730.&lt;/p&gt;

&lt;p&gt;Thanks for the contribution!&lt;/p&gt;</comment>
                    </comments>
                    <attachments>
                            <attachment id="12466160" name="nullcharactername.patch" size="967" author="antoni.mylka" created="Mon, 13 Dec 2010 18:48:07 +0000"/>
                    </attachments>
                <subtasks>
                    </subtasks>
                <customfields>
                                                <customfield id="customfield_12310310" key="com.atlassian.jira.toolkit:attachments">
                        <customfieldname>Attachment count</customfieldname>
                        <customfieldvalues>
                            <customfieldvalue>1.0</customfieldvalue>
                        </customfieldvalues>
                    </customfield>
                                                                                            <customfield id="customfield_12310220" key="com.atlassian.jira.ext.charting:firstresponsedate">
                        <customfieldname>Date of First Response</customfieldname>
                        <customfieldvalues>
                            <customfieldvalue>Sat, 8 Jan 2011 16:15:57 +0000</customfieldvalue>

                        </customfieldvalues>
                    </customfield>
                                                                                                                                                    <customfield id="customfield_12310420" key="com.pyxis.greenhopper.jira:gh-global-rank">
                        <customfieldname>Global Rank</customfieldname>
                        <customfieldvalues>
                            <customfieldvalue>163573</customfieldvalue>
                        </customfieldvalues>
                    </customfield>
                                                                <customfield id="customfield_12310920" key="com.pyxis.greenhopper.jira:gh-global-rank">
                        <customfieldname>Rank</customfieldname>
                        <customfieldvalues>
                            <customfieldvalue>205550</customfieldvalue>
                        </customfieldvalues>
                    </customfield>
                                                                                                                        <customfield id="customfield_12310222" key="com.atlassian.jira.ext.charting:timeinstatus">
                        <customfieldname>Time in Status</customfieldname>
                        <customfieldvalues>
                            
                        </customfieldvalues>
                    </customfield>
                                    </customfields>
    </item>

<item>
            <title>[PDFBOX-921] NumberFormatException when parsing a type1 font</title>
                <link>https://issues.apache.org/jira/browse/PDFBOX-921</link>
                <project id="12310760" key="PDFBOX">PDFBox</project>
                    <description>&lt;p&gt;Martijn Brinkers reported this issue on dev@pdfbox &lt;span class=&quot;error&quot;&gt;&amp;#91;1&amp;#93;&lt;/span&gt;. A NumberFormatException can occur if the header of an embedded type1 font wasn&apos;t malformed.&lt;/p&gt;

&lt;p&gt;The pdf attached to &lt;a href=&quot;https://issues.apache.org/jira/browse/PDFBOX-816&quot; title=&quot;1.2.1 - PDFTextStripper* uses different Y values when cropbox has non-zero Y: not so for X coordinates.&quot; class=&quot;issue-link&quot; data-issue-key=&quot;PDFBOX-816&quot;&gt;PDFBOX-816&lt;/a&gt; triggers that exception.&lt;/p&gt;

&lt;p&gt;&lt;span class=&quot;error&quot;&gt;&amp;#91;1&amp;#93;&lt;/span&gt; &lt;a href=&quot;http://markmail.org/message/xxquw7om7uvlf5bz&quot; class=&quot;external-link&quot; rel=&quot;nofollow&quot;&gt;http://markmail.org/message/xxquw7om7uvlf5bz&lt;/a&gt;&lt;/p&gt;</description>
                <environment></environment>
        <key id="12493217">PDFBOX-921</key>
            <summary>NumberFormatException when parsing a type1 font</summary>
                <type id="1" iconUrl="https://issues.apache.org/jira/images/icons/issuetypes/bug.png">Bug</type>
                                            <priority id="3" iconUrl="https://issues.apache.org/jira/images/icons/priorities/major.png">Major</priority>
                        <status id="6" iconUrl="https://issues.apache.org/jira/images/icons/statuses/closed.png" description="The issue is considered finished, the resolution is correct. Issues which are closed can be reopened.">Closed</status>
                    <statusCategory id="3" key="done" colorName="green"/>
                                    <resolution id="1">Fixed</resolution>
                                        <assignee username="lehmi">Andreas Lehmk&#252;hler</assignee>
                                    <reporter username="lehmi">Andreas Lehmk&#252;hler</reporter>
                        <labels>
                    </labels>
                <created>Tue, 14 Dec 2010 17:19:28 +0000</created>
                <updated>Mon, 17 Jan 2011 09:57:39 +0000</updated>
                            <resolved>Tue, 14 Dec 2010 17:26:50 +0000</resolved>
                                    <version>1.3.1</version>
                                    <fixVersion>1.4.0</fixVersion>
                                    <component>Parsing</component>
                    <component>PDModel</component>
                    <component>Swing GUI</component>
                        <due></due>
                            <votes>0</votes>
                                    <watches>0</watches>
                                                                <comments>
                            <comment id="12971329" author="lehmi" created="Tue, 14 Dec 2010 17:26:50 +0000"  >&lt;p&gt;I fixed this in revision 1049181 by adding the missing delimiter before initializing the tokenizer..&lt;/p&gt;

&lt;p&gt;Thanks to Martijn for the report and the evaluation!&lt;/p&gt;</comment>
                            <comment id="12982566" author="ydecillia" created="Mon, 17 Jan 2011 09:51:26 +0000"  >&lt;p&gt;I just upgraded my pdfbox library to 1.4.0 version (from maven repo) to resolve this issue when extracting text from PDF containing type1 font.&lt;/p&gt;

&lt;p&gt;I am still having the same exception (NumberFormatException) with the document  &quot;testPdfBox.pdf&quot; I am attaching.&lt;/p&gt;</comment>
                    </comments>
                    <attachments>
                            <attachment id="12468542" name="testPdfBox.pdf" size="127630" author="ydecillia" created="Mon, 17 Jan 2011 09:57:39 +0000"/>
                    </attachments>
                <subtasks>
                    </subtasks>
                <customfields>
                                                <customfield id="customfield_12310310" key="com.atlassian.jira.toolkit:attachments">
                        <customfieldname>Attachment count</customfieldname>
                        <customfieldvalues>
                            <customfieldvalue>1.0</customfieldvalue>
                        </customfieldvalues>
                    </customfield>
                                                                                            <customfield id="customfield_12310220" key="com.atlassian.jira.ext.charting:firstresponsedate">
                        <customfieldname>Date of First Response</customfieldname>
                        <customfieldvalues>
                            <customfieldvalue>Mon, 17 Jan 2011 09:51:26 +0000</customfieldvalue>

                        </customfieldvalues>
                    </customfield>
                                                                                                                                                    <customfield id="customfield_12310420" key="com.pyxis.greenhopper.jira:gh-global-rank">
                        <customfieldname>Global Rank</customfieldname>
                        <customfieldvalues>
                            <customfieldvalue>163574</customfieldvalue>
                        </customfieldvalues>
                    </customfield>
                                                                <customfield id="customfield_12310920" key="com.pyxis.greenhopper.jira:gh-global-rank">
                        <customfieldname>Rank</customfieldname>
                        <customfieldvalues>
                            <customfieldvalue>205482</customfieldvalue>
                        </customfieldvalues>
                    </customfield>
                                                                                                                        <customfield id="customfield_12310222" key="com.atlassian.jira.ext.charting:timeinstatus">
                        <customfieldname>Time in Status</customfieldname>
                        <customfieldvalues>
                            
                        </customfieldvalues>
                    </customfield>
                                    </customfields>
    </item>

<item>
            <title>[PDFBOX-923] pdf gets messed up when updated with xfdf data</title>
                <link>https://issues.apache.org/jira/browse/PDFBOX-923</link>
                <project id="12310760" key="PDFBOX">PDFBox</project>
                    <description>&lt;p&gt;we load a pdf file and update it with an xfdf file, the resulting pdf is all mixed up.&lt;br/&gt;
( you can open pdf_output.pdf to see how it looks)&lt;/p&gt;

&lt;p&gt;		PDDocument pdf = PDDocument.load(&quot;ar104-1.10.0.pdf&quot;);&lt;br/&gt;
		PDDocumentCatalog docCatalog = pdf.getDocumentCatalog();&lt;br/&gt;
		PDAcroForm acroForm = docCatalog.getAcroForm();	&lt;br/&gt;
		FDFDocument fdfdoc=FDFDocument.loadXFDF(new File(&quot;form_data.xfdf&quot;));&lt;br/&gt;
		acroForm.importFDF(fdfdoc);&lt;br/&gt;
		pdf.save(&quot;pdf_output.pdf&quot;);&lt;br/&gt;
		System.out.println(&quot;pdf created successfully&quot;);&lt;/p&gt;

&lt;p&gt;Please see attached &lt;/p&gt;

&lt;p&gt;1. input pdf file &lt;br/&gt;
2. the xfdf file( created from the content submitted by the input file) and &lt;br/&gt;
3. the messed up output pdf file&lt;/p&gt;
</description>
                <environment>windows 7, java 1.6</environment>
        <key id="12493656">PDFBOX-923</key>
            <summary>pdf gets messed up when updated with xfdf data</summary>
                <type id="1" iconUrl="https://issues.apache.org/jira/images/icons/issuetypes/bug.png">Bug</type>
                                            <priority id="3" iconUrl="https://issues.apache.org/jira/images/icons/priorities/major.png">Major</priority>
                        <status id="1" iconUrl="https://issues.apache.org/jira/images/icons/statuses/open.png" description="The issue is open and ready for the assignee to start work on it.">Open</status>
                    <statusCategory id="2" key="new" colorName="blue-gray"/>
                                    <resolution id="-1">Unresolved</resolution>
                                        <assignee username="-1">Unassigned</assignee>
                                    <reporter username="madhav288">Madhav Vodnala</reporter>
                        <labels>
                    </labels>
                <created>Mon, 20 Dec 2010 08:05:04 +0000</created>
                <updated>Sat, 8 Feb 2014 18:48:38 +0000</updated>
                                            <version>1.3.1</version>
                                                    <component>AcroForm</component>
                        <due></due>
                            <votes>0</votes>
                                    <watches>1</watches>
                                                                <comments>
                            <comment id="12973134" author="madhav288" created="Mon, 20 Dec 2010 08:06:15 +0000"  >&lt;p&gt;input file, xfdf data and the output file.&lt;/p&gt;</comment>
                    </comments>
                    <attachments>
                            <attachment id="12466612" name="ar104-1.10.0.pdf" size="145026" author="madhav288" created="Mon, 20 Dec 2010 08:06:14 +0000"/>
                            <attachment id="12466613" name="form_data.xfdf" size="6395" author="madhav288" created="Mon, 20 Dec 2010 08:06:14 +0000"/>
                            <attachment id="12466614" name="pdf_output.pdf" size="204738" author="madhav288" created="Mon, 20 Dec 2010 08:06:14 +0000"/>
                    </attachments>
                <subtasks>
                    </subtasks>
                <customfields>
                                                <customfield id="customfield_12310310" key="com.atlassian.jira.toolkit:attachments">
                        <customfieldname>Attachment count</customfieldname>
                        <customfieldvalues>
                            <customfieldvalue>3.0</customfieldvalue>
                        </customfieldvalues>
                    </customfield>
                                                                                                                                                                                                            <customfield id="customfield_12310420" key="com.pyxis.greenhopper.jira:gh-global-rank">
                        <customfieldname>Global Rank</customfieldname>
                        <customfieldvalues>
                            <customfieldvalue>85063</customfieldvalue>
                        </customfieldvalues>
                    </customfield>
                                                                <customfield id="customfield_12310920" key="com.pyxis.greenhopper.jira:gh-global-rank">
                        <customfieldname>Rank</customfieldname>
                        <customfieldvalues>
                            <customfieldvalue>236214</customfieldvalue>
                        </customfieldvalues>
                    </customfield>
                                                                                                                        </customfields>
    </item>

<item>
            <title>[PDFBOX-924] Image not getting rendered correctly..</title>
                <link>https://issues.apache.org/jira/browse/PDFBOX-924</link>
                <project id="12310760" key="PDFBOX">PDFBox</project>
                    <description>&lt;p&gt;Hi,&lt;/p&gt;

&lt;p&gt;I converted a MS office word document in to pdf using open office. And then I used the PDFBox API to convert the pages of the PDF to Image. &lt;/p&gt;

&lt;p&gt;Class : PDPage&lt;br/&gt;
API : public BufferedImage convertToImage(int imageType, int resolution) &lt;/p&gt;

&lt;p&gt;But the image contained &quot;)&quot; characters which were not present in the pdf. &lt;/p&gt;</description>
                <environment>Windows XP, Intel Core 2 Duo CPU, JDK1.6</environment>
        <key id="12493676">PDFBOX-924</key>
            <summary>Image not getting rendered correctly..</summary>
                <type id="1" iconUrl="https://issues.apache.org/jira/images/icons/issuetypes/bug.png">Bug</type>
                                            <priority id="2" iconUrl="https://issues.apache.org/jira/images/icons/priorities/critical.png">Critical</priority>
                        <status id="5" iconUrl="https://issues.apache.org/jira/images/icons/statuses/resolved.png" description="A resolution has been taken, and it is awaiting verification by reporter. From here issues are either reopened, or are closed.">Resolved</status>
                    <statusCategory id="3" key="done" colorName="green"/>
                                    <resolution id="1">Fixed</resolution>
                                        <assignee username="lehmi">Andreas Lehmk&#252;hler</assignee>
                                    <reporter username="dsandeep">Sandeep Dhawan</reporter>
                        <labels>
                    </labels>
                <created>Mon, 20 Dec 2010 13:52:29 +0000</created>
                <updated>Fri, 9 Aug 2013 16:34:04 +0100</updated>
                            <resolved>Fri, 9 Aug 2013 16:34:04 +0100</resolved>
                                    <version>1.3.1</version>
                                    <fixVersion>2.0.0</fixVersion>
                                    <component>PDModel</component>
                        <due></due>
                            <votes>1</votes>
                                    <watches>2</watches>
                                                                <comments>
                            <comment id="12973197" author="dsandeep" created="Mon, 20 Dec 2010 14:00:35 +0000"  >&lt;p&gt;I am attaching :&lt;/p&gt;

&lt;p&gt;a. Testing.doc : source document&lt;br/&gt;
b. Testing.pdf : pdf file generated from converting source document to pdf using open office&lt;br/&gt;
c. Testing.png : png file obtained after converting pdf to image using the PDFBox API&lt;/p&gt;
</comment>
                            <comment id="13728819" author="lehmi" created="Sun, 4 Aug 2013 10:37:03 +0100"  >&lt;p&gt;It looks better after solving &lt;a href=&quot;https://issues.apache.org/jira/browse/PDFBOX-490&quot; title=&quot;Pdf Printing of text from embedded fonts&quot; class=&quot;issue-link&quot; data-issue-key=&quot;PDFBOX-490&quot;&gt;&lt;del&gt;PDFBOX-490&lt;/del&gt;&lt;/a&gt;, but there are still some encoding(??) issues. I have to investigate further&lt;/p&gt;</comment>
                            <comment id="13734909" author="lehmi" created="Fri, 9 Aug 2013 16:34:04 +0100"  >&lt;p&gt;Looks quite perfect after solving &lt;a href=&quot;https://issues.apache.org/jira/browse/PDFBOX-412&quot; title=&quot;Failure to render PDFs with embedded fonts&quot; class=&quot;issue-link&quot; data-issue-key=&quot;PDFBOX-412&quot;&gt;&lt;del&gt;PDFBOX-412&lt;/del&gt;&lt;/a&gt;&lt;/p&gt;</comment>
                    </comments>
                <issuelinks>
                            <issuelinktype id="12310000">
                    <name>Duplicate</name>
                                            <outwardlinks description="duplicates">
                                        <issuelink>
            <issuekey id="12429670">PDFBOX-490</issuekey>
        </issuelink>
                            </outwardlinks>
                                                        </issuelinktype>
                            <issuelinktype id="10030">
                    <name>Reference</name>
                                                                <inwardlinks description="is related to">
                                        <issuelink>
            <issuekey id="12413445">PDFBOX-412</issuekey>
        </issuelink>
                            </inwardlinks>
                                    </issuelinktype>
                    </issuelinks>
                <attachments>
                            <attachment id="12466630" name="Testing.doc" size="18944" author="dsandeep" created="Mon, 20 Dec 2010 14:00:35 +0000"/>
                            <attachment id="12466631" name="Testing.pdf" size="60408" author="dsandeep" created="Mon, 20 Dec 2010 14:00:35 +0000"/>
                            <attachment id="12466632" name="Testing.png" size="49079" author="dsandeep" created="Mon, 20 Dec 2010 14:00:35 +0000"/>
                    </attachments>
                <subtasks>
                    </subtasks>
                <customfields>
                                                <customfield id="customfield_12310310" key="com.atlassian.jira.toolkit:attachments">
                        <customfieldname>Attachment count</customfieldname>
                        <customfieldvalues>
                            <customfieldvalue>3.0</customfieldvalue>
                        </customfieldvalues>
                    </customfield>
                                                                                            <customfield id="customfield_12310220" key="com.atlassian.jira.ext.charting:firstresponsedate">
                        <customfieldname>Date of First Response</customfieldname>
                        <customfieldvalues>
                            <customfieldvalue>Sun, 4 Aug 2013 09:37:03 +0000</customfieldvalue>

                        </customfieldvalues>
                    </customfield>
                                                                                                                                                    <customfield id="customfield_12310420" key="com.pyxis.greenhopper.jira:gh-global-rank">
                        <customfieldname>Global Rank</customfieldname>
                        <customfieldvalues>
                            <customfieldvalue>84884</customfieldvalue>
                        </customfieldvalues>
                    </customfield>
                                                                <customfield id="customfield_12310920" key="com.pyxis.greenhopper.jira:gh-global-rank">
                        <customfieldname>Rank</customfieldname>
                        <customfieldvalues>
                            <customfieldvalue>236213</customfieldvalue>
                        </customfieldvalues>
                    </customfield>
                                                                                                                        <customfield id="customfield_12310222" key="com.atlassian.jira.ext.charting:timeinstatus">
                        <customfieldname>Time in Status</customfieldname>
                        <customfieldvalues>
                            
                        </customfieldvalues>
                    </customfield>
                                    </customfields>
    </item>

<item>
            <title>[PDFBOX-925] ExtractText china  pdf  ,but pdfbox  distinguish  Korea,The  pdf 1.2 is ok,since 1.3 error</title>
                <link>https://issues.apache.org/jira/browse/PDFBOX-925</link>
                <project id="12310760" key="PDFBOX">PDFBox</project>
                    <description></description>
                <environment>wndows xp </environment>
        <key id="12493729">PDFBOX-925</key>
            <summary>ExtractText china  pdf  ,but pdfbox  distinguish  Korea,The  pdf 1.2 is ok,since 1.3 error</summary>
                <type id="1" iconUrl="https://issues.apache.org/jira/images/icons/issuetypes/bug.png">Bug</type>
                                            <priority id="3" iconUrl="https://issues.apache.org/jira/images/icons/priorities/major.png">Major</priority>
                        <status id="6" iconUrl="https://issues.apache.org/jira/images/icons/statuses/closed.png" description="The issue is considered finished, the resolution is correct. Issues which are closed can be reopened.">Closed</status>
                    <statusCategory id="3" key="done" colorName="green"/>
                                    <resolution id="1">Fixed</resolution>
                                        <assignee username="lehmi">Andreas Lehmk&#252;hler</assignee>
                                    <reporter username="yuedaxia">yuedaxia</reporter>
                        <labels>
                    </labels>
                <created>Tue, 21 Dec 2010 08:28:28 +0000</created>
                <updated>Fri, 4 Mar 2011 10:29:16 +0000</updated>
                            <resolved>Sun, 23 Jan 2011 13:57:03 +0000</resolved>
                                    <version>1.3.1</version>
                    <version>1.4.0</version>
                                    <fixVersion>1.5.0</fixVersion>
                                    <component>Text extraction</component>
                        <due></due>
                            <votes>0</votes>
                                    <watches>0</watches>
                                                                <comments>
                            <comment id="12973513" author="yuedaxia" created="Tue, 21 Dec 2010 08:33:34 +0000"  >&lt;p&gt;This file encode is china but  pdfbox   korea &lt;/p&gt;</comment>
                            <comment id="12985326" author="lehmi" created="Sun, 23 Jan 2011 13:57:03 +0000"  >&lt;p&gt;I improved the the encoding for CID encoded fonts in revision 1062427. Find attached the result of the text extraction.&lt;/p&gt;</comment>
                    </comments>
                    <attachments>
                            <attachment id="12469078" name="PDFBOX925-java_Enter_Best-03.txt" size="3098" author="lehmi" created="Sun, 23 Jan 2011 13:55:33 +0000"/>
                            <attachment id="12466689" name="java_Enter_Best-03.PDF" size="118103" author="yuedaxia" created="Tue, 21 Dec 2010 08:33:34 +0000"/>
                    </attachments>
                <subtasks>
                    </subtasks>
                <customfields>
                                                <customfield id="customfield_12310310" key="com.atlassian.jira.toolkit:attachments">
                        <customfieldname>Attachment count</customfieldname>
                        <customfieldvalues>
                            <customfieldvalue>2.0</customfieldvalue>
                        </customfieldvalues>
                    </customfield>
                                                                                            <customfield id="customfield_12310220" key="com.atlassian.jira.ext.charting:firstresponsedate">
                        <customfieldname>Date of First Response</customfieldname>
                        <customfieldvalues>
                            <customfieldvalue>Sun, 23 Jan 2011 13:57:03 +0000</customfieldvalue>

                        </customfieldvalues>
                    </customfield>
                                                                                                                                                    <customfield id="customfield_12310420" key="com.pyxis.greenhopper.jira:gh-global-rank">
                        <customfieldname>Global Rank</customfieldname>
                        <customfieldvalues>
                            <customfieldvalue>163575</customfieldvalue>
                        </customfieldvalues>
                    </customfield>
                                                                <customfield id="customfield_12310920" key="com.pyxis.greenhopper.jira:gh-global-rank">
                        <customfieldname>Rank</customfieldname>
                        <customfieldvalues>
                            <customfieldvalue>205441</customfieldvalue>
                        </customfieldvalues>
                    </customfield>
                                                                                                                        <customfield id="customfield_12310222" key="com.atlassian.jira.ext.charting:timeinstatus">
                        <customfieldname>Time in Status</customfieldname>
                        <customfieldvalues>
                            
                        </customfieldvalues>
                    </customfield>
                                    </customfields>
    </item>

<item>
            <title>[PDFBOX-927] Problem on writing some kind of images to a File in filesystem</title>
                <link>https://issues.apache.org/jira/browse/PDFBOX-927</link>
                <project id="12310760" key="PDFBOX">PDFBox</project>
                    <description>&lt;p&gt;I have an image object which is an instance of PDXObjectImage.&lt;/p&gt;

&lt;p&gt;If it has PDIndexed as colorspace.&lt;/p&gt;

&lt;p&gt;&quot;image.getColorSpace() instanceof PDIndexed&quot;&lt;/p&gt;

&lt;p&gt;the image is wrongly rendered.&lt;/p&gt;

&lt;p&gt;Is there any known issue with this colorSpace?&lt;/p&gt;

&lt;p&gt;I think the problem could be at:&lt;br/&gt;
image.write2file(...) or &lt;br/&gt;
image.write2OutputStream(...);&lt;/p&gt;</description>
                <environment>JDK5 / 6
&lt;br/&gt;
</environment>
        <key id="12493748">PDFBOX-927</key>
            <summary>Problem on writing some kind of images to a File in filesystem</summary>
                <type id="1" iconUrl="https://issues.apache.org/jira/images/icons/issuetypes/bug.png">Bug</type>
                                            <priority id="4" iconUrl="https://issues.apache.org/jira/images/icons/priorities/minor.png">Minor</priority>
                        <status id="6" iconUrl="https://issues.apache.org/jira/images/icons/statuses/closed.png" description="The issue is considered finished, the resolution is correct. Issues which are closed can be reopened.">Closed</status>
                    <statusCategory id="3" key="done" colorName="green"/>
                                    <resolution id="1">Fixed</resolution>
                                        <assignee username="lehmi">Andreas Lehmk&#252;hler</assignee>
                                    <reporter username="jose.freitas">JOSE FREITAS</reporter>
                        <labels>
                    </labels>
                <created>Tue, 21 Dec 2010 12:39:36 +0000</created>
                <updated>Sat, 23 Mar 2013 12:56:04 +0000</updated>
                            <resolved>Mon, 14 Jan 2013 19:26:17 +0000</resolved>
                                    <version>1.2.1</version>
                    <version>1.3.1</version>
                    <version>1.4.0</version>
                                    <fixVersion>1.8.0</fixVersion>
                                    <component>PDModel</component>
                        <due></due>
                            <votes>0</votes>
                                    <watches>2</watches>
                                                                <comments>
                            <comment id="13001250" author="adamnichols" created="Wed, 2 Mar 2011 02:04:44 +0000"  >&lt;p&gt;What do you mean when you say it is &quot;wrongly rendered&quot;?  Can you post a screenshot of the image before and after corruption?  Also, if you have the image before it was included, compare that the the one which was extracted and see what is changing.  This could help us track down what the issue is and if its in PDFBox or in one of its dependencies.&lt;/p&gt;</comment>
                            <comment id="13002131" author="jose.freitas" created="Thu, 3 Mar 2011 18:41:20 +0000"  >&lt;p&gt;I don&apos;t have the image from before putting it in the document. I receive the document and then I extract the image.&lt;br/&gt;
I&apos;ll send you an example.&lt;/p&gt;</comment>
                            <comment id="13002132" author="jose.freitas" created="Thu, 3 Mar 2011 18:42:37 +0000"  >&lt;p&gt;example of corrupted image from the pdf attached.&lt;/p&gt;</comment>
                            <comment id="13002135" author="jose.freitas" created="Thu, 3 Mar 2011 18:53:01 +0000"  >&lt;p&gt;comparison between image inside pdf and extracted image.&lt;/p&gt;</comment>
                            <comment id="13002136" author="jose.freitas" created="Thu, 3 Mar 2011 18:53:31 +0000"  >&lt;p&gt;I&apos;ve just realized that this problem is not related with PDIndexed&lt;/p&gt;</comment>
                            <comment id="13002185" author="adamnichols" created="Thu, 3 Mar 2011 20:20:47 +0000"  >&lt;p&gt;I don&apos;t know much about image processing, but could this be related to &lt;a href=&quot;https://issues.apache.org/jira/browse/PDFBOX-942&quot; title=&quot;Image quality improvements&quot; class=&quot;issue-link&quot; data-issue-key=&quot;PDFBOX-942&quot;&gt;&lt;del&gt;PDFBOX-942&lt;/del&gt;&lt;/a&gt;?  Does the newly released PDFBox 1.5.0 have the same issue if you try the sample code from that issue?  Based on your comparison screenshot it looks like it may just be using too much compression and I noticed that 1___Im0-1.jpg is a jpg.&lt;/p&gt;

&lt;p&gt;Also, I&apos;m looking at the API for PDXObjectImage and it looks like there is a getRGBImage() method.  Have you tried seeing if you can get a cleaner image from that?  Also, is there any patterns between the image quality and getBitsPerComponent()/getColorSpace()/getSuffix()?  For example does it only happen with JPGs?  All JPGs, or just some of them?&lt;/p&gt;

&lt;p&gt;I&apos;ve only dealt with one other image problem in PDFBox and that was related to encryption, so I&apos;m no expert, but hopefully this helps at least point you in the right direction.  Also, feel free to look into the PDFBox code to see how it works, it&apos;s not as scary as you might imagine. &lt;img class=&quot;emoticon&quot; src=&quot;https://issues.apache.org/jira/images/icons/emoticons/smile.gif&quot; height=&quot;16&quot; width=&quot;16&quot; align=&quot;absmiddle&quot; alt=&quot;&quot; border=&quot;0&quot;/&gt;&lt;/p&gt;</comment>
                            <comment id="13002518" author="lehmi" created="Fri, 4 Mar 2011 09:39:33 +0000"  >&lt;p&gt;This issue is about extracting images and &lt;a href=&quot;https://issues.apache.org/jira/browse/PDFBOX-942&quot; title=&quot;Image quality improvements&quot; class=&quot;issue-link&quot; data-issue-key=&quot;PDFBOX-942&quot;&gt;&lt;del&gt;PDFBOX-942&lt;/del&gt;&lt;/a&gt; is about adding images to a pdf. So I guess both are not related to each other.&lt;/p&gt;

&lt;p&gt;I&apos;d a look at the code. It just uses the embedded stream and writes the data to the given output stream and it doesn&apos;t use the given colorspace. Maybe that is the reason for the rendering issue. I treid to use the getRGBImage method and to write the resulting BufferedImage to a file using ImageIO but I didn&apos;t work either. &lt;/p&gt;

&lt;p&gt;A possible solution could be to decode the stream using our own implementation, which doesn&apos;t exist yet, instead of using the ImageIO and to apply the given colorspace.&lt;/p&gt;</comment>
                            <comment id="13002537" author="lehmi" created="Fri, 4 Mar 2011 11:00:13 +0000"  >&lt;p&gt;I extracted the images using an other tool and got the same results&lt;/p&gt;

&lt;p&gt;IMO that leads to the conclusion that&lt;/p&gt;

&lt;ul class=&quot;alternate&quot; type=&quot;square&quot;&gt;
	&lt;li&gt;the images embedded in the given pdf have a poor quality&lt;/li&gt;
	&lt;li&gt;other readers like adobe or xpdf must have some build-in algos to improve the rendering automatically&lt;/li&gt;
	&lt;li&gt;PDFBox works fine&lt;/li&gt;
	&lt;li&gt;we should also add an image enhancer  ...&lt;/li&gt;
&lt;/ul&gt;
</comment>
                            <comment id="13553021" author="lehmi" created="Mon, 14 Jan 2013 19:26:17 +0000"  >&lt;p&gt;There were 2 issues:&lt;/p&gt;

&lt;ul class=&quot;alternate&quot; type=&quot;square&quot;&gt;
	&lt;li&gt;unsupported Indexed color space&lt;/li&gt;
	&lt;li&gt;missing JBIG2 support&lt;/li&gt;
&lt;/ul&gt;


&lt;p&gt;In the current trunk (revision 1433060) everything works fine. Be sure to have a working JBIG2 imageio-plugin in the classpath.&lt;/p&gt;</comment>
                    </comments>
                <issuelinks>
                            <issuelinktype id="10030">
                    <name>Reference</name>
                                            <outwardlinks description="relates to">
                                        <issuelink>
            <issuekey id="12627167">PDFBOX-1490</issuekey>
        </issuelink>
            <issuelink>
            <issuekey id="12514479">PDFBOX-1067</issuekey>
        </issuelink>
                            </outwardlinks>
                                                        </issuelinktype>
                    </issuelinks>
                <attachments>
                            <attachment id="12472581" name="1___Im0-1.jpg" size="1322" author="jose.freitas" created="Thu, 3 Mar 2011 18:42:37 +0000"/>
                            <attachment id="12466712" name="ExtractImages.java" size="1645" author="jose.freitas" created="Tue, 21 Dec 2010 12:51:11 +0000"/>
                            <attachment id="12472582" name="comparison.png" size="1178453" author="jose.freitas" created="Thu, 3 Mar 2011 18:53:01 +0000"/>
                            <attachment id="12466713" name="test with pdindexed.pdf" size="206646" author="jose.freitas" created="Tue, 21 Dec 2010 13:08:36 +0000"/>
                    </attachments>
                <subtasks>
                    </subtasks>
                <customfields>
                                                <customfield id="customfield_12310310" key="com.atlassian.jira.toolkit:attachments">
                        <customfieldname>Attachment count</customfieldname>
                        <customfieldvalues>
                            <customfieldvalue>4.0</customfieldvalue>
                        </customfieldvalues>
                    </customfield>
                                                                                            <customfield id="customfield_12310220" key="com.atlassian.jira.ext.charting:firstresponsedate">
                        <customfieldname>Date of First Response</customfieldname>
                        <customfieldvalues>
                            <customfieldvalue>Wed, 2 Mar 2011 02:04:44 +0000</customfieldvalue>

                        </customfieldvalues>
                    </customfield>
                                                                                                                                                    <customfield id="customfield_12310420" key="com.pyxis.greenhopper.jira:gh-global-rank">
                        <customfieldname>Global Rank</customfieldname>
                        <customfieldvalues>
                            <customfieldvalue>85184</customfieldvalue>
                        </customfieldvalues>
                    </customfield>
                                                                <customfield id="customfield_12310920" key="com.pyxis.greenhopper.jira:gh-global-rank">
                        <customfieldname>Rank</customfieldname>
                        <customfieldvalues>
                            <customfieldvalue>236211</customfieldvalue>
                        </customfieldvalues>
                    </customfield>
                                                                                                                        <customfield id="customfield_12310222" key="com.atlassian.jira.ext.charting:timeinstatus">
                        <customfieldname>Time in Status</customfieldname>
                        <customfieldvalues>
                            
                        </customfieldvalues>
                    </customfield>
                                    </customfields>
    </item>

<item>
            <title>[PDFBOX-929] Extraction of the Content from CJK pdf&apos;s using PDFBox and indexing the same with LUCENE search in Solaris fails.</title>
                <link>https://issues.apache.org/jira/browse/PDFBOX-929</link>
                <project id="12310760" key="PDFBOX">PDFBox</project>
                    <description>&lt;p&gt;In the solaris environment , when we are using the PDFBox ,extracting the content and setting few lines from the PDF as a description and &lt;br/&gt;
indexing the content.In the search we don&apos;t get any results when we are searching with the CJK characters but english words it is&lt;br/&gt;
able to retreive results.Am using the correct analyzer both during indexing and searching.This happens only in Solaris , in windows it is working &lt;br/&gt;
fine.Please suggest me guys , this is an major issue for me.&lt;/p&gt;</description>
                <environment>Solaris</environment>
        <key id="12494152">PDFBOX-929</key>
            <summary>Extraction of the Content from CJK pdf&apos;s using PDFBox and indexing the same with LUCENE search in Solaris fails.</summary>
                <type id="1" iconUrl="https://issues.apache.org/jira/images/icons/issuetypes/bug.png">Bug</type>
                                            <priority id="3" iconUrl="https://issues.apache.org/jira/images/icons/priorities/major.png">Major</priority>
                        <status id="1" iconUrl="https://issues.apache.org/jira/images/icons/statuses/open.png" description="The issue is open and ready for the assignee to start work on it.">Open</status>
                    <statusCategory id="2" key="new" colorName="blue-gray"/>
                                    <resolution id="-1">Unresolved</resolution>
                                        <assignee username="-1">Unassigned</assignee>
                                    <reporter username="gomathy">gomathy s</reporter>
                        <labels>
                    </labels>
                <created>Tue, 28 Dec 2010 02:10:33 +0000</created>
                <updated>Sat, 8 Feb 2014 18:07:11 +0000</updated>
                                                                            <component>Text extraction</component>
                        <due></due>
                            <votes>0</votes>
                                    <watches>1</watches>
                                    <timeoriginalestimate seconds="18000">5h</timeoriginalestimate>
                            <timeestimate seconds="18000">5h</timeestimate>
                                        <comments>
                            <comment id="13789409" author="lehmi" created="Tue, 8 Oct 2013 18:20:16 +0100"  >&lt;p&gt;I guess this is a text extraction issue. Can you attach a sample pdf or is it just to late ...&lt;/p&gt;</comment>
                    </comments>
                    <attachments>
                    </attachments>
                <subtasks>
                    </subtasks>
                <customfields>
                                                <customfield id="customfield_12310310" key="com.atlassian.jira.toolkit:attachments">
                        <customfieldname>Attachment count</customfieldname>
                        <customfieldvalues>
                            <customfieldvalue>0.0</customfieldvalue>
                        </customfieldvalues>
                    </customfield>
                                                                                            <customfield id="customfield_12310220" key="com.atlassian.jira.ext.charting:firstresponsedate">
                        <customfieldname>Date of First Response</customfieldname>
                        <customfieldvalues>
                            <customfieldvalue>Tue, 8 Oct 2013 17:20:16 +0000</customfieldvalue>

                        </customfieldvalues>
                    </customfield>
                                                                                                                                                    <customfield id="customfield_12310420" key="com.pyxis.greenhopper.jira:gh-global-rank">
                        <customfieldname>Global Rank</customfieldname>
                        <customfieldvalues>
                            <customfieldvalue>85002</customfieldvalue>
                        </customfieldvalues>
                    </customfield>
                                                                <customfield id="customfield_12310920" key="com.pyxis.greenhopper.jira:gh-global-rank">
                        <customfieldname>Rank</customfieldname>
                        <customfieldvalues>
                            <customfieldvalue>236210</customfieldvalue>
                        </customfieldvalues>
                    </customfield>
                                                                                                                        </customfields>
    </item>
</channel>
</rss>
