<!--
RSS generated by JIRA (6.2#6252-sha1:aa343257d4ce030d9cb8c531be520be9fac1c996) at Tue Jun 03 18:02:27 UTC 2014

It is possible to restrict the fields that are returned in this document by specifying the 'field' parameter in your request.
For example, to request only the issue key and summary add field=key&field=summary to the URL of your request.
For example:
https://issues.apache.org/jira/sr/jira.issueviews:searchrequest-xml/temp/SearchRequest.xml?jqlQuery=project+%3D+PDFBOX+AND+issuetype+%3D+Bug+AND+created+%3E%3D+2009-6-1+AND+created+%3C%3D+2009-7-1+ORDER+BY+key+ASC&tempMax=100&field=key&field=summary
-->
<!-- If you wish to do custom client-side styling of RSS, uncomment this:
<?xml-stylesheet href="https://issues.apache.org/jira/styles/jiraxml2html.xsl" type="text/xsl"?>
-->
<rss version="0.92">
    <channel>
        <title>ASF JIRA</title>
        <link>https://issues.apache.org/jira/secure/IssueNavigator.jspa?reset=true&amp;jqlQuery=project+%3D+PDFBOX+AND+issuetype+%3D+Bug+AND+created+%3E%3D+2009-6-1+AND+created+%3C%3D+2009-7-1+ORDER+BY+key+ASC</link>
        <description>An XML representation of a search request</description>
                <language>en-uk</language>
                        <issue start="0" end="7" total="7"/>
                <build-info>
            <version>6.2</version>
            <build-number>6252</build-number>
            <build-date>19-02-2014</build-date>
        </build-info>
<item>
            <title>[PDFBOX-481] renaming a field and not able to set value to the saved PDF document ...</title>
                <link>https://issues.apache.org/jira/browse/PDFBOX-481</link>
                <project id="12310760" key="PDFBOX">PDFBox</project>
                    <description>&lt;p&gt;I will explain what I want to do.&lt;/p&gt;

&lt;p&gt;1. I have a PDF Document with Fields and let us call this &apos;Source_Original.PDF&apos;. The field names in this PDF document have to be renamed and stored as &apos;Source_Target.PDF&apos;. I then have to set/change the values of form-fields in &apos;Source_Target.PDF&apos;.&lt;/p&gt;

&lt;p&gt;The issue I am facing is given below:&lt;/p&gt;

&lt;p&gt;1. I renamed the form fields in &apos;Source_Original.PDF&quot; using the code given in my earlier mail (below) and saved it as &apos;Source_Target.PDF&apos;.&lt;br/&gt;
2. I checked the form fields in &apos;Source_Target.PDF&quot; and form-fields were renamed correctly.&lt;br/&gt;
3. However when I tried to set/change values of form-fields in &apos;Source_Target.PDF&apos; using PDFBox code, I was not able to do so.&lt;/p&gt;

&lt;p&gt;I used iText to set/change values of form-fields in &apos;Source_Target.PDF&apos; and was successful. But we want to use only PDFBox.&lt;/p&gt;

&lt;p&gt;To summarize - We are not able to set/change values of form fields of a PDF Document whose form-fields have been renamed. There is no issue if the form-fields are renamed manually using Adobe Acrobat 9. The issue is only&lt;br/&gt;
when the form-fields are renamed using PDFBox option - setPartialName(newFieldName);&lt;/p&gt;

&lt;p&gt;&amp;gt; Only to be sure, changing values in &apos;Source_Original.PDF&apos;  works with the same code you use to &lt;br/&gt;
&amp;gt; manipulate &apos;Source_Target.PDF&apos;??&lt;/p&gt;

&lt;p&gt;Yes&lt;/p&gt;

&lt;p&gt;I have attached the 2 files - &quot;Source_Original.PDF&apos; and &apos;Source_Target.PDF&apos;,&lt;/p&gt;

&lt;p&gt;----- Code&lt;br/&gt;
				try&lt;br/&gt;
				{&lt;br/&gt;
					PDDocument pdfDocument = PDDocument.load(pdfSource);&lt;br/&gt;
					try&lt;br/&gt;
					{&lt;br/&gt;
						if (pdfDocument.isEncrypted())&lt;/p&gt;
						{
							pdfDocument.decrypt(&quot;&quot;);
						}
&lt;p&gt;						PDDocumentCatalog docCatalog = pdfDocument.getDocumentCatalog();&lt;br/&gt;
						PDAcroForm acroForm = docCatalog.getAcroForm();&lt;br/&gt;
						if (acroForm != null)&lt;br/&gt;
						{&lt;br/&gt;
							List pdfFields = acroForm.getFields();&lt;br/&gt;
							if (pdfFields != null)&lt;br/&gt;
							{&lt;br/&gt;
								PDField pdfField;&lt;br/&gt;
								for (int i = 0; i &amp;lt; pdfFields.size(); i++)&lt;br/&gt;
								{&lt;br/&gt;
									pdfField = (PDField) pdfFields.get&lt;img class=&quot;emoticon&quot; src=&quot;https://issues.apache.org/jira/images/icons/emoticons/information.gif&quot; height=&quot;16&quot; width=&quot;16&quot; align=&quot;absmiddle&quot; alt=&quot;&quot; border=&quot;0&quot;/&gt;;&lt;br/&gt;
									String fieldName = pdfField.getPartialName();&lt;br/&gt;
									if( pdfFieldNames.containsKey(fieldName) )&lt;/p&gt;
{
										String newFieldName = (String) pdfFieldNames.get(fieldName);
										pdfField.setPartialName(newFieldName);
									}
&lt;p&gt;								}&lt;br/&gt;
								pdfDocument.save(pdfOutput);&lt;br/&gt;
							} else &lt;/p&gt;
{
								return &quot;No Acro Form Fields found in PDF Document &quot; + pdfSource + &quot;!&quot;;
							}
&lt;p&gt;						} else &lt;/p&gt;
{
							return &quot;PDF document &quot; + pdfSource + &quot; not able to access!&quot;;
						}
&lt;p&gt;					} catch (Exception e) &lt;/p&gt;
{
						return &quot;PDF Document &quot; + pdfSource + &quot; is encrypted! Cannot process.&quot;;
					}
&lt;p&gt;					pdfDocument.close();&lt;br/&gt;
				} catch (Exception e) &lt;/p&gt;
{
					return &quot;PDF Document &quot; + pdfSource + &quot; cannot be found!&quot;;
				}</description>
                <environment>Windows XP Professional SP3, jre1.6.0_07/jdk1.6.0_11 , PDFBox-0.7.3.jar</environment>
        <key id="12427215">PDFBOX-481</key>
            <summary>renaming a field and not able to set value to the saved PDF document ...</summary>
                <type id="1" iconUrl="https://issues.apache.org/jira/images/icons/issuetypes/bug.png">Bug</type>
                                            <priority id="3" iconUrl="https://issues.apache.org/jira/images/icons/priorities/major.png">Major</priority>
                        <status id="1" iconUrl="https://issues.apache.org/jira/images/icons/statuses/open.png" description="The issue is open and ready for the assignee to start work on it.">Open</status>
                    <statusCategory id="2" key="new" colorName="blue-gray"/>
                                    <resolution id="-1">Unresolved</resolution>
                                        <assignee username="-1">Unassigned</assignee>
                                    <reporter username="vprasad">Venkatesh Prasad.B.K.</reporter>
                        <labels>
                    </labels>
                <created>Fri, 5 Jun 2009 14:23:55 +0100</created>
                <updated>Sat, 13 Jun 2009 17:29:43 +0100</updated>
                                            <version>0.7.3</version>
                                                    <component>AcroForm</component>
                        <due></due>
                            <votes>0</votes>
                                    <watches>0</watches>
                                                                <comments>
                            <comment id="12716622" author="vprasad" created="Fri, 5 Jun 2009 15:16:46 +0100"  >&lt;p&gt;Files attached as requested by Mr.Andreas.&lt;/p&gt;</comment>
                            <comment id="12717045" author="lehmi" created="Sun, 7 Jun 2009 16:25:54 +0100"  >&lt;p&gt;I&apos;ve tried to set several values in the Source_Target.pdf and it works fine. I&apos;m using the trunk version of pdfbox but I guess 0.7.3. should work too.  But the problem is, pdfbox can&apos;t display the whole pdf with PDFReader because of some problems with the PDSeperation during setting the nonstroking color (see stacktrace). This issue doesn&apos;t depend on the modifications done to the acroform, the NPE already appears if you try to display Source_Original.pdf.&lt;/p&gt;

&lt;p&gt;Jun 7, 2009 5:21:21 PM org.apache.pdfbox.util.PDFStreamEngine processOperator&lt;br/&gt;
WARNING: java.lang.NullPointerException&lt;br/&gt;
 at&lt;br/&gt;
org.apache.pdfbox.util.operator.SetNonStrokingSeparation.process(SetNonStrokingSeparation.java:51)&lt;br/&gt;
org.apache.pdfbox.util.operator.SetStrokingColor.process(SetStrokingColor.java:61)&lt;br/&gt;
org.apache.pdfbox.util.PDFStreamEngine.processOperator(PDFStreamEngine.java:500)&lt;br/&gt;
org.apache.pdfbox.util.PDFStreamEngine.processSubStream(PDFStreamEngine.java:220)&lt;br/&gt;
org.apache.pdfbox.util.PDFStreamEngine.processStream(PDFStreamEngine.java:179)&lt;br/&gt;
org.apache.pdfbox.pdfviewer.PageDrawer.drawPage(PageDrawer.java:90)&lt;br/&gt;
org.apache.pdfbox.pdfviewer.PDFPagePanel.paint(PDFPagePanel.java:76)&lt;/p&gt;
</comment>
                            <comment id="12717046" author="lehmi" created="Sun, 7 Jun 2009 16:28:22 +0100"  >&lt;p&gt;I&apos;ve filled some fields of the acroform using pdfbox and attached the file. Due to an issue displaying this pdf you have to use some other viewer like acrobat&lt;/p&gt;</comment>
                            <comment id="12717047" author="lehmi" created="Sun, 7 Jun 2009 16:41:55 +0100"  >&lt;p&gt;During my debugging I found an issue concerning the scaling of lines. Some lines are too thick. e.g. on the last page the 2 lines for the signature.&lt;br/&gt;
The solution is to scale the linewidth with the current transformation matrix. But at this point It is important that the scaling is done just before the path is stroked and not during setting the linewidth as implemented in my former patch (see &lt;a href=&quot;https://issues.apache.org/jira/browse/PDFBOX-454&quot; title=&quot;IOException upon opening a PDF&quot; class=&quot;issue-link&quot; data-issue-key=&quot;PDFBOX-454&quot;&gt;&lt;del&gt;PDFBOX-454&lt;/del&gt;&lt;/a&gt;). With version 782401 everything seems to be ok.&lt;/p&gt;</comment>
                    </comments>
                    <attachments>
                            <attachment id="12410085" name="PDFBOX481-Source_Target_filled.pdf" size="1004799" author="lehmi" created="Sun, 7 Jun 2009 16:28:22 +0100"/>
                            <attachment id="12409986" name="Source_Original.pdf" size="3172945" author="vprasad" created="Fri, 5 Jun 2009 15:16:46 +0100"/>
                            <attachment id="12409987" name="Source_Target.pdf" size="933656" author="vprasad" created="Fri, 5 Jun 2009 15:16:46 +0100"/>
                    </attachments>
                <subtasks>
                    </subtasks>
                <customfields>
                                                <customfield id="customfield_12310310" key="com.atlassian.jira.toolkit:attachments">
                        <customfieldname>Attachment count</customfieldname>
                        <customfieldvalues>
                            <customfieldvalue>3.0</customfieldvalue>
                        </customfieldvalues>
                    </customfield>
                                                                                            <customfield id="customfield_12310220" key="com.atlassian.jira.ext.charting:firstresponsedate">
                        <customfieldname>Date of First Response</customfieldname>
                        <customfieldvalues>
                            <customfieldvalue>Sun, 7 Jun 2009 15:25:54 +0000</customfieldvalue>

                        </customfieldvalues>
                    </customfield>
                                                                                                                                                    <customfield id="customfield_12310420" key="com.pyxis.greenhopper.jira:gh-global-rank">
                        <customfieldname>Global Rank</customfieldname>
                        <customfieldvalues>
                            <customfieldvalue>84888</customfieldvalue>
                        </customfieldvalues>
                    </customfield>
                                                                <customfield id="customfield_12310920" key="com.pyxis.greenhopper.jira:gh-global-rank">
                        <customfieldname>Rank</customfieldname>
                        <customfieldvalues>
                            <customfieldvalue>236318</customfieldvalue>
                        </customfieldvalues>
                    </customfield>
                                                                                                                        </customfields>
    </item>

<item>
            <title>[PDFBOX-482] DeviceCMYK support in PDColorSpaceFactory</title>
                <link>https://issues.apache.org/jira/browse/PDFBOX-482</link>
                <project id="12310760" key="PDFBOX">PDFBox</project>
                    <description>&lt;p&gt;Running the PrintImageLocations example, causes an exception on some PDF files:&lt;/p&gt;

&lt;p&gt;java.io.IOException: Unknown colorspace array type:COSName&lt;/p&gt;
{DeviceCMYK}
&lt;p&gt;at org.apache.pdfbox.pdmodel.graphics.color.PDColorSpaceFactory.createColorSpace (PDColorSpaceFactory.java:107) &lt;/p&gt;

&lt;p&gt;One of the methods in PDColorSpaceFactory class  is missing the codes that handels DeviceCMYK Colour Space.&lt;/p&gt;

&lt;p&gt;I attached a patch that solves the problem (I hope)&lt;/p&gt;</description>
                <environment></environment>
        <key id="12427384">PDFBOX-482</key>
            <summary>DeviceCMYK support in PDColorSpaceFactory</summary>
                <type id="1" iconUrl="https://issues.apache.org/jira/images/icons/issuetypes/bug.png">Bug</type>
                                            <priority id="3" iconUrl="https://issues.apache.org/jira/images/icons/priorities/major.png">Major</priority>
                        <status id="6" iconUrl="https://issues.apache.org/jira/images/icons/statuses/closed.png" description="The issue is considered finished, the resolution is correct. Issues which are closed can be reopened.">Closed</status>
                    <statusCategory id="3" key="done" colorName="green"/>
                                    <resolution id="1">Fixed</resolution>
                                        <assignee username="-1">Unassigned</assignee>
                                    <reporter username="hilel14">Hilel New</reporter>
                        <labels>
                    </labels>
                <created>Mon, 8 Jun 2009 18:30:19 +0100</created>
                <updated>Wed, 21 Oct 2009 10:52:12 +0100</updated>
                            <resolved>Wed, 10 Jun 2009 06:59:47 +0100</resolved>
                                                    <fixVersion>0.8.0-incubator</fixVersion>
                                    <component>PDModel</component>
                        <due></due>
                            <votes>0</votes>
                                    <watches>0</watches>
                                                                <comments>
                            <comment id="12717349" author="hilel14" created="Mon, 8 Jun 2009 19:12:32 +0100"  >&lt;p&gt;My patch &lt;/p&gt;</comment>
                            <comment id="12717930" author="lehmi" created="Wed, 10 Jun 2009 06:59:47 +0100"  >&lt;p&gt;The issue is fixed with version 783214. &lt;/p&gt;

&lt;p&gt;@Hilel&lt;br/&gt;
Thanks for the patch!&lt;/p&gt;</comment>
                    </comments>
                    <attachments>
                            <attachment id="12410151" name="hilel-new.patch" size="875" author="hilel14" created="Mon, 8 Jun 2009 19:12:32 +0100"/>
                    </attachments>
                <subtasks>
                    </subtasks>
                <customfields>
                                                <customfield id="customfield_12310310" key="com.atlassian.jira.toolkit:attachments">
                        <customfieldname>Attachment count</customfieldname>
                        <customfieldvalues>
                            <customfieldvalue>1.0</customfieldvalue>
                        </customfieldvalues>
                    </customfield>
                                                                                            <customfield id="customfield_12310220" key="com.atlassian.jira.ext.charting:firstresponsedate">
                        <customfieldname>Date of First Response</customfieldname>
                        <customfieldvalues>
                            <customfieldvalue>Wed, 10 Jun 2009 05:59:47 +0000</customfieldvalue>

                        </customfieldvalues>
                    </customfield>
                                                                                                                                                    <customfield id="customfield_12310420" key="com.pyxis.greenhopper.jira:gh-global-rank">
                        <customfieldname>Global Rank</customfieldname>
                        <customfieldvalues>
                            <customfieldvalue>163279</customfieldvalue>
                        </customfieldvalues>
                    </customfield>
                                                                <customfield id="customfield_12310920" key="com.pyxis.greenhopper.jira:gh-global-rank">
                        <customfieldname>Rank</customfieldname>
                        <customfieldvalues>
                            <customfieldvalue>205531</customfieldvalue>
                        </customfieldvalues>
                    </customfield>
                                                                                                                        <customfield id="customfield_12310222" key="com.atlassian.jira.ext.charting:timeinstatus">
                        <customfieldname>Time in Status</customfieldname>
                        <customfieldvalues>
                            
                        </customfieldvalues>
                    </customfield>
                                    </customfields>
    </item>

<item>
            <title>[PDFBOX-483] rendering issues during clipping (W/W*-operator)</title>
                <link>https://issues.apache.org/jira/browse/PDFBOX-483</link>
                <project id="12310760" key="PDFBOX">PDFBox</project>
                    <description>&lt;p&gt;As I already stated in this thread &lt;span class=&quot;error&quot;&gt;&amp;#91;1&amp;#93;&lt;/span&gt;, there are some rendering issues after adding support for the W/W*-operators (clipping).&lt;/p&gt;

&lt;p&gt;E.g. the rendering of Flyer2.pdf from &lt;a href=&quot;https://issues.apache.org/jira/browse/PDFBOX-358&quot; title=&quot;Vertical text extraction splitting text&quot; class=&quot;issue-link&quot; data-issue-key=&quot;PDFBOX-358&quot;&gt;&lt;del&gt;PDFBOX-358&lt;/del&gt;&lt;/a&gt; and the doc attached to &lt;a href=&quot;https://issues.apache.org/jira/browse/PDFBOX-478&quot; title=&quot;PDFToImage  don&amp;#39;t render text in iText generated PDF &quot; class=&quot;issue-link&quot; data-issue-key=&quot;PDFBOX-478&quot;&gt;&lt;del&gt;PDFBOX-478&lt;/del&gt;&lt;/a&gt; is getting worse if clipping is activated.&lt;/p&gt;



&lt;p&gt;&lt;span class=&quot;error&quot;&gt;&amp;#91;1&amp;#93;&lt;/span&gt; &lt;a href=&quot;http://markmail.org/message/vt5ghmqxbt2hj2ku&quot; class=&quot;external-link&quot; rel=&quot;nofollow&quot;&gt;http://markmail.org/message/vt5ghmqxbt2hj2ku&lt;/a&gt;&lt;/p&gt;</description>
                <environment></environment>
        <key id="12427882">PDFBOX-483</key>
            <summary>rendering issues during clipping (W/W*-operator)</summary>
                <type id="1" iconUrl="https://issues.apache.org/jira/images/icons/issuetypes/bug.png">Bug</type>
                                            <priority id="3" iconUrl="https://issues.apache.org/jira/images/icons/priorities/major.png">Major</priority>
                        <status id="6" iconUrl="https://issues.apache.org/jira/images/icons/statuses/closed.png" description="The issue is considered finished, the resolution is correct. Issues which are closed can be reopened.">Closed</status>
                    <statusCategory id="3" key="done" colorName="green"/>
                                    <resolution id="1">Fixed</resolution>
                                        <assignee username="-1">Unassigned</assignee>
                                    <reporter username="lehmi">Andreas Lehmk&#252;hler</reporter>
                        <labels>
                    </labels>
                <created>Mon, 15 Jun 2009 10:13:18 +0100</created>
                <updated>Wed, 21 Oct 2009 10:52:12 +0100</updated>
                            <resolved>Sun, 5 Jul 2009 18:04:45 +0100</resolved>
                                    <version>0.8.0-incubator</version>
                                    <fixVersion>0.8.0-incubator</fixVersion>
                                    <component>Swing GUI</component>
                        <due></due>
                            <votes>0</votes>
                                    <watches>0</watches>
                                                                <comments>
                            <comment id="12722535" author="lehmi" created="Mon, 22 Jun 2009 10:37:07 +0100"  >&lt;p&gt;After performing some tests it seems that the issue occurs if clipping is used in combination with marked content.  Chapter 10.5.2 &quot;Marked Content and Clipping&quot; of the pdf-reference 1.7 confirms this assumption. Obviously in some cases clipping isn&apos;t considered to be part of the painting.&lt;/p&gt;

&lt;p&gt;I&apos;m afraid it&apos;ll not that easy to implement the rules from the reference, but perhaps in the first step it&apos;ll be sufficient to just disable clipping within marked content. I&apos;ll do some tests and we&apos;ll see.&lt;/p&gt;</comment>
                            <comment id="12722573" author="danielwilson" created="Mon, 22 Jun 2009 13:10:46 +0100"  >&lt;p&gt;sounds like a good half-way measure,&lt;/p&gt;</comment>
                            <comment id="12727349" author="lehmi" created="Sun, 5 Jul 2009 18:04:45 +0100"  >&lt;p&gt;With version 791272 I&apos;ve fixed the issue with the clipping operators.&lt;/p&gt;

&lt;p&gt;The documents from &lt;a href=&quot;https://issues.apache.org/jira/browse/PDFBOX-358&quot; title=&quot;Vertical text extraction splitting text&quot; class=&quot;issue-link&quot; data-issue-key=&quot;PDFBOX-358&quot;&gt;&lt;del&gt;PDFBOX-358&lt;/del&gt;&lt;/a&gt; and &lt;a href=&quot;https://issues.apache.org/jira/browse/PDFBOX-478&quot; title=&quot;PDFToImage  don&amp;#39;t render text in iText generated PDF &quot; class=&quot;issue-link&quot; data-issue-key=&quot;PDFBOX-478&quot;&gt;&lt;del&gt;PDFBOX-478&lt;/del&gt;&lt;/a&gt; are rendering like before. I guess there are a lot of other documents which will render better than before, e.g. the Testformular.pdf from &lt;a href=&quot;https://issues.apache.org/jira/browse/PDFBOX-142&quot; title=&quot;PDF to image bugs&quot; class=&quot;issue-link&quot; data-issue-key=&quot;PDFBOX-142&quot;&gt;&lt;del&gt;PDFBOX-142&lt;/del&gt;&lt;/a&gt;. And of course daniels docs are still rendering fine.&lt;/p&gt;

&lt;p&gt;The were several problems to solve&lt;/p&gt;

&lt;ul class=&quot;alternate&quot; type=&quot;square&quot;&gt;
	&lt;li&gt;The clippingpath is part of the graphicstate. Consequently we have to save/restore the path whenever pdfbox processes the q/Q-operators.&lt;/li&gt;
	&lt;li&gt;A new clippingpath has to be intersected with the old one if present&lt;/li&gt;
	&lt;li&gt;we have to set the clipping path before every drawing-operation to the graphics2d&lt;/li&gt;
&lt;/ul&gt;
</comment>
                            <comment id="12727360" author="lehmi" created="Sun, 5 Jul 2009 21:20:15 +0100"  >&lt;p&gt;I&apos;ve forgot to mention that the issue has nothing to do with my first guess. I can&apos;t find a sideeffect based on marked content.&lt;/p&gt;</comment>
                            <comment id="12727391" author="stevepoling" created="Mon, 6 Jul 2009 06:14:36 +0100"  >&lt;p&gt;The text in this document does not appear. Using the current svn trunk (7/6/09), only the lines render and a small ellipse segment at the lower left corner. If I disable the W/W* lines from PageDrawer.properties, the missing text renders in the wrong typeface. You&apos;ll note that embedded fonts are employed.&lt;/p&gt;</comment>
                            <comment id="12727742" author="danielwilson" created="Mon, 6 Jul 2009 21:04:27 +0100"  >&lt;p&gt;Congratulations, Andreas!  This one was not easy!&lt;/p&gt;

&lt;p&gt;I have updated several of the test cases with the output from this version. Flyer2 looks a lot better and several others list changes that I can&apos;t see ... so I&apos;m updating to the output from the new code.&lt;/p&gt;

&lt;p&gt;My test files, however, are not all looking right.&lt;/p&gt;

&lt;p&gt;HotRodCMYK, for example ... the new output is much darker in the letters ... the clipped part where the bitmask is. Likewise ArchiveRGB.  The latter shows clearly a diagonal streaking of the pattern, something that HotRodCMYK hints at but does not show clearly.&lt;/p&gt;

&lt;p&gt;There are some others I have that show the same thing that I&apos;ve not received approval to release.  But those 2 I&apos;ve released do show the problem.&lt;/p&gt;

&lt;p&gt;Given the chance, I&apos;ll dig into this, being mindful of the other test cases &amp;#8211; like Flyer2.  But if something comes to your mind on it, I&apos;d appreciate the suggestions!&lt;/p&gt;</comment>
                            <comment id="12727762" author="danielwilson" created="Mon, 6 Jul 2009 21:25:39 +0100"  >&lt;p&gt;Steve, &lt;/p&gt;

&lt;p&gt;Yours appears to me to be rendering right ...  I&apos;ll attach the PNG my testing generated.&lt;/p&gt;</comment>
                            <comment id="12727763" author="danielwilson" created="Mon, 6 Jul 2009 21:26:56 +0100"  >&lt;p&gt;Here&apos;s the output from Steve&apos;s file, as rendered on my system following Andreas&apos; update.&lt;/p&gt;</comment>
                            <comment id="12727946" author="lehmi" created="Tue, 7 Jul 2009 07:50:14 +0100"  >&lt;p&gt;My changes are only related to clipping stuff, there were no changes to color management or something like that. The main changes canl be found in PageDrawer and PDGraphicsState. Most of the other changes were made to reestablish checkstyle compliance (tabs, methodnames starting with uppercase letters etc.)&lt;/p&gt;

&lt;p&gt;@Daniel&lt;br/&gt;
I have some questions about your testfiles. &lt;/p&gt;

&lt;p&gt;They are looking different using different readers. &lt;/p&gt;

&lt;p&gt;HotRodCMYK: the shadow of the text has different colors&lt;/p&gt;
&lt;ul class=&quot;alternate&quot; type=&quot;square&quot;&gt;
	&lt;li&gt;Acrobat Reader 9.x: dark gray&lt;/li&gt;
	&lt;li&gt;PDFBox PDFReader: white&lt;/li&gt;
	&lt;li&gt;KPDF on my linux box: black&lt;/li&gt;
&lt;/ul&gt;


&lt;p&gt;ArchiveRGB: the border of the big &quot;1865&quot;&lt;/p&gt;
&lt;ul class=&quot;alternate&quot; type=&quot;square&quot;&gt;
	&lt;li&gt;Acrobat Reader 9.x: no visible border&lt;/li&gt;
	&lt;li&gt;PDFBox PDFReader: white border&lt;/li&gt;
&lt;/ul&gt;


&lt;p&gt;How should they look alike?&lt;/p&gt;</comment>
                    </comments>
                    <attachments>
                            <attachment id="12412651" name="filled.pdf-1.png" size="42153" author="danielwilson" created="Mon, 6 Jul 2009 21:26:56 +0100"/>
                    </attachments>
                <subtasks>
                    </subtasks>
                <customfields>
                                                <customfield id="customfield_12310310" key="com.atlassian.jira.toolkit:attachments">
                        <customfieldname>Attachment count</customfieldname>
                        <customfieldvalues>
                            <customfieldvalue>1.0</customfieldvalue>
                        </customfieldvalues>
                    </customfield>
                                                                                            <customfield id="customfield_12310220" key="com.atlassian.jira.ext.charting:firstresponsedate">
                        <customfieldname>Date of First Response</customfieldname>
                        <customfieldvalues>
                            <customfieldvalue>Mon, 22 Jun 2009 12:10:46 +0000</customfieldvalue>

                        </customfieldvalues>
                    </customfield>
                                                                                                                                                    <customfield id="customfield_12310420" key="com.pyxis.greenhopper.jira:gh-global-rank">
                        <customfieldname>Global Rank</customfieldname>
                        <customfieldvalues>
                            <customfieldvalue>163280</customfieldvalue>
                        </customfieldvalues>
                    </customfield>
                                                                <customfield id="customfield_12310920" key="com.pyxis.greenhopper.jira:gh-global-rank">
                        <customfieldname>Rank</customfieldname>
                        <customfieldvalues>
                            <customfieldvalue>205566</customfieldvalue>
                        </customfieldvalues>
                    </customfield>
                                                                                                                        <customfield id="customfield_12310222" key="com.atlassian.jira.ext.charting:timeinstatus">
                        <customfieldname>Time in Status</customfieldname>
                        <customfieldvalues>
                            
                        </customfieldvalues>
                    </customfield>
                                    </customfields>
    </item>

<item>
            <title>[PDFBOX-484] Spaces, numbers and some letters not display correctly</title>
                <link>https://issues.apache.org/jira/browse/PDFBOX-484</link>
                <project id="12310760" key="PDFBOX">PDFBox</project>
                    <description>&lt;p&gt;Hello,&lt;/p&gt;

&lt;p&gt;Many characters in the attached PDF are displayed wrong as you can see in the result.png.&lt;br/&gt;
Especially numbers and spaces are not displayed correctly. Sometimes I can see&lt;br/&gt;
the numbers, sometimes not.  I could not find out the reason yet.&lt;/p&gt;

&lt;p&gt;Perhaps someone already had this problem and can help me with that?!&lt;br/&gt;
To display the PDF I use the following code:&lt;/p&gt;

&lt;p&gt;       PDDocument document = parseDocument(file);&lt;br/&gt;
       List pages = document.getDocumentCatalog().getAllPages();&lt;br/&gt;
       PDPage page = (PDPage)pages.get(0);&lt;br/&gt;
       Image pageImage = page.convertToImage();&lt;br/&gt;
       ImageIcon imageicon = new ImageIcon(pageImage);&lt;br/&gt;
       documentPanel.add(new JLabel(imageicon));&lt;/p&gt;

&lt;p&gt;The problem occurs when I convert the PDF to an image but also when I show&lt;br/&gt;
it in a PDPagePanel.&lt;/p&gt;

&lt;p&gt;Thank you very much&lt;br/&gt;
Marco Siefert &lt;/p&gt;</description>
                <environment>Mac OS X 10.5, JAVA Application (Java 5)</environment>
        <key id="12428132">PDFBOX-484</key>
            <summary>Spaces, numbers and some letters not display correctly</summary>
                <type id="1" iconUrl="https://issues.apache.org/jira/images/icons/issuetypes/bug.png">Bug</type>
                                            <priority id="3" iconUrl="https://issues.apache.org/jira/images/icons/priorities/major.png">Major</priority>
                        <status id="5" iconUrl="https://issues.apache.org/jira/images/icons/statuses/resolved.png" description="A resolution has been taken, and it is awaiting verification by reporter. From here issues are either reopened, or are closed.">Resolved</status>
                    <statusCategory id="3" key="done" colorName="green"/>
                                    <resolution id="1">Fixed</resolution>
                                        <assignee username="lehmi">Andreas Lehmk&#252;hler</assignee>
                                    <reporter username="marco.siefert@kuttig.com">Marco Siefert</reporter>
                        <labels>
                    </labels>
                <created>Wed, 17 Jun 2009 16:17:30 +0100</created>
                <updated>Sun, 11 Aug 2013 18:38:44 +0100</updated>
                            <resolved>Sun, 11 Aug 2013 18:38:44 +0100</resolved>
                                    <version>0.8.0-incubator</version>
                                    <fixVersion>2.0.0</fixVersion>
                                    <component>Swing GUI</component>
                        <due></due>
                            <votes>0</votes>
                                    <watches>1</watches>
                                                                <comments>
                            <comment id="13736352" author="lehmi" created="Sun, 11 Aug 2013 18:38:44 +0100"  >&lt;p&gt;Looks quite perfect after solving &lt;a href=&quot;https://issues.apache.org/jira/browse/PDFBOX-490&quot; title=&quot;Pdf Printing of text from embedded fonts&quot; class=&quot;issue-link&quot; data-issue-key=&quot;PDFBOX-490&quot;&gt;&lt;del&gt;PDFBOX-490&lt;/del&gt;&lt;/a&gt;&lt;/p&gt;</comment>
                    </comments>
                    <attachments>
                            <attachment id="12410947" name="20090528_Verpackungsvorschalg_Kuhlmann.pdf" size="262983" author="marco.siefert@kuttig.com" created="Wed, 17 Jun 2009 16:18:49 +0100"/>
                            <attachment id="12410946" name="result.png" size="98466" author="marco.siefert@kuttig.com" created="Wed, 17 Jun 2009 16:18:49 +0100"/>
                    </attachments>
                <subtasks>
                    </subtasks>
                <customfields>
                                                <customfield id="customfield_12310310" key="com.atlassian.jira.toolkit:attachments">
                        <customfieldname>Attachment count</customfieldname>
                        <customfieldvalues>
                            <customfieldvalue>2.0</customfieldvalue>
                        </customfieldvalues>
                    </customfield>
                                                                                            <customfield id="customfield_12310220" key="com.atlassian.jira.ext.charting:firstresponsedate">
                        <customfieldname>Date of First Response</customfieldname>
                        <customfieldvalues>
                            <customfieldvalue>Sun, 11 Aug 2013 17:38:44 +0000</customfieldvalue>

                        </customfieldvalues>
                    </customfield>
                                                                                                                                                    <customfield id="customfield_12310420" key="com.pyxis.greenhopper.jira:gh-global-rank">
                        <customfieldname>Global Rank</customfieldname>
                        <customfieldvalues>
                            <customfieldvalue>84932</customfieldvalue>
                        </customfieldvalues>
                    </customfield>
                                                                <customfield id="customfield_12310920" key="com.pyxis.greenhopper.jira:gh-global-rank">
                        <customfieldname>Rank</customfieldname>
                        <customfieldvalues>
                            <customfieldvalue>236317</customfieldvalue>
                        </customfieldvalues>
                    </customfield>
                                                                                                                        <customfield id="customfield_12310222" key="com.atlassian.jira.ext.charting:timeinstatus">
                        <customfieldname>Time in Status</customfieldname>
                        <customfieldvalues>
                            
                        </customfieldvalues>
                    </customfield>
                                    </customfields>
    </item>

<item>
            <title>[PDFBOX-485] Fonts not printed on HP laserjet (1320 &amp; 8150) when having landscape orientation</title>
                <link>https://issues.apache.org/jira/browse/PDFBOX-485</link>
                <project id="12310760" key="PDFBOX">PDFBox</project>
                    <description>&lt;p&gt;When printing the attached file on either of the two mentioned printers, only empty rectangles were printed.&lt;br/&gt;
The Text was visible on the PDFReader preview, but was missing in the printout.&lt;/p&gt;

&lt;p&gt;After having read &lt;a href=&quot;http://netstripe.com/info/appnote/app_031.html&quot; class=&quot;external-link&quot; rel=&quot;nofollow&quot;&gt;http://netstripe.com/info/appnote/app_031.html&lt;/a&gt;, I changed the code to rotate the page instead&lt;br/&gt;
of the font. Now the text is printed correctly. I will provide my changes if needed.&lt;/p&gt;</description>
                <environment>windows xp and ubuntu linux 9.04
&lt;br/&gt;
svn at revision 785921
&lt;br/&gt;
hp laserjet 8150 &amp;amp; hp laserjet 1320</environment>
        <key id="12428212">PDFBOX-485</key>
            <summary>Fonts not printed on HP laserjet (1320 &amp; 8150) when having landscape orientation</summary>
                <type id="1" iconUrl="https://issues.apache.org/jira/images/icons/issuetypes/bug.png">Bug</type>
                                            <priority id="3" iconUrl="https://issues.apache.org/jira/images/icons/priorities/major.png">Major</priority>
                        <status id="6" iconUrl="https://issues.apache.org/jira/images/icons/statuses/closed.png" description="The issue is considered finished, the resolution is correct. Issues which are closed can be reopened.">Closed</status>
                    <statusCategory id="3" key="done" colorName="green"/>
                                    <resolution id="1">Fixed</resolution>
                                        <assignee username="-1">Unassigned</assignee>
                                    <reporter username="vbier">Volker Bier</reporter>
                        <labels>
                    </labels>
                <created>Thu, 18 Jun 2009 07:44:09 +0100</created>
                <updated>Wed, 21 Oct 2009 10:52:12 +0100</updated>
                            <resolved>Thu, 25 Jun 2009 18:14:22 +0100</resolved>
                                    <version>0.8.0-incubator</version>
                                    <fixVersion>0.8.0-incubator</fixVersion>
                                    <component>PDModel</component>
                        <due></due>
                            <votes>0</votes>
                                    <watches>0</watches>
                                                                <comments>
                            <comment id="12721098" author="vbier" created="Thu, 18 Jun 2009 07:55:25 +0100"  >&lt;p&gt;file to reproduce the problem (taken from pdfbox-363)&lt;/p&gt;</comment>
                            <comment id="12721102" author="lehmi" created="Thu, 18 Jun 2009 08:11:37 +0100"  >&lt;p&gt;How do you print your pdf?  &lt;br/&gt;
What changes have you made?&lt;/p&gt;</comment>
                            <comment id="12721105" author="vbier" created="Thu, 18 Jun 2009 08:21:00 +0100"  >&lt;p&gt;I printed using the PDFReader, attached modified source files.&lt;/p&gt;</comment>
                            <comment id="12721112" author="lehmi" created="Thu, 18 Jun 2009 08:34:58 +0100"  >&lt;p&gt;Ah, I see, looks quite interesting. I&apos;ll have a further look later when beeing at home again.&lt;/p&gt;

&lt;p&gt;Thanks for the contribution.&lt;/p&gt;</comment>
                            <comment id="12721723" author="vbier" created="Fri, 19 Jun 2009 11:16:17 +0100"  >&lt;p&gt;The code most likely will not work for text that is rotated in an arbitrary angle, but only for multiples of 90 degrees. If it is safe to assume that the transformation passed to the drawString method in PDSImpleFont does only contain a rotation (which seems to be the case during my experiments), it would be better to use the update version of PDSimpleFont.&lt;/p&gt;</comment>
                            <comment id="12721731" author="lehmi" created="Fri, 19 Jun 2009 11:47:57 +0100"  >&lt;p&gt;I made some tests and I realized too that there are some problems with other rotation angles than 90 degrees. I&apos;m afraid it is not save to assume that the transformation only contains a rotation. There are 3 ways to set the fontsize in a pdf: setting the fontsize itself, add the scaling to the textmatrix or a combination of both. So the solution will be a bit more complicated, but we are on the right way.&lt;/p&gt;</comment>
                            <comment id="12722984" author="vbier" created="Tue, 23 Jun 2009 07:42:54 +0100"  >&lt;p&gt;It looks like we simply need to apply the font transformation to the graphics object, as in my updated source. It just quickly tested it by using an affinetransform consisting of a 30&#176; rotation &lt;br/&gt;
combined with a magnification of 24 (font size was 1.0) and the preview and printout looked okay.&lt;br/&gt;
This needs further testing, but since I can now print my pdf files correctly, I will leave this work to you...&lt;/p&gt;</comment>
                            <comment id="12722994" author="lehmi" created="Tue, 23 Jun 2009 08:53:24 +0100"  >&lt;p&gt;Your solution sounds reasonable to me, I&apos;ve already tested in the same direction. I&apos;ll perform some further tests with your sources and we&apos;ll see if it works in every situation.&lt;br/&gt;
By now thanks a lot for your contribution.&lt;/p&gt;</comment>
                            <comment id="12724151" author="lehmi" created="Thu, 25 Jun 2009 18:14:22 +0100"  >&lt;p&gt;I&apos;ve added Volkers patch with version 788440. I&apos;ve to adjust the source a little to ensure jdk1.4 compliance and to fullfil the checkstyle requirements.&lt;/p&gt;

&lt;p&gt;Thanks to Volker for his help&lt;/p&gt;</comment>
                    </comments>
                    <attachments>
                            <attachment id="12411208" name="PDSimpleFont.java" size="11362" author="vbier" created="Fri, 19 Jun 2009 11:16:17 +0100"/>
                            <attachment id="12411038" name="PDSimpleFont.java" size="11838" author="vbier" created="Thu, 18 Jun 2009 08:21:00 +0100"/>
                            <attachment id="12411039" name="PDTrueTypeFont.java" size="15854" author="vbier" created="Thu, 18 Jun 2009 08:21:00 +0100"/>
                            <attachment id="12411040" name="PDType1Font.java" size="8118" author="vbier" created="Thu, 18 Jun 2009 08:21:00 +0100"/>
                            <attachment id="12411037" name="test-landscape2.pdf" size="10381" author="vbier" created="Thu, 18 Jun 2009 07:55:25 +0100"/>
                    </attachments>
                <subtasks>
                    </subtasks>
                <customfields>
                                                <customfield id="customfield_12310310" key="com.atlassian.jira.toolkit:attachments">
                        <customfieldname>Attachment count</customfieldname>
                        <customfieldvalues>
                            <customfieldvalue>5.0</customfieldvalue>
                        </customfieldvalues>
                    </customfield>
                                                                                            <customfield id="customfield_12310220" key="com.atlassian.jira.ext.charting:firstresponsedate">
                        <customfieldname>Date of First Response</customfieldname>
                        <customfieldvalues>
                            <customfieldvalue>Thu, 18 Jun 2009 07:11:37 +0000</customfieldvalue>

                        </customfieldvalues>
                    </customfield>
                                                                                                                                                    <customfield id="customfield_12310420" key="com.pyxis.greenhopper.jira:gh-global-rank">
                        <customfieldname>Global Rank</customfieldname>
                        <customfieldvalues>
                            <customfieldvalue>163281</customfieldvalue>
                        </customfieldvalues>
                    </customfield>
                                                                <customfield id="customfield_12310920" key="com.pyxis.greenhopper.jira:gh-global-rank">
                        <customfieldname>Rank</customfieldname>
                        <customfieldvalues>
                            <customfieldvalue>205443</customfieldvalue>
                        </customfieldvalues>
                    </customfield>
                                                                                                                        <customfield id="customfield_12310222" key="com.atlassian.jira.ext.charting:timeinstatus">
                        <customfieldname>Time in Status</customfieldname>
                        <customfieldvalues>
                            
                        </customfieldvalues>
                    </customfield>
                                    </customfields>
    </item>

<item>
            <title>[PDFBOX-487] Font size not rendered with the needed precision</title>
                <link>https://issues.apache.org/jira/browse/PDFBOX-487</link>
                <project id="12310760" key="PDFBOX">PDFBox</project>
                    <description>&lt;p&gt;When previewing the attached file using the PDFReader, the font size is not correct. The last paragraph (the one with the huge hex string that is split over several lines) should be exactly as long as the &lt;br/&gt;
separator lines. See how the font size changes if the preview is resized, leaving a wider or narrower margin at the end of the page.&lt;/p&gt;

&lt;p&gt;This can be solved by adding&lt;br/&gt;
        graphics.setRenderingHint(RenderingHints.KEY_FRACTIONALMETRICS, RenderingHints.VALUE_FRACTIONALMETRICS_ON);&lt;/p&gt;

&lt;p&gt;to the drawPage method of the PageDrawer. After applying the change, always fits the page exactly, independent of the preview window size.&lt;/p&gt;</description>
                <environment>windows xp and ubuntu linux 9.04 
&lt;br/&gt;
svn at revision 785921.
&lt;br/&gt;
hp laserjet 8150 &amp;amp; hp laserjet 1320</environment>
        <key id="12428344">PDFBOX-487</key>
            <summary>Font size not rendered with the needed precision</summary>
                <type id="1" iconUrl="https://issues.apache.org/jira/images/icons/issuetypes/bug.png">Bug</type>
                                            <priority id="3" iconUrl="https://issues.apache.org/jira/images/icons/priorities/major.png">Major</priority>
                        <status id="6" iconUrl="https://issues.apache.org/jira/images/icons/statuses/closed.png" description="The issue is considered finished, the resolution is correct. Issues which are closed can be reopened.">Closed</status>
                    <statusCategory id="3" key="done" colorName="green"/>
                                    <resolution id="1">Fixed</resolution>
                                        <assignee username="-1">Unassigned</assignee>
                                    <reporter username="vbier">Volker Bier</reporter>
                        <labels>
                    </labels>
                <created>Fri, 19 Jun 2009 11:25:38 +0100</created>
                <updated>Wed, 21 Oct 2009 10:52:12 +0100</updated>
                            <resolved>Sat, 20 Jun 2009 14:32:20 +0100</resolved>
                                                    <fixVersion>0.8.0-incubator</fixVersion>
                                        <due></due>
                            <votes>0</votes>
                                    <watches>0</watches>
                                                                <comments>
                            <comment id="12722189" author="lehmi" created="Sat, 20 Jun 2009 14:32:20 +0100"  >&lt;p&gt;I&apos;ve added your suggestion with version 786814. Works well.&lt;/p&gt;

&lt;p&gt;@Volker&lt;br/&gt;
Thanks for the hint!!&lt;/p&gt;</comment>
                    </comments>
                    <attachments>
                            <attachment id="12411209" name="pdf.pdf" size="4018" author="vbier" created="Fri, 19 Jun 2009 11:28:34 +0100"/>
                    </attachments>
                <subtasks>
                    </subtasks>
                <customfields>
                                                <customfield id="customfield_12310310" key="com.atlassian.jira.toolkit:attachments">
                        <customfieldname>Attachment count</customfieldname>
                        <customfieldvalues>
                            <customfieldvalue>1.0</customfieldvalue>
                        </customfieldvalues>
                    </customfield>
                                                                                            <customfield id="customfield_12310220" key="com.atlassian.jira.ext.charting:firstresponsedate">
                        <customfieldname>Date of First Response</customfieldname>
                        <customfieldvalues>
                            <customfieldvalue>Sat, 20 Jun 2009 13:32:20 +0000</customfieldvalue>

                        </customfieldvalues>
                    </customfield>
                                                                                                                                                    <customfield id="customfield_12310420" key="com.pyxis.greenhopper.jira:gh-global-rank">
                        <customfieldname>Global Rank</customfieldname>
                        <customfieldvalues>
                            <customfieldvalue>163282</customfieldvalue>
                        </customfieldvalues>
                    </customfield>
                                                                <customfield id="customfield_12310920" key="com.pyxis.greenhopper.jira:gh-global-rank">
                        <customfieldname>Rank</customfieldname>
                        <customfieldvalues>
                            <customfieldvalue>205315</customfieldvalue>
                        </customfieldvalues>
                    </customfield>
                                                                                                                        <customfield id="customfield_12310222" key="com.atlassian.jira.ext.charting:timeinstatus">
                        <customfieldname>Time in Status</customfieldname>
                        <customfieldvalues>
                            
                        </customfieldvalues>
                    </customfield>
                                    </customfields>
    </item>

<item>
            <title>[PDFBOX-488] Invalid memory access of location 00000000 eip=968f5aa7  (MAC OS X)</title>
                <link>https://issues.apache.org/jira/browse/PDFBOX-488</link>
                <project id="12310760" key="PDFBOX">PDFBox</project>
                    <description>&lt;p&gt;Hi,&lt;/p&gt;

&lt;p&gt;when I open the document test.pdf (attached to this issue) the application crashes and throws errors. &lt;br/&gt;
In the Debugger I can see the following message at the end:&lt;/p&gt;

&lt;p&gt;Invalid memory access of location 00000000 eip=968f5aa7&lt;/p&gt;

&lt;p&gt;In the logfile there are some errors like:&lt;br/&gt;
22.06.2009 16:17:26 org.apache.pdfbox.util.operator.SetNonStrokingColor process&lt;br/&gt;
WARNUNG: Not supported colorspace Pattern within operator scn&lt;br/&gt;
22.06.2009 16:17:26 org.apache.pdfbox.pdmodel.graphics.color.PDColorSpaceInstance createColor&lt;br/&gt;
SCHWERWIEGEND: java.io.IOException: Not implemented&lt;/p&gt;

&lt;p&gt;or&lt;/p&gt;


&lt;p&gt;22.06.2009 16:17:26 org.apache.pdfbox.util.operator.pagedrawer.FillNonZeroRule process&lt;br/&gt;
WARNUNG: Not implemented&lt;/p&gt;

&lt;p&gt;I get the error with Java 5 and 6.&lt;br/&gt;
On a Windows machine the error doesn&apos;t occur.&lt;/p&gt;

&lt;p&gt;Other PDFs are working expect the one that I mentioned in issue PDFBox-484 where I have some display problems.&lt;/p&gt;

&lt;p&gt;Does someone know a workaround for this &quot;Invalid memory access&quot; error?&lt;/p&gt;

&lt;p&gt;Regards&lt;br/&gt;
Marco&lt;/p&gt;
</description>
                <environment>MAC OS X 10.5, Java 5, Java 6</environment>
        <key id="12428573">PDFBOX-488</key>
            <summary>Invalid memory access of location 00000000 eip=968f5aa7  (MAC OS X)</summary>
                <type id="1" iconUrl="https://issues.apache.org/jira/images/icons/issuetypes/bug.png">Bug</type>
                                            <priority id="2" iconUrl="https://issues.apache.org/jira/images/icons/priorities/critical.png">Critical</priority>
                        <status id="5" iconUrl="https://issues.apache.org/jira/images/icons/statuses/resolved.png" description="A resolution has been taken, and it is awaiting verification by reporter. From here issues are either reopened, or are closed.">Resolved</status>
                    <statusCategory id="3" key="done" colorName="green"/>
                                    <resolution id="1">Fixed</resolution>
                                        <assignee username="jahewson">John Hewson</assignee>
                                    <reporter username="marco.siefert@kuttig.com">Marco Siefert</reporter>
                        <labels>
                    </labels>
                <created>Mon, 22 Jun 2009 15:29:03 +0100</created>
                <updated>Tue, 27 May 2014 08:23:35 +0100</updated>
                            <resolved>Tue, 27 May 2014 08:23:35 +0100</resolved>
                                    <version>0.8.0-incubator</version>
                                    <fixVersion>2.0.0</fixVersion>
                                    <component>Rendering</component>
                        <due></due>
                            <votes>0</votes>
                                    <watches>3</watches>
                                                                <comments>
                            <comment id="12722617" author="marco.siefert@kuttig.com" created="Mon, 22 Jun 2009 15:30:51 +0100"  >&lt;p&gt;PDF that crashes the application&lt;/p&gt;</comment>
                            <comment id="12722618" author="marco.siefert@kuttig.com" created="Mon, 22 Jun 2009 15:31:44 +0100"  >&lt;p&gt;Logfile&lt;/p&gt;</comment>
                            <comment id="12724245" author="lehmi" created="Thu, 25 Jun 2009 21:09:12 +0100"  >&lt;p&gt;The pdf doesn&apos;t look good, but i didn&apos;t crash on my linux box. It seems to be an issue with your OS and/or your jdk. &lt;/p&gt;</comment>
                            <comment id="12724413" author="marco.siefert@kuttig.com" created="Fri, 26 Jun 2009 08:35:01 +0100"  >&lt;p&gt;Yes I have looked for this error codes on google and found many forum posts that say that it is a bug in the apple jdk.&lt;br/&gt;
Upgrading to the newest jdk did not help. Issue occurs in JDK 1.5.0_19 and 1.6.0_13. I have also updated the OS to Mac OS X 10.5.7. but&lt;br/&gt;
the issue still occurs. I have tested it in other Java pdf renderer tools. They also do not display the pdf correctly but they do not crash.&lt;/p&gt;

</comment>
                            <comment id="12724935" author="lehmi" created="Sun, 28 Jun 2009 11:28:44 +0100"  >&lt;p&gt;As this isn&apos;t a pdfbox problem I close this issue.&lt;/p&gt;</comment>
                            <comment id="12731965" author="jukkaz" created="Thu, 16 Jul 2009 15:44:47 +0100"  >&lt;p&gt;Reopening. We&apos;re seeing this at work, and even though I agree that the root cause is not in PDFBox, the only reasonable place for a workaround is in PDFBox. The only alternative is to stop all PDF processing, as without looking inside the PDF file (with PDFBox) it&apos;s impossible to say whether a particular file is affected by this issue or not.&lt;/p&gt;</comment>
                            <comment id="12754980" author="jukkaz" created="Mon, 14 Sep 2009 14:44:30 +0100"  >&lt;p&gt;Here&apos;s the related JVM crash we&apos;re seeing at work:&lt;/p&gt;

&lt;p&gt;Java frames: (J=compiled Java code, j=interpreted, Vv=VM code)&lt;br/&gt;
j  sun.font.AppleNativeFont.createNativeFont(Ljava/lang/String;IZ)J+0&lt;br/&gt;
j  sun.font.AppleNativeFont.getNativeFontPtr()J+31&lt;br/&gt;
j  sun.font.AppleNativeStrike.getNativeStrikePtr()J+121&lt;br/&gt;
j  apple.awt.CTextPipe.getNativeStrikePtr(Lsun/java2d/SunGraphics2D;)J+21&lt;br/&gt;
j  apple.awt.CTextPipe.drawString(Lsun/java2d/SunGraphics2D;Ljava/lang/String;DD)V+51&lt;br/&gt;
j  sun.java2d.pipe.ValidatePipe.drawString(Lsun/java2d/SunGraphics2D;Ljava/lang/String;DD)V+17&lt;br/&gt;
j  sun.java2d.SunGraphics2D.drawString(Ljava/lang/String;FF)V+25&lt;br/&gt;
j  org.apache.pdfbox.pdmodel.font.PDTrueTypeFont.drawString(Ljava/lang/String;Ljava/awt/Graphics;FLjava/awt/geom/AffineTransform;FF)V+282&lt;br/&gt;
j  org.apache.pdfbox.pdfviewer.PageDrawer.processTextPosition(Lorg/apache/pdfbox/util/TextPosition;)V+236&lt;br/&gt;
j  org.apache.pdfbox.util.PDFStreamEngine.processEncodedText([B)V+740&lt;br/&gt;
j  org.apache.pdfbox.util.operator.ShowText.process(Lorg/apache/pdfbox/util/PDFOperator;Ljava/util/List;)V+19&lt;br/&gt;
j  org.apache.pdfbox.util.PDFStreamEngine.processOperator(Lorg/apache/pdfbox/util/PDFOperator;Ljava/util/List;)V+29&lt;br/&gt;
j  org.apache.pdfbox.util.PDFStreamEngine.processSubStream(Lorg/apache/pdfbox/pdmodel/PDPage;Lorg/apache/pdfbox/pdmodel/PDResources;Lorg/apache/pdfbox/cos/COSStream;)V+171&lt;br/&gt;
j  org.apache.pdfbox.util.operator.pagedrawer.Invoke.process(Lorg/apache/pdfbox/util/PDFOperator;Ljava/util/List;)V+419&lt;br/&gt;
j  org.apache.pdfbox.util.PDFStreamEngine.processOperator(Lorg/apache/pdfbox/util/PDFOperator;Ljava/util/List;)V+29&lt;br/&gt;
j  org.apache.pdfbox.util.PDFStreamEngine.processSubStream(Lorg/apache/pdfbox/pdmodel/PDPage;Lorg/apache/pdfbox/pdmodel/PDResources;Lorg/apache/pdfbox/cos/COSStream;)V+171&lt;br/&gt;
j  org.apache.pdfbox.util.PDFStreamEngine.processStream(Lorg/apache/pdfbox/pdmodel/PDPage;Lorg/apache/pdfbox/pdmodel/PDResources;Lorg/apache/pdfbox/cos/COSStream;)V+39&lt;br/&gt;
j  org.apache.pdfbox.pdfviewer.PageDrawer.drawPage(Ljava/awt/Graphics;Lorg/apache/pdfbox/pdmodel/PDPage;Ljava/awt/Dimension;)V+57&lt;br/&gt;
j  org.apache.pdfbox.pdmodel.PDPage.convertToImage()Ljava/awt/image/BufferedImage;+107&lt;/p&gt;</comment>
                            <comment id="13650097" author="msahyoun" created="Mon, 6 May 2013 21:43:08 +0100"  >&lt;p&gt;Hi,&lt;/p&gt;

&lt;p&gt;can we close the issue? Seems to work since PDFBox 1.7.0 i.e. testing with 1.6.0 on OSX I get the described error testing with 1.7.0 onwards the error no longer occurs.&lt;/p&gt;

&lt;p&gt;BR&lt;br/&gt;
Maruan&lt;/p&gt;</comment>
                            <comment id="13913123" author="tilman" created="Wed, 26 Feb 2014 16:42:56 +0000"  >&lt;p&gt;It renders nicely with the current 2.0 version on JDK7. Does it still happen with PDFBOX 1.8.* and JDK6?&lt;/p&gt;</comment>
                            <comment id="14009460" author="jahewson" created="Tue, 27 May 2014 08:23:35 +0100"  >&lt;p&gt;I&apos;m going to resolve this issue as fixed due to a lack of evidence to suggest otherwise.&lt;/p&gt;</comment>
                    </comments>
                    <attachments>
                            <attachment id="12411412" name="PDFBox.log" size="72956" author="marco.siefert@kuttig.com" created="Mon, 22 Jun 2009 15:31:44 +0100"/>
                            <attachment id="12411411" name="test.pdf" size="120866" author="marco.siefert@kuttig.com" created="Mon, 22 Jun 2009 15:30:51 +0100"/>
                    </attachments>
                <subtasks>
                    </subtasks>
                <customfields>
                                                <customfield id="customfield_12310310" key="com.atlassian.jira.toolkit:attachments">
                        <customfieldname>Attachment count</customfieldname>
                        <customfieldvalues>
                            <customfieldvalue>2.0</customfieldvalue>
                        </customfieldvalues>
                    </customfield>
                                                                                            <customfield id="customfield_12310220" key="com.atlassian.jira.ext.charting:firstresponsedate">
                        <customfieldname>Date of First Response</customfieldname>
                        <customfieldvalues>
                            <customfieldvalue>Thu, 25 Jun 2009 20:09:12 +0000</customfieldvalue>

                        </customfieldvalues>
                    </customfield>
                                                                                                                                                    <customfield id="customfield_12310420" key="com.pyxis.greenhopper.jira:gh-global-rank">
                        <customfieldname>Global Rank</customfieldname>
                        <customfieldvalues>
                            <customfieldvalue>163283</customfieldvalue>
                        </customfieldvalues>
                    </customfield>
                                                                <customfield id="customfield_12310920" key="com.pyxis.greenhopper.jira:gh-global-rank">
                        <customfieldname>Rank</customfieldname>
                        <customfieldvalues>
                            <customfieldvalue>236315</customfieldvalue>
                        </customfieldvalues>
                    </customfield>
                                                                                                                        <customfield id="customfield_12310222" key="com.atlassian.jira.ext.charting:timeinstatus">
                        <customfieldname>Time in Status</customfieldname>
                        <customfieldvalues>
                            
                        </customfieldvalues>
                    </customfield>
                                    </customfields>
    </item>
</channel>
</rss>
