<!--
RSS generated by JIRA (6.2#6252-sha1:aa343257d4ce030d9cb8c531be520be9fac1c996) at Tue Jun 03 18:02:53 UTC 2014

It is possible to restrict the fields that are returned in this document by specifying the 'field' parameter in your request.
For example, to request only the issue key and summary add field=key&field=summary to the URL of your request.
For example:
https://issues.apache.org/jira/sr/jira.issueviews:searchrequest-xml/temp/SearchRequest.xml?jqlQuery=project+%3D+PDFBOX+AND+issuetype+%3D+Bug+AND+created+%3E%3D+2009-11-1+AND+created+%3C%3D+2009-12-1+ORDER+BY+key+ASC&tempMax=100&field=key&field=summary
-->
<!-- If you wish to do custom client-side styling of RSS, uncomment this:
<?xml-stylesheet href="https://issues.apache.org/jira/styles/jiraxml2html.xsl" type="text/xsl"?>
-->
<rss version="0.92">
    <channel>
        <title>ASF JIRA</title>
        <link>https://issues.apache.org/jira/secure/IssueNavigator.jspa?reset=true&amp;jqlQuery=project+%3D+PDFBOX+AND+issuetype+%3D+Bug+AND+created+%3E%3D+2009-11-1+AND+created+%3C%3D+2009-12-1+ORDER+BY+key+ASC</link>
        <description>An XML representation of a search request</description>
                <language>en-uk</language>
                        <issue start="0" end="12" total="12"/>
                <build-info>
            <version>6.2</version>
            <build-number>6252</build-number>
            <build-date>19-02-2014</build-date>
        </build-info>
<item>
            <title>[PDFBOX-552] NPE while printing a pdf with an image inside</title>
                <link>https://issues.apache.org/jira/browse/PDFBOX-552</link>
                <project id="12310760" key="PDFBOX">PDFBox</project>
                    <description>&lt;p&gt;Whenever a pdf is printed java uses a 2-pass-algo to create each page. The first pass using sun.print.PeekGraphics works fine, but during the second pass using sun.print.PSPathGraphics an exception occurs if the pdf includes an image.&lt;/p&gt;

&lt;p&gt;java.lang.NullPointerException&lt;br/&gt;
	at java.awt.geom.Area.&amp;lt;init&amp;gt;(Area.java:108)&lt;br/&gt;
	at sun.print.PSPathGraphics.drawImageToPlatform(PSPathGraphics.java:560)&lt;br/&gt;
	at sun.print.PathGraphics.drawImage(PathGraphics.java:1701)&lt;br/&gt;
	at org.apache.pdfbox.util.operator.pagedrawer.Invoke.process(Invoke.java:121)&lt;br/&gt;
	at org.apache.pdfbox.util.PDFStreamEngine.processOperator(PDFStreamEngine.java:516)&lt;br/&gt;
	at org.apache.pdfbox.util.PDFStreamEngine.processSubStream(PDFStreamEngine.java:229)&lt;br/&gt;
	at org.apache.pdfbox.util.PDFStreamEngine.processStream(PDFStreamEngine.java:188)&lt;br/&gt;
	at org.apache.pdfbox.pdfviewer.PageDrawer.drawPage(PageDrawer.java:99)&lt;br/&gt;
	at org.apache.pdfbox.pdmodel.PDPage.print(PDPage.java:795)&lt;br/&gt;
	at sun.print.RasterPrinterJob.printPage(RasterPrinterJob.java:1964)&lt;br/&gt;
	at sun.print.RasterPrinterJob.print(RasterPrinterJob.java:1431)&lt;br/&gt;
	at sun.print.RasterPrinterJob.print(RasterPrinterJob.java:1247)&lt;br/&gt;
	at org.apache.pdfbox.pdmodel.PDDocument.print(PDDocument.java:1003)&lt;/p&gt;</description>
                <environment></environment>
        <key id="12439626">PDFBOX-552</key>
            <summary>NPE while printing a pdf with an image inside</summary>
                <type id="1" iconUrl="https://issues.apache.org/jira/images/icons/issuetypes/bug.png">Bug</type>
                                            <priority id="3" iconUrl="https://issues.apache.org/jira/images/icons/priorities/major.png">Major</priority>
                        <status id="6" iconUrl="https://issues.apache.org/jira/images/icons/statuses/closed.png" description="The issue is considered finished, the resolution is correct. Issues which are closed can be reopened.">Closed</status>
                    <statusCategory id="3" key="done" colorName="green"/>
                                    <resolution id="1">Fixed</resolution>
                                        <assignee username="-1">Unassigned</assignee>
                                    <reporter username="lehmi">Andreas Lehmk&#252;hler</reporter>
                        <labels>
                    </labels>
                <created>Sun, 1 Nov 2009 14:32:13 +0000</created>
                <updated>Mon, 22 Feb 2010 18:28:04 +0000</updated>
                            <resolved>Sun, 1 Nov 2009 14:57:06 +0000</resolved>
                                    <version>0.8.0-incubator</version>
                                    <fixVersion>1.0.0</fixVersion>
                                    <component>Parsing</component>
                        <due></due>
                            <votes>0</votes>
                                    <watches>0</watches>
                                                                <comments>
                            <comment id="12772322" author="lehmi" created="Sun, 1 Nov 2009 14:36:45 +0000"  >&lt;p&gt;Attaching a sample pdf to demonstrate the issue. Werner Nell send this pdf to me.&lt;/p&gt;</comment>
                            <comment id="12772327" author="lehmi" created="Sun, 1 Nov 2009 14:57:06 +0000"  >&lt;p&gt;During investigating a little bit in the internet I&apos;ve found some hints that probably an empty clippping area causes the NPE described above. After replacing a possible null-value for the clipping area with a rectangle having the same dimension than the page to be printed, everythings works fine.&lt;/p&gt;

&lt;p&gt;I&apos;ve modified the &quot;Invoke&quot; and the &quot;BeginInlineImage&quot; operator with version 831683.&lt;/p&gt;</comment>
                            <comment id="12836793" author="lehmi" created="Mon, 22 Feb 2010 18:28:04 +0000"  >&lt;p&gt;closed after releasing version 1.0.0&lt;/p&gt;</comment>
                    </comments>
                    <attachments>
                            <attachment id="12423775" name="MODULE17FHE38EX.pdf" size="13802" author="lehmi" created="Sun, 1 Nov 2009 14:36:45 +0000"/>
                    </attachments>
                <subtasks>
                    </subtasks>
                <customfields>
                                                <customfield id="customfield_12310310" key="com.atlassian.jira.toolkit:attachments">
                        <customfieldname>Attachment count</customfieldname>
                        <customfieldvalues>
                            <customfieldvalue>1.0</customfieldvalue>
                        </customfieldvalues>
                    </customfield>
                                                                                                                                                                                                            <customfield id="customfield_12310420" key="com.pyxis.greenhopper.jira:gh-global-rank">
                        <customfieldname>Global Rank</customfieldname>
                        <customfieldvalues>
                            <customfieldvalue>163329</customfieldvalue>
                        </customfieldvalues>
                    </customfield>
                                                                <customfield id="customfield_12310920" key="com.pyxis.greenhopper.jira:gh-global-rank">
                        <customfieldname>Rank</customfieldname>
                        <customfieldvalues>
                            <customfieldvalue>205381</customfieldvalue>
                        </customfieldvalues>
                    </customfield>
                                                                                                                        <customfield id="customfield_12310222" key="com.atlassian.jira.ext.charting:timeinstatus">
                        <customfieldname>Time in Status</customfieldname>
                        <customfieldvalues>
                            
                        </customfieldvalues>
                    </customfield>
                                    </customfields>
    </item>

<item>
            <title>[PDFBOX-555] Highlight.jsp (pdfbox.war) not working</title>
                <link>https://issues.apache.org/jira/browse/PDFBOX-555</link>
                <project id="12310760" key="PDFBOX">PDFBox</project>
                    <description>&lt;p&gt;Here the Highlighter Demo (pdfbox.war) didn&apos;t work (no highlighting) until I changed the ASF comment on the top of this file into a JSP comment. Thus this comment no more appears in the result stream (which is denoted &apos;XML&apos; bit in fact isn&apos;t!)&lt;/p&gt;</description>
                <environment></environment>
        <key id="12439942">PDFBOX-555</key>
            <summary>Highlight.jsp (pdfbox.war) not working</summary>
                <type id="1" iconUrl="https://issues.apache.org/jira/images/icons/issuetypes/bug.png">Bug</type>
                                            <priority id="3" iconUrl="https://issues.apache.org/jira/images/icons/priorities/major.png">Major</priority>
                        <status id="6" iconUrl="https://issues.apache.org/jira/images/icons/statuses/closed.png" description="The issue is considered finished, the resolution is correct. Issues which are closed can be reopened.">Closed</status>
                    <statusCategory id="3" key="done" colorName="green"/>
                                    <resolution id="1">Fixed</resolution>
                                        <assignee username="-1">Unassigned</assignee>
                                    <reporter username="wulf">Wulf Berschin</reporter>
                        <labels>
                    </labels>
                <created>Thu, 5 Nov 2009 14:00:00 +0000</created>
                <updated>Mon, 22 Feb 2010 18:28:04 +0000</updated>
                            <resolved>Tue, 1 Dec 2009 19:33:30 +0000</resolved>
                                    <version>0.8.0-incubator</version>
                                    <fixVersion>1.0.0</fixVersion>
                                    <component>Utilities</component>
                        <due></due>
                            <votes>0</votes>
                                    <watches>0</watches>
                                                                <comments>
                            <comment id="12773936" author="wulf" created="Thu, 5 Nov 2009 14:02:11 +0000"  >&lt;p&gt;My changes to highlight.jsp neccessary for having the highlighting done by Adobe Reader (Acrobat 8)&lt;/p&gt;</comment>
                            <comment id="12784361" author="lehmi" created="Tue, 1 Dec 2009 19:33:30 +0000"  >&lt;p&gt;I replaced the xml comment-tags with jsp comment-tags as included in Wulfs patch. I didn&apos;t change the formating to preserve the readability.&lt;/p&gt;

&lt;p&gt;Thanks to Wulf for his contribution.&lt;/p&gt;</comment>
                            <comment id="12836794" author="lehmi" created="Mon, 22 Feb 2010 18:28:04 +0000"  >&lt;p&gt;closed after releasing version 1.0.0&lt;/p&gt;</comment>
                    </comments>
                    <attachments>
                            <attachment id="12424128" name="highlight.patch" size="1042" author="wulf" created="Thu, 5 Nov 2009 14:02:11 +0000"/>
                    </attachments>
                <subtasks>
                    </subtasks>
                <customfields>
                                                <customfield id="customfield_12310310" key="com.atlassian.jira.toolkit:attachments">
                        <customfieldname>Attachment count</customfieldname>
                        <customfieldvalues>
                            <customfieldvalue>1.0</customfieldvalue>
                        </customfieldvalues>
                    </customfield>
                                                                                            <customfield id="customfield_12310220" key="com.atlassian.jira.ext.charting:firstresponsedate">
                        <customfieldname>Date of First Response</customfieldname>
                        <customfieldvalues>
                            <customfieldvalue>Tue, 1 Dec 2009 19:33:30 +0000</customfieldvalue>

                        </customfieldvalues>
                    </customfield>
                                                                                                                                                    <customfield id="customfield_12310420" key="com.pyxis.greenhopper.jira:gh-global-rank">
                        <customfieldname>Global Rank</customfieldname>
                        <customfieldvalues>
                            <customfieldvalue>163331</customfieldvalue>
                        </customfieldvalues>
                    </customfield>
                                                                <customfield id="customfield_12310920" key="com.pyxis.greenhopper.jira:gh-global-rank">
                        <customfieldname>Rank</customfieldname>
                        <customfieldvalues>
                            <customfieldvalue>205373</customfieldvalue>
                        </customfieldvalues>
                    </customfield>
                                                                                                                        <customfield id="customfield_12310222" key="com.atlassian.jira.ext.charting:timeinstatus">
                        <customfieldname>Time in Status</customfieldname>
                        <customfieldvalues>
                            
                        </customfieldvalues>
                    </customfield>
                                    </customfields>
    </item>

<item>
            <title>[PDFBOX-557] Missing entries in glyphlist</title>
                <link>https://issues.apache.org/jira/browse/PDFBOX-557</link>
                <project id="12310760" key="PDFBOX">PDFBox</project>
                    <description>&lt;p&gt;Due to some license restrictions we had to move the glyphlist from svn to an external location. While doing that the mapping was replaced with an original copy from adobe. See &lt;a href=&quot;https://issues.apache.org/jira/browse/PDFBOX-494&quot; title=&quot;Addtional CMap files from adobe&quot; class=&quot;issue-link&quot; data-issue-key=&quot;PDFBOX-494&quot;&gt;&lt;del&gt;PDFBOX-494&lt;/del&gt;&lt;/a&gt; for further details.&lt;br/&gt;
After the replacement some glyph-mappings are missing as mentioned by Aaron Kaplan in &lt;span class=&quot;error&quot;&gt;&amp;#91;1&amp;#93;&lt;/span&gt;. We have to put them somehow back to resolve an issue with the textectracting unit test. &lt;br/&gt;
IMHO there are two solutions possible:&lt;/p&gt;

&lt;p&gt;1) Replace the glyphlist with an update, if available&lt;br/&gt;
2) add the missing mappings &quot;by hand&quot; using an additional list&lt;/p&gt;


&lt;p&gt;&lt;span class=&quot;error&quot;&gt;&amp;#91;1&amp;#93;&lt;/span&gt; &lt;a href=&quot;http://markmail.org/message/ux735atbm4uhwxa3&quot; class=&quot;external-link&quot; rel=&quot;nofollow&quot;&gt;http://markmail.org/message/ux735atbm4uhwxa3&lt;/a&gt;&lt;/p&gt;</description>
                <environment></environment>
        <key id="12440395">PDFBOX-557</key>
            <summary>Missing entries in glyphlist</summary>
                <type id="1" iconUrl="https://issues.apache.org/jira/images/icons/issuetypes/bug.png">Bug</type>
                                            <priority id="3" iconUrl="https://issues.apache.org/jira/images/icons/priorities/major.png">Major</priority>
                        <status id="6" iconUrl="https://issues.apache.org/jira/images/icons/statuses/closed.png" description="The issue is considered finished, the resolution is correct. Issues which are closed can be reopened.">Closed</status>
                    <statusCategory id="3" key="done" colorName="green"/>
                                    <resolution id="1">Fixed</resolution>
                                        <assignee username="-1">Unassigned</assignee>
                                    <reporter username="lehmi">Andreas Lehmk&#252;hler</reporter>
                        <labels>
                    </labels>
                <created>Wed, 11 Nov 2009 08:12:04 +0000</created>
                <updated>Mon, 22 Feb 2010 18:28:04 +0000</updated>
                            <resolved>Wed, 11 Nov 2009 17:18:38 +0000</resolved>
                                    <version>0.8.0-incubator</version>
                                    <fixVersion>1.0.0</fixVersion>
                                    <component>Parsing</component>
                    <component>Swing GUI</component>
                    <component>Text extraction</component>
                        <due></due>
                            <votes>0</votes>
                                    <watches>0</watches>
                                                                <comments>
                            <comment id="12776518" author="lehmi" created="Wed, 11 Nov 2009 17:18:38 +0000"  >&lt;p&gt;I couldn&apos;t find any newer version of the glyphlist containing the missing mappings. So that I&apos;ve to add the missing entries &quot;by hand&quot; with version 834970.&lt;/p&gt;

&lt;p&gt;Thanks to Aaron Kaplan for the hint&lt;/p&gt;</comment>
                            <comment id="12836795" author="lehmi" created="Mon, 22 Feb 2010 18:28:04 +0000"  >&lt;p&gt;closed after releasing version 1.0.0&lt;/p&gt;</comment>
                    </comments>
                    <attachments>
                    </attachments>
                <subtasks>
                    </subtasks>
                <customfields>
                                                <customfield id="customfield_12310310" key="com.atlassian.jira.toolkit:attachments">
                        <customfieldname>Attachment count</customfieldname>
                        <customfieldvalues>
                            <customfieldvalue>0.0</customfieldvalue>
                        </customfieldvalues>
                    </customfield>
                                                                                                                                                                                                            <customfield id="customfield_12310420" key="com.pyxis.greenhopper.jira:gh-global-rank">
                        <customfieldname>Global Rank</customfieldname>
                        <customfieldvalues>
                            <customfieldvalue>163332</customfieldvalue>
                        </customfieldvalues>
                    </customfield>
                                                                <customfield id="customfield_12310920" key="com.pyxis.greenhopper.jira:gh-global-rank">
                        <customfieldname>Rank</customfieldname>
                        <customfieldvalues>
                            <customfieldvalue>205383</customfieldvalue>
                        </customfieldvalues>
                    </customfield>
                                                                                                                        <customfield id="customfield_12310222" key="com.atlassian.jira.ext.charting:timeinstatus">
                        <customfieldname>Time in Status</customfieldname>
                        <customfieldvalues>
                            
                        </customfieldvalues>
                    </customfield>
                                    </customfields>
    </item>

<item>
            <title>[PDFBOX-559] PDChoiceField.setValue() does not always work when the choices are not pairs</title>
                <link>https://issues.apache.org/jira/browse/PDFBOX-559</link>
                <project id="12310760" key="PDFBOX">PDFBox</project>
                    <description>&lt;p&gt;I have a PDF that appears to work in Adobe Reader, but for some reason the choices include both strings and pairs. The following code change allows this mixed case to be supported, and also seems to clean up the code a bit.&lt;/p&gt;

&lt;p&gt;If you could apply this as a patch in the trunk I would be greatful.&lt;/p&gt;


&lt;p&gt;$ svn diff src/main/java/org/apache/pdfbox/pdmodel/interactive/form/PDChoiceField.java&lt;br/&gt;
Index: src/main/java/org/apache/pdfbox/pdmodel/interactive/form/PDChoiceField.java&lt;br/&gt;
===================================================================&lt;br/&gt;
&amp;#8212; src/main/java/org/apache/pdfbox/pdmodel/interactive/form/PDChoiceField.java (revision 832877)&lt;br/&gt;
+++ src/main/java/org/apache/pdfbox/pdmodel/interactive/form/PDChoiceField.java (working copy)&lt;br/&gt;
@@ -63,37 +63,34 @@&lt;br/&gt;
         }&lt;br/&gt;
         else&lt;br/&gt;
         {&lt;/p&gt;
&lt;ul class=&quot;alternate&quot; type=&quot;square&quot;&gt;
	&lt;li&gt;COSBase option = options.getObject( 0 );&lt;/li&gt;
	&lt;li&gt;if( option instanceof COSArray )&lt;/li&gt;
	&lt;li&gt;{&lt;/li&gt;
	&lt;li&gt;for( int i=0; i&amp;lt;options.size() &amp;amp;&amp;amp; indexSelected == -1; i++ )&lt;/li&gt;
	&lt;li&gt;{&lt;/li&gt;
	&lt;li&gt;COSArray keyValuePair = (COSArray)options.get( i );&lt;/li&gt;
	&lt;li&gt;COSString key = (COSString)keyValuePair.getObject( 0 );&lt;/li&gt;
	&lt;li&gt;COSString value = (COSString)keyValuePair.getObject( 1 );&lt;/li&gt;
	&lt;li&gt;if( optionValue.equals( key.getString() ) || optionValue.equals( value.getString() ) )&lt;/li&gt;
	&lt;li&gt;{
-                        //have the parent draw the appearance stream with the value
-                        super.setValue( value.getString() );
-                        //but then use the key as the V entry
-                        getDictionary().setItem( COSName.getPDFName( &quot;V&quot; ), key );
-                        indexSelected = i;
-                    }&lt;/li&gt;
	&lt;li&gt;}&lt;/li&gt;
	&lt;li&gt;}&lt;/li&gt;
	&lt;li&gt;else&lt;/li&gt;
	&lt;li&gt;{&lt;/li&gt;
	&lt;li&gt;for( int i=0; i&amp;lt;options.size() &amp;amp;&amp;amp; indexSelected == -1; i++ )&lt;/li&gt;
	&lt;li&gt;{&lt;/li&gt;
	&lt;li&gt;COSString value = (COSString)options.get( i );&lt;/li&gt;
	&lt;li&gt;if( optionValue.equals( value.getString() ) )&lt;/li&gt;
	&lt;li&gt;{
-                        super.setValue( optionValue );
-                        indexSelected = i;
-                    }&lt;/li&gt;
	&lt;li&gt;}&lt;/li&gt;
	&lt;li&gt;}&lt;br/&gt;
+               for( int i=0; i&amp;lt;options.size() &amp;amp;&amp;amp; indexSelected == -1; i++ ) {&lt;br/&gt;
+                       COSBase option = options.getObject( i );&lt;br/&gt;
+                       if( option instanceof COSArray )&lt;br/&gt;
+                       
&lt;div class=&quot;error&quot;&gt;&lt;span class=&quot;error&quot;&gt;Unknown macro: {+                               COSArray keyValuePair = (COSArray)option;+                               COSString key = (COSString)keyValuePair.getObject( 0 );+                               COSString value = (COSString)keyValuePair.getObject( 1 );+                               if( optionValue.equals( key.getString() ) || optionValue.equals( value.getString() ) )+                               {
+                                       //have the parent draw the appearance stream with the value
+                                       super.setValue( value.getString() );
+                                       //but then use the key as the V entry
+                                       getDictionary().setItem( COSName.getPDFName( &quot;V&quot; ), key );
+                                       indexSelected = i;
+                               }+                       }&lt;/span&gt; &lt;/div&gt;
&lt;p&gt;+                       else&lt;br/&gt;
+                       &lt;/p&gt;
&lt;div class=&quot;error&quot;&gt;&lt;span class=&quot;error&quot;&gt;Unknown macro: {+                               COSString value = (COSString)option;+                               if( optionValue.equals( value.getString() ) )+                               {
+                                       super.setValue( optionValue );
+                                       indexSelected = i;
+                               }+                       }&lt;/span&gt; &lt;/div&gt;
&lt;p&gt;+               }&lt;br/&gt;
         }&lt;br/&gt;
+&lt;br/&gt;
         if( indexSelected == -1 )&lt;br/&gt;
         {&lt;br/&gt;
             throw new IOException( &quot;Error: &apos;&quot; + optionValue + &quot;&apos; was not an available option.&quot;);&lt;/p&gt;&lt;/li&gt;
&lt;/ul&gt;
</description>
                <environment></environment>
        <key id="12440459">PDFBOX-559</key>
            <summary>PDChoiceField.setValue() does not always work when the choices are not pairs</summary>
                <type id="1" iconUrl="https://issues.apache.org/jira/images/icons/issuetypes/bug.png">Bug</type>
                                            <priority id="3" iconUrl="https://issues.apache.org/jira/images/icons/priorities/major.png">Major</priority>
                        <status id="1" iconUrl="https://issues.apache.org/jira/images/icons/statuses/open.png" description="The issue is open and ready for the assignee to start work on it.">Open</status>
                    <statusCategory id="2" key="new" colorName="blue-gray"/>
                                    <resolution id="-1">Unresolved</resolution>
                                        <assignee username="-1">Unassigned</assignee>
                                    <reporter username="yonas.jongkind@gmail.com">Yonas Jongkind</reporter>
                        <labels>
                    </labels>
                <created>Wed, 11 Nov 2009 22:58:56 +0000</created>
                <updated>Sun, 9 Feb 2014 21:19:27 +0000</updated>
                                            <version>1.0.0</version>
                                                    <component>AcroForm</component>
                        <due></due>
                            <votes>0</votes>
                                    <watches>0</watches>
                                                                <comments>
                            <comment id="12782079" author="lehmi" created="Tue, 24 Nov 2009 18:41:15 +0000"  >&lt;p&gt;Do you have an example pdf?&lt;/p&gt;</comment>
                    </comments>
                <issuelinks>
                            <issuelinktype id="10030">
                    <name>Reference</name>
                                            <outwardlinks description="relates to">
                                        <issuelink>
            <issuekey id="12391093">PDFBOX-59</issuekey>
        </issuelink>
                            </outwardlinks>
                                                        </issuelinktype>
                    </issuelinks>
                <attachments>
                    </attachments>
                <subtasks>
                    </subtasks>
                <customfields>
                                                <customfield id="customfield_12310310" key="com.atlassian.jira.toolkit:attachments">
                        <customfieldname>Attachment count</customfieldname>
                        <customfieldvalues>
                            <customfieldvalue>0.0</customfieldvalue>
                        </customfieldvalues>
                    </customfield>
                                                                                            <customfield id="customfield_12310220" key="com.atlassian.jira.ext.charting:firstresponsedate">
                        <customfieldname>Date of First Response</customfieldname>
                        <customfieldvalues>
                            <customfieldvalue>Tue, 24 Nov 2009 18:41:15 +0000</customfieldvalue>

                        </customfieldvalues>
                    </customfield>
                                                                                                                                                    <customfield id="customfield_12310420" key="com.pyxis.greenhopper.jira:gh-global-rank">
                        <customfieldname>Global Rank</customfieldname>
                        <customfieldvalues>
                            <customfieldvalue>84976</customfieldvalue>
                        </customfieldvalues>
                    </customfield>
                                                                <customfield id="customfield_12310920" key="com.pyxis.greenhopper.jira:gh-global-rank">
                        <customfieldname>Rank</customfieldname>
                        <customfieldvalues>
                            <customfieldvalue>236299</customfieldvalue>
                        </customfieldvalues>
                    </customfield>
                                                                                                                        </customfields>
    </item>

<item>
            <title>[PDFBOX-560] Null Pointer Excpetion in mergeDocument function</title>
                <link>https://issues.apache.org/jira/browse/PDFBOX-560</link>
                <project id="12310760" key="PDFBOX">PDFBox</project>
                    <description>&lt;p&gt;I am getting Null Pointer Exception while calling mergeDocuments() method of PDFMergerUtility.&lt;/p&gt;

&lt;p&gt;It is working fine in normal cases, but it gives error while merge large no. of files. &lt;/p&gt;

&lt;p&gt;Could any please help to resolve the issue?&lt;/p&gt;</description>
                <environment>MS Windows Server 2003, .Net 1.1</environment>
        <key id="12440775">PDFBOX-560</key>
            <summary>Null Pointer Excpetion in mergeDocument function</summary>
                <type id="1" iconUrl="https://issues.apache.org/jira/images/icons/issuetypes/bug.png">Bug</type>
                                            <priority id="3" iconUrl="https://issues.apache.org/jira/images/icons/priorities/major.png">Major</priority>
                        <status id="1" iconUrl="https://issues.apache.org/jira/images/icons/statuses/open.png" description="The issue is open and ready for the assignee to start work on it.">Open</status>
                    <statusCategory id="2" key="new" colorName="blue-gray"/>
                                    <resolution id="-1">Unresolved</resolution>
                                        <assignee username="-1">Unassigned</assignee>
                                    <reporter username="anilvankar">anilkumar vankar</reporter>
                        <labels>
                    </labels>
                <created>Mon, 16 Nov 2009 09:55:55 +0000</created>
                <updated>Mon, 16 Nov 2009 09:55:55 +0000</updated>
                                            <version>0.7.3</version>
                                                    <component>Utilities</component>
                        <due></due>
                            <votes>0</votes>
                                    <watches>0</watches>
                                                                        <attachments>
                    </attachments>
                <subtasks>
                    </subtasks>
                <customfields>
                                                <customfield id="customfield_12310310" key="com.atlassian.jira.toolkit:attachments">
                        <customfieldname>Attachment count</customfieldname>
                        <customfieldvalues>
                            <customfieldvalue>0.0</customfieldvalue>
                        </customfieldvalues>
                    </customfield>
                                                                                                                                                                                                            <customfield id="customfield_12310420" key="com.pyxis.greenhopper.jira:gh-global-rank">
                        <customfieldname>Global Rank</customfieldname>
                        <customfieldvalues>
                            <customfieldvalue>84943</customfieldvalue>
                        </customfieldvalues>
                    </customfield>
                                                                <customfield id="customfield_12310920" key="com.pyxis.greenhopper.jira:gh-global-rank">
                        <customfieldname>Rank</customfieldname>
                        <customfieldvalues>
                            <customfieldvalue>236298</customfieldvalue>
                        </customfieldvalues>
                    </customfield>
                                                                                                                        </customfields>
    </item>

<item>
            <title>[PDFBOX-561] Text extraction with PDFTextStripper is system file.encoding dependent. Override does not work.</title>
                <link>https://issues.apache.org/jira/browse/PDFBOX-561</link>
                <project id="12310760" key="PDFBOX">PDFBox</project>
                    <description>&lt;p&gt;The text extraction depends on the jvm file.encoding setting. The &quot;override&quot; new PDFTextStripper(&quot;utf-8&quot;) (since version 0.8.0) has no effect.&lt;br/&gt;
If there are critical characters in a pdf file, the extracted string differs dependent of the jvm system encoding. &lt;br/&gt;
It has to be possible to set the encoding for the extraction to ensure same results independent of the default system encoding.&lt;/p&gt;

&lt;p&gt;Sample file: see attachment &quot;blindtext_mit_bullets.pdf&quot;&lt;br/&gt;
Bullets #3 to #8 differ using utf-8 vs cp1252&lt;/p&gt;

&lt;p&gt;Be aware that the file.encoding setting only works if passed while starting the jvm (-Dfile.encoding=utf-8). System.setProperty(..) does not work.&lt;/p&gt;</description>
                <environment></environment>
        <key id="12441040">PDFBOX-561</key>
            <summary>Text extraction with PDFTextStripper is system file.encoding dependent. Override does not work.</summary>
                <type id="1" iconUrl="https://issues.apache.org/jira/images/icons/issuetypes/bug.png">Bug</type>
                                            <priority id="3" iconUrl="https://issues.apache.org/jira/images/icons/priorities/major.png">Major</priority>
                        <status id="1" iconUrl="https://issues.apache.org/jira/images/icons/statuses/open.png" description="The issue is open and ready for the assignee to start work on it.">Open</status>
                    <statusCategory id="2" key="new" colorName="blue-gray"/>
                                    <resolution id="-1">Unresolved</resolution>
                                        <assignee username="-1">Unassigned</assignee>
                                    <reporter username="ferbas">d ferbas</reporter>
                        <labels>
                    </labels>
                <created>Wed, 18 Nov 2009 13:38:45 +0000</created>
                <updated>Fri, 1 Jul 2011 21:47:45 +0100</updated>
                                            <version>0.7.3</version>
                    <version>0.8.0-incubator</version>
                                                    <component>Text extraction</component>
                        <due></due>
                            <votes>0</votes>
                                    <watches>2</watches>
                                                                <comments>
                            <comment id="12779457" author="ferbas" created="Wed, 18 Nov 2009 13:59:44 +0000"  >&lt;p&gt;sample file for encoding problems&lt;/p&gt;</comment>
                            <comment id="13058789" author="rjm" created="Fri, 1 Jul 2011 21:47:45 +0100"  >&lt;p&gt;Are there any plans for when this bug will be fixed? I am working on a team which uses PDFBox (indirectly through Solr/Tika) and would very much like to see this problem addressed.&lt;/p&gt;</comment>
                    </comments>
                    <attachments>
                            <attachment id="12425341" name="blindtext_mit_bullets.pdf" size="63807" author="ferbas" created="Wed, 18 Nov 2009 13:59:44 +0000"/>
                    </attachments>
                <subtasks>
                    </subtasks>
                <customfields>
                                                <customfield id="customfield_12310310" key="com.atlassian.jira.toolkit:attachments">
                        <customfieldname>Attachment count</customfieldname>
                        <customfieldvalues>
                            <customfieldvalue>1.0</customfieldvalue>
                        </customfieldvalues>
                    </customfield>
                                                                                            <customfield id="customfield_12310220" key="com.atlassian.jira.ext.charting:firstresponsedate">
                        <customfieldname>Date of First Response</customfieldname>
                        <customfieldvalues>
                            <customfieldvalue>Fri, 1 Jul 2011 20:47:45 +0000</customfieldvalue>

                        </customfieldvalues>
                    </customfield>
                                                                                                                                                    <customfield id="customfield_12310420" key="com.pyxis.greenhopper.jira:gh-global-rank">
                        <customfieldname>Global Rank</customfieldname>
                        <customfieldvalues>
                            <customfieldvalue>69434</customfieldvalue>
                        </customfieldvalues>
                    </customfield>
                                                                <customfield id="customfield_12310920" key="com.pyxis.greenhopper.jira:gh-global-rank">
                        <customfieldname>Rank</customfieldname>
                        <customfieldvalues>
                            <customfieldvalue>236297</customfieldvalue>
                        </customfieldvalues>
                    </customfield>
                                                                                                                        </customfields>
    </item>

<item>
            <title>[PDFBOX-562] Some PDFs cannot be processed yet are valid PDFs</title>
                <link>https://issues.apache.org/jira/browse/PDFBOX-562</link>
                <project id="12310760" key="PDFBOX">PDFBox</project>
                    <description>&lt;p&gt;The following exception is thrown when attempting to process certain PDFs.  This occurs in the latest code from SVN and causes PDFBox to be useless in any production processing system since not all PDFs are supported.  I have uploaded an example PDF that reproduces the problem here: &lt;a href=&quot;http://captiveimagination.com/download/test02.pdf&quot; class=&quot;external-link&quot; rel=&quot;nofollow&quot;&gt;http://captiveimagination.com/download/test02.pdf&lt;/a&gt;&lt;/p&gt;

&lt;p&gt;This occurs upon invocation of PDFDocument.load(...):&lt;/p&gt;

&lt;p&gt;Exception in thread &quot;main&quot; org.apache.pdfbox.exceptions.WrappedIOException&lt;br/&gt;
	at org.apache.pdfbox.pdfparser.PDFParser.parse(PDFParser.java:237)&lt;br/&gt;
	at org.apache.pdfbox.pdmodel.PDDocument.load(PDDocument.java:841)&lt;br/&gt;
	at org.apache.pdfbox.pdmodel.PDDocument.load(PDDocument.java:808)&lt;br/&gt;
	at org.apache.pdfbox.pdmodel.PDDocument.load(PDDocument.java:733)&lt;br/&gt;
	at test.Test.main(Test.java:21)&lt;br/&gt;
Caused by: java.lang.ClassCastException: org.apache.pdfbox.cos.COSDictionary cannot be cast to org.apache.pdfbox.cos.COSStream&lt;br/&gt;
	at org.apache.pdfbox.cos.COSDocument.dereferenceObjectStreams(COSDocument.java:456)&lt;br/&gt;
	at org.apache.pdfbox.pdfparser.PDFParser.parse(PDFParser.java:207)&lt;br/&gt;
	... 4 more&lt;/p&gt;</description>
                <environment>Windows 7, JDK 1.6, Eclipse</environment>
        <key id="12441053">PDFBOX-562</key>
            <summary>Some PDFs cannot be processed yet are valid PDFs</summary>
                <type id="1" iconUrl="https://issues.apache.org/jira/images/icons/issuetypes/bug.png">Bug</type>
                                            <priority id="2" iconUrl="https://issues.apache.org/jira/images/icons/priorities/critical.png">Critical</priority>
                        <status id="6" iconUrl="https://issues.apache.org/jira/images/icons/statuses/closed.png" description="The issue is considered finished, the resolution is correct. Issues which are closed can be reopened.">Closed</status>
                    <statusCategory id="3" key="done" colorName="green"/>
                                    <resolution id="1">Fixed</resolution>
                                        <assignee username="-1">Unassigned</assignee>
                                    <reporter username="darkfrog">Matt Hicks</reporter>
                        <labels>
                    </labels>
                <created>Wed, 18 Nov 2009 15:18:51 +0000</created>
                <updated>Sat, 12 Feb 2011 18:54:54 +0000</updated>
                            <resolved>Thu, 2 Dec 2010 23:56:17 +0000</resolved>
                                    <version>0.7.0</version>
                    <version>0.7.1</version>
                    <version>0.7.2</version>
                    <version>0.7.3</version>
                    <version>0.8.0-incubator</version>
                    <version>1.0.0</version>
                                    <fixVersion>1.3.1</fixVersion>
                                    <component>Parsing</component>
                        <due></due>
                            <votes>1</votes>
                                    <watches>2</watches>
                                                                <comments>
                            <comment id="12779487" author="darkfrog" created="Wed, 18 Nov 2009 15:20:30 +0000"  >&lt;p&gt;Correction&lt;/p&gt;</comment>
                            <comment id="12847767" author="lehmi" created="Sat, 20 Mar 2010 11:50:33 +0000"  >&lt;p&gt;Works fine for me with the current trunk (925347), see attached file.&lt;/p&gt;

&lt;p&gt;@Matt: Can you run the test with the current trunk?&lt;/p&gt;</comment>
                            <comment id="12966356" author="martijn_brinkers" created="Thu, 2 Dec 2010 23:56:17 +0000"  >&lt;p&gt;The exception is no longer thrown with version 1.3.1.&lt;/p&gt;</comment>
                    </comments>
                    <attachments>
                            <attachment id="12439361" name="PDFBOX562-test021.png" size="85066" author="lehmi" created="Sat, 20 Mar 2010 11:47:25 +0000"/>
                    </attachments>
                <subtasks>
                    </subtasks>
                <customfields>
                                                <customfield id="customfield_12310310" key="com.atlassian.jira.toolkit:attachments">
                        <customfieldname>Attachment count</customfieldname>
                        <customfieldvalues>
                            <customfieldvalue>1.0</customfieldvalue>
                        </customfieldvalues>
                    </customfield>
                                                                                            <customfield id="customfield_12310220" key="com.atlassian.jira.ext.charting:firstresponsedate">
                        <customfieldname>Date of First Response</customfieldname>
                        <customfieldvalues>
                            <customfieldvalue>Sat, 20 Mar 2010 11:50:33 +0000</customfieldvalue>

                        </customfieldvalues>
                    </customfield>
                                                                                                                                                    <customfield id="customfield_12310420" key="com.pyxis.greenhopper.jira:gh-global-rank">
                        <customfieldname>Global Rank</customfieldname>
                        <customfieldvalues>
                            <customfieldvalue>163334</customfieldvalue>
                        </customfieldvalues>
                    </customfield>
                                                                <customfield id="customfield_12310920" key="com.pyxis.greenhopper.jira:gh-global-rank">
                        <customfieldname>Rank</customfieldname>
                        <customfieldvalues>
                            <customfieldvalue>204668</customfieldvalue>
                        </customfieldvalues>
                    </customfield>
                                                                                                                        <customfield id="customfield_12310222" key="com.atlassian.jira.ext.charting:timeinstatus">
                        <customfieldname>Time in Status</customfieldname>
                        <customfieldvalues>
                            
                        </customfieldvalues>
                    </customfield>
                                    </customfields>
    </item>

<item>
            <title>[PDFBOX-563] Class Cast thrown when merging PDF&apos;s</title>
                <link>https://issues.apache.org/jira/browse/PDFBOX-563</link>
                <project id="12310760" key="PDFBOX">PDFBox</project>
                    <description>&lt;p&gt;When merging PDF&apos;s with the code:&lt;/p&gt;

&lt;p&gt;			PDFMergerUtility pm = new PDFMergerUtility();&lt;br/&gt;
			File destPdf = File.createTempFile(&quot;TestFax_&quot;, &quot;.pdf&quot;);&lt;br/&gt;
			pm.setDestinationFileName(destPdf.getAbsolutePath());&lt;/p&gt;

&lt;p&gt;			for (File pdfFile:pdfFiles) &lt;/p&gt;
{
				pm.addSource(pdfFile);
			}
&lt;p&gt;			try &lt;/p&gt;
{
				pm.mergeDocuments();
				return PDDocument.load(destPdf);
			}
&lt;p&gt; catch (COSVisitorException e) &lt;/p&gt;
{
				LoggerFactory.getLogger(getClass()).error(&quot;Merging PDF&apos;s&quot;, e);
			}


&lt;p&gt;I get the exception:&lt;/p&gt;

&lt;p&gt;10:44:09.511 &lt;span class=&quot;error&quot;&gt;&amp;#91;Thread-6&amp;#93;&lt;/span&gt; ERROR midwifemate.client.ui.PrintDialog$7 - null&lt;br/&gt;
java.lang.ClassCastException: org.apache.pdfbox.cos.COSDictionary cannot be cast to org.apache.pdfbox.cos.COSObject&lt;br/&gt;
	at org.apache.pdfbox.util.PDFMergerUtility.cloneMerge(PDFMergerUtility.java:438) &lt;span class=&quot;error&quot;&gt;&amp;#91;classes/:na&amp;#93;&lt;/span&gt;&lt;br/&gt;
	at org.apache.pdfbox.util.PDFMergerUtility.cloneMerge(PDFMergerUtility.java:475) &lt;span class=&quot;error&quot;&gt;&amp;#91;classes/:na&amp;#93;&lt;/span&gt;&lt;br/&gt;
	at org.apache.pdfbox.util.PDFMergerUtility.cloneMerge(PDFMergerUtility.java:433) &lt;span class=&quot;error&quot;&gt;&amp;#91;classes/:na&amp;#93;&lt;/span&gt;&lt;br/&gt;
	at org.apache.pdfbox.util.PDFMergerUtility.appendDocument(PDFMergerUtility.java:227) &lt;span class=&quot;error&quot;&gt;&amp;#91;classes/:na&amp;#93;&lt;/span&gt;&lt;br/&gt;
	at org.apache.pdfbox.util.PDFMergerUtility.mergeDocuments(PDFMergerUtility.java:134) &lt;span class=&quot;error&quot;&gt;&amp;#91;classes/:na&amp;#93;&lt;/span&gt;&lt;br/&gt;
	at com.selene.mm.model.fax.Fax.getPdfForFaxing(Fax.java:254) &lt;span class=&quot;error&quot;&gt;&amp;#91;classes/:na&amp;#93;&lt;/span&gt;&lt;br/&gt;
	at com.selene.mm.model.fax.Fax.getPdfForPrinting(Fax.java:162) &lt;span class=&quot;error&quot;&gt;&amp;#91;classes/:na&amp;#93;&lt;/span&gt;&lt;br/&gt;
	at midwifemate.client.ui.PrintDialog$7.run(PrintDialog.java:415) &lt;span class=&quot;error&quot;&gt;&amp;#91;classes/:na&amp;#93;&lt;/span&gt;&lt;br/&gt;
	at midwifemate.ui.util.JProgressPane$1$1.run(JProgressPane.java:51) &lt;span class=&quot;error&quot;&gt;&amp;#91;classes/:na&amp;#93;&lt;/span&gt;&lt;br/&gt;
	at java.lang.Thread.run(Thread.java:619) &lt;span class=&quot;error&quot;&gt;&amp;#91;na:1.6.0_10-rc2&amp;#93;&lt;/span&gt;&lt;/p&gt;



&lt;p&gt;PDF&apos;s attached.&lt;/p&gt;</description>
                <environment>Windows Vista 64/Java6</environment>
        <key id="12441489">PDFBOX-563</key>
            <summary>Class Cast thrown when merging PDF&apos;s</summary>
                <type id="1" iconUrl="https://issues.apache.org/jira/images/icons/issuetypes/bug.png">Bug</type>
                                            <priority id="3" iconUrl="https://issues.apache.org/jira/images/icons/priorities/major.png">Major</priority>
                        <status id="6" iconUrl="https://issues.apache.org/jira/images/icons/statuses/closed.png" description="The issue is considered finished, the resolution is correct. Issues which are closed can be reopened.">Closed</status>
                    <statusCategory id="3" key="done" colorName="green"/>
                                    <resolution id="1">Fixed</resolution>
                                        <assignee username="-1">Unassigned</assignee>
                                    <reporter username="yonas.jongkind@gmail.com">Yonas Jongkind</reporter>
                        <labels>
                    </labels>
                <created>Mon, 23 Nov 2009 18:26:52 +0000</created>
                <updated>Thu, 1 Jul 2010 08:26:40 +0100</updated>
                            <resolved>Sun, 9 May 2010 18:58:07 +0100</resolved>
                                    <version>1.0.0</version>
                                    <fixVersion>1.2.0</fixVersion>
                                    <component>Utilities</component>
                        <due></due>
                            <votes>0</votes>
                                    <watches>0</watches>
                                                                <comments>
                            <comment id="12781518" author="yonas.jongkind@gmail.com" created="Mon, 23 Nov 2009 18:28:18 +0000"  >&lt;p&gt;These are the files I was merging.&lt;/p&gt;</comment>
                            <comment id="12865618" author="lehmi" created="Sun, 9 May 2010 18:58:07 +0100"  >&lt;p&gt;This issue is solved with solving &lt;a href=&quot;https://issues.apache.org/jira/browse/PDFBOX-724&quot; title=&quot;ClassCastException when merging PDFs using PDFMergerUtility&quot; class=&quot;issue-link&quot; data-issue-key=&quot;PDFBOX-724&quot;&gt;&lt;del&gt;PDFBOX-724&lt;/del&gt;&lt;/a&gt;. Works fine with the current trunk version (see attachment).&lt;/p&gt;</comment>
                    </comments>
                <issuelinks>
                            <issuelinktype id="12310000">
                    <name>Duplicate</name>
                                            <outwardlinks description="duplicates">
                                        <issuelink>
            <issuekey id="12463910">PDFBOX-724</issuekey>
        </issuelink>
                            </outwardlinks>
                                                        </issuelinktype>
                    </issuelinks>
                <attachments>
                            <attachment id="12444063" name="PDFBOX563-TestFax_merged.pdf" size="410874" author="lehmi" created="Sun, 9 May 2010 18:55:32 +0100"/>
                            <attachment id="12425859" name="TestFax_56972.pdf" size="421234" author="yonas.jongkind@gmail.com" created="Mon, 23 Nov 2009 18:28:18 +0000"/>
                            <attachment id="12425860" name="TestFax_56974.pdf" size="5030" author="yonas.jongkind@gmail.com" created="Mon, 23 Nov 2009 18:28:18 +0000"/>
                            <attachment id="12425861" name="TestFax_56976.pdf" size="5116" author="yonas.jongkind@gmail.com" created="Mon, 23 Nov 2009 18:28:18 +0000"/>
                    </attachments>
                <subtasks>
                    </subtasks>
                <customfields>
                                                <customfield id="customfield_12310310" key="com.atlassian.jira.toolkit:attachments">
                        <customfieldname>Attachment count</customfieldname>
                        <customfieldvalues>
                            <customfieldvalue>4.0</customfieldvalue>
                        </customfieldvalues>
                    </customfield>
                                                                                            <customfield id="customfield_12310220" key="com.atlassian.jira.ext.charting:firstresponsedate">
                        <customfieldname>Date of First Response</customfieldname>
                        <customfieldvalues>
                            <customfieldvalue>Sun, 9 May 2010 17:58:07 +0000</customfieldvalue>

                        </customfieldvalues>
                    </customfield>
                                                                                                                                                    <customfield id="customfield_12310420" key="com.pyxis.greenhopper.jira:gh-global-rank">
                        <customfieldname>Global Rank</customfieldname>
                        <customfieldvalues>
                            <customfieldvalue>163335</customfieldvalue>
                        </customfieldvalues>
                    </customfield>
                                                                <customfield id="customfield_12310920" key="com.pyxis.greenhopper.jira:gh-global-rank">
                        <customfieldname>Rank</customfieldname>
                        <customfieldvalues>
                            <customfieldvalue>205590</customfieldvalue>
                        </customfieldvalues>
                    </customfield>
                                                                                                                        <customfield id="customfield_12310222" key="com.atlassian.jira.ext.charting:timeinstatus">
                        <customfieldname>Time in Status</customfieldname>
                        <customfieldvalues>
                            
                        </customfieldvalues>
                    </customfield>
                                    </customfields>
    </item>

<item>
            <title>[PDFBOX-566] PDChoiceField does not handle some valid PDF&apos;s </title>
                <link>https://issues.apache.org/jira/browse/PDFBOX-566</link>
                <project id="12310760" key="PDFBOX">PDFBox</project>
                    <description>&lt;p&gt;The problem is that there are cases where sometimes the format is periodically a array and/or a singleton. The attached fix allows it to work smoothly for either system and for mixed cases. May also be more efficient.&lt;/p&gt;

&lt;p&gt;See attached diff and corrected source file.&lt;/p&gt;
</description>
                <environment></environment>
        <key id="12441497">PDFBOX-566</key>
            <summary>PDChoiceField does not handle some valid PDF&apos;s </summary>
                <type id="1" iconUrl="https://issues.apache.org/jira/images/icons/issuetypes/bug.png">Bug</type>
                                            <priority id="3" iconUrl="https://issues.apache.org/jira/images/icons/priorities/major.png">Major</priority>
                        <status id="1" iconUrl="https://issues.apache.org/jira/images/icons/statuses/open.png" description="The issue is open and ready for the assignee to start work on it.">Open</status>
                    <statusCategory id="2" key="new" colorName="blue-gray"/>
                                    <resolution id="-1">Unresolved</resolution>
                                        <assignee username="-1">Unassigned</assignee>
                                    <reporter username="yonas.jongkind@gmail.com">Yonas Jongkind</reporter>
                        <labels>
                    </labels>
                <created>Mon, 23 Nov 2009 18:44:36 +0000</created>
                <updated>Sat, 8 Feb 2014 19:08:24 +0000</updated>
                                                                            <component>AcroForm</component>
                        <due></due>
                            <votes>0</votes>
                                    <watches>0</watches>
                                                                <comments>
                            <comment id="12781538" author="yonas.jongkind@gmail.com" created="Mon, 23 Nov 2009 18:48:50 +0000"  >&lt;p&gt;Java source file including fix and a diff that shows the changes.&lt;/p&gt;</comment>
                    </comments>
                    <attachments>
                            <attachment id="12425865" name="PDChoiceField.java" size="3843" author="yonas.jongkind@gmail.com" created="Mon, 23 Nov 2009 18:48:50 +0000"/>
                            <attachment id="12425866" name="PDChoiceField.java.diff" size="714" author="yonas.jongkind@gmail.com" created="Mon, 23 Nov 2009 18:48:50 +0000"/>
                    </attachments>
                <subtasks>
                    </subtasks>
                <customfields>
                                                <customfield id="customfield_12310310" key="com.atlassian.jira.toolkit:attachments">
                        <customfieldname>Attachment count</customfieldname>
                        <customfieldvalues>
                            <customfieldvalue>2.0</customfieldvalue>
                        </customfieldvalues>
                    </customfield>
                                                                                                                                                                                                            <customfield id="customfield_12310420" key="com.pyxis.greenhopper.jira:gh-global-rank">
                        <customfieldname>Global Rank</customfieldname>
                        <customfieldvalues>
                            <customfieldvalue>84900</customfieldvalue>
                        </customfieldvalues>
                    </customfield>
                                                                <customfield id="customfield_12310920" key="com.pyxis.greenhopper.jira:gh-global-rank">
                        <customfieldname>Rank</customfieldname>
                        <customfieldvalues>
                            <customfieldvalue>236295</customfieldvalue>
                        </customfieldvalues>
                    </customfield>
                                                                                                                        </customfields>
    </item>

<item>
            <title>[PDFBOX-568] testextract failure on Linux and Mac OS X</title>
                <link>https://issues.apache.org/jira/browse/PDFBOX-568</link>
                <project id="12310760" key="PDFBOX">PDFBox</project>
                    <description>&lt;p&gt;As discussed on the mailing list, the extraction test case seems to fail on non-Windows platforms.&lt;/p&gt;

&lt;p&gt;The troublesome test file is ample_fonts_solidconvertor.pdf, and the textextract.log file says the following (^@ is U+0000 and &#65533; is U+FFFD):&lt;/p&gt;

&lt;p&gt;Lines differ at index expected:46-253 actual:46-65533&lt;br/&gt;
FAILURE: Line mismatch for file sample_fonts_solidconvertor.pdf at expected line: 8 at actual line: 8&lt;br/&gt;
  expected line was: &quot;&lt;sup&gt;@V&lt;/sup&gt;@e^@r^@d^@a^@n^@a^@:&lt;sup&gt;@ ^@T&lt;/sup&gt;@o^@t^@o^@ &lt;sup&gt;@j&lt;/sup&gt;@e^@ &lt;sup&gt;@p&lt;/sup&gt;@o^@k^@u^@s^@n^@&#253;^@ &lt;sup&gt;@t&lt;/sup&gt;@e^@x^@t^@ &lt;sup&gt;@s&lt;/sup&gt;@ ^A&quot;&lt;br/&gt;
  actual line was:   &quot;&lt;sup&gt;@V&lt;/sup&gt;@e^@r^@d^@a^@n^@a^@:&lt;sup&gt;@ ^@T&lt;/sup&gt;@o^@t^@o^@ &lt;sup&gt;@j&lt;/sup&gt;@e^@ &lt;sup&gt;@p&lt;/sup&gt;@o^@k^@u^@s^@n^@&#65533;&lt;sup&gt;@ ^@t&lt;/sup&gt;@e^@x^@t^@ &lt;sup&gt;@s&lt;/sup&gt;@ ^A&quot;&lt;br/&gt;
Lines differ at index expected:4-253 actual:4-65533&lt;br/&gt;
FAILURE: Line mismatch for file sample_fonts_solidconvertor.pdf at expected line: 10 at actual line: 10&lt;br/&gt;
  expected line was: &quot;&lt;sup&gt;AY^A~&lt;/sup&gt;@&#253;^@&#225;^@&#237;^@&#233;&quot;&lt;br/&gt;
  actual line was:   &quot;&lt;sup&gt;AY^A~&lt;/sup&gt;@&#65533;&lt;sup&gt;@&#65533;&lt;/sup&gt;@&#65533;^@&#65533;&quot;&lt;br/&gt;
Lines differ at index expected:52-253 actual:52-65533&lt;br/&gt;
FAILURE: Line mismatch for file sample_fonts_solidconvertor.pdf at expected line: 11 at actual line: 11&lt;br/&gt;
  expected line was: &quot;&lt;sup&gt;@S&lt;/sup&gt;@a^@n^@s^@ &lt;sup&gt;@s&lt;/sup&gt;@e^@r^@i^@f^@:&lt;sup&gt;@ ^@T&lt;/sup&gt;@o^@t^@o^@ &lt;sup&gt;@j&lt;/sup&gt;@e^@ &lt;sup&gt;@p&lt;/sup&gt;@o^@k^@u^@s^@n^@&#253;^@ &lt;sup&gt;@t&lt;/sup&gt;@e^@x^@t^@ &lt;sup&gt;@s&lt;/sup&gt;@ ^A&quot;&lt;br/&gt;
  actual line was:   &quot;&lt;sup&gt;@S&lt;/sup&gt;@a^@n^@s^@ &lt;sup&gt;@s&lt;/sup&gt;@e^@r^@i^@f^@:&lt;sup&gt;@ ^@T&lt;/sup&gt;@o^@t^@o^@ &lt;sup&gt;@j&lt;/sup&gt;@e^@ &lt;sup&gt;@p&lt;/sup&gt;@o^@k^@u^@s^@n^@&#65533;&lt;sup&gt;@ ^@t&lt;/sup&gt;@e^@x^@t^@ &lt;sup&gt;@s&lt;/sup&gt;@ ^A&quot;&lt;br/&gt;
Lines differ at index expected:4-253 actual:4-65533&lt;br/&gt;
FAILURE: Line mismatch for file sample_fonts_solidconvertor.pdf at expected line: 13 at actual line: 13&lt;br/&gt;
  expected line was: &quot;&lt;sup&gt;AY^A~&lt;/sup&gt;@&#253;^@&#225;^@&#237;^@&#233;&quot;&lt;br/&gt;
  actual line was:   &quot;&lt;sup&gt;AY^A~&lt;/sup&gt;@&#65533;&lt;sup&gt;@&#65533;&lt;/sup&gt;@&#65533;^@&#65533;&quot;&lt;br/&gt;
Preparing to parse sample_fonts_solidconvertor.pdf for sorted test&lt;br/&gt;
Lines differ at index expected:46-253 actual:46-65533&lt;br/&gt;
FAILURE: Line mismatch for file sample_fonts_solidconvertor.pdf at expected line: 8 at actual line: 8&lt;br/&gt;
  expected line was: &quot;&lt;sup&gt;@V&lt;/sup&gt;@e^@r^@d^@a^@n^@a^@:&lt;sup&gt;@ ^@T&lt;/sup&gt;@o^@t^@o^@ &lt;sup&gt;@j&lt;/sup&gt;@e^@ &lt;sup&gt;@p&lt;/sup&gt;@o^@k^@u^@s^@n^@&#253;^@ &lt;sup&gt;@t&lt;/sup&gt;@e^@x^@t^@ &lt;sup&gt;@s&lt;/sup&gt;@ ^A&quot;&lt;br/&gt;
  actual line was:   &quot;&lt;sup&gt;@V&lt;/sup&gt;@e^@r^@d^@a^@n^@a^@:&lt;sup&gt;@ ^@T&lt;/sup&gt;@o^@t^@o^@ &lt;sup&gt;@j&lt;/sup&gt;@e^@ &lt;sup&gt;@p&lt;/sup&gt;@o^@k^@u^@s^@n^@&#65533;&lt;sup&gt;@ ^@t&lt;/sup&gt;@e^@x^@t^@ &lt;sup&gt;@s&lt;/sup&gt;@ ^A&quot;&lt;br/&gt;
Lines differ at index expected:0-253 actual:0-65533&lt;br/&gt;
FAILURE: Line mismatch for file sample_fonts_solidconvertor.pdf at expected line: 10 at actual line: 10&lt;br/&gt;
  expected line was: &quot;&lt;sup&gt;@&#253;&lt;/sup&gt;@&#225;^@&#237;^@&#233;&quot;&lt;br/&gt;
  actual line was:   &quot;&lt;sup&gt;@&#65533;&lt;/sup&gt;@&#65533;&lt;sup&gt;@&#65533;&lt;/sup&gt;@&#65533;&quot;&lt;br/&gt;
Lines differ at index expected:52-253 actual:52-65533&lt;br/&gt;
FAILURE: Line mismatch for file sample_fonts_solidconvertor.pdf at expected line: 11 at actual line: 11&lt;br/&gt;
  expected line was: &quot;&lt;sup&gt;@S&lt;/sup&gt;@a^@n^@s^@ &lt;sup&gt;@s&lt;/sup&gt;@e^@r^@i^@f^@:&lt;sup&gt;@ ^@T&lt;/sup&gt;@o^@t^@o^@ &lt;sup&gt;@j&lt;/sup&gt;@e^@ &lt;sup&gt;@p&lt;/sup&gt;@o^@k^@u^@s^@n^@&#253;^@ &lt;sup&gt;@t&lt;/sup&gt;@e^@x^@t^@ &lt;sup&gt;@s&lt;/sup&gt;@ ^A&quot;&lt;br/&gt;
  actual line was:   &quot;&lt;sup&gt;@S&lt;/sup&gt;@a^@n^@s^@ &lt;sup&gt;@s&lt;/sup&gt;@e^@r^@i^@f^@:&lt;sup&gt;@ ^@T&lt;/sup&gt;@o^@t^@o^@ &lt;sup&gt;@j&lt;/sup&gt;@e^@ &lt;sup&gt;@p&lt;/sup&gt;@o^@k^@u^@s^@n^@&#65533;&lt;sup&gt;@ ^@t&lt;/sup&gt;@e^@x^@t^@ &lt;sup&gt;@s&lt;/sup&gt;@ ^A&quot;&lt;br/&gt;
Lines differ at index expected:4-253 actual:4-65533&lt;br/&gt;
FAILURE: Line mismatch for file sample_fonts_solidconvertor.pdf at expected line: 13 at actual line: 13&lt;br/&gt;
  expected line was: &quot;&lt;sup&gt;A~^AY&lt;/sup&gt;@&#253;^@&#225;^@&#237;^@&#233;&quot;&lt;br/&gt;
  actual line was:   &quot;&lt;sup&gt;A~^AY&lt;/sup&gt;@&#65533;&lt;sup&gt;@&#65533;&lt;/sup&gt;@&#65533;^@&#65533;&quot;&lt;/p&gt;</description>
                <environment></environment>
        <key id="12441586">PDFBOX-568</key>
            <summary>testextract failure on Linux and Mac OS X</summary>
                <type id="1" iconUrl="https://issues.apache.org/jira/images/icons/issuetypes/bug.png">Bug</type>
                                            <priority id="3" iconUrl="https://issues.apache.org/jira/images/icons/priorities/major.png">Major</priority>
                        <status id="6" iconUrl="https://issues.apache.org/jira/images/icons/statuses/closed.png" description="The issue is considered finished, the resolution is correct. Issues which are closed can be reopened.">Closed</status>
                    <statusCategory id="3" key="done" colorName="green"/>
                                    <resolution id="1">Fixed</resolution>
                                        <assignee username="-1">Unassigned</assignee>
                                    <reporter username="jukkaz">Jukka Zitting</reporter>
                        <labels>
                    </labels>
                <created>Tue, 24 Nov 2009 16:54:42 +0000</created>
                <updated>Tue, 26 Oct 2010 10:33:42 +0100</updated>
                            <resolved>Thu, 2 Sep 2010 20:22:29 +0100</resolved>
                                    <version>0.8.0-incubator</version>
                                    <fixVersion>1.3.1</fixVersion>
                                    <component>Text extraction</component>
                        <due></due>
                            <votes>0</votes>
                                    <watches>1</watches>
                                                                <comments>
                            <comment id="12789419" author="jukkaz" created="Fri, 11 Dec 2009 17:47:48 +0000"  >&lt;p&gt;In revision 889724 I added a special check in TestTextStripper.java to disable the test failure in the default build (no point in making the build fail for issues we already know about). Please make sure that this revision is reverted before resolving this issue as fixed!&lt;/p&gt;</comment>
                            <comment id="12802943" author="mgurov" created="Wed, 20 Jan 2010 19:14:21 +0000"  >&lt;p&gt;The change in the revision 889724 has suppressed test failures for &lt;b&gt;all&lt;/b&gt; the files. I guess, this wasn&apos;t the intention? &lt;/p&gt;

&lt;p&gt;~/pdfbox $ cat test/input/simple-openoffice.pdf.txt &lt;br/&gt;
##I am a simple pdf.&lt;br/&gt;
~/pdfbox $ echo garbage &amp;gt; test/input/simple-openoffice.pdf.txt &lt;br/&gt;
~/pdfbox $ cat test/input/simple-openoffice.pdf.txt &lt;br/&gt;
garbage&lt;br/&gt;
~/pdfbox $ ant testextract&lt;br/&gt;
Buildfile: build.xml&lt;br/&gt;
...&lt;br/&gt;
testextract:&lt;br/&gt;
    &lt;span class=&quot;error&quot;&gt;&amp;#91;junit&amp;#93;&lt;/span&gt; Testsuite: org.apache.pdfbox.util.TestTextStripper&lt;br/&gt;
    &lt;span class=&quot;error&quot;&gt;&amp;#91;junit&amp;#93;&lt;/span&gt; Tests run: 1, Failures: 0, Errors: 0, Time elapsed: 10.478 sec&lt;br/&gt;
    &lt;span class=&quot;error&quot;&gt;&amp;#91;junit&amp;#93;&lt;/span&gt; &lt;br/&gt;
    &lt;span class=&quot;error&quot;&gt;&amp;#91;junit&amp;#93;&lt;/span&gt; Testcase: testExtract took 10.474 sec&lt;/p&gt;

&lt;p&gt;BUILD SUCCESSFUL&lt;br/&gt;
Total time: 22 seconds&lt;/p&gt;</comment>
                            <comment id="12804244" author="lehmi" created="Sun, 24 Jan 2010 14:00:58 +0000"  >&lt;p&gt;Fixed a small typo with version 902568 which has the sideeffect that the extract test every time passes successfully.&lt;/p&gt;

&lt;p&gt;Thanks for the hint Mykola.&lt;/p&gt;</comment>
                            <comment id="12905648" author="lehmi" created="Thu, 2 Sep 2010 20:22:29 +0100"  >&lt;p&gt;Version 992066 fixes the text extraction issue with sample_fonts_solidconvertor.pdf and cweb.pdf from our test arena.&lt;/p&gt;

&lt;p&gt;To achieve that I rearranged/improved the code concerning the encoding. The next step will hopefully be adding support for CID coded fonts&lt;/p&gt;</comment>
                    </comments>
                    <attachments>
                    </attachments>
                <subtasks>
                    </subtasks>
                <customfields>
                                                <customfield id="customfield_12310310" key="com.atlassian.jira.toolkit:attachments">
                        <customfieldname>Attachment count</customfieldname>
                        <customfieldvalues>
                            <customfieldvalue>0.0</customfieldvalue>
                        </customfieldvalues>
                    </customfield>
                                                                                            <customfield id="customfield_12310220" key="com.atlassian.jira.ext.charting:firstresponsedate">
                        <customfieldname>Date of First Response</customfieldname>
                        <customfieldvalues>
                            <customfieldvalue>Wed, 20 Jan 2010 19:14:21 +0000</customfieldvalue>

                        </customfieldvalues>
                    </customfield>
                                                                                                                                                    <customfield id="customfield_12310420" key="com.pyxis.greenhopper.jira:gh-global-rank">
                        <customfieldname>Global Rank</customfieldname>
                        <customfieldvalues>
                            <customfieldvalue>163336</customfieldvalue>
                        </customfieldvalues>
                    </customfield>
                                                                <customfield id="customfield_12310920" key="com.pyxis.greenhopper.jira:gh-global-rank">
                        <customfieldname>Rank</customfieldname>
                        <customfieldvalues>
                            <customfieldvalue>205219</customfieldvalue>
                        </customfieldvalues>
                    </customfield>
                                                                                                                        <customfield id="customfield_12310222" key="com.atlassian.jira.ext.charting:timeinstatus">
                        <customfieldname>Time in Status</customfieldname>
                        <customfieldvalues>
                            
                        </customfieldvalues>
                    </customfield>
                                    </customfields>
    </item>

<item>
            <title>[PDFBOX-569] Text-Extraction of PDF fails</title>
                <link>https://issues.apache.org/jira/browse/PDFBOX-569</link>
                <project id="12310760" key="PDFBOX">PDFBox</project>
                    <description>&lt;p&gt;Using trunk this Exception occurs when extracting text of attached PDF.&lt;/p&gt;

&lt;p&gt;&lt;span class=&quot;error&quot;&gt;&amp;#91;WARN&amp;#93;&lt;/span&gt; PDFParser - invalid xref line: 0&lt;br/&gt;
java.io.IOException: Cannot create font if /Type is not /Font.  Actual=COSName&lt;/p&gt;
{FontDescriptor}
&lt;p&gt;	at org.apache.pdfbox.pdmodel.font.PDFontFactory.createFont(PDFontFactory.java:95)&lt;br/&gt;
	at org.apache.pdfbox.pdmodel.font.PDFontFactory.createFont(PDFontFactory.java:68)&lt;br/&gt;
	at org.apache.pdfbox.pdmodel.PDResources.getFonts(PDResources.java:117)&lt;br/&gt;
	at org.apache.pdfbox.util.PDFStreamEngine.processSubStream(PDFStreamEngine.java:206)&lt;br/&gt;
	at org.apache.pdfbox.util.PDFStreamEngine.processStream(PDFStreamEngine.java:188)&lt;br/&gt;
	at org.apache.pdfbox.util.PDFTextStripper.processPage(PDFTextStripper.java:367)&lt;br/&gt;
	at org.apache.pdfbox.util.PDFTextStripper.processPages(PDFTextStripper.java:291)&lt;br/&gt;
	at org.apache.pdfbox.util.PDFTextStripper.writeText(PDFTextStripper.java:247)&lt;/p&gt;</description>
                <environment>1.6.0_11</environment>
        <key id="12441686">PDFBOX-569</key>
            <summary>Text-Extraction of PDF fails</summary>
                <type id="1" iconUrl="https://issues.apache.org/jira/images/icons/issuetypes/bug.png">Bug</type>
                                            <priority id="1" iconUrl="https://issues.apache.org/jira/images/icons/priorities/blocker.png">Blocker</priority>
                        <status id="6" iconUrl="https://issues.apache.org/jira/images/icons/statuses/closed.png" description="The issue is considered finished, the resolution is correct. Issues which are closed can be reopened.">Closed</status>
                    <statusCategory id="3" key="done" colorName="green"/>
                                    <resolution id="1">Fixed</resolution>
                                        <assignee username="lehmi">Andreas Lehmk&#252;hler</assignee>
                                    <reporter username="keepalive">Stephan G&#246;tter</reporter>
                        <labels>
                    </labels>
                <created>Wed, 25 Nov 2009 16:34:04 +0000</created>
                <updated>Tue, 29 May 2012 17:21:56 +0100</updated>
                            <resolved>Sun, 18 Dec 2011 16:33:05 +0000</resolved>
                                    <version>0.8.0-incubator</version>
                                    <fixVersion>1.7.0</fixVersion>
                                    <component>Text extraction</component>
                        <due></due>
                            <votes>0</votes>
                                    <watches>3</watches>
                                                                <comments>
                            <comment id="12883545" author="neilm" created="Tue, 29 Jun 2010 14:33:13 +0100"  >&lt;p&gt;&lt;span class=&quot;error&quot;&gt;&amp;#91;Issue still appears on 1.2.0-SNAPSHOT by the way&amp;#93;&lt;/span&gt;&lt;/p&gt;

&lt;p&gt;I think this pdf is non-compliant with the standard. Correct me if I&apos;m wrong.&lt;/p&gt;

&lt;p&gt;I looked at object &quot;151 0&quot;:&lt;br/&gt;
151 0 obj&lt;br/&gt;
&amp;lt;&amp;lt; &lt;br/&gt;
/Type /Page &lt;br/&gt;
/Parent 318 0 R &lt;br/&gt;
/Contents 152 0 R &lt;br/&gt;
/MediaBox [ 0 0 420 596 ] &lt;br/&gt;
/TrimBox [ 0 0 420 596 ] &lt;br/&gt;
/CropBox [ 0 0 420 596 ] &lt;br/&gt;
/Resources &amp;lt;&amp;lt; /ProcSet [ /PDF /Text ] /XObject &amp;lt;&amp;lt; /Fm418 190 0 R /Fm419 191 0 R /Fm420 192 0 R &amp;gt;&amp;gt; &lt;br/&gt;
/Font &amp;lt;&amp;lt; /F354 196 0 R /F421 200 0 R /F579 204 0 R &amp;gt;&amp;gt; &amp;gt;&amp;gt; &lt;br/&gt;
/Rotate 0 &lt;br/&gt;
&amp;gt;&amp;gt; &lt;br/&gt;
endobj&lt;/p&gt;

&lt;p&gt;Ignoring the potential extra &quot;&amp;gt;&amp;gt;&quot;, there are three Font object references in there. If you follow the links you&apos;ll find that &quot;202 0&quot; and &quot;204 0&quot; are each defined &lt;b&gt;twice&lt;/b&gt; in the document: once of type Font and once of type FontDescriptor. This violates the standard which (in section 7.3.10) says these identifiers should be unique.&lt;/p&gt;

&lt;p&gt;So when PDFTextStripper iterates through PDResources.getFonts() it happens to find the FontDescriptor object for &quot;204 0&quot; before the Font object, passes it to PDFontFactory.createFont and that throws the exception.&lt;/p&gt;

&lt;p&gt;So I see two fixes:&lt;br/&gt;
1. Add some kind of type-check and ignore font objects that aren&apos;t of type &quot;Font&quot;.&lt;br/&gt;
2. Throw some sort of exception if we discover a pdf document with non-unique object ids.&lt;/p&gt;

&lt;p&gt;I&apos;d favour &lt;span class=&quot;error&quot;&gt;&amp;#91;2&amp;#93;&lt;/span&gt; but I wonder how many pdf documents are compliant.&lt;/p&gt;</comment>
                            <comment id="12883611" author="adamnichols" created="Tue, 29 Jun 2010 17:53:45 +0100"  >&lt;p&gt;I am not in favor of #2.  While this isn&apos;t compliant, I&apos;ve seen many production documents which have this issue.  When some programs merge two documents together, they&apos;ll just basically concatenate the PDFs.  The PDFs I&apos;ve looked into which have this issue have all said mentioned Acrobat Distiller, but I can&apos;t confirm that is what created the original PDFs, or what merged them together since I don&apos;t have that software.&lt;/p&gt;

&lt;p&gt;&lt;a href=&quot;https://issues.apache.org/jira/browse/PDFBOX-720&quot; title=&quot;Inconsistency in parsing PDFs between Windows and Linux&quot; class=&quot;issue-link&quot; data-issue-key=&quot;PDFBOX-720&quot;&gt;PDFBOX-720&lt;/a&gt; has some notes which are related to the issue of non-unique object IDs.  David recommended a proper fix (the whole parsing module needs to be rewritten in accordance with the PDF spec) as well as a quick fix (use a LinkedHashMap and update parseXrefStreams).  Fixing this may eliminate this issue as it&apos;ll be looking at the &quot;correct&quot; object.  I don&apos;t have time to work on &lt;a href=&quot;https://issues.apache.org/jira/browse/PDFBOX-720&quot; title=&quot;Inconsistency in parsing PDFs between Windows and Linux&quot; class=&quot;issue-link&quot; data-issue-key=&quot;PDFBOX-720&quot;&gt;PDFBOX-720&lt;/a&gt; right now, but if someone has time to make a patch I can help test and confirm whether or not it&apos;s working.&lt;/p&gt;

&lt;p&gt;If your PDF opens fine in Adobe Reader, then I don&apos;t think it should throw an exception when meeting an invalid font.  While I&apos;d much rather go by the PDF spec instead of what Adobe Reader does, my users are going to say my software is inferior is it can&apos;t handle PDFs which work fine (in Adobe Reader).  Since software is made for the users, it&apos;d probably be a good idea to take their perspective into account, even if it means parsing out of spec docs.  It might be nice if we had some kind of flag we could check in addition to logging these errors.  So if the library detects that a PDF is non-compliant, it can log a detailed error message, and set a boolean to true.  That way the calling program can handle this is a special way, such as printing a warning message to the user.&lt;/p&gt;</comment>
                            <comment id="13106654" author="devlynx" created="Fri, 16 Sep 2011 19:18:52 +0100"  >&lt;p&gt;Hello,&lt;/p&gt;

&lt;p&gt;This issue is opened for a long time, and I still was able to recreate it with latest sources from the SVN.&lt;br/&gt;
Yes in this PDF file we have two 204 0 objects:&lt;/p&gt;

&lt;p&gt;....&lt;br/&gt;
....&lt;br/&gt;
...&lt;br/&gt;
----------- Offset 698060 ----------- &lt;br/&gt;
204 0 obj&lt;br/&gt;
&amp;lt;&amp;lt;&lt;br/&gt;
/Type /FontDescriptor&lt;br/&gt;
/FontName /Tele-GroteskNor,Italic&lt;br/&gt;
/Ascent 820&lt;br/&gt;
/CapHeight 500&lt;br/&gt;
/Descent -180&lt;br/&gt;
/Flags 32&lt;br/&gt;
/FontBBox &lt;span class=&quot;error&quot;&gt;&amp;#91;-68 -250 1175 880&amp;#93;&lt;/span&gt;&lt;br/&gt;
/ItalicAngle 0&lt;br/&gt;
/StemV 0&lt;br/&gt;
/AvgWidth 357&lt;br/&gt;
/Leading 0&lt;br/&gt;
/MaxWidth 1243&lt;br/&gt;
/XHeight 250&lt;br/&gt;
&amp;gt;&amp;gt;&lt;br/&gt;
endobj&lt;br/&gt;
....&lt;br/&gt;
....&lt;br/&gt;
....&lt;br/&gt;
endstream&lt;br/&gt;
endobj&lt;br/&gt;
----------- Offset 705884 ----------- &lt;br/&gt;
204 0 obj&lt;br/&gt;
&amp;lt;&amp;lt; &lt;br/&gt;
/Type /Font &lt;br/&gt;
/Subtype /Type1 &lt;br/&gt;
/Name /F579 &lt;br/&gt;
/BaseFont /Tele-GroteskNor,Italic &lt;br/&gt;
/FirstChar 30 &lt;br/&gt;
/LastChar 255 &lt;br/&gt;
/Widths 205 0 R &lt;br/&gt;
/Encoding /WinAnsiEncoding &lt;br/&gt;
/FontDescriptor 206 0 R &lt;br/&gt;
&amp;gt;&amp;gt; &lt;br/&gt;
endobj&lt;br/&gt;
...&lt;br/&gt;
...&lt;br/&gt;
...&lt;/p&gt;

&lt;p&gt;Only second object present in the xref table so it should be used instead of the first one. &lt;/p&gt;

&lt;p&gt;Current PDFParser code is able to handle such situations. When it founds two objects with similar names, it saves the offset to the second one in conflictList. When whole document is parsed it calls:&lt;/p&gt;

&lt;p&gt;ConflictObj.resolveConflicts(document, conflictList);&lt;/p&gt;

&lt;p&gt;Which stores only those object which offset is found in xrefTable. So it should save the second one and it is right.&lt;br/&gt;
But it fails to do this because offset to the second object calculated incorrectly.&lt;/p&gt;

&lt;p&gt;Fix for this problem provided in the patch.&lt;/p&gt;

&lt;p&gt;Regards,&lt;br/&gt;
LX&lt;/p&gt;
</comment>
                            <comment id="13171896" author="lehmi" created="Sun, 18 Dec 2011 16:33:05 +0000"  >&lt;p&gt;I added the patch in revision 1220449 as proposed by LynX&lt;/p&gt;

&lt;p&gt;Thanks for the contribution!&lt;/p&gt;</comment>
                    </comments>
                    <attachments>
                            <attachment id="12494837" name="TextExtractionFix-569.patch" size="583" author="devlynx" created="Fri, 16 Sep 2011 19:18:52 +0100"/>
                            <attachment id="12426120" name="b820GL0204.pdf" size="724529" author="keepalive" created="Wed, 25 Nov 2009 16:36:04 +0000"/>
                    </attachments>
                <subtasks>
                    </subtasks>
                <customfields>
                                                <customfield id="customfield_12310310" key="com.atlassian.jira.toolkit:attachments">
                        <customfieldname>Attachment count</customfieldname>
                        <customfieldvalues>
                            <customfieldvalue>2.0</customfieldvalue>
                        </customfieldvalues>
                    </customfield>
                                                                                            <customfield id="customfield_12310220" key="com.atlassian.jira.ext.charting:firstresponsedate">
                        <customfieldname>Date of First Response</customfieldname>
                        <customfieldvalues>
                            <customfieldvalue>Tue, 29 Jun 2010 13:33:13 +0000</customfieldvalue>

                        </customfieldvalues>
                    </customfield>
                                                                                                                                                    <customfield id="customfield_12310420" key="com.pyxis.greenhopper.jira:gh-global-rank">
                        <customfieldname>Global Rank</customfieldname>
                        <customfieldvalues>
                            <customfieldvalue>60361</customfieldvalue>
                        </customfieldvalues>
                    </customfield>
                                                                <customfield id="customfield_12310920" key="com.pyxis.greenhopper.jira:gh-global-rank">
                        <customfieldname>Rank</customfieldname>
                        <customfieldvalues>
                            <customfieldvalue>204596</customfieldvalue>
                        </customfieldvalues>
                    </customfield>
                                                                                                                        <customfield id="customfield_12310222" key="com.atlassian.jira.ext.charting:timeinstatus">
                        <customfieldname>Time in Status</customfieldname>
                        <customfieldvalues>
                            
                        </customfieldvalues>
                    </customfield>
                                    </customfields>
    </item>

<item>
            <title>[PDFBOX-571] Dubious handling of word spacing (Tw)</title>
                <link>https://issues.apache.org/jira/browse/PDFBOX-571</link>
                <project id="12310760" key="PDFBOX">PDFBox</project>
                    <description>&lt;p&gt;Wanted to provide a contrary case for the current handling of word spacing.&lt;/p&gt;

&lt;p&gt;The sample page (pg_0005.pdf) uses a Type1C font for text rendering. The problem is that this Type1C font uses a custom encoding where the code values are assigned sequentially starting from the code value of 1. Thus the code value 32 is assigned to a digit &quot;3&quot;, not to a space character &quot; &quot; as one would expect.&lt;/p&gt;

&lt;p&gt;The PDF producer software has (mis-)used word spacing to break up longer character sequences. For example, on table line 3, the character sequence &quot;0.831.05&quot; is broken into two cells &quot;0.83&quot; and &quot;1.05&quot;. Other uses of this &quot;optimization&quot; can be seen when the sample page is opened in Acrobat Reader (tested on version 7.0) and the &quot;Select all&quot; operation is performed. I&apos;ve attached the screenshot of Acrobat Reader (pg_0005_selectall.png) for your convenience.&lt;/p&gt;</description>
                <environment></environment>
        <key id="12441838">PDFBOX-571</key>
            <summary>Dubious handling of word spacing (Tw)</summary>
                <type id="1" iconUrl="https://issues.apache.org/jira/images/icons/issuetypes/bug.png">Bug</type>
                                            <priority id="3" iconUrl="https://issues.apache.org/jira/images/icons/priorities/major.png">Major</priority>
                        <status id="6" iconUrl="https://issues.apache.org/jira/images/icons/statuses/closed.png" description="The issue is considered finished, the resolution is correct. Issues which are closed can be reopened.">Closed</status>
                    <statusCategory id="3" key="done" colorName="green"/>
                                    <resolution id="1">Fixed</resolution>
                                        <assignee username="-1">Unassigned</assignee>
                                    <reporter username="vfed">Villu Ruusmann</reporter>
                        <labels>
                    </labels>
                <created>Fri, 27 Nov 2009 17:02:34 +0000</created>
                <updated>Mon, 22 Feb 2010 18:28:05 +0000</updated>
                            <resolved>Sat, 28 Nov 2009 11:37:21 +0000</resolved>
                                    <version>0.8.0-incubator</version>
                                    <fixVersion>1.0.0</fixVersion>
                                    <component>Text extraction</component>
                    <component>Utilities</component>
                        <due></due>
                            <votes>0</votes>
                                    <watches>0</watches>
                                                                <comments>
                            <comment id="12783227" author="lehmi" created="Sat, 28 Nov 2009 11:37:21 +0000"  >&lt;p&gt;Villus explanation seems reasonable to me. So, I&apos;ve tested the patch and it works fine.&lt;/p&gt;

&lt;ul class=&quot;alternate&quot; type=&quot;square&quot;&gt;
	&lt;li&gt;the rendering of the attached sample pdf is more acurate (not perfect, but better)&lt;/li&gt;
	&lt;li&gt;the extracted text of the attached sample pdf is more acurate too&lt;/li&gt;
	&lt;li&gt;the other test cases are working like before&lt;/li&gt;
&lt;/ul&gt;


&lt;p&gt;Thanks to Villu for his contribution&lt;/p&gt;</comment>
                            <comment id="12836797" author="lehmi" created="Mon, 22 Feb 2010 18:28:05 +0000"  >&lt;p&gt;closed after releasing version 1.0.0&lt;/p&gt;</comment>
                    </comments>
                <issuelinks>
                            <issuelinktype id="10030">
                    <name>Reference</name>
                                            <outwardlinks description="relates to">
                                        <issuelink>
            <issuekey id="12443183">PDFBOX-583</issuekey>
        </issuelink>
            <issuelink>
            <issuekey id="12434345">PDFBOX-508</issuekey>
        </issuelink>
            <issuelink>
            <issuekey id="12435134">PDFBOX-520</issuekey>
        </issuelink>
                            </outwardlinks>
                                                        </issuelinktype>
                    </issuelinks>
                <attachments>
                            <attachment id="12426289" name="PDFStreamEngine.patch" size="1234" author="vfed" created="Fri, 27 Nov 2009 17:07:38 +0000"/>
                            <attachment id="12426287" name="pg_0005.pdf" size="32571" author="vfed" created="Fri, 27 Nov 2009 17:04:14 +0000"/>
                            <attachment id="12426288" name="pg_0005_selectall.png" size="203663" author="vfed" created="Fri, 27 Nov 2009 17:06:23 +0000"/>
                    </attachments>
                <subtasks>
                    </subtasks>
                <customfields>
                                                <customfield id="customfield_12310310" key="com.atlassian.jira.toolkit:attachments">
                        <customfieldname>Attachment count</customfieldname>
                        <customfieldvalues>
                            <customfieldvalue>3.0</customfieldvalue>
                        </customfieldvalues>
                    </customfield>
                                                                                            <customfield id="customfield_12310220" key="com.atlassian.jira.ext.charting:firstresponsedate">
                        <customfieldname>Date of First Response</customfieldname>
                        <customfieldvalues>
                            <customfieldvalue>Sat, 28 Nov 2009 11:37:21 +0000</customfieldvalue>

                        </customfieldvalues>
                    </customfield>
                                                                                                                                                    <customfield id="customfield_12310420" key="com.pyxis.greenhopper.jira:gh-global-rank">
                        <customfieldname>Global Rank</customfieldname>
                        <customfieldvalues>
                            <customfieldvalue>163337</customfieldvalue>
                        </customfieldvalues>
                    </customfield>
                                                                <customfield id="customfield_12310920" key="com.pyxis.greenhopper.jira:gh-global-rank">
                        <customfieldname>Rank</customfieldname>
                        <customfieldvalues>
                            <customfieldvalue>205492</customfieldvalue>
                        </customfieldvalues>
                    </customfield>
                                                                                                                        <customfield id="customfield_12310222" key="com.atlassian.jira.ext.charting:timeinstatus">
                        <customfieldname>Time in Status</customfieldname>
                        <customfieldvalues>
                            
                        </customfieldvalues>
                    </customfield>
                                    </customfields>
    </item>
</channel>
</rss>
