<!--
RSS generated by JIRA (6.2#6252-sha1:aa343257d4ce030d9cb8c531be520be9fac1c996) at Tue Jun 03 18:01:57 UTC 2014

It is possible to restrict the fields that are returned in this document by specifying the 'field' parameter in your request.
For example, to request only the issue key and summary add field=key&field=summary to the URL of your request.
For example:
https://issues.apache.org/jira/sr/jira.issueviews:searchrequest-xml/temp/SearchRequest.xml?jqlQuery=project+%3D+PDFBOX+AND+issuetype+%3D+Bug+AND+created+%3E%3D+2008-12-1+AND+created+%3C%3D+2009-1-1+ORDER+BY+key+ASC&tempMax=100&field=key&field=summary
-->
<!-- If you wish to do custom client-side styling of RSS, uncomment this:
<?xml-stylesheet href="https://issues.apache.org/jira/styles/jiraxml2html.xsl" type="text/xsl"?>
-->
<rss version="0.92">
    <channel>
        <title>ASF JIRA</title>
        <link>https://issues.apache.org/jira/secure/IssueNavigator.jspa?reset=true&amp;jqlQuery=project+%3D+PDFBOX+AND+issuetype+%3D+Bug+AND+created+%3E%3D+2008-12-1+AND+created+%3C%3D+2009-1-1+ORDER+BY+key+ASC</link>
        <description>An XML representation of a search request</description>
                <language>en-uk</language>
                        <issue start="0" end="3" total="3"/>
                <build-info>
            <version>6.2</version>
            <build-number>6252</build-number>
            <build-date>19-02-2014</build-date>
        </build-info>
<item>
            <title>[PDFBOX-393] Maven files in jempbox do not work in Eclipse.</title>
                <link>https://issues.apache.org/jira/browse/PDFBOX-393</link>
                <project id="12310760" key="PDFBOX">PDFBox</project>
                    <description>&lt;p&gt;When I tried to use the Maven files in JempBox, I got errors in the test code that it could not find the junit packages. Changing the pom file to better specify the test and source directories fixed it.  &lt;/p&gt;

&lt;p&gt;&amp;#8212; jempbox/trunk/pom.xml       (revision 723007)&lt;br/&gt;
+++ jempbox/trunk/pom.xml       (working copy)&lt;br/&gt;
@@ -36,7 +36,8 @@&lt;br/&gt;
        &amp;lt;description&amp;gt;JempBox is an open source Java library that implements Adobe&apos;s XMP(TM) specification.&amp;lt;/description&amp;gt;&lt;/p&gt;

&lt;p&gt;     &amp;lt;build&amp;gt;&lt;/p&gt;
&lt;ul class=&quot;alternate&quot; type=&quot;square&quot;&gt;
	&lt;li&gt;&amp;lt;sourceDirectory&amp;gt;src&amp;lt;/sourceDirectory&amp;gt;&lt;br/&gt;
+      &amp;lt;sourceDirectory&amp;gt;src/org&amp;lt;/sourceDirectory&amp;gt;&lt;br/&gt;
+      &amp;lt;testSourceDirectory&amp;gt;src/test&amp;lt;/testSourceDirectory&amp;gt;&lt;br/&gt;
        &amp;lt;/build&amp;gt;&lt;/li&gt;
&lt;/ul&gt;


&lt;p&gt;   &amp;lt;dependencies&amp;gt;&lt;/p&gt;</description>
                <environment></environment>
        <key id="12409793">PDFBOX-393</key>
            <summary>Maven files in jempbox do not work in Eclipse.</summary>
                <type id="1" iconUrl="https://issues.apache.org/jira/images/icons/issuetypes/bug.png">Bug</type>
                                            <priority id="3" iconUrl="https://issues.apache.org/jira/images/icons/priorities/major.png">Major</priority>
                        <status id="6" iconUrl="https://issues.apache.org/jira/images/icons/statuses/closed.png" description="The issue is considered finished, the resolution is correct. Issues which are closed can be reopened.">Closed</status>
                    <statusCategory id="3" key="done" colorName="green"/>
                                    <resolution id="1">Fixed</resolution>
                                        <assignee username="jukkaz">Jukka Zitting</assignee>
                                    <reporter username="carrier">Brian Carrier</reporter>
                        <labels>
                    </labels>
                <created>Wed, 3 Dec 2008 19:33:46 +0000</created>
                <updated>Wed, 21 Oct 2009 10:52:09 +0100</updated>
                            <resolved>Fri, 6 Mar 2009 18:47:07 +0000</resolved>
                                    <version>0.8.0-incubator</version>
                                    <fixVersion>0.8.0-incubator</fixVersion>
                                    <component>JempBox</component>
                        <due></due>
                            <votes>0</votes>
                                    <watches>1</watches>
                                                                <comments>
                            <comment id="12667662" author="sebdotv" created="Tue, 27 Jan 2009 13:10:03 +0000"  >&lt;p&gt;I had the same problem but the patch suggested above fails in Eclipse which apparently does not like inconsistent source directory hierarchies.&lt;/p&gt;

&lt;p&gt;To fix the problem, I suggest to either :&lt;/p&gt;

&lt;p&gt;A. rename/move:&lt;/p&gt;
&lt;ul class=&quot;alternate&quot; type=&quot;square&quot;&gt;
	&lt;li&gt;src/test to src-test/test&lt;br/&gt;
and change the pom.xml:&lt;br/&gt;
&amp;lt;build&amp;gt;&lt;br/&gt;
  &amp;lt;sourceDirectory&amp;gt;src&amp;lt;/sourceDirectory&amp;gt;&lt;br/&gt;
  &amp;lt;testSourceDirectory&amp;gt;src-test&amp;lt;/testSourceDirectory&amp;gt;&lt;br/&gt;
&amp;lt;/build&amp;gt;&lt;/li&gt;
&lt;/ul&gt;


&lt;p&gt;B. Or to adhere to Maven project layout, rename/move:&lt;/p&gt;
&lt;ul class=&quot;alternate&quot; type=&quot;square&quot;&gt;
	&lt;li&gt;src/org to src/main/java/org&lt;/li&gt;
	&lt;li&gt;src/test to src/test/java/test&lt;br/&gt;
and remove the &amp;lt;build&amp;gt;...&amp;lt;/build&amp;gt; element from pom.xml.&lt;/li&gt;
&lt;/ul&gt;
</comment>
                            <comment id="12669792" author="carrier" created="Mon, 2 Feb 2009 23:11:46 +0000"  >&lt;p&gt;What Maven plug-in to Eclipse are you using?  The patch works for the command line. &lt;/p&gt;</comment>
                            <comment id="12670454" author="carrier" created="Wed, 4 Feb 2009 20:42:03 +0000"  >&lt;p&gt;I checked in this fix since it helps those who use maven from the command line.&lt;/p&gt;

&lt;p&gt;Sending        pom.xml&lt;br/&gt;
Transmitting file data .&lt;br/&gt;
Committed revision 740868.&lt;/p&gt;

&lt;p&gt;It sounds like at least one Eclipse plug-in is not happy though, so I will rename this issue and keep it open. &lt;/p&gt;</comment>
                            <comment id="12679686" author="jukkaz" created="Fri, 6 Mar 2009 18:47:06 +0000"  >&lt;p&gt;I fixed the Eclipse case along with other changes in revision 751029.&lt;/p&gt;</comment>
                    </comments>
                    <attachments>
                    </attachments>
                <subtasks>
                    </subtasks>
                <customfields>
                                                <customfield id="customfield_12310310" key="com.atlassian.jira.toolkit:attachments">
                        <customfieldname>Attachment count</customfieldname>
                        <customfieldvalues>
                            <customfieldvalue>0.0</customfieldvalue>
                        </customfieldvalues>
                    </customfield>
                                                                                            <customfield id="customfield_12310220" key="com.atlassian.jira.ext.charting:firstresponsedate">
                        <customfieldname>Date of First Response</customfieldname>
                        <customfieldvalues>
                            <customfieldvalue>Tue, 27 Jan 2009 13:10:03 +0000</customfieldvalue>

                        </customfieldvalues>
                    </customfield>
                                                                                                                                                    <customfield id="customfield_12310420" key="com.pyxis.greenhopper.jira:gh-global-rank">
                        <customfieldname>Global Rank</customfieldname>
                        <customfieldvalues>
                            <customfieldvalue>163210</customfieldvalue>
                        </customfieldvalues>
                    </customfield>
                                                                <customfield id="customfield_12310920" key="com.pyxis.greenhopper.jira:gh-global-rank">
                        <customfieldname>Rank</customfieldname>
                        <customfieldvalues>
                            <customfieldvalue>205028</customfieldvalue>
                        </customfieldvalues>
                    </customfield>
                                                                                                                        <customfield id="customfield_12310222" key="com.atlassian.jira.ext.charting:timeinstatus">
                        <customfieldname>Time in Status</customfieldname>
                        <customfieldvalues>
                            
                        </customfieldvalues>
                    </customfield>
                                    </customfields>
    </item>

<item>
            <title>[PDFBOX-395] NPE on public key encryption of an unencrypted document</title>
                <link>https://issues.apache.org/jira/browse/PDFBOX-395</link>
                <project id="12310760" key="PDFBOX">PDFBox</project>
                    <description>&lt;p&gt;While updating the TestPublicKeyEncryption test case I noticed that the PublicKeySecurityHandler fails with an NPE when one tries to use public key encryption on an unencrypted document. This is because PublicKeySecurityHandler incorrectly expects the PDDocument to already contain an encryption dictionary.&lt;/p&gt;</description>
                <environment></environment>
        <key id="12411480">PDFBOX-395</key>
            <summary>NPE on public key encryption of an unencrypted document</summary>
                <type id="1" iconUrl="https://issues.apache.org/jira/images/icons/issuetypes/bug.png">Bug</type>
                                            <priority id="4" iconUrl="https://issues.apache.org/jira/images/icons/priorities/minor.png">Minor</priority>
                        <status id="6" iconUrl="https://issues.apache.org/jira/images/icons/statuses/closed.png" description="The issue is considered finished, the resolution is correct. Issues which are closed can be reopened.">Closed</status>
                    <statusCategory id="3" key="done" colorName="green"/>
                                    <resolution id="1">Fixed</resolution>
                                        <assignee username="jukkaz">Jukka Zitting</assignee>
                                    <reporter username="jukkaz">Jukka Zitting</reporter>
                        <labels>
                    </labels>
                <created>Tue, 30 Dec 2008 16:45:30 +0000</created>
                <updated>Wed, 21 Oct 2009 10:52:09 +0100</updated>
                            <resolved>Tue, 30 Dec 2008 16:47:10 +0000</resolved>
                                    <version>0.7.3</version>
                                    <fixVersion>0.8.0-incubator</fixVersion>
                                    <component>PDModel</component>
                        <due></due>
                            <votes>0</votes>
                                    <watches>0</watches>
                                                                <comments>
                            <comment id="12659847" author="jukkaz" created="Tue, 30 Dec 2008 16:47:10 +0000"  >&lt;p&gt;Fixed in revision 730175.&lt;/p&gt;</comment>
                    </comments>
                    <attachments>
                    </attachments>
                <subtasks>
                    </subtasks>
                <customfields>
                                                <customfield id="customfield_12310310" key="com.atlassian.jira.toolkit:attachments">
                        <customfieldname>Attachment count</customfieldname>
                        <customfieldvalues>
                            <customfieldvalue>0.0</customfieldvalue>
                        </customfieldvalues>
                    </customfield>
                                                                                                                                                                                                            <customfield id="customfield_12310420" key="com.pyxis.greenhopper.jira:gh-global-rank">
                        <customfieldname>Global Rank</customfieldname>
                        <customfieldvalues>
                            <customfieldvalue>163211</customfieldvalue>
                        </customfieldvalues>
                    </customfield>
                                                                <customfield id="customfield_12310920" key="com.pyxis.greenhopper.jira:gh-global-rank">
                        <customfieldname>Rank</customfieldname>
                        <customfieldvalues>
                            <customfieldvalue>205805</customfieldvalue>
                        </customfieldvalues>
                    </customfield>
                                                                                                                        <customfield id="customfield_12310222" key="com.atlassian.jira.ext.charting:timeinstatus">
                        <customfieldname>Time in Status</customfieldname>
                        <customfieldvalues>
                            
                        </customfieldvalues>
                    </customfield>
                                    </customfields>
    </item>

<item>
            <title>[PDFBOX-396] Incorrect permissions after decryption</title>
                <link>https://issues.apache.org/jira/browse/PDFBOX-396</link>
                <project id="12310760" key="PDFBOX">PDFBox</project>
                    <description>&lt;p&gt;PDDocument.openProtection() sets securityHandler to null, which prevents the getCurrentPermission() method from returning the correct access permissions.&lt;/p&gt;</description>
                <environment></environment>
        <key id="12411524">PDFBOX-396</key>
            <summary>Incorrect permissions after decryption</summary>
                <type id="1" iconUrl="https://issues.apache.org/jira/images/icons/issuetypes/bug.png">Bug</type>
                                            <priority id="4" iconUrl="https://issues.apache.org/jira/images/icons/priorities/minor.png">Minor</priority>
                        <status id="6" iconUrl="https://issues.apache.org/jira/images/icons/statuses/closed.png" description="The issue is considered finished, the resolution is correct. Issues which are closed can be reopened.">Closed</status>
                    <statusCategory id="3" key="done" colorName="green"/>
                                    <resolution id="1">Fixed</resolution>
                                        <assignee username="jukkaz">Jukka Zitting</assignee>
                                    <reporter username="jukkaz">Jukka Zitting</reporter>
                        <labels>
                    </labels>
                <created>Wed, 31 Dec 2008 10:23:49 +0000</created>
                <updated>Wed, 21 Oct 2009 10:52:09 +0100</updated>
                            <resolved>Wed, 31 Dec 2008 10:26:21 +0000</resolved>
                                    <version>0.7.3</version>
                                    <fixVersion>0.8.0-incubator</fixVersion>
                                    <component>PDModel</component>
                        <due></due>
                            <votes>0</votes>
                                    <watches>0</watches>
                                                                <comments>
                            <comment id="12660062" author="jukkaz" created="Wed, 31 Dec 2008 10:26:21 +0000"  >&lt;p&gt;Fixed in revision 730366.&lt;/p&gt;</comment>
                    </comments>
                    <attachments>
                    </attachments>
                <subtasks>
                    </subtasks>
                <customfields>
                                                <customfield id="customfield_12310310" key="com.atlassian.jira.toolkit:attachments">
                        <customfieldname>Attachment count</customfieldname>
                        <customfieldvalues>
                            <customfieldvalue>0.0</customfieldvalue>
                        </customfieldvalues>
                    </customfield>
                                                                                                                                                                                                            <customfield id="customfield_12310420" key="com.pyxis.greenhopper.jira:gh-global-rank">
                        <customfieldname>Global Rank</customfieldname>
                        <customfieldvalues>
                            <customfieldvalue>163212</customfieldvalue>
                        </customfieldvalues>
                    </customfield>
                                                                <customfield id="customfield_12310920" key="com.pyxis.greenhopper.jira:gh-global-rank">
                        <customfieldname>Rank</customfieldname>
                        <customfieldvalues>
                            <customfieldvalue>205802</customfieldvalue>
                        </customfieldvalues>
                    </customfield>
                                                                                                                        <customfield id="customfield_12310222" key="com.atlassian.jira.ext.charting:timeinstatus">
                        <customfieldname>Time in Status</customfieldname>
                        <customfieldvalues>
                            
                        </customfieldvalues>
                    </customfield>
                                    </customfields>
    </item>
</channel>
</rss>
