<!--
RSS generated by JIRA (6.2#6252-sha1:aa343257d4ce030d9cb8c531be520be9fac1c996) at Tue Jun 03 18:01:20 UTC 2014

It is possible to restrict the fields that are returned in this document by specifying the 'field' parameter in your request.
For example, to request only the issue key and summary add field=key&field=summary to the URL of your request.
For example:
https://issues.apache.org/jira/sr/jira.issueviews:searchrequest-xml/temp/SearchRequest.xml?jqlQuery=project+%3D+PDFBOX+AND+issuetype+%3D+Bug+AND+created+%3E%3D+2008-4-1+AND+created+%3C%3D+2008-5-1+ORDER+BY+key+ASC&tempMax=100&field=key&field=summary
-->
<!-- If you wish to do custom client-side styling of RSS, uncomment this:
<?xml-stylesheet href="https://issues.apache.org/jira/styles/jiraxml2html.xsl" type="text/xsl"?>
-->
<rss version="0.92">
    <channel>
        <title>ASF JIRA</title>
        <link>https://issues.apache.org/jira/secure/IssueNavigator.jspa?reset=true&amp;jqlQuery=project+%3D+PDFBOX+AND+issuetype+%3D+Bug+AND+created+%3E%3D+2008-4-1+AND+created+%3C%3D+2008-5-1+ORDER+BY+key+ASC</link>
        <description>An XML representation of a search request</description>
                <language>en-uk</language>
                        <issue start="0" end="0" total="0"/>
                <build-info>
            <version>6.2</version>
            <build-number>6252</build-number>
            <build-date>19-02-2014</build-date>
        </build-info></channel>
</rss>
