<!--
RSS generated by JIRA (6.2#6252-sha1:aa343257d4ce030d9cb8c531be520be9fac1c996) at Tue Jun 03 18:02:48 UTC 2014

It is possible to restrict the fields that are returned in this document by specifying the 'field' parameter in your request.
For example, to request only the issue key and summary add field=key&field=summary to the URL of your request.
For example:
https://issues.apache.org/jira/sr/jira.issueviews:searchrequest-xml/temp/SearchRequest.xml?jqlQuery=project+%3D+PDFBOX+AND+issuetype+%3D+Bug+AND+created+%3E%3D+2009-10-1+AND+created+%3C%3D+2009-11-1+ORDER+BY+key+ASC&tempMax=100&field=key&field=summary
-->
<!-- If you wish to do custom client-side styling of RSS, uncomment this:
<?xml-stylesheet href="https://issues.apache.org/jira/styles/jiraxml2html.xsl" type="text/xsl"?>
-->
<rss version="0.92">
    <channel>
        <title>ASF JIRA</title>
        <link>https://issues.apache.org/jira/secure/IssueNavigator.jspa?reset=true&amp;jqlQuery=project+%3D+PDFBOX+AND+issuetype+%3D+Bug+AND+created+%3E%3D+2009-10-1+AND+created+%3C%3D+2009-11-1+ORDER+BY+key+ASC</link>
        <description>An XML representation of a search request</description>
                <language>en-uk</language>
                        <issue start="0" end="11" total="11"/>
                <build-info>
            <version>6.2</version>
            <build-number>6252</build-number>
            <build-date>19-02-2014</build-date>
        </build-info>
<item>
            <title>[PDFBOX-536] missing iterator.hasNext() test in PDFXrefStreamParser</title>
                <link>https://issues.apache.org/jira/browse/PDFBOX-536</link>
                <project id="12310760" key="PDFBOX">PDFBox</project>
                    <description>&lt;p&gt;The class:     org.apache.pdfbox.pdfparser.PDFXrefStreamParser&lt;/p&gt;

&lt;p&gt;uses an unbounded iterator in it&apos;s parser method.&lt;/p&gt;

&lt;p&gt;Specifically, line 100 should be changed from:&lt;/p&gt;

&lt;p&gt;            while(pdfSource.available() &amp;gt; 0)&lt;/p&gt;

&lt;p&gt;To&lt;/p&gt;

&lt;p&gt;            while(pdfSource.available() &amp;gt; 0 &amp;amp;&amp;amp; objIter.hasNext())&lt;/p&gt;

&lt;p&gt;Not having this check causes line 115 to blow up with a NoSuchElementException.&lt;/p&gt;

&lt;p&gt;I will attach a test file that triggers the problem (during Text extraction) and also a patched version of PDFXrefStreamParser.java.&lt;/p&gt;</description>
                <environment></environment>
        <key id="12437126">PDFBOX-536</key>
            <summary>missing iterator.hasNext() test in PDFXrefStreamParser</summary>
                <type id="1" iconUrl="https://issues.apache.org/jira/images/icons/issuetypes/bug.png">Bug</type>
                                            <priority id="3" iconUrl="https://issues.apache.org/jira/images/icons/priorities/major.png">Major</priority>
                        <status id="6" iconUrl="https://issues.apache.org/jira/images/icons/statuses/closed.png" description="The issue is considered finished, the resolution is correct. Issues which are closed can be reopened.">Closed</status>
                    <statusCategory id="3" key="done" colorName="green"/>
                                    <resolution id="1">Fixed</resolution>
                                        <assignee username="-1">Unassigned</assignee>
                                    <reporter username="m.martinez">Mel Martinez</reporter>
                        <labels>
                    </labels>
                <created>Fri, 2 Oct 2009 16:11:16 +0100</created>
                <updated>Mon, 22 Feb 2010 18:28:04 +0000</updated>
                            <resolved>Mon, 5 Oct 2009 21:03:32 +0100</resolved>
                                    <version>0.8.0-incubator</version>
                                    <fixVersion>1.0.0</fixVersion>
                                    <component>Parsing</component>
                        <due></due>
                            <votes>0</votes>
                                    <watches>2</watches>
                                                                <comments>
                            <comment id="12761613" author="m.martinez" created="Fri, 2 Oct 2009 16:14:31 +0100"  >&lt;p&gt;This PDF triggers the bug during text extraction.&lt;/p&gt;

&lt;p&gt;The replacement PDFXrefStreamParser.java src file fixes the problem.&lt;/p&gt;</comment>
                            <comment id="12761619" author="m.martinez" created="Fri, 2 Oct 2009 16:23:23 +0100"  >&lt;p&gt;The issue in &lt;a href=&quot;https://issues.apache.org/jira/browse/PDFBOX-536&quot; title=&quot;missing iterator.hasNext() test in PDFXrefStreamParser&quot; class=&quot;issue-link&quot; data-issue-key=&quot;PDFBOX-536&quot;&gt;&lt;del&gt;PDFBOX-536&lt;/del&gt;&lt;/a&gt; was first raised under &lt;a href=&quot;https://issues.apache.org/jira/browse/PDFBOX-533&quot; title=&quot;PDFTextStripper.writeCharacters is called no where in the class&quot; class=&quot;issue-link&quot; data-issue-key=&quot;PDFBOX-533&quot;&gt;PDFBOX-533&lt;/a&gt;.&lt;/p&gt;</comment>
                            <comment id="12762335" author="lehmi" created="Mon, 5 Oct 2009 21:03:32 +0100"  >&lt;p&gt;I&apos;ve added Mels patch with version 821928. &lt;/p&gt;

&lt;p&gt;Thanks to Mel for hie contibution.&lt;/p&gt;</comment>
                            <comment id="12836787" author="lehmi" created="Mon, 22 Feb 2010 18:28:04 +0000"  >&lt;p&gt;closed after releasing version 1.0.0&lt;/p&gt;</comment>
                    </comments>
                <issuelinks>
                            <issuelinktype id="10030">
                    <name>Reference</name>
                                            <outwardlinks description="relates to">
                                        <issuelink>
            <issuekey id="12435881">PDFBOX-533</issuekey>
        </issuelink>
                            </outwardlinks>
                                                        </issuelinktype>
                    </issuelinks>
                <attachments>
                            <attachment id="12421112" name="09_05_11_Archiv.pdf" size="116917" author="m.martinez" created="Fri, 2 Oct 2009 16:14:31 +0100"/>
                            <attachment id="12421113" name="PDFXrefStreamParser.java" size="5725" author="m.martinez" created="Fri, 2 Oct 2009 16:14:31 +0100"/>
                    </attachments>
                <subtasks>
                    </subtasks>
                <customfields>
                                                <customfield id="customfield_12310310" key="com.atlassian.jira.toolkit:attachments">
                        <customfieldname>Attachment count</customfieldname>
                        <customfieldvalues>
                            <customfieldvalue>2.0</customfieldvalue>
                        </customfieldvalues>
                    </customfield>
                                                                                            <customfield id="customfield_12310220" key="com.atlassian.jira.ext.charting:firstresponsedate">
                        <customfieldname>Date of First Response</customfieldname>
                        <customfieldvalues>
                            <customfieldvalue>Mon, 5 Oct 2009 20:03:32 +0000</customfieldvalue>

                        </customfieldvalues>
                    </customfield>
                                                                                                                                                    <customfield id="customfield_12310420" key="com.pyxis.greenhopper.jira:gh-global-rank">
                        <customfieldname>Global Rank</customfieldname>
                        <customfieldvalues>
                            <customfieldvalue>163319</customfieldvalue>
                        </customfieldvalues>
                    </customfield>
                                                                <customfield id="customfield_12310920" key="com.pyxis.greenhopper.jira:gh-global-rank">
                        <customfieldname>Rank</customfieldname>
                        <customfieldvalues>
                            <customfieldvalue>205209</customfieldvalue>
                        </customfieldvalues>
                    </customfield>
                                                                                                                        <customfield id="customfield_12310222" key="com.atlassian.jira.ext.charting:timeinstatus">
                        <customfieldname>Time in Status</customfieldname>
                        <customfieldvalues>
                            
                        </customfieldvalues>
                    </customfield>
                                    </customfields>
    </item>

<item>
            <title>[PDFBOX-537] Endless loop in org.apache.pdfbox.pdfparser.BaseParser.parseCOSDictionary() on certain corrupt PDF streams</title>
                <link>https://issues.apache.org/jira/browse/PDFBOX-537</link>
                <project id="12310760" key="PDFBOX">PDFBox</project>
                    <description>&lt;p&gt;The endless loop seems to have been introduced with the changes from 01-Sep-2009 in svn revision 810122 with the addition of the loop to wait for a valid dictionary&lt;/p&gt;

&lt;p&gt;Index: PDFBox/src/main/java/org/apache/pdfbox/pdfparser/BaseParser.java&lt;br/&gt;
===================================================================&lt;br/&gt;
&amp;#8212; PDFBox/src/main/java/org/apache/pdfbox/pdfparser/BaseParser.java	(revision 793364)&lt;br/&gt;
+++ PDFBox/src/main/java/org/apache/pdfbox/pdfparser/BaseParser.java	(revision 810122)&lt;br/&gt;
@@ -183,7 +183,23 @@&lt;br/&gt;
             if( c == &apos;&amp;gt;&apos;)&lt;/p&gt;
             {
                 done = true;
-            }
&lt;p&gt;+            } &lt;br/&gt;
+            else &lt;br/&gt;
+                if(c != &apos;/&apos;) &lt;br/&gt;
+                {&lt;br/&gt;
+                    //an invalid dictionary, we are expecting&lt;br/&gt;
+                    //the key, read until we can recover&lt;br/&gt;
+                    logger().warning(&quot;Invalid dictionary, found:&quot; + (char)c + &quot; but expected:\&apos;&apos;&quot;);&lt;br/&gt;
+                    int read = pdfSource.read();&lt;br/&gt;
+                    while(read != -1 &amp;amp;&amp;amp; read != &apos;/&apos; &amp;amp;&amp;amp; read != &apos;&amp;gt;&apos;)&lt;br/&gt;
+                    &lt;/p&gt;
{
+                        read = pdfSource.read();
+                    }
&lt;p&gt;+                    if(read != -1) &lt;br/&gt;
+                    &lt;/p&gt;
{
+                        pdfSource.unread(read);
+                    }
&lt;p&gt;+                }&lt;br/&gt;
             else&lt;br/&gt;
             {&lt;br/&gt;
                 COSName key = parseCOSName();&lt;br/&gt;
@@ -206,9 +222,12 @@&lt;/p&gt;

&lt;p&gt;                 if( value == null )&lt;/p&gt;
                 {
-                    throw new IOException(&quot;Bad Dictionary Declaration &quot; + pdfSource );
+                    logger().warning(&quot;Bad Dictionary Declaration &quot; + pdfSource );
                 }
&lt;ul class=&quot;alternate&quot; type=&quot;square&quot;&gt;
	&lt;li&gt;obj.setItem( key, value );&lt;br/&gt;
+                else&lt;br/&gt;
+                
{
+                    obj.setItem( key, value );
+                }
&lt;p&gt;             }&lt;br/&gt;
         }&lt;br/&gt;
         char ch = (char)pdfSource.read();&lt;/p&gt;&lt;/li&gt;
&lt;/ul&gt;
</description>
                <environment>The problem occurs on certain corrupt streams. I have attached the file &amp;quot;corrupt-endless-loop-in-0.8.pdf&amp;quot; which is 447 bytes long and exhibits this problem. Not sure, but I think this file was originally longer and was somehow cut.</environment>
        <key id="12437202">PDFBOX-537</key>
            <summary>Endless loop in org.apache.pdfbox.pdfparser.BaseParser.parseCOSDictionary() on certain corrupt PDF streams</summary>
                <type id="1" iconUrl="https://issues.apache.org/jira/images/icons/issuetypes/bug.png">Bug</type>
                                            <priority id="3" iconUrl="https://issues.apache.org/jira/images/icons/priorities/major.png">Major</priority>
                        <status id="6" iconUrl="https://issues.apache.org/jira/images/icons/statuses/closed.png" description="The issue is considered finished, the resolution is correct. Issues which are closed can be reopened.">Closed</status>
                    <statusCategory id="3" key="done" colorName="green"/>
                                    <resolution id="1">Fixed</resolution>
                                        <assignee username="-1">Unassigned</assignee>
                                    <reporter username="ih">Hacho</reporter>
                        <labels>
                    </labels>
                <created>Sat, 3 Oct 2009 21:55:01 +0100</created>
                <updated>Mon, 22 Feb 2010 18:28:04 +0000</updated>
                            <resolved>Tue, 27 Oct 2009 18:37:55 +0000</resolved>
                                    <version>0.8.0-incubator</version>
                                    <fixVersion>1.0.0</fixVersion>
                                    <component>Parsing</component>
                        <due></due>
                            <votes>0</votes>
                                    <watches>1</watches>
                                    <timeoriginalestimate seconds="3600">1h</timeoriginalestimate>
                            <timeestimate seconds="3600">1h</timeestimate>
                                        <comments>
                            <comment id="12761958" author="ih" created="Sat, 3 Oct 2009 22:45:13 +0100"  >&lt;p&gt;The attached file &lt;span class=&quot;error&quot;&gt;&amp;#91;corrupt-endless-loop-in-0.8.pdf&amp;#93;&lt;/span&gt; causes an endless loop in parseCOSDictionary() with the following example code	&lt;/p&gt;

&lt;p&gt;Also attaching a JUnit test case with the same code.&lt;/p&gt;


&lt;p&gt;public void testEndlessLoop() throws IOException {&lt;/p&gt;

&lt;p&gt;		FileInputStream fin = new FileInputStream(&quot;testfiles/corrupt-endless-loop-in-0.8.pdf&quot;);&lt;br/&gt;
		try {&lt;br/&gt;
			PDDocument pdfDoc = PDDocument.load(fin);&lt;br/&gt;
			try {&lt;br/&gt;
				@SuppressWarnings(&quot;unchecked&quot;)&lt;br/&gt;
	        	List&amp;lt;PDPage&amp;gt; pageList = (List&amp;lt;PDPage&amp;gt;) pdfDoc.getDocumentCatalog().getAllPages();&lt;/p&gt;

&lt;p&gt;	        	int pageCntr = 0;&lt;br/&gt;
				for( PDPage page: pageList ) {&lt;br/&gt;
					pageCntr++;&lt;br/&gt;
					byte[] content = page.getContents().getByteArray();&lt;br/&gt;
			    	if ( null == content ) &lt;/p&gt;
{
						//errors.add(&quot;Err on page &quot; + pageCntr );
			    	}
&lt;p&gt;				}&lt;br/&gt;
	       } finally &lt;/p&gt;
{
	    	   pdfDoc.close();
	       }
&lt;p&gt;		} finally &lt;/p&gt;
{
			fin.close();
		}
&lt;p&gt;	}&lt;/p&gt;</comment>
                            <comment id="12761980" author="ih" created="Sun, 4 Oct 2009 03:57:32 +0100"  >&lt;p&gt;Attaching a proposed fix.&lt;br/&gt;
Maybe there is a better way to do this, but this fix works for me. Had to add a bit of code to both BaseParser and PDFParser as well as to create a new exception class - BadPDFFormat&lt;/p&gt;

&lt;p&gt;Attached zip contains the modified files as well as the unified diffs compared to the latest version in SVN (814623). Paths in the zip are relative to folder PDFBox/src/main/java/org/apache/pdfbox&lt;/p&gt;

&lt;p&gt;                    // IH: 03-Oct-2009 - proposed fix for issue &lt;a href=&quot;https://issues.apache.org/jira/browse/PDFBOX-537&quot; title=&quot;Endless loop in org.apache.pdfbox.pdfparser.BaseParser.parseCOSDictionary() on certain corrupt PDF streams&quot; class=&quot;issue-link&quot; data-issue-key=&quot;PDFBOX-537&quot;&gt;&lt;del&gt;PDFBOX-537&lt;/del&gt;&lt;/a&gt;&lt;br/&gt;
                    //   &lt;a href=&quot;https://issues.apache.org/jira/browse/PDFBOX-537&quot; class=&quot;external-link&quot; rel=&quot;nofollow&quot;&gt;https://issues.apache.org/jira/browse/PDFBOX-537&lt;/a&gt;&lt;br/&gt;
                    // prevent endless loop for certain corrupt PDF files&lt;br/&gt;
                    // Note: BadPDFFormat is a new class and also requires a&lt;br/&gt;
                    // change in PDFParser.parse() to throw this exception&lt;br/&gt;
                    // otherwise it&apos;s suppressed because of the EOF on the input stream&lt;br/&gt;
                    // If we do suppress it, the call to PDDocument.load(in) will succeed, &lt;br/&gt;
                    // but the subsequent call to PDPageNode.getAllKids() will throw &lt;br/&gt;
                    // a NullPointer exception because &quot;page&quot; will be null  &lt;br/&gt;
                    c = (char)pdfSource.peek();&lt;br/&gt;
                    if( c == &apos;&amp;gt;&apos;)&lt;br/&gt;
                        done = true;&lt;br/&gt;
                    else &lt;/p&gt;
{
	                    if (pdfSource.isEOF())
	                        throw new BadPDFFormat( &quot;Invalid dictionary&quot;);
                    }
</comment>
                            <comment id="12770600" author="lehmi" created="Tue, 27 Oct 2009 18:37:55 +0000"  >&lt;p&gt;The attached sample pdf is really corrupt. Even the acrobat reader can&apos;t open it. It looks like someone has pasted small parts of an existing pdf to a new one.&lt;/p&gt;

&lt;p&gt;Whatever, the endless loop is gone with &lt;a href=&quot;https://issues.apache.org/jira/browse/PDFBOX-541&quot; title=&quot;Infinite loop in BaseParser.parseCOSDictionary&quot; class=&quot;issue-link&quot; data-issue-key=&quot;PDFBOX-541&quot;&gt;&lt;del&gt;PDFBOX-541&lt;/del&gt;&lt;/a&gt;. I don&apos;t think that the attached sample is an appropriate candidate for out test cases.&lt;/p&gt;</comment>
                            <comment id="12778367" author="j1sgs007" created="Mon, 16 Nov 2009 15:07:54 +0000"  >&lt;p&gt;Great.. I had the same problem and this solution works for me.&lt;br/&gt;
Many thanks.&lt;br/&gt;
Attaching the compiled 4 class files required.&lt;/p&gt;</comment>
                            <comment id="12836788" author="lehmi" created="Mon, 22 Feb 2010 18:28:04 +0000"  >&lt;p&gt;closed after releasing version 1.0.0&lt;/p&gt;</comment>
                    </comments>
                    <attachments>
                            <attachment id="12425068" name="PDFParser.zip" size="14311" author="j1sgs007" created="Mon, 16 Nov 2009 15:07:54 +0000"/>
                            <attachment id="12421214" name="TestPDFBOX537.java" size="987" author="ih" created="Sat, 3 Oct 2009 22:45:13 +0100"/>
                            <attachment id="12421213" name="corrupt-endless-loop-in-0.8.pdf" size="447" author="ih" created="Sat, 3 Oct 2009 22:45:13 +0100"/>
                            <attachment id="12421217" name="pdfbox-537-proposed-fix.zip" size="18303" author="ih" created="Sun, 4 Oct 2009 03:57:32 +0100"/>
                    </attachments>
                <subtasks>
                    </subtasks>
                <customfields>
                                                <customfield id="customfield_12310310" key="com.atlassian.jira.toolkit:attachments">
                        <customfieldname>Attachment count</customfieldname>
                        <customfieldvalues>
                            <customfieldvalue>4.0</customfieldvalue>
                        </customfieldvalues>
                    </customfield>
                                                                                            <customfield id="customfield_12310220" key="com.atlassian.jira.ext.charting:firstresponsedate">
                        <customfieldname>Date of First Response</customfieldname>
                        <customfieldvalues>
                            <customfieldvalue>Tue, 27 Oct 2009 18:37:55 +0000</customfieldvalue>

                        </customfieldvalues>
                    </customfield>
                                                                                                                                                    <customfield id="customfield_12310420" key="com.pyxis.greenhopper.jira:gh-global-rank">
                        <customfieldname>Global Rank</customfieldname>
                        <customfieldvalues>
                            <customfieldvalue>163320</customfieldvalue>
                        </customfieldvalues>
                    </customfield>
                                                                <customfield id="customfield_12310920" key="com.pyxis.greenhopper.jira:gh-global-rank">
                        <customfieldname>Rank</customfieldname>
                        <customfieldvalues>
                            <customfieldvalue>205213</customfieldvalue>
                        </customfieldvalues>
                    </customfield>
                                                                                                                        <customfield id="customfield_12310222" key="com.atlassian.jira.ext.charting:timeinstatus">
                        <customfieldname>Time in Status</customfieldname>
                        <customfieldvalues>
                            
                        </customfieldvalues>
                    </customfield>
                                    </customfields>
    </item>

<item>
            <title>[PDFBOX-538] CryptographyException on Adobe Distiller generated file</title>
                <link>https://issues.apache.org/jira/browse/PDFBOX-538</link>
                <project id="12310760" key="PDFBOX">PDFBox</project>
                    <description>&lt;p&gt;Well... this is actually &lt;b&gt;not&lt;/b&gt; a PDFBox bug, but an Adobe Distiller (7.0.x) one...&lt;/p&gt;

&lt;p&gt;The following exception is thrown in StandardSecurityHandler.computeEncryptedKey:&lt;/p&gt;

&lt;p&gt;org.apache.pdfbox.exceptions.CryptographyException: Error: length should be 5 when revision is two actual=16&lt;/p&gt;

&lt;p&gt;The PDF file is accepted by various readers and contains the following object:&lt;/p&gt;

&lt;p&gt;2106 0 obj&lt;br/&gt;
&amp;lt;&amp;lt; &lt;br/&gt;
/Filter /Standard&lt;br/&gt;
/V 1&lt;br/&gt;
/R 2&lt;br/&gt;
/Length 128&lt;br/&gt;
/P -12&lt;br/&gt;
/O (f&#165;&#8212;&#232;&#224;&#227;&#216;&#8225;&#65533;&#230;a&#167;&#65533;&#187;e&#252;cm&#253;/&#198;6&#239;&#224;Y&#247;[*&#8482;6)&lt;br/&gt;
/U (&#229;&#163;&#225;t&#194;&amp;gt;c&#247;s&#201;c&#251;^K&#222;&#8226;&#192;&#8250;&#182;YjC&#242;~)&lt;br/&gt;
&amp;gt;&amp;gt;&lt;br/&gt;
endobj&lt;/p&gt;

&lt;p&gt;Referenced by an encrypt tag:&lt;br/&gt;
/Encrypt 2106 0 R&lt;/p&gt;

&lt;p&gt;PDFBox rejects (rightly) such an object with version 1, revision 2 and a length != 5*8&lt;/p&gt;

&lt;p&gt;That said, we are parsing many of those files to feed a Lucene index. Could the validation be relaxed ?&lt;/p&gt;</description>
                <environment></environment>
        <key id="12437720">PDFBOX-538</key>
            <summary>CryptographyException on Adobe Distiller generated file</summary>
                <type id="1" iconUrl="https://issues.apache.org/jira/images/icons/issuetypes/bug.png">Bug</type>
                                            <priority id="3" iconUrl="https://issues.apache.org/jira/images/icons/priorities/major.png">Major</priority>
                        <status id="1" iconUrl="https://issues.apache.org/jira/images/icons/statuses/open.png" description="The issue is open and ready for the assignee to start work on it.">Open</status>
                    <statusCategory id="2" key="new" colorName="blue-gray"/>
                                    <resolution id="-1">Unresolved</resolution>
                                        <assignee username="-1">Unassigned</assignee>
                                    <reporter username="lucclaes">Luc Claes</reporter>
                        <labels>
                    </labels>
                <created>Fri, 9 Oct 2009 16:07:03 +0100</created>
                <updated>Thu, 15 Oct 2009 06:49:13 +0100</updated>
                                            <version>0.8.0-incubator</version>
                                                    <component>Parsing</component>
                        <due></due>
                            <votes>0</votes>
                                    <watches>1</watches>
                                                                <comments>
                            <comment id="12764332" author="lehmi" created="Sat, 10 Oct 2009 12:21:24 +0100"  >&lt;p&gt;IMO it is possible to replace the exception with a log entry. Is it possible to provide us with a sample file?&lt;/p&gt;</comment>
                            <comment id="12765512" author="lucclaes" created="Wed, 14 Oct 2009 12:04:44 +0100"  >&lt;p&gt;There seems to be a confusion between the &apos;version&apos; and &apos;revison&apos; encryption dictionnary entries.&lt;/p&gt;

&lt;p&gt;The PDF spec says:&lt;br/&gt;
(7.6.1) For version 1: Encryption of data using the RC4 or AES algorithms&quot; in 7.6.2, &quot;General Encryption Algorithm,&quot; with an encryption key length of 40 bits; see below.&lt;br/&gt;
...&lt;br/&gt;
Length integer (Optional; PDF 1.4; only if V is 2 or 3) The length of the encryption key, in bits. The value shall be a multiple of 8, in the range 40 to 128. Default value: 40.&lt;br/&gt;
...&lt;/p&gt;

&lt;p&gt;Note that length is optional and meaningful only if v &amp;gt; 1. If v is 1, the length is always of 40 bits.&lt;/p&gt;

&lt;p&gt;A working patch of StandardSecurityHandler.java consists of&lt;br/&gt;
1) replacing in decryptDocument()&lt;br/&gt;
        int dicLength = dictionary.getLength()/8;&lt;br/&gt;
by&lt;br/&gt;
        int dicLength = (dictionary.getVersion() == 1) ? 5 : (dictionary.getLength()/8);&lt;/p&gt;

&lt;p&gt;2) deleting the two erroneous tests in getUserPassword() and computeEncryptedKey():&lt;br/&gt;
            if( (encRevision == 2) &amp;amp;&amp;amp; (length != 5) )&lt;/p&gt;
            {
              throw new CryptographyException(
                  &quot;Error: Expected length=5 actual=&quot; + length );
            }
&lt;p&gt;(the revision was evaluated instead of the version, and the test is now useless)&lt;/p&gt;

&lt;p&gt;Unfortunately, I&apos;m unable to provide you &apos;publicly&apos; with such a document.&lt;/p&gt;</comment>
                            <comment id="12765917" author="lehmi" created="Thu, 15 Oct 2009 06:49:13 +0100"  >&lt;p&gt;Thanks for the detailed explanation. Obviously there is another possible value of V=4  since pdf 1.5 in the pdf-reference v1.7. IMO we have to take that value also into amount to be 1.5 compliant. If we really support that value or just throw an exception or log an error/warning that&apos;s another story.&lt;/p&gt;</comment>
                    </comments>
                    <attachments>
                    </attachments>
                <subtasks>
                    </subtasks>
                <customfields>
                                                <customfield id="customfield_12310310" key="com.atlassian.jira.toolkit:attachments">
                        <customfieldname>Attachment count</customfieldname>
                        <customfieldvalues>
                            <customfieldvalue>0.0</customfieldvalue>
                        </customfieldvalues>
                    </customfield>
                                                                                            <customfield id="customfield_12310220" key="com.atlassian.jira.ext.charting:firstresponsedate">
                        <customfieldname>Date of First Response</customfieldname>
                        <customfieldvalues>
                            <customfieldvalue>Sat, 10 Oct 2009 11:21:24 +0000</customfieldvalue>

                        </customfieldvalues>
                    </customfield>
                                                                                                                                                    <customfield id="customfield_12310420" key="com.pyxis.greenhopper.jira:gh-global-rank">
                        <customfieldname>Global Rank</customfieldname>
                        <customfieldvalues>
                            <customfieldvalue>85025</customfieldvalue>
                        </customfieldvalues>
                    </customfield>
                                                                <customfield id="customfield_12310920" key="com.pyxis.greenhopper.jira:gh-global-rank">
                        <customfieldname>Rank</customfieldname>
                        <customfieldvalues>
                            <customfieldvalue>236305</customfieldvalue>
                        </customfieldvalues>
                    </customfield>
                                                                                                                        </customfields>
    </item>

<item>
            <title>[PDFBOX-539] print to pdf example not working</title>
                <link>https://issues.apache.org/jira/browse/PDFBOX-539</link>
                <project id="12310760" key="PDFBOX">PDFBox</project>
                    <description>&lt;p&gt;WARNING: java.io.IOException: Not implemented&lt;br/&gt;
java.io.IOException: Not implemented&lt;br/&gt;
	at org.apache.pdfbox.pdmodel.graphics.color.PDPattern.createColorSpace(PDPattern.java:92)&lt;/p&gt;

&lt;p&gt;repeated multiple times.&lt;/p&gt;

&lt;p&gt;rendered document is missing various content while retaining other&lt;/p&gt;

&lt;p&gt;used survey.pdf &lt;/p&gt;</description>
                <environment>windows xp, java 1.5</environment>
        <key id="12437768">PDFBOX-539</key>
            <summary>print to pdf example not working</summary>
                <type id="1" iconUrl="https://issues.apache.org/jira/images/icons/issuetypes/bug.png">Bug</type>
                                            <priority id="3" iconUrl="https://issues.apache.org/jira/images/icons/priorities/major.png">Major</priority>
                        <status id="1" iconUrl="https://issues.apache.org/jira/images/icons/statuses/open.png" description="The issue is open and ready for the assignee to start work on it.">Open</status>
                    <statusCategory id="2" key="new" colorName="blue-gray"/>
                                    <resolution id="-1">Unresolved</resolution>
                                        <assignee username="-1">Unassigned</assignee>
                                    <reporter username="rangelot">Ralph Angelotti</reporter>
                        <labels>
                    </labels>
                <created>Sat, 10 Oct 2009 00:36:26 +0100</created>
                <updated>Sat, 8 Feb 2014 19:06:54 +0000</updated>
                                            <version>0.8.0-incubator</version>
                                                    <component>Rendering</component>
                        <due></due>
                            <votes>0</votes>
                                    <watches>1</watches>
                                                                <comments>
                            <comment id="12764255" author="rangelot" created="Sat, 10 Oct 2009 00:38:04 +0100"  >&lt;p&gt;command script &lt;/p&gt;</comment>
                            <comment id="12764256" author="rangelot" created="Sat, 10 Oct 2009 00:38:52 +0100"  >&lt;p&gt;error log&lt;/p&gt;</comment>
                    </comments>
                    <attachments>
                            <attachment id="12421788" name="log.txt" size="141196" author="rangelot" created="Sat, 10 Oct 2009 00:38:52 +0100"/>
                            <attachment id="12421787" name="pdfbox.cmd" size="510" author="rangelot" created="Sat, 10 Oct 2009 00:38:04 +0100"/>
                            <attachment id="12421789" name="survey.pdf" size="127295" author="rangelot" created="Sat, 10 Oct 2009 00:39:29 +0100"/>
                    </attachments>
                <subtasks>
                    </subtasks>
                <customfields>
                                                <customfield id="customfield_12310310" key="com.atlassian.jira.toolkit:attachments">
                        <customfieldname>Attachment count</customfieldname>
                        <customfieldvalues>
                            <customfieldvalue>3.0</customfieldvalue>
                        </customfieldvalues>
                    </customfield>
                                                                                                                                                                                                            <customfield id="customfield_12310420" key="com.pyxis.greenhopper.jira:gh-global-rank">
                        <customfieldname>Global Rank</customfieldname>
                        <customfieldvalues>
                            <customfieldvalue>85026</customfieldvalue>
                        </customfieldvalues>
                    </customfield>
                                                                <customfield id="customfield_12310920" key="com.pyxis.greenhopper.jira:gh-global-rank">
                        <customfieldname>Rank</customfieldname>
                        <customfieldvalues>
                            <customfieldvalue>236304</customfieldvalue>
                        </customfieldvalues>
                    </customfield>
                                                                                                                        </customfields>
    </item>

<item>
            <title>[PDFBOX-541] Infinite loop in BaseParser.parseCOSDictionary</title>
                <link>https://issues.apache.org/jira/browse/PDFBOX-541</link>
                <project id="12310760" key="PDFBOX">PDFBox</project>
                    <description>&lt;p&gt;I have a PDF (attached) that opens in Acrobat, but has a dictionary at the end of the file that isn&apos;t terminated by &amp;gt;&amp;gt;. This causes an infinite loop.&lt;/p&gt;</description>
                <environment></environment>
        <key id="12438005">PDFBOX-541</key>
            <summary>Infinite loop in BaseParser.parseCOSDictionary</summary>
                <type id="1" iconUrl="https://issues.apache.org/jira/images/icons/issuetypes/bug.png">Bug</type>
                                            <priority id="3" iconUrl="https://issues.apache.org/jira/images/icons/priorities/major.png">Major</priority>
                        <status id="6" iconUrl="https://issues.apache.org/jira/images/icons/statuses/closed.png" description="The issue is considered finished, the resolution is correct. Issues which are closed can be reopened.">Closed</status>
                    <statusCategory id="3" key="done" colorName="green"/>
                                    <resolution id="1">Fixed</resolution>
                                        <assignee username="-1">Unassigned</assignee>
                                    <reporter username="andrew_duffy">Andrew Duffy</reporter>
                        <labels>
                    </labels>
                <created>Tue, 13 Oct 2009 20:46:40 +0100</created>
                <updated>Mon, 22 Feb 2010 18:28:04 +0000</updated>
                            <resolved>Tue, 27 Oct 2009 18:16:25 +0000</resolved>
                                    <version>0.8.0-incubator</version>
                                    <fixVersion>1.0.0</fixVersion>
                                    <component>Parsing</component>
                        <due></due>
                            <votes>0</votes>
                                    <watches>1</watches>
                                                                <comments>
                            <comment id="12765202" author="andrew_duffy" created="Tue, 13 Oct 2009 20:49:52 +0100"  >&lt;p&gt;The attached patch fixes the problem.&lt;/p&gt;</comment>
                            <comment id="12770597" author="lehmi" created="Tue, 27 Oct 2009 18:16:25 +0000"  >&lt;p&gt;I&apos;ve added Andrews patch with version 830277.&lt;/p&gt;

&lt;p&gt;Thanks for the contribution&lt;/p&gt;</comment>
                            <comment id="12833758" author="dhorwitz@gmail.com" created="Mon, 15 Feb 2010 10:56:31 +0000"  >&lt;p&gt;Any news as to when a release with this fixed will happen? This is become a show stopper for us as it effectively DOS&apos;s our app servers&lt;/p&gt;</comment>
                            <comment id="12833763" author="jukkaz" created="Mon, 15 Feb 2010 11:07:01 +0000"  >&lt;p&gt;This fix will be included in the 1.0.0 release that&apos;s just on it&apos;s way out to the distribution mirrors. The official release announcement will go out tomorrow.&lt;/p&gt;</comment>
                            <comment id="12833764" author="dhorwitz@gmail.com" created="Mon, 15 Feb 2010 11:09:35 +0000"  >&lt;p&gt;Thanks Jukka that is indeed good news &lt;img class=&quot;emoticon&quot; src=&quot;https://issues.apache.org/jira/images/icons/emoticons/smile.gif&quot; height=&quot;16&quot; width=&quot;16&quot; align=&quot;absmiddle&quot; alt=&quot;&quot; border=&quot;0&quot;/&gt;&lt;/p&gt;</comment>
                            <comment id="12836789" author="lehmi" created="Mon, 22 Feb 2010 18:28:04 +0000"  >&lt;p&gt;closed after releasing version 1.0.0&lt;/p&gt;</comment>
                    </comments>
                    <attachments>
                            <attachment id="12422010" name="PW1000.pdf" size="141312" author="andrew_duffy" created="Tue, 13 Oct 2009 20:47:06 +0100"/>
                            <attachment id="12422011" name="loop.patch" size="466" author="andrew_duffy" created="Tue, 13 Oct 2009 20:49:52 +0100"/>
                    </attachments>
                <subtasks>
                    </subtasks>
                <customfields>
                                                <customfield id="customfield_12310310" key="com.atlassian.jira.toolkit:attachments">
                        <customfieldname>Attachment count</customfieldname>
                        <customfieldvalues>
                            <customfieldvalue>2.0</customfieldvalue>
                        </customfieldvalues>
                    </customfield>
                                                                                            <customfield id="customfield_12310220" key="com.atlassian.jira.ext.charting:firstresponsedate">
                        <customfieldname>Date of First Response</customfieldname>
                        <customfieldvalues>
                            <customfieldvalue>Tue, 27 Oct 2009 18:16:25 +0000</customfieldvalue>

                        </customfieldvalues>
                    </customfield>
                                                                                                                                                    <customfield id="customfield_12310420" key="com.pyxis.greenhopper.jira:gh-global-rank">
                        <customfieldname>Global Rank</customfieldname>
                        <customfieldvalues>
                            <customfieldvalue>163321</customfieldvalue>
                        </customfieldvalues>
                    </customfield>
                                                                <customfield id="customfield_12310920" key="com.pyxis.greenhopper.jira:gh-global-rank">
                        <customfieldname>Rank</customfieldname>
                        <customfieldvalues>
                            <customfieldvalue>205215</customfieldvalue>
                        </customfieldvalues>
                    </customfield>
                                                                                                                        <customfield id="customfield_12310222" key="com.atlassian.jira.ext.charting:timeinstatus">
                        <customfieldname>Time in Status</customfieldname>
                        <customfieldvalues>
                            
                        </customfieldvalues>
                    </customfield>
                                    </customfields>
    </item>

<item>
            <title>[PDFBOX-546] [parser] .PDFXrefStreamParser.parse fails with java.util.NoSuchElementException</title>
                <link>https://issues.apache.org/jira/browse/PDFBOX-546</link>
                <project id="12310760" key="PDFBOX">PDFBox</project>
                    <description>&lt;p&gt;SYMPTOM&lt;br/&gt;
this is the full stack trace that i&apos;m observing with the PDF file i attached @ &lt;a href=&quot;https://issues.apache.org/jira/secure/attachment/12422836/PwC-Tech-Forecast-Spring-2009.pdf&quot; class=&quot;external-link&quot; rel=&quot;nofollow&quot;&gt;https://issues.apache.org/jira/secure/attachment/12422836/PwC-Tech-Forecast-Spring-2009.pdf&lt;/a&gt;&lt;/p&gt;

&lt;p&gt;Exception in thread &quot;main&quot; org.apache.pdfbox.exceptions.WrappedIOException&lt;br/&gt;
        at org.apache.pdfbox.pdfparser.PDFParser.parse(PDFParser.java:237)&lt;br/&gt;
        at org.apache.pdfbox.pdmodel.PDDocument.load(PDDocument.java:860)&lt;br/&gt;
        at org.apache.pdfbox.pdmodel.PDDocument.load(PDDocument.java:825)&lt;br/&gt;
        at org.apache.pdfbox.pdmodel.PDDocument.load(PDDocument.java:750)&lt;br/&gt;
        at org.apache.pdfbox.ExtractText.main(ExtractText.java:173)&lt;br/&gt;
Caused by: java.util.NoSuchElementException&lt;br/&gt;
        at java.util.AbstractList$Itr.next(Unknown Source)&lt;br/&gt;
        at org.apache.pdfbox.pdfparser.PDFXrefStreamParser.parse(PDFXrefStreamParser.java:115)&lt;br/&gt;
        at org.apache.pdfbox.cos.COSDocument.parseXrefStreams(COSDocument.java:538)&lt;br/&gt;
        at org.apache.pdfbox.pdfparser.PDFParser.parse(PDFParser.java:203)&lt;br/&gt;
        ... 4 more&lt;/p&gt;

&lt;p&gt;STEPS&lt;br/&gt;
cmdline: org.apache.pdfbox.ExtractText on the file&lt;/p&gt;

&lt;p&gt;i found the exception also @ &lt;a href=&quot;https://issues.apache.org/jira/browse/PDFBOX-533&quot; title=&quot;PDFTextStripper.writeCharacters is called no where in the class&quot; class=&quot;issue-link&quot; data-issue-key=&quot;PDFBOX-533&quot;&gt;PDFBOX-533&lt;/a&gt; (&lt;a href=&quot;https://issues.apache.org/jira/browse/PDFBOX-533?focusedCommentId=12756825&amp;amp;page=com.atlassian.jira.plugin.system.issuetabpanels%3Acomment-tabpanel#action_12756825&quot; class=&quot;external-link&quot; rel=&quot;nofollow&quot;&gt;https://issues.apache.org/jira/browse/PDFBOX-533?focusedCommentId=12756825&amp;amp;page=com.atlassian.jira.plugin.system.issuetabpanels%3Acomment-tabpanel#action_12756825&lt;/a&gt;)  but am not sure if this is the same case or not as this file is a lot smaller and have so little clue about the internal structure of PDF that i even can follow any of the comments. sorry.&lt;/p&gt;

&lt;p&gt;see also &lt;a href=&quot;https://issues.apache.org/jira/browse/PDFBOX-186&quot; class=&quot;external-link&quot; rel=&quot;nofollow&quot;&gt;https://issues.apache.org/jira/browse/PDFBOX-186&lt;/a&gt; how i got to create this issue.&lt;/p&gt;</description>
                <environment></environment>
        <key id="12438733">PDFBOX-546</key>
            <summary>[parser] .PDFXrefStreamParser.parse fails with java.util.NoSuchElementException</summary>
                <type id="1" iconUrl="https://issues.apache.org/jira/images/icons/issuetypes/bug.png">Bug</type>
                                            <priority id="3" iconUrl="https://issues.apache.org/jira/images/icons/priorities/major.png">Major</priority>
                        <status id="6" iconUrl="https://issues.apache.org/jira/images/icons/statuses/closed.png" description="The issue is considered finished, the resolution is correct. Issues which are closed can be reopened.">Closed</status>
                    <statusCategory id="3" key="done" colorName="green"/>
                                    <resolution id="3">Duplicate</resolution>
                                        <assignee username="-1">Unassigned</assignee>
                                    <reporter username="elonderin">thomas menzel</reporter>
                        <labels>
                    </labels>
                <created>Wed, 21 Oct 2009 20:25:00 +0100</created>
                <updated>Sun, 11 Jul 2010 15:46:21 +0100</updated>
                            <resolved>Mon, 26 Oct 2009 17:55:45 +0000</resolved>
                                    <version>0.8.0-incubator</version>
                                                    <component>Parsing</component>
                    <component>Text extraction</component>
                        <due></due>
                            <votes>1</votes>
                                    <watches>0</watches>
                                                                <comments>
                            <comment id="12768377" author="elonderin" created="Wed, 21 Oct 2009 20:33:13 +0100"  >&lt;p&gt;screenshot-1 shows the properties of the PDF and there appears no dodgy PDF creator that messed up&lt;/p&gt;</comment>
                            <comment id="12770097" author="veita" created="Mon, 26 Oct 2009 17:16:33 +0000"  >&lt;p&gt;We have customers that stumble on &lt;a href=&quot;http://issues.apache.org/jira/browse/PDFBOX-361&quot; class=&quot;external-link&quot; rel=&quot;nofollow&quot;&gt;http://issues.apache.org/jira/browse/PDFBOX-361&lt;/a&gt;. So we upgraded to 0.8.0, and now we get this error. Is there a workaround for this bug? If not, can you please give this issue a higher priority?&lt;/p&gt;</comment>
                            <comment id="12770100" author="rasblak" created="Mon, 26 Oct 2009 17:29:25 +0000"  >&lt;p&gt;The below code update gets the job done for me.&lt;br/&gt;
Assuming it&apos;s ok to have a null objID when type == 1.&lt;/p&gt;

&lt;p&gt;-------------------------------------------------------------------------------------------------------------------------------------------------------------------------------------------------------&lt;br/&gt;
Compare: (&amp;lt;)L:\temp\PDFXrefStreamParser.java (5487 bytes)&lt;br/&gt;
   with: (&amp;gt;)C:\Documents and Settings\J Philippe Alexis\workspace\PdfBox\src\org\apache\pdfbox\pdfparser\PDFXrefStreamParser.java (5749 bytes)&lt;/p&gt;

&lt;p&gt;115c115,119&lt;br/&gt;
&amp;lt;                 Integer objID = (Integer)objIter.next();&lt;br/&gt;
&amp;#8212;&lt;br/&gt;
&amp;gt;                 Integer objID = null;&lt;br/&gt;
&amp;gt;                 if(objIter.hasNext())&lt;br/&gt;
&amp;gt;                 &lt;/p&gt;
{
&amp;gt;                 	objID = (Integer)objIter.next();
&amp;gt;                 }
&lt;p&gt;137,138c141,145&lt;br/&gt;
&amp;lt;                         COSObjectKey objKey = new COSObjectKey(objID.intValue(), genNum);&lt;br/&gt;
&amp;lt;                         document.setXRef(objKey, offset);&lt;br/&gt;
&amp;#8212;&lt;br/&gt;
&amp;gt;                         if(null != objID)&lt;br/&gt;
&amp;gt;                         &lt;/p&gt;
{
&amp;gt;                         	COSObjectKey objKey = new COSObjectKey(objID.intValue(), genNum);
&amp;gt;                         	document.setXRef(objKey, offset);
&amp;gt;                         }</comment>
                            <comment id="12770108" author="lehmi" created="Mon, 26 Oct 2009 17:55:45 +0000"  >&lt;p&gt;This issue is already solved since svn version 821928.  See &lt;a href=&quot;https://issues.apache.org/jira/browse/PDFBOX-536&quot; title=&quot;missing iterator.hasNext() test in PDFXrefStreamParser&quot; class=&quot;issue-link&quot; data-issue-key=&quot;PDFBOX-536&quot;&gt;&lt;del&gt;PDFBOX-536&lt;/del&gt;&lt;/a&gt; for further details.&lt;br/&gt;
I&apos;ve attached the text extracting result for the pdf mentioned in the description.&lt;/p&gt;</comment>
                            <comment id="12770468" author="veita" created="Tue, 27 Oct 2009 11:24:10 +0000"  >&lt;p&gt;&amp;gt; This issue is already solved since svn version 821928&lt;/p&gt;

&lt;p&gt;Great! Do you recommend to build a pdfbox.jar from trunk, or to wait until an official bugfix release is available?&lt;/p&gt;

&lt;p&gt;BTW, is there already a schedule for the next bugfix release?&lt;/p&gt;</comment>
                    </comments>
                    <attachments>
                            <attachment id="12423225" name="PDFBOX546-PwC-Tech-Forecast-Spring-2009.txt" size="162313" author="lehmi" created="Mon, 26 Oct 2009 17:53:24 +0000"/>
                            <attachment id="12422837" name="screenshot-1.jpg" size="72109" author="elonderin" created="Wed, 21 Oct 2009 20:33:13 +0100"/>
                    </attachments>
                <subtasks>
                    </subtasks>
                <customfields>
                                                <customfield id="customfield_12310310" key="com.atlassian.jira.toolkit:attachments">
                        <customfieldname>Attachment count</customfieldname>
                        <customfieldvalues>
                            <customfieldvalue>2.0</customfieldvalue>
                        </customfieldvalues>
                    </customfield>
                                                                                            <customfield id="customfield_12310220" key="com.atlassian.jira.ext.charting:firstresponsedate">
                        <customfieldname>Date of First Response</customfieldname>
                        <customfieldvalues>
                            <customfieldvalue>Mon, 26 Oct 2009 17:16:33 +0000</customfieldvalue>

                        </customfieldvalues>
                    </customfield>
                                                                                                                                                    <customfield id="customfield_12310420" key="com.pyxis.greenhopper.jira:gh-global-rank">
                        <customfieldname>Global Rank</customfieldname>
                        <customfieldvalues>
                            <customfieldvalue>163324</customfieldvalue>
                        </customfieldvalues>
                    </customfield>
                                                                <customfield id="customfield_12310920" key="com.pyxis.greenhopper.jira:gh-global-rank">
                        <customfieldname>Rank</customfieldname>
                        <customfieldvalues>
                            <customfieldvalue>205882</customfieldvalue>
                        </customfieldvalues>
                    </customfield>
                                                                                                                        <customfield id="customfield_12310222" key="com.atlassian.jira.ext.charting:timeinstatus">
                        <customfieldname>Time in Status</customfieldname>
                        <customfieldvalues>
                            
                        </customfieldvalues>
                    </customfield>
                                    </customfields>
    </item>

<item>
            <title>[PDFBOX-547] problem in extracting text using PDFBox</title>
                <link>https://issues.apache.org/jira/browse/PDFBOX-547</link>
                <project id="12310760" key="PDFBOX">PDFBox</project>
                    <description>&lt;p&gt;Hi All,&lt;br/&gt;
I am facing problem in extracting text using PDFBox.&lt;br/&gt;
Program hang at the line pdfText = stripper.getText(pdDoc); and returns nothing.&lt;br/&gt;
Actually I am using PDFBox version PDFBox-0.6.7a.jar&lt;br/&gt;
Here is my code&lt;/p&gt;

&lt;p&gt;public String getPDFContent(ZipEntry pdfEntry)&lt;br/&gt;
	{&lt;br/&gt;
		boolean status = false;&lt;br/&gt;
		String pdfText = null;&lt;br/&gt;
               ZipIssueFactory issueFactory = null;&lt;br/&gt;
               logger.debug(&quot;Processing : &quot; + pdfEntry.getName());&lt;br/&gt;
		COSDocument cosDoc = null;&lt;br/&gt;
		PDDocument pdDoc = null;&lt;br/&gt;
		try&lt;br/&gt;
		{&lt;br/&gt;
			cosDoc = parseDocument(zipFile.getInputStream(pdfEntry));      //  Load InputStream into memory&lt;/p&gt;

&lt;p&gt;			// skipping the PDF document, if it is encrypted&lt;br/&gt;
			if (cosDoc.isEncrypted()) &lt;/p&gt;
{
				logger.warn(&quot;Can not decrypt PDF document w/o password, skipping:&quot;+	pdfEntry.getName());
				return pdfText;
			}
&lt;p&gt;			// extract PDF document&apos;s textual content&lt;br/&gt;
			  pdDoc = new PDDocument(cosDoc);&lt;br/&gt;
			  PDFTextStripper stripper = new PDFTextStripper();&lt;br/&gt;
			  pdfText = stripper.getText(pdDoc);&lt;br/&gt;
		}&lt;br/&gt;
		catch (IOException e) &lt;/p&gt;
{
		  pdfText = null;
		  logger.error(&quot;IOException in parsing PDF document: &quot; + e);
		}
&lt;p&gt;		finally&lt;/p&gt;
{
			closeCOSDocument(cosDoc);
			closePDDocument(pdDoc);
		}
&lt;p&gt;               return pdfText;&lt;br/&gt;
	}&lt;br/&gt;
private static COSDocument parseDocument(InputStream is) throws IOException &lt;/p&gt;
{
          PDFParser parser = new PDFParser(is);
          parser.parse();
          return parser.getDocument();
       }</description>
                <environment></environment>
        <key id="12439068">PDFBOX-547</key>
            <summary>problem in extracting text using PDFBox</summary>
                <type id="1" iconUrl="https://issues.apache.org/jira/images/icons/issuetypes/bug.png">Bug</type>
                                            <priority id="3" iconUrl="https://issues.apache.org/jira/images/icons/priorities/major.png">Major</priority>
                        <status id="6" iconUrl="https://issues.apache.org/jira/images/icons/statuses/closed.png" description="The issue is considered finished, the resolution is correct. Issues which are closed can be reopened.">Closed</status>
                    <statusCategory id="3" key="done" colorName="green"/>
                                    <resolution id="3">Duplicate</resolution>
                                        <assignee username="-1">Unassigned</assignee>
                                    <reporter username="j1sgs007">Jignesh Sh</reporter>
                        <labels>
                    </labels>
                <created>Mon, 26 Oct 2009 13:00:01 +0000</created>
                <updated>Mon, 16 Nov 2009 12:07:27 +0000</updated>
                            <resolved>Mon, 26 Oct 2009 18:49:07 +0000</resolved>
                                    <version>0.7.0</version>
                                                    <component>Text extraction</component>
                        <due></due>
                            <votes>0</votes>
                                    <watches>0</watches>
                                    <timeoriginalestimate seconds="345600">96h</timeoriginalestimate>
                            <timeestimate seconds="345600">96h</timeestimate>
                                        <comments>
                            <comment id="12770134" author="lehmi" created="Mon, 26 Oct 2009 18:49:07 +0000"  >&lt;p&gt;This issue duplicates &lt;a href=&quot;https://issues.apache.org/jira/browse/PDFBOX-548&quot; title=&quot;IOException in extracting text using PDFBox&quot; class=&quot;issue-link&quot; data-issue-key=&quot;PDFBOX-548&quot;&gt;&lt;del&gt;PDFBOX-548&lt;/del&gt;&lt;/a&gt;&lt;/p&gt;</comment>
                            <comment id="12778306" author="j1sgs007" created="Mon, 16 Nov 2009 12:07:07 +0000"  >&lt;p&gt;This issue is closed after I use the following 2 latest PDF box jar files&lt;br/&gt;
pdfbox-0.8.0-incubating.jar&lt;br/&gt;
fontbox-0.8.0-incubating.jar&lt;/p&gt;

&lt;p&gt;Thanks,&lt;br/&gt;
Jignesh&lt;/p&gt;</comment>
                            <comment id="12778307" author="j1sgs007" created="Mon, 16 Nov 2009 12:07:27 +0000"  >&lt;p&gt;Closing this issue&lt;/p&gt;</comment>
                    </comments>
                    <attachments>
                    </attachments>
                <subtasks>
                    </subtasks>
                <customfields>
                                                <customfield id="customfield_12310310" key="com.atlassian.jira.toolkit:attachments">
                        <customfieldname>Attachment count</customfieldname>
                        <customfieldvalues>
                            <customfieldvalue>0.0</customfieldvalue>
                        </customfieldvalues>
                    </customfield>
                                                                                            <customfield id="customfield_12310220" key="com.atlassian.jira.ext.charting:firstresponsedate">
                        <customfieldname>Date of First Response</customfieldname>
                        <customfieldvalues>
                            <customfieldvalue>Mon, 26 Oct 2009 18:49:07 +0000</customfieldvalue>

                        </customfieldvalues>
                    </customfield>
                                                                                                                                                    <customfield id="customfield_12310420" key="com.pyxis.greenhopper.jira:gh-global-rank">
                        <customfieldname>Global Rank</customfieldname>
                        <customfieldvalues>
                            <customfieldvalue>163325</customfieldvalue>
                        </customfieldvalues>
                    </customfield>
                                                                <customfield id="customfield_12310920" key="com.pyxis.greenhopper.jira:gh-global-rank">
                        <customfieldname>Rank</customfieldname>
                        <customfieldvalues>
                            <customfieldvalue>205881</customfieldvalue>
                        </customfieldvalues>
                    </customfield>
                                                                                                                        <customfield id="customfield_12310222" key="com.atlassian.jira.ext.charting:timeinstatus">
                        <customfieldname>Time in Status</customfieldname>
                        <customfieldvalues>
                            
                        </customfieldvalues>
                    </customfield>
                                    </customfields>
    </item>

<item>
            <title>[PDFBOX-548] IOException in extracting text using PDFBox</title>
                <link>https://issues.apache.org/jira/browse/PDFBOX-548</link>
                <project id="12310760" key="PDFBOX">PDFBox</project>
                    <description>&lt;p&gt;Hi All,&lt;br/&gt;
I am facing IOException in extracting text using PDFBox. PDF file I am trying to read is NOT password protected.&lt;br/&gt;
Program throws IOException at the line &lt;br/&gt;
pdfText = stripper.getText(pdDoc); &lt;br/&gt;
Actually I am using PDFBox version PDFBox-0.6.7a.jar&lt;br/&gt;
Here is my code&lt;br/&gt;
public String getPDFContent(ZipEntry pdfEntry)&lt;br/&gt;
	{&lt;br/&gt;
		boolean status = false;&lt;br/&gt;
		String pdfText = null;&lt;br/&gt;
               ZipIssueFactory issueFactory = null;&lt;br/&gt;
               logger.debug(&quot;Processing : &quot; + pdfEntry.getName());&lt;br/&gt;
		COSDocument cosDoc = null;&lt;br/&gt;
		PDDocument pdDoc = null;&lt;br/&gt;
		try&lt;br/&gt;
		{&lt;br/&gt;
			cosDoc = parseDocument(zipFile.getInputStream(pdfEntry));   		 &lt;br/&gt;
			// skipping the PDF document, if it is encrypted&lt;br/&gt;
			if (cosDoc.isEncrypted()) &lt;/p&gt;
{
				logger.warn(&quot;Can not decrypt PDF document w/o password, skipping:&quot;+	pdfEntry.getName());
				return pdfText;
			}
&lt;p&gt;			// extract PDF document&apos;s textual content&lt;br/&gt;
			  pdDoc = new PDDocument(cosDoc);&lt;br/&gt;
			  PDFTextStripper stripper = new PDFTextStripper();&lt;br/&gt;
			  pdfText = stripper.getText(pdDoc); // THIS LINE THROWS IOException&lt;br/&gt;
		}&lt;br/&gt;
		catch (IOException e) &lt;/p&gt;
{
		  pdfText = null;
		  logger.error(&quot;IOException in parsing PDF document: &quot; + e);
		}
&lt;p&gt;		finally&lt;/p&gt;
{
			closeCOSDocument(cosDoc);
			closePDDocument(pdDoc);
		}
&lt;p&gt;               return pdfText;&lt;br/&gt;
	}&lt;br/&gt;
private static COSDocument parseDocument(InputStream is) throws IOException &lt;/p&gt;
{
          PDFParser parser = new PDFParser(is);
          parser.parse();
          return parser.getDocument();
       }</description>
                <environment></environment>
        <key id="12439074">PDFBOX-548</key>
            <summary>IOException in extracting text using PDFBox</summary>
                <type id="1" iconUrl="https://issues.apache.org/jira/images/icons/issuetypes/bug.png">Bug</type>
                                            <priority id="3" iconUrl="https://issues.apache.org/jira/images/icons/priorities/major.png">Major</priority>
                        <status id="6" iconUrl="https://issues.apache.org/jira/images/icons/statuses/closed.png" description="The issue is considered finished, the resolution is correct. Issues which are closed can be reopened.">Closed</status>
                    <statusCategory id="3" key="done" colorName="green"/>
                                    <resolution id="6">Invalid</resolution>
                                        <assignee username="-1">Unassigned</assignee>
                                    <reporter username="j1sgs007">Jignesh Sh</reporter>
                        <labels>
                    </labels>
                <created>Mon, 26 Oct 2009 14:19:50 +0000</created>
                <updated>Mon, 16 Nov 2009 12:08:53 +0000</updated>
                            <resolved>Wed, 28 Oct 2009 17:55:59 +0000</resolved>
                                    <version>0.7.0</version>
                                                    <component>Text extraction</component>
                        <due></due>
                            <votes>0</votes>
                                    <watches>0</watches>
                                    <timeoriginalestimate seconds="345600">96h</timeoriginalestimate>
                            <timeestimate seconds="345600">96h</timeestimate>
                                        <comments>
                            <comment id="12770141" author="lehmi" created="Mon, 26 Oct 2009 19:01:29 +0000"  >&lt;p&gt;First of all I suggest to update your pdfbox version to 0.8. The mentioned version 0.6.7 is really, really outdated.&lt;/p&gt;

&lt;p&gt;To load a pdf try something like this:&lt;/p&gt;

&lt;p&gt;PDDocument document = PDDocument.load(pdfFilename);&lt;/p&gt;

&lt;p&gt;Have a look at org.apache.pdfbox.ExtractText as an example how to extract the text from a pdf. If there are any further questions left, please contact one of the mailing list at &lt;span class=&quot;error&quot;&gt;&amp;#91;1&amp;#93;&lt;/span&gt;.&lt;/p&gt;



&lt;p&gt;&lt;span class=&quot;error&quot;&gt;&amp;#91;1&amp;#93;&lt;/span&gt; &lt;a href=&quot;http://incubator.apache.org/projects/pdfbox.html&quot; class=&quot;external-link&quot; rel=&quot;nofollow&quot;&gt;http://incubator.apache.org/projects/pdfbox.html&lt;/a&gt;&lt;/p&gt;</comment>
                            <comment id="12778311" author="j1sgs007" created="Mon, 16 Nov 2009 12:08:53 +0000"  >&lt;p&gt;Thanks,&lt;br/&gt;
latest 0.8 version PDFbox jar files solves this issue.&lt;/p&gt;</comment>
                    </comments>
                    <attachments>
                    </attachments>
                <subtasks>
                    </subtasks>
                <customfields>
                                                <customfield id="customfield_12310310" key="com.atlassian.jira.toolkit:attachments">
                        <customfieldname>Attachment count</customfieldname>
                        <customfieldvalues>
                            <customfieldvalue>0.0</customfieldvalue>
                        </customfieldvalues>
                    </customfield>
                                                                                            <customfield id="customfield_12310220" key="com.atlassian.jira.ext.charting:firstresponsedate">
                        <customfieldname>Date of First Response</customfieldname>
                        <customfieldvalues>
                            <customfieldvalue>Mon, 26 Oct 2009 19:01:29 +0000</customfieldvalue>

                        </customfieldvalues>
                    </customfield>
                                                                                                                                                    <customfield id="customfield_12310420" key="com.pyxis.greenhopper.jira:gh-global-rank">
                        <customfieldname>Global Rank</customfieldname>
                        <customfieldvalues>
                            <customfieldvalue>163326</customfieldvalue>
                        </customfieldvalues>
                    </customfield>
                                                                <customfield id="customfield_12310920" key="com.pyxis.greenhopper.jira:gh-global-rank">
                        <customfieldname>Rank</customfieldname>
                        <customfieldvalues>
                            <customfieldvalue>205945</customfieldvalue>
                        </customfieldvalues>
                    </customfield>
                                                                                                                        <customfield id="customfield_12310222" key="com.atlassian.jira.ext.charting:timeinstatus">
                        <customfieldname>Time in Status</customfieldname>
                        <customfieldvalues>
                            
                        </customfieldvalues>
                    </customfield>
                                    </customfields>
    </item>

<item>
            <title>[PDFBOX-549] Lost links when merging with PDFMergerUtility (PDFMergerUtility does not merge Dests)</title>
                <link>https://issues.apache.org/jira/browse/PDFBOX-549</link>
                <project id="12310760" key="PDFBOX">PDFBox</project>
                    <description>&lt;p&gt;When I merge to PDFs into one using PDFMerger the Destinations of the second PDF given are being lost.&lt;/p&gt;

&lt;p&gt;I looked into PDFMergerUtility class and found that mergeInto called on Names&apos; COSDictionary doesn&apos;t work as intended.&lt;/p&gt;

&lt;p&gt;I tried to solve this problem, see the attached patch. Now I get both Destinations in the result PDF. &lt;/p&gt;

&lt;p&gt;Please review &amp;amp; correct my lines before importing.&lt;/p&gt;

</description>
                <environment></environment>
        <key id="12439511">PDFBOX-549</key>
            <summary>Lost links when merging with PDFMergerUtility (PDFMergerUtility does not merge Dests)</summary>
                <type id="1" iconUrl="https://issues.apache.org/jira/images/icons/issuetypes/bug.png">Bug</type>
                                            <priority id="3" iconUrl="https://issues.apache.org/jira/images/icons/priorities/major.png">Major</priority>
                        <status id="6" iconUrl="https://issues.apache.org/jira/images/icons/statuses/closed.png" description="The issue is considered finished, the resolution is correct. Issues which are closed can be reopened.">Closed</status>
                    <statusCategory id="3" key="done" colorName="green"/>
                                    <resolution id="1">Fixed</resolution>
                                        <assignee username="-1">Unassigned</assignee>
                                    <reporter username="wulf">Wulf Berschin</reporter>
                        <labels>
                    </labels>
                <created>Fri, 30 Oct 2009 11:21:43 +0000</created>
                <updated>Mon, 22 Feb 2010 18:28:04 +0000</updated>
                            <resolved>Sun, 1 Nov 2009 19:00:50 +0000</resolved>
                                    <version>0.8.0-incubator</version>
                                    <fixVersion>1.0.0</fixVersion>
                                    <component>Utilities</component>
                        <due></due>
                            <votes>0</votes>
                                    <watches>0</watches>
                                                                <comments>
                            <comment id="12771916" author="wulf" created="Fri, 30 Oct 2009 11:22:55 +0000"  >&lt;p&gt;The patch&lt;/p&gt;</comment>
                            <comment id="12772354" author="lehmi" created="Sun, 1 Nov 2009 19:00:50 +0000"  >&lt;p&gt;I&apos;ve tested the patch with the files from &lt;a href=&quot;https://issues.apache.org/jira/browse/PDFBOX-515&quot; title=&quot;The handle is invalid when merging 2 pdfs from different pdf generators&quot; class=&quot;issue-link&quot; data-issue-key=&quot;PDFBOX-515&quot;&gt;&lt;del&gt;PDFBOX-515&lt;/del&gt;&lt;/a&gt; and they worked fine. I&apos;ve added the code with version 831727.&lt;/p&gt;

&lt;p&gt;Thanks to Wulf for the contribution.&lt;/p&gt;</comment>
                            <comment id="12836792" author="lehmi" created="Mon, 22 Feb 2010 18:28:04 +0000"  >&lt;p&gt;closed after releasing version 1.0.0&lt;/p&gt;</comment>
                    </comments>
                <issuelinks>
                            <issuelinktype id="10030">
                    <name>Reference</name>
                                            <outwardlinks description="relates to">
                                        <issuelink>
            <issuekey id="12435079">PDFBOX-515</issuekey>
        </issuelink>
                            </outwardlinks>
                                                        </issuelinktype>
                    </issuelinks>
                <attachments>
                            <attachment id="12423681" name="PDFMergerUtility-Dests.patch" size="4953" author="wulf" created="Fri, 30 Oct 2009 11:22:55 +0000"/>
                    </attachments>
                <subtasks>
                    </subtasks>
                <customfields>
                                                <customfield id="customfield_12310310" key="com.atlassian.jira.toolkit:attachments">
                        <customfieldname>Attachment count</customfieldname>
                        <customfieldvalues>
                            <customfieldvalue>1.0</customfieldvalue>
                        </customfieldvalues>
                    </customfield>
                                                                                            <customfield id="customfield_12310220" key="com.atlassian.jira.ext.charting:firstresponsedate">
                        <customfieldname>Date of First Response</customfieldname>
                        <customfieldvalues>
                            <customfieldvalue>Sun, 1 Nov 2009 19:00:50 +0000</customfieldvalue>

                        </customfieldvalues>
                    </customfield>
                                                                                                                                                    <customfield id="customfield_12310420" key="com.pyxis.greenhopper.jira:gh-global-rank">
                        <customfieldname>Global Rank</customfieldname>
                        <customfieldvalues>
                            <customfieldvalue>163327</customfieldvalue>
                        </customfieldvalues>
                    </customfield>
                                                                <customfield id="customfield_12310920" key="com.pyxis.greenhopper.jira:gh-global-rank">
                        <customfieldname>Rank</customfieldname>
                        <customfieldvalues>
                            <customfieldvalue>205379</customfieldvalue>
                        </customfieldvalues>
                    </customfield>
                                                                                                                        <customfield id="customfield_12310222" key="com.atlassian.jira.ext.charting:timeinstatus">
                        <customfieldname>Time in Status</customfieldname>
                        <customfieldvalues>
                            
                        </customfieldvalues>
                    </customfield>
                                    </customfields>
    </item>

<item>
            <title>[PDFBOX-550] CMapParser does not skip all whitespaces correctly</title>
                <link>https://issues.apache.org/jira/browse/PDFBOX-550</link>
                <project id="12310760" key="PDFBOX">PDFBox</project>
                    <description>&lt;p&gt;The main CMapParser tokenizer loop skipps whitespace bytes, but does not exclude those bytes when parsing hexadecimal numbers.&lt;/p&gt;
</description>
                <environment></environment>
        <key id="12439521">PDFBOX-550</key>
            <summary>CMapParser does not skip all whitespaces correctly</summary>
                <type id="1" iconUrl="https://issues.apache.org/jira/images/icons/issuetypes/bug.png">Bug</type>
                                            <priority id="4" iconUrl="https://issues.apache.org/jira/images/icons/priorities/minor.png">Minor</priority>
                        <status id="1" iconUrl="https://issues.apache.org/jira/images/icons/statuses/open.png" description="The issue is open and ready for the assignee to start work on it.">Open</status>
                    <statusCategory id="2" key="new" colorName="blue-gray"/>
                                    <resolution id="-1">Unresolved</resolution>
                                        <assignee username="-1">Unassigned</assignee>
                                    <reporter username="marcus@thiesen.org">Marcus Thiesen</reporter>
                        <labels>
                    </labels>
                <created>Fri, 30 Oct 2009 12:50:31 +0000</created>
                <updated>Fri, 30 Oct 2009 16:09:12 +0000</updated>
                                            <version>0.8.0-incubator</version>
                                                    <component>FontBox</component>
                        <due></due>
                            <votes>0</votes>
                                    <watches>0</watches>
                                                                <comments>
                            <comment id="12771933" author="marcus@thiesen.org" created="Fri, 30 Oct 2009 12:51:44 +0000"  >&lt;p&gt;Patch to skip whitespaces.&lt;/p&gt;</comment>
                            <comment id="12771943" author="lehmi" created="Fri, 30 Oct 2009 13:34:25 +0000"  >&lt;p&gt;Thanks for the contribution. Is it possible to provide us with a sample pdf, which demonstrates the issue?&lt;/p&gt;</comment>
                            <comment id="12771982" author="marcus@thiesen.org" created="Fri, 30 Oct 2009 16:09:11 +0000"  >&lt;p&gt;Unfortunately not, I got only one PDF and it contains sensible customer material. &lt;/p&gt;</comment>
                    </comments>
                    <attachments>
                            <attachment id="12423685" name="cmapparser-skip-whitespaces.patch" size="4138" author="marcus@thiesen.org" created="Fri, 30 Oct 2009 12:51:44 +0000"/>
                    </attachments>
                <subtasks>
                    </subtasks>
                <customfields>
                                                <customfield id="customfield_12310310" key="com.atlassian.jira.toolkit:attachments">
                        <customfieldname>Attachment count</customfieldname>
                        <customfieldvalues>
                            <customfieldvalue>1.0</customfieldvalue>
                        </customfieldvalues>
                    </customfield>
                                                                                            <customfield id="customfield_12310220" key="com.atlassian.jira.ext.charting:firstresponsedate">
                        <customfieldname>Date of First Response</customfieldname>
                        <customfieldvalues>
                            <customfieldvalue>Fri, 30 Oct 2009 13:34:25 +0000</customfieldvalue>

                        </customfieldvalues>
                    </customfield>
                                                                                                                                                    <customfield id="customfield_12310420" key="com.pyxis.greenhopper.jira:gh-global-rank">
                        <customfieldname>Global Rank</customfieldname>
                        <customfieldvalues>
                            <customfieldvalue>85157</customfieldvalue>
                        </customfieldvalues>
                    </customfield>
                                                                <customfield id="customfield_12310920" key="com.pyxis.greenhopper.jira:gh-global-rank">
                        <customfieldname>Rank</customfieldname>
                        <customfieldvalues>
                            <customfieldvalue>236301</customfieldvalue>
                        </customfieldvalues>
                    </customfield>
                                                                                                                        </customfields>
    </item>

<item>
            <title>[PDFBOX-551] NoSucheElementException in PDFXrefStreamParser.parse</title>
                <link>https://issues.apache.org/jira/browse/PDFBOX-551</link>
                <project id="12310760" key="PDFBOX">PDFBox</project>
                    <description>&lt;p&gt;A PDF which I have, which I unfortunately can not upload here, has triggered the following exception:&lt;/p&gt;

&lt;p&gt;Caused by: java.util.NoSuchElementException                                                                                                                          &lt;br/&gt;
        at java.util.AbstractList$Itr.next(AbstractList.java:350)                                                                                                    &lt;br/&gt;
        at org.apache.pdfbox.pdfparser.PDFXrefStreamParser.parse(PDFXrefStreamParser.java:115)                                                                       &lt;br/&gt;
        at org.apache.pdfbox.cos.COSDocument.parseXrefStreams(COSDocument.java:538)                                                                                  &lt;br/&gt;
        at org.apache.pdfbox.pdfparser.PDFParser.parse(PDFParser.java:203)        &lt;/p&gt;</description>
                <environment></environment>
        <key id="12439544">PDFBOX-551</key>
            <summary>NoSucheElementException in PDFXrefStreamParser.parse</summary>
                <type id="1" iconUrl="https://issues.apache.org/jira/images/icons/issuetypes/bug.png">Bug</type>
                                            <priority id="3" iconUrl="https://issues.apache.org/jira/images/icons/priorities/major.png">Major</priority>
                        <status id="6" iconUrl="https://issues.apache.org/jira/images/icons/statuses/closed.png" description="The issue is considered finished, the resolution is correct. Issues which are closed can be reopened.">Closed</status>
                    <statusCategory id="3" key="done" colorName="green"/>
                                    <resolution id="3">Duplicate</resolution>
                                        <assignee username="-1">Unassigned</assignee>
                                    <reporter username="marcus@thiesen.org">Marcus Thiesen</reporter>
                        <labels>
                    </labels>
                <created>Fri, 30 Oct 2009 15:50:56 +0000</created>
                <updated>Sun, 11 Jul 2010 15:46:21 +0100</updated>
                            <resolved>Fri, 30 Oct 2009 16:44:19 +0000</resolved>
                                    <version>0.8.0-incubator</version>
                                                    <component>Parsing</component>
                        <due></due>
                            <votes>0</votes>
                                    <watches>0</watches>
                                                                <comments>
                            <comment id="12771974" author="marcus@thiesen.org" created="Fri, 30 Oct 2009 15:52:53 +0000"  >&lt;p&gt;My current fix for this is to change the check&lt;/p&gt;

&lt;p&gt; while(pdfSource.available() &amp;gt; 0)&lt;/p&gt;

&lt;p&gt;to &lt;/p&gt;

&lt;p&gt; while(pdfSource.available() &amp;gt; 0  &amp;amp;&amp;amp; objIter.hasNext() )&lt;/p&gt;

&lt;p&gt;but as I&apos;m not familiar with the PDF spec a more correct fix might exist.&lt;/p&gt;
</comment>
                            <comment id="12771991" author="lehmi" created="Fri, 30 Oct 2009 16:44:19 +0000"  >&lt;p&gt;This issue is solved since svn version 821928. See &lt;a href=&quot;https://issues.apache.org/jira/browse/PDFBOX-536&quot; title=&quot;missing iterator.hasNext() test in PDFXrefStreamParser&quot; class=&quot;issue-link&quot; data-issue-key=&quot;PDFBOX-536&quot;&gt;&lt;del&gt;PDFBOX-536&lt;/del&gt;&lt;/a&gt; for further details. &lt;/p&gt;</comment>
                    </comments>
                    <attachments>
                    </attachments>
                <subtasks>
                    </subtasks>
                <customfields>
                                                <customfield id="customfield_12310310" key="com.atlassian.jira.toolkit:attachments">
                        <customfieldname>Attachment count</customfieldname>
                        <customfieldvalues>
                            <customfieldvalue>0.0</customfieldvalue>
                        </customfieldvalues>
                    </customfield>
                                                                                            <customfield id="customfield_12310220" key="com.atlassian.jira.ext.charting:firstresponsedate">
                        <customfieldname>Date of First Response</customfieldname>
                        <customfieldvalues>
                            <customfieldvalue>Fri, 30 Oct 2009 16:44:19 +0000</customfieldvalue>

                        </customfieldvalues>
                    </customfield>
                                                                                                                                                    <customfield id="customfield_12310420" key="com.pyxis.greenhopper.jira:gh-global-rank">
                        <customfieldname>Global Rank</customfieldname>
                        <customfieldvalues>
                            <customfieldvalue>163328</customfieldvalue>
                        </customfieldvalues>
                    </customfield>
                                                                <customfield id="customfield_12310920" key="com.pyxis.greenhopper.jira:gh-global-rank">
                        <customfieldname>Rank</customfieldname>
                        <customfieldvalues>
                            <customfieldvalue>205899</customfieldvalue>
                        </customfieldvalues>
                    </customfield>
                                                                                                                        <customfield id="customfield_12310222" key="com.atlassian.jira.ext.charting:timeinstatus">
                        <customfieldname>Time in Status</customfieldname>
                        <customfieldvalues>
                            
                        </customfieldvalues>
                    </customfield>
                                    </customfields>
    </item>
</channel>
</rss>
