<!--
RSS generated by JIRA (6.2#6252-sha1:aa343257d4ce030d9cb8c531be520be9fac1c996) at Tue Jun 03 18:03:42 UTC 2014

It is possible to restrict the fields that are returned in this document by specifying the 'field' parameter in your request.
For example, to request only the issue key and summary add field=key&field=summary to the URL of your request.
For example:
https://issues.apache.org/jira/sr/jira.issueviews:searchrequest-xml/temp/SearchRequest.xml?jqlQuery=project+%3D+PDFBOX+AND+issuetype+%3D+Bug+AND+created+%3E%3D+2010-8-1+AND+created+%3C%3D+2010-9-1+ORDER+BY+key+ASC&tempMax=100&field=key&field=summary
-->
<!-- If you wish to do custom client-side styling of RSS, uncomment this:
<?xml-stylesheet href="https://issues.apache.org/jira/styles/jiraxml2html.xsl" type="text/xsl"?>
-->
<rss version="0.92">
    <channel>
        <title>ASF JIRA</title>
        <link>https://issues.apache.org/jira/secure/IssueNavigator.jspa?reset=true&amp;jqlQuery=project+%3D+PDFBOX+AND+issuetype+%3D+Bug+AND+created+%3E%3D+2010-8-1+AND+created+%3C%3D+2010-9-1+ORDER+BY+key+ASC</link>
        <description>An XML representation of a search request</description>
                <language>en-uk</language>
                        <issue start="0" end="10" total="10"/>
                <build-info>
            <version>6.2</version>
            <build-number>6252</build-number>
            <build-date>19-02-2014</build-date>
        </build-info>
<item>
            <title>[PDFBOX-787] CMap parser doesn&apos;t work for double byte mappings with values &gt; 255</title>
                <link>https://issues.apache.org/jira/browse/PDFBOX-787</link>
                <project id="12310760" key="PDFBOX">PDFBox</project>
                    <description>&lt;p&gt;The CMapParser doesn&apos;t work for double byte mappings with values greater than 255 within a &quot;begincidrange&quot; block.&lt;/p&gt;</description>
                <environment></environment>
        <key id="12470816">PDFBOX-787</key>
            <summary>CMap parser doesn&apos;t work for double byte mappings with values &gt; 255</summary>
                <type id="1" iconUrl="https://issues.apache.org/jira/images/icons/issuetypes/bug.png">Bug</type>
                                            <priority id="3" iconUrl="https://issues.apache.org/jira/images/icons/priorities/major.png">Major</priority>
                        <status id="6" iconUrl="https://issues.apache.org/jira/images/icons/statuses/closed.png" description="The issue is considered finished, the resolution is correct. Issues which are closed can be reopened.">Closed</status>
                    <statusCategory id="3" key="done" colorName="green"/>
                                    <resolution id="1">Fixed</resolution>
                                        <assignee username="-1">Unassigned</assignee>
                                    <reporter username="lehmi">Andreas Lehmk&#252;hler</reporter>
                        <labels>
                    </labels>
                <created>Wed, 4 Aug 2010 18:16:48 +0100</created>
                <updated>Tue, 26 Oct 2010 10:33:47 +0100</updated>
                            <resolved>Wed, 4 Aug 2010 18:22:38 +0100</resolved>
                                    <version>1.0.0</version>
                    <version>1.1.0</version>
                    <version>1.2.0</version>
                    <version>1.2.1</version>
                                    <fixVersion>1.3.1</fixVersion>
                                    <component>FontBox</component>
                        <due></due>
                            <votes>0</votes>
                                    <watches>0</watches>
                                                                <comments>
                            <comment id="12895325" author="lehmi" created="Wed, 4 Aug 2010 18:22:38 +0100"  >&lt;p&gt;I added a fix for the parser issue with version 982333. I also added a unit test for the CMapParser&lt;/p&gt;</comment>
                    </comments>
                    <attachments>
                    </attachments>
                <subtasks>
                    </subtasks>
                <customfields>
                                                <customfield id="customfield_12310310" key="com.atlassian.jira.toolkit:attachments">
                        <customfieldname>Attachment count</customfieldname>
                        <customfieldvalues>
                            <customfieldvalue>0.0</customfieldvalue>
                        </customfieldvalues>
                    </customfield>
                                                                                                                                                                                                            <customfield id="customfield_12310420" key="com.pyxis.greenhopper.jira:gh-global-rank">
                        <customfieldname>Global Rank</customfieldname>
                        <customfieldvalues>
                            <customfieldvalue>163490</customfieldvalue>
                        </customfieldvalues>
                    </customfield>
                                                                <customfield id="customfield_12310920" key="com.pyxis.greenhopper.jira:gh-global-rank">
                        <customfieldname>Rank</customfieldname>
                        <customfieldvalues>
                            <customfieldvalue>205423</customfieldvalue>
                        </customfieldvalues>
                    </customfield>
                                                                                                                        <customfield id="customfield_12310222" key="com.atlassian.jira.ext.charting:timeinstatus">
                        <customfieldname>Time in Status</customfieldname>
                        <customfieldvalues>
                            
                        </customfieldvalues>
                    </customfield>
                                    </customfields>
    </item>

<item>
            <title>[PDFBOX-788] PrintPDF does not take the windows default printer orientation into account</title>
                <link>https://issues.apache.org/jira/browse/PDFBOX-788</link>
                <project id="12310760" key="PDFBOX">PDFBox</project>
                    <description>&lt;p&gt;We have 2 printers, the first one is defined to print in Portrait by default in Windows, the other one is defined to print in Landscape by default in Windows.&lt;br/&gt;
PrintPDF does not take the default configuration into account.&lt;/p&gt;

&lt;p&gt;I wrote a little patch that seems to solve this bug&lt;/p&gt;</description>
                <environment>Windows XP at least</environment>
        <key id="12470903">PDFBOX-788</key>
            <summary>PrintPDF does not take the windows default printer orientation into account</summary>
                <type id="1" iconUrl="https://issues.apache.org/jira/images/icons/issuetypes/bug.png">Bug</type>
                                            <priority id="3" iconUrl="https://issues.apache.org/jira/images/icons/priorities/major.png">Major</priority>
                        <status id="6" iconUrl="https://issues.apache.org/jira/images/icons/statuses/closed.png" description="The issue is considered finished, the resolution is correct. Issues which are closed can be reopened.">Closed</status>
                    <statusCategory id="3" key="done" colorName="green"/>
                                    <resolution id="1">Fixed</resolution>
                                        <assignee username="jukkaz">Jukka Zitting</assignee>
                                    <reporter username="cborivant">Christophe Borivant</reporter>
                        <labels>
                    </labels>
                <created>Thu, 5 Aug 2010 14:54:40 +0100</created>
                <updated>Tue, 26 Oct 2010 10:33:47 +0100</updated>
                            <resolved>Fri, 3 Sep 2010 14:05:05 +0100</resolved>
                                    <version>1.2.1</version>
                                    <fixVersion>1.3.1</fixVersion>
                                        <due></due>
                            <votes>0</votes>
                                    <watches>2</watches>
                                                                <comments>
                            <comment id="12895682" author="cborivant" created="Thu, 5 Aug 2010 14:58:08 +0100"  >&lt;p&gt;Add the patch content&lt;/p&gt;</comment>
                            <comment id="12895683" author="cborivant" created="Thu, 5 Aug 2010 15:00:26 +0100"  >&lt;p&gt;Add the patch file&lt;/p&gt;</comment>
                            <comment id="12895685" author="cborivant" created="Thu, 5 Aug 2010 15:01:34 +0100"  >&lt;p&gt;Removed the patch content from the description as the patch file has been attached&lt;/p&gt;</comment>
                            <comment id="12896531" author="jukkaz" created="Mon, 9 Aug 2010 14:08:57 +0100"  >&lt;p&gt;Thanks! Patch committed in revision 983627.&lt;/p&gt;</comment>
                            <comment id="12896839" author="cborivant" created="Tue, 10 Aug 2010 11:26:54 +0100"  >&lt;p&gt;As we added a new instance property, we should have written a new setter ( perhaps a new getter to ).&lt;br/&gt;
The caller should be responsible for attaching the PrintJob to the Document.&lt;/p&gt;

&lt;p&gt;I also added the name of the job to replace the default &quot;java printing&quot; default job name.&lt;br/&gt;
This way you will see something like &quot;PDFBox - document.pdf&quot; in your printer spool.&lt;/p&gt;

&lt;p&gt;So here a new patch against rev 983635 ( You can apply it from the root of the trunk ).&lt;/p&gt;</comment>
                            <comment id="12896840" author="cborivant" created="Tue, 10 Aug 2010 11:28:55 +0100"  >&lt;p&gt;Attach the new patch against rev 983635&lt;/p&gt;</comment>
                            <comment id="12901866" author="jukkaz" created="Tue, 24 Aug 2010 14:13:46 +0100"  >&lt;p&gt;I don&apos;t really see the need for a new setter, as the print() method already sets the currentPrinterJob variable. Is there some other need for a client application to set (or get) the printer job?&lt;/p&gt;</comment>
                            <comment id="12901883" author="cborivant" created="Tue, 24 Aug 2010 14:51:36 +0100"  >&lt;p&gt;It&apos;s only a matter of view.&lt;br/&gt;
I think the caller, PrintPDF in our case, should be responsible of the PrintJob instantiation.&lt;br/&gt;
The caller needs to tell the document: &quot;print yourself on this printer with this jobname&quot;.&lt;br/&gt;
This way the caller knows the PrintJob and has full control on it.&lt;br/&gt;
Especially, one could need to cancel the PrintJob if it is not finished.&lt;/p&gt;</comment>
                            <comment id="12901887" author="jukkaz" created="Tue, 24 Aug 2010 14:58:55 +0100"  >&lt;p&gt;&amp;gt; I think the caller, PrintPDF in our case, should be responsible of the PrintJob instantiation. &lt;br/&gt;
&amp;gt; The caller needs to tell the document: &quot;print yourself on this printer with this jobname&quot;.&lt;/p&gt;

&lt;p&gt;Isn&apos;t that already covered by the PDDocument.print(PrinterJob) method call? The current code in PrintPDF is essentially:&lt;/p&gt;

&lt;p&gt;    PrinterJob printJob = PrinterJob.getPrinterJob();&lt;br/&gt;
    ...; // configure the printJob&lt;br/&gt;
    document.print( printJob );&lt;/p&gt;

&lt;p&gt;I&apos;m not sure what extra value a setCurrentPrinterJob() setter would give us here.&lt;/p&gt;

&lt;p&gt;PS. In revision 988523 I committed the suggested improvement to explicitly set the print job name. And in revision 988524 I simplified the PDDocument print methods a bit by removing duplicate code.&lt;/p&gt;</comment>
                            <comment id="12901923" author="cborivant" created="Tue, 24 Aug 2010 16:32:28 +0100"  >&lt;p&gt;PrinterJob printJob = PrinterJob.getPrinterJob(); &lt;/p&gt;

&lt;p&gt;If I&apos;m not wrong, printJob would only be visible from print method because it is not an instance attribute.&lt;br/&gt;
getPageFormat needs to be able to access the original PrintJob to access to the printService and get the printer default configuration.&lt;/p&gt;

&lt;p&gt;It&apos;s probably possible not to use a setter but it sound like a &quot;best pratice&quot; or a &quot;design pattern&quot; to me (remember I&apos;m not really a developper, but the discussion is interesting &lt;img class=&quot;emoticon&quot; src=&quot;https://issues.apache.org/jira/images/icons/emoticons/wink.gif&quot; height=&quot;16&quot; width=&quot;16&quot; align=&quot;absmiddle&quot; alt=&quot;&quot; border=&quot;0&quot;/&gt; )&lt;/p&gt;</comment>
                            <comment id="12901940" author="jukkaz" created="Tue, 24 Aug 2010 17:03:39 +0100"  >&lt;p&gt;The currentPrinterJob variable is mostly an internal implementation detail that&apos;s only accessed during the print() method. It needs to be an instance variable instead of a local method variable because otherwise the getPageFormat method can&apos;t access it. A more ideal design would probably be to use an inner class for the Pageable implementation instead of implementing the interface directly in PDDocument, but since that would break backwards-compatibility we need to keep the currentPrinterJob as an instance variable of PDDocument.&lt;/p&gt;

&lt;p&gt;To summarize, there isn&apos;t really any need for anyone outside the PDDocument class to access the currentPrinterJob variable, so to maintain proper encapsulation of implementation details it&apos;s best not to expose it through a setter or a getter.&lt;/p&gt;</comment>
                            <comment id="12901945" author="cborivant" created="Tue, 24 Aug 2010 17:16:47 +0100"  >&lt;p&gt;Ok, you convince me.&lt;br/&gt;
+, if we need a getter or a setter for any reason, it will never be too late to add it.&lt;/p&gt;</comment>
                            <comment id="12901947" author="cborivant" created="Tue, 24 Aug 2010 17:17:27 +0100"  >&lt;p&gt;The bug should be closed&lt;/p&gt;</comment>
                            <comment id="12901951" author="jukkaz" created="Tue, 24 Aug 2010 17:22:26 +0100"  >&lt;p&gt;Exactly, resolving as fixed.&lt;/p&gt;</comment>
                            <comment id="12902844" author="tchojecki" created="Thu, 26 Aug 2010 13:52:18 +0100"  >&lt;p&gt;Got some problems with this patch.&lt;/p&gt;

&lt;p&gt;Our Application need to know the PageFormat for some pages. So we called PDDocument.getPageFormat(...)&lt;/p&gt;

&lt;p&gt;Now with the changes we got a NPE in Rev 988524 Line 1194&lt;/p&gt;

&lt;p&gt;currentPrinterJob is null by default. Hope this will give enought reason for a setter.&lt;/p&gt;</comment>
                            <comment id="12903807" author="jukkaz" created="Sat, 28 Aug 2010 10:13:58 +0100"  >&lt;p&gt;Reopening for the reported NPE.&lt;/p&gt;</comment>
                            <comment id="12903809" author="jukkaz" created="Sat, 28 Aug 2010 10:35:53 +0100"  >&lt;p&gt;The attached patch (PDPageable.patch) addresses the NPE issue in a relatively clean fashion by introducing a new PDPageable adapter class that should be used instead of directly accessing the Pageable methods in PDDocument.&lt;/p&gt;</comment>
                            <comment id="12904544" author="lehmi" created="Tue, 31 Aug 2010 08:31:21 +0100"  >&lt;p&gt;+1, I already had the same idea, but in another context. &lt;a href=&quot;https://issues.apache.org/jira/browse/PDFBOX-586&quot; title=&quot;Text Extraction on Android&quot; class=&quot;issue-link&quot; data-issue-key=&quot;PDFBOX-586&quot;&gt;PDFBOX-586&lt;/a&gt; adresses text extraction on android and the main approach to achieve that seems to split PDFBox in several components and to minimize (in the ong run avoid) the usage of java.awt stuff within the text extraction part. If it comes to printing I&apos;d like to move the affected code into separate classes. In addition to Jukka&apos;s proposal we should also move the implementation of the java.awt.print.Printable interface from PDPage to a second class(PDPrintable) or to a new class combining both interfaces.&lt;/p&gt;</comment>
                            <comment id="12905879" author="jukkaz" created="Fri, 3 Sep 2010 14:05:05 +0100"  >&lt;p&gt;I committed the proposed patch in revision 992282 and extended it to cover Andreas&apos; idea in revision 992284.&lt;/p&gt;</comment>
                    </comments>
                    <attachments>
                            <attachment id="12451330" name="PDDocument.patch" size="2851" author="cborivant" created="Thu, 5 Aug 2010 15:00:26 +0100"/>
                            <attachment id="12451662" name="PDFBOX-788.diff" size="2684" author="cborivant" created="Tue, 10 Aug 2010 11:28:55 +0100"/>
                            <attachment id="12453348" name="PDPageable.patch" size="11551" author="jukkaz" created="Sat, 28 Aug 2010 10:35:53 +0100"/>
                    </attachments>
                <subtasks>
                    </subtasks>
                <customfields>
                                                <customfield id="customfield_12310310" key="com.atlassian.jira.toolkit:attachments">
                        <customfieldname>Attachment count</customfieldname>
                        <customfieldvalues>
                            <customfieldvalue>3.0</customfieldvalue>
                        </customfieldvalues>
                    </customfield>
                                                                                            <customfield id="customfield_12310220" key="com.atlassian.jira.ext.charting:firstresponsedate">
                        <customfieldname>Date of First Response</customfieldname>
                        <customfieldvalues>
                            <customfieldvalue>Mon, 9 Aug 2010 13:08:57 +0000</customfieldvalue>

                        </customfieldvalues>
                    </customfield>
                                                                                                                                                    <customfield id="customfield_12310420" key="com.pyxis.greenhopper.jira:gh-global-rank">
                        <customfieldname>Global Rank</customfieldname>
                        <customfieldvalues>
                            <customfieldvalue>163491</customfieldvalue>
                        </customfieldvalues>
                    </customfield>
                                                                <customfield id="customfield_12310920" key="com.pyxis.greenhopper.jira:gh-global-rank">
                        <customfieldname>Rank</customfieldname>
                        <customfieldvalues>
                            <customfieldvalue>205261</customfieldvalue>
                        </customfieldvalues>
                    </customfield>
                                                                                                                        <customfield id="customfield_12310222" key="com.atlassian.jira.ext.charting:timeinstatus">
                        <customfieldname>Time in Status</customfieldname>
                        <customfieldvalues>
                            
                        </customfieldvalues>
                    </customfield>
                                    </customfields>
    </item>

<item>
            <title>[PDFBOX-789] Error by text extraction</title>
                <link>https://issues.apache.org/jira/browse/PDFBOX-789</link>
                <project id="12310760" key="PDFBOX">PDFBox</project>
                    <description>&lt;p&gt;Hello,  &lt;br/&gt;
I tried to extract text from pdf and extraction ended with error. Here is pdf, source file and stacktrace.  &lt;/p&gt;</description>
                <environment>winndows xp, </environment>
        <key id="12470948">PDFBOX-789</key>
            <summary>Error by text extraction</summary>
                <type id="1" iconUrl="https://issues.apache.org/jira/images/icons/issuetypes/bug.png">Bug</type>
                                            <priority id="3" iconUrl="https://issues.apache.org/jira/images/icons/priorities/major.png">Major</priority>
                        <status id="6" iconUrl="https://issues.apache.org/jira/images/icons/statuses/closed.png" description="The issue is considered finished, the resolution is correct. Issues which are closed can be reopened.">Closed</status>
                    <statusCategory id="3" key="done" colorName="green"/>
                                    <resolution id="1">Fixed</resolution>
                                        <assignee username="jukkaz">Jukka Zitting</assignee>
                                    <reporter username="bouli">Slavomir Varchula</reporter>
                        <labels>
                    </labels>
                <created>Thu, 5 Aug 2010 23:22:40 +0100</created>
                <updated>Tue, 26 Oct 2010 10:34:23 +0100</updated>
                            <resolved>Thu, 14 Oct 2010 10:08:49 +0100</resolved>
                                    <version>1.2.1</version>
                                    <fixVersion>1.3.1</fixVersion>
                                    <component>Text extraction</component>
                        <due></due>
                            <votes>0</votes>
                                    <watches>1</watches>
                                                                <comments>
                            <comment id="12895847" author="bouli" created="Thu, 5 Aug 2010 23:29:01 +0100"  >&lt;p&gt;Exception in thread &quot;main&quot; java.lang.RuntimeException: java.io.IOException: Error: Expected hex number, actual=&apos;2&amp;lt;&apos;&lt;br/&gt;
	at org.apache.pdfbox.pdfparser.PDFStreamParser$1.tryNext(PDFStreamParser.java:148)&lt;br/&gt;
	at org.apache.pdfbox.pdfparser.PDFStreamParser$1.hasNext(PDFStreamParser.java:157)&lt;br/&gt;
	at org.apache.pdfbox.util.PDFStreamEngine.processSubStream(PDFStreamEngine.java:241)&lt;br/&gt;
	at org.apache.pdfbox.util.PDFStreamEngine.processStream(PDFStreamEngine.java:208)&lt;br/&gt;
	at org.apache.pdfbox.util.PDFTextStripper.processPage(PDFTextStripper.java:378)&lt;br/&gt;
	at org.apache.pdfbox.util.PDFTextStripper.processPages(PDFTextStripper.java:302)&lt;br/&gt;
	at org.apache.pdfbox.util.PDFTextStripper.writeText(PDFTextStripper.java:258)&lt;br/&gt;
	at org.apache.pdfbox.util.PDFTextStripper.getText(PDFTextStripper.java:184)&lt;br/&gt;
	at Skuska.main(Skuska.java:11)&lt;br/&gt;
Caused by: java.io.IOException: Error: Expected hex number, actual=&apos;2&amp;lt;&apos;&lt;br/&gt;
	at org.apache.pdfbox.cos.COSString.createFromHexString(COSString.java:194)&lt;br/&gt;
	at org.apache.pdfbox.pdfparser.BaseParser.parseCOSString(BaseParser.java:713)&lt;br/&gt;
	at org.apache.pdfbox.pdfparser.PDFStreamParser.parseNextToken(PDFStreamParser.java:226)&lt;br/&gt;
	at org.apache.pdfbox.pdfparser.PDFStreamParser.access$000(PDFStreamParser.java:46)&lt;br/&gt;
	at org.apache.pdfbox.pdfparser.PDFStreamParser$1.tryNext(PDFStreamParser.java:145)&lt;br/&gt;
	... 8 more&lt;/p&gt;</comment>
                            <comment id="12896528" author="jukkaz" created="Mon, 9 Aug 2010 14:03:37 +0100"  >&lt;p&gt;The problem seems to be related to the large COSStream on page 134. I can avoid the issue easily enough with the following patch, but it would be better to find the root cause instead of relying on a workaround like this.&lt;/p&gt;

&lt;p&gt;Index: pdfbox/src/main/java/org/apache/pdfbox/cos/COSString.java&lt;br/&gt;
===================================================================&lt;br/&gt;
&amp;#8212; pdfbox/src/main/java/org/apache/pdfbox/cos/COSString.java	(revision 982911)&lt;br/&gt;
+++ pdfbox/src/main/java/org/apache/pdfbox/cos/COSString.java	(working copy)&lt;br/&gt;
@@ -191,7 +191,11 @@&lt;br/&gt;
             }&lt;br/&gt;
             catch( NumberFormatException e )&lt;/p&gt;
             {
-                throw new IOException( &quot;Error: Expected hex number, actual=&apos;&quot; + hexChars + &quot;&apos;&quot; );
+                retval.append( &apos;?&apos; );
             }
&lt;p&gt;         }&lt;br/&gt;
         return retval;&lt;/p&gt;</comment>
                            <comment id="12896610" author="bouli" created="Mon, 9 Aug 2010 17:38:50 +0100"  >&lt;p&gt;Hello, &lt;br/&gt;
thank you for quick response. It is too heavy from me, where is problem. I use primary Apache Tika(great library) and I have seen, that problem was in PDFBox.   Then I tried to debug, but I have lost in source code. &lt;img class=&quot;emoticon&quot; src=&quot;https://issues.apache.org/jira/images/icons/emoticons/sad.gif&quot; height=&quot;16&quot; width=&quot;16&quot; align=&quot;absmiddle&quot; alt=&quot;&quot; border=&quot;0&quot;/&gt; The new information is for me, that problem is on page 134. Can I give you  some help ? Or could you recommend what I should look for? &lt;/p&gt;

&lt;p&gt;Best regards.   &lt;/p&gt;</comment>
                            <comment id="12920891" author="jukkaz" created="Thu, 14 Oct 2010 10:08:48 +0100"  >&lt;p&gt;I fixed this more properly in revision 1022431 by making the forceParsing option apply also here. See the -force option of the ExtractText command for an example of how this works.&lt;/p&gt;</comment>
                    </comments>
                    <attachments>
                            <attachment id="12451383" name="Skuska.java" size="490" author="bouli" created="Thu, 5 Aug 2010 23:29:00 +0100"/>
                            <attachment id="12451384" name="pdf_euba.pdf" size="3567441" author="bouli" created="Thu, 5 Aug 2010 23:29:00 +0100"/>
                    </attachments>
                <subtasks>
                    </subtasks>
                <customfields>
                                                <customfield id="customfield_12310310" key="com.atlassian.jira.toolkit:attachments">
                        <customfieldname>Attachment count</customfieldname>
                        <customfieldvalues>
                            <customfieldvalue>2.0</customfieldvalue>
                        </customfieldvalues>
                    </customfield>
                                                                                            <customfield id="customfield_12310220" key="com.atlassian.jira.ext.charting:firstresponsedate">
                        <customfieldname>Date of First Response</customfieldname>
                        <customfieldvalues>
                            <customfieldvalue>Mon, 9 Aug 2010 13:03:37 +0000</customfieldvalue>

                        </customfieldvalues>
                    </customfield>
                                                                                                                                                    <customfield id="customfield_12310420" key="com.pyxis.greenhopper.jira:gh-global-rank">
                        <customfieldname>Global Rank</customfieldname>
                        <customfieldvalues>
                            <customfieldvalue>163492</customfieldvalue>
                        </customfieldvalues>
                    </customfield>
                                                                <customfield id="customfield_12310920" key="com.pyxis.greenhopper.jira:gh-global-rank">
                        <customfieldname>Rank</customfieldname>
                        <customfieldvalues>
                            <customfieldvalue>205259</customfieldvalue>
                        </customfieldvalues>
                    </customfield>
                                                                                                                        <customfield id="customfield_12310222" key="com.atlassian.jira.ext.charting:timeinstatus">
                        <customfieldname>Time in Status</customfieldname>
                        <customfieldvalues>
                            
                        </customfieldvalues>
                    </customfield>
                                    </customfields>
    </item>

<item>
            <title>[PDFBOX-790] Text extraction from PDF generated from MS Word fails</title>
                <link>https://issues.apache.org/jira/browse/PDFBOX-790</link>
                <project id="12310760" key="PDFBOX">PDFBox</project>
                    <description>&lt;p&gt;The attached PDF gives the following error when trying to extract text with PDFBox 1.2.1:&lt;/p&gt;


&lt;p&gt;dylan@dylan-laptop:~/desktop/pdfbox$ java org.apache.pdfbox.ExtractText -console Document2.v1.20100630.pdf &lt;br/&gt;
Jul 12, 2010 9:00:31 AM org.apache.pdfbox.util.PDFStreamEngine processOperator&lt;br/&gt;
WARNING: java.io.IOException: Error: expected hex character and not :32&lt;br/&gt;
java.io.IOException: Error: expected hex character and not :32&lt;br/&gt;
at org.apache.fontbox.cmap.CMapParser.parseNextToken(CMapParser.java:336)&lt;br/&gt;
at org.apache.fontbox.cmap.CMapParser.parse(CMapParser.java:139)&lt;br/&gt;
at org.apache.pdfbox.pdmodel.font.PDFont.parseCmap(PDFont.java:556)&lt;br/&gt;
at org.apache.pdfbox.pdmodel.font.PDFont.encode(PDFont.java:390)&lt;br/&gt;
at org.apache.pdfbox.util.PDFStreamEngine.processEncodedText(PDFStreamEngine.java:386)&lt;br/&gt;
at org.apache.pdfbox.util.operator.ShowTextGlyph.process(ShowTextGlyph.java:61)&lt;br/&gt;
at org.apache.pdfbox.util.PDFStreamEngine.processOperator(PDFStreamEngine.java:567)&lt;br/&gt;
at org.apache.pdfbox.util.PDFStreamEngine.processSubStream(PDFStreamEngine.java:250)&lt;br/&gt;
at org.apache.pdfbox.util.PDFStreamEngine.processStream(PDFStreamEngine.java:208)&lt;br/&gt;
at org.apache.pdfbox.util.PDFTextStripper.processPage(PDFTextStripper.java:378)&lt;br/&gt;
at org.apache.pdfbox.util.PDFTextStripper.processPages(PDFTextStripper.java:302)&lt;br/&gt;
at org.apache.pdfbox.util.PDFTextStripper.writeText(PDFTextStripper.java:258)&lt;br/&gt;
at org.apache.pdfbox.ExtractText.main(ExtractText.java:236)&lt;br/&gt;
Jul 12, 2010 9:00:31 AM org.apache.pdfbox.util.PDFStreamEngine processOperator&lt;br/&gt;
WARNING: java.io.IOException: Error: expected hex character and not :32&lt;br/&gt;
java.io.IOException: Error: expected hex character and not :32&lt;br/&gt;
at org.apache.fontbox.cmap.CMapParser.parseNextToken(CMapParser.java:336)&lt;br/&gt;
at org.apache.fontbox.cmap.CMapParser.parse(CMapParser.java:139)&lt;br/&gt;
at org.apache.pdfbox.pdmodel.font.PDFont.parseCmap(PDFont.java:556)&lt;br/&gt;
at org.apache.pdfbox.pdmodel.font.PDFont.encode(PDFont.java:390)&lt;br/&gt;
at org.apache.pdfbox.util.PDFStreamEngine.processEncodedText(PDFStreamEngine.java:386)&lt;br/&gt;
at org.apache.pdfbox.util.operator.ShowText.process(ShowText.java:45)&lt;br/&gt;
at org.apache.pdfbox.util.PDFStreamEngine.processOperator(PDFStreamEngine.java:567)&lt;br/&gt;
at org.apache.pdfbox.util.PDFStreamEngine.processSubStream(PDFStreamEngine.java:250)&lt;br/&gt;
at org.apache.pdfbox.util.PDFStreamEngine.processStream(PDFStreamEngine.java:208)&lt;br/&gt;
at org.apache.pdfbox.util.PDFTextStripper.processPage(PDFTextStripper.java:378)&lt;br/&gt;
at org.apache.pdfbox.util.PDFTextStripper.processPages(PDFTextStripper.java:302)&lt;br/&gt;
at org.apache.pdfbox.util.PDFTextStripper.writeText(PDFTextStripper.java:258)&lt;br/&gt;
at org.apache.pdfbox.ExtractText.main(ExtractText.java:236)&lt;br/&gt;
Jul 12, 2010 9:00:31 AM org.apache.pdfbox.util.PDFStreamEngine processOperator&lt;/p&gt;</description>
                <environment></environment>
        <key id="12471207">PDFBOX-790</key>
            <summary>Text extraction from PDF generated from MS Word fails</summary>
                <type id="1" iconUrl="https://issues.apache.org/jira/images/icons/issuetypes/bug.png">Bug</type>
                                            <priority id="3" iconUrl="https://issues.apache.org/jira/images/icons/priorities/major.png">Major</priority>
                        <status id="6" iconUrl="https://issues.apache.org/jira/images/icons/statuses/closed.png" description="The issue is considered finished, the resolution is correct. Issues which are closed can be reopened.">Closed</status>
                    <statusCategory id="3" key="done" colorName="green"/>
                                    <resolution id="1">Fixed</resolution>
                                        <assignee username="-1">Unassigned</assignee>
                                    <reporter username="dylanvaughn">Dylan Vaughn</reporter>
                        <labels>
                    </labels>
                <created>Tue, 10 Aug 2010 17:44:56 +0100</created>
                <updated>Tue, 26 Oct 2010 10:34:24 +0100</updated>
                            <resolved>Sun, 22 Aug 2010 18:25:57 +0100</resolved>
                                    <version>1.2.1</version>
                                    <fixVersion>1.3.1</fixVersion>
                                        <due></due>
                            <votes>0</votes>
                                    <watches>0</watches>
                                                                <comments>
                            <comment id="12901191" author="lehmi" created="Sun, 22 Aug 2010 18:25:57 +0100"  >&lt;p&gt;The cmap-parser doesn&apos;t ignore additional whitespaces with in a beginbfchar mapping. Version 987929 provides a solution for this&lt;/p&gt;</comment>
                    </comments>
                    <attachments>
                            <attachment id="12451685" name="Document2.v1.20100630.pdf" size="42766" author="dylanvaughn" created="Tue, 10 Aug 2010 17:45:44 +0100"/>
                    </attachments>
                <subtasks>
                    </subtasks>
                <customfields>
                                                <customfield id="customfield_12310310" key="com.atlassian.jira.toolkit:attachments">
                        <customfieldname>Attachment count</customfieldname>
                        <customfieldvalues>
                            <customfieldvalue>1.0</customfieldvalue>
                        </customfieldvalues>
                    </customfield>
                                                                                            <customfield id="customfield_12310220" key="com.atlassian.jira.ext.charting:firstresponsedate">
                        <customfieldname>Date of First Response</customfieldname>
                        <customfieldvalues>
                            <customfieldvalue>Sun, 22 Aug 2010 17:25:57 +0000</customfieldvalue>

                        </customfieldvalues>
                    </customfield>
                                                                                                                                                    <customfield id="customfield_12310420" key="com.pyxis.greenhopper.jira:gh-global-rank">
                        <customfieldname>Global Rank</customfieldname>
                        <customfieldvalues>
                            <customfieldvalue>163493</customfieldvalue>
                        </customfieldvalues>
                    </customfield>
                                                                <customfield id="customfield_12310920" key="com.pyxis.greenhopper.jira:gh-global-rank">
                        <customfieldname>Rank</customfieldname>
                        <customfieldvalues>
                            <customfieldvalue>205419</customfieldvalue>
                        </customfieldvalues>
                    </customfield>
                                                                                                                        <customfield id="customfield_12310222" key="com.atlassian.jira.ext.charting:timeinstatus">
                        <customfieldname>Time in Status</customfieldname>
                        <customfieldvalues>
                            
                        </customfieldvalues>
                    </customfield>
                                    </customfields>
    </item>

<item>
            <title>[PDFBOX-793] scratchfile ignored in PDDocument load( File file, RandomAccess scratchFile )</title>
                <link>https://issues.apache.org/jira/browse/PDFBOX-793</link>
                <project id="12310760" key="PDFBOX">PDFBox</project>
                    <description>&lt;p&gt;The PDDocument load function:&lt;/p&gt;
&lt;div class=&quot;code panel&quot; style=&quot;border-width: 1px;&quot;&gt;&lt;div class=&quot;codeContent panelContent&quot;&gt;
&lt;pre class=&quot;code-java&quot;&gt;
    &lt;span class=&quot;code-keyword&quot;&gt;public&lt;/span&gt; &lt;span class=&quot;code-keyword&quot;&gt;static&lt;/span&gt; PDDocument load( File file, RandomAccess scratchFile ) &lt;span class=&quot;code-keyword&quot;&gt;throws&lt;/span&gt; IOException
    {
        &lt;span class=&quot;code-keyword&quot;&gt;return&lt;/span&gt; load( &lt;span class=&quot;code-keyword&quot;&gt;new&lt;/span&gt; FileInputStream( file ) );
    }
&lt;/pre&gt;
&lt;/div&gt;&lt;/div&gt;

&lt;p&gt;ignores the scratchFile &amp;#8211; either drop the parameter or actualy pass it on&lt;/p&gt;</description>
                <environment></environment>
        <key id="12471701">PDFBOX-793</key>
            <summary>scratchfile ignored in PDDocument load( File file, RandomAccess scratchFile )</summary>
                <type id="1" iconUrl="https://issues.apache.org/jira/images/icons/issuetypes/bug.png">Bug</type>
                                            <priority id="4" iconUrl="https://issues.apache.org/jira/images/icons/priorities/minor.png">Minor</priority>
                        <status id="6" iconUrl="https://issues.apache.org/jira/images/icons/statuses/closed.png" description="The issue is considered finished, the resolution is correct. Issues which are closed can be reopened.">Closed</status>
                    <statusCategory id="3" key="done" colorName="green"/>
                                    <resolution id="1">Fixed</resolution>
                                        <assignee username="jukkaz">Jukka Zitting</assignee>
                                    <reporter username="ryantxu">Ryan McKinley</reporter>
                        <labels>
                    </labels>
                <created>Mon, 16 Aug 2010 15:19:44 +0100</created>
                <updated>Tue, 26 Oct 2010 10:34:25 +0100</updated>
                            <resolved>Fri, 3 Sep 2010 14:32:00 +0100</resolved>
                                    <version>1.2.1</version>
                                    <fixVersion>1.3.1</fixVersion>
                                    <component>PDModel</component>
                        <due></due>
                            <votes>0</votes>
                                    <watches>0</watches>
                                                                <comments>
                            <comment id="12905884" author="jukkaz" created="Fri, 3 Sep 2010 14:32:00 +0100"  >&lt;p&gt;Good point, thanks! I fixed this as suggested in revision 992292 by passing the scratchFile parameter on to the PDFParser instance.&lt;/p&gt;</comment>
                    </comments>
                    <attachments>
                    </attachments>
                <subtasks>
                    </subtasks>
                <customfields>
                                                <customfield id="customfield_12310310" key="com.atlassian.jira.toolkit:attachments">
                        <customfieldname>Attachment count</customfieldname>
                        <customfieldvalues>
                            <customfieldvalue>0.0</customfieldvalue>
                        </customfieldvalues>
                    </customfield>
                                                                                            <customfield id="customfield_12310220" key="com.atlassian.jira.ext.charting:firstresponsedate">
                        <customfieldname>Date of First Response</customfieldname>
                        <customfieldvalues>
                            <customfieldvalue>Fri, 3 Sep 2010 13:32:00 +0000</customfieldvalue>

                        </customfieldvalues>
                    </customfield>
                                                                                                                                                    <customfield id="customfield_12310420" key="com.pyxis.greenhopper.jira:gh-global-rank">
                        <customfieldname>Global Rank</customfieldname>
                        <customfieldvalues>
                            <customfieldvalue>163495</customfieldvalue>
                        </customfieldvalues>
                    </customfield>
                                                                <customfield id="customfield_12310920" key="com.pyxis.greenhopper.jira:gh-global-rank">
                        <customfieldname>Rank</customfieldname>
                        <customfieldvalues>
                            <customfieldvalue>205775</customfieldvalue>
                        </customfieldvalues>
                    </customfield>
                                                                                                                        <customfield id="customfield_12310222" key="com.atlassian.jira.ext.charting:timeinstatus">
                        <customfieldname>Time in Status</customfieldname>
                        <customfieldvalues>
                            
                        </customfieldvalues>
                    </customfield>
                                    </customfields>
    </item>

<item>
            <title>[PDFBOX-797] NPE in PDPageNode</title>
                <link>https://issues.apache.org/jira/browse/PDFBOX-797</link>
                <project id="12310760" key="PDFBOX">PDFBox</project>
                    <description>&lt;p&gt;i get a nullpointer exception when parsing a pdf with tika.&lt;/p&gt;

&lt;p&gt;&lt;a href=&quot;http://www.awsg.at/portal/media/4218.pdf&quot; class=&quot;external-link&quot; rel=&quot;nofollow&quot;&gt;http://www.awsg.at/portal/media/4218.pdf&lt;/a&gt;&lt;/p&gt;

&lt;p&gt;java.lang.NullPointerException&lt;br/&gt;
    at org.apache.pdfbox.pdmodel.PDPageNode.getCount(PDPageNode.java:109)&lt;br/&gt;
    at&lt;br/&gt;
org.apache.pdfbox.pdmodel.PDDocument.getNumberOfPages(PDDocument.java:943)&lt;br/&gt;
    at&lt;br/&gt;
org.apache.tika.parser.pdf.PDFParser.extractMetadata(PDFParser.java:105)&lt;br/&gt;
    at org.apache.tika.parser.pdf.PDFParser.parse(PDFParser.java:86)&lt;/p&gt;</description>
                <environment></environment>
        <key id="12472293">PDFBOX-797</key>
            <summary>NPE in PDPageNode</summary>
                <type id="1" iconUrl="https://issues.apache.org/jira/images/icons/issuetypes/bug.png">Bug</type>
                                            <priority id="3" iconUrl="https://issues.apache.org/jira/images/icons/priorities/major.png">Major</priority>
                        <status id="6" iconUrl="https://issues.apache.org/jira/images/icons/statuses/closed.png" description="The issue is considered finished, the resolution is correct. Issues which are closed can be reopened.">Closed</status>
                    <statusCategory id="3" key="done" colorName="green"/>
                                    <resolution id="1">Fixed</resolution>
                                        <assignee username="adamnichols">Adam Nichols</assignee>
                                    <reporter username="reinhard">Reinhard Schwab</reporter>
                        <labels>
                    </labels>
                <created>Mon, 23 Aug 2010 21:26:48 +0100</created>
                <updated>Fri, 4 Mar 2011 10:29:16 +0000</updated>
                            <resolved>Mon, 27 Dec 2010 21:22:38 +0000</resolved>
                                                    <fixVersion>1.5.0</fixVersion>
                                        <due></due>
                            <votes>0</votes>
                                    <watches>0</watches>
                                                                <comments>
                            <comment id="12901581" author="lehmi" created="Mon, 23 Aug 2010 21:47:34 +0100"  >&lt;p&gt;The problem is the encryption algorithm. See &lt;a href=&quot;https://issues.apache.org/jira/browse/PDFBOX-697&quot; title=&quot;Error: Expected an integer type, actual=&amp;#39;&amp;#39; -&quot; class=&quot;issue-link&quot; data-issue-key=&quot;PDFBOX-697&quot;&gt;&lt;del&gt;PDFBOX-697&lt;/del&gt;&lt;/a&gt; for further details.&lt;/p&gt;</comment>
                            <comment id="12975340" author="adamnichols" created="Mon, 27 Dec 2010 21:22:38 +0000"  >&lt;p&gt;This NPE has been patched in revision 1053194.  The patch submitted to &lt;a href=&quot;https://issues.apache.org/jira/browse/PDFBOX-578&quot; title=&quot;NPE NullPointerException in PDPageNode.getCount&quot; class=&quot;issue-link&quot; data-issue-key=&quot;PDFBOX-578&quot;&gt;&lt;del&gt;PDFBOX-578&lt;/del&gt;&lt;/a&gt; was what resolved the NPE.  I modified it slightly to also check to ensure the &quot;page&quot; object is not null as well.&lt;/p&gt;</comment>
                    </comments>
                <issuelinks>
                            <issuelinktype id="10030">
                    <name>Reference</name>
                                                                <inwardlinks description="is related to">
                                        <issuelink>
            <issuekey id="12462567">PDFBOX-697</issuekey>
        </issuelink>
                            </inwardlinks>
                                    </issuelinktype>
                    </issuelinks>
                <attachments>
                            <attachment id="12452851" name="4218.pdf" size="411395" author="reinhard" created="Mon, 23 Aug 2010 21:28:20 +0100"/>
                    </attachments>
                <subtasks>
                    </subtasks>
                <customfields>
                                                <customfield id="customfield_12310310" key="com.atlassian.jira.toolkit:attachments">
                        <customfieldname>Attachment count</customfieldname>
                        <customfieldvalues>
                            <customfieldvalue>1.0</customfieldvalue>
                        </customfieldvalues>
                    </customfield>
                                                                                            <customfield id="customfield_12310220" key="com.atlassian.jira.ext.charting:firstresponsedate">
                        <customfieldname>Date of First Response</customfieldname>
                        <customfieldvalues>
                            <customfieldvalue>Mon, 23 Aug 2010 20:47:34 +0000</customfieldvalue>

                        </customfieldvalues>
                    </customfield>
                                                                                                                                                    <customfield id="customfield_12310420" key="com.pyxis.greenhopper.jira:gh-global-rank">
                        <customfieldname>Global Rank</customfieldname>
                        <customfieldvalues>
                            <customfieldvalue>163498</customfieldvalue>
                        </customfieldvalues>
                    </customfield>
                                                                <customfield id="customfield_12310920" key="com.pyxis.greenhopper.jira:gh-global-rank">
                        <customfieldname>Rank</customfieldname>
                        <customfieldvalues>
                            <customfieldvalue>205498</customfieldvalue>
                        </customfieldvalues>
                    </customfield>
                                                                                                                        <customfield id="customfield_12310222" key="com.atlassian.jira.ext.charting:timeinstatus">
                        <customfieldname>Time in Status</customfieldname>
                        <customfieldvalues>
                            
                        </customfieldvalues>
                    </customfield>
                                    </customfields>
    </item>

<item>
            <title>[PDFBOX-800] Wrong text extract from vertical textboxes in pdf files</title>
                <link>https://issues.apache.org/jira/browse/PDFBOX-800</link>
                <project id="12310760" key="PDFBOX">PDFBox</project>
                    <description>&lt;p&gt;Vertical textboxes in pdf files are not extracted correctly (using the tika library in C#).&lt;br/&gt;
For example if there is a vertical textbox &quot;hello&quot; in a pdf file (&lt;span class=&quot;error&quot;&gt;Unable to render embedded object: File (WITHOUT) not found.&lt;/span&gt; line breaks):&lt;br/&gt;
H&lt;br/&gt;
E&lt;br/&gt;
L&lt;br/&gt;
L&lt;br/&gt;
O&lt;br/&gt;
the parser returns 5 strings, each with a single letter, even there is NO line break after every letter.&lt;br/&gt;
Is there a option to avoid this problem?&lt;/p&gt;</description>
                <environment>Windows 7, VS 2010 C#, Tika Library</environment>
        <key id="12472332">PDFBOX-800</key>
            <summary>Wrong text extract from vertical textboxes in pdf files</summary>
                <type id="1" iconUrl="https://issues.apache.org/jira/images/icons/issuetypes/bug.png">Bug</type>
                                            <priority id="3" iconUrl="https://issues.apache.org/jira/images/icons/priorities/major.png">Major</priority>
                        <status id="1" iconUrl="https://issues.apache.org/jira/images/icons/statuses/open.png" description="The issue is open and ready for the assignee to start work on it.">Open</status>
                    <statusCategory id="2" key="new" colorName="blue-gray"/>
                                    <resolution id="-1">Unresolved</resolution>
                                        <assignee username="-1">Unassigned</assignee>
                                    <reporter username="sandor1990">Sandor Dj</reporter>
                        <labels>
                    </labels>
                <created>Tue, 24 Aug 2010 07:39:03 +0100</created>
                <updated>Mon, 10 Feb 2014 00:40:22 +0000</updated>
                                                                            <component>Text extraction</component>
                        <due></due>
                            <votes>0</votes>
                                    <watches>1</watches>
                                                                <comments>
                            <comment id="12901763" author="lehmi" created="Tue, 24 Aug 2010 09:05:13 +0100"  >&lt;p&gt;Please attach a sample document to this issue if possible.&lt;/p&gt;</comment>
                            <comment id="12901768" author="sandor1990" created="Tue, 24 Aug 2010 09:17:58 +0100"  >&lt;p&gt;As you can see there are some vertical textboxes in the middle of the page (pdf file).&lt;br/&gt;
Referring to the office document out of witch the pdf file was created, there are NO line breaks.&lt;br/&gt;
But the text extract gets single strings, for each letter one.&lt;br/&gt;
Is it possbile to avoid it?&lt;/p&gt;

&lt;p&gt;Hope my problem is now comprehensible &lt;img class=&quot;emoticon&quot; src=&quot;https://issues.apache.org/jira/images/icons/emoticons/smile.gif&quot; height=&quot;16&quot; width=&quot;16&quot; align=&quot;absmiddle&quot; alt=&quot;&quot; border=&quot;0&quot;/&gt;&lt;/p&gt;</comment>
                            <comment id="12903430" author="m.martinez" created="Fri, 27 Aug 2010 15:34:04 +0100"  >&lt;p&gt;This is a tricky problem to try to resolve.&lt;/p&gt;

&lt;p&gt;The reason this occurs is because fundamentally PDF is not a structured data format.  It is a page rendering format.   That means that the letters:&lt;/p&gt;

&lt;p&gt;H&lt;br/&gt;
E&lt;br/&gt;
L&lt;br/&gt;
L&lt;br/&gt;
O&lt;/p&gt;

&lt;p&gt;May not be stored within the PDF as an integral character sequence (and probably are not).  Instead they exist as commands to &apos;render&apos; each character on the page in the desired location and with the specified attributes (size, color, font, etc.).&lt;/p&gt;

&lt;p&gt;The fact that they are not separated by a carriage return when entered into the creation of the document doesn&apos;t really mean anything as PDF doesn&apos;t really have the concept of carriage returns.   In the PDF, text starts on the next line down by the fact that the next text object is to be rendered at the coordinates that &lt;em&gt;look&lt;/em&gt; like a carriage return is there.&lt;/p&gt;

&lt;p&gt;When PDFBox &apos;extracts&apos; text, all it is really doing is &lt;em&gt;rendering&lt;/em&gt; the PDF to a text file.  So it tries to guess based on the character coordinates (and their proximity to other characters being rendered) on when to insert white space control characters such as spaces and carriage returns.&lt;/p&gt;

&lt;p&gt;Basically, it is &apos;drawing&apos; each page using the limitation that the only drawing tool is plain characters!&lt;/p&gt;

&lt;p&gt;So, a piece of vertical text like you have here is tricky because there is no inherent way for PDF Box to know for certain that the characters are meant to be contiguous within a single word.   I.E. one could also have a page with the characters:&lt;/p&gt;

&lt;p&gt;1&lt;br/&gt;
2&lt;br/&gt;
3&lt;br/&gt;
4&lt;br/&gt;
...&lt;/p&gt;

&lt;p&gt;where that is meant to be a template for a list - PDFBox can&apos;t really know the difference.  You wouldn&apos;t want that text to be extracted as &quot;1234...&quot;&lt;/p&gt;

&lt;p&gt;Someone else might have an idea for a solution here, but I don&apos;t see an obvious one.&lt;/p&gt;</comment>
                            <comment id="12903435" author="jukkaz" created="Fri, 27 Aug 2010 15:46:45 +0100"  >&lt;p&gt;One possible approach would be to divide the characters on a page to different &quot;layers&quot; depending on the orientation in which they are drawn. One layer would contain only horizontal characters, while others would contain vertical and diagonal ones. With appropriate rotation we could then apply the normal horizontal text extraction algorithm also for the vertically and diagonally drawn characters.&lt;/p&gt;</comment>
                            <comment id="12903439" author="jukkaz" created="Fri, 27 Aug 2010 15:55:46 +0100"  >&lt;p&gt;Hmm, actually PDFBox already does properly extract the &quot;Hallo das ist ein anderes vertikales TEXTFELD&quot; and &quot;Hallo das ist ein horizontales TEXTFELD&quot; sentences from the example document.&lt;/p&gt;

&lt;p&gt;Handling the vertical &quot;Hallo&quot; text boxes where the characters are horizontally oriented is probably impossible unless there&apos;s some external hint that the text should be treated like vertical writing in Chinese or Japanese.&lt;/p&gt;</comment>
                            <comment id="12903440" author="m.martinez" created="Fri, 27 Aug 2010 15:58:59 +0100"  >&lt;p&gt;I guess you could do it if you used a vertical text field but with a font that rendered each character lying on its side ... !&lt;/p&gt;

&lt;p&gt;I.E. a font that rendered a capital &apos;E&apos; so that it looked like a &apos;W&apos;.&lt;/p&gt;</comment>
                            <comment id="12904550" author="sandor1990" created="Tue, 31 Aug 2010 09:01:29 +0100"  >&lt;p&gt;Okay, i see the problem.&lt;br/&gt;
But what is about the textbox &quot;Hallo das ist ein vertikales TEXTFELD&quot; (the first vertical one on the left side)? Why is this one not extracted correctly? The font is turned 90&#176; around... &lt;br/&gt;
We have some other PDF files with similar textboxes and they are also extracted in a wrong way.&lt;/p&gt;</comment>
                            <comment id="12905080" author="jukkaz" created="Wed, 1 Sep 2010 17:32:41 +0100"  >&lt;p&gt;Setting the sortByPosition option on the PDFTextStripper should make the &quot;Hallo das ist ein vertikales TEXTFELD&quot; box get correctly extracted.&lt;/p&gt;</comment>
                            <comment id="12905430" author="sandor1990" created="Thu, 2 Sep 2010 07:52:07 +0100"  >&lt;p&gt;I&apos;m using TIKA and the the AutodetectParser to extract Text, so PDFTextStripper is not in use. like shown in the following example: &lt;a href=&quot;http://blogs.dovetailsoftware.com/blogs/kmiller/archive/2010/07/02/using-the-tika-java-library-in-your-net-application-with-ikvm.aspx&quot; class=&quot;external-link&quot; rel=&quot;nofollow&quot;&gt;http://blogs.dovetailsoftware.com/blogs/kmiller/archive/2010/07/02/using-the-tika-java-library-in-your-net-application-with-ikvm.aspx&lt;/a&gt;&lt;/p&gt;

&lt;p&gt;any other suggestions :\ ?&lt;/p&gt;</comment>
                            <comment id="12905874" author="jukkaz" created="Fri, 3 Sep 2010 13:34:05 +0100"  >&lt;p&gt;We might consider enabling the sortByPosition option by default in PDFBox, as the performance impact isn&apos;t too bad (around 5% on some documents I tested with). Alternatively you can file an improvement request for Tika to explicitly set the option in its PDFParser class.&lt;/p&gt;</comment>
                    </comments>
                    <attachments>
                            <attachment id="12452907" name="problemdoc.doc" size="26624" author="sandor1990" created="Tue, 24 Aug 2010 09:17:58 +0100"/>
                            <attachment id="12452906" name="problemdoc.pdf" size="131541" author="sandor1990" created="Tue, 24 Aug 2010 09:17:57 +0100"/>
                    </attachments>
                <subtasks>
                    </subtasks>
                <customfields>
                                                <customfield id="customfield_12310310" key="com.atlassian.jira.toolkit:attachments">
                        <customfieldname>Attachment count</customfieldname>
                        <customfieldvalues>
                            <customfieldvalue>2.0</customfieldvalue>
                        </customfieldvalues>
                    </customfield>
                                                                                            <customfield id="customfield_12310220" key="com.atlassian.jira.ext.charting:firstresponsedate">
                        <customfieldname>Date of First Response</customfieldname>
                        <customfieldvalues>
                            <customfieldvalue>Tue, 24 Aug 2010 08:05:13 +0000</customfieldvalue>

                        </customfieldvalues>
                    </customfield>
                                                                                                                                                    <customfield id="customfield_12310420" key="com.pyxis.greenhopper.jira:gh-global-rank">
                        <customfieldname>Global Rank</customfieldname>
                        <customfieldvalues>
                            <customfieldvalue>85045</customfieldvalue>
                        </customfieldvalues>
                    </customfield>
                                                                <customfield id="customfield_12310920" key="com.pyxis.greenhopper.jira:gh-global-rank">
                        <customfieldname>Rank</customfieldname>
                        <customfieldvalues>
                            <customfieldvalue>236248</customfieldvalue>
                        </customfieldvalues>
                    </customfield>
                                                                                                                        </customfields>
    </item>

<item>
            <title>[PDFBOX-805] Extratced ascii text in CJK document is malformed</title>
                <link>https://issues.apache.org/jira/browse/PDFBOX-805</link>
                <project id="12310760" key="PDFBOX">PDFBox</project>
                    <description>&lt;p&gt;When I run ExtractText with CJK PDF document with ascii text, the only ascii text is malformed. This does not occur in version 1.1.0.&lt;br/&gt;
I can fix it with the attached patch. I attach an example pdf.&lt;/p&gt;</description>
                <environment></environment>
        <key id="12472770">PDFBOX-805</key>
            <summary>Extratced ascii text in CJK document is malformed</summary>
                <type id="1" iconUrl="https://issues.apache.org/jira/images/icons/issuetypes/bug.png">Bug</type>
                                            <priority id="3" iconUrl="https://issues.apache.org/jira/images/icons/priorities/major.png">Major</priority>
                        <status id="6" iconUrl="https://issues.apache.org/jira/images/icons/statuses/closed.png" description="The issue is considered finished, the resolution is correct. Issues which are closed can be reopened.">Closed</status>
                    <statusCategory id="3" key="done" colorName="green"/>
                                    <resolution id="1">Fixed</resolution>
                                        <assignee username="-1">Unassigned</assignee>
                                    <reporter username="zuki_ebetsu">Keiji Suzuki</reporter>
                        <labels>
                    </labels>
                <created>Sat, 28 Aug 2010 07:57:57 +0100</created>
                <updated>Tue, 26 Oct 2010 10:34:29 +0100</updated>
                            <resolved>Sun, 5 Sep 2010 13:05:25 +0100</resolved>
                                    <version>1.2.1</version>
                                    <fixVersion>1.3.1</fixVersion>
                                    <component>FontBox</component>
                        <due></due>
                            <votes>0</votes>
                                    <watches>0</watches>
                                                                <comments>
                            <comment id="12903795" author="zuki_ebetsu" created="Sat, 28 Aug 2010 08:04:24 +0100"  >&lt;p&gt;The patch is for org/apache/fontbox/cmap/CMapParser.java in trunk. The sample pdf is made from iText sample code(&lt;br/&gt;
&lt;a href=&quot;http://www.1t3xt.info/examples/browse/?page=example&amp;amp;id=142&quot; class=&quot;external-link&quot; rel=&quot;nofollow&quot;&gt;http://www.1t3xt.info/examples/browse/?page=example&amp;amp;id=142&lt;/a&gt;)&lt;/p&gt;</comment>
                            <comment id="12905004" author="lehmi" created="Wed, 1 Sep 2010 13:02:49 +0100"  >&lt;p&gt;It is always a good idea to embed all used fonts to the pdf. Otherwise one can&apos;t be sure that all needed fonts are installed on your destination platform. E.g. here on my german WinXP the acrobat reader doesn&apos;t show anything. Please, recreate the pdf with embedded fonts if possible?&lt;/p&gt;</comment>
                            <comment id="12906235" author="zuki_ebetsu" created="Sat, 4 Sep 2010 09:42:49 +0100"  >&lt;p&gt;I created another pdf which contains the same paragraph with two font. One is not embedded but may show with the acrobat reader adding Asian Font Pack. The other is embedded.&lt;/p&gt;

&lt;p&gt;The result of extraction is that the paragraph without embedded font is malformed and the paragraph with embedded font is correct. With version 1.1.0 and the patched version 1.2.1 of fontbox, both paragraphs are correct.&lt;/p&gt;
</comment>
                            <comment id="12906338" author="lehmi" created="Sun, 5 Sep 2010 13:05:25 +0100"  >&lt;p&gt;Fixed in revision 992763.&lt;/p&gt;

&lt;p&gt;Keiji&apos;s patch won&apos;t work in every situation. It&apos;s correct that the calculation of the number of mapping was wrong. But the remaining part would always lead to an identity mapping for cidranges. But that approach was a good pointer where to look for a solution. I improved the CMapParser (see &lt;a href=&quot;https://issues.apache.org/jira/browse/PDFBOX-11&quot; title=&quot;CID to Unicode mapping&quot; class=&quot;issue-link&quot; data-issue-key=&quot;PDFBOX-11&quot;&gt;&lt;del&gt;PDFBOX-11&lt;/del&gt;&lt;/a&gt;) including the &quot;number of mapping&quot;-fix and PDFont.encode().&lt;/p&gt;

&lt;p&gt;Thanks for the report and the investigations&lt;/p&gt;
</comment>
                    </comments>
                    <attachments>
                            <attachment id="12453344" name="CMapParser.java.patch" size="1020" author="zuki_ebetsu" created="Sat, 28 Aug 2010 08:04:23 +0100"/>
                            <attachment id="12453864" name="cjk.pdf" size="24857" author="zuki_ebetsu" created="Sat, 4 Sep 2010 09:45:13 +0100"/>
                            <attachment id="12453343" name="cjk.pdf" size="3343" author="zuki_ebetsu" created="Sat, 28 Aug 2010 08:04:23 +0100"/>
                            <attachment id="12453865" name="extracted.txt" size="393" author="zuki_ebetsu" created="Sat, 4 Sep 2010 09:45:13 +0100"/>
                    </attachments>
                <subtasks>
                    </subtasks>
                <customfields>
                                                <customfield id="customfield_12310310" key="com.atlassian.jira.toolkit:attachments">
                        <customfieldname>Attachment count</customfieldname>
                        <customfieldvalues>
                            <customfieldvalue>4.0</customfieldvalue>
                        </customfieldvalues>
                    </customfield>
                                                                                            <customfield id="customfield_12310220" key="com.atlassian.jira.ext.charting:firstresponsedate">
                        <customfieldname>Date of First Response</customfieldname>
                        <customfieldvalues>
                            <customfieldvalue>Wed, 1 Sep 2010 12:02:49 +0000</customfieldvalue>

                        </customfieldvalues>
                    </customfield>
                                                                                                                                                    <customfield id="customfield_12310420" key="com.pyxis.greenhopper.jira:gh-global-rank">
                        <customfieldname>Global Rank</customfieldname>
                        <customfieldvalues>
                            <customfieldvalue>163504</customfieldvalue>
                        </customfieldvalues>
                    </customfield>
                                                                <customfield id="customfield_12310920" key="com.pyxis.greenhopper.jira:gh-global-rank">
                        <customfieldname>Rank</customfieldname>
                        <customfieldvalues>
                            <customfieldvalue>205413</customfieldvalue>
                        </customfieldvalues>
                    </customfield>
                                                                                                                        <customfield id="customfield_12310222" key="com.atlassian.jira.ext.charting:timeinstatus">
                        <customfieldname>Time in Status</customfieldname>
                        <customfieldvalues>
                            
                        </customfieldvalues>
                    </customfield>
                                    </customfields>
    </item>

<item>
            <title>[PDFBOX-806] Failure to extract dc:description when the value is the node text</title>
                <link>https://issues.apache.org/jira/browse/PDFBOX-806</link>
                <project id="12310760" key="PDFBOX">PDFBox</project>
                    <description>&lt;p&gt;I can not get the dc:description from the following xmpmeta:&lt;br/&gt;
&amp;lt;x:xmpmeta xmlns:x=&quot;adobe:ns:meta/&quot; x:xmptk=&quot;XMP Core 4.4.0&quot;&amp;gt;&lt;br/&gt;
   &amp;lt;rdf:RDF xmlns:rdf=&quot;http://www.w3.org/1999/02/22-rdf-syntax-ns#&quot;&amp;gt;&lt;br/&gt;
      &amp;lt;rdf:Description rdf:about=&quot;&quot;&lt;br/&gt;
            xmlns:exif=&quot;http://ns.adobe.com/exif/1.0/&quot;&amp;gt;&lt;br/&gt;
         &amp;lt;exif:UserComment&amp;gt;exif&amp;lt;/exif:UserComment&amp;gt;&lt;br/&gt;
      &amp;lt;/rdf:Description&amp;gt;&lt;br/&gt;
      &amp;lt;rdf:Description rdf:about=&quot;&quot;&lt;br/&gt;
            xmlns:dc=&quot;http://purl.org/dc/elements/1.1/&quot;&amp;gt;&lt;br/&gt;
         &amp;lt;dc:description&amp;gt;from XnViewMP 0.26&amp;lt;/dc:description&amp;gt;&lt;br/&gt;
      &amp;lt;/rdf:Description&amp;gt;&lt;br/&gt;
   &amp;lt;/rdf:RDF&amp;gt;&lt;br/&gt;
&amp;lt;/x:xmpmeta&amp;gt;&lt;/p&gt;

&lt;p&gt;But it works from this:&lt;br/&gt;
&amp;lt;x:xmpmeta xmlns:x=&quot;adobe:ns:meta/&quot; x:xmptk=&quot;XMP Core 4.4.0-Exiv2&quot;&amp;gt;&lt;br/&gt;
 &amp;lt;rdf:RDF xmlns:rdf=&quot;http://www.w3.org/1999/02/22-rdf-syntax-ns#&quot;&amp;gt;&lt;br/&gt;
  &amp;lt;rdf:Description rdf:about=&quot;&quot;&lt;br/&gt;
    xmlns:dc=&quot;http://purl.org/dc/elements/1.1/&quot;&amp;gt;&lt;br/&gt;
   &amp;lt;dc:description&amp;gt;&lt;br/&gt;
    &amp;lt;rdf:Alt&amp;gt;&lt;br/&gt;
     &amp;lt;rdf:li xml:lang=&quot;x-default&quot;&amp;gt;dc:description&amp;lt;/rdf:li&amp;gt;&lt;br/&gt;
    &amp;lt;/rdf:Alt&amp;gt;&lt;br/&gt;
   &amp;lt;/dc:description&amp;gt;&lt;br/&gt;
  &amp;lt;/rdf:Description&amp;gt;&lt;br/&gt;
 &amp;lt;/rdf:RDF&amp;gt;&lt;br/&gt;
&amp;lt;/x:xmpmeta&amp;gt;&lt;/p&gt;

&lt;p&gt;Both of them are valid according to &lt;a href=&quot;http://www.w3.org/RDF/Validator/&quot; class=&quot;external-link&quot; rel=&quot;nofollow&quot;&gt;http://www.w3.org/RDF/Validator/&lt;/a&gt;. My interpretation of &lt;a href=&quot;http://dublincore.org/documents/dcmes-xml/&quot; class=&quot;external-link&quot; rel=&quot;nofollow&quot;&gt;http://dublincore.org/documents/dcmes-xml/&lt;/a&gt; is that the first format should be ok for Dublin Core too.&lt;/p&gt;

&lt;p&gt;See attached unit test.&lt;/p&gt;</description>
                <environment></environment>
        <key id="12472848">PDFBOX-806</key>
            <summary>Failure to extract dc:description when the value is the node text</summary>
                <type id="1" iconUrl="https://issues.apache.org/jira/images/icons/issuetypes/bug.png">Bug</type>
                                            <priority id="3" iconUrl="https://issues.apache.org/jira/images/icons/priorities/major.png">Major</priority>
                        <status id="6" iconUrl="https://issues.apache.org/jira/images/icons/statuses/closed.png" description="The issue is considered finished, the resolution is correct. Issues which are closed can be reopened.">Closed</status>
                    <statusCategory id="3" key="done" colorName="green"/>
                                    <resolution id="1">Fixed</resolution>
                                        <assignee username="adamnichols">Adam Nichols</assignee>
                                    <reporter username="solsson">Staffan Olsson</reporter>
                        <labels>
                    </labels>
                <created>Mon, 30 Aug 2010 13:46:49 +0100</created>
                <updated>Mon, 20 Dec 2010 09:38:20 +0000</updated>
                            <resolved>Thu, 11 Nov 2010 20:36:21 +0000</resolved>
                                    <version>1.2.1</version>
                                    <fixVersion>1.4.0</fixVersion>
                                    <component>JempBox</component>
                        <due></due>
                            <votes>0</votes>
                                    <watches>0</watches>
                                                                <comments>
                            <comment id="12915752" author="solsson" created="Tue, 28 Sep 2010 15:07:09 +0100"  >&lt;p&gt;Fixed in github fork, &lt;a href=&quot;http://github.com/solsson/pdfbox/commit/8815bfae058dd4469222f9aeba3312636d887c0b&quot; class=&quot;external-link&quot; rel=&quot;nofollow&quot;&gt;http://github.com/solsson/pdfbox/commit/8815bfae058dd4469222f9aeba3312636d887c0b&lt;/a&gt;&lt;/p&gt;</comment>
                            <comment id="12915754" author="solsson" created="Tue, 28 Sep 2010 15:10:07 +0100"  >&lt;p&gt;Added Apache license header to the new test in &lt;a href=&quot;http://github.com/solsson/pdfbox/commit/a6df04c97e0f129f06884ebe55e959950db41d8d&quot; class=&quot;external-link&quot; rel=&quot;nofollow&quot;&gt;http://github.com/solsson/pdfbox/commit/a6df04c97e0f129f06884ebe55e959950db41d8d&lt;/a&gt;&lt;/p&gt;</comment>
                            <comment id="12930950" author="solsson" created="Thu, 11 Nov 2010 07:53:12 +0000"  >&lt;p&gt;Created a new fork with this fix applied to 1.3: &lt;a href=&quot;https://github.com/solsson/pdfbox/commit/bdc1fea768019121f414a9eb107cc5a421d55041&quot; class=&quot;external-link&quot; rel=&quot;nofollow&quot;&gt;https://github.com/solsson/pdfbox/commit/bdc1fea768019121f414a9eb107cc5a421d55041&lt;/a&gt;&lt;/p&gt;</comment>
                            <comment id="12931109" author="adamnichols" created="Thu, 11 Nov 2010 18:03:33 +0000"  >&lt;p&gt;Staffan, Would you be willing to attach the patch to this issue in JIRA and grant permission to include it in PDFBox?  I saw the patch at &lt;a href=&quot;https://github.com/solsson/pdfbox/commit/bdc1fea768019121f414a9eb107cc5a421d55041&quot; class=&quot;external-link&quot; rel=&quot;nofollow&quot;&gt;https://github.com/solsson/pdfbox/commit/bdc1fea768019121f414a9eb107cc5a421d55041&lt;/a&gt; but we need you to grant license to the ASF, even if it is only 4 lines of code.&lt;/p&gt;

&lt;p&gt;Also, you can always download the latest code from SVN and there are also pre-built snapshots which should save you the trouble of forking the entire project for every patch.  That way people won&apos;t have to choose between your fork (1.3 + patch 806) and the latest PDFBox code (1.3 and many other patches, but not patch 806).&lt;/p&gt;</comment>
                            <comment id="12931135" author="solsson" created="Thu, 11 Nov 2010 19:01:40 +0000"  >&lt;p&gt;Here&apos;s the patch in svn format&lt;/p&gt;</comment>
                            <comment id="12931189" author="adamnichols" created="Thu, 11 Nov 2010 20:36:05 +0000"  >&lt;p&gt;Thanks for the patch and JUnit test.  You made my job of testing and committing very easy. &lt;img class=&quot;emoticon&quot; src=&quot;https://issues.apache.org/jira/images/icons/emoticons/smile.gif&quot; height=&quot;16&quot; width=&quot;16&quot; align=&quot;absmiddle&quot; alt=&quot;&quot; border=&quot;0&quot;/&gt;  Committed in revision 1034104.&lt;/p&gt;</comment>
                    </comments>
                    <attachments>
                            <attachment id="12453415" name="JempboxTest.java" size="2099" author="solsson" created="Mon, 30 Aug 2010 13:48:07 +0100"/>
                            <attachment id="12459370" name="PDFBOX-806.patch" size="4931" author="solsson" created="Thu, 11 Nov 2010 19:01:40 +0000"/>
                    </attachments>
                <subtasks>
                    </subtasks>
                <customfields>
                                                <customfield id="customfield_12310310" key="com.atlassian.jira.toolkit:attachments">
                        <customfieldname>Attachment count</customfieldname>
                        <customfieldvalues>
                            <customfieldvalue>2.0</customfieldvalue>
                        </customfieldvalues>
                    </customfield>
                                                                                            <customfield id="customfield_12310220" key="com.atlassian.jira.ext.charting:firstresponsedate">
                        <customfieldname>Date of First Response</customfieldname>
                        <customfieldvalues>
                            <customfieldvalue>Thu, 11 Nov 2010 18:03:33 +0000</customfieldvalue>

                        </customfieldvalues>
                    </customfield>
                                                                                                                                                    <customfield id="customfield_12310420" key="com.pyxis.greenhopper.jira:gh-global-rank">
                        <customfieldname>Global Rank</customfieldname>
                        <customfieldvalues>
                            <customfieldvalue>163505</customfieldvalue>
                        </customfieldvalues>
                    </customfield>
                                                                <customfield id="customfield_12310920" key="com.pyxis.greenhopper.jira:gh-global-rank">
                        <customfieldname>Rank</customfieldname>
                        <customfieldvalues>
                            <customfieldvalue>204842</customfieldvalue>
                        </customfieldvalues>
                    </customfield>
                                                                                                                        <customfield id="customfield_12310222" key="com.atlassian.jira.ext.charting:timeinstatus">
                        <customfieldname>Time in Status</customfieldname>
                        <customfieldvalues>
                            
                        </customfieldvalues>
                    </customfield>
                                    </customfields>
    </item>

<item>
            <title>[PDFBOX-807] NullPointerException in StandardSecurityHandler.java:261</title>
                <link>https://issues.apache.org/jira/browse/PDFBOX-807</link>
                <project id="12310760" key="PDFBOX">PDFBox</project>
                    <description>&lt;p&gt;I like to add text to a PDF and used the example code AddMessageToEachPage.java to do this. I added decryption to support encrypted docs:&lt;/p&gt;

&lt;p&gt;                doc = PDDocument.load(sourceFile);&lt;br/&gt;
                if (doc.isEncrypted()) &lt;/p&gt;
{
                    doc.decrypt(ownerPwd);
                }


&lt;p&gt;When my document is encrypted, the decryption succeeds without error message, but for such encrypted docs, when callinf doc.save(), a NullPointerException occurs:&lt;/p&gt;

&lt;p&gt;-----------------------------------------&lt;br/&gt;
    java.lang.NullPointerException&lt;br/&gt;
    	at org.apache.pdfbox.pdmodel.encryption.StandardSecurityHandler.prepareDocumentForEncryption(StandardSecurityHandler.java:261)&lt;br/&gt;
    	at org.apache.pdfbox.pdfwriter.COSWriter.write(COSWriter.java:1013)&lt;br/&gt;
    	at org.apache.pdfbox.pdmodel.PDDocument.save(PDDocument.java:911)&lt;br/&gt;
    	at org.apache.pdfbox.pdmodel.PDDocument.save(PDDocument.java:892)&lt;br/&gt;
-----------------------------------------------------------------&lt;/p&gt;</description>
                <environment>JDK 1.6.0_21, Windows XP 32 Bit.</environment>
        <key id="12472917">PDFBOX-807</key>
            <summary>NullPointerException in StandardSecurityHandler.java:261</summary>
                <type id="1" iconUrl="https://issues.apache.org/jira/images/icons/issuetypes/bug.png">Bug</type>
                                            <priority id="1" iconUrl="https://issues.apache.org/jira/images/icons/priorities/blocker.png">Blocker</priority>
                        <status id="6" iconUrl="https://issues.apache.org/jira/images/icons/statuses/closed.png" description="The issue is considered finished, the resolution is correct. Issues which are closed can be reopened.">Closed</status>
                    <statusCategory id="3" key="done" colorName="green"/>
                                    <resolution id="1">Fixed</resolution>
                                        <assignee username="lehmi">Andreas Lehmk&#252;hler</assignee>
                                    <reporter username="mhilpert">MH</reporter>
                        <labels>
                    </labels>
                <created>Tue, 31 Aug 2010 10:09:49 +0100</created>
                <updated>Tue, 1 Jan 2013 16:02:03 +0000</updated>
                            <resolved>Sat, 19 May 2012 18:12:29 +0100</resolved>
                                    <version>1.2.1</version>
                                    <fixVersion>1.7.0</fixVersion>
                                    <component>PDModel</component>
                        <due></due>
                            <votes>0</votes>
                                    <watches>4</watches>
                                                                <comments>
                            <comment id="12905631" author="adamnichols" created="Thu, 2 Sep 2010 19:36:32 +0100"  >&lt;p&gt;If possible, you should use the latest code from SVN.  I&apos;m using the latest code and I noticed the lines don&apos;t match up to your stacktrace.  Also, if you can provide an example file so we can duplicate the issue and debug, that might help us get this resolved.&lt;/p&gt;

&lt;p&gt;If your goal is to save an unencrypted PDF, you&apos;ll want to call doc.setAllSecurityToBeRemoved(true); before saving.&lt;/p&gt;

&lt;p&gt;If your goal is to save the PDF in its encrypted form, then I believe what you have should work.  You call decrypt(String) which calls openProtection() and that should pull get the securityHandler.  In fact, it must be getting a securityHandler, as the following line would throw a NPE if it was null.&lt;/p&gt;

&lt;p&gt;I think I&apos;ll need an example document to be able to sort this on out.  As far as I can tell, the only times the securityHandler can be modified is in protect() and openProtection().  So I&apos;m not sure what&apos;s going on here.  I&apos;m sure a quick trip down debugger lane will shed some light on the problem though.&lt;/p&gt;</comment>
                            <comment id="12929058" author="avacondio" created="Sat, 6 Nov 2010 16:12:44 +0000"  >&lt;p&gt;This can actually be reproduced always using the boudled Decrypt utility (but you have to fix &lt;a href=&quot;https://issues.apache.org/jira/browse/PDFBOX-888&quot; title=&quot;Decrypt doesn&amp;#39;t allow more then 3 args&quot; class=&quot;issue-link&quot; data-issue-key=&quot;PDFBOX-888&quot;&gt;&lt;del&gt;PDFBOX-888&lt;/del&gt;&lt;/a&gt; before being able to run it) and trying to decrypt any encrypted document providing an owner password. Calling doc.setAllSecurityToBeRemoved(true) before saving fixed the issue.&lt;br/&gt;
What happen I think is that MH tried to create a simple decrypt class following the provided example (like me) with a NPE as result.&lt;/p&gt;

&lt;p&gt;Here is a stack trace taken running a test with pdfbox 1.4.0-SNAPSHOT revision 1032087. &lt;br/&gt;
java.lang.NullPointerException&lt;br/&gt;
	at org.apache.pdfbox.pdmodel.encryption.StandardSecurityHandler.prepareDocumentForEncryption(StandardSecurityHandler.java:261)&lt;br/&gt;
	at org.apache.pdfbox.pdfwriter.COSWriter.write(COSWriter.java:1018)&lt;br/&gt;
	at org.apache.pdfbox.pdmodel.PDDocument.save(PDDocument.java:911)&lt;br/&gt;
	at org.apache.pdfbox.pdmodel.PDDocument.save(PDDocument.java:892)&lt;br/&gt;
	at org.apache.pdfbox.Decrypt.decrypt(Decrypt.java:153)&lt;br/&gt;
	at org.apache.pdfbox.Decrypt.main(Decrypt.java:57)&lt;br/&gt;
	at org.apache.pdfbox.DecryptTest.testMain(DecryptTest.java:11)&lt;br/&gt;
	at sun.reflect.NativeMethodAccessorImpl.invoke0(Native Method)&lt;br/&gt;
	at sun.reflect.NativeMethodAccessorImpl.invoke(NativeMethodAccessorImpl.java:39)&lt;br/&gt;
	at sun.reflect.DelegatingMethodAccessorImpl.invoke(DelegatingMethodAccessorImpl.java:25)&lt;br/&gt;
	at java.lang.reflect.Method.invoke(Method.java:597)&lt;/p&gt;

</comment>
                            <comment id="13056790" author="adamnichols" created="Tue, 28 Jun 2011 22:15:33 +0100"  >&lt;p&gt;According to my earlier comments, I wasn&apos;t able to duplicate this issue.  Andrea says it can be duplicated using the code from the issue and confirms that Calling doc.setAllSecurityToBeRemoved(true) before saving fixed the issue.  You should be able to save without removing the encryption though, as long as you have the correct password, of course.&lt;/p&gt;

&lt;p&gt;If anyone is still having issues with this, please comment.  If nobody responds, I&apos;ll go ahead and close out this issue.&lt;/p&gt;</comment>
                            <comment id="13093669" author="torakiki" created="Tue, 30 Aug 2011 13:05:58 +0100"  >&lt;p&gt;Encrypted document with owner password &quot;test&quot;&lt;/p&gt;</comment>
                            <comment id="13093671" author="torakiki" created="Tue, 30 Aug 2011 13:08:04 +0100"  >&lt;p&gt;I attached an encrypted document with owner password &quot;test&quot;. Using PDFBox 1.6.0 I created a simple test:&lt;/p&gt;

&lt;p&gt;public void testDec() throws Exception {&lt;/p&gt;

&lt;p&gt;        String[] args = &lt;/p&gt;
{ &quot;-password&quot;, &quot;test&quot;,
                &quot;/tmp/enc_test_test_file.pdf&quot;,
                &quot;/tmp/out.pdf&quot; }
&lt;p&gt;;&lt;br/&gt;
        Decrypt.main(args);&lt;br/&gt;
    }&lt;/p&gt;

&lt;p&gt;And I got the following stacktrace:&lt;br/&gt;
java.lang.NullPointerException&lt;br/&gt;
	at org.apache.pdfbox.pdmodel.encryption.StandardSecurityHandler.prepareDocumentForEncryption(StandardSecurityHandler.java:283)&lt;br/&gt;
	at org.apache.pdfbox.pdfwriter.COSWriter.write(COSWriter.java:1306)&lt;br/&gt;
	at org.apache.pdfbox.pdmodel.PDDocument.save(PDDocument.java:1121)&lt;br/&gt;
	at org.apache.pdfbox.pdmodel.PDDocument.save(PDDocument.java:1102)&lt;br/&gt;
	at org.apache.pdfbox.Decrypt.decrypt(Decrypt.java:153)&lt;br/&gt;
	at org.apache.pdfbox.Decrypt.main(Decrypt.java:57)&lt;br/&gt;
	........&lt;/p&gt;</comment>
                            <comment id="13279589" author="lehmi" created="Sat, 19 May 2012 18:12:29 +0100"  >&lt;p&gt;As Adam already mentioned. I just added a call of PDDocument#setAllSecurityToBeRemoved(true) before saving the pdf to the Decrypt class in revision 1340517.&lt;/p&gt;

&lt;p&gt;This was easy to solve as Adam already did all the work.&lt;/p&gt;</comment>
                            <comment id="13541652" author="karlnicholas" created="Tue, 1 Jan 2013 16:02:03 +0000"  >&lt;p&gt;I don&apos;t really think this should be marked as fix and it should be reopened. I ran across this bug in versino 1.7.1. I worked around the issue by calling PDDocument#encrypt(&quot;&quot;, &quot;&quot;) before calling PDDocument#save(). I have to call this even though the PDDocument says it&apos;s not encryped. The document was once was encrypted and had to be decrypted after it was loaded. When you call PDDocument#save() it realizes that it once was, or should be, encrypted and improperly constructs StandardSecurityHandler without a StandardProtectionPolicy. StandardProtectionPolicy is where the passwords and Permissions are stored, so that&apos;s why it gets a NPE when trying to encrypt the document before &quot;saving&quot; it. &lt;/p&gt;

&lt;p&gt;I chased the problem a little bit. The issue is that the document was encrypted, so the I decrypt it after loading it, so as to work on it. In my case I was reading and writing fields. Then, when I call myPDFDoc.save, PDFBox realizes the document &quot;wants&quot; to be encrypted but the proper constructor in ...StandardSecurityHandler is not called. Calling PDDocument#encrypt(&quot;&quot;, &quot;&quot;) causes the proper StandardSecurityHandler constructror to be called and instantiated in the document.&lt;/p&gt;

&lt;p&gt;True, you can also work around the problem by calling PDDocument#setAllSecurityToBeRemoved(true), but this merely makes the document get saved as unencrypted. This may not be what a PDFBox user wants.&lt;/p&gt;

&lt;p&gt;Anyway, I think it points to a larger issue about how consistantly encryption is being handled in a API and implementation.&lt;/p&gt;</comment>
                    </comments>
                    <attachments>
                            <attachment id="12492230" name="enc_test_test_file.pdf" size="44855" author="torakiki" created="Tue, 30 Aug 2011 13:05:58 +0100"/>
                    </attachments>
                <subtasks>
                    </subtasks>
                <customfields>
                                                <customfield id="customfield_12310310" key="com.atlassian.jira.toolkit:attachments">
                        <customfieldname>Attachment count</customfieldname>
                        <customfieldvalues>
                            <customfieldvalue>1.0</customfieldvalue>
                        </customfieldvalues>
                    </customfield>
                                                                                            <customfield id="customfield_12310220" key="com.atlassian.jira.ext.charting:firstresponsedate">
                        <customfieldname>Date of First Response</customfieldname>
                        <customfieldvalues>
                            <customfieldvalue>Thu, 2 Sep 2010 18:36:32 +0000</customfieldvalue>

                        </customfieldvalues>
                    </customfield>
                                                                                                                                                    <customfield id="customfield_12310420" key="com.pyxis.greenhopper.jira:gh-global-rank">
                        <customfieldname>Global Rank</customfieldname>
                        <customfieldvalues>
                            <customfieldvalue>63150</customfieldvalue>
                        </customfieldvalues>
                    </customfield>
                                                                <customfield id="customfield_12310920" key="com.pyxis.greenhopper.jira:gh-global-rank">
                        <customfieldname>Rank</customfieldname>
                        <customfieldvalues>
                            <customfieldvalue>204592</customfieldvalue>
                        </customfieldvalues>
                    </customfield>
                                                                                                                        <customfield id="customfield_12310222" key="com.atlassian.jira.ext.charting:timeinstatus">
                        <customfieldname>Time in Status</customfieldname>
                        <customfieldvalues>
                            
                        </customfieldvalues>
                    </customfield>
                                    </customfields>
    </item>
</channel>
</rss>
