<!--
RSS generated by JIRA (6.2#6252-sha1:aa343257d4ce030d9cb8c531be520be9fac1c996) at Tue Jun 03 18:02:02 UTC 2014

It is possible to restrict the fields that are returned in this document by specifying the 'field' parameter in your request.
For example, to request only the issue key and summary add field=key&field=summary to the URL of your request.
For example:
https://issues.apache.org/jira/sr/jira.issueviews:searchrequest-xml/temp/SearchRequest.xml?jqlQuery=project+%3D+PDFBOX+AND+issuetype+%3D+Bug+AND+created+%3E%3D+2009-1-1+AND+created+%3C%3D+2009-2-1+ORDER+BY+key+ASC&tempMax=100&field=key&field=summary
-->
<!-- If you wish to do custom client-side styling of RSS, uncomment this:
<?xml-stylesheet href="https://issues.apache.org/jira/styles/jiraxml2html.xsl" type="text/xsl"?>
-->
<rss version="0.92">
    <channel>
        <title>ASF JIRA</title>
        <link>https://issues.apache.org/jira/secure/IssueNavigator.jspa?reset=true&amp;jqlQuery=project+%3D+PDFBOX+AND+issuetype+%3D+Bug+AND+created+%3E%3D+2009-1-1+AND+created+%3C%3D+2009-2-1+ORDER+BY+key+ASC</link>
        <description>An XML representation of a search request</description>
                <language>en-uk</language>
                        <issue start="0" end="13" total="13"/>
                <build-info>
            <version>6.2</version>
            <build-number>6252</build-number>
            <build-date>19-02-2014</build-date>
        </build-info>
<item>
            <title>[PDFBOX-397] merge dont work </title>
                <link>https://issues.apache.org/jira/browse/PDFBOX-397</link>
                <project id="12310760" key="PDFBOX">PDFBox</project>
                    <description>&lt;p&gt;I want to merge 2 docs, and It work only on 1 way&lt;br/&gt;
merge Doc2 + Doc1 : OK&lt;br/&gt;
merge Doc1 + Doc2 : Fail&lt;/p&gt;


&lt;p&gt;/* work ! */&lt;br/&gt;
String sFilename1 = &quot;D:&lt;br class=&quot;atl-forced-newline&quot; /&gt;main_doc_pdf.pdf&quot;;&lt;br/&gt;
String sFilename2 = &quot;D:&lt;br class=&quot;atl-forced-newline&quot; /&gt;compte-rendu.pdf&quot;;&lt;br/&gt;
mergeFiles(sFilename1, sFilename2);&lt;/p&gt;


&lt;p&gt;/* failed ! */&lt;br/&gt;
String sFilename1 = &quot;D:&lt;br class=&quot;atl-forced-newline&quot; /&gt;compte-rendu.pdf&quot;;&lt;br/&gt;
String sFilename2 = &quot;D:&lt;br class=&quot;atl-forced-newline&quot; /&gt;main_doc_pdf.pdf&quot;;&lt;br/&gt;
mergeFiles(sFilename1, sFilename2);&lt;/p&gt;


&lt;p&gt;with this method :&lt;br/&gt;
public static void mergeFiles(&lt;br/&gt;
String sFilename1,&lt;br/&gt;
String sFilename2)&lt;br/&gt;
throws COSVisitorException, IOException&lt;/p&gt;
{
PDFMergerUtility merger = new PDFMergerUtility();
merger.addSource(sFilename1);
merger.addSource(sFilename2);

merger.setDestinationFileName(sFilename1 + &quot;_cr.pdf&quot;);
merger.mergeDocuments();

}



&lt;p&gt;here the Exception :&lt;/p&gt;

&lt;p&gt;Exception in thread &quot;main&quot;&lt;br/&gt;
org.apache.pdfbox.exceptions.COSVisitorException: Descripteur non valide&lt;br/&gt;
at&lt;br/&gt;
org.apache.pdfbox.pdfwriter.COSWriter.visitFromStream(COSWriter.java:939)&lt;br/&gt;
at org.apache.pdfbox.cos.COSStream.accept(COSStream.java:201)&lt;br/&gt;
at org.apache.pdfbox.cos.COSObject.accept(COSObject.java:206)&lt;br/&gt;
at&lt;br/&gt;
org.apache.pdfbox.pdfwriter.COSWriter.doWriteObject(COSWriter.java:430)&lt;br/&gt;
at org.apache.pdfbox.pdfwriter.COSWriter.doWriteBody(COSWriter.java:361)&lt;br/&gt;
at&lt;br/&gt;
org.apache.pdfbox.pdfwriter.COSWriter.visitFromDocument(COSWriter.java:768)&lt;/p&gt;

&lt;p&gt;at org.apache.pdfbox.cos.COSDocument.accept(COSDocument.java:383)&lt;br/&gt;
at org.apache.pdfbox.pdfwriter.COSWriter.write(COSWriter.java:1070)&lt;br/&gt;
at org.apache.pdfbox.pdmodel.PDDocument.save(PDDocument.java:722)&lt;br/&gt;
at org.apache.pdfbox.pdmodel.PDDocument.save(PDDocument.java:703)&lt;br/&gt;
at&lt;br/&gt;
org.apache.pdfbox.util.PDFMergerUtility.mergeDocuments(PDFMergerUtility.jav&lt;br/&gt;
a:144)&lt;br/&gt;
at&lt;br/&gt;
mt.paraph.folder.report.ParaphFolderReport.mergeFiles(ParaphFolderReport.ja&lt;br/&gt;
va:72)&lt;br/&gt;
at&lt;br/&gt;
mt.paraph.folder.report.ParaphFolderReport.main(ParaphFolderReport.java:55)&lt;/p&gt;

&lt;p&gt;java.io.IOException: Descripteur non valide&lt;br/&gt;
at java.io.RandomAccessFile.seek(Native Method)&lt;br/&gt;
at org.apache.pdfbox.io.RandomAccessFile.seek(RandomAccessFile.java:59)&lt;br/&gt;
at&lt;br/&gt;
org.apache.pdfbox.io.RandomAccessFileInputStream.read(RandomAccessFileInput&lt;br/&gt;
Stream.java:96)&lt;br/&gt;
at java.io.BufferedInputStream.fill(BufferedInputStream.java:218)&lt;br/&gt;
at java.io.BufferedInputStream.read1(BufferedInputStream.java:258)&lt;br/&gt;
at java.io.BufferedInputStream.read(BufferedInputStream.java:317)&lt;br/&gt;
at&lt;br/&gt;
org.apache.pdfbox.pdfwriter.COSWriter.visitFromStream(COSWriter.java:926)&lt;br/&gt;
at org.apache.pdfbox.cos.COSStream.accept(COSStream.java:201)&lt;br/&gt;
at org.apache.pdfbox.cos.COSObject.accept(COSObject.java:206)&lt;br/&gt;
at&lt;br/&gt;
org.apache.pdfbox.pdfwriter.COSWriter.doWriteObject(COSWriter.java:430)&lt;br/&gt;
at org.apache.pdfbox.pdfwriter.COSWriter.doWriteBody(COSWriter.java:361)&lt;br/&gt;
at&lt;br/&gt;
org.apache.pdfbox.pdfwriter.COSWriter.visitFromDocument(COSWriter.java:768)&lt;/p&gt;

&lt;p&gt;at org.apache.pdfbox.cos.COSDocument.accept(COSDocument.java:383)&lt;br/&gt;
at org.apache.pdfbox.pdfwriter.COSWriter.write(COSWriter.java:1070)&lt;br/&gt;
at org.apache.pdfbox.pdmodel.PDDocument.save(PDDocument.java:722)&lt;br/&gt;
at org.apache.pdfbox.pdmodel.PDDocument.save(PDDocument.java:703)&lt;br/&gt;
at&lt;br/&gt;
org.apache.pdfbox.util.PDFMergerUtility.mergeDocuments(PDFMergerUtility.jav&lt;br/&gt;
a:144)&lt;br/&gt;
at&lt;br/&gt;
mt.paraph.folder.report.ParaphFolderReport.mergeFiles(ParaphFolderReport.ja&lt;br/&gt;
va:72)&lt;br/&gt;
at&lt;br/&gt;
mt.paraph.folder.report.ParaphFolderReport.main(ParaphFolderReport.java:55)&lt;/p&gt;</description>
                <environment>Vista / Asus x51 / 3GB RAM / DUAL CORE</environment>
        <key id="12411574">PDFBOX-397</key>
            <summary>merge dont work </summary>
                <type id="1" iconUrl="https://issues.apache.org/jira/images/icons/issuetypes/bug.png">Bug</type>
                                            <priority id="3" iconUrl="https://issues.apache.org/jira/images/icons/priorities/major.png">Major</priority>
                        <status id="6" iconUrl="https://issues.apache.org/jira/images/icons/statuses/closed.png" description="The issue is considered finished, the resolution is correct. Issues which are closed can be reopened.">Closed</status>
                    <statusCategory id="3" key="done" colorName="green"/>
                                    <resolution id="1">Fixed</resolution>
                                        <assignee username="-1">Unassigned</assignee>
                                    <reporter username="david keller">David KELLER</reporter>
                        <labels>
                    </labels>
                <created>Fri, 2 Jan 2009 12:16:05 +0000</created>
                <updated>Thu, 1 Jul 2010 08:26:36 +0100</updated>
                            <resolved>Sun, 28 Mar 2010 17:00:19 +0100</resolved>
                                    <version>0.8.0-incubator</version>
                                    <fixVersion>1.2.0</fixVersion>
                                    <component>Writing</component>
                        <due></due>
                            <votes>0</votes>
                                    <watches>1</watches>
                                    <timeoriginalestimate seconds="172800">48h</timeoriginalestimate>
                            <timeestimate seconds="172800">48h</timeestimate>
                                        <comments>
                            <comment id="12660306" author="david keller" created="Fri, 2 Jan 2009 12:18:05 +0000"  >&lt;p&gt;doc 1&lt;/p&gt;</comment>
                            <comment id="12660307" author="david keller" created="Fri, 2 Jan 2009 12:18:22 +0000"  >&lt;p&gt;doc 2&lt;/p&gt;</comment>
                            <comment id="12850687" author="lehmi" created="Sun, 28 Mar 2010 17:00:19 +0100"  >&lt;p&gt;This issue is resolved with &lt;a href=&quot;https://issues.apache.org/jira/browse/PDFBOX-515&quot; title=&quot;The handle is invalid when merging 2 pdfs from different pdf generators&quot; class=&quot;issue-link&quot; data-issue-key=&quot;PDFBOX-515&quot;&gt;&lt;del&gt;PDFBOX-515&lt;/del&gt;&lt;/a&gt;.&lt;/p&gt;</comment>
                    </comments>
                <issuelinks>
                            <issuelinktype id="10030">
                    <name>Reference</name>
                                                                <inwardlinks description="is related to">
                                        <issuelink>
            <issuekey id="12435079">PDFBOX-515</issuekey>
        </issuelink>
                            </inwardlinks>
                                    </issuelinktype>
                    </issuelinks>
                <attachments>
                            <attachment id="12397018" name="compte-rendu.pdf" size="5016" author="david keller" created="Fri, 2 Jan 2009 12:18:05 +0000"/>
                            <attachment id="12397019" name="main_doc_pdf.pdf" size="13144" author="david keller" created="Fri, 2 Jan 2009 12:18:22 +0000"/>
                    </attachments>
                <subtasks>
                    </subtasks>
                <customfields>
                                                <customfield id="customfield_12310310" key="com.atlassian.jira.toolkit:attachments">
                        <customfieldname>Attachment count</customfieldname>
                        <customfieldvalues>
                            <customfieldvalue>2.0</customfieldvalue>
                        </customfieldvalues>
                    </customfield>
                                                                                            <customfield id="customfield_12310220" key="com.atlassian.jira.ext.charting:firstresponsedate">
                        <customfieldname>Date of First Response</customfieldname>
                        <customfieldvalues>
                            <customfieldvalue>Sun, 28 Mar 2010 16:00:19 +0000</customfieldvalue>

                        </customfieldvalues>
                    </customfield>
                                                                                                                                                    <customfield id="customfield_12310420" key="com.pyxis.greenhopper.jira:gh-global-rank">
                        <customfieldname>Global Rank</customfieldname>
                        <customfieldvalues>
                            <customfieldvalue>163213</customfieldvalue>
                        </customfieldvalues>
                    </customfield>
                                                                <customfield id="customfield_12310920" key="com.pyxis.greenhopper.jira:gh-global-rank">
                        <customfieldname>Rank</customfieldname>
                        <customfieldvalues>
                            <customfieldvalue>205030</customfieldvalue>
                        </customfieldvalues>
                    </customfield>
                                                                                                                        <customfield id="customfield_12310222" key="com.atlassian.jira.ext.charting:timeinstatus">
                        <customfieldname>Time in Status</customfieldname>
                        <customfieldvalues>
                            
                        </customfieldvalues>
                    </customfield>
                                    </customfields>
    </item>

<item>
            <title>[PDFBOX-398] Russian extraction encoding failure</title>
                <link>https://issues.apache.org/jira/browse/PDFBOX-398</link>
                <project id="12310760" key="PDFBOX">PDFBox</project>
                    <description>&lt;p&gt;I am doing some text extraction of Russian documents and some of them aren&apos;t extracting correctly. I am using PDFTextStripper.&lt;br/&gt;
When I extract on windows using UTF-8  encoding, the output is garbage. &lt;br/&gt;
When I extract on linux using any encoding, the output is garbage. &lt;br/&gt;
The only way I can get viable output is when I extract the PDF on windows, but don&apos;t specify an encoding. If I do this the output is correct when viewed with Ultra Edit, but not in notepad. I can view the output in notepad only after I convert the file to utf-8 with iconv.&lt;br/&gt;
It appears to me that the encoding isn&apos;t being read correctly from the PDF, and when it&apos;s&lt;br/&gt;
outputted as UTF-8, it is being double encoded or something. I can detect this double encoding, and then&lt;br/&gt;
run the file with no encoding specified, then convert it to UTF-8 using iconv, and it is OK.&lt;br/&gt;
But, this method does not work on linux, as I cannot get the file to extract correctly using any encoding&lt;br/&gt;
on linux. &lt;/p&gt;</description>
                <environment>Windows XP 32-bit, CentOS 5.2 32-bit</environment>
        <key id="12411710">PDFBOX-398</key>
            <summary>Russian extraction encoding failure</summary>
                <type id="1" iconUrl="https://issues.apache.org/jira/images/icons/issuetypes/bug.png">Bug</type>
                                            <priority id="3" iconUrl="https://issues.apache.org/jira/images/icons/priorities/major.png">Major</priority>
                        <status id="6" iconUrl="https://issues.apache.org/jira/images/icons/statuses/closed.png" description="The issue is considered finished, the resolution is correct. Issues which are closed can be reopened.">Closed</status>
                    <statusCategory id="3" key="done" colorName="green"/>
                                    <resolution id="2">Won&apos;t Fix</resolution>
                                        <assignee username="-1">Unassigned</assignee>
                                    <reporter username="romanoad">Adrian Romano</reporter>
                        <labels>
                    </labels>
                <created>Mon, 5 Jan 2009 19:55:27 +0000</created>
                <updated>Wed, 21 Oct 2009 11:01:58 +0100</updated>
                            <resolved>Tue, 7 Apr 2009 16:12:06 +0100</resolved>
                                    <version>0.7.3</version>
                    <version>0.8.0-incubator</version>
                                                    <component>Text extraction</component>
                        <due></due>
                            <votes>0</votes>
                                    <watches>0</watches>
                                                                <comments>
                            <comment id="12660880" author="romanoad" created="Mon, 5 Jan 2009 19:57:03 +0000"  >&lt;p&gt;I have attached an example file that demonstrates the described behavior when extracted.&lt;/p&gt;</comment>
                            <comment id="12660888" author="romanoad" created="Mon, 5 Jan 2009 20:06:00 +0000"  >&lt;p&gt;Added screenshot of garbage output viewed in ultra edit. This file was extracted with UTF-8 encoding.&lt;/p&gt;</comment>
                            <comment id="12660890" author="romanoad" created="Mon, 5 Jan 2009 20:07:08 +0000"  >&lt;p&gt;Added screenshot of working output viewed in ultra edit. This file was extracted with no encoding specified. &lt;/p&gt;</comment>
                            <comment id="12695585" author="justinl" created="Fri, 3 Apr 2009 22:14:26 +0100"  >&lt;p&gt;Going through trying to debug this issue, it seems that the toUnicode:Stream for all of the embedded fonts is wrong. When run through PDFDebbugger, the following information is displayed for one of the font files. &lt;/p&gt;

&lt;p&gt;/CIDInit /ProcSet findresource begin 12 dict begin begincmap /CIDSystemInfo &amp;lt;&amp;lt;&lt;br/&gt;
/Registry (F3+0) /Ordering (T1UV) /Supplement 0 &amp;gt;&amp;gt; def&lt;br/&gt;
/CMapName /F3+0 def&lt;br/&gt;
/CMapType 2 def&lt;br/&gt;
1 begincodespacerange &amp;lt;c8&amp;gt; &amp;lt;df&amp;gt; endcodespacerange&lt;br/&gt;
4 beginbfchar&lt;br/&gt;
&amp;lt;c8&amp;gt; &amp;lt;00C8&amp;gt;&lt;br/&gt;
&amp;lt;cc&amp;gt; &amp;lt;00CC&amp;gt;&lt;br/&gt;
&amp;lt;dc&amp;gt; &amp;lt;00DC&amp;gt;&lt;br/&gt;
&amp;lt;df&amp;gt; &amp;lt;00DF&amp;gt;&lt;br/&gt;
endbfchar&lt;br/&gt;
1 beginbfrange&lt;br/&gt;
&amp;lt;ce&amp;gt; &amp;lt;d0&amp;gt; &amp;lt;00CE&amp;gt;&lt;br/&gt;
endbfrange&lt;br/&gt;
endcmap CMapName currentdict /CMap defineresource pop end end&lt;/p&gt;

&lt;p&gt;As you can see, the encoded characters are mapped to the same unicode hex value as the original encoded characters which is just wrong. &lt;/p&gt;</comment>
                            <comment id="12696573" author="carrier" created="Tue, 7 Apr 2009 16:12:06 +0100"  >&lt;p&gt;To clarify the previous comment a bit, the problem is with the PDF file itself. The file has an incorrect TO_UNICODE map, which is mapping to the Windows Cyrillic code page encoding instead of  Unicode.  When you do not choose the output encoding, it outputs the raw data, which can then be interpreted as the Windows code page.  When  you specify Unicode, it tries to convert the values to Unicode storage values (UTF-16, UTF-8, etc.), which then show corrupt looking text.&lt;/p&gt;
</comment>
                    </comments>
                    <attachments>
                            <attachment id="12397138" name="7.pdf" size="246991" author="romanoad" created="Mon, 5 Jan 2009 19:57:02 +0000"/>
                            <attachment id="12397141" name="garbage output.jpg" size="120518" author="romanoad" created="Mon, 5 Jan 2009 20:06:00 +0000"/>
                            <attachment id="12397142" name="working output.jpg" size="114577" author="romanoad" created="Mon, 5 Jan 2009 20:07:07 +0000"/>
                    </attachments>
                <subtasks>
                    </subtasks>
                <customfields>
                                                <customfield id="customfield_12310310" key="com.atlassian.jira.toolkit:attachments">
                        <customfieldname>Attachment count</customfieldname>
                        <customfieldvalues>
                            <customfieldvalue>3.0</customfieldvalue>
                        </customfieldvalues>
                    </customfield>
                                                                                            <customfield id="customfield_12310220" key="com.atlassian.jira.ext.charting:firstresponsedate">
                        <customfieldname>Date of First Response</customfieldname>
                        <customfieldvalues>
                            <customfieldvalue>Fri, 3 Apr 2009 21:14:26 +0000</customfieldvalue>

                        </customfieldvalues>
                    </customfield>
                                                                                                                                                    <customfield id="customfield_12310420" key="com.pyxis.greenhopper.jira:gh-global-rank">
                        <customfieldname>Global Rank</customfieldname>
                        <customfieldvalues>
                            <customfieldvalue>163214</customfieldvalue>
                        </customfieldvalues>
                    </customfield>
                                                                <customfield id="customfield_12310920" key="com.pyxis.greenhopper.jira:gh-global-rank">
                        <customfieldname>Rank</customfieldname>
                        <customfieldvalues>
                            <customfieldvalue>205858</customfieldvalue>
                        </customfieldvalues>
                    </customfield>
                                                                                                                        <customfield id="customfield_12310222" key="com.atlassian.jira.ext.charting:timeinstatus">
                        <customfieldname>Time in Status</customfieldname>
                        <customfieldvalues>
                            
                        </customfieldvalues>
                    </customfield>
                                    </customfields>
    </item>

<item>
            <title>[PDFBOX-399] Gibberish Output</title>
                <link>https://issues.apache.org/jira/browse/PDFBOX-399</link>
                <project id="12310760" key="PDFBOX">PDFBox</project>
                    <description>&lt;p&gt;While extracting text from a pdf file using PDFBox, I get garbage output (*&#192;&#190;&#180;&#187;*) for a special text value &quot;2007&quot;; this text (&quot;2007&quot;) is written in CLRDingbats font. &lt;br/&gt;
Any pointer(s)?&lt;/p&gt;</description>
                <environment></environment>
        <key id="12411744">PDFBOX-399</key>
            <summary>Gibberish Output</summary>
                <type id="1" iconUrl="https://issues.apache.org/jira/images/icons/issuetypes/bug.png">Bug</type>
                                            <priority id="3" iconUrl="https://issues.apache.org/jira/images/icons/priorities/major.png">Major</priority>
                        <status id="6" iconUrl="https://issues.apache.org/jira/images/icons/statuses/closed.png" description="The issue is considered finished, the resolution is correct. Issues which are closed can be reopened.">Closed</status>
                    <statusCategory id="3" key="done" colorName="green"/>
                                    <resolution id="1">Fixed</resolution>
                                        <assignee username="lehmi">Andreas Lehmk&#252;hler</assignee>
                                    <reporter username="sushilduseja">Sushil Duseja</reporter>
                        <labels>
                    </labels>
                <created>Tue, 6 Jan 2009 05:45:46 +0000</created>
                <updated>Sat, 19 Apr 2014 11:47:58 +0100</updated>
                            <resolved>Sat, 19 Apr 2014 11:47:58 +0100</resolved>
                                                    <fixVersion>1.7.0</fixVersion>
                                    <component>Text extraction</component>
                        <due></due>
                            <votes>0</votes>
                                    <watches>3</watches>
                                                                <comments>
                            <comment id="12661049" author="sushilduseja" created="Tue, 6 Jan 2009 05:48:08 +0000"  >&lt;p&gt;Please see page 2 for the special text (2007).&lt;/p&gt;</comment>
                            <comment id="12888202" author="niraj" created="Wed, 14 Jul 2010 06:24:21 +0100"  >&lt;p&gt;Another PDF where this seems to happen for all text. English text is rendered as gibberish.&lt;/p&gt;</comment>
                            <comment id="13875772" author="cheng@indeed.com" created="Sat, 18 Jan 2014 23:33:52 +0000"  >&lt;p&gt;Submitting a patch for ignoring badly-formatted CMap ToUnicode instructions.&lt;br/&gt;
This allows parsing of some ToUnicode resource streams that would otherwise throw exceptions which were silently consumed. This allows text extraction to get the correctly mapped characters.&lt;/p&gt;

&lt;p&gt;Specifically parse token&amp;lt;hex&amp;gt; adjacency without whitespace separating them, eat all whitespace within a hex value, and return a partially constructed   CMap instead of throwing an exception.&lt;/p&gt;

&lt;p&gt;I don&apos;t see a problem with the previous test case example (BlackHat...) but I&apos;ve modified the test case based on an example from the wild: &lt;span class=&quot;error&quot;&gt;&amp;#91;http://www.itsix.com/media/experienced_java_developer.pdf|^experienced_java_developer.pdf&amp;#93;&lt;/span&gt;&lt;/p&gt;

&lt;p&gt;edit: forgot to mention that this patch was designed on 1.8.3, but also worked on trunk.&lt;/p&gt;</comment>
                            <comment id="13974814" author="lehmi" created="Sat, 19 Apr 2014 11:43:51 +0100"  >&lt;p&gt;&lt;a href=&quot;https://issues.apache.org/jira/secure/ViewProfile.jspa?name=cheng%40indeed.com&quot; class=&quot;user-hover&quot; rel=&quot;cheng@indeed.com&quot;&gt;Cheng Leong&lt;/a&gt; the described issue isn&apos;t related to the origin one, so that I&apos;ve created a new issue &lt;a href=&quot;https://issues.apache.org/jira/browse/PDFBOX-2035&quot; title=&quot;Ignore badly formatted toUnicode CMaps&quot; class=&quot;issue-link&quot; data-issue-key=&quot;PDFBOX-2035&quot;&gt;&lt;del&gt;PDFBOX-2035&lt;/del&gt;&lt;/a&gt;&lt;/p&gt;</comment>
                            <comment id="13974817" author="lehmi" created="Sat, 19 Apr 2014 11:47:58 +0100"  >&lt;p&gt;I didn&apos;t check every former PDFBox version but the text extraction works as expected at least since 1.7.0.&lt;/p&gt;

&lt;p&gt;Set to closed&lt;/p&gt;</comment>
                    </comments>
                    <attachments>
                            <attachment id="12449418" name="BlackHat-DC-09-Marlinspike-Defeating-SSL.pdf" size="2454363" author="niraj" created="Wed, 14 Jul 2010 06:24:20 +0100"/>
                    </attachments>
                <subtasks>
                    </subtasks>
                <customfields>
                                                <customfield id="customfield_12310310" key="com.atlassian.jira.toolkit:attachments">
                        <customfieldname>Attachment count</customfieldname>
                        <customfieldvalues>
                            <customfieldvalue>1.0</customfieldvalue>
                        </customfieldvalues>
                    </customfield>
                                                                                            <customfield id="customfield_12310220" key="com.atlassian.jira.ext.charting:firstresponsedate">
                        <customfieldname>Date of First Response</customfieldname>
                        <customfieldvalues>
                            <customfieldvalue>Wed, 14 Jul 2010 05:24:21 +0000</customfieldvalue>

                        </customfieldvalues>
                    </customfield>
                                                                                                                                                    <customfield id="customfield_12310420" key="com.pyxis.greenhopper.jira:gh-global-rank">
                        <customfieldname>Global Rank</customfieldname>
                        <customfieldvalues>
                            <customfieldvalue>84908</customfieldvalue>
                        </customfieldvalues>
                    </customfield>
                                                                <customfield id="customfield_12310920" key="com.pyxis.greenhopper.jira:gh-global-rank">
                        <customfieldname>Rank</customfieldname>
                        <customfieldvalues>
                            <customfieldvalue>289313</customfieldvalue>
                        </customfieldvalues>
                    </customfield>
                                                                                                                        <customfield id="customfield_12310222" key="com.atlassian.jira.ext.charting:timeinstatus">
                        <customfieldname>Time in Status</customfieldname>
                        <customfieldvalues>
                            
                        </customfieldvalues>
                    </customfield>
                                    </customfields>
    </item>

<item>
            <title>[PDFBOX-400] TextExtractor do not extract complete text</title>
                <link>https://issues.apache.org/jira/browse/PDFBOX-400</link>
                <project id="12310760" key="PDFBOX">PDFBox</project>
                    <description>&lt;p&gt;Hi , &lt;br/&gt;
Need your help and advice.. &lt;/p&gt;

&lt;p&gt;when we extract text from pdf acrylic text is not extracted.. &lt;br/&gt;
Example: &lt;/p&gt;

&lt;p&gt;TEXT In PDF &lt;br/&gt;
&quot;Th&quot; of &quot;The&quot; is acrylic &lt;/p&gt;

&lt;p&gt;The remaining text  &lt;/p&gt;

&lt;p&gt;Extracted Text: &lt;br/&gt;
e remaining text  &lt;/p&gt;

&lt;p&gt;Th is missing &lt;/p&gt;

&lt;p&gt;Note: Acrobat extract the complete text. &lt;/p&gt;

&lt;p&gt;Plz provide your suggestion to resolve this issue. &lt;/p&gt;

&lt;p&gt;Thnx &lt;br/&gt;
Prashant &lt;/p&gt;</description>
                <environment>Win Xp Professional SP2</environment>
        <key id="12412105">PDFBOX-400</key>
            <summary>TextExtractor do not extract complete text</summary>
                <type id="1" iconUrl="https://issues.apache.org/jira/images/icons/issuetypes/bug.png">Bug</type>
                                            <priority id="2" iconUrl="https://issues.apache.org/jira/images/icons/priorities/critical.png">Critical</priority>
                        <status id="6" iconUrl="https://issues.apache.org/jira/images/icons/statuses/closed.png" description="The issue is considered finished, the resolution is correct. Issues which are closed can be reopened.">Closed</status>
                    <statusCategory id="3" key="done" colorName="green"/>
                                    <resolution id="5">Cannot Reproduce</resolution>
                                        <assignee username="lehmi">Andreas Lehmk&#252;hler</assignee>
                                    <reporter username="d32">prashant dhaka</reporter>
                        <labels>
                    </labels>
                <created>Sat, 10 Jan 2009 07:20:47 +0000</created>
                <updated>Mon, 7 Feb 2011 07:21:57 +0000</updated>
                            <resolved>Mon, 7 Feb 2011 07:21:57 +0000</resolved>
                                    <version>0.7.3</version>
                                                    <component>Text extraction</component>
                        <due></due>
                            <votes>0</votes>
                                    <watches>0</watches>
                                                                <comments>
                            <comment id="12662646" author="lehmi" created="Sat, 10 Jan 2009 09:58:45 +0000"  >&lt;p&gt;Did you ever try the upcoming version 0.8? &lt;br/&gt;
Do you get an error message or is just the mentioned part of the text missing?&lt;br/&gt;
Please attach a sample document to this issue if possible.&lt;/p&gt;</comment>
                            <comment id="12991291" author="lehmi" created="Mon, 7 Feb 2011 07:21:57 +0000"  >&lt;p&gt;We never got an answer or sample pdf. Issue closed&lt;/p&gt;</comment>
                    </comments>
                    <attachments>
                    </attachments>
                <subtasks>
                    </subtasks>
                <customfields>
                                                <customfield id="customfield_12310310" key="com.atlassian.jira.toolkit:attachments">
                        <customfieldname>Attachment count</customfieldname>
                        <customfieldvalues>
                            <customfieldvalue>0.0</customfieldvalue>
                        </customfieldvalues>
                    </customfield>
                                                                                            <customfield id="customfield_12310220" key="com.atlassian.jira.ext.charting:firstresponsedate">
                        <customfieldname>Date of First Response</customfieldname>
                        <customfieldvalues>
                            <customfieldvalue>Sat, 10 Jan 2009 09:58:45 +0000</customfieldvalue>

                        </customfieldvalues>
                    </customfield>
                                                                                                                                                    <customfield id="customfield_12310420" key="com.pyxis.greenhopper.jira:gh-global-rank">
                        <customfieldname>Global Rank</customfieldname>
                        <customfieldvalues>
                            <customfieldvalue>163215</customfieldvalue>
                        </customfieldvalues>
                    </customfield>
                                                                <customfield id="customfield_12310920" key="com.pyxis.greenhopper.jira:gh-global-rank">
                        <customfieldname>Rank</customfieldname>
                        <customfieldvalues>
                            <customfieldvalue>205979</customfieldvalue>
                        </customfieldvalues>
                    </customfield>
                                                                                                                        <customfield id="customfield_12310222" key="com.atlassian.jira.ext.charting:timeinstatus">
                        <customfieldname>Time in Status</customfieldname>
                        <customfieldvalues>
                            
                        </customfieldvalues>
                    </customfield>
                                    </customfields>
    </item>

<item>
            <title>[PDFBOX-401] setStrokingColorSpace and setNonStrokingColorSpace in PDPageContentStream doesn&apos;t work correct</title>
                <link>https://issues.apache.org/jira/browse/PDFBOX-401</link>
                <project id="12310760" key="PDFBOX">PDFBox</project>
                    <description>&lt;p&gt;As Peter Lenahan reported on pdfbox-users the local variables currentStrokingColorSpace and currentNonStrokingColorSpace aren&apos;t used after initialization&lt;/p&gt;</description>
                <environment></environment>
        <key id="12412865">PDFBOX-401</key>
            <summary>setStrokingColorSpace and setNonStrokingColorSpace in PDPageContentStream doesn&apos;t work correct</summary>
                <type id="1" iconUrl="https://issues.apache.org/jira/images/icons/issuetypes/bug.png">Bug</type>
                                            <priority id="3" iconUrl="https://issues.apache.org/jira/images/icons/priorities/major.png">Major</priority>
                        <status id="6" iconUrl="https://issues.apache.org/jira/images/icons/statuses/closed.png" description="The issue is considered finished, the resolution is correct. Issues which are closed can be reopened.">Closed</status>
                    <statusCategory id="3" key="done" colorName="green"/>
                                    <resolution id="1">Fixed</resolution>
                                        <assignee username="lehmi">Andreas Lehmk&#252;hler</assignee>
                                    <reporter username="lehmi">Andreas Lehmk&#252;hler</reporter>
                        <labels>
                    </labels>
                <created>Tue, 20 Jan 2009 21:36:36 +0000</created>
                <updated>Wed, 21 Oct 2009 10:52:09 +0100</updated>
                            <resolved>Wed, 21 Jan 2009 06:41:34 +0000</resolved>
                                    <version>0.8.0-incubator</version>
                                    <fixVersion>0.8.0-incubator</fixVersion>
                                    <component>PDModel</component>
                        <due></due>
                            <votes>0</votes>
                                    <watches>0</watches>
                                                                <comments>
                            <comment id="12665725" author="lehmi" created="Wed, 21 Jan 2009 06:41:34 +0000"  >&lt;p&gt;In version 736241 the local variables currentStrokingColorSpace and currentNonStrokingColoSpace will be set every time when the methods setStrokingColorSpace and setNonStrokingColorSpace are called.&lt;/p&gt;</comment>
                    </comments>
                    <attachments>
                    </attachments>
                <subtasks>
                    </subtasks>
                <customfields>
                                                <customfield id="customfield_12310310" key="com.atlassian.jira.toolkit:attachments">
                        <customfieldname>Attachment count</customfieldname>
                        <customfieldvalues>
                            <customfieldvalue>0.0</customfieldvalue>
                        </customfieldvalues>
                    </customfield>
                                                                                                                                                                                                            <customfield id="customfield_12310420" key="com.pyxis.greenhopper.jira:gh-global-rank">
                        <customfieldname>Global Rank</customfieldname>
                        <customfieldvalues>
                            <customfieldvalue>163216</customfieldvalue>
                        </customfieldvalues>
                    </customfield>
                                                                <customfield id="customfield_12310920" key="com.pyxis.greenhopper.jira:gh-global-rank">
                        <customfieldname>Rank</customfieldname>
                        <customfieldvalues>
                            <customfieldvalue>205564</customfieldvalue>
                        </customfieldvalues>
                    </customfield>
                                                                                                                        <customfield id="customfield_12310222" key="com.atlassian.jira.ext.charting:timeinstatus">
                        <customfieldname>Time in Status</customfieldname>
                        <customfieldvalues>
                            
                        </customfieldvalues>
                    </customfield>
                                    </customfields>
    </item>

<item>
            <title>[PDFBOX-402] Bug when using PDF Box in a threaded environment.</title>
                <link>https://issues.apache.org/jira/browse/PDFBOX-402</link>
                <project id="12310760" key="PDFBOX">PDFBox</project>
                    <description>&lt;p&gt;I will be using PDFBox in a thread environment&lt;/p&gt;

&lt;p&gt;I ran the Findbugs tool (&lt;a href=&quot;http://findbugs.sourceforge.net/&quot; class=&quot;external-link&quot; rel=&quot;nofollow&quot;&gt;http://findbugs.sourceforge.net/&lt;/a&gt;) &lt;/p&gt;

&lt;p&gt;against the package and an issue occurred in : org.apache.pdfbox.util.DateConverter;&lt;/p&gt;

&lt;p&gt;It shows this problem in two places.&lt;/p&gt;

&lt;p&gt;&lt;span class=&quot;error&quot;&gt;&amp;#91;H M STCAL&amp;#93;&lt;/span&gt; Call to static DateFormat&lt;br/&gt;
&lt;span class=&quot;error&quot;&gt;&amp;#91;STCAL_INVOKE_ON_STATIC_DATE_FORMAT_INSTANCE&amp;#93;&lt;/span&gt;&lt;/p&gt;

&lt;p&gt;As the JavaDoc states, DateFormats are inherently unsafe for multithreaded use. The detector has found a call to an instance of DateFormat that has been obtained via a static field. This looks suspicious.&lt;/p&gt;

&lt;p&gt;For more information on this see Sun Bug #6231579 &amp;lt;&lt;a href=&quot;http://bugs.sun.com/bugdatabase/view_bug.do?bug_id=6231579&quot; class=&quot;external-link&quot; rel=&quot;nofollow&quot;&gt;http://bugs.sun.com/bugdatabase/view_bug.do?bug_id=6231579&lt;/a&gt;&amp;gt;  and Sun Bug #6178997 &amp;lt;&lt;a href=&quot;http://bugs.sun.com/bugdatabase/view_bug.do?bug_id=6178997&quot; class=&quot;external-link&quot; rel=&quot;nofollow&quot;&gt;http://bugs.sun.com/bugdatabase/view_bug.do?bug_id=6178997&lt;/a&gt;&amp;gt; . &lt;/p&gt;

&lt;p&gt;There was only one call to the toString*(date) method&lt;br/&gt;
I changed the following lines to resolve the issue.&lt;/p&gt;

&lt;p&gt;public DateConverter() {}  // allows the class to be created.&lt;br/&gt;
     // next I removed the static from the method.&lt;br/&gt;
    public  String toString( Calendar date )&lt;br/&gt;
    {&lt;br/&gt;
        String retval = null;&lt;br/&gt;
        if( date != null )&lt;br/&gt;
        {&lt;br/&gt;
            StringBuffer buffer = new StringBuffer();&lt;br/&gt;
            TimeZone zone = date.getTimeZone();&lt;br/&gt;
            long offsetInMinutes = zone.getOffset(&lt;br/&gt;
date.getTimeInMillis() )/1000/60;&lt;br/&gt;
            long hours = Math.abs( offsetInMinutes/60 );&lt;br/&gt;
            long minutes = Math.abs( offsetInMinutes%60 );&lt;br/&gt;
            buffer.append( &quot;D:&quot; );&lt;br/&gt;
            // this had to be create here, it couldn&apos;t be static &lt;br/&gt;
// because of the bug description&lt;br/&gt;
            SimpleDateFormat PDF_DATE_FORMAT = new SimpleDateFormat( &quot;yyyyMMddHHmmss&quot; );&lt;br/&gt;
            buffer.append( PDF_DATE_FORMAT.format( date.getTime() )&lt;br/&gt;
Lastly, I change the call to the method in COSDictionary.&lt;br/&gt;
    public void setDate( COSName key, Calendar date )&lt;/p&gt;
    {
        setString( key, new DateConverter().toString( date ) );
    }</description>
                <environment>Multi Thread usage, like in an Application Server using PDFBox to parse documents.</environment>
        <key id="12413151">PDFBOX-402</key>
            <summary>Bug when using PDF Box in a threaded environment.</summary>
                <type id="1" iconUrl="https://issues.apache.org/jira/images/icons/issuetypes/bug.png">Bug</type>
                                            <priority id="3" iconUrl="https://issues.apache.org/jira/images/icons/priorities/major.png">Major</priority>
                        <status id="6" iconUrl="https://issues.apache.org/jira/images/icons/statuses/closed.png" description="The issue is considered finished, the resolution is correct. Issues which are closed can be reopened.">Closed</status>
                    <statusCategory id="3" key="done" colorName="green"/>
                                    <resolution id="1">Fixed</resolution>
                                        <assignee username="-1">Unassigned</assignee>
                                    <reporter username="peter_lenahan@ibi.com">Peter_Lenahan@ibi.com</reporter>
                        <labels>
                    </labels>
                <created>Sat, 24 Jan 2009 05:18:28 +0000</created>
                <updated>Thu, 1 Jul 2010 08:26:36 +0100</updated>
                            <resolved>Tue, 27 Apr 2010 20:13:31 +0100</resolved>
                                                    <fixVersion>1.2.0</fixVersion>
                                    <component>Utilities</component>
                        <due></due>
                            <votes>0</votes>
                                    <watches>1</watches>
                                                                <comments>
                            <comment id="12709975" author="sgbridges" created="Fri, 15 May 2009 22:18:53 +0100"  >&lt;p&gt;This is a pretty serious issue.  This patch fixes this issue and another issue of the same type in  in the same file.&lt;/p&gt;</comment>
                            <comment id="12860710" author="peter_lenahan@ibi.com" created="Sun, 25 Apr 2010 17:58:05 +0100"  >&lt;p&gt;The changes are in the same class, so the Patch provides a fix for this issue as well.&lt;/p&gt;

&lt;p&gt;Peter&lt;/p&gt;</comment>
                            <comment id="12861500" author="lehmi" created="Tue, 27 Apr 2010 20:13:31 +0100"  >&lt;p&gt;This issue is resolved with solving &lt;a href=&quot;https://issues.apache.org/jira/browse/PDFBOX-701&quot; title=&quot;Additional date formats&quot; class=&quot;issue-link&quot; data-issue-key=&quot;PDFBOX-701&quot;&gt;&lt;del&gt;PDFBOX-701&lt;/del&gt;&lt;/a&gt;.&lt;/p&gt;</comment>
                    </comments>
                <issuelinks>
                            <issuelinktype id="10030">
                    <name>Reference</name>
                                            <outwardlinks description="relates to">
                                        <issuelink>
            <issuekey id="12457777">PDFBOX-643</issuekey>
        </issuelink>
            <issuelink>
            <issuekey id="12462984">PDFBOX-701</issuekey>
        </issuelink>
                            </outwardlinks>
                                                        </issuelinktype>
                    </issuelinks>
                <attachments>
                            <attachment id="12408277" name="patch" size="2945" author="sgbridges" created="Fri, 15 May 2009 22:18:53 +0100"/>
                    </attachments>
                <subtasks>
                    </subtasks>
                <customfields>
                                                <customfield id="customfield_12310310" key="com.atlassian.jira.toolkit:attachments">
                        <customfieldname>Attachment count</customfieldname>
                        <customfieldvalues>
                            <customfieldvalue>1.0</customfieldvalue>
                        </customfieldvalues>
                    </customfield>
                                                                                            <customfield id="customfield_12310220" key="com.atlassian.jira.ext.charting:firstresponsedate">
                        <customfieldname>Date of First Response</customfieldname>
                        <customfieldvalues>
                            <customfieldvalue>Fri, 15 May 2009 21:18:53 +0000</customfieldvalue>

                        </customfieldvalues>
                    </customfield>
                                                                                                                                                    <customfield id="customfield_12310420" key="com.pyxis.greenhopper.jira:gh-global-rank">
                        <customfieldname>Global Rank</customfieldname>
                        <customfieldvalues>
                            <customfieldvalue>163217</customfieldvalue>
                        </customfieldvalues>
                    </customfield>
                                                                <customfield id="customfield_12310920" key="com.pyxis.greenhopper.jira:gh-global-rank">
                        <customfieldname>Rank</customfieldname>
                        <customfieldvalues>
                            <customfieldvalue>205032</customfieldvalue>
                        </customfieldvalues>
                    </customfield>
                                                                                                                        <customfield id="customfield_12310222" key="com.atlassian.jira.ext.charting:timeinstatus">
                        <customfieldname>Time in Status</customfieldname>
                        <customfieldvalues>
                            
                        </customfieldvalues>
                    </customfield>
                                    </customfields>
    </item>

<item>
            <title>[PDFBOX-404] ClassCastException in COSDictionaryMap </title>
                <link>https://issues.apache.org/jira/browse/PDFBOX-404</link>
                <project id="12310760" key="PDFBOX">PDFBox</project>
                    <description>&lt;p&gt;The Findbugs tool reported this as an issue, &lt;br/&gt;
I don&apos;t have a reproduction of the case, but it is easy to see why it reported the issue.&lt;br/&gt;
Just take a look at the code, it was probably a cut and paste typo that happened when the code was written.&lt;br/&gt;
This is a very easy thing to fix.&lt;br/&gt;
Thanks,&lt;br/&gt;
Peter&lt;/p&gt;

&lt;p&gt;Impossible cast &lt;br/&gt;
This cast will always throw a ClassCastException. &lt;br/&gt;
In this method, there is a small issue that is easy to resolve.&lt;/p&gt;

&lt;p&gt;package org.apache.pdfbox.pdmodel.common;&lt;/p&gt;

&lt;p&gt;public static COSDictionaryMap convertBasicTypesToMap( COSDictionary map) throws IOException  &lt;/p&gt;

&lt;p&gt;else if( cosObj instanceof COSFloat )&lt;/p&gt;
                {
                    actualObject = new Float(((COSInteger)cosObj).floatValue() );
                }

&lt;p&gt;Perhaps you meant to code it like this with a cast to COSFloat.&lt;/p&gt;

&lt;p&gt;  else if( cosObj instanceof COSFloat )&lt;/p&gt;
                {
                    actualObject = new Float(((COSFloat)cosObj).floatValue() );
                }
</description>
                <environment>All</environment>
        <key id="12413153">PDFBOX-404</key>
            <summary>ClassCastException in COSDictionaryMap </summary>
                <type id="1" iconUrl="https://issues.apache.org/jira/images/icons/issuetypes/bug.png">Bug</type>
                                            <priority id="3" iconUrl="https://issues.apache.org/jira/images/icons/priorities/major.png">Major</priority>
                        <status id="6" iconUrl="https://issues.apache.org/jira/images/icons/statuses/closed.png" description="The issue is considered finished, the resolution is correct. Issues which are closed can be reopened.">Closed</status>
                    <statusCategory id="3" key="done" colorName="green"/>
                                    <resolution id="1">Fixed</resolution>
                                        <assignee username="-1">Unassigned</assignee>
                                    <reporter username="peter_lenahan@ibi.com">Peter_Lenahan@ibi.com</reporter>
                        <labels>
                    </labels>
                <created>Sat, 24 Jan 2009 05:28:56 +0000</created>
                <updated>Wed, 21 Oct 2009 10:52:09 +0100</updated>
                            <resolved>Sat, 24 Jan 2009 09:39:17 +0000</resolved>
                                    <version>0.8.0-incubator</version>
                                    <fixVersion>0.8.0-incubator</fixVersion>
                                    <component>PDModel</component>
                        <due></due>
                            <votes>0</votes>
                                    <watches>0</watches>
                                                                <comments>
                            <comment id="12666867" author="lehmi" created="Sat, 24 Jan 2009 09:39:17 +0000"  >&lt;p&gt;I&apos;ve provided a patch. The issue is solved with version 737322&lt;/p&gt;

&lt;p&gt;Thanks Peter.&lt;/p&gt;</comment>
                    </comments>
                    <attachments>
                    </attachments>
                <subtasks>
                    </subtasks>
                <customfields>
                                                <customfield id="customfield_12310310" key="com.atlassian.jira.toolkit:attachments">
                        <customfieldname>Attachment count</customfieldname>
                        <customfieldvalues>
                            <customfieldvalue>0.0</customfieldvalue>
                        </customfieldvalues>
                    </customfield>
                                                                                            <customfield id="customfield_12310220" key="com.atlassian.jira.ext.charting:firstresponsedate">
                        <customfieldname>Date of First Response</customfieldname>
                        <customfieldvalues>
                            <customfieldvalue>Sat, 24 Jan 2009 09:39:17 +0000</customfieldvalue>

                        </customfieldvalues>
                    </customfield>
                                                                                                                                                    <customfield id="customfield_12310420" key="com.pyxis.greenhopper.jira:gh-global-rank">
                        <customfieldname>Global Rank</customfieldname>
                        <customfieldvalues>
                            <customfieldvalue>163219</customfieldvalue>
                        </customfieldvalues>
                    </customfield>
                                                                <customfield id="customfield_12310920" key="com.pyxis.greenhopper.jira:gh-global-rank">
                        <customfieldname>Rank</customfieldname>
                        <customfieldvalues>
                            <customfieldvalue>205299</customfieldvalue>
                        </customfieldvalues>
                    </customfield>
                                                                                                                        <customfield id="customfield_12310222" key="com.atlassian.jira.ext.charting:timeinstatus">
                        <customfieldname>Time in Status</customfieldname>
                        <customfieldvalues>
                            
                        </customfieldvalues>
                    </customfield>
                                    </customfields>
    </item>

<item>
            <title>[PDFBOX-406] Small error in class defination in PDMatrix it should not be Cloneable</title>
                <link>https://issues.apache.org/jira/browse/PDFBOX-406</link>
                <project id="12310760" key="PDFBOX">PDFBox</project>
                    <description>&lt;p&gt;The interface Cloneable has no methods defined.&lt;br/&gt;
public interface Cloneable { &lt;br/&gt;
}&lt;/p&gt;

&lt;p&gt;In package org.apache.pdfbox.pdmodel.common;&lt;br/&gt;
public class PDMatrix implements Cloneable, COSObjectable&lt;/p&gt;

&lt;p&gt;The class, PDMatrix implements the Cloneable interface, yet it does not implement&lt;br/&gt;
The clone() method, if a method were to try and clone the class, there would be an exception thrown&lt;/p&gt;

&lt;p&gt;Because this method is missing. &lt;br/&gt;
The actual method Object.clone is a protected method.&lt;/p&gt;

&lt;p&gt;There are 2 possible solutions, add this method&lt;br/&gt;
public Object clone() {&lt;br/&gt;
}&lt;br/&gt;
But; since there are no apparently calls to clone this class,&lt;br/&gt;
I suggest removing the Cloneable interface from the declaration. &lt;/p&gt;
</description>
                <environment>All</environment>
        <key id="12413180">PDFBOX-406</key>
            <summary>Small error in class defination in PDMatrix it should not be Cloneable</summary>
                <type id="1" iconUrl="https://issues.apache.org/jira/images/icons/issuetypes/bug.png">Bug</type>
                                            <priority id="3" iconUrl="https://issues.apache.org/jira/images/icons/priorities/major.png">Major</priority>
                        <status id="6" iconUrl="https://issues.apache.org/jira/images/icons/statuses/closed.png" description="The issue is considered finished, the resolution is correct. Issues which are closed can be reopened.">Closed</status>
                    <statusCategory id="3" key="done" colorName="green"/>
                                    <resolution id="1">Fixed</resolution>
                                        <assignee username="-1">Unassigned</assignee>
                                    <reporter username="peter_lenahan@ibi.com">Peter_Lenahan@ibi.com</reporter>
                        <labels>
                    </labels>
                <created>Sat, 24 Jan 2009 19:27:28 +0000</created>
                <updated>Thu, 1 Jul 2010 08:26:37 +0100</updated>
                            <resolved>Sun, 9 May 2010 18:45:59 +0100</resolved>
                                                    <fixVersion>1.2.0</fixVersion>
                                    <component>PDModel</component>
                        <due></due>
                            <votes>0</votes>
                                    <watches>1</watches>
                                                                <comments>
                            <comment id="12865615" author="lehmi" created="Sun, 9 May 2010 18:45:59 +0100"  >&lt;p&gt;I&apos;ve applied the patch with version 942569.&lt;/p&gt;

&lt;p&gt;Thanks to peter for the contribution&lt;/p&gt;</comment>
                    </comments>
                    <attachments>
                    </attachments>
                <subtasks>
                    </subtasks>
                <customfields>
                                                <customfield id="customfield_12310310" key="com.atlassian.jira.toolkit:attachments">
                        <customfieldname>Attachment count</customfieldname>
                        <customfieldvalues>
                            <customfieldvalue>0.0</customfieldvalue>
                        </customfieldvalues>
                    </customfield>
                                                                                            <customfield id="customfield_12310220" key="com.atlassian.jira.ext.charting:firstresponsedate">
                        <customfieldname>Date of First Response</customfieldname>
                        <customfieldvalues>
                            <customfieldvalue>Sun, 9 May 2010 17:45:59 +0000</customfieldvalue>

                        </customfieldvalues>
                    </customfield>
                                                                                                                                                    <customfield id="customfield_12310420" key="com.pyxis.greenhopper.jira:gh-global-rank">
                        <customfieldname>Global Rank</customfieldname>
                        <customfieldvalues>
                            <customfieldvalue>163221</customfieldvalue>
                        </customfieldvalues>
                    </customfield>
                                                                <customfield id="customfield_12310920" key="com.pyxis.greenhopper.jira:gh-global-rank">
                        <customfieldname>Rank</customfieldname>
                        <customfieldvalues>
                            <customfieldvalue>205034</customfieldvalue>
                        </customfieldvalues>
                    </customfield>
                                                                                                                        <customfield id="customfield_12310222" key="com.atlassian.jira.ext.charting:timeinstatus">
                        <customfieldname>Time in Status</customfieldname>
                        <customfieldvalues>
                            
                        </customfieldvalues>
                    </customfield>
                                    </customfields>
    </item>

<item>
            <title>[PDFBOX-407] PDLineDashPattern missing call to super.clone()</title>
                <link>https://issues.apache.org/jira/browse/PDFBOX-407</link>
                <project id="12310760" key="PDFBOX">PDFBox</project>
                    <description>&lt;p&gt;PDLineDashPattern should be declared as a final class or in the clone method you should call super.clone()&lt;br/&gt;
If another class sub-classed PDLineDashPattern, then a call to the clone method would return the incorrect type of the parent class and not the child class.&lt;/p&gt;

&lt;p&gt;A simple solution is to add a call to super.clone() as the first line in the clone method&lt;/p&gt;

&lt;p&gt;   public Object clone()&lt;/p&gt;
    {
        super.clone() ; // add this line to resolve the issue.
        COSArray dash = getCOSDashPattern();
        COSArray copy = new COSArray();
        copy.addAll(dash);
        PDLineDashPattern pattern = new PDLineDashPattern(copy,getPhaseStart() );
        return pattern;
    }</description>
                <environment>All</environment>
        <key id="12413181">PDFBOX-407</key>
            <summary>PDLineDashPattern missing call to super.clone()</summary>
                <type id="1" iconUrl="https://issues.apache.org/jira/images/icons/issuetypes/bug.png">Bug</type>
                                            <priority id="3" iconUrl="https://issues.apache.org/jira/images/icons/priorities/major.png">Major</priority>
                        <status id="6" iconUrl="https://issues.apache.org/jira/images/icons/statuses/closed.png" description="The issue is considered finished, the resolution is correct. Issues which are closed can be reopened.">Closed</status>
                    <statusCategory id="3" key="done" colorName="green"/>
                                    <resolution id="1">Fixed</resolution>
                                        <assignee username="-1">Unassigned</assignee>
                                    <reporter username="peter_lenahan@ibi.com">Peter_Lenahan@ibi.com</reporter>
                        <labels>
                    </labels>
                <created>Sat, 24 Jan 2009 19:39:55 +0000</created>
                <updated>Wed, 21 Oct 2009 10:52:09 +0100</updated>
                            <resolved>Sun, 12 Jul 2009 17:14:55 +0100</resolved>
                                    <version>0.8.0-incubator</version>
                                    <fixVersion>0.8.0-incubator</fixVersion>
                                    <component>PDModel</component>
                        <due></due>
                            <votes>0</votes>
                                    <watches>0</watches>
                                                                <comments>
                            <comment id="12730115" author="lehmi" created="Sun, 12 Jul 2009 17:14:55 +0100"  >&lt;p&gt;I&apos;ve added Peter&apos;s suggestions with version 793370. Thanks Peter for your hint&lt;/p&gt;</comment>
                    </comments>
                    <attachments>
                    </attachments>
                <subtasks>
                    </subtasks>
                <customfields>
                                                <customfield id="customfield_12310310" key="com.atlassian.jira.toolkit:attachments">
                        <customfieldname>Attachment count</customfieldname>
                        <customfieldvalues>
                            <customfieldvalue>0.0</customfieldvalue>
                        </customfieldvalues>
                    </customfield>
                                                                                            <customfield id="customfield_12310220" key="com.atlassian.jira.ext.charting:firstresponsedate">
                        <customfieldname>Date of First Response</customfieldname>
                        <customfieldvalues>
                            <customfieldvalue>Sun, 12 Jul 2009 16:14:55 +0000</customfieldvalue>

                        </customfieldvalues>
                    </customfield>
                                                                                                                                                    <customfield id="customfield_12310420" key="com.pyxis.greenhopper.jira:gh-global-rank">
                        <customfieldname>Global Rank</customfieldname>
                        <customfieldvalues>
                            <customfieldvalue>163222</customfieldvalue>
                        </customfieldvalues>
                    </customfield>
                                                                <customfield id="customfield_12310920" key="com.pyxis.greenhopper.jira:gh-global-rank">
                        <customfieldname>Rank</customfieldname>
                        <customfieldvalues>
                            <customfieldvalue>205303</customfieldvalue>
                        </customfieldvalues>
                    </customfield>
                                                                                                                        <customfield id="customfield_12310222" key="com.atlassian.jira.ext.charting:timeinstatus">
                        <customfieldname>Time in Status</customfieldname>
                        <customfieldvalues>
                            
                        </customfieldvalues>
                    </customfield>
                                    </customfields>
    </item>

<item>
            <title>[PDFBOX-409] Small hashcode issue, The code invokes hashCode on an array.</title>
                <link>https://issues.apache.org/jira/browse/PDFBOX-409</link>
                <project id="12310760" key="PDFBOX">PDFBox</project>
                    <description>&lt;p&gt;This problem is reported by the Findbugs tool.&lt;br/&gt;
package org.apache.pdfbox.cos;&lt;br/&gt;
public class COSString extends COSBase&lt;br/&gt;
  public int hashCode()&lt;/p&gt;
    {
        return getBytes().hashCode();
    }
&lt;p&gt;Invocation of hashCode on an array &lt;/p&gt;

&lt;p&gt;The code invokes hashCode on an array. Calling hashCode on an array returns the same value as System.identityHashCode, and ignores the contents and length of the array. If you need a hashCode that depends on the contents of an array a, use java.util.Arrays.hashCode(a). &lt;/p&gt;

&lt;p&gt;This might be a better solution.&lt;br/&gt;
public int hashCode()&lt;/p&gt;
    {
        return java.util.Arrays.hashCode (getBytes());
    }</description>
                <environment>All</environment>
        <key id="12413183">PDFBOX-409</key>
            <summary>Small hashcode issue, The code invokes hashCode on an array.</summary>
                <type id="1" iconUrl="https://issues.apache.org/jira/images/icons/issuetypes/bug.png">Bug</type>
                                            <priority id="4" iconUrl="https://issues.apache.org/jira/images/icons/priorities/minor.png">Minor</priority>
                        <status id="6" iconUrl="https://issues.apache.org/jira/images/icons/statuses/closed.png" description="The issue is considered finished, the resolution is correct. Issues which are closed can be reopened.">Closed</status>
                    <statusCategory id="3" key="done" colorName="green"/>
                                    <resolution id="1">Fixed</resolution>
                                        <assignee username="-1">Unassigned</assignee>
                                    <reporter username="peter_lenahan@ibi.com">Peter_Lenahan@ibi.com</reporter>
                        <labels>
                    </labels>
                <created>Sat, 24 Jan 2009 19:52:11 +0000</created>
                <updated>Wed, 21 Oct 2009 10:52:09 +0100</updated>
                            <resolved>Sun, 1 Feb 2009 15:34:34 +0000</resolved>
                                    <version>0.8.0-incubator</version>
                                    <fixVersion>0.8.0-incubator</fixVersion>
                                        <due></due>
                            <votes>0</votes>
                                    <watches>0</watches>
                                                                <comments>
                            <comment id="12669391" author="lehmi" created="Sun, 1 Feb 2009 15:34:34 +0000"  >&lt;p&gt;Peters suggestion won&apos;t do it, because it is a java1.5-feature. But I guess getString().hashCode will do it.&lt;/p&gt;

&lt;p&gt;Thanks Peter&lt;/p&gt;</comment>
                    </comments>
                    <attachments>
                    </attachments>
                <subtasks>
                    </subtasks>
                <customfields>
                                                <customfield id="customfield_12310310" key="com.atlassian.jira.toolkit:attachments">
                        <customfieldname>Attachment count</customfieldname>
                        <customfieldvalues>
                            <customfieldvalue>0.0</customfieldvalue>
                        </customfieldvalues>
                    </customfield>
                                                                                            <customfield id="customfield_12310220" key="com.atlassian.jira.ext.charting:firstresponsedate">
                        <customfieldname>Date of First Response</customfieldname>
                        <customfieldvalues>
                            <customfieldvalue>Sun, 1 Feb 2009 15:34:34 +0000</customfieldvalue>

                        </customfieldvalues>
                    </customfield>
                                                                                                                                                    <customfield id="customfield_12310420" key="com.pyxis.greenhopper.jira:gh-global-rank">
                        <customfieldname>Global Rank</customfieldname>
                        <customfieldvalues>
                            <customfieldvalue>163223</customfieldvalue>
                        </customfieldvalues>
                    </customfield>
                                                                <customfield id="customfield_12310920" key="com.pyxis.greenhopper.jira:gh-global-rank">
                        <customfieldname>Rank</customfieldname>
                        <customfieldvalues>
                            <customfieldvalue>205749</customfieldvalue>
                        </customfieldvalues>
                    </customfield>
                                                                                                                        <customfield id="customfield_12310222" key="com.atlassian.jira.ext.charting:timeinstatus">
                        <customfieldname>Time in Status</customfieldname>
                        <customfieldvalues>
                            
                        </customfieldvalues>
                    </customfield>
                                    </customfields>
    </item>

<item>
            <title>[PDFBOX-411] Could possibly be missing a close()  the case where the output was open, but the writer was not</title>
                <link>https://issues.apache.org/jira/browse/PDFBOX-411</link>
                <project id="12310760" key="PDFBOX">PDFBox</project>
                    <description>&lt;p&gt;package org.apache.pdfbox.pdmodel;&lt;br/&gt;
public class PDDocument&lt;/p&gt;

&lt;p&gt;And the same code in this class&lt;br/&gt;
package org.apache.pdfbox.pdmodel.fdf;&lt;br/&gt;
public class FDFDocument&lt;br/&gt;
Subject: &lt;/p&gt;

&lt;p&gt; // could possibly be missing the case where the output was open, but the writer was not&lt;br/&gt;
// be sure to close output of it is not possible to close the writer.&lt;br/&gt;
    public void save( OutputStream output ) throws IOException, COSVisitorException&lt;br/&gt;
    {&lt;br/&gt;
        //update the count in case any pages have been added behind the scenes.&lt;br/&gt;
        getDocumentCatalog().getPages().updateCount();&lt;br/&gt;
        COSWriter writer = null;&lt;br/&gt;
        try&lt;/p&gt;
        {
            writer = new COSWriter( output );
            writer.write( this );
            writer.close();
        }
&lt;p&gt;        finally&lt;br/&gt;
        {&lt;br/&gt;
            if( writer != null )&lt;/p&gt;
            {
                writer.close();
            }
&lt;p&gt;            else if (output != null) &lt;/p&gt;
{
                output.close();  // This may happen of you don&apos;t have disk space or write access to the file.
            }
&lt;p&gt;        }&lt;br/&gt;
    }&lt;/p&gt;
</description>
                <environment></environment>
        <key id="12413185">PDFBOX-411</key>
            <summary>Could possibly be missing a close()  the case where the output was open, but the writer was not</summary>
                <type id="1" iconUrl="https://issues.apache.org/jira/images/icons/issuetypes/bug.png">Bug</type>
                                            <priority id="4" iconUrl="https://issues.apache.org/jira/images/icons/priorities/minor.png">Minor</priority>
                        <status id="6" iconUrl="https://issues.apache.org/jira/images/icons/statuses/closed.png" description="The issue is considered finished, the resolution is correct. Issues which are closed can be reopened.">Closed</status>
                    <statusCategory id="3" key="done" colorName="green"/>
                                    <resolution id="8">Not a Problem</resolution>
                                        <assignee username="-1">Unassigned</assignee>
                                    <reporter username="peter_lenahan@ibi.com">Peter_Lenahan@ibi.com</reporter>
                        <labels>
                    </labels>
                <created>Sat, 24 Jan 2009 19:58:41 +0000</created>
                <updated>Wed, 26 Feb 2014 23:09:57 +0000</updated>
                            <resolved>Wed, 26 Feb 2014 23:09:28 +0000</resolved>
                                    <version>0.8.0-incubator</version>
                                                    <component>PDModel</component>
                        <due></due>
                            <votes>0</votes>
                                    <watches>2</watches>
                                                                <comments>
                            <comment id="13913693" author="tilman" created="Wed, 26 Feb 2014 23:09:28 +0000"  >&lt;p&gt;The output was opened by the caller, so the caller should close it.&lt;/p&gt;</comment>
                    </comments>
                    <attachments>
                    </attachments>
                <subtasks>
                    </subtasks>
                <customfields>
                                                <customfield id="customfield_12310310" key="com.atlassian.jira.toolkit:attachments">
                        <customfieldname>Attachment count</customfieldname>
                        <customfieldvalues>
                            <customfieldvalue>0.0</customfieldvalue>
                        </customfieldvalues>
                    </customfield>
                                                                                            <customfield id="customfield_12310220" key="com.atlassian.jira.ext.charting:firstresponsedate">
                        <customfieldname>Date of First Response</customfieldname>
                        <customfieldvalues>
                            <customfieldvalue>Wed, 26 Feb 2014 23:09:28 +0000</customfieldvalue>

                        </customfieldvalues>
                    </customfield>
                                                                                                                                                    <customfield id="customfield_12310420" key="com.pyxis.greenhopper.jira:gh-global-rank">
                        <customfieldname>Global Rank</customfieldname>
                        <customfieldvalues>
                            <customfieldvalue>85180</customfieldvalue>
                        </customfieldvalues>
                    </customfield>
                                                                <customfield id="customfield_12310920" key="com.pyxis.greenhopper.jira:gh-global-rank">
                        <customfieldname>Rank</customfieldname>
                        <customfieldvalues>
                            <customfieldvalue>242023</customfieldvalue>
                        </customfieldvalues>
                    </customfield>
                                                                                                                        <customfield id="customfield_12310222" key="com.atlassian.jira.ext.charting:timeinstatus">
                        <customfieldname>Time in Status</customfieldname>
                        <customfieldvalues>
                            
                        </customfieldvalues>
                    </customfield>
                                    </customfields>
    </item>

<item>
            <title>[PDFBOX-412] Failure to render PDFs with embedded fonts</title>
                <link>https://issues.apache.org/jira/browse/PDFBOX-412</link>
                <project id="12310760" key="PDFBOX">PDFBox</project>
                    <description>&lt;p&gt;Trying to view 2 PDF files in PDFReader, the following problems happen:&lt;/p&gt;
&lt;ul class=&quot;alternate&quot; type=&quot;square&quot;&gt;
	&lt;li&gt;test_openoffice301.pdf : all characters replaced by squares (no error logged)&lt;/li&gt;
	&lt;li&gt;test_word+pdfcreator.pdf : fallback to Arial (see log bellow)&lt;/li&gt;
&lt;/ul&gt;


&lt;p&gt;The files were created with OpenOffice 3.0.1 (exported as PDF) and Word (printed to PDF with PDFCreator). They both contain 3 lines of text using the DejaVu open-source font.&lt;/p&gt;

&lt;p&gt;PDFBox version used is trunk from january 28th, 2009:&lt;br/&gt;
fontbox trunk 718464&lt;br/&gt;
jempbox trunk 718464&lt;br/&gt;
pdfbox trunk 737638&lt;/p&gt;

&lt;p&gt;For test_word+pdfcreator.pdf, the following lines are found in log:&lt;/p&gt;

&lt;p&gt;java.awt.FontFormatException: Font name not found&lt;br/&gt;
	at sun.font.TrueTypeFont.init(TrueTypeFont.java:453)&lt;br/&gt;
	at sun.font.TrueTypeFont.&amp;lt;init&amp;gt;(TrueTypeFont.java:160)&lt;br/&gt;
	at sun.font.FontManager.createFont2D(FontManager.java:2234)&lt;br/&gt;
	at java.awt.Font.&amp;lt;init&amp;gt;(Font.java:566)&lt;br/&gt;
	at java.awt.Font.createFont(Font.java:854)&lt;br/&gt;
	at org.apache.pdfbox.pdmodel.font.PDTrueTypeFont.drawString(PDTrueTypeFont.java:329)&lt;br/&gt;
	at org.apache.pdfbox.pdfviewer.PageDrawer.processTextPosition(PageDrawer.java:168)&lt;br/&gt;
	at org.apache.pdfbox.util.PDFStreamEngine.processEncodedText(PDFStreamEngine.java:447)&lt;br/&gt;
	at org.apache.pdfbox.util.operator.ShowTextGlyph.process(ShowTextGlyph.java:66)&lt;br/&gt;
	at org.apache.pdfbox.util.PDFStreamEngine.processOperator(PDFStreamEngine.java:496)&lt;br/&gt;
	at org.apache.pdfbox.util.PDFStreamEngine.processSubStream(PDFStreamEngine.java:205)&lt;br/&gt;
	at org.apache.pdfbox.util.PDFStreamEngine.processStream(PDFStreamEngine.java:164)&lt;br/&gt;
	at org.apache.pdfbox.pdfviewer.PageDrawer.drawPage(PageDrawer.java:88)&lt;br/&gt;
	at org.apache.pdfbox.pdfviewer.PDFPagePanel.paint(PDFPagePanel.java:76)&lt;br/&gt;
	at javax.swing.JComponent.paintChildren(JComponent.java:864)&lt;br/&gt;
	at javax.swing.JComponent.paint(JComponent.java:1036)&lt;br/&gt;
	at javax.swing.JComponent.paintChildren(JComponent.java:864)&lt;br/&gt;
	at javax.swing.JComponent.paint(JComponent.java:1036)&lt;br/&gt;
	at javax.swing.JComponent.paintToOffscreen(JComponent.java:5122)&lt;br/&gt;
	at javax.swing.BufferStrategyPaintManager.paint(BufferStrategyPaintManager.java:285)&lt;br/&gt;
	at javax.swing.RepaintManager.paint(RepaintManager.java:1128)&lt;br/&gt;
	at javax.swing.JComponent._paintImmediately(JComponent.java:5070)&lt;br/&gt;
	at javax.swing.JComponent.paintImmediately(JComponent.java:4880)&lt;br/&gt;
	at javax.swing.RepaintManager.paintDirtyRegions(RepaintManager.java:723)&lt;br/&gt;
	at javax.swing.RepaintManager.paintDirtyRegions(RepaintManager.java:679)&lt;br/&gt;
	at javax.swing.RepaintManager.seqPaintDirtyRegions(RepaintManager.java:659)&lt;br/&gt;
	at javax.swing.SystemEventQueueUtilities$ComponentWorkRequest.run(SystemEventQueueUtilities.java:128)&lt;br/&gt;
	at java.awt.event.InvocationEvent.dispatch(InvocationEvent.java:209)&lt;br/&gt;
	at java.awt.EventQueue.dispatchEvent(EventQueue.java:597)&lt;br/&gt;
	at java.awt.EventDispatchThread.pumpOneEventForFilters(EventDispatchThread.java:273)&lt;br/&gt;
	at java.awt.EventDispatchThread.pumpEventsForFilter(EventDispatchThread.java:183)&lt;br/&gt;
	at java.awt.EventDispatchThread.pumpEventsForHierarchy(EventDispatchThread.java:173)&lt;br/&gt;
	at java.awt.EventDispatchThread.pumpEvents(EventDispatchThread.java:168)&lt;br/&gt;
	at java.awt.EventDispatchThread.pumpEvents(EventDispatchThread.java:160)&lt;br/&gt;
	at java.awt.EventDispatchThread.run(EventDispatchThread.java:121)&lt;br/&gt;
28 janv. 2009 11:44:10 org.apache.pdfbox.pdmodel.font.PDTrueTypeFont drawString&lt;br/&gt;
INFO: Can&apos;t read the embedded font VRBBWM+DejaVuSansCondensed,Italic&lt;br/&gt;
28 janv. 2009 11:44:10 org.apache.pdfbox.pdmodel.font.PDTrueTypeFont drawString&lt;br/&gt;
INFO: Using font Arial instead&lt;/p&gt;</description>
                <environment>WinXP, Java 6.0 update 10</environment>
        <key id="12413445">PDFBOX-412</key>
            <summary>Failure to render PDFs with embedded fonts</summary>
                <type id="1" iconUrl="https://issues.apache.org/jira/images/icons/issuetypes/bug.png">Bug</type>
                                            <priority id="3" iconUrl="https://issues.apache.org/jira/images/icons/priorities/major.png">Major</priority>
                        <status id="5" iconUrl="https://issues.apache.org/jira/images/icons/statuses/resolved.png" description="A resolution has been taken, and it is awaiting verification by reporter. From here issues are either reopened, or are closed.">Resolved</status>
                    <statusCategory id="3" key="done" colorName="green"/>
                                    <resolution id="1">Fixed</resolution>
                                        <assignee username="lehmi">Andreas Lehmk&#252;hler</assignee>
                                    <reporter username="sebdotv">Seb V</reporter>
                        <labels>
                    </labels>
                <created>Wed, 28 Jan 2009 10:50:21 +0000</created>
                <updated>Fri, 9 Aug 2013 16:38:15 +0100</updated>
                            <resolved>Fri, 9 Aug 2013 16:32:20 +0100</resolved>
                                    <version>0.8.0-incubator</version>
                                    <fixVersion>2.0.0</fixVersion>
                                        <due></due>
                            <votes>2</votes>
                                    <watches>4</watches>
                                                                <comments>
                            <comment id="12668393" author="lehmi" created="Thu, 29 Jan 2009 10:03:42 +0000"  >&lt;p&gt;After a first look at your documents I came to the following conclusions:&lt;/p&gt;

&lt;p&gt;test_openoffice301.pdf:&lt;/p&gt;

&lt;ul class=&quot;alternate&quot; type=&quot;square&quot;&gt;
	&lt;li&gt;it uses ArialNarrow as font not DejaVu as mentioned&lt;/li&gt;
	&lt;li&gt;the problem seems to be an (unicode-)encoding issue. There are some other jira-issues with similar problems&lt;/li&gt;
&lt;/ul&gt;


&lt;p&gt;test_word+pdfcreator.pdf:&lt;/p&gt;

&lt;ul class=&quot;alternate&quot; type=&quot;square&quot;&gt;
	&lt;li&gt;in some way pdfbox can&apos;t read the embedded font and consequently it throws an exception&lt;/li&gt;
	&lt;li&gt;finally the font isn&apos;t found and the fallback (Arial) is used&lt;/li&gt;
&lt;/ul&gt;

</comment>
                            <comment id="12670442" author="carrier" created="Wed, 4 Feb 2009 20:12:58 +0000"  >&lt;p&gt;I just verified that the text is properly extracted from both files.&lt;/p&gt;

&lt;p&gt;I&apos;m changing the priority of this to Major instead of Blocker because it is not blocking development or causing crashes. &lt;/p&gt;</comment>
                            <comment id="12754705" author="lehmi" created="Sun, 13 Sep 2009 15:49:42 +0100"  >&lt;p&gt;With solving &lt;a href=&quot;https://issues.apache.org/jira/browse/PDFBOX-516&quot; title=&quot;Font Manager does not always find correct font from environment&quot; class=&quot;issue-link&quot; data-issue-key=&quot;PDFBOX-516&quot;&gt;&lt;del&gt;PDFBOX-516&lt;/del&gt;&lt;/a&gt; and &lt;a href=&quot;https://issues.apache.org/jira/browse/PDFBOX-517&quot; title=&quot;PD Fonts do not attempt to load from the environment if an embed font cannot be loaded&quot; class=&quot;issue-link&quot; data-issue-key=&quot;PDFBOX-517&quot;&gt;&lt;del&gt;PDFBOX-517&lt;/del&gt;&lt;/a&gt; as a workaround test_word+pdfcreator.pdf renders fine.&lt;/p&gt;</comment>
                            <comment id="13114065" author="qoregexp" created="Sat, 24 Sep 2011 21:06:24 +0100"  >&lt;p&gt;Please explain the workaround.  The file bug_example.pdf has an embedded font Bookshelf Symbol 3 and it is a truetype font, but when I run the pdfbox application it gives the message &quot;Changing font on &amp;lt;B&amp;gt; from &amp;lt;Bookshelf Symbol 3&amp;gt; to the default font&quot; (and so on for each character).  I am using version 1.6.0 of the application.  You can open the file in Adobe Reader to see what it&apos;s supposed to look like.&lt;/p&gt;</comment>
                            <comment id="13728823" author="lehmi" created="Sun, 4 Aug 2013 10:55:20 +0100"  >&lt;p&gt;bug_example.pdf and test_openoffice301.pdf are working well after solving &lt;a href=&quot;https://issues.apache.org/jira/browse/PDFBOX-490&quot; title=&quot;Pdf Printing of text from embedded fonts&quot; class=&quot;issue-link&quot; data-issue-key=&quot;PDFBOX-490&quot;&gt;&lt;del&gt;PDFBOX-490&lt;/del&gt;&lt;/a&gt;, but there is still an issue with the 3. attached pdf. I guess still a prtoblem with the encoding ...&lt;/p&gt;</comment>
                            <comment id="13734907" author="lehmi" created="Fri, 9 Aug 2013 16:32:20 +0100"  >&lt;p&gt;I fixed the encoding issue in revision 1512344.&lt;/p&gt;</comment>
                    </comments>
                <issuelinks>
                            <issuelinktype id="10030">
                    <name>Reference</name>
                                            <outwardlinks description="relates to">
                                        <issuelink>
            <issuekey id="12493676">PDFBOX-924</issuekey>
        </issuelink>
            <issuelink>
            <issuekey id="12501818">PDFBOX-984</issuekey>
        </issuelink>
            <issuelink>
            <issuekey id="12604038">PDFBOX-1391</issuekey>
        </issuelink>
            <issuelink>
            <issuekey id="12607267">PDFBOX-1413</issuekey>
        </issuelink>
                            </outwardlinks>
                                                                <inwardlinks description="is related to">
                                        <issuelink>
            <issuekey id="12429670">PDFBOX-490</issuekey>
        </issuelink>
                            </inwardlinks>
                                    </issuelinktype>
                    </issuelinks>
                <attachments>
                            <attachment id="12496372" name="bug_example.pdf" size="12054" author="qoregexp" created="Sat, 24 Sep 2011 21:06:24 +0100"/>
                            <attachment id="12398891" name="test_openoffice301.pdf" size="26058" author="sebdotv" created="Wed, 28 Jan 2009 10:51:18 +0000"/>
                            <attachment id="12398892" name="test_word+pdfcreator.pdf" size="12331" author="sebdotv" created="Wed, 28 Jan 2009 10:51:30 +0000"/>
                    </attachments>
                <subtasks>
                    </subtasks>
                <customfields>
                                                <customfield id="customfield_12310310" key="com.atlassian.jira.toolkit:attachments">
                        <customfieldname>Attachment count</customfieldname>
                        <customfieldvalues>
                            <customfieldvalue>3.0</customfieldvalue>
                        </customfieldvalues>
                    </customfield>
                                                                                            <customfield id="customfield_12310220" key="com.atlassian.jira.ext.charting:firstresponsedate">
                        <customfieldname>Date of First Response</customfieldname>
                        <customfieldvalues>
                            <customfieldvalue>Thu, 29 Jan 2009 10:03:42 +0000</customfieldvalue>

                        </customfieldvalues>
                    </customfield>
                                                                                                                                                    <customfield id="customfield_12310420" key="com.pyxis.greenhopper.jira:gh-global-rank">
                        <customfieldname>Global Rank</customfieldname>
                        <customfieldvalues>
                            <customfieldvalue>59415</customfieldvalue>
                        </customfieldvalues>
                    </customfield>
                                                                <customfield id="customfield_12310920" key="com.pyxis.greenhopper.jira:gh-global-rank">
                        <customfieldname>Rank</customfieldname>
                        <customfieldvalues>
                            <customfieldvalue>289311</customfieldvalue>
                        </customfieldvalues>
                    </customfield>
                                                                                                                        <customfield id="customfield_12310222" key="com.atlassian.jira.ext.charting:timeinstatus">
                        <customfieldname>Time in Status</customfieldname>
                        <customfieldvalues>
                            
                        </customfieldvalues>
                    </customfield>
                                    </customfields>
    </item>

<item>
            <title>[PDFBOX-413] Text Extraction Does Not Extract Content Beyond First Page</title>
                <link>https://issues.apache.org/jira/browse/PDFBOX-413</link>
                <project id="12310760" key="PDFBOX">PDFBox</project>
                    <description>&lt;p&gt;Such as my attempt to extract plain text from PDF using PDFBOX:&lt;/p&gt;

&lt;p&gt;	PDFTextStripper stripper = new PDFTextStripper();&lt;br/&gt;
	stripper.setStartPage( 1);&lt;br/&gt;
	stripper.setEndPage( 5 );&lt;br/&gt;
	LucenePDFDocument document = new LucenePDFDocument();&lt;br/&gt;
	Document luceneDocument = document.convertDocument(file);&lt;br/&gt;
        System.out.println(&quot;CONTENTS: &quot;+luceneDocument.get(&quot;contents&quot;));&lt;/p&gt;

&lt;p&gt;---------------------------------------------------------------------------------------------------------------------------------------------------------------------&lt;br/&gt;
This is the result I get, and it never goes beyond page 1:&lt;br/&gt;
---------------------------------------------------------------------------------------------------------------------------------------------------------------------&lt;/p&gt;

&lt;p&gt;Document&amp;lt;stored/uncompressed&amp;lt;path:/home/alvin/Desktop/google.pdf&amp;gt; stored/uncompressed&amp;lt;url:/home/alvin/Desktop/google.pdf&amp;gt; stored/uncompressed,indexed&amp;lt;modified:20090130112759&amp;gt; indexed&amp;lt;uid:&lt;br/&gt;
Web Search Engine&lt;br/&gt;
Sergey Brin and Lawrence Page &lt;br/&gt;
Computer Science Department,&lt;br/&gt;
Stanford University, Stanford, CA 94305, USA&lt;br/&gt;
sergey@cs.stanford.edu and page@cs.stanford.edu &lt;br/&gt;
Abstract &lt;br/&gt;
In this paper, we present Google, a prototype of a large-scale search engine which makes heavy&lt;br/&gt;
use of the structure present in hypertext. Google is designed to crawl and index the Web efficiently&lt;br/&gt;
and produce much more satisfying search results than existing systems. The proto&amp;gt;&amp;gt;&lt;/p&gt;

&lt;p&gt;Is it Bug?&lt;/p&gt;</description>
                <environment>Ubuntu, OpenJDK 6</environment>
        <key id="12413608">PDFBOX-413</key>
            <summary>Text Extraction Does Not Extract Content Beyond First Page</summary>
                <type id="1" iconUrl="https://issues.apache.org/jira/images/icons/issuetypes/bug.png">Bug</type>
                                            <priority id="3" iconUrl="https://issues.apache.org/jira/images/icons/priorities/major.png">Major</priority>
                        <status id="6" iconUrl="https://issues.apache.org/jira/images/icons/statuses/closed.png" description="The issue is considered finished, the resolution is correct. Issues which are closed can be reopened.">Closed</status>
                    <statusCategory id="3" key="done" colorName="green"/>
                                    <resolution id="6">Invalid</resolution>
                                        <assignee username="-1">Unassigned</assignee>
                                    <reporter username="alvin">alvin</reporter>
                        <labels>
                    </labels>
                <created>Fri, 30 Jan 2009 12:28:13 +0000</created>
                <updated>Wed, 21 Oct 2009 11:01:58 +0100</updated>
                            <resolved>Fri, 30 Jan 2009 15:56:34 +0000</resolved>
                                                                        <due></due>
                            <votes>0</votes>
                                    <watches>1</watches>
                                                                <comments>
                            <comment id="12668860" author="romanoad" created="Fri, 30 Jan 2009 13:22:49 +0000"  >&lt;p&gt;If you are just trying to extract text, I don&apos;t see any reason to use the LucenePDFDocument class. The following code will get the text from the google PDF:&lt;/p&gt;

&lt;p&gt;PDDocument document = PDDocument.load( &quot;c:&lt;br class=&quot;atl-forced-newline&quot; /&gt;google.pdf&quot;);&lt;br/&gt;
PDFTextStripper stripper = new PDFTextStripper();&lt;br/&gt;
stripper.setSortByPosition( false );&lt;br/&gt;
stripper.setStartPage( 1 );&lt;br/&gt;
stripper.setEndPage( Integer.MAX_VALUE );&lt;/p&gt;

&lt;p&gt;OutputStreamWriter writer = new OutputStreamWriter(new FileOutputStream(&quot;c:&lt;br class=&quot;atl-forced-newline&quot; /&gt;google.txt&quot;));&lt;br/&gt;
stripper.writeText( document, writer );&lt;br/&gt;
writer.close();&lt;br/&gt;
document.close();&lt;/p&gt;

&lt;p&gt;You can also look at the ExtractText.java. If you are actually trying to use the Lucene stuff, then I can&apos;t help you.&lt;/p&gt;</comment>
                            <comment id="12668898" author="alvin" created="Fri, 30 Jan 2009 15:24:34 +0000"  >&lt;p&gt;Brilliant, works well. Thanks Andrian. /resolved&lt;/p&gt;</comment>
                            <comment id="12668907" author="lehmi" created="Fri, 30 Jan 2009 15:56:34 +0000"  >&lt;p&gt;Thanks for your help Adrian&lt;/p&gt;</comment>
                    </comments>
                    <attachments>
                            <attachment id="12399119" name="google.pdf" size="123603" author="alvin" created="Fri, 30 Jan 2009 12:31:43 +0000"/>
                    </attachments>
                <subtasks>
                    </subtasks>
                <customfields>
                                                <customfield id="customfield_12310310" key="com.atlassian.jira.toolkit:attachments">
                        <customfieldname>Attachment count</customfieldname>
                        <customfieldvalues>
                            <customfieldvalue>1.0</customfieldvalue>
                        </customfieldvalues>
                    </customfield>
                                                                                            <customfield id="customfield_12310220" key="com.atlassian.jira.ext.charting:firstresponsedate">
                        <customfieldname>Date of First Response</customfieldname>
                        <customfieldvalues>
                            <customfieldvalue>Fri, 30 Jan 2009 13:22:49 +0000</customfieldvalue>

                        </customfieldvalues>
                    </customfield>
                                                                                                                                                    <customfield id="customfield_12310420" key="com.pyxis.greenhopper.jira:gh-global-rank">
                        <customfieldname>Global Rank</customfieldname>
                        <customfieldvalues>
                            <customfieldvalue>163225</customfieldvalue>
                        </customfieldvalues>
                    </customfield>
                                                                <customfield id="customfield_12310920" key="com.pyxis.greenhopper.jira:gh-global-rank">
                        <customfieldname>Rank</customfieldname>
                        <customfieldvalues>
                            <customfieldvalue>205935</customfieldvalue>
                        </customfieldvalues>
                    </customfield>
                                                                                                                        <customfield id="customfield_12310222" key="com.atlassian.jira.ext.charting:timeinstatus">
                        <customfieldname>Time in Status</customfieldname>
                        <customfieldvalues>
                            
                        </customfieldvalues>
                    </customfield>
                                    </customfields>
    </item>
</channel>
</rss>
