file,bugChurn,rank
org.apache.wicket.extensions.ajax.markup.html.modal.ModalWindow_java,784,1
org.apache.wicket.Page_java,631,2
org.apache.wicket.markup.html.form.Form_java,543,3
org.apache.wicket.util.tester.BaseWicketTester_java,518,4
org.apache.wicket.Session_java,516,5
org.apache.wicket.Component_java,502,6
org.apache.wicket.markup.html.border.Border_java,470,7
org.apache.wicket.velocity.markup.html.VelocityPanel_java,382,8
org.apache.wicket.resource.PropertiesFactory_java,326,9
org.apache.wicket.protocol.http.WicketFilter_java,284,10
org.apache.wicket.markup.html.internal.Enclosure_java,272,11
org.apache.wicket.markup.html.list.ListView_java,267,12
org.apache.wicket.markup.html.form.FormComponent_java,260,13
org.apache.wicket.protocol.http.RequestUtils_java,251,14
org.apache.wicket.markup.html.WebPage_java,250,15
org.apache.wicket.ajax.AjaxRequestTarget_java,201,16
org.apache.wicket.model.StringResourceModel_java,200,17
org.apache.wicket.protocol.http.ReloadingWicketFilter_java,194,18
org.apache.wicket.extensions.validation.validator.RfcCompliantEmailAddressValidator_java,186,19
org.apache.wicket.markup.html.navigation.paging.PagingNavigation_java,175,20
org.apache.wicket.markup.html.image.resource.LocalizedImageResource_java,174,21
org.apache.wicket.Localizer_java,170,22
org.apache.wicket.proxy.LazyInitProxyFactory_java,159,23
org.apache.wicket.resource.loader.PackageStringResourceLoader_java,156,24
org.apache.wicket.protocol.http.WebSession_java,151,25
org.apache.wicket.MarkupContainer_java,144,26
org.apache.wicket.markup.html.form.NestedFormsPage_java,140,27
org.apache.wicket.extensions.markup.html.form.select.Select_java,135,28
org.apache.wicket.extensions.breadcrumb.BreadCrumbBar_java,132,29
org.apache.wicket.protocol.http.servlet.ServletWebRequest_java,130,30
org.apache.wicket.markup.html.panel.Panel_java,124,31
org.apache.wicket.util.tester.apps_6.LinkPage_java,124,31
org.apache.wicket.protocol.http.servlet.WicketSessionFilter_java,123,33
org.apache.wicket.markup.html.panel.Fragment_java,122,34
org.apache.wicket.model.util.GenericBaseModel_java,119,35
org.apache.wicket.ajax.form.AjaxFormChoiceComponentUpdatingBehavior_java,118,36
org.apache.wicket.extensions.ajax.markup.html.AjaxEditableLabel_java,114,37
org.apache.wicket.extensions.markup.html.repeater.data.table.DataTable_java,113,38
org.apache.wicket.markup.html.image.Image_java,111,39
org.apache.wicket.markup.MarkupCache_java,111,39
org.apache.wicket.ajax.AbstractDefaultAjaxBehavior_java,103,41
org.apache.wicket.markup.html.panel.InlinePanelPage_8_java,98,42
org.apache.wicket.markup.resolver.WicketMessageResolver_java,96,43
org.apache.wicket.markup.resolver.AutoLinkResolver_java,94,44
org.apache.wicket.util.string.StringValue_java,92,45
org.apache.wicket.protocol.http.WicketServlet_java,92,45
org.apache.wicket.markup.repeater.RefreshingView_java,91,47
org.apache.wicket.spring.injection.annot.AnnotProxyFieldValueFactory_java,90,48
org.apache.wicket.util.tester.MockAjaxFormPage_java,88,49
org.apache.wicket.markup.html.form.submitlink.HomePage_java,88,49
org.apache.wicket.markup.MyComponent_java,87,51
org.apache.wicket.markup.MarkupParser_java,87,51
org.apache.wicket.ajax.form.AjaxFormSubmitTestPage_java,84,53
org.apache.wicket.markup.html.list.Loop_java,82,54
org.apache.wicket.util.thread.Task_java,81,55
org.apache.wicket.extensions.ajax.markup.html.AjaxEditableChoiceLabel_java,80,56
org.apache.wicket.extensions.markup.html.tabs.TabbedPanel_java,79,57
org.apache.wicket.util.time.Time_java,78,58
org.apache.wicket.markup.html.form.AbstractChoice_java,77,59
org.apache.wicket.util.lang.Objects_java,71,60
org.apache.wicket.markup.parser.filter.OpenCloseTagExpander_java,71,60
org.apache.wicket.extensions.ajax.markup.html.autocomplete.AutoCompleteTextField_java,69,62
org.apache.wicket.redirect.abort.AbortExceptionPage_java,69,62
org.apache.wicket.util.tester.FormTester_java,65,64
org.apache.wicket.markup.html.panel.Provider_java,65,64
org.apache.wicket.markup.html.link.InlineFrame_java,65,64
org.apache.wicket.markup.html.form.feedback.FeedbackIndicatorFormPage_java,64,67
org.apache.wicket.markup.html.link.PopupSettings_java,64,67
org.apache.wicket.markup.html.border.HideableBorder_java,62,69
org.apache.wicket.ajax.AjaxBehaviorEnabledPage_java,62,69
org.apache.wicket.markup.html.panel.FeedbackPanel_java,60,71
org.apache.wicket.markup.html.internal.EnclosurePage_6_java,60,71
org.apache.wicket.markup.html.form.feedback.FeedbackFormPage_java,60,71
org.apache.wicket.util.resource.StringResourceStream_java,59,74
org.apache.wicket.markup.html.panel.FragmentTestPanel_java,57,75
org.apache.wicket.markup.outputTransformer.Page_3_java,56,76
org.apache.wicket.util.value.ValueMap_java,53,77
org.apache.wicket.markup.html.pages.BrowserInfoPage_java,52,78
org.apache.wicket.extensions.markup.html.form.palette.Palette_java,52,78
org.apache.wicket.redirect.intercept.InterceptPage_java,51,80
org.apache.wicket.markup.html.internal.EnclosurePage_3_java,50,81
org.apache.wicket.markup.html.basic.XmlPage_3_java,50,81
org.apache.wicket.util.string.Strings_java,49,83
org.apache.wicket.markup.html.basic.SimplePage_16_java,49,83
org.apache.wicket.markup.html.internal.EnclosurePage_2_java,48,85
org.apache.wicket.util.tester.apps_5.MockPageWithFormAndContainedLink_java,48,85
org.apache.wicket.model.Model_java,48,85
org.apache.wicket.util.tester.apps_6.ResultPage_java,47,88
org.apache.wicket.markup.html.basic.XmlPage_1_java,46,89
org.apache.wicket.markup.html.link.ExternalLinkPage_2_java,46,89
org.apache.wicket.markup.html.basic.XmlBasePage_java,46,89
org.apache.wicket.markup.html.navigation.paging.PagingNavigator_java,46,89
org.apache.wicket.markup.html.autolink.LinkPanel_java,43,93
org.apache.wicket.resource.loader.XmlPage_java,43,93
org.apache.wicket.util.tester.MockPageWithLinkAndLabel_java,43,93
org.apache.wicket.ajax.AbstractAjaxTimerBehavior_java,41,96
org.apache.wicket.markup.html.include.Include_java,41,96
org.apache.wicket.markup.html.panel.InlinePanelPage_7_java,40,98
org.apache.wicket.markup.html.autolink.Index_java,40,98
org.apache.wicket.markup.html.form.FormComponentPanel_java,40,98
org.apache.wicket.markup.parser.Page_3_java,40,98
org.apache.wicket.redirect.intercept.TargetPage_java,39,102
org.apache.wicket.markup.html.basic.XmlPage_2_java,39,102
org.apache.wicket.markup.html.internal.MyBorder_java,39,102
org.apache.wicket.redirect.intercept.HomePage_java,38,105
org.apache.wicket.markup.html.form.CheckBoxMultipleChoice_java,38,105
org.apache.wicket.markup.repeater.AbstractRepeater_java,38,105
org.apache.wicket.redirect.ProtectedPage_java,37,108
org.apache.wicket.session.DefaultPageFactory_java,37,108
org.apache.wicket.extensions.rating.RatingPanel_java,37,108
org.apache.wicket.ProtectedPage_java,36,111
org.apache.wicket.extensions.ajax.markup.html.autocomplete.AbstractAutoCompleteBehavior_java,36,111
org.apache.wicket.AttributeModifier_java,36,111
org.apache.wicket.validation.INullAcceptingValidator_java,36,111
org.apache.wicket.ajax.markup.html.form.AjaxSubmitLink_java,36,111
org.apache.wicket.markup.html.border.HideableBorderPage_java,35,116
org.apache.wicket.LoginPage_java,35,116
org.apache.wicket.markup.html.autolink.QuickStartPage_java,35,116
org.apache.wicket.util.time.TimeFrame_java,34,119
org.apache.wicket.markup.html.form.ListMultipleChoice_java,33,120
org.apache.wicket.markup.html.autolink.SubPage_java,33,120
org.apache.wicket.MarkupIdTestPage_java,32,122
org.apache.wicket.markup.html.link.ExternalLinkPage_1_java,32,122
org.apache.wicket.markup.repeater.RepeatingView_java,31,124
org.apache.wicket.redirect.LoginPage_java,31,124
org.apache.wicket.protocol.http.FirstPage_java,31,124
org.apache.wicket.resource.loader.ComponentStringResourceLoader_java,31,124
org.apache.wicket.extensions.ajax.markup.html.AjaxEditableMultiLineLabel_java,30,128
org.apache.wicket.markup.html.form.upload.MultiFileUploadField_java,29,129
org.apache.wicket.protocol.http.SecondPage_java,29,129
org.apache.wicket.markup.MarkupStream_java,28,131
org.apache.wicket.markup.html.form.CheckGroup_java,28,131
org.apache.wicket.util.license.AbstractLicenseHeaderHandler_java,27,133
org.apache.wicket.markup.html.form.upload.MockPageWithFormAndUploadField_java,27,133
org.apache.wicket.ajax.markup.html.form.AjaxButton_java,26,135
org.apache.wicket.ajax.form.AjaxFormSubmitBehavior_java,24,136
org.apache.wicket.markup.html.form.LocalizedMessagePage_java,24,136
org.apache.wicket.util.string.PrependingStringBuffer_java,23,138
org.apache.wicket.markup.html.form.AbstractSingleSelectChoice_java,23,138
org.apache.wicket.markup.MarkupResourceStream_java,23,138
org.apache.wicket.markup.html.form.RadioChoice_java,23,138
org.apache.wicket.extensions.markup.html.repeater.data.table.PropertyColumn_java,23,138
org.apache.wicket.markup.ContainerInfo_java,22,143
org.apache.wicket.markup.html.link.ExternalLink_java,22,143
org.apache.wicket.util.collections.MiniMap_java,21,145
org.apache.wicket.util.file.FileCleaner_java,21,145
org.apache.wicket.ajax.markup.html.form.AjaxFallbackButton_java,20,147
org.apache.wicket.extensions.markup.html.form.select.SelectOptions_java,20,147
org.apache.wicket.util.value.IValueMap_java,20,147
org.apache.wicket.util.watch.ModificationWatcher_java,20,147
org.apache.wicket.spring.SpringBeanLocator_java,19,151
org.apache.wicket.markup.html.border.BorderRenderWrappedTestPage_1_java,19,151
org.apache.wicket.markup.html.form.Button_java,18,153
org.apache.wicket.markup.parser.filter.WicketMessageTagHandler_java,18,153
org.apache.wicket.application.DefaultClassResolver_java,18,153
org.apache.wicket.validation.ValidationError_java,18,153
org.apache.wicket.util.resource.StringBufferResourceStream_java,17,157
org.apache.wicket.markup.html.form.DropDownChoice_java,17,157
org.apache.wicket.authorization.strategies.page.SimplePageAuthorizationStrategy_java,17,157
org.apache.wicket.markup.ComponentTag_java,16,160
org.apache.wicket.markup.html.form.login.MockLoginPage_java,16,160
org.apache.wicket.markup.html.image.resource.DefaultButtonImageResource_java,16,160
org.apache.wicket.markup.html.form.CheckGroupDisabledTestPage_java,16,160
org.apache.wicket.protocol.http.RequestLogger_java,15,164
org.apache.wicket.MockPageWithForm_java,15,164
org.apache.wicket.protocol.http.WebApplication_java,15,164
org.apache.wicket.feedback.FeedbackMessagesModel_java,15,164
org.apache.wicket.contrib.markup.html.velocity.VelocityWithMarkupParsingPage_java,15,164
org.apache.wicket.Initializer_java,15,164
org.apache.wicket.markup.html.form.upload.FileUploadField_java,14,170
org.apache.wicket.markup.repeater.AbstractPageableView_java,14,170
org.apache.wicket.util.convert.IConverter_java,14,170
org.apache.wicket.feedback.IFeedback_java,13,173
org.apache.wicket.markup.Markup_java,13,173
org.apache.wicket.markup.html.form.CheckBox_java,13,173
org.apache.wicket.markup.MyTable_java,13,173
org.apache.wicket.MetaDataKey_java,13,173
org.apache.wicket.extensions.markup.html.basic.LinkParser_java,13,173
org.apache.wicket.markup.html.link.BookmarkablePageLink_java,13,173
org.apache.wicket.markup.MergedMarkup_java,13,173
org.apache.wicket.markup.html.form.AbstractTextComponent_java,12,181
org.apache.wicket.markup.html.form.CheckGroupTestPage5_java,12,181
org.apache.wicket.util.tester.apps_1.CreateBook_java,11,183
org.apache.wicket.extensions.ajax.markup.html.form.upload.UploadProgressBar_java,11,183
org.apache.wicket.markup.html.form.RadioGroup_java,11,183
org.apache.wicket.Application_java,10,186
org.apache.wicket.markup.parser.XmlTag_java,10,186
org.apache.wicket.AttributeModifierComponentPage_java,10,186
org.apache.wicket.markup.html.form.ListChoice_java,10,186
org.apache.wicket.util.license.ApacheLicenseHeaderTestCase_java,10,186
org.apache.wicket.markup.html.pages.ExceptionErrorPage_java,9,191
org.apache.wicket.util.resource.AbstractStringResourceStream_java,9,191
org.apache.wicket.resource.loader.ClassStringResourceLoader_java,9,191
org.apache.wicket.markup.html.navigation.paging.PagingNavigationIncrementLink_java,9,191
org.apache.wicket.markup.transformer.AbstractTransformerBehavior_java,9,191
org.apache.wicket.util.license.XmlLicenseHeaderHandler_java,9,191
org.apache.wicket.util.template.TextTemplateDecorator_java,9,191
org.apache.wicket.util.tester.TagTester_java,9,191
org.apache.wicket.markup.repeater.data.DataView_java,8,199
org.apache.wicket.markup.html.form.RadioGroupDisabledTestPage_java,8,199
org.apache.wicket.util.tester.MockFormPage_java,8,199
org.apache.wicket.markup.parser.filter.HtmlHandler_java,8,199
org.apache.wicket.markup.html.form.RadioGroupTestPage2_java,8,199
org.apache.wicket.authorization.UnauthorizedInstantiationException_java,8,199
org.apache.wicket.markup.html.form.RadioGroupTestPage1_java,8,199
org.apache.wicket.markup.html.form.validation.FormComponentFeedbackIndicator_java,8,199
org.apache.wicket.markup.html.border.FormBorder_java,8,199
org.apache.wicket.injection.Injector_java,7,208
org.apache.wicket.protocol.http.documentvalidation.HtmlDocumentValidator_java,7,208
org.apache.wicket.util.tester.MockFormFileUploadPage_java,7,208
org.apache.wicket.util.convert.ConversionException_java,7,208
org.apache.wicket.guice.GuiceComponentInjector_java,7,208
org.apache.wicket.ajax.AjaxEventBehavior_java,7,208
org.apache.wicket.markup.html.form.AbstractCheckGroupTestPage_java,6,214
org.apache.wicket.markup.html.form.ChoiceRenderer_java,6,214
org.apache.wicket.markup.IMarkupResourceStreamProvider_java,6,214
org.apache.wicket.markup.resolver.HtmlHeaderResolver_java,6,214
org.apache.wicket.jmx.Initializer_java,5,218
org.apache.wicket.resource.loader.BundleStringResourceLoader_java,5,218
org.apache.wicket.markup.html.link.PopupCloseLink_java,5,218
org.apache.wicket.markup.html.form.ImageButton_java,5,218
org.apache.wicket.extensions.markup.html.basic.SmartLinkMultiLineLabel_java,5,218
org.apache.wicket.markup.parser.filter.RelativePathPrefixHandler_java,5,218
org.apache.wicket.extensions.markup.html.basic.SmartLinkLabel_java,5,218
org.apache.wicket.markup.parser.filter.HeaderSectionMyLabel_java,4,225
org.apache.wicket.feedback.FeedbackMessage_java,4,225
org.apache.wicket.util.lang.EnumeratedType_java,4,225
org.apache.wicket.markup.repeater.OddEvenItem_java,4,225
org.apache.wicket.markup.html.basic.MultiLineLabel_java,4,225
org.apache.wicket.util.resource.IResourceStream_java,4,225
org.apache.wicket.behavior.AttributeAppender_java,4,225
org.apache.wicket.validation.IValidator_java,4,225
org.apache.wicket.markup.html.basic.Label_java,4,225
org.apache.wicket.extensions.markup.html.repeater.data.table.filter.FilterForm_java,4,225
org.apache.wicket.util.lang.Classes_java,4,225
org.apache.wicket.markup.parser.filter.HeaderSectionMyLabel2_java,3,236
org.apache.wicket.markup.html.form.validation.FormComponentFeedbackBorder_java,3,236
org.apache.wicket.feedback.ComponentFeedbackMessageFilter_java,3,236
org.apache.wicket.application.ReloadingClassLoader_java,3,236
org.apache.wicket.extensions.markup.html.form.palette.component.AbstractOptions_java,2,240
org.apache.wicket.markup.html.form.Check_java,2,240
org.apache.wicket.extensions.markup.html.repeater.data.table.filter.FilteredAbstractColumn_java,2,240
org.apache.wicket.markup.parser.filter.WicketLinkTagHandler_java,2,240
org.apache.wicket.markup.html.form.Radio_java,2,240
org.apache.wicket.markup.html.image.InvalidImagePage_java,2,240
org.apache.wicket.extensions.markup.html.repeater.data.table.filter.GoAndClearFilter_java,2,240
org.apache.wicket.markup.html.form.imagebutton.InvalidImageButtonPage_java,2,240
org.apache.wicket.markup.html.internal.ComponentResolvingPage_java,2,240
org.apache.wicket.markup.repeater.data.IDataProvider_java,2,240
org.apache.wicket.util.lang.Bytes_java,2,240
org.apache.wicket.markup.MarkupInheritanceBase_10_java,2,240
org.apache.wicket.markup.html.basic.SimplePage_14_java,2,240
org.apache.wicket.markup.MarkupInheritanceBaseBase_11_java,2,240
org.apache.wicket.extensions.markup.html.form.palette.component.Recorder_java,2,240
org.apache.wicket.markup.resolver.SimplePage_3_java,2,240
org.apache.wicket.model.util.CollectionModel_java,2,240
org.apache.wicket.resource.IPropertiesFactory_java,2,240
org.apache.wicket.model.util.SetModel_java,2,240
org.apache.wicket.markup.html.basic.SimplePage_java,2,240
org.apache.wicket.model.util.MapModel_java,2,240
org.apache.wicket.model.util.ListModel_java,2,240
org.apache.wicket.IConverterLocator_java,2,240
org.apache.wicket.markup.html.panel.PanelWithAttributeModifier_java,2,240
org.apache.wicket.markup.resolver.SimplePage_2_java,2,240
org.apache.wicket.markup.repeater.data.DataViewBase_java,2,240
org.apache.wicket.markup.html.image.Home_java,1,266
