file,bugChurn,rank
org.apache.wicket.util.tester.BaseWicketTester_java,383,1
org.apache.wicket.request.UrlRenderer_java,341,2
org.apache.wicket.ajax.form.AjaxFormChoiceComponentUpdatingBehavior_java,299,3
org.apache.wicket.core.request.mapper.AbstractBookmarkableMapper_java,275,4
org.apache.wicket.protocol.http.WicketFilter_java,232,5
org.apache.wicket.core.request.mapper.MountedMapper_java,225,6
org.apache.wicket.markup.html.form.NumberTextField_java,162,7
org.apache.wicket.request.Url_java,147,8
org.apache.wicket.core.util.resource.locator.ResourceStreamLocator_java,143,9
org.apache.wicket.core.request.handler.PageProvider_java,127,10
org.apache.wicket.ConverterLocator_java,127,10
org.apache.wicket.util.lang.Numbers_java,120,12
org.apache.wicket.markup.html.form.Form_java,117,13
org.apache.wicket.extensions.markup.html.repeater.data.table.filter.FilterToolbar_java,116,14
org.apache.wicket.core.util.resource.ClassPathResourceFinder_java,114,15
org.apache.wicket.protocol.http.servlet.ServletWebRequest_java,109,16
org.apache.wicket.util.tester.FormTester_java,107,17
org.apache.wicket.markup.parser.filter.CustomMarkupLabel_java,107,17
org.apache.wicket.util.file.Path_java,107,17
org.apache.wicket.core.util.file.WebApplicationPath_java,101,20
org.apache.wicket.request.UrlUtils_java,101,20
org.apache.wicket.protocol.http.HeaderBufferingWebResponse_java,98,22
org.apache.wicket.core.request.handler.RequestSettingRequestHandler_java,91,23
org.apache.wicket.markup.head.CssHeaderItem_java,90,24
org.apache.wicket.protocol.http.WebApplication_java,89,25
org.apache.wicket.request.resource.ResourceStreamResource_java,85,26
org.apache.wicket.markup.head.filter.FilteredHeaderPage_java,84,27
org.apache.wicket.extensions.markup.html.repeater.data.table.HeadersToolbar_java,84,27
org.apache.wicket.markup.html.internal.InlineEnclosureDifferentNamespacePage_java,83,29
org.apache.wicket.ajax.markup.html.AjaxFallbackLink_java,81,30
org.apache.wicket.core.util.string.interpolator.PropertyVariableInterpolator_java,74,31
org.apache.wicket.extensions.ajax.markup.html.autocomplete.AutoCompletePage_java,73,32
org.apache.wicket.UrlResourceReferenceMapper_java,71,33
org.apache.wicket.protocol.http.mock.Cookies_java,70,34
org.apache.wicket.markup.parser.filter.InlineEnclosureHandler_java,69,35
org.apache.wicket.extensions.markup.html.form.select.SelectTestPage2_java,68,36
org.apache.wicket.markup.html.internal.InlineEnclosure_java,63,37
org.apache.wicket.request.resource.ContextRelativeResource_java,61,38
org.apache.wicket.protocol.http.servlet.DispatchedRequestUtils_java,61,38
org.apache.wicket.Page_java,59,40
org.apache.wicket.ajax.form.AjaxFormValidatingBehavior_java,58,41
org.apache.wicket.core.util.resource.locator.IResourceNameIterator_java,57,42
org.apache.wicket.markup.head.internal.HeaderResponse_java,56,43
org.apache.wicket.resource.TextTemplateResourceReference_java,55,44
org.apache.wicket.core.request.mapper.AbstractResourceReferenceMapper_java,54,45
org.apache.wicket.Component_java,54,45
org.apache.wicket.ajax.AbstractAjaxTimerBehavior_java,52,47
org.apache.wicket.extensions.markup.html.repeater.data.table.filter.FilterForm_java,52,47
org.apache.wicket.extensions.ajax.markup.html.modal.ModalWindow_java,51,49
org.apache.wicket.extensions.markup.html.repeater.data.sort.OrderByLink_java,50,50
org.apache.wicket.core.request.mapper.PackageMapper_java,49,51
org.apache.wicket.extensions.markup.html.form.select.Select_java,49,51
org.apache.wicket.markup.MarkupParser_java,48,53
org.apache.wicket.core.util.lang.WicketObjects_java,47,54
org.apache.wicket.core.request.mapper.CryptoMapper_java,46,55
org.apache.wicket.util.lang.Packages_java,46,55
org.apache.wicket.request.IUrlRenderer_java,46,55
org.apache.wicket.protocol.ws.api.AbstractWebSocketProcessor_java,46,55
org.apache.wicket.extensions.ajax.markup.html.autocomplete.AbstractAutoCompleteBehavior_java,46,55
org.apache.wicket.ajax.markup.html.form.AjaxFallbackButton_java,46,55
org.apache.wicket.protocol.http.servlet.ServletWebResponse_java,46,55
org.apache.wicket.markup.html.form.CheckGroupSelector_java,44,62
org.apache.wicket.markup.parser.filter.StyleAndScriptIdentifier_java,44,62
org.apache.wicket.extensions.markup.html.repeater.data.sort.OrderByBorder_java,42,64
org.apache.wicket.markup.parser.AbstractMarkupFilter_java,42,64
org.apache.wicket.markup.html.form.Button_java,40,66
org.apache.wicket.request.handler.render.WebPageRenderer_java,40,66
org.apache.wicket.Localizer_java,40,66
org.apache.wicket.ajax.form.AjaxFormSubmitBehavior_java,39,69
org.apache.wicket.util.collections.UrlExternalFormComparator_java,38,70
org.apache.wicket.util.convert.converter.SqlDateConverter_java,37,71
org.apache.wicket.ajax.AjaxChannel_java,36,72
org.apache.wicket.markup.html.internal.InlineEnclosureWithWicketMessagePage_java,36,72
org.apache.wicket.extensions.ajax.markup.html.autocomplete.AutoCompleteTextField_java,35,74
org.apache.wicket.markup.head.filter.FilteringHeaderResponse_java,35,74
org.apache.wicket.application.CompoundClassResolver_java,35,74
org.apache.wicket.protocol.http.BufferedWebResponse_java,34,77
org.apache.wicket.markup.parser.filter.EnclosureHandler_java,34,77
org.apache.wicket.application.AbstractClassResolver_java,34,77
org.apache.wicket.request.resource.UrlResourceReference_java,33,80
org.apache.wicket.request.cycle.RequestCycle_java,33,80
org.apache.wicket.extensions.markup.html.form.palette.Palette_java,33,80
org.apache.wicket.markup.TagUtils_java,31,83
org.apache.wicket.util.template.PackageTextTemplate_java,31,83
org.apache.wicket.pageStore.PageWindowManager_java,31,83
org.apache.wicket.markup.html.autolink.sub.LogoPanel_java,31,83
org.apache.wicket.ajax.form.AjaxFormComponentUpdatingBehavior_java,31,83
org.apache.wicket.markup.html.panel.FeedbackPanel_java,30,88
org.apache.wicket.core.util.resource.locator.caching.UrlResourceStreamReference_java,30,88
org.apache.wicket.markup.html.internal.HtmlHeaderContainer_java,30,88
org.apache.wicket.markup.html.form.CheckGroup_java,30,88
org.apache.wicket.request.resource.PackageResource_java,29,92
org.apache.wicket.core.request.mapper.BookmarkableMapper_java,29,92
org.apache.wicket.session.DefaultPageFactory_java,29,92
org.apache.wicket.markup.parser.filter.HtmlHeaderSectionHandler_java,29,92
org.apache.wicket.protocol.http.AbstractRequestLogger_java,29,92
org.apache.wicket.util.tester.WicketTesterHelper_java,29,92
org.apache.wicket.util.lang.Classes_java,29,92
org.apache.wicket.markup.parser.filter.PageWithScriptTemplate_java,28,99
org.apache.wicket.ThreadContext_java,28,99
org.apache.wicket.extensions.ajax.markup.html.AjaxEditableChoiceLabel_java,28,99
org.apache.wicket.extensions.ajax.markup.html.AjaxEditableLabel_java,28,99
org.apache.wicket.protocol.ws.api.WebSocketRequest_java,27,103
org.apache.wicket.protocol.http.servlet.MultipartServletWebRequestImpl_java,27,103
org.apache.wicket.Session_java,26,105
org.apache.wicket.request.mapper.parameter.PageParametersEncoder_java,26,105
org.apache.wicket.core.util.resource.locator.ResourceNameIterator_java,26,105
org.apache.wicket.markup.Markup_java,25,108
org.apache.wicket.core.util.string.CssUtils_java,25,108
org.apache.wicket.request.resource.AbstractResource_java,24,110
org.apache.wicket.proxy.LazyInitProxyFactory_java,24,110
org.apache.wicket.RequestListenerInterface_java,24,110
org.apache.wicket.markup.html.form.RadioGroup_java,23,113
org.apache.wicket.markup.html.form.CheckboxMultipleChoiceSelector_java,22,114
org.apache.wicket.markup.html.form.AbstractCheckSelector_java,22,114
org.apache.wicket.util.io.Streams_java,22,114
org.apache.wicket.Behaviors_java,22,114
org.apache.wicket.markup.html.form.IFormSubmitter_java,22,114
org.apache.wicket.protocol.http.IRequestLogger_java,22,114
org.apache.wicket.extensions.markup.html.repeater.util.SortableTreeProvider_java,21,120
org.apache.wicket.extensions.markup.html.tabs.TabbedPanel_java,21,120
org.apache.wicket.util.tester.CookiePage_java,21,120
org.apache.wicket.ajax.markup.html.form.AjaxSubmitLink_java,21,120
org.apache.wicket.markup.html.form.CheckBoxSelector_java,21,120
org.apache.wicket.RemoveTestPage_java,20,125
org.apache.wicket.core.util.resource.locator.IResourceStreamLocator_java,20,125
org.apache.wicket.markup.html.form.AutoLabelTagHandler_java,20,125
org.apache.wicket.extensions.markup.html.form.palette.component.AbstractOptions_java,19,128
org.apache.wicket.extensions.ajax.markup.html.autocomplete.DefaultCssAutoCompleteTextField_java,19,128
org.apache.wicket.extensions.ajax.markup.html.tabs.AjaxTabbedPanel_java,19,128
org.apache.wicket.RestartResponseException_java,19,128
org.apache.wicket.Application_java,18,132
org.apache.wicket.resource.loader.ValidatorStringResourceLoader_java,18,132
org.apache.wicket.ajax.AjaxRequestTarget_java,18,132
org.apache.wicket.DefaultExceptionMapper_java,18,132
org.apache.wicket.protocol.http.servlet.ErrorAttributes_java,17,136
org.apache.wicket.util.encoding.UrlDecoder_java,17,136
org.apache.wicket.validation.validator.AbstractRangeValidator_java,17,136
org.apache.wicket.feedback.FeedbackMessages_java,17,136
org.apache.wicket.util.tester.WicketTester_java,17,136
org.apache.wicket.behavior.AbstractAjaxBehavior_java,16,141
org.apache.wicket.markup.outputTransformer.Page_1_java,16,141
org.apache.wicket.core.request.mapper.BasicResourceReferenceMapper_java,16,141
org.apache.wicket.ajax.markup.html.form.AjaxButton_java,16,141
org.apache.wicket.extensions.markup.html.form.palette.component.Recorder_java,16,141
org.apache.wicket.resource.loader.ComponentStringResourceLoader_java,16,141
org.apache.wicket.markup.parser.filter.RootMarkupFilter_java,16,141
org.apache.wicket.markup.head.ResourceAggregator_java,15,148
org.apache.wicket.extensions.ajax.markup.html.AjaxLazyLoadPanel_java,15,148
org.apache.wicket.util.tester.apps_3.ChoicePage_java,15,148
org.apache.wicket.request.mapper.parameter.PageParameters_java,15,148
org.apache.wicket.extensions.markup.html.repeater.data.table.NavigationToolbar_java,15,148
org.apache.wicket.extensions.markup.html.repeater.util.SortableDataProvider_java,14,153
org.apache.wicket.versioning.InMemoryPageStore_java,14,153
org.apache.wicket.extensions.markup.html.repeater.util.SingleSortState_java,14,153
org.apache.wicket.markup.html.form.AbstractSingleSelectChoice_java,14,153
org.apache.wicket.extensions.ajax.markup.html.AjaxEditableMultiLineLabel_java,14,153
org.apache.wicket.markup.parser.filter.WicketMessageTagHandler_java,14,153
org.apache.wicket.markup.html.form.AbstractSubmitLink_java,14,153
org.apache.wicket.util.file.Files_java,14,153
org.apache.wicket.extensions.markup.html.form.select.SelectOptions_java,14,153
org.apache.wicket.spring.injection.annot.AnnotProxyFieldValueFactory_java,14,153
org.apache.wicket.markup.html.link.PageWithLink_java,13,163
org.apache.wicket.markup.html.link.DownloadLink_java,13,163
org.apache.wicket.page.RequestAdapter_java,12,165
org.apache.wicket.protocol.http.mock.MockHttpServletResponse_java,12,165
org.apache.wicket.markup.html.form.ValidationErrorFeedback_java,12,165
org.apache.wicket.extensions.markup.html.repeater.data.table.NoRecordsToolbar_java,12,165
org.apache.wicket.markup.transformer.XsltOutputTransformerContainer_java,12,165
org.apache.wicket.session.HttpSessionStore_java,12,165
org.apache.wicket.request.IRequestCycle_java,11,171
org.apache.wicket.markup.html.form.AutoLabelResolver_java,11,171
org.apache.wicket.feedback.FeedbackMessage_java,10,173
org.apache.wicket.extensions.ajax.markup.html.repeater.data.sort.AjaxFallbackOrderByBorder_java,10,173
org.apache.wicket.markup.head.JavaScriptHeaderItem_java,10,173
org.apache.wicket.protocol.http.mock.MockHttpServletRequest_java,10,173
org.apache.wicket.model.StringResourceModel_java,10,173
org.apache.wicket.core.util.string.JavaScriptUtils_java,10,173
org.apache.wicket.markup.head.filter.AbstractHeaderResponseFilter_java,10,173
org.apache.wicket.markup.parser.filter.RelativePathPrefixHandler_java,10,173
org.apache.wicket.ajax.AjaxEventBehavior_java,10,173
org.apache.wicket.protocol.http.ReloadingWicketFilter_java,10,173
org.apache.wicket.core.util.lang.PropertyResolver_java,10,173
org.apache.wicket.RestartResponseAtInterceptPageException_java,9,184
org.apache.wicket.markup.html.form.ListMultipleChoice_java,9,184
org.apache.wicket.markup.html.panel.AssociatedMarkupSourcingStrategy_java,9,184
org.apache.wicket.util.convert.converter.AbstractIntegerConverter_java,9,184
org.apache.wicket.util.string.Strings_java,9,184
org.apache.wicket.markup.html.link.PopupSettings_java,9,184
org.apache.wicket.behavior.Behavior_java,8,190
org.apache.wicket.request.mapper.parameter.UrlPathPageParametersEncoder_java,8,190
org.apache.wicket.util.convert.converter.SqlTimestampConverter_java,8,190
org.apache.wicket.markup.parser.filter.WicketLinkTagHandler_java,8,190
org.apache.wicket.extensions.ajax.markup.html.repeater.data.table.AjaxFallbackDefaultDataTable_java,8,190
org.apache.wicket.markup.html.form.NestedFormsPage_java,8,190
org.apache.wicket.request.http.WebRequest_java,8,190
org.apache.wicket.extensions.markup.html.repeater.data.table.AbstractColumn_java,8,190
org.apache.wicket.markup.parser.filter.WicketContainerTagHandler_java,8,190
org.apache.wicket.markup.html.IPackageResourceGuard_java,8,190
org.apache.wicket.request.resource.PackageResourceReference_java,8,190
org.apache.wicket.core.util.resource.locator.caching.CachingResourceStreamLocator_java,8,190
org.apache.wicket.extensions.markup.html.repeater.tree.DefaultTableTree_java,8,190
org.apache.wicket.extensions.ajax.markup.html.repeater.data.sort.AjaxFallbackOrderByLink_java,8,190
org.apache.wicket.util.convert.converter.SqlTimeConverter_java,8,190
org.apache.wicket.markup.html.form.SubmitLink_java,8,190
org.apache.wicket.request.mapper.parameter.IPageParametersEncoder_java,7,206
org.apache.wicket.markup.parser.XmlTag_java,7,206
org.apache.wicket.markup.parser.filter.WicketRemoveTagHandler_java,7,206
org.apache.wicket.markup.html.form.FormComponent_java,7,206
org.apache.wicket.validation.ValidationError_java,7,206
org.apache.wicket.util.watch.ModificationWatcher_java,7,206
org.apache.wicket.markup.html.panel.AbstractMarkupSourcingStrategy_java,7,206
org.apache.wicket.util.parse.metapattern.parsers.VariableAssignmentParser_java,6,213
org.apache.wicket.util.string.interpolator.VariableInterpolator_java,6,213
org.apache.wicket.markup.html.PackageResourceGuard_java,6,213
org.apache.wicket.protocol.ws.api.WebSocketBehavior_java,6,213
org.apache.wicket.velocity.Initializer_java,6,213
org.apache.wicket.ajax.form.AjaxFormSubmitBehaviorTestPage_java,6,213
org.apache.wicket.markup.parser.filter.WicketTagIdentifier_java,6,213
org.apache.wicket.protocol.http.RequestLogger_java,6,213
org.apache.wicket.application.IClassResolver_java,6,213
org.apache.wicket.extensions.markup.html.repeater.data.table.DefaultDataTable_java,6,213
org.apache.wicket.extensions.ajax.markup.html.form.upload.UploadStatusResource_java,6,213
org.apache.wicket.markup.html.form.validation.HomePage_java,6,213
org.apache.wicket.extensions.ajax.markup.html.form.upload.UploadProgressBar_java,6,213
org.apache.wicket.devutils.inspector.RenderPerformanceListener_java,5,226
org.apache.wicket.protocol.https.HttpsMapper_java,5,226
org.apache.wicket.markup.html.form.validation.AbstractFormValidator_java,5,226
org.apache.wicket.request.mapper.parameter.INamedParameters_java,5,226
org.apache.wicket.util.resource.StringResourceStream_java,5,226
org.apache.wicket.extensions.markup.html.repeater.data.table.AbstractToolbar_java,5,226
org.apache.wicket.extensions.ajax.markup.html.autocomplete.AbstractAutoCompleteTextRenderer_java,5,226
org.apache.wicket.application.ReloadingClassLoader_java,5,226
org.apache.wicket.markup.head.JavaScriptUrlReferenceHeaderItem_java,5,226
org.apache.wicket.MarkupContainer_java,5,226
org.apache.wicket.markup.head.JavaScriptReferenceHeaderItem_java,5,226
org.apache.wicket.ajax.AbstractDefaultAjaxBehavior_java,5,226
org.apache.wicket.extensions.markup.html.repeater.data.table.ISortableDataProvider_java,4,238
org.apache.wicket.request.mapper.AbstractMapper_java,4,238
org.apache.wicket.validation.validator.RangeValidator_java,4,238
org.apache.wicket.markup.AbstractMarkupParser_java,4,238
org.apache.wicket.util.lang.Objects_java,4,238
org.apache.wicket.resource.loader.PackageStringResourceLoader_java,4,238
org.apache.wicket.extensions.markup.html.basic.SmartLinkMultiLineLabel_java,4,238
org.apache.wicket.markup.parser.XmlPullParser_java,4,238
org.apache.wicket.extensions.markup.html.repeater.data.sort.ISortStateLocator_java,4,238
org.apache.wicket.devutils.diskstore.browser.PageWindowProvider_java,4,238
org.apache.wicket.markup.html.form.submitlink.HomePage_java,4,238
org.apache.wicket.util.convert.converter.DateConverter_java,4,238
org.apache.wicket.protocol.http.servlet.ForwardAttributes_java,4,238
org.apache.wicket.util.tester.MockPageAjaxSubmitLinkSubmitsWholeForm_java,4,238
org.apache.wicket.protocol.ws.util.tester.WebSocketTester_java,4,238
org.apache.wicket.markup.html.panel.FragmentMarkupSourcingStrategy_java,4,238
org.apache.wicket.ajax.markup.html.form.HomePage_java,4,238
org.apache.wicket.ajax.AjaxRequestHandler_java,4,238
org.apache.wicket.protocol.http.IWebApplicationFactory_java,4,238
org.apache.wicket.extensions.markup.html.repeater.data.table.SortableContactDataProvider_java,4,238
org.apache.wicket.resource.bundles.ConcatResourceBundleReference_java,3,258
org.apache.wicket.markup.html.form.IChoiceRenderer_java,3,258
org.apache.wicket.extensions.ajax.markup.html.autocomplete.AbstractAutoCompleteRenderer_java,3,258
org.apache.wicket.markup.html.form.EnumChoiceRenderer_java,3,258
org.apache.wicket.markup.html.basic.EnumLabel_java,3,258
org.apache.wicket.request.mapper.CompoundRequestMapper_java,3,258
org.apache.wicket.extensions.wizard.WizardButton_java,3,258
org.apache.wicket.request.Request_java,2,265
org.apache.wicket.markup.html.form.border.MyBorder_java,2,265
org.apache.wicket.extensions.markup.html.repeater.data.table.filter.GoFilter_java,2,265
org.apache.wicket.markup.head.CssReferenceHeaderItem_java,2,265
org.apache.wicket.util.cookies.SetCookieAndRedirectStatefullTestPage_java,2,265
org.apache.wicket.util.tester.MockPageWithFormAndCheckGroup_java,2,265
org.apache.wicket.protocol.http.documentvalidation.HtmlDocumentParser_java,2,265
org.apache.wicket.jmx.ResourceSettingsMBean_java,2,265
org.apache.wicket.markup.head.filter.CssAcceptingHeaderResponseFilter_java,2,265
org.apache.wicket.markup.html.form.validation.FormComponentFeedbackBorder_java,2,265
org.apache.wicket.extensions.markup.html.repeater.data.table.filter.GoAndClearFilter_java,2,265
org.apache.wicket.markup.html.link.submitLink.FormPage2_java,2,265
org.apache.wicket.extensions.markup.html.basic.DefaultLinkParser_java,2,265
org.apache.wicket.ApplicationListenerCollection_java,2,265
org.apache.wicket.markup.html.form.panelBorder.MyBorder_java,2,265
org.apache.wicket.request.resource.JavaScriptPackageResource_java,2,265
org.apache.wicket.request.resource.ResourceReference_java,2,265
org.apache.wicket.extensions.markup.html.repeater.tree.ISortableTreeProvider_java,2,265
org.apache.wicket.markup.html.form.AutoLabelTextResolver_java,2,265
org.apache.wicket.protocol.http.AjaxEnclosureListener_java,2,265
org.apache.wicket.markup.html.link.submitLink.FormPage_java,2,265
org.apache.wicket.util.tester.apps_7.HomePage_java,2,265
org.apache.wicket.markup.head.filter.JavaScriptAcceptingHeaderResponseFilter_java,2,265
org.apache.wicket.application.DefaultClassResolver_java,2,265
org.apache.wicket.extensions.captcha.kittens.KittenCaptchaPanel_java,2,265
org.apache.wicket.devutils.diskstore.browser.BrowserTable_java,2,265
org.apache.wicket.util.tester.MockPageWithFormAndAjaxFormSubmitBehavior_java,2,265
org.apache.wicket.util.tester.apps_6.LinkPage_java,2,265
org.apache.wicket.spring.SpringWebApplicationFactory_java,2,265
org.apache.wicket.extensions.markup.html.tabs.AbstractTab_java,2,265
org.apache.wicket.feedback.FencedFeedbackPanel_java,2,265
org.apache.wicket.markup.head.filter.CssAndPageAcceptingHeaderResponseFilter_java,2,265
org.apache.wicket.markup.html.form.validation.MyBorder_java,2,265
org.apache.wicket.util.visit.ClassVisitFilter_java,2,265
org.apache.wicket.ajax.HomePage_java,2,265
org.apache.wicket.markup.head.CssUrlReferenceHeaderItem_java,2,265
org.apache.wicket.ajax.form.AjaxFormSubmitTestPage_java,2,265
org.apache.wicket.util.time.Duration_java,2,265
org.apache.wicket.SystemMapper_java,1,303
org.apache.wicket.markup.parser.filter.HtmlHandler_java,1,303
org.apache.wicket.markup.html.internal.EnclosurePage_1_java,1,303
org.apache.wicket.core.util.string.JavaScriptStripper_java,1,303
