file,bugChurn,rank
org.apache.wicket.markup.html.form.Form_java,483,1
org.apache.wicket.util.tester.TagTester_java,319,2
org.apache.wicket.request.RequestHandlerExecutor_java,254,3
org.apache.wicket.protocol.http.ClientProperties_java,236,4
org.apache.wicket.protocol.http.CsrfPreventionRequestCycleListener_java,204,5
org.apache.wicket.request.cycle.RequestCycle_java,200,6
org.apache.wicket.protocol.http.request.WebClientInfo_java,192,7
org.apache.wicket.page.PageStoreManager_java,188,8
org.apache.wicket.protocol.http.mock.MockServletContext_java,173,9
org.apache.wicket.MarkupContainer_java,171,10
org.apache.wicket.pageStore.AsynchronousPageStore_java,163,11
org.apache.wicket.ajax.AbstractAjaxTimerBehavior_java,161,12
org.apache.wicket.protocol.ws.api.BaseWebSocketBehavior_java,160,13
org.apache.wicket.ajax.AjaxNewWindowNotifyingBehavior_java,153,14
org.apache.wicket.serialize.java.JavaSerializer_java,142,15
org.apache.wicket.protocol.http.request.UserAgent_java,140,16
org.apache.wicket.extensions.ajax.markup.html.modal.ModalWindow_java,134,17
org.apache.wicket.extensions.markup.html.repeater.tree.NestedTree_java,130,18
org.apache.wicket.Component_java,122,19
org.apache.wicket.core.request.handler.PageAndComponentProvider_java,116,20
org.apache.wicket.model.IModel_java,111,21
org.apache.wicket.util.cookies.CookieUtils_java,103,22
org.apache.wicket.extensions.ajax.AjaxDownloadBehavior_java,100,23
org.apache.wicket.resource.DynamicJQueryResourceReference_java,99,24
org.apache.wicket.markup.html.border.Border_java,99,24
org.apache.wicket.ajax.markup.html.StatelessAjaxFallbackLinkDoNotRecreatePage_java,96,26
org.apache.wicket.ajax.form.AjaxFormSubmitTestPage_java,96,26
org.apache.wicket.request.resource.PackageResource_java,92,28
org.apache.wicket.markup.TagUtils_java,90,29
org.apache.wicket.ajax.markup.html.ComponentNotOnPage_java,89,30
org.apache.wicket.AttributeModifier_java,88,31
org.apache.wicket.core.request.mapper.AbstractBookmarkableMapper_java,87,32
org.apache.wicket.markup.AbstractMarkupFragment_java,87,32
org.apache.wicket.pageStore.AsynchronousDataStore_java,84,34
org.apache.wicket.markup.html.form.MultiPartFormPage_java,83,35
org.apache.wicket.Session_java,82,36
org.apache.wicket.protocol.ws.WebSocketSettings_java,79,37
org.apache.wicket.markup.html.border.BorderWithNestedBodyPage_java,79,37
org.apache.wicket.extensions.markup.html.repeater.tree.TableTree_java,78,39
org.apache.wicket.markup.html.internal.AjaxEnclosurePage_4_java,75,40
org.apache.wicket.markup.html.media.MediaComponent_java,69,41
org.apache.wicket.core.request.mapper.BookmarkableMapper_java,68,42
org.apache.wicket.extensions.ajax.AjaxDisableComponentListener_java,67,43
org.apache.wicket.resource.loader.NestedStringResourceLoader_java,66,44
org.apache.wicket.model.CompoundPropertyModel_java,64,45
org.apache.wicket.extensions.markup.html.form.select.SelectTestPage3_java,62,46
org.apache.wicket.markup.html.internal.ListViewInContainerPage_java,60,47
org.apache.wicket.ajax.form.PanelEdit_java,60,47
org.apache.wicket.proxy.PackagePrivateConcreteObject_java,54,49
org.apache.wicket.core.util.crypt.KeyInSessionSunJceCryptFactory_java,52,50
org.apache.wicket.protocol.http.mock.MockHttpServletRequest_java,51,51
org.apache.wicket.stateless.StatelessPageWithFeedback_java,50,52
org.apache.wicket.ChildToDequeueType_java,49,53
org.apache.wicket.request.resource.JavaScriptPackageResource_java,49,53
org.apache.wicket.request.resource.CssPackageResource_java,49,53
org.apache.wicket.markup.html.internal.HtmlHeaderContainer_java,46,56
org.apache.wicket.request.Url_java,45,57
org.apache.wicket.ajax.AjaxRequestHandler_java,44,58
org.apache.wicket.markup.html.basic.EnclosureContainerPage_java,42,59
org.apache.wicket.core.request.handler.PageProvider_java,42,59
org.apache.wicket.authroles.authentication.AuthenticatedWebSession_java,42,59
org.apache.wicket.extensions.markup.html.repeater.tree.AbstractTree_java,42,59
org.apache.wicket.markup.html.form.FormDefaultButtonTestPage_java,41,63
org.apache.wicket.protocol.ws.api.AbstractWebSocketProcessor_java,41,63
org.apache.wicket.markup.resolver.AutoLinkResolver_java,41,63
org.apache.wicket.protocol.ws.javax.WicketEndpoint_java,40,66
org.apache.wicket.ajax.FocusPage_java,40,66
org.apache.wicket.markup.html.border.BorderWithNestedBody_java,40,66
org.apache.wicket.markup.html.form.Button_java,39,69
org.apache.wicket.proxy.LazyInitProxyFactory_java,38,70
org.apache.wicket.protocol.http.WicketFilter_java,37,71
org.apache.wicket.spring.injection.annot.AnnotProxyFieldValueFactory_java,37,71
org.apache.wicket.markup.html.link.AutolinkPage_5_java,36,73
org.apache.wicket.request.mapper.parameter.PageParameters_java,36,73
org.apache.wicket.markup.html.link.AutolinkPage_6_java,32,75
org.apache.wicket.core.request.mapper.PageInstanceMapper_java,31,76
org.apache.wicket.util.tester.BaseWicketTester_java,31,76
org.apache.wicket.core.request.handler.IPageProvider_java,31,76
org.apache.wicket.markup.html.border.ExtedableBorder_java,30,79
org.apache.wicket.markup.html.border.ExtendedBorder_java,30,79
org.apache.wicket.request.resource.CharSequenceResource_java,29,81
org.apache.wicket.request.cycle.PageRequestHandlerTracker_java,29,81
org.apache.wicket.markup.html.internal.BasePage_java,29,81
org.apache.wicket.util.string.Strings_java,29,81
org.apache.wicket.ajax.markup.html.form.AjaxFallbackButton_java,28,85
org.apache.wicket.core.util.objects.checker.CheckingObjectOutputStream_java,28,85
org.apache.wicket.markup.html.form.upload.FileUploadField_java,27,87
org.apache.wicket.markup.MarkupFragment_java,26,88
org.apache.wicket.markup.html.form.SubmitLink_java,26,88
org.apache.wicket.markup.html.panel.AssociatedMarkupSourcingStrategy_java,24,90
org.apache.wicket.core.request.mapper.ResourceMapper_java,24,90
org.apache.wicket.model.ChainingModel_java,24,90
org.apache.wicket.bean.validation.PropertyValidator_java,23,93
org.apache.wicket.util.crypt.SunJceCrypt_java,22,94
org.apache.wicket.behavior.AbstractAjaxBehavior_java,21,95
org.apache.wicket.protocol.ws.api.WebSocketBehavior_java,20,96
org.apache.wicket.page.PartialPageUpdate_java,20,96
org.apache.wicket.proxy.objenesis.ObjenesisProxyFactory_java,20,96
org.apache.wicket.ajax.form.AjaxFormSubmitBehavior_java,19,99
org.apache.wicket.http2.markup.head.PushHeaderItem_java,19,99
org.apache.wicket.resource.bundles.ConcatBundleResource_java,19,99
org.apache.wicket.markup.head.AbstractJavaScriptReferenceHeaderItem_java,19,99
org.apache.wicket.markup.head.CssHeaderItem_java,18,103
org.apache.wicket.jmx.Initializer_java,18,103
org.apache.wicket.markup.head.JavaScriptHeaderItem_java,18,103
org.apache.wicket.markup.MarkupStream_java,18,103
org.apache.wicket.markup.head.OnEventHeaderItem_java,18,103
org.apache.wicket.testing.jstest.StartJavaScriptTests_java,17,108
org.apache.wicket.markup.html.TransparentWebMarkupContainer_java,17,108
org.apache.wicket.protocol.http.WebApplication_java,17,108
org.apache.wicket.util.file.Files_java,17,108
org.apache.wicket.markup.head.MetaDataHeaderItem_java,16,112
org.apache.wicket.extensions.ajax.markup.html.autocomplete.AbstractAutoCompleteBehavior_java,16,112
org.apache.wicket.markup.head.PriorityHeaderItem_java,16,112
org.apache.wicket.markup.head.JavaScriptContentHeaderItem_java,15,115
org.apache.wicket.markup.head.CssReferenceHeaderItem_java,15,115
org.apache.wicket.settings.SecuritySettings_java,15,115
org.apache.wicket.markup.head.OnLoadHeaderItem_java,15,115
org.apache.wicket.markup.head.filter.FilteredHeaderItem_java,15,115
org.apache.wicket.markup.head.JavaScriptUrlReferenceHeaderItem_java,15,115
org.apache.wicket.markup.head.JavaScriptReferenceHeaderItem_java,15,115
org.apache.wicket.core.request.mapper.MountedMapper_java,14,122
org.apache.wicket.markup.parser.AbstractMarkupFilter_java,14,122
org.apache.wicket.devutils.inspector.EnhancedPageView_java,14,122
org.apache.wicket.resource.JQueryResourceReference_java,14,122
org.apache.wicket.markup.head.CssContentHeaderItem_java,14,122
org.apache.wicket.markup.head.StringHeaderItem_java,14,122
org.apache.wicket.markup.head.CssUrlReferenceHeaderItem_java,14,122
org.apache.wicket.markup.html.form.FormMethodTestPage_java,13,129
org.apache.wicket.protocol.http.AjaxEnclosureListener_java,13,129
org.apache.wicket.ajax.markup.html.form.AjaxButton_java,13,129
org.apache.wicket.core.util.string.CssUtils_java,13,129
org.apache.wicket.markup.html.form.upload.MultiFileUploadField_java,13,129
org.apache.wicket.ajax.json.JsonUtils_java,12,134
org.apache.wicket.protocol.http.WebSession_java,12,134
org.apache.wicket.markup.parser.filter.WicketTagIdentifier_java,12,134
org.apache.wicket.mock.MockSessionStore_java,12,134
org.apache.wicket.protocol.ws.util.tester.WebSocketTester_java,12,134
org.apache.wicket.markup.head.OnDomReadyHeaderItem_java,12,134
org.apache.wicket.request.UrlRenderer_java,12,134
org.apache.wicket.extensions.markup.html.form.select.SelectOptions_java,12,134
org.apache.wicket.ajax.AbstractDefaultAjaxBehavior_java,12,134
org.apache.wicket.markup.parser.filter.RootMarkupFilter_java,11,143
org.apache.wicket.extensions.markup.html.repeater.util.TreeModelProvider_java,10,144
org.apache.wicket.feedback.FeedbackDelay_java,10,144
org.apache.wicket.markup.html.list.ListItem_java,10,144
org.apache.wicket.markup.IMarkupFragment_java,10,144
org.apache.wicket.ajax.HomePage_java,10,144
org.apache.wicket.markup.parser.filter.InlineEnclosureHandler_java,9,149
org.apache.wicket.protocol.http.servlet.SecuredRemoteAddressRequestWrapperFactory_java,9,149
org.apache.wicket.protocol.http.AbstractRequestLogger_java,9,149
org.apache.wicket.behavior.AttributeAppender_java,9,149
org.apache.wicket.markup.html.internal.HtmlHeaderItemsContainer_java,9,149
org.apache.wicket.core.request.handler.ListenerRequestHandler_java,9,149
org.apache.wicket.NonResettingRestartException_java,9,149
org.apache.wicket.markup.html.form.upload.FileUpload_java,9,149
org.apache.wicket.request.mapper.AbstractMapper_java,8,157
org.apache.wicket.request.handler.render.WebPageRenderer_java,8,157
org.apache.wicket.extensions.markup.html.repeater.data.table.NoRecordsToolbar_java,8,157
org.apache.wicket.protocol.http.servlet.ServletWebResponse_java,8,157
org.apache.wicket.protocol.http.mock.MockHttpSession_java,7,161
org.apache.wicket.protocol.ws.api.registry.IWebSocketConnectionRegistry_java,7,161
org.apache.wicket.DefaultPageManagerProvider_java,7,161
org.apache.wicket.resource.CssUrlReplacer_java,7,161
org.apache.wicket.core.request.mapper.PackageMapper_java,7,161
org.apache.wicket.Page_java,6,166
org.apache.wicket.markup.html.border.BorderBehavior_java,6,166
org.apache.wicket.core.request.mapper.BasicResourceReferenceMapper_java,6,166
org.apache.wicket.protocol.http.IRequestLogger_java,6,166
org.apache.wicket.core.util.lang.WicketObjects_java,5,170
org.apache.wicket.protocol.https.HttpsMapper_java,5,170
org.apache.wicket.protocol.http.servlet.ServletWebRequest_java,5,170
org.apache.wicket.protocol.http.servlet.ResponseIOException_java,5,170
org.apache.wicket.extensions.markup.html.form.palette.component.Recorder_java,5,170
org.apache.wicket.markup.html.panel.FragmentMarkupSourcingStrategy_java,5,170
org.apache.wicket.markup.html.link.InlineFrame_java,5,170
org.apache.wicket.mock.MockWebRequest_java,4,177
org.apache.wicket.resource.JQueryPluginResourceReference_java,4,177
org.apache.wicket.markup.html.form.FormComponentUpdatingBehavior_java,4,177
org.apache.wicket.core.request.mapper.IMapperContext_java,4,177
org.apache.wicket.markup.resolver.WicketMessageResolver_java,4,177
org.apache.wicket.request.mapper.parameter.INamedParameters_java,4,177
org.apache.wicket.Behaviors_java,4,177
org.apache.wicket.util.tester.WicketTesterHelper_java,4,177
org.apache.wicket.http2.markup.head.Tomcat85PushBuilder_java,3,185
org.apache.wicket.markup.WicketTag_java,3,185
org.apache.wicket.model.LoadableDetachableModel_java,3,185
org.apache.wicket.http2.markup.head.UndertowPushBuilder_java,3,185
org.apache.wicket.StyleAttributeModifier_java,3,185
org.apache.wicket.ClassAttributeModifier_java,3,185
org.apache.wicket.ajax.form.AjaxFormComponentUpdatingBehavior_java,3,185
org.apache.wicket.http2.markup.head.Jetty9PushBuilder_java,3,185
org.apache.wicket.Application_java,2,193
org.apache.wicket.markup.resolver.WicketContainerResolver_java,2,193
org.apache.wicket.core.request.mapper.CryptoMapper_java,2,193
org.apache.wicket.util.tester.FormTester_java,2,193
org.apache.wicket.util.string.StringList_java,2,193
org.apache.wicket.session.DefaultPageFactory_java,2,193
org.apache.wicket.resource.FileSystemResource_java,2,193
org.apache.wicket.protocol.ws.javax.JavaxUpgradeHttpRequest_java,2,193
org.apache.wicket.cdi.ConversationPropagator_java,2,193
org.apache.wicket.RequestListenerInterface_java,2,193
org.apache.wicket.request.http.WebRequest_java,2,193
org.apache.wicket.markup.html.form.FormComponent_java,2,193
org.apache.wicket.request.flow.ResetResponseException_java,2,193
org.apache.wicket.resource.loader.ComponentStringResourceLoader_java,2,193
org.apache.wicket.request.flow.RedirectToUrlException_java,2,193
org.apache.wicket.jmx.wrapper.ResourceSettings_java,2,193
org.apache.wicket.core.request.handler.logger.ListenerLogData_java,2,193
org.apache.wicket.markup.html.internal.Enclosure_java,2,193
org.apache.wicket.markup.html.form.PasswordTextField_java,2,193
org.apache.wicket.protocol.ws.api.HttpSessionCopy_java,2,193
org.apache.wicket.extensions.markup.html.repeater.data.sort.OrderByBorder_java,1,213
org.apache.wicket.pageStore.PerSessionPageStore_java,1,213
org.apache.wicket.core.util.string.JavaScriptUtils_java,1,213
org.apache.wicket.ajax.json.JSONFunction_java,1,213
