file,bugChurn,rank
org.apache.wicket.bean.validation.PropertyValidator_java,516,1
org.apache.wicket.pageStore.PerSessionPageStore_java,480,2
org.apache.wicket.cdi.ConversationPropagator_java,451,3
org.apache.wicket.util.io.BOMInputStream_java,404,4
org.apache.wicket.pageStore.DefaultPageStore_java,344,5
org.apache.wicket.cdi.CdiConfiguration_java,295,6
org.apache.wicket.util.io.ProxyInputStream_java,236,7
org.apache.wicket.util.tester.BaseWicketTester_java,235,8
org.apache.wicket.util.io.ByteOrderMark_java,191,9
org.apache.wicket.markup.head.ResourceAggregator_java,182,10
org.apache.wicket.protocol.http.mock.Cookies_java,162,11
org.apache.wicket.request.handler.render.WebPageRenderer_java,158,12
org.apache.wicket.pageStore.AbstractPageStore_java,158,12
org.apache.wicket.cdi.NonContextual_java,154,14
org.apache.wicket.util.tester.WicketTester_java,150,15
org.apache.wicket.Component_java,148,16
org.apache.wicket.cdi.AbstractInjector_java,148,16
org.apache.wicket.protocol.http.mock.CookieCollection_java,147,18
org.apache.wicket.core.request.mapper.BookmarkableMapper_java,132,19
org.apache.wicket.cdi.CdiWicketTester_java,131,20
org.apache.wicket.util.template.PackageTextTemplate_java,128,21
org.apache.wicket.extensions.markup.html.tabs.TabbedPanel_java,126,22
org.apache.wicket.page.expirationrecovery.ExpirationRecoveryPage_java,124,23
org.apache.wicket.cdi.AutoConversationManager_java,120,24
org.apache.wicket.core.request.mapper.MountedMapper_java,118,25
org.apache.wicket.cdi.ComponentInjector_java,117,26
org.apache.wicket.request.Url_java,113,27
org.apache.wicket.util.tester.WicketTesterLazyIsPageStatelessBase_java,107,28
org.apache.wicket.cdi.ContextManager_java,105,29
org.apache.wicket.pageStore.AbstractCachingPageStore_java,105,29
org.apache.wicket.util.string.StringValue_java,102,31
org.apache.wicket.core.request.mapper.AbstractBookmarkableMapper_java,101,32
org.apache.wicket.dontstoreunrendered.DontStoreNotRenderedPageTestCase_java,99,33
org.apache.wicket.extensions.ajax.markup.html.AjaxEditableLabel_java,94,34
org.apache.wicket.markup.resolver.issue5569.HomePage_java,93,35
org.apache.wicket.request.resource.PackageResourceReference_java,91,36
org.apache.wicket.protocol.http.servlet.ServletWebResponse_java,85,37
org.apache.wicket.protocol.ws.api.WebSocketResponse_java,84,38
org.apache.wicket.core.util.string.ComponentRenderer_java,83,39
org.apache.wicket.cdi.DetachEventEmitter_java,79,40
org.apache.wicket.cdi.ConversationPropagation_java,77,41
org.apache.wicket.cdi.WicketCdiTestCase_java,77,41
org.apache.wicket.cdi.ConversationExpiryChecker_java,76,43
org.apache.wicket.stateless.StatelessPageWithDynamicLinks_java,74,44
org.apache.wicket.extensions.markup.html.tabs.TabbedPanelVisibilityTestPage_java,74,44
org.apache.wicket.cdi.NonContextualManager_java,73,46
org.apache.wicket.page.PageAccessSynchronizer_java,72,47
org.apache.wicket.ajax.form.ChoiceComponentPage_java,70,48
org.apache.wicket.protocol.http.WicketFilter_java,69,49
org.apache.wicket.markup.html.form.FormComponent_java,67,50
org.apache.wicket.ajax.attributes.AjaxRequestAttributes_java,66,51
org.apache.wicket.resource.bundles.ConcatBundleResource_java,65,52
org.apache.wicket.pageStore.NoopDataStore_java,61,53
org.apache.wicket.markup.html.panel.FragmentTestPanel_2_java,58,54
org.apache.wicket.util.tester.cookies.SetCookiePage_java,58,54
org.apache.wicket.core.request.mapper.PageInstanceMapper_java,55,56
org.apache.wicket.cdi.INonContextualManager_java,55,56
org.apache.wicket.page.PageStoreManager_java,55,56
org.apache.wicket.cdi.CdiShutdownCleaner_java,53,59
org.apache.wicket.core.util.resource.locator.caching.CachingResourceStreamLocator_java,53,59
org.apache.wicket.cdi.ConversationExpiredException_java,53,59
org.apache.wicket.bean.validation.DefaultPropertyResolver_java,52,62
org.apache.wicket.core.util.string.componentrenderer.PageWithRepeater_java,52,62
org.apache.wicket.resource.aggregator.ResourceReferenceBun2_java,51,64
org.apache.wicket.protocol.http.AjaxEnclosureListener_java,51,64
org.apache.wicket.cdi.IConversationPropagation_java,51,64
org.apache.wicket.resource.aggregator.ResourceReferenceBun1_java,51,64
org.apache.wicket.cdi.AutoConversation_java,51,64
org.apache.wicket.dontstoreunrendered.PageB_java,50,69
org.apache.wicket.cdi.SessionInjector_java,44,70
org.apache.wicket.util.tester.cookies.CollectAllRequestCookiesPage_java,43,71
org.apache.wicket.core.request.mapper.PackageMapper_java,43,71
org.apache.wicket.settings.PageSettings_java,43,71
org.apache.wicket.resource.bundles.ReplacementResourceBundleReference_java,42,74
org.apache.wicket.pageStore.SecondLevelPageCache_java,42,74
org.apache.wicket.cdi.BeanManagerLookup_java,40,76
org.apache.wicket.component.replacewith.BaseReplaceWithPanel_java,40,76
org.apache.wicket.dontstoreunrendered.BasePage_java,40,76
org.apache.wicket.markup.html.PackageResourceGuard_java,39,79
org.apache.wicket.core.util.resource.locator.ResourceStreamLocator_java,39,79
org.apache.wicket.extensions.markup.html.repeater.data.table.filter.FilterToolbar_java,39,79
org.apache.wicket.cdi.ICdiAwareRequestCycleListener_java,39,79
org.apache.wicket.markup.html.panel.AbstractMarkupSourcingStrategy_java,39,79
org.apache.wicket.cdi.BehaviorInjector_java,38,84
org.apache.wicket.settings.DebugSettings_java,38,84
org.apache.wicket.core.request.mapper.CryptoMapper_java,36,86
org.apache.wicket.feedback.ExactLevelFeedbackMessageFilter_java,36,86
org.apache.wicket.resource.aggregator.ResourceReferenceX_java,35,88
org.apache.wicket.component.replacewith.ReplaceInOnConfigurePanel_java,35,88
org.apache.wicket.component.replacewith.ReplaceInOnInitializePanel_java,35,88
org.apache.wicket.extensions.ajax.markup.html.autocomplete.AbstractAutoCompleteBehavior_java,35,88
org.apache.wicket.core.util.string.componentrenderer.EnclosurePanel_java,35,88
org.apache.wicket.resource.aggregator.ResourceReferenceY_java,35,88
org.apache.wicket.queueing.transparentresolvers.HtmlTag_java,35,88
org.apache.wicket.component.replacewith.ReplaceInOnBeforeRenderPanel_java,35,88
org.apache.wicket.ajax.AbstractAjaxTimerBehavior_java,34,96
org.apache.wicket.ajax.form.AjaxFormComponentUpdatingBehavior_java,34,96
org.apache.wicket.protocol.ws.api.BaseWebSocketBehavior_java,33,98
org.apache.wicket.component.replacewith.PanelB_java,33,98
org.apache.wicket.Session_java,31,100
org.apache.wicket.page.AbstractPageManager_java,31,100
org.apache.wicket.protocol.http.RequestUtils_java,31,100
org.apache.wicket.queueing.transparentresolvers.BasePage_java,31,100
org.apache.wicket.markup.parser.filter.InlineEnclosureHandler_java,30,104
org.apache.wicket.component.replacewith.HomePage_java,30,104
org.apache.wicket.Page_java,30,104
org.apache.wicket.ajax.attributes.ThrottlingSettings_java,30,104
org.apache.wicket.component.replacewith.ReplaceInConstructorPanel_java,30,104
org.apache.wicket.cdi.ConversationalComponent_java,30,104
org.apache.wicket.util.tester.apps_8.ComponentFeedbackResourceTestingPage_java,30,104
org.apache.wicket.queueing.transparentresolvers.SubPage_java,30,104
org.apache.wicket.dontstoreunrendered.PageA_java,28,112
org.apache.wicket.cdi.DetachEvent_java,28,112
org.apache.wicket.util.tester.cookies.EndPage_java,28,112
org.apache.wicket.extensions.ajax.markup.html.autocomplete.AutoCompleteSettings_java,28,112
org.apache.wicket.ajax.form.OnChangeAjaxBehavior_java,27,116
org.apache.wicket.markup.parser.XmlPullParser_java,27,116
org.apache.wicket.markup.MarkupCache_java,27,116
org.apache.wicket.authroles.authentication.AuthenticatedWebApplication_java,27,116
org.apache.wicket.cdi.ConversationIdMetaKey_java,26,120
org.apache.wicket.core.request.handler.RenderPageRequestHandler_java,26,120
org.apache.wicket.ComponentEventSender_java,26,120
org.apache.wicket.ajax.AbstractDefaultAjaxBehavior_java,25,123
org.apache.wicket.ajax.json.JsonUtils_java,24,124
org.apache.wicket.dontstoreunrendered.PageC_java,24,124
org.apache.wicket.core.request.mapper.AbstractComponentMapper_java,23,126
org.apache.wicket.guice.JavaxInjectTestComponent_java,21,127
org.apache.wicket.request.resource.PackageResource_java,20,128
org.apache.wicket.request.handler.resource.ResourceStreamRequestHandler_java,20,128
org.apache.wicket.ajax.AjaxRequestHandler_java,20,128
org.apache.wicket.markup.head.filter.FilteredHeaderItem_java,20,128
org.apache.wicket.request.resource.AbstractResource_java,19,132
org.apache.wicket.request.resource.UrlResourceReference_java,19,132
org.apache.wicket.request.resource.caching.FilenameWithVersionResourceCachingStrategy_java,19,132
org.apache.wicket.markup.head.OnEventHeaderItem_java,19,132
org.apache.wicket.extensions.markup.html.form.palette.Palette_java,18,136
org.apache.wicket.request.UrlRenderer_java,18,136
org.apache.wicket.protocol.http.servlet.ServletWebRequest_java,17,138
org.apache.wicket.markup.html.image.ContextImage_java,17,138
org.apache.wicket.protocol.http.mock.MockHttpServletRequest_java,16,140
org.apache.wicket.markup.html.form.NumberTextField_java,16,140
org.apache.wicket.request.http.handler.RedirectRequestHandler_java,15,142
org.apache.wicket.validation.validator.RangeValidator_java,14,143
org.apache.wicket.markup.html.link.PageWithLink_java,14,143
org.apache.wicket.protocol.ws.AbstractUpgradeFilter_java,14,143
org.apache.wicket.markup.html.form.Radio_java,14,143
org.apache.wicket.stateless.StatelessPageWithForm_java,14,143
org.apache.wicket.request.resource.JavaScriptResourceReference_java,14,143
org.apache.wicket.request.resource.CssResourceReference_java,14,143
org.apache.wicket.request.handler.render.ShouldRedirectToTargetUrl_java,14,143
org.apache.wicket.markup.html.panel.FragmentMarkupSourcingStrategy_java,14,143
org.apache.wicket.request.handler.render.ShouldRenderPageAndWriteResponseVariations_java,14,143
org.apache.wicket.MarkupContainer_java,14,143
org.apache.wicket.markup.head.IWrappedHeaderItem_java,14,143
org.apache.wicket.markup.html.form.Check_java,13,155
org.apache.wicket.markup.html.form.Button_java,13,155
org.apache.wicket.core.request.handler.ComponentRenderingRequestHandler_java,13,155
org.apache.wicket.request.cycle.RequestCycle_java,13,155
org.apache.wicket.ajax.markup.html.navigation.paging.AjaxPagingNavigationLink_java,13,155
org.apache.wicket.markup.parser.filter.OpenCloseTagExpander_java,13,155
org.apache.wicket.ajax.markup.html.navigation.paging.AjaxPagingNavigationIncrementLink_java,13,155
org.apache.wicket.util.tester.WicketTesterHelper_java,13,155
org.apache.wicket.extensions.ajax.markup.html.modal.ModalWindow_java,12,163
org.apache.wicket.markup.html.SecurePackageResourceGuard_java,12,163
org.apache.wicket.markup.html.form.CheckBoxMultipleChoice_java,12,163
org.apache.wicket.markup.html.form.RadioChoice_java,12,163
org.apache.wicket.ajax.markup.html.form.AjaxFallbackButton_java,12,163
org.apache.wicket.markup.head.PriorityHeaderItem_java,12,163
org.apache.wicket.request.handler.render.PageRenderer_java,11,169
org.apache.wicket.resource.loader.BundleStringResourceLoader_java,11,169
org.apache.wicket.page.RequestAdapter_java,11,169
org.apache.wicket.markup.html.form.DropDownChoice_java,11,169
org.apache.wicket.ajax.attributes.AjaxAttributeName_java,11,169
org.apache.wicket.extensions.markup.html.form.palette.component.AbstractOptions_java,9,174
org.apache.wicket.markup.html.panel.BorderMarkupSourcingStrategy_java,9,174
org.apache.wicket.request.resource.caching.QueryStringWithVersionResourceCachingStrategy_java,9,174
org.apache.wicket.ajax.form.AjaxFormValidatingBehavior_java,9,174
org.apache.wicket.markup.repeater.ReuseIfModelsEqualStrategy_java,9,174
org.apache.wicket.bean.validation.SizeTagModifier_java,9,174
org.apache.wicket.DefaultPageManagerProvider_java,9,174
org.apache.wicket.protocol.http.WebApplication_java,9,174
org.apache.wicket.ajax.markup.html.form.AjaxSubmitLink_java,9,174
org.apache.wicket.markup.html.form.SubmitLink_java,9,174
org.apache.wicket.markup.html.border.Border_java,8,184
org.apache.wicket.pageStore.memory.PageTable_java,8,184
org.apache.wicket.markup.html.basic.EnclosureContainer_java,8,184
org.apache.wicket.bean.validation.SessionLocaleInterpolator_java,8,184
org.apache.wicket.markup.html.panel.PanelMarkupSourcingStrategy_java,8,184
org.apache.wicket.request.cycle.PageRequestHandlerTracker_java,7,189
org.apache.wicket.model.StringResourceModel_java,7,189
org.apache.wicket.extensions.markup.html.repeater.data.table.DataTable_java,7,189
org.apache.wicket.util.convert.converter.AbstractNumberConverter_java,7,189
org.apache.wicket.ajax.markup.html.AjaxLink_java,7,189
org.apache.wicket.Application_java,6,194
org.apache.wicket.versioning.InMemoryPageStore_java,6,194
org.apache.wicket.MockComponent_java,6,194
org.apache.wicket.request.component.IRequestableComponent_java,6,194
org.apache.wicket.core.request.handler.PageProvider_java,6,194
org.apache.wicket.markup.html.form.Form_java,6,194
org.apache.wicket.markup.html.panel.Panel_java,6,194
org.apache.wicket.extensions.captcha.kittens.KittenCaptchaPanel_java,6,194
org.apache.wicket.util.lang.Checks_java,6,194
org.apache.wicket.guice.GuiceFieldValueFactory_java,5,203
org.apache.wicket.RestartResponseAtInterceptPageException_java,5,203
org.apache.wicket.extensions.markup.html.repeater.data.table.IColumn_java,5,203
org.apache.wicket.protocol.ws.api.AbstractWebSocketProcessor_java,5,203
org.apache.wicket.extensions.markup.html.form.palette.PaletteTestPage_java,5,203
org.apache.wicket.behavior.AbstractAjaxBehavior_java,4,208
org.apache.wicket.util.io.XmlReader_java,4,208
org.apache.wicket.ajax.AjaxHeaderContribution_java,4,208
org.apache.wicket.validation.validator.StringValidator_java,4,208
org.apache.wicket.core.util.objects.checker.CheckingObjectOutputStream_java,4,208
org.apache.wicket.extensions.markup.html.repeater.tree.table.NodeBorder_java,4,208
org.apache.wicket.ajax.AjaxHeaderContribution2_java,4,208
org.apache.wicket.markup.html.link.PopupSettings_java,4,208
org.apache.wicket.markup.html.form.AutoLabelResolver_java,4,208
org.apache.wicket.ajax.DomReadyOrderPage_java,4,208
org.apache.wicket.markup.MergedMarkup_java,4,208
org.apache.wicket.protocol.http.WebSession_java,3,219
org.apache.wicket.model.ChainingModel_java,3,219
org.apache.wicket.markup.html.form.EnumChoiceRenderer_java,3,219
org.apache.wicket.pageStore.IPageStore_java,2,222
org.apache.wicket.validation.validator.UrlValidator_java,2,222
org.apache.wicket.markup.parser.filter.HeaderSectionMyLabel2_java,2,222
org.apache.wicket.feedback.FeedbackMessage_java,2,222
org.apache.wicket.validation.validator.AbstractRangeValidator_java,2,222
org.apache.wicket.markup.renderStrategy.AbstractHeaderRenderStrategy_java,2,222
org.apache.wicket.markup.renderStrategy.ChildFirstHeaderRenderStrategy_java,2,222
org.apache.wicket.ajax.AjaxRequestTarget_java,2,222
org.apache.wicket.request.resource.ResourceReference_java,2,222
org.apache.wicket.markup.html.image.Image_java,2,222
org.apache.wicket.util.lang.Args_java,2,222
org.apache.wicket.authroles.authentication.AuthenticatedWebSession_java,2,222
org.apache.wicket.util.resource.ResourceStreamWrapper_java,2,222
org.apache.wicket.markup.renderStrategy.ParentFirstHeaderRenderStrategy_java,2,222
org.apache.wicket.markup.DefaultMarkupResourceStreamProvider_java,2,222
org.apache.wicket.validation.ValidationError_java,2,222
org.apache.wicket.Behaviors_java,2,222
org.apache.wicket.util.time.Time_java,2,222
org.apache.wicket.request.mapper.CompoundRequestMapper_java,2,222
org.apache.wicket.extensions.markup.html.repeater.data.table.AbstractColumn_java,1,241
