file,bugChurn,rank
org.apache.wicket.MarkupContainer_java,1769,1
org.apache.wicket.DequeueContext_java,498,2
org.apache.wicket.core.request.mapper.CryptoMapper_java,428,3
org.apache.wicket.resource.ResourceUtil_java,388,4
org.apache.wicket.protocol.http.servlet.MultipartServletWebRequestImpl_java,370,5
org.apache.wicket.core.request.mapper.AbstractResourceReferenceMapper_java,312,6
org.apache.wicket.queueing.bodyisachild.FormGroup_java,262,7
org.apache.wicket.request.resource.PackageResourceReference_java,249,8
org.apache.wicket.protocol.http.servlet.ServletPartFileItem_java,212,9
org.apache.wicket.markup.html.panel.AbstractMarkupSourcingStrategy_java,199,10
org.apache.wicket.markup.parser.filter.RelativePathPrefixHandler_java,187,11
org.apache.wicket.markup.parser.filter.HtmlHeaderSectionHandler_java,183,12
org.apache.wicket.proxy.LazyInitProxyFactory_java,166,13
org.apache.wicket.model.StringResourceModel_java,146,14
org.apache.wicket.protocol.http.WebApplication_java,143,15
org.apache.wicket.markup.html.TransparentWebMarkupContainer_java,125,16
org.apache.wicket.protocol.ws.api.WebSocketMessageBroadcastHandler_java,104,17
org.apache.wicket.request.mapper.parameter.PageParameters_java,101,18
org.apache.wicket.ajax.form.AjaxFormValidatingBehaviorTestPage_java,97,19
org.apache.wicket.protocol.ws.api.ServletRequestCopy_java,95,20
org.apache.wicket.markup.parser.AbstractMarkupFilter_java,95,20
org.apache.wicket.protocol.ws.api.AbstractWebSocketProcessor_java,95,20
org.apache.wicket.page.PartialPageUpdate_java,92,23
org.apache.wicket.markup.html.TransparentContainerWithManualTransparentContainerPage_java,89,24
org.apache.wicket.markup.html.internal.Enclosure_java,86,25
org.apache.wicket.request.cycle.RerenderAjaxPage_java,83,26
org.apache.wicket.Application_java,82,27
org.apache.wicket.model.CompoundPropertyModelTwoLevelsDeepPage_java,82,27
org.apache.wicket.markup.html.TransparentContainerWithAutoTransparentContainerPage_java,82,27
org.apache.wicket.request.cycle.RerenderPage_java,78,30
org.apache.wicket.protocol.ws.api.WebSocketRequestMapper_java,74,31
org.apache.wicket.protocol.ws.api.WebSocketRequest_java,72,32
org.apache.wicket.markup.html.DoubleNestedTransparentContainerWithSiblingTransparentContainerPage_java,70,33
org.apache.wicket.util.convert.converter.AbstractNumberConverter_java,70,33
org.apache.wicket.request.mapper.CompoundRequestMapper_java,70,33
org.apache.wicket.spring.injection.util.JavaxInjectInjectable_java,69,36
org.apache.wicket.model.LoadableDetachableModel_java,67,37
org.apache.wicket.markup.html.border.Border_java,67,37
org.apache.wicket.feedback.FencedFeedbackPanel_java,67,37
org.apache.wicket.request.resource.PackageResource_java,66,40
org.apache.wicket.markup.html.SingleNestedTransparentContainerPage_java,66,40
org.apache.wicket.request.mapper.AbstractMapper_java,65,42
org.apache.wicket.markup.html.DoubleNestedTransparentContainerPage_java,64,43
org.apache.wicket.spring.injection.annot.AnnotProxyFieldValueFactory_java,64,43
org.apache.wicket.markup.html.WebPage_java,63,45
org.apache.wicket.spring.injection.util.SpringBeanInjectable_java,63,45
org.apache.wicket.queueing.bodyisachild.LoginPanel_java,62,47
org.apache.wicket.request.Url_java,59,48
org.apache.wicket.ajax.AjaxEventBehavior_java,59,48
org.apache.wicket.markup.resolver.HtmlHeaderResolver_java,57,50
org.apache.wicket.markup.html.autocomponent.AutoComponentsBorder_java,55,51
org.apache.wicket.request.mapper.parameter.INamedParameters_java,54,52
org.apache.wicket.authentication.strategy.DefaultAuthenticationStrategy_java,52,53
org.apache.wicket.bean.validation.ValidationModelResolver_java,50,54
org.apache.wicket.util.tester.BaseWicketTester_java,49,55
org.apache.wicket.bean.validation.PropertyValidator_java,49,55
org.apache.wicket.core.util.resource.locator.caching.CachingResourceStreamLocator_java,49,55
org.apache.wicket.extensions.markup.html.repeater.data.sort.OrderByLink_java,47,58
org.apache.wicket.extensions.markup.html.repeater.data.sort.OrderByBorder_java,45,59
org.apache.wicket.extensions.ajax.markup.html.modal.ModalWindow_java,44,60
org.apache.wicket.markup.html.border.BorderWithEnclosure_java,42,61
org.apache.wicket.markup.parser.filter.WicketTagIdentifier_java,41,62
org.apache.wicket.util.convert.converter.AbstractDecimalConverter_java,41,62
org.apache.wicket.core.request.mapper.ResourceMapper_java,41,62
org.apache.wicket.queueing.bodyisachild.BodyIsAChildPage_java,41,62
org.apache.wicket.ajax.AbstractDefaultAjaxBehavior_java,41,62
org.apache.wicket.markup.html.border.BorderWithFormPage_java,40,67
org.apache.wicket.markup.html.autocomponent.AutoComponentsPage_java,39,68
org.apache.wicket.markup.html.border.BorderWithEnclosurePage_java,38,69
org.apache.wicket.util.encoding.UrlEncoder_java,37,70
org.apache.wicket.bean.validation.DefaultPropertyResolver_java,36,71
org.apache.wicket.request.cycle.RequestCycle_java,36,71
org.apache.wicket.request.mapper.IRequestMapperDelegate_java,36,71
org.apache.wicket.core.request.mapper.BookmarkableMapper_java,35,74
org.apache.wicket.markup.parser.filter.HtmlHandler_java,35,74
org.apache.wicket.markup.html.border.BorderWithForm_java,34,76
org.apache.wicket.markup.ComponentTag_java,34,76
org.apache.wicket.page.PageStoreManager_java,34,76
org.apache.wicket.util.convert.converter.BigDecimalConverter_java,34,76
org.apache.wicket.ajax.AjaxCallbackPage_java,33,80
org.apache.wicket.markup.html.form.FormComponent_java,33,80
org.apache.wicket.markup.html.internal.headeritems.BasePageWithHeaderItems_java,33,80
org.apache.wicket.request.resource.AbstractResource_java,32,83
org.apache.wicket.util.lang.Objects_java,32,83
org.apache.wicket.markup.html.include.Include_java,32,83
org.apache.wicket.util.string.Strings_java,32,83
org.apache.wicket.markup.html.panel.DefaultMarkupSourcingStrategy_java,32,83
org.apache.wicket.queueing.transparentresolvers.TransparentContainerQueuePage_java,32,83
org.apache.wicket.core.util.resource.locator.ResourceStreamLocator_java,31,89
org.apache.wicket.util.resource.ResourceUtils_java,31,89
org.apache.wicket.util.convert.converter.AbstractIntegerConverter_java,30,91
org.apache.wicket.markup.html.internal.headeritems.PageExtendingBasePageWithHeaderItems_java,30,91
org.apache.wicket.protocol.http.AnnotatedServlet3Filter_java,29,93
org.apache.wicket.Component_java,28,94
org.apache.wicket.util.convert.converter.BigIntegerConverter_java,28,94
org.apache.wicket.request.handler.render.WebPageRenderer_java,28,94
org.apache.wicket.noheadnobody.NoHeadNoBodyPage_java,27,97
org.apache.wicket.noheadnobody.NoHeadNoBodyPanel_java,27,97
org.apache.wicket.markup.html.internal.HtmlHeaderContainer_java,26,99
org.apache.wicket.request.resource.JavaScriptPackageResource_java,25,100
org.apache.wicket.ajax.form.AjaxFormChoiceComponentUpdatingBehavior_java,25,100
org.apache.wicket.markup.parser.filter.DoubleHeadTagPage_java,24,102
org.apache.wicket.markup.head.ResourceAggregator_java,23,103
org.apache.wicket.ajax.attributes.AjaxRequestAttributes_java,23,103
org.apache.wicket.markup.html.border.BorderWithAutoLabelPage_java,22,105
org.apache.wicket.extensions.requestlogger.JsonRequestLogger_java,22,105
org.apache.wicket.spring.SpringBeanLocator_java,21,107
org.apache.wicket.extensions.ajax.markup.html.repeater.data.sort.AjaxFallbackOrderByBorder_java,21,107
org.apache.wicket.markup.parser.filter.EnclosureHandler_java,21,107
org.apache.wicket.protocol.http.CsrfPreventionRequestCycleListener_java,20,110
org.apache.wicket.guice.GuiceFieldValueFactory_java,19,111
org.apache.wicket.protocol.ws.api.WebSocketResponse_java,19,111
org.apache.wicket.ajax.form.OnChangeAjaxBehavior_java,19,111
org.apache.wicket.cdi.ConversationPropagator_java,18,114
org.apache.wicket.request.resource.CssPackageResource_java,18,114
org.apache.wicket.core.request.mapper.PackageMapper_java,18,114
org.apache.wicket.ajax.markup.html.form.AjaxSubmitLink_java,18,114
org.apache.wicket.protocol.http.AbstractRequestLogger_java,17,118
org.apache.wicket.protocol.http.mock.MockHttpServletRequest_java,17,118
org.apache.wicket.ajax.markup.html.navigation.paging.AjaxPagingNavigator_java,16,120
org.apache.wicket.request.UrlRenderer_java,16,120
org.apache.wicket.guice.JavaxInjectTestComponent_java,16,120
org.apache.wicket.core.request.mapper.AbstractBookmarkableMapper_java,15,123
org.apache.wicket.queueing.IncorrectCloseTagPanel_java,15,123
org.apache.wicket.request.mapper.parameter.IIndexedParameters_java,14,125
org.apache.wicket.resource.bundles.ReplacementResourceBundleReference_java,14,125
org.apache.wicket.markup.ContainerInfo_java,14,125
org.apache.wicket.markup.html.internal.InlineEnclosure_java,12,128
org.apache.wicket.protocol.https.HttpsMapper_java,12,128
org.apache.wicket.core.request.mapper.BasicResourceReferenceMapper_java,12,128
org.apache.wicket.ajax.AjaxChannel_java,12,128
org.apache.wicket.markup.html.form.upload.MockPageWithFormAndUploadField_java,12,128
org.apache.wicket.util.cookies.CookieUtils_java,11,133
org.apache.wicket.ajax.attributes.AjaxAttributeName_java,11,133
org.apache.wicket.markup.html.list.ListItem_java,10,135
org.apache.wicket.protocol.http.mock.MockHttpSession_java,10,135
org.apache.wicket.markup.WicketTag_java,10,135
org.apache.wicket.util.convert.converter.DoubleConverter_java,10,135
org.apache.wicket.ajax.markup.html.navigation.paging.AjaxPagingNavigationLink_java,10,135
org.apache.wicket.ajax.markup.html.navigation.paging.AjaxPagingNavigationIncrementLink_java,10,135
org.apache.wicket.protocol.http.WicketFilter_java,9,141
org.apache.wicket.request.mapper.ParentPathReferenceRewriter_java,9,141
org.apache.wicket.request.mapper.parameter.PageParametersEncoder_java,9,141
org.apache.wicket.markup.repeater.AbstractRepeater_java,9,141
org.apache.wicket.util.convert.converter.FloatConverter_java,8,145
org.apache.wicket.protocol.ws.api.registry.IKey_java,8,145
org.apache.wicket.extensions.wizard.AjaxWizardButtonBar_java,8,145
org.apache.wicket.request.mapper.ICompoundRequestMapper_java,8,145
org.apache.wicket.core.request.handler.PageProvider_java,7,149
org.apache.wicket.page.IPageManager_java,7,149
org.apache.wicket.protocol.http.RequestUtils_java,7,149
org.apache.wicket.extensions.ajax.markup.html.AjaxEditableLabel_java,7,149
org.apache.wicket.feedback.IFeedbackMessageFilter_java,6,153
org.apache.wicket.util.convert.converter.ShortConverter_java,6,153
org.apache.wicket.util.convert.converter.ByteConverter_java,6,153
org.apache.wicket.util.convert.converter.IntegerConverter_java,6,153
org.apache.wicket.markup.transformer.AbstractTransformerBehavior_java,6,153
org.apache.wicket.util.image.ImageUtil_java,6,153
org.apache.wicket.markup.html.form.login.MockLoginPage_java,6,153
org.apache.wicket.markup.html.form.StatelessForm_java,6,153
org.apache.wicket.util.convert.converter.LongConverter_java,6,153
org.apache.wicket.markup.html.media.Source_java,6,153
org.apache.wicket.extensions.ajax.markup.html.form.upload.UploadStatusResource_java,5,163
org.apache.wicket.request.resource.caching.IStaticCacheableResource_java,4,164
org.apache.wicket.markup.MarkupFragment_java,4,164
org.apache.wicket.page.PageManagerDecorator_java,4,164
org.apache.wicket.extensions.rating.RatingPanel_java,4,164
org.apache.wicket.markup.html.list.PageableListView_java,4,164
org.apache.wicket.resource.bundles.ConcatBundleResource_java,4,164
org.apache.wicket.protocol.http.servlet.AbstractRequestWrapperFactory_java,4,164
org.apache.wicket.ajax.markup.html.form.AjaxButton_java,4,164
org.apache.wicket.protocol.http.ClientProperties_java,4,164
org.apache.wicket.markup.html.link.DisabledAttributeLinkBehavior_java,4,164
org.apache.wicket.util.tester.TagTester_java,4,164
org.apache.wicket.markup.resolver.ComponentResolvers_java,4,164
org.apache.wicket.devutils.debugbar.InspectorDebugPanel_java,3,176
org.apache.wicket.markup.html.PackageResourceGuard_java,3,176
org.apache.wicket.markup.html.link.BookmarkableHomePageLinksPage_java,3,176
org.apache.wicket.markup.transformer.ITransformer_java,3,176
org.apache.wicket.Session_java,3,176
org.apache.wicket.ajax.form.AjaxFormValidatingBehavior_java,3,176
org.apache.wicket.markup.html.basic.SimpleResponsePageClass_java,3,176
org.apache.wicket.markup.html.form.FormComponentPanel_java,3,176
org.apache.wicket.request.resource.PartWriterCallback_java,3,176
org.apache.wicket.markup.DefaultMarkupResourceStreamProvider_java,3,176
org.apache.wicket.markup.html.form.upload.MultiFileUploadField_java,3,176
org.apache.wicket.util.tester.MockFormFileUploadPage_java,3,176
org.apache.wicket.markup.AbstractMarkupFragment_java,3,176
org.apache.wicket.util.tester.MockPageParameterPage_java,3,176
org.apache.wicket.RestartResponseAtInterceptPageException_java,2,190
org.apache.wicket.request.Request_java,2,190
org.apache.wicket.markup.html.panel.AssociatedMarkupSourcingStrategy_java,2,190
org.apache.wicket.markup.parser.filter.InlineEnclosureHandler_java,2,190
org.apache.wicket.request.mapper.parameter.UrlPathPageParametersEncoder_java,2,190
org.apache.wicket.request.resource.ContextRelativeResource_java,2,190
org.apache.wicket.request.resource.caching.version.MessageDigestResourceVersion_java,2,190
org.apache.wicket.request.resource.caching.version.LastModifiedResourceVersion_java,2,190
org.apache.wicket.bean.validation.customconstraint.PasswordConstraintAnnotation_java,2,190
org.apache.wicket.markup.html.list.ListView_java,2,190
org.apache.wicket.request.resource.caching.QueryStringWithVersionResourceCachingStrategy_java,2,190
org.apache.wicket.protocol.ws.javax.JavaxUpgradeHttpRequest_java,2,190
org.apache.wicket.validation.validator.StringValidator_java,2,190
org.apache.wicket.util.lang.Bytes_java,2,190
org.apache.wicket.markup.html.form.AutoLabelTextResolver_java,2,190
org.apache.wicket.mock.MockPageManager_java,2,190
org.apache.wicket.authroles.authentication.AuthenticatedWebSession_java,2,190
org.apache.wicket.markup.html.form.Form_java,2,190
org.apache.wicket.validation.validator.CreditCardValidator_java,2,190
org.apache.wicket.util.collections.IntHashMap_java,2,190
org.apache.wicket.markup.resolver.IComponentResolver_java,2,190
org.apache.wicket.util.value.ValueMap_java,2,190
org.apache.wicket.protocol.http.AjaxEnclosureListener_java,1,212
org.apache.wicket.util.io.Connections_java,1,212
