file,bugChurn,rank
org.apache.wicket.util.string.Entities_java,1151,1
org.apache.wicket.util.tester.BaseWicketTester_java,614,2
org.apache.wicket.ajax.AjaxRequestTarget_java,598,3
org.apache.wicket.Component_java,578,4
org.apache.wicket.request.handler.render.WebPageRenderer_java,495,5
org.apache.wicket.request.resource.PackageResource_java,473,6
org.apache.wicket.util.string.StringEscapeUtils_java,428,7
org.apache.wicket.validation.validator.CreditCardValidator_java,415,8
org.apache.wicket.request.cycle.RequestCycle_java,349,9
org.apache.wicket.authroles.authorization.strategies.role.metadata.MetaDataRoleAuthorizationStrategy_java,345,10
org.apache.wicket.authroles.authentication.panel.SignInPanel_java,320,11
org.apache.wicket.markup.html.form.Form_java,316,12
org.apache.wicket.request.mapper.info.ComponentInfo_java,259,13
org.apache.wicket.protocol.http.servlet.ServletWebRequest_java,257,14
org.apache.wicket.request.UrlRenderer_java,255,15
org.apache.wicket.markup.HtmlSpecialTag_java,237,16
org.apache.wicket.markup.parser.TagStack_java,231,17
org.apache.wicket.markup.html.panel.Fragment_java,221,18
org.apache.wicket.util.file.WebXmlFile_java,212,19
org.apache.wicket.util.file.FileCleaner_java,196,20
org.apache.wicket.markup.ComponentTag_java,191,21
org.apache.wicket.extensions.ajax.markup.html.form.upload.UploadProgressBar_java,179,22
org.apache.wicket.markup.AbstractMarkupParser_java,168,23
org.apache.wicket.protocol.http.WebApplication_java,166,24
org.apache.wicket.authroles.authentication.AuthenticatedWebApplication_java,165,25
org.apache.wicket.authroles.authorization.strategies.role.metadata.InstantiationPermissions_java,164,26
org.apache.wicket.protocol.http.servlet.ErrorAttributes_java,163,27
org.apache.wicket.Page_java,158,28
org.apache.wicket.request.Url_java,149,29
org.apache.wicket.authroles.authorization.strategies.role.Roles_java,145,30
org.apache.wicket.authroles.authorization.strategies.role.metadata.ActionPermissions_java,145,30
org.apache.wicket.protocol.http.StoredResponsesMap_java,144,32
org.apache.wicket.authroles.authorization.strategies.role.annotations.AnnotationsRoleAuthorizationStrategy_java,142,33
org.apache.wicket.protocol.http.WicketFilter_java,141,34
org.apache.wicket.authroles.authentication.AuthenticatedWebSession_java,133,35
org.apache.wicket.markup.parser.XmlPullParser_java,133,35
org.apache.wicket.DefaultExceptionMapper_java,133,35
org.apache.wicket.request.cycle.RequestCycleListenerCollection_java,127,38
org.apache.wicket.protocol.http.servlet.ServletWebResponse_java,123,39
org.apache.wicket.request.mapper.info.PageComponentInfo_java,122,40
org.apache.wicket.protocol.http.BufferedWebResponse_java,119,41
org.apache.wicket.markup.parser.filter.StyleAndScriptIdentifier_java,119,41
org.apache.wicket.util.lang.Checks_java,117,43
org.apache.wicket.request.mapper.info.PageInfo_java,112,44
org.apache.wicket.ajax.form.AjaxFormSubmitBehaviorTestPage_java,109,45
org.apache.wicket.extensions.markup.html.captcha.CaptchaImageResource_java,109,45
org.apache.wicket.request.resource.JavaScriptPackageResource_java,106,47
org.apache.wicket.request.http.WebRequest_java,105,48
org.apache.wicket.ajax.AbstractDefaultAjaxBehavior_java,103,49
org.apache.wicket.MockPageParametersAware_java,99,50
org.apache.wicket.request.resource.CssPackageResource_java,99,50
org.apache.wicket.request.mapper.parameter.PageParameters_java,96,52
org.apache.wicket.authroles.authorization.strategies.role.AbstractRoleAuthorizationStrategy_java,89,53
org.apache.wicket.util.tester.MockPageAjaxSubmitLinkSubmitsWholeForm_java,88,54
org.apache.wicket.util.tester.FormTester_java,87,55
org.apache.wicket.RequestListenerInterface_java,84,56
org.apache.wicket.protocol.http.mock.MockHttpServletRequest_java,84,56
org.apache.wicket.protocol.http.ModifyCookiePage_java,78,58
org.apache.wicket.MarkupContainer_java,75,59
org.apache.wicket.request.resource.CssResourceReference_java,73,60
org.apache.wicket.Localizer_java,72,61
org.apache.wicket.markup.resolver.border.BasePage_java,71,62
org.apache.wicket.mock.MockWebRequest_java,70,63
org.apache.wicket.authroles.authorization.strategies.role.annotations.AuthorizeAction_java,70,63
org.apache.wicket.request.handler.resource.ResourceStreamRequestHandler_java,70,63
org.apache.wicket.ajax.form.AjaxFormSubmitBehavior_java,69,66
org.apache.wicket.pageStore.DefaultPageStore_java,68,67
org.apache.wicket.authroles.authentication.AbstractAuthenticatedWebSession_java,68,67
org.apache.wicket.request.resource.ResourceReference_java,67,69
org.apache.wicket.util.string.Strings_java,64,70
org.apache.wicket.behavior.InvalidBehaviorIdException_java,62,71
org.apache.wicket.util.cookies.SetCookieAndRedirectStatelessTestPage_java,62,71
org.apache.wicket.util.cookies.SetCookieAndRedirectStatefullTestPage_java,61,73
org.apache.wicket.authroles.authorization.strategies.role.annotations.AuthorizeActions_java,60,74
org.apache.wicket.markup.html.TransparentWithAjaxUpdatePage_java,57,75
org.apache.wicket.markup.html.ComponentMarkupIdTestPage_java,57,75
org.apache.wicket.authroles.authorization.strategies.role.annotations.AuthorizeInstantiation_java,56,77
org.apache.wicket.extensions.markup.html.repeater.data.table.filter.FilterForm_java,55,78
org.apache.wicket.markup.html.form.IFormSubmitter_java,55,78
org.apache.wicket.extensions.markup.html.repeater.data.table.DataTable_java,53,80
org.apache.wicket.extensions.markup.html.repeater.data.sort.OrderByLink_java,52,81
org.apache.wicket.request.Request_java,51,82
org.apache.wicket.authroles.authentication.pages.SignInPage_java,51,82
org.apache.wicket.request.mapper.AbstractMapper_java,50,84
org.apache.wicket.authroles.authentication.pages.SignOutPage_java,49,85
org.apache.wicket.request.http.WebResponse_java,48,86
org.apache.wicket.util.value.LongValue_java,48,86
org.apache.wicket.util.string.AppendingStringBuffer_java,46,88
org.apache.wicket.markup.html.pages.BrowserInfoPage_java,45,89
org.apache.wicket.markup.html.form.RadioChoice_java,45,89
org.apache.wicket.markup.html.markupId.WicketApplication_java,45,89
org.apache.wicket.markup.MarkupCache_java,45,89
org.apache.wicket.proxy.LazyInitProxyFactory_java,44,93
org.apache.wicket.markup.parser.filter.RootMarkupFilter_java,44,93
org.apache.wicket.markup.parser.XmlTag_java,43,95
org.apache.wicket.extensions.util.encoding.CharSetMap_java,42,96
org.apache.wicket.markup.html.markupId.HomePage_java,42,96
org.apache.wicket.authroles.authorization.strategies.role.RoleAuthorizationStrategy_java,42,96
org.apache.wicket.markupFragments.MyPanelWithAutoComponent_java,41,99
org.apache.wicket.resource.loader.ComponentStringResourceLoader_java,41,99
org.apache.wicket.authroles.authorization.strategies.role.IRoleCheckingStrategy_java,41,99
org.apache.wicket.markup.html.pages.BrowserInfoForm_java,38,102
org.apache.wicket.authroles.authorization.strategies.role.annotations.AdminPage_java,38,102
org.apache.wicket.request.resource.PackageResourceReference_java,38,102
org.apache.wicket.markup.html.form.upload.FileUpload_java,38,102
org.apache.wicket.markup.resolver.issue3559.MenuPanel_java,37,106
org.apache.wicket.markup.parser.AbstractMarkupFilter_java,37,106
org.apache.wicket.protocol.http.IMetaDataBufferingWebResponse_java,37,106
org.apache.wicket.markup.resolver.border.BaseBorder_java,37,106
org.apache.wicket.markup.resolver.issue3559.SimplePanel_java,36,110
org.apache.wicket.authroles.authorization.strategies.role.annotations.NormalPage_java,36,110
org.apache.wicket.Session_java,36,110
org.apache.wicket.markup.resolver.border.HomePage_java,36,110
org.apache.wicket.markup.html.form.AbstractTextComponent_java,35,114
org.apache.wicket.markup.resolver.issue3559.BasePage_java,35,114
org.apache.wicket.extensions.ajax.markup.html.AjaxEditableLabel_java,35,114
org.apache.wicket.request.component.IRequestableComponent_java,34,117
org.apache.wicket.resource.NoOpTextCompressor_java,34,117
org.apache.wicket.markupFragments.MyPanelWithAutoComponentPage_java,33,119
org.apache.wicket.protocol.https.HttpsConfig_java,33,119
org.apache.wicket.markup.resolver.issue3559.HomePage_java,33,119
org.apache.wicket.markup.html.MarkupInheritanceResolverTestPage3_java,32,122
org.apache.wicket.stateless.pages.LoginPage_java,32,122
org.apache.wicket.markup.html.MarkupInheritanceResolverTestPage2_java,32,122
org.apache.wicket.markup.parser.filter.OpenCloseTagExpander_java,32,122
org.apache.wicket.markup.html.markupId.MyPanel_java,32,122
org.apache.wicket.markup.html.MarkupInheritanceResolverTestPage1_java,32,122
org.apache.wicket.util.template.CssTemplate_java,32,122
org.apache.wicket.request.resource.ContextRelativeResource_java,31,129
org.apache.wicket.extensions.markup.html.tabs.TabbedPanel_java,31,129
org.apache.wicket.resource.ITextResourceCompressor_java,31,129
org.apache.wicket.markup.html.TransparentWithAjaxUpdatePanel_java,31,129
org.apache.wicket.markup.resolver.issue3559.WicketApplication_java,31,129
org.apache.wicket.markup.html.form.FormComponent_java,31,129
org.apache.wicket.protocol.http.WebSession_java,30,135
org.apache.wicket.util.template.JavaScriptTemplate_java,30,135
org.apache.wicket.session.HttpSessionStore_java,30,135
org.apache.wicket.protocol.https.HttpsMapper_java,29,138
org.apache.wicket.request.cycle.MultiRequestCycleListenerCallOrderPage_java,29,138
org.apache.wicket.protocol.http.WicketServlet_java,29,138
org.apache.wicket.util.io.XmlReader_java,28,141
org.apache.wicket.request.IRequestHandlerDelegate_java,28,141
org.apache.wicket.markup.IEConditionalCommentsPage_java,28,141
org.apache.wicket.markup.html.debug.PageView_java,27,144
org.apache.wicket.markup.html.form.AbstractSubmitLink_java,27,144
org.apache.wicket.protocol.http.mock.MockHttpServletResponse_java,27,144
org.apache.wicket.markup.html.panel.DefaultMarkupSourcingStrategy_java,27,144
org.apache.wicket.css.ICssCompressor_java,27,144
org.apache.wicket.markup.html.form.upload.MockPageWithFormAndUploadField_java,27,144
org.apache.wicket.markup.html.form.IFormSubmittingComponent_java,25,150
org.apache.wicket.markup.resolver.issue3559.SimplePage_java,25,150
org.apache.wicket.pageStore.IPageStore_java,24,152
org.apache.wicket.markup.html.panel.InlinePanelPage_5_java,23,153
org.apache.wicket.request.IRequestCycle_java,23,153
org.apache.wicket.extensions.ajax.markup.html.AjaxLazyLoadPanel_java,22,155
org.apache.wicket.markup.html.form.CheckGroupSelector_java,21,156
org.apache.wicket.session.ISessionStore_java,21,156
org.apache.wicket.markup.html.link.Link_java,21,156
org.apache.wicket.util.string.StringValue_java,21,156
org.apache.wicket.request.flow.ResetResponseException_java,21,156
org.apache.wicket.markup.html.link.ExternalLink_java,21,156
org.apache.wicket.MockComponent_java,20,162
org.apache.wicket.request.cycle.IRequestCycleListener_java,20,162
org.apache.wicket.protocol.http.request.UserAgent_java,19,164
org.apache.wicket.protocol.http.mock.MockServletContext_java,19,164
org.apache.wicket.velocity.markup.html.VelocityPanel_java,18,166
org.apache.wicket.markup.html.form.AbstractSingleSelectChoice_java,17,167
org.apache.wicket.util.lang.Bytes_java,17,167
org.apache.wicket.protocol.http.HeaderBufferingWebResponse_java,17,167
org.apache.wicket.ajax.markup.html.form.AjaxSubmitLink_java,17,167
org.apache.wicket.protocol.http.servlet.XForwardedRequestWrapper_java,16,171
org.apache.wicket.markup.resolver.WicketMessageResolver_java,16,171
org.apache.wicket.page.IManageablePage_java,16,171
org.apache.wicket.markup.html.link.BookmarkablePageLink_java,16,171
org.apache.wicket.util.template.PackageTextTemplate_java,15,175
org.apache.wicket.ajax.form.OnChangeAjaxBehavior_java,15,175
org.apache.wicket.feedback.ContainerFeedbackMessageFilter_java,15,175
org.apache.wicket.util.template.TextTemplateDecorator_java,15,175
org.apache.wicket.request.resource.JavaScriptResourceReference_java,13,179
org.apache.wicket.markup.html.form.NumberTextField_java,13,179
org.apache.wicket.extensions.captcha.kittens.KittenCaptchaPanel_java,13,179
org.apache.wicket.extensions.markup.html.form.select.SelectOptions_java,13,179
org.apache.wicket.model.AbstractPropertyModel_java,12,183
org.apache.wicket.util.resource.AbstractStringResourceStream_java,12,183
org.apache.wicket.markup.MarkupException_java,12,183
org.apache.wicket.markup.html.TransparentWebMarkupContainer_java,12,183
org.apache.wicket.event.Broadcast_java,12,183
org.apache.wicket.request.cycle.AbstractRequestCycleListener_java,12,183
org.apache.wicket.util.time.Time_java,11,189
org.apache.wicket.request.http.handler.RedirectRequestHandler_java,11,189
org.apache.wicket.javascript.IJavaScriptCompressor_java,11,189
org.apache.wicket.extensions.ajax.markup.html.modal.ModalWindow_java,10,192
org.apache.wicket.MockPage_java,10,192
org.apache.wicket.stateless.pages.UsernamePasswordSignInPanel_java,10,192
org.apache.wicket.pageStore.memory.DummyPageManagerContext_java,10,192
org.apache.wicket.markup.html.form.TextField_java,10,192
org.apache.wicket.markup.html.form.formComponentPanel.MyFormComponentPanel_java,9,197
org.apache.wicket.protocol.http.servlet.MultipartServletWebRequestImpl_java,9,197
org.apache.wicket.util.lang.Args_java,9,197
org.apache.wicket.extensions.ajax.markup.html.form.upload.UploadStatusResource_java,9,197
org.apache.wicket.markup.html.form.SubmitLink_java,9,197
org.apache.wicket.request.Response_java,9,197
org.apache.wicket.extensions.markup.html.form.palette.component.AbstractOptions_java,8,203
org.apache.wicket.markup.html.form.Button_java,8,203
org.apache.wicket.markup.html.form.upload.FileUploadField_java,8,203
org.apache.wicket.markup.parser.IMarkupFilter_java,8,203
org.apache.wicket.pageStore.memory.HttpSessionDataStore_java,8,203
org.apache.wicket.extensions.markup.html.form.DateTextField_java,8,203
org.apache.wicket.page.AbstractPageManager_java,8,203
org.apache.wicket.util.cookies.CookieValuePersisterTestPage_java,8,203
org.apache.wicket.markup.html.IHeaderContributor_java,7,211
org.apache.wicket.RestartResponseAtInterceptPageException_java,7,211
org.apache.wicket.pageStore.DiskDataStore_java,7,211
org.apache.wicket.extensions.markup.html.tabs.PanelCachingTab_java,7,211
org.apache.wicket.request.resource.ResourceStreamResource_java,7,211
org.apache.wicket.extensions.markup.html.tabs.ITab_java,7,211
org.apache.wicket.markup.html.panel.Panel_java,7,211
org.apache.wicket.resource.PageWithXmlProperties_java,7,211
org.apache.wicket.markup.html.link.DownloadLink_java,7,211
org.apache.wicket.markup.parser.IXmlPullParser_java,7,211
org.apache.wicket.markup.html.form.AbstractChoice_java,7,211
org.apache.wicket.protocol.http.ReloadingWicketFilter_java,7,211
org.apache.wicket.mock.MockWebResponse_java,6,223
org.apache.wicket.response.ByteArrayResponse_java,6,223
org.apache.wicket.markup.html.pages.ExceptionErrorPage_java,6,223
org.apache.wicket.request.cycle.MultiRequestCycleListenerCallOrderApplication_java,6,223
org.apache.wicket.markup.html.WebPage_java,6,223
org.apache.wicket.ajax.markup.html.form.AjaxButton_java,6,223
org.apache.wicket.ajax.markup.html.form.AjaxFallbackButton_java,6,223
org.apache.wicket.markup.html.image.resource.LocalizedImageResource_java,6,223
org.apache.wicket.response.StringResponse_java,6,223
org.apache.wicket.response.NullResponse_java,6,223
org.apache.wicket.markup.ContainerInfo_java,6,223
org.apache.wicket.mock.MockSessionStore_java,5,234
org.apache.wicket.markup.parser.filter.HtmlHandler_java,5,234
org.apache.wicket.markup.html.basic.SimplePage_7_java,5,234
org.apache.wicket.validation.ValidationError_java,5,234
org.apache.wicket.util.tester.TagTester_java,5,234
org.apache.wicket.spring.injection.annot.AnnotProxyFieldValueFactory_java,5,234
org.apache.wicket.versioning.InMemoryPageStore_java,4,240
org.apache.wicket.mock.MockHomePage_java,4,240
org.apache.wicket.markup.MarkupResourceStream_java,4,240
org.apache.wicket.markup.MarkupStream_java,4,240
org.apache.wicket.model.PropertyModel_java,4,240
org.apache.wicket.validation.IValidationError_java,4,240
org.apache.wicket.util.collections.MostRecentlyUsedMap_java,4,240
org.apache.wicket.markup.html.link.ResourceLink_java,4,240
org.apache.wicket.extensions.markup.html.form.palette.Palette_java,4,240
org.apache.wicket.markup.resolver.AutoLinkResolver_java,4,240
org.apache.wicket.guice.GuiceWebApplicationFactory_java,4,240
org.apache.wicket.util.tester.DummyPanelPage_java,4,240
org.apache.wicket.extensions.markup.html.repeater.data.table.NavigatorLabel_java,4,240
org.apache.wicket.ConverterLocator_java,4,240
org.apache.wicket.markup.parser.filter.HeadForceTagIdHandler_java,4,240
org.apache.wicket.markup.MarkupParser_java,4,240
org.apache.wicket.util.tester.MockFormFileUploadPage_java,4,240
org.apache.wicket.ComponentEventSender_java,4,240
org.apache.wicket.devutils.debugbar.DebugBar_java,3,258
org.apache.wicket.Application_java,3,258
org.apache.wicket.markup.MarkupFragment_java,3,258
org.apache.wicket.devutils.inspector.RequestsPage_java,3,258
org.apache.wicket.markup.html.basic.EnclosureContainer_java,3,258
org.apache.wicket.util.time.AbstractTime_java,3,258
org.apache.wicket.util.tester.Result_java,3,258
org.apache.wicket.markup.html.link.InlineFrame_java,3,258
org.apache.wicket.markup.html.form.StatelessForm_java,3,258
org.apache.wicket.extensions.ajax.markup.html.AjaxEditableChoiceLabel_java,3,258
org.apache.wicket.markup.parser.filter.EnclosureHandler_java,3,258
org.apache.wicket.request.mapper.CompoundRequestMapper_java,3,258
org.apache.wicket.markup.html.form.upload.FileUploadError_java,3,258
org.apache.wicket.authentication.IAuthenticationStrategy_java,2,271
org.apache.wicket.markup.html.form.Check_java,2,271
org.apache.wicket.validation.validator.UrlValidator_java,2,271
org.apache.wicket.protocol.http.servlet.MultipartServletWebRequest_java,2,271
org.apache.wicket.spring.SpringBeanLocator_java,2,271
org.apache.wicket.protocol.http.mock.MockHttpSession_java,2,271
org.apache.wicket.markup.parser.filter.WicketLinkTagHandler_java,2,271
org.apache.wicket.util.resource.ZipResourceStream_java,2,271
org.apache.wicket.markup.html.form.Radio_java,2,271
org.apache.wicket.util.resource.XSLTResourceStream_java,2,271
org.apache.wicket.markup.html.form.CheckBox_java,2,271
org.apache.wicket.extensions.markup.html.basic.DefaultLinkParser_java,2,271
org.apache.wicket.markup.html.image.Image_java,2,271
org.apache.wicket.request.mapper.ParentPathReferenceRewriter_java,2,271
org.apache.wicket.response.filter.IResponseFilter_java,2,271
org.apache.wicket.markup.RawMarkup_java,2,271
org.apache.wicket.markup.html.form.DropDownChoice_java,2,271
org.apache.wicket.extensions.markup.html.repeater.data.table.AbstractToolbar_java,2,271
org.apache.wicket.util.tester.apps_4.EmailPage_java,2,271
org.apache.wicket.markup.html.form.FormHasErrorPage_java,2,271
org.apache.wicket.authorization.strategies.page.AbstractPageAuthorizationStrategy_java,2,271
org.apache.wicket.authorization.strategies.CompoundAuthorizationStrategy_java,1,292
org.apache.wicket.extensions.captcha.kittens.OpaqueRegion_java,1,292
