file,bugChurn,rank
org.apache.wicket.protocol.http.RequestLogger_java,1891,1
org.apache.wicket.protocol.http.servlet.ServletWebRequest_java,940,2
org.apache.wicket.pageStore.AsynchronousDataStore_java,763,3
org.apache.wicket.protocol.http.AbstractRequestLogger_java,519,4
org.apache.wicket.util.tester.BaseWicketTester_java,470,5
org.apache.wicket.request.resource.AbstractResource_java,464,6
org.apache.wicket.request.HttpHeaderCollection_java,362,7
org.apache.wicket.Component_java,336,8
org.apache.wicket.request.resource.caching.version.MessageDigestResourceVersion_java,334,9
org.apache.wicket.request.Url_java,329,10
org.apache.wicket.markup.renderStrategy.AbstractHeaderRenderStrategy_java,307,11
org.apache.wicket.markup.resolver.AutoLinkResolver_java,275,12
org.apache.wicket.util.file.Files_java,259,13
org.apache.wicket.markup.html.border.Border_java,233,14
org.apache.wicket.util.tester.FormTester_java,218,15
org.apache.wicket.request.resource.caching.FilenameWithVersionResourceCachingStrategy_java,218,15
org.apache.wicket.page.PageAccessSynchronizer_java,177,17
org.apache.wicket.MarkupContainer_java,177,17
org.apache.wicket.markup.MarkupCache_java,175,19
org.apache.wicket.util.markup.xhtml.WellFormedXmlTestCase_java,162,20
org.apache.wicket.request.resource.caching.version.RequestCycleCachedResourceVersion_java,160,21
org.apache.wicket.request.resource.caching.version.CachingResourceVersion_java,155,22
org.apache.wicket.protocol.http.mock.MockHttpServletRequest_java,149,23
org.apache.wicket.protocol.http.servlet.ForwardAttributes_java,141,24
org.apache.wicket.request.resource.caching.QueryStringWithVersionResourceCachingStrategy_java,140,25
org.apache.wicket.extensions.ajax.markup.html.AjaxEditableLabel_java,138,26
org.apache.wicket.protocol.http.WebApplication_java,137,27
org.apache.wicket.feedback.FeedbackCollector_java,137,27
org.apache.wicket.util.lang.Threads_java,134,29
org.apache.wicket.protocol.http.RequestLoggerRequestCycleListener_java,133,30
org.apache.wicket.request.mapper.parameter.PageParameters_java,132,31
org.apache.wicket.resource.ResourceUtil_java,126,32
org.apache.wicket.protocol.http.IRequestLogger_java,123,33
org.apache.wicket.request.resource.PackageResource_java,122,34
org.apache.wicket.markup.html.form.Form_java,117,35
org.apache.wicket.markup.html.internal.HtmlHeaderContainer_java,112,36
org.apache.wicket.feedback.FeedbackMessages_java,112,36
org.apache.wicket.Page_java,110,38
org.apache.wicket.markup.html.internal.Enclosure_java,100,39
org.apache.wicket.request.mapper.info.ComponentInfo_java,92,40
org.apache.wicket.request.cycle.RequestCycle_java,89,41
org.apache.wicket.markup.renderStrategy.IHeaderRenderStrategy_java,86,42
org.apache.wicket.util.file.FolderDeleteStrategy_java,83,43
org.apache.wicket.extensions.markup.html.form.select.Select_java,83,43
org.apache.wicket.Session_java,79,45
org.apache.wicket.markup.html.form.AutoLabelTextResolver_java,78,46
org.apache.wicket.MockPanelWithLink_java,78,46
org.apache.wicket.resource.loader.ComponentStringResourceLoader_java,78,46
org.apache.wicket.util.io.FullyBufferedReader_java,72,49
org.apache.wicket.markup.MarkupFragment_java,72,49
org.apache.wicket.util.string.AppendingStringBuffer_java,68,51
org.apache.wicket.markup.html.internal.ChildWithDeeperPathInTransparentContainerPage_java,66,52
org.apache.wicket.protocol.http.servlet.ServletWebResponse_java,66,52
org.apache.wicket.util.tester.CookiePage_java,65,54
org.apache.wicket.request.mapper.CompoundRequestMapper_java,65,54
org.apache.wicket.request.mapper.parameter.INamedParameters_java,64,56
org.apache.wicket.util.file.IFileCleaner_java,64,56
org.apache.wicket.util.collections.ReverseListIterator_java,64,56
org.apache.wicket.markup.html.internal.EnclosurePage_13_java,63,59
org.apache.wicket.markup.parser.filter.WicketMessageTagHandler_java,63,59
org.apache.wicket.protocol.http.WebSession_java,62,61
org.apache.wicket.markup.html.internal.EnclosurePage_12_java,61,62
org.apache.wicket.request.resource.ByteArrayResource_java,61,62
org.apache.wicket.pageStore.DiskDataStore_java,60,64
org.apache.wicket.RestartResponseAtInterceptPageException_java,58,65
org.apache.wicket.markup.parser.filter.RelativePathPrefixHandler_java,58,65
org.apache.wicket.markup.html.panel.AssociatedMarkupSourcingStrategy_java,57,67
org.apache.wicket.util.LazyInitializer_java,57,67
org.apache.wicket.intercept.MySession_java,57,67
org.apache.wicket.extensions.markup.html.repeater.data.table.filter.FilterForm_java,57,67
org.apache.wicket.request.resource.caching.version.StaticResourceVersion_java,56,71
org.apache.wicket.util.file.FileCleaner_java,54,72
org.apache.wicket.request.resource.caching.version.LastModifiedResourceVersion_java,53,73
org.apache.wicket.intercept.LoginPage_java,53,73
org.apache.wicket.protocol.https.HttpsMapperApplication_java,53,73
org.apache.wicket.markup.html.panel.DefaultMarkupSourcingStrategy_java,53,73
org.apache.wicket.util.tester.NestedFormPage_java,53,73
org.apache.wicket.markup.transformer.AbstractTransformerBehavior_java,52,78
org.apache.wicket.intercept.SecurePage_java,49,79
org.apache.wicket.markup.resolver.issue3989.BasePanel_java,49,79
org.apache.wicket.request.resource.caching.version.IResourceVersion_java,48,81
org.apache.wicket.extensions.markup.html.form.select.SelectTestPage_java,47,82
org.apache.wicket.extensions.ajax.markup.html.modal.ModalWindow_java,45,83
org.apache.wicket.util.tester.ComponentInPage_java,45,83
org.apache.wicket.markup.html.header.response.PanelWithHeader_java,45,83
org.apache.wicket.markup.html.form.StatelessForm_java,45,83
org.apache.wicket.markup.html.header.response.ConcretePage_java,45,83
org.apache.wicket.markup.html.header.response.HeaderPanel_java,45,83
org.apache.wicket.markup.html.image.resource.RenderedDynamicImageResource_java,44,89
org.apache.wicket.markup.html.link.PageWithLink_java,40,90
org.apache.wicket.stateless.StatelessPageWithForm_java,40,90
org.apache.wicket.intercept.Wicket4066Application_java,40,90
org.apache.wicket.markup.html.PackageResourceGuard_java,39,93
org.apache.wicket.intercept.SuccessPage_java,38,94
org.apache.wicket.intercept.HomePage_java,38,94
org.apache.wicket.markup.TagUtils_java,37,96
org.apache.wicket.mock.MockWebResponse_java,37,96
org.apache.wicket.markup.html.panel.FeedbackPanel_java,36,98
org.apache.wicket.markup.html.internal.InlineEnclosure_java,35,99
org.apache.wicket.markup.html.internal.SecuredContainer_13_java,35,99
org.apache.wicket.feedback.DefaultCleanupFeedbackMessageFilter_java,35,99
org.apache.wicket.markup.html.header.response.AbstractPage_java,35,99
org.apache.wicket.markup.html.panel.AbstractMarkupSourcingStrategy_java,35,99
org.apache.wicket.behavior.Behavior_java,34,104
org.apache.wicket.markup.resolver.issue3989.HomePage_java,33,105
org.apache.wicket.SharedResources_java,33,105
org.apache.wicket.extensions.markup.html.repeater.data.table.DataTable_java,33,105
org.apache.wicket.markup.parser.AbstractMarkupFilter_java,32,108
org.apache.wicket.ajax.form.AjaxFormSubmitBehavior_java,32,108
org.apache.wicket.markup.html.form.border.HomePage_java,30,110
org.apache.wicket.application.AbstractClassResolver_java,30,110
org.apache.wicket.request.http.WebResponse_java,29,112
org.apache.wicket.pageStore.DefaultPageStore_java,29,112
org.apache.wicket.markup.resolver.inparent.HomePage_java,29,112
org.apache.wicket.application.DefaultClassResolver_java,29,112
org.apache.wicket.extensions.markup.html.basic.LinkParser_java,29,112
org.apache.wicket.util.string.StringValue_java,28,117
org.apache.wicket.extensions.markup.html.repeater.data.table.HeadersToolbar_java,28,117
org.apache.wicket.markup.resolver.inparent.base.BasePage_java,28,117
org.apache.wicket.serialize.java.JavaSerializer_java,28,117
org.apache.wicket.request.resource.ResourceStreamResource_java,26,121
org.apache.wicket.extensions.markup.html.form.select.SelectOption_java,26,121
org.apache.wicket.protocol.http.BufferedWebResponse_java,25,123
org.apache.wicket.devutils.inspector.RequestsPage_java,25,123
org.apache.wicket.protocol.https.HttpsPage_java,25,123
org.apache.wicket.markup.html.form.FormComponent_java,25,123
org.apache.wicket.util.tester.WicketTester_java,25,123
org.apache.wicket.request.resource.SharedResourceReference_java,25,123
org.apache.wicket.Application_java,24,129
org.apache.wicket.protocol.https.HttpPage_java,24,129
org.apache.wicket.markup.html.form.validation.HomePage_java,24,129
org.apache.wicket.util.string.Strings_java,23,132
org.apache.wicket.extensions.ajax.markup.html.autocomplete.AutoCompleteSettings_java,23,132
org.apache.wicket.protocol.http.StoredResponsesMap_java,22,134
org.apache.wicket.markup.html.form.Check_java,21,135
org.apache.wicket.request.resource.PackageResourceReference_java,20,136
org.apache.wicket.ajax.AjaxRequestTarget_java,19,137
org.apache.wicket.markup.parser.filter.OpenCloseTagExpander_java,19,137
org.apache.wicket.markup.renderStrategy.ChildFirstHeaderRenderStrategy_java,18,139
org.apache.wicket.session.HttpSessionStore_java,18,139
org.apache.wicket.request.resource.ResourceReferenceRegistry_java,17,141
org.apache.wicket.request.handler.resource.ResourceStreamRequestHandler_java,17,141
org.apache.wicket.markup.html.form.validation.innerfeedback.LocalizedFeedbackBorder_java,17,141
org.apache.wicket.devutils.inspector.LiveSessionsPage_java,16,144
org.apache.wicket.authroles.authentication.panel.SignInPanel_java,16,144
org.apache.wicket.request.mapper.parameter.PageParametersEncoder_java,15,146
org.apache.wicket.feedback.IFeedbackMessageFilter_java,14,147
org.apache.wicket.protocol.http.mock.MockHttpServletResponse_java,14,147
org.apache.wicket.request.resource.caching.NoOpResourceCachingStrategy_java,14,147
org.apache.wicket.util.io.Connections_java,14,147
org.apache.wicket.request.resource.caching.IResourceCachingStrategy_java,13,151
org.apache.wicket.markup.parser.XmlPullParser_java,13,151
org.apache.wicket.extensions.breadcrumb.panel.BreadCrumbPanelLink_java,13,151
org.apache.wicket.markup.html.panel.SimplePanel_4_java,12,154
org.apache.wicket.authroles.authorization.strategies.role.AbstractRoleAuthorizationStrategy_java,11,155
org.apache.wicket.extensions.ajax.markup.html.AjaxIndicatorAppender_java,11,155
org.apache.wicket.markup.html.link.AbstractLink_java,11,155
org.apache.wicket.model.StringResourceModel_java,11,155
org.apache.wicket.extensions.wizard.Wizard_java,11,155
org.apache.wicket.markup.html.DecoratingHeaderResponse_java,11,155
org.apache.wicket.extensions.ajax.markup.html.repeater.data.sort.AjaxFallbackOrderByBorder_java,10,161
org.apache.wicket.request.http.WebRequest_java,10,161
org.apache.wicket.util.resource.FileResourceStream_java,10,161
org.apache.wicket.request.parameter.CombinedRequestParametersAdapter_java,10,161
org.apache.wicket.extensions.markup.html.basic.DefaultLinkParser_java,9,165
org.apache.wicket.Localizer_java,9,165
org.apache.wicket.markup.html.form.AutoLabelResolver_java,9,165
org.apache.wicket.markup.html.border.HideableBorder_java,8,168
org.apache.wicket.markup.html.image.resource.BlobImageResource_java,8,168
org.apache.wicket.markup.html.form.validation.FormComponentFeedbackBorder_java,8,168
org.apache.wicket.markup.MarkupResourceStream_java,8,168
org.apache.wicket.ajax.markup.html.ajaxLink.AjaxPage2_java,8,168
org.apache.wicket.markup.html.form.border.CommonModelPage_java,8,168
org.apache.wicket.markup.html.form.validation.HereIsTheBug_java,8,168
org.apache.wicket.request.mapper.ICompoundRequestMapper_java,8,168
org.apache.wicket.RestartResponseException_java,8,168
org.apache.wicket.ajax.markup.html.ajaxLink.AjaxLinkWithBorderPage_java,8,168
org.apache.wicket.markup.html.form.AbstractChoice_java,8,168
org.apache.wicket.markup.parser.filter.WicketTagIdentifier_java,7,179
org.apache.wicket.markup.parser.filter.WicketNamespaceHandler_java,7,179
org.apache.wicket.DefaultPageManagerProvider_java,7,179
org.apache.wicket.mock.MockPageManager_java,7,179
org.apache.wicket.protocol.http.HeaderBufferingWebResponse_java,7,179
org.apache.wicket.authroles.authorization.strategies.role.annotations.AnnotationsRoleAuthorizationStrategy_java,7,179
org.apache.wicket.extensions.wizard.WizardModel_java,6,185
org.apache.wicket.extensions.markup.html.repeater.data.sort.OrderByBorder_java,6,185
org.apache.wicket.markup.Markup_java,6,185
org.apache.wicket.extensions.breadcrumb.panel.BreadCrumbPanelFactory_java,6,185
org.apache.wicket.request.mapper.parameter.IIndexedParameters_java,6,185
org.apache.wicket.markup.html.link.StatelessLink_java,6,185
org.apache.wicket.markup.html.panel.IMarkupSourcingStrategy_java,6,185
org.apache.wicket.feedback.FeedbackMessagesModel_java,6,185
org.apache.wicket.extensions.requestlogger.JsonRequestLogger_java,6,185
org.apache.wicket.resource.TextTemplateResourceReference_java,6,185
org.apache.wicket.Behaviors_java,6,185
org.apache.wicket.ajax.markup.html.form.AjaxSubmitLink_java,6,185
org.apache.wicket.threadtest.apps.app1.ResourceTestPage_java,6,185
org.apache.wicket.markup.html.pages.RedirectPage_java,5,198
org.apache.wicket.request.handler.render.WebPageRenderer_java,5,198
org.apache.wicket.protocol.http.request.UserAgent_java,5,198
org.apache.wicket.mock.MockSessionStore_java,5,198
org.apache.wicket.markup.html.WebPage_java,5,198
org.apache.wicket.markup.html.form.validation.FormComponentFeedbackIndicator_java,5,198
org.apache.wicket.markup.html.border.MyApplicationBorder_java,5,198
org.apache.wicket.markup.transformer.XsltTransformerBehavior_java,5,198
org.apache.wicket.markup.html.form.border.MyBorder_java,4,206
org.apache.wicket.markup.html.border.HideableBorderPage_java,4,206
org.apache.wicket.request.handler.TextRequestHandler_java,4,206
org.apache.wicket.markup.html.form.validation.innerfeedback.HomePage_java,4,206
org.apache.wicket.protocol.http.WicketFilter_java,4,206
org.apache.wicket.markup.html.SecurePackageResourceGuard_java,4,206
org.apache.wicket.authroles.authorization.strategies.role.annotations.AuthorizeAction_java,4,206
org.apache.wicket.markup.html.border.TogglePanel_java,4,206
org.apache.wicket.session.DefaultPageFactory_java,4,206
org.apache.wicket.markup.html.internal.EnclosurePage_3_java,4,206
org.apache.wicket.markup.resolver.border.BasePage_java,4,206
org.apache.wicket.markup.html.form.feedback.FeedbackFormPage_java,4,206
org.apache.wicket.extensions.ajax.markup.html.autocomplete.AbstractAutoCompleteBehavior_java,4,206
org.apache.wicket.behavior.AttributeAppender_java,4,206
org.apache.wicket.extensions.captcha.kittens.KittenCaptchaPanel_java,4,206
org.apache.wicket.markup.html.form.DropDownChoice_java,4,206
org.apache.wicket.markup.html.border.BorderRenderWrappedTestPage_1_java,4,206
org.apache.wicket.markup.MarkupParser_java,4,206
org.apache.wicket.request.parameter.UrlRequestParametersAdapter_java,4,206
org.apache.wicket.util.crypt.AbstractCrypt_java,4,206
org.apache.wicket.markup.html.form.validation.MyBorder_java,4,206
org.apache.wicket.model.HomePage_java,4,206
org.apache.wicket.markup.html.border.FormBorder_java,4,206
org.apache.wicket.behavior.AbstractAjaxBehavior_java,3,229
org.apache.wicket.markup.html.link.Link_java,3,229
org.apache.wicket.request.mapper.parameter.UrlPathPageParametersEncoder_java,3,229
org.apache.wicket.markup.html.form.Radio_java,3,229
org.apache.wicket.markup.html.form.CheckBox_java,3,229
org.apache.wicket.markup.html.form.RadioChoice_java,3,229
org.apache.wicket.util.resource.IResourceStream_java,3,229
org.apache.wicket.request.resource.DynamicImageResource_java,3,229
org.apache.wicket.markup.html.form.CheckGroup_java,3,229
org.apache.wicket.markup.transformer.XsltOutputTransformerContainer_java,3,229
org.apache.wicket.markup.html.form.CheckGroupSelector_java,2,239
org.apache.wicket.validation.validator.UrlValidator_java,2,239
org.apache.wicket.validation.validator.RangeValidator_java,2,239
org.apache.wicket.mock.MockWebRequest_java,2,239
org.apache.wicket.SystemMapper_java,2,239
org.apache.wicket.markup.html.pages.ExceptionErrorPage_java,2,239
org.apache.wicket.markup.IMarkupFragment_java,2,239
org.apache.wicket.markup.html.form.CheckBoxMultipleChoice_java,2,239
org.apache.wicket.request.resource.ResourceReference_java,2,239
org.apache.wicket.markup.html.image.Image_java,2,239
org.apache.wicket.markup.loader.InheritedMarkupMarkupLoader_java,2,239
org.apache.wicket.protocol.http.servlet.MultipartServletWebRequestImpl_java,2,239
org.apache.wicket.markup.html.link.ResourceLink_java,2,239
org.apache.wicket.validation.validator.CreditCardValidator_java,2,239
org.apache.wicket.markup.html.image.resource.LocalizedImageResource_java,2,239
org.apache.wicket.markup.html.link.InlineFrame_java,2,239
org.apache.wicket.DefaultMapperContext_java,2,239
org.apache.wicket.protocol.http.mock.MockServletContext_java,2,239
org.apache.wicket.resource.PropertiesFactory_java,2,239
org.apache.wicket.DefaultExceptionMapper_java,2,239
org.apache.wicket.extensions.markup.html.image.resource.ThumbnailImageResource_java,2,239
org.apache.wicket.markup.html.form.RadioGroup_java,2,239
org.apache.wicket.devutils.debugbar.DebugBar_java,1,261
org.apache.wicket.markup.resolver.WicketMessageResolver_java,1,261
