file,bugChurn,rank
org.apache.wicket.Component_java,607,1
org.apache.wicket.validation.validator.CreditCardValidator_java,577,2
org.apache.wicket.markup.html.internal.Enclosure_java,515,3
org.apache.wicket.markup.html.form.Form_java,411,4
org.apache.wicket.markup.html.SecurePackageResourceGuard_java,400,5
org.apache.wicket.devutils.debugbar.DebugBar_java,234,6
org.apache.wicket.util.collections.ConcurrentHashSet_java,229,7
org.apache.wicket.markup.html.form.DropDownChoiceTestPage_java,212,8
org.apache.wicket.util.tester.BaseWicketTester_java,204,9
org.apache.wicket.util.io.Connections_java,199,10
org.apache.wicket.extensions.markup.html.repeater.data.table.ContactsDatabase_java,194,11
org.apache.wicket.markup.resolver.ComponentResolvers_java,183,12
org.apache.wicket.extensions.markup.html.repeater.data.table.Contact_java,177,13
org.apache.wicket.markup.html.form.validation.HomePage_java,159,14
org.apache.wicket.util.tester.WicketTester_java,158,15
org.apache.wicket.markup.html.form.CheckBoxMultipleChoice_java,152,16
org.apache.wicket.protocol.http.servlet.WicketSessionFilter_java,145,17
org.apache.wicket.markup.html.WebPage_java,145,17
org.apache.wicket.markup.html.form.Radio_java,131,19
org.apache.wicket.SharedResources_java,130,20
org.apache.wicket.Localizer_java,129,21
org.apache.wicket.markup.html.form.border.MyDateField_java,122,22
org.apache.wicket.session.DefaultPageFactory_java,119,23
org.apache.wicket.markup.html.form.AbstractSingleSelectChoice_java,115,24
org.apache.wicket.extensions.markup.html.repeater.data.table.ContactGenerator_java,115,24
org.apache.wicket.ajax.HomePage_java,115,24
org.apache.wicket.markup.html.internal.EnclosurePage_9_java,114,27
org.apache.wicket.markup.html.form.ListMultipleChoice_java,111,28
org.apache.wicket.guice.GuiceProxyTargetLocator_java,108,29
org.apache.wicket.extensions.ajax.markup.html.form.upload.UploadProgressBar_java,103,30
org.apache.wicket.markup.html.form.Check_java,102,31
org.apache.wicket.markup.html.form.CheckBox_java,101,32
org.apache.wicket.extensions.markup.html.repeater.data.table.DetachableContactModel_java,101,32
org.apache.wicket.util.collections.ClassMetaCache_java,101,32
org.apache.wicket.extensions.markup.html.repeater.data.table.DataTable_java,100,35
org.apache.wicket.markup.html.PackageResourceGuard_java,98,36
org.apache.wicket.ajax.AjaxRequestTarget_java,97,37
org.apache.wicket.ajax.markup.html.form.HomePage_java,93,38
org.apache.wicket.util.tester.FormTester_java,92,39
org.apache.wicket.markup.html.navigation.paging.PagingNavigator_java,92,39
org.apache.wicket.protocol.http.WicketFilter_java,91,41
org.apache.wicket.markup.html.form.FormComponent_java,90,42
org.apache.wicket.markup.html.form.border.HomePage_java,88,43
org.apache.wicket.extensions.markup.html.repeater.data.table.DataTablePage_java,88,43
org.apache.wicket.Page_java,86,45
org.apache.wicket.markup.html.basic.EnclosureContainer_java,85,46
org.apache.wicket.markup.html.form.validation.MyBorder_java,82,47
org.apache.wicket.markup.html.form.upload.FileUploadError_java,82,47
org.apache.wicket.spring.SpringBeanLocator_java,80,49
org.apache.wicket.ajax.VarargsAddComponentPage_java,78,50
org.apache.wicket.markup.html.form.validation.MyPanel_java,78,50
org.apache.wicket.util.value.ValueMap_java,78,50
org.apache.wicket.extensions.markup.html.repeater.data.table.SortableContactDataProvider_java,75,53
org.apache.wicket.protocol.http.WebApplication_java,74,54
org.apache.wicket.markup.html.form.border.CommonModelPage_java,72,55
org.apache.wicket.ajax.HomePage2_java,72,55
org.apache.wicket.markup.html.link.submitLink.FormPage2_java,71,57
org.apache.wicket.markup.html.link.submitLink.FormPage_java,71,57
org.apache.wicket.MarkupContainer_java,71,57
org.apache.wicket.ajax.form.HomePage_java,68,60
org.apache.wicket.extensions.markup.html.repeater.data.table.RepeaterApplication_java,66,61
org.apache.wicket.markup.html.form.validation.innerfeedback.LocalizedFeedbackBorder_java,66,61
org.apache.wicket.util.tester.apps_7.HomePage_java,65,63
org.apache.wicket.protocol.http.request.HomePage_java,65,63
org.apache.wicket.markup.html.form.validation.innerfeedback.HomePage_java,64,65
org.apache.wicket.markup.html.form.validation.HereIsTheBug_java,63,66
org.apache.wicket.markup.html.internal.ResponseBufferZone_java,61,67
org.apache.wicket.markup.html.border.TogglePanel_java,60,68
org.apache.wicket.markup.html.form.border.MyTextField_java,60,68
org.apache.wicket.markup.html.internal.EnclosurePage_11_java,58,70
org.apache.wicket.markup.parser.SignInPanel_java,58,70
org.apache.wicket.guice.GuiceWebApplicationFactory_java,58,70
org.apache.wicket.markup.html.page.HomePage_java,57,73
org.apache.wicket.model.StringResourceModel_java,53,74
org.apache.wicket.extensions.rating.RatingPanel_java,53,74
org.apache.wicket.markup.parser.filter.OpenCloseTagExpander_java,53,74
org.apache.wicket.spring.SpringWebApplicationFactory_java,52,77
org.apache.wicket.markup.resolver.HomePage_2_java,51,78
org.apache.wicket.util.tester.apps_7.WicketApplication_java,50,79
org.apache.wicket.spring.injection.annot.AnnotProxyFieldValueFactory_java,50,79
org.apache.wicket.injection.Injector_java,49,81
org.apache.wicket.markup.repeater.AbstractPageableView_java,49,81
org.apache.wicket.markup.html.form.border.MyBorder_java,48,83
org.apache.wicket.markup.html.form.validation.innerfeedback.BasePage_java,46,84
org.apache.wicket.markup.html.form.validation.HomePage1_java,44,85
org.apache.wicket.markup.html.internal.SimplePanel_java,44,85
org.apache.wicket.markup.resolver.HomePage_1_java,44,85
org.apache.wicket.markup.parser.HomePage_java,43,88
org.apache.wicket.extensions.markup.html.form.palette.component.AbstractOptions_java,42,89
org.apache.wicket.markup.html.internal.EnclosurePage_8_java,41,90
org.apache.wicket.markup.html.internal.EnclosurePage_10_java,41,90
org.apache.wicket.DefaultExceptionMapper_java,40,92
org.apache.wicket.application.ReloadingClassLoader_java,40,92
org.apache.wicket.extensions.ajax.markup.html.AjaxEditableChoiceLabel_java,40,92
org.apache.wicket.markup.resolver.AutoLinkResolver_java,39,95
org.apache.wicket.markup.resolver.SimpleContainerPage_1_java,38,96
org.apache.wicket.util.string.Strings_java,38,96
org.apache.wicket.markup.html.form.border.CommonBorder_java,37,98
org.apache.wicket.extensions.markup.html.repeater.data.table.DatabaseLocator_java,37,98
org.apache.wicket.markup.html.navigation.paging.PagingNavigation_java,36,100
org.apache.wicket.extensions.ajax.markup.html.modal.ModalWindow_java,34,101
org.apache.wicket.ajax.form.ThirdPage_java,34,101
org.apache.wicket.validation.validator.UrlValidator_java,33,103
org.apache.wicket.ajax.form.SecondPage_java,33,103
org.apache.wicket.protocol.http.WicketServlet_java,32,105
org.apache.wicket.markup.html.page.SimplePanel_java,31,106
org.apache.wicket.markup.html.list.ListView_java,31,106
org.apache.wicket.ajax.markup.html.navigation.paging.AjaxPagingNavigationIncrementLink_java,31,106
org.apache.wicket.extensions.markup.html.tabs.TabbedPanel_java,30,109
org.apache.wicket.markup.html.form.RadioChoice_java,30,109
org.apache.wicket.devutils.debugbar.DebugBarInitializer_java,30,109
org.apache.wicket.markup.html.internal.EnclosurePage_7_java,29,112
org.apache.wicket.stateless.pages.Page1_java,29,112
org.apache.wicket.util.file.Files_java,29,112
org.apache.wicket.markup.html.border.HideableBorder_java,28,115
org.apache.wicket.session.HttpSessionStore_java,28,115
org.apache.wicket.markup.ComponentTag_java,27,117
org.apache.wicket.application.WildcardMatcherHelper_java,27,117
org.apache.wicket.ajax.form.AjaxFormSubmitBehavior_java,27,117
org.apache.wicket.stateless.pages.Page2_java,27,117
org.apache.wicket.markup.html.form.upload.FileUploadField_java,26,121
org.apache.wicket.markup.parser.filter.OpenCloseTagExpanderPage_1_java,26,121
org.apache.wicket.feedback.FeedbackMessages_java,26,121
org.apache.wicket.markup.MarkupCache_java,26,121
org.apache.wicket.util.lang.Objects_java,23,125
org.apache.wicket.markup.parser.SuperPage_java,23,125
org.apache.wicket.extensions.markup.html.form.DateTextField_java,23,125
org.apache.wicket.extensions.markup.html.repeater.data.table.filter.ChoiceFilteredPropertyColumn_java,22,128
org.apache.wicket.MetaDataKey_java,22,128
org.apache.wicket.page.IManageablePage_java,22,128
org.apache.wicket.extensions.markup.html.repeater.data.table.NavigationToolbar_java,22,128
org.apache.wicket.behavior.AbstractAjaxBehavior_java,21,132
org.apache.wicket.markup.parser.SubPageWithMarkup_java,21,132
org.apache.wicket.markup.parser.SubPageWithoutMarkup_java,21,132
org.apache.wicket.resource.loader.PackageStringResourceLoader_java,21,132
org.apache.wicket.extensions.markup.html.form.palette.Palette_java,21,132
org.apache.wicket.markup.html.image.resource.LocalizedImageResource_java,21,132
org.apache.wicket.guice.GuiceComponentInjector_java,21,132
org.apache.wicket.model.LoadableDetachableModel_java,20,139
org.apache.wicket.markup.MergedMarkup_java,20,139
org.apache.wicket.ajax.markup.html.navigation.paging.AjaxPagingNavigationLink_java,19,141
org.apache.wicket.markup.MarkupParser_java,19,141
org.apache.wicket.markup.html.form.TextArea_java,19,141
org.apache.wicket.proxy.LazyInitProxyFactory_java,18,144
org.apache.wicket.markup.parser.filter.WicketMessageTagHandler_java,18,144
org.apache.wicket.util.io.Streams_java,18,144
org.apache.wicket.markup.parser.filter.HtmlProblemFinder_java,18,144
org.apache.wicket.markup.html.form.AbstractChoice_java,18,144
org.apache.wicket.resource.loader.BundleStringResourceLoader_java,17,149
org.apache.wicket.resource.loader.ComponentStringResourceLoader_java,17,149
org.apache.wicket.extensions.markup.html.basic.DefaultLinkParser_java,16,151
org.apache.wicket.util.tester.MockFormFileUploadPage_java,16,151
org.apache.wicket.ajax.markup.html.navigation.paging.AjaxPagingNavigationBehavior_java,16,151
org.apache.wicket.markup.html.border.HideableBorderPage_java,15,154
org.apache.wicket.markup.html.include.Include_java,15,154
org.apache.wicket.resource.StringResourceLoaderTestBase_java,15,154
org.apache.wicket.ajax.AjaxEventBehavior_java,15,154
org.apache.wicket.markup.html.panel.FeedbackPanel_java,14,158
org.apache.wicket.extensions.markup.html.form.palette.component.Recorder_java,14,158
org.apache.wicket.markup.html.form.ListChoice_java,14,158
org.apache.wicket.extensions.markup.html.form.select.Select_java,14,158
org.apache.wicket.devutils.debugbar.StandardDebugPanel_java,13,162
org.apache.wicket.markup.html.panel.Fragment_java,13,162
org.apache.wicket.extensions.markup.html.repeater.data.table.filter.FilterToolbar_java,13,162
org.apache.wicket.ajax.AbstractAjaxTimerBehavior_java,13,162
org.apache.wicket.markup.html.form.DropDownChoice_java,13,162
org.apache.wicket.markup.resolver.HtmlHeaderResolver_java,13,162
org.apache.wicket.protocol.http.IWebApplicationFactory_java,13,162
org.apache.wicket.request.resource.AbstractResource_java,12,169
org.apache.wicket.resource.loader.ValidatorStringResourceLoader_java,12,169
org.apache.wicket.protocol.http.request.WebClientInfo_java,12,169
org.apache.wicket.request.cycle.RequestCycle_java,12,169
org.apache.wicket.extensions.markup.html.repeater.data.table.NavigatorLabel_java,12,169
org.apache.wicket.devutils.inspector.InspectorPage_java,11,174
org.apache.wicket.extensions.ajax.markup.html.AjaxIndicatorAppender_java,11,174
org.apache.wicket.feedback.FeedbackMessage_java,11,174
org.apache.wicket.extensions.ajax.markup.html.AjaxEditableMultiLineLabel_java,11,174
org.apache.wicket.protocol.http.PageExpiredException_java,11,174
org.apache.wicket.extensions.ajax.markup.html.repeater.data.table.AjaxFallbackDefaultDataTable_java,11,174
org.apache.wicket.markup.html.form.login.MockHomePage_java,11,174
org.apache.wicket.markup.ContainerInfo_java,11,174
org.apache.wicket.markup.MarkupFactory_java,10,182
org.apache.wicket.ajax.form.AjaxFormChoiceComponentUpdatingBehavior_java,10,182
org.apache.wicket.markup.repeater.AbstractRepeater_java,10,182
org.apache.wicket.extensions.markup.html.repeater.data.table.filter.TextFilteredPropertyColumn_java,10,182
org.apache.wicket.markup.resolver.WicketContainerResolver_java,9,186
org.apache.wicket.protocol.http.BufferedWebResponse_java,9,186
org.apache.wicket.util.resource.AbstractStringResourceStream_java,9,186
org.apache.wicket.protocol.http.servlet.ServletWebRequest_java,9,186
org.apache.wicket.resource.loader.ClassStringResourceLoader_java,9,186
org.apache.wicket.model.util.ListModel_java,9,186
org.apache.wicket.devutils.debugbar.InspectorDebugPanel_java,8,192
org.apache.wicket.protocol.http.WebSession_java,8,192
org.apache.wicket.extensions.markup.html.repeater.data.table.NoRecordsToolbar_java,8,192
org.apache.wicket.extensions.captcha.kittens.KittenCaptchaPanel_java,8,192
org.apache.wicket.extensions.markup.html.repeater.data.table.AbstractToolbar_java,8,192
org.apache.wicket.extensions.ajax.markup.html.AjaxEditableLabel_java,8,192
org.apache.wicket.threadtest.apps.app1.Home_java,7,198
org.apache.wicket.markup.html.list.PageableListView_java,7,198
org.apache.wicket.Application_java,6,200
org.apache.wicket.session.ISessionStore_java,6,200
org.apache.wicket.markup.html.image.resource.DefaultButtonImageResourceFactory_java,6,200
org.apache.wicket.markup.html.header.MyPage2_java,6,200
org.apache.wicket.extensions.wizard.dynamic.DynamicWizardModel_java,6,200
org.apache.wicket.extensions.markup.html.repeater.data.table.DefaultDataTable_java,6,200
org.apache.wicket.markup.html.form.upload.MultiFileUploadField_java,6,200
org.apache.wicket.ajax.markup.html.form.AjaxSubmitLink_java,6,200
org.apache.wicket.ajax.AbstractDefaultAjaxBehavior_java,6,200
org.apache.wicket.IResourceFactory_java,5,209
org.apache.wicket.MockPage_java,5,209
org.apache.wicket.protocol.http.ContextParamWebApplicationFactory_java,5,209
org.apache.wicket.extensions.ajax.markup.html.repeater.data.table.AjaxNavigationToolbar_java,5,209
org.apache.wicket.velocity.VelocityContributor_java,5,209
org.apache.wicket.markup.html.form.FormComponentPanel_java,5,209
org.apache.wicket.extensions.ajax.markup.html.repeater.data.table.AjaxFallbackHeadersToolbar_java,5,209
org.apache.wicket.extensions.markup.html.repeater.data.table.HeadersToolbar_java,5,209
org.apache.wicket.resource.loader.IStringResourceLoader_java,5,209
org.apache.wicket.markup.repeater.data.DataViewBase_java,5,209
org.apache.wicket.markup.html.basic.SimplePage_13_java,4,219
org.apache.wicket.markup.html.basic.SimplePage_15_java,4,219
org.apache.wicket.authorization.UnauthorizedActionException_java,4,219
org.apache.wicket.extensions.markup.html.form.select.IOptionRenderer_java,4,219
org.apache.wicket.extensions.ajax.markup.html.autocomplete.StringAutoCompleteRenderer_java,4,219
org.apache.wicket.Session_java,4,219
org.apache.wicket.application.DefaultClassResolver_java,4,219
org.apache.wicket.markup.transformer.XsltTransformer_java,4,219
org.apache.wicket.util.resource.AbstractResourceStream_java,4,219
org.apache.wicket.markup.html.form.Button_java,3,228
org.apache.wicket.protocol.http.servlet.MultipartServletWebRequest_java,3,228
org.apache.wicket.util.tester.MockPageWithFormAndCheckGroup_java,3,228
org.apache.wicket.util.resource.IFixedLocationResourceStream_java,3,228
org.apache.wicket.markup.Markup_java,3,228
org.apache.wicket.util.listener.ChangeListenerSet_java,3,228
org.apache.wicket.protocol.http.RequestLogger_java,3,228
org.apache.wicket.validation.validator.StringValidator_java,3,228
org.apache.wicket.markup.DefaultMarkupResourceStreamProvider_java,3,228
org.apache.wicket.util.tester.WicketTesterHelper_java,3,228
org.apache.wicket.markup.html.form.upload.FileUpload_java,3,228
org.apache.wicket.extensions.markup.html.repeater.data.table.PropertyColumn_java,3,228
org.apache.wicket.markup.DefaultMarkupCacheKeyProvider_java,2,240
org.apache.wicket.markup.html.form.CheckGroupSelector_java,2,240
org.apache.wicket.util.parse.metapattern.MetaPattern_java,2,240
org.apache.wicket.util.lang.Packages_java,2,240
org.apache.wicket.request.component.IRequestableComponent_java,2,240
org.apache.wicket.extensions.markup.html.form.palette.component.Selection_java,2,240
org.apache.wicket.markup.html.link.AbstractLink_java,2,240
org.apache.wicket.request.handler.render.WebPageRenderer_java,2,240
org.apache.wicket.extensions.ajax.markup.html.AjaxLazyLoadPanel_java,2,240
org.apache.wicket.markup.html.image.NonCachingImage_java,2,240
org.apache.wicket.extensions.markup.html.captcha.CaptchaImageResource_java,2,240
org.apache.wicket.markup.MarkupException_java,2,240
org.apache.wicket.extensions.markup.html.repeater.data.table.AbstractColumn_java,2,240
org.apache.wicket.ajax.markup.html.form.AjaxFallbackButton_java,2,240
org.apache.wicket.markup.html.form.EnumChoiceRenderer_java,2,240
org.apache.wicket.extensions.markup.html.form.palette.component.Choices_java,2,240
org.apache.wicket.protocol.http.servlet.ServletWebResponse_java,2,240
org.apache.wicket.markup.html.basic.EnumLabel_java,2,240
org.apache.wicket.extensions.markup.html.form.select.SelectOptions_java,2,240
org.apache.wicket.util.time.Time_java,2,240
org.apache.wicket.extensions.wizard.WizardStep_java,2,240
org.apache.wicket.devutils.stateless.StatelessChecker_java,2,240
org.apache.wicket.markup.html.form.SubmitLink_java,2,240
org.apache.wicket.extensions.ajax.markup.html.autocomplete.DefaultCssAutoCompleteTextField_java,1,263
org.apache.wicket.markup.resolver.WicketMessageResolver_java,1,263
org.apache.wicket.request.component.IRequestablePage_java,1,263
org.apache.wicket.markup.html.form.PasswordTextField_java,1,263
