<!--
RSS generated by JIRA (8.3.4#803005-sha1:1f96e09b3c60279a408a2ae47be3c745f571388b) at Sun Feb 16 09:34:43 UTC 2020

It is possible to restrict the fields that are returned in this document by specifying the 'field' parameter in your request.
For example, to request only the issue key and summary append 'field=key&field=summary' to the URL of your request.
-->
<!-- If you wish to do custom client-side styling of RSS, uncomment this:
<?xml-stylesheet href="https://issues.apache.org/jira/styles/jiraxml2html.xsl" type="text/xsl"?>
-->
<rss version="0.92">
    <channel>
        <title>ASF JIRA</title>
        <link>https://issues.apache.org/jira/issues/?jql=project+%3D+CXF+AND+issuetype+%3D+Bug+AND+created+%3E%3D+2020-01-01+AND+created+%3C%3D+2020-02-01</link>
        <description>An XML representation of a search request</description>
                <language>en-uk</language>
                        <issue start="0" end="6" total="6"/>
                <build-info>
            <version>8.3.4</version>
            <build-number>803005</build-number>
            <build-date>13-09-2019</build-date>
        </build-info>

<item>
            <title>[CXF-8207] SseEventSource loses lastEventId on the 2nd reconnect attempt</title>
                <link>https://issues.apache.org/jira/browse/CXF-8207</link>
                <project id="12310511" key="CXF">CXF</project>
                    <description>&lt;p&gt;&lt;a href=&quot;https://github.com/apache/cxf/blob/master/rt/rs/sse/src/main/java/org/apache/cxf/jaxrs/sse/client/SseEventSourceImpl.java#L82&quot; class=&quot;external-link&quot; rel=&quot;nofollow&quot;&gt;https://github.com/apache/cxf/blob/master/rt/rs/sse/src/main/java/org/apache/cxf/jaxrs/sse/client/SseEventSourceImpl.java#L82&lt;/a&gt;&lt;/p&gt;

&lt;p&gt;here it schedules reconnect passing the&#160;lastEventId parameter.&lt;/p&gt;

&lt;p&gt;&#160;&lt;/p&gt;

&lt;p&gt;&lt;a href=&quot;https://github.com/apache/cxf/blob/master/rt/rs/sse/src/main/java/org/apache/cxf/jaxrs/sse/client/SseEventSourceImpl.java#L183&quot; class=&quot;external-link&quot; rel=&quot;nofollow&quot;&gt;https://github.com/apache/cxf/blob/master/rt/rs/sse/src/main/java/org/apache/cxf/jaxrs/sse/client/SseEventSourceImpl.java#L183&lt;/a&gt;&lt;/p&gt;

&lt;p&gt;here it creates a new instance of&#160;InboundSseEventListenerDelegate with lastEventId=null.&lt;/p&gt;

&lt;p&gt;&#160;&lt;/p&gt;

&lt;p&gt;So if the 1st reconnect attempt failed then on the 2nd one it won&apos;t send lastEventId header.&lt;/p&gt;</description>
                <environment></environment>
        <key id="13282628">CXF-8207</key>
            <summary>SseEventSource loses lastEventId on the 2nd reconnect attempt</summary>
                <type id="1" iconUrl="https://issues.apache.org/jira/secure/viewavatar?size=xsmall&amp;avatarId=21133&amp;avatarType=issuetype">Bug</type>
                                            <priority id="4" iconUrl="https://issues.apache.org/jira/images/icons/priorities/minor.svg">Minor</priority>
                        <status id="5" iconUrl="https://issues.apache.org/jira/images/icons/statuses/resolved.png" description="A resolution has been taken, and it is awaiting verification by reporter. From here issues are either reopened, or are closed.">Resolved</status>
                    <statusCategory id="3" key="done" colorName="green"/>
                                    <resolution id="1">Fixed</resolution>
                                        <assignee username="reta">Andriy Redko</assignee>
                                    <reporter username="artelkin">Artem Elkin</reporter>
                        <labels>
                    </labels>
                <created>Fri, 31 Jan 2020 14:33:18 +0000</created>
                <updated>Mon, 3 Feb 2020 02:30:39 +0000</updated>
                            <resolved>Mon, 3 Feb 2020 02:30:39 +0000</resolved>
                                    <version>3.3.5</version>
                    <version>3.2.12</version>
                                    <fixVersion>3.4.0</fixVersion>
                    <fixVersion>3.3.6</fixVersion>
                    <fixVersion>3.2.13</fixVersion>
                                    <component>JAX-RS</component>
                        <due></due>
                            <votes>0</votes>
                                    <watches>1</watches>
                                                                        <attachments>
                    </attachments>
                <subtasks>
                    </subtasks>
                <customfields>
                                                                            <customfield id="customfield_12310310" key="com.atlassian.jira.toolkit:attachments">
                        <customfieldname>Attachment count</customfieldname>
                        <customfieldvalues>
                            <customfieldvalue>0.0</customfieldvalue>
                        </customfieldvalues>
                    </customfield>
                                                                                                                                                                                                                                                                                                                                                                                                                                                                                                                                                                                                                                                                                                                                                                <customfield id="customfield_12314020" key="com.atlassian.jira.plugins.jira-development-integration-plugin:devsummary">
                        <customfieldname>Development</customfieldname>
                        <customfieldvalues>
                            
                        </customfieldvalues>
                    </customfield>
                                                                                                                        <customfield id="customfield_12313422" key="com.atlassian.jirafisheyeplugin:jobcheckbox">
                        <customfieldname>Enable Automatic Patch Review</customfieldname>
                        <customfieldvalues>
                            <customfieldvalue><![CDATA[false]]></customfieldvalue>

                        </customfieldvalues>
                    </customfield>
                                                                                                                        <customfield id="customfield_12310060" key="com.atlassian.jira.plugin.system.customfieldtypes:select">
                        <customfieldname>Estimated Complexity</customfieldname>
                        <customfieldvalues>
                                <customfieldvalue key="10060"><![CDATA[Unknown]]></customfieldvalue>

                        </customfieldvalues>
                    </customfield>
                                                                                                                                                                                                                                                                                                                                                                                                                                                                                                                                                                                        <customfield id="customfield_12310420" key="com.pyxis.greenhopper.jira:gh-global-rank">
                        <customfieldname>Global Rank</customfieldname>
                        <customfieldvalues>
                            <customfieldvalue>9223372036854775807</customfieldvalue>
                        </customfieldvalues>
                    </customfield>
                                                                                                                                                                                                            <customfield id="customfield_12312521" key="com.atlassian.jira.toolkit:LastCommentDate">
                        <customfieldname>Last public comment date</customfieldname>
                        <customfieldvalues>
                            2 weeks, 1 day ago
                        </customfieldvalues>
                    </customfield>
                                                                                                                                                                                                            <customfield id="customfield_12311820" key="com.pyxis.greenhopper.jira:gh-lexo-rank">
                        <customfieldname>Rank</customfieldname>
                        <customfieldvalues>
                            <customfieldvalue>0|z0b1nk:</customfieldvalue>

                        </customfieldvalues>
                    </customfield>
                                                                <customfield id="customfield_12310920" key="com.pyxis.greenhopper.jira:gh-global-rank">
                        <customfieldname>Rank (Obsolete)</customfieldname>
                        <customfieldvalues>
                            <customfieldvalue>9223372036854775807</customfieldvalue>
                        </customfieldvalues>
                    </customfield>
                                                                                                                                                                                                                                                                                                                                                                                                                                                                                                                                                                                                                                                                            <customfield id="customfield_12310222" key="com.atlassian.jira.ext.charting:timeinstatus">
                        <customfieldname>Time in Status</customfieldname>
                        <customfieldvalues>
                            
                        </customfieldvalues>
                    </customfield>
                                                                                            </customfields>
    </item>


<item>
            <title>[CXF-8204] Dependency convergence issues with jaxws-api</title>
                <link>https://issues.apache.org/jira/browse/CXF-8204</link>
                <project id="12310511" key="CXF">CXF</project>
                    <description>&lt;p&gt;When trying to use CXF 3.3.5 the Maven enforcer plugin reports the following dependency convergence issue:&lt;/p&gt;

&lt;div class=&quot;preformatted panel&quot; style=&quot;border-width: 1px;&quot;&gt;&lt;div class=&quot;preformattedContent panelContent&quot;&gt;
&lt;pre&gt;  +-org.apache.cxf:cxf-rt-ws-security:3.3.5
    +-org.apache.cxf:cxf-rt-security-saml:3.3.5
      +-javax.xml.ws:jaxws-api:2.3.1
and
  +-org.apache.cxf:cxf-rt-ws-security:3.3.5
    +-org.apache.wss4j:wss4j-ws-security-dom:2.2.4
      +-org.apache.wss4j:wss4j-ws-security-common:2.2.4
        +-javax.xml.ws:jaxws-api:2.2.9
&lt;/pre&gt;
&lt;/div&gt;&lt;/div&gt;

&lt;p&gt;It appears that CXF brings in jaxws-api 2.3.1, but the 2.2.4 version of wss4j brings in 2.2.9. Looks like the upcoming 2.2.5 wss4j version will &lt;a href=&quot;https://github.com/apache/ws-wss4j/blob/2_2_x-fixes/pom.xml#L427&quot; class=&quot;external-link&quot; rel=&quot;nofollow&quot;&gt;update&lt;/a&gt; jaxws-api, but it hasn&apos;t been released yet.&lt;/p&gt;</description>
                <environment></environment>
        <key id="13281908">CXF-8204</key>
            <summary>Dependency convergence issues with jaxws-api</summary>
                <type id="1" iconUrl="https://issues.apache.org/jira/secure/viewavatar?size=xsmall&amp;avatarId=21133&amp;avatarType=issuetype">Bug</type>
                                            <priority id="3" iconUrl="https://issues.apache.org/jira/images/icons/priorities/major.svg">Major</priority>
                        <status id="5" iconUrl="https://issues.apache.org/jira/images/icons/statuses/resolved.png" description="A resolution has been taken, and it is awaiting verification by reporter. From here issues are either reopened, or are closed.">Resolved</status>
                    <statusCategory id="3" key="done" colorName="green"/>
                                    <resolution id="1">Fixed</resolution>
                                        <assignee username="coheigea">Colm O hEigeartaigh</assignee>
                                    <reporter username="aldaris">Peter Major</reporter>
                        <labels>
                    </labels>
                <created>Tue, 28 Jan 2020 10:40:56 +0000</created>
                <updated>Tue, 28 Jan 2020 17:12:45 +0000</updated>
                            <resolved>Tue, 28 Jan 2020 17:12:45 +0000</resolved>
                                    <version>3.3.5</version>
                                    <fixVersion>3.3.6</fixVersion>
                                        <due></due>
                            <votes>0</votes>
                                    <watches>1</watches>
                                                                <comments>
                            <comment id="17025299" author="coheigea" created="Tue, 28 Jan 2020 17:12:45 +0000"  >&lt;p&gt;I updated CXF 3.3.x to use WSS4J 2.2.5-SNAPSHOT to make sure we pick up WSS4J 2.2.5 before CXF 3.3.6 is released.&lt;/p&gt;</comment>
                    </comments>
                    <attachments>
                    </attachments>
                <subtasks>
                    </subtasks>
                <customfields>
                                                                            <customfield id="customfield_12310310" key="com.atlassian.jira.toolkit:attachments">
                        <customfieldname>Attachment count</customfieldname>
                        <customfieldvalues>
                            <customfieldvalue>0.0</customfieldvalue>
                        </customfieldvalues>
                    </customfield>
                                                                                                                                                                                                                                                                                                                                                                                                                                                                                                                                                                                                                                                                                                                                    <customfield id="customfield_12310220" key="com.atlassian.jira.ext.charting:firstresponsedate">
                        <customfieldname>Date of First Response</customfieldname>
                        <customfieldvalues>
                            <customfieldvalue>Tue, 28 Jan 2020 17:12:45 +0000</customfieldvalue>

                        </customfieldvalues>
                    </customfield>
                                                                <customfield id="customfield_12314020" key="com.atlassian.jira.plugins.jira-development-integration-plugin:devsummary">
                        <customfieldname>Development</customfieldname>
                        <customfieldvalues>
                            
                        </customfieldvalues>
                    </customfield>
                                                                                                                        <customfield id="customfield_12313422" key="com.atlassian.jirafisheyeplugin:jobcheckbox">
                        <customfieldname>Enable Automatic Patch Review</customfieldname>
                        <customfieldvalues>
                            <customfieldvalue><![CDATA[false]]></customfieldvalue>

                        </customfieldvalues>
                    </customfield>
                                                                                                                        <customfield id="customfield_12310060" key="com.atlassian.jira.plugin.system.customfieldtypes:select">
                        <customfieldname>Estimated Complexity</customfieldname>
                        <customfieldvalues>
                                <customfieldvalue key="10060"><![CDATA[Unknown]]></customfieldvalue>

                        </customfieldvalues>
                    </customfield>
                                                                                                                                                                                                                                                                                                                                                                                                                                                                                                                                                                                        <customfield id="customfield_12310420" key="com.pyxis.greenhopper.jira:gh-global-rank">
                        <customfieldname>Global Rank</customfieldname>
                        <customfieldvalues>
                            <customfieldvalue>9223372036854775807</customfieldvalue>
                        </customfieldvalues>
                    </customfield>
                                                                                                                                                                                                            <customfield id="customfield_12312521" key="com.atlassian.jira.toolkit:LastCommentDate">
                        <customfieldname>Last public comment date</customfieldname>
                        <customfieldvalues>
                            2 weeks, 4 days ago
                        </customfieldvalues>
                    </customfield>
                                                                                                                                                                                                            <customfield id="customfield_12311820" key="com.pyxis.greenhopper.jira:gh-lexo-rank">
                        <customfieldname>Rank</customfieldname>
                        <customfieldvalues>
                            <customfieldvalue>0|z0ax7k:</customfieldvalue>

                        </customfieldvalues>
                    </customfield>
                                                                <customfield id="customfield_12310920" key="com.pyxis.greenhopper.jira:gh-global-rank">
                        <customfieldname>Rank (Obsolete)</customfieldname>
                        <customfieldvalues>
                            <customfieldvalue>9223372036854775807</customfieldvalue>
                        </customfieldvalues>
                    </customfield>
                                                                                                                                                                                                                                                                                                                                                                                                                                                                                                                                                                                                                                                                            <customfield id="customfield_12310222" key="com.atlassian.jira.ext.charting:timeinstatus">
                        <customfieldname>Time in Status</customfieldname>
                        <customfieldvalues>
                            
                        </customfieldvalues>
                    </customfield>
                                                                                            </customfields>
    </item>


<item>
            <title>[CXF-8201] Path not appended when using UriBuilder.fromUri().path() with file scheme</title>
                <link>https://issues.apache.org/jira/browse/CXF-8201</link>
                <project id="12310511" key="CXF">CXF</project>
                    <description>&lt;p&gt;See:&#160;&lt;a href=&quot;https://mail-archives.apache.org/mod_mbox/cxf-dev/202001.mbox/%3CCAGRgoZhuKXoYW_JtxyDH%3Du7Qqqcbeo6-9BXa0dxB8L%2BiGB4J4g%40mail.gmail.com%3E&quot; class=&quot;external-link&quot; rel=&quot;nofollow&quot;&gt;https://mail-archives.apache.org/mod_mbox/cxf-dev/202001.mbox/%3CCAGRgoZhuKXoYW_JtxyDH%3Du7Qqqcbeo6-9BXa0dxB8L%2BiGB4J4g%40mail.gmail.com%3E&lt;/a&gt;&lt;/p&gt;

&lt;p&gt;When calling UriBuilder.fromUri(&quot;file:///~/calendar&quot;).path(&quot;extra&quot;).build().toString() - the result is&#160;&lt;a href=&quot;file:///~/calendar&quot; class=&quot;external-link&quot; rel=&quot;nofollow&quot;&gt;file:///~/calendar&lt;/a&gt;, without the &quot;/extra&quot; on the end. CXF 3.1 behaves differently (the /extra is appended).&lt;/p&gt;

&lt;p&gt;I&apos;ve requested clarification on the spec:&#160;&lt;a href=&quot;https://www.eclipse.org/lists/jaxrs-dev/msg00773.html&quot; class=&quot;external-link&quot; rel=&quot;nofollow&quot;&gt;https://www.eclipse.org/lists/jaxrs-dev/msg00773.html&lt;/a&gt;.&lt;/p&gt;</description>
                <environment></environment>
        <key id="13281366">CXF-8201</key>
            <summary>Path not appended when using UriBuilder.fromUri().path() with file scheme</summary>
                <type id="1" iconUrl="https://issues.apache.org/jira/secure/viewavatar?size=xsmall&amp;avatarId=21133&amp;avatarType=issuetype">Bug</type>
                                            <priority id="3" iconUrl="https://issues.apache.org/jira/images/icons/priorities/major.svg">Major</priority>
                        <status id="5" iconUrl="https://issues.apache.org/jira/images/icons/statuses/resolved.png" description="A resolution has been taken, and it is awaiting verification by reporter. From here issues are either reopened, or are closed.">Resolved</status>
                    <statusCategory id="3" key="done" colorName="green"/>
                                    <resolution id="1">Fixed</resolution>
                                        <assignee username="-1">Unassigned</assignee>
                                    <reporter username="jgallimore">Jonathan Gallimore</reporter>
                        <labels>
                    </labels>
                <created>Fri, 24 Jan 2020 11:12:27 +0000</created>
                <updated>Thu, 30 Jan 2020 02:35:28 +0000</updated>
                            <resolved>Thu, 30 Jan 2020 02:35:28 +0000</resolved>
                                    <version>3.3.5</version>
                    <version>3.2.12</version>
                                    <fixVersion>3.4.0</fixVersion>
                    <fixVersion>3.3.6</fixVersion>
                    <fixVersion>3.2.13</fixVersion>
                                        <due></due>
                            <votes>1</votes>
                                    <watches>2</watches>
                                            <timeestimate seconds="0">0h</timeestimate>
                            <timespent seconds="2400">40m</timespent>
                                        <attachments>
                    </attachments>
                <subtasks>
                    </subtasks>
                <customfields>
                                                                            <customfield id="customfield_12310310" key="com.atlassian.jira.toolkit:attachments">
                        <customfieldname>Attachment count</customfieldname>
                        <customfieldvalues>
                            <customfieldvalue>0.0</customfieldvalue>
                        </customfieldvalues>
                    </customfield>
                                                                                                                                                                                                                                                                                                                                                                                                                                                                                                                                                                                                                                                                                                                                                                <customfield id="customfield_12314020" key="com.atlassian.jira.plugins.jira-development-integration-plugin:devsummary">
                        <customfieldname>Development</customfieldname>
                        <customfieldvalues>
                            
                        </customfieldvalues>
                    </customfield>
                                                                                                                        <customfield id="customfield_12313422" key="com.atlassian.jirafisheyeplugin:jobcheckbox">
                        <customfieldname>Enable Automatic Patch Review</customfieldname>
                        <customfieldvalues>
                            <customfieldvalue><![CDATA[false]]></customfieldvalue>

                        </customfieldvalues>
                    </customfield>
                                                                                                                        <customfield id="customfield_12310060" key="com.atlassian.jira.plugin.system.customfieldtypes:select">
                        <customfieldname>Estimated Complexity</customfieldname>
                        <customfieldvalues>
                                <customfieldvalue key="10060"><![CDATA[Unknown]]></customfieldvalue>

                        </customfieldvalues>
                    </customfield>
                                                                                                                                                                                                                                                                                                                                                                                                                                                                                                                                                                                        <customfield id="customfield_12310420" key="com.pyxis.greenhopper.jira:gh-global-rank">
                        <customfieldname>Global Rank</customfieldname>
                        <customfieldvalues>
                            <customfieldvalue>9223372036854775807</customfieldvalue>
                        </customfieldvalues>
                    </customfield>
                                                                                                                                                                                                            <customfield id="customfield_12312521" key="com.atlassian.jira.toolkit:LastCommentDate">
                        <customfieldname>Last public comment date</customfieldname>
                        <customfieldvalues>
                            3 weeks, 1 day ago
                        </customfieldvalues>
                    </customfield>
                                                                                                                                                                                                            <customfield id="customfield_12311820" key="com.pyxis.greenhopper.jira:gh-lexo-rank">
                        <customfieldname>Rank</customfieldname>
                        <customfieldvalues>
                            <customfieldvalue>0|z0atv4:</customfieldvalue>

                        </customfieldvalues>
                    </customfield>
                                                                <customfield id="customfield_12310920" key="com.pyxis.greenhopper.jira:gh-global-rank">
                        <customfieldname>Rank (Obsolete)</customfieldname>
                        <customfieldvalues>
                            <customfieldvalue>9223372036854775807</customfieldvalue>
                        </customfieldvalues>
                    </customfield>
                                                                                                                                                                                                                                                                                                                                                                                                                                                                                                                                                                                                                                                                            <customfield id="customfield_12310222" key="com.atlassian.jira.ext.charting:timeinstatus">
                        <customfieldname>Time in Status</customfieldname>
                        <customfieldvalues>
                            
                        </customfieldvalues>
                    </customfield>
                                                                                            </customfields>
    </item>


<item>
            <title>[CXF-8200] Use name() instead of toString() for enums when generating WADL</title>
                <link>https://issues.apache.org/jira/browse/CXF-8200</link>
                <project id="12310511" key="CXF">CXF</project>
                    <description>&lt;p&gt;When generating WADL the enum option value contains the toString() of the enum (the human readable value for the option) but it should use the name() method instead. Ex:&lt;br/&gt;
&#160;&lt;/p&gt;
&lt;div class=&quot;code panel&quot; style=&quot;border-width: 1px;&quot;&gt;&lt;div class=&quot;codeContent panelContent&quot;&gt;
&lt;pre class=&quot;code-java&quot;&gt;
&lt;span class=&quot;code-keyword&quot;&gt;public&lt;/span&gt; &lt;span class=&quot;code-keyword&quot;&gt;enum&lt;/span&gt; Status {
&#160; INVOICED(&lt;span class=&quot;code-quote&quot;&gt;&quot;Invoiced&quot;&lt;/span&gt;),
&#160; NOT_INVOICED(&lt;span class=&quot;code-quote&quot;&gt;&quot;Not invoiced&quot;&lt;/span&gt;);
&#160;
  &lt;span class=&quot;code-object&quot;&gt;String&lt;/span&gt; desc;

&#160; Status(&lt;span class=&quot;code-object&quot;&gt;String&lt;/span&gt; desc) {
&#160; &#160;&lt;span class=&quot;code-keyword&quot;&gt;this&lt;/span&gt;.desc = desc;
  }
&#160; &lt;span class=&quot;code-keyword&quot;&gt;public&lt;/span&gt; &lt;span class=&quot;code-object&quot;&gt;String&lt;/span&gt; toString() {
&#160; &#160;&lt;span class=&quot;code-keyword&quot;&gt;return&lt;/span&gt; desc;
&#160; }
}
&#160;
&lt;/pre&gt;
&lt;/div&gt;&lt;/div&gt;
&lt;p&gt;@GET&lt;br/&gt;
@Path(&quot;customers/{customerNo}/creditnotes&quot;)&lt;br/&gt;
 public Response findCreditNotesForCustomerNo(&lt;br/&gt;
 @QueryParam(&quot;session&quot;) @XmlElement(required = true) String session,&lt;br/&gt;
 @PathParam(&quot;customerNo&quot;) int customerNo, &lt;br/&gt;
 @QueryParam(&quot;status&quot;) Status status);&lt;br/&gt;
&#160;&lt;br/&gt;
The WADL contains:&lt;br/&gt;
&amp;lt;resource&#160;path=&quot;customers/{customerNo}/creditnotes&quot;&amp;gt;&lt;br/&gt;
&amp;lt;param&#160;name=&quot;customerNo&quot;&#160;style=&quot;template&quot;&#160;type=&quot;xs:int&quot;/&amp;gt;&lt;br/&gt;
&amp;lt;method&#160;name=&quot;GET&quot;&amp;gt;&lt;br/&gt;
&amp;lt;request&amp;gt;&lt;br/&gt;
&amp;lt;param&#160;name=&quot;session&quot;&#160;style=&quot;query&quot;&#160;type=&quot;xs:string&quot;/&amp;gt;&lt;br/&gt;
&lt;b&gt;&amp;lt;param&#160;name=&quot;status&quot;&#160;style=&quot;query&quot;&#160;type=&quot;xs:string&quot;&amp;gt;&lt;/b&gt;&lt;br/&gt;
&lt;b&gt;&amp;lt;option&#160;value=&quot;Not invoiced&quot;/&amp;gt;&lt;/b&gt;&lt;br/&gt;
&lt;b&gt;&amp;lt;option&#160;value=&quot;Invoiced&quot;/&amp;gt;&lt;/b&gt;&lt;br/&gt;
&amp;lt;/param&amp;gt;&lt;br/&gt;
&amp;lt;/request&amp;gt;&lt;/p&gt;

&lt;p&gt;I would expect it to be using the name() method. Like this:&lt;br/&gt;
&#160;&lt;br/&gt;
&amp;lt;resource&#160;path=&quot;customers/{customerNo}/creditnotes&quot;&amp;gt;&lt;br/&gt;
&amp;lt;param&#160;name=&quot;customerNo&quot;&#160;style=&quot;template&quot;&#160;type=&quot;xs:int&quot;/&amp;gt;&lt;br/&gt;
&amp;lt;method&#160;name=&quot;GET&quot;&amp;gt;&lt;br/&gt;
&amp;lt;request&amp;gt;&lt;br/&gt;
&amp;lt;param&#160;name=&quot;session&quot;&#160;style=&quot;query&quot;&#160;type=&quot;xs:string&quot;/&amp;gt;&lt;br/&gt;
&lt;b&gt;&amp;lt;param&#160;name=&quot;status&quot;&#160;style=&quot;query&quot;&#160;type=&quot;xs:string&quot;&amp;gt;&lt;/b&gt;&lt;br/&gt;
&lt;b&gt;&amp;lt;option&#160;value=&quot;NOT_INVOICED&quot;/&amp;gt;&lt;/b&gt;&lt;br/&gt;
&lt;b&gt;&amp;lt;option&#160;value=&quot;INVOICED&quot;/&amp;gt;&lt;/b&gt;&lt;br/&gt;
&amp;lt;/param&amp;gt;&lt;br/&gt;
&amp;lt;/request&amp;gt;&lt;br/&gt;
&#160;&lt;br/&gt;
&#160;Otherwise if someone looks at the WADL he would think that one should sent the human readable string which is not correct.&lt;br/&gt;
&#160;&lt;br/&gt;
&#160;&lt;/p&gt;</description>
                <environment>&lt;p&gt;CXF 3.1.13&lt;/p&gt;

&lt;p&gt;Tomcat apache 8.5.34&lt;/p&gt;</environment>
        <key id="13280788">CXF-8200</key>
            <summary>Use name() instead of toString() for enums when generating WADL</summary>
                <type id="1" iconUrl="https://issues.apache.org/jira/secure/viewavatar?size=xsmall&amp;avatarId=21133&amp;avatarType=issuetype">Bug</type>
                                            <priority id="4" iconUrl="https://issues.apache.org/jira/images/icons/priorities/minor.svg">Minor</priority>
                        <status id="5" iconUrl="https://issues.apache.org/jira/images/icons/statuses/resolved.png" description="A resolution has been taken, and it is awaiting verification by reporter. From here issues are either reopened, or are closed.">Resolved</status>
                    <statusCategory id="3" key="done" colorName="green"/>
                                    <resolution id="1">Fixed</resolution>
                                        <assignee username="reta">Andriy Redko</assignee>
                                    <reporter username="mattias1972">Mattias Andersson</reporter>
                        <labels>
                    </labels>
                <created>Tue, 21 Jan 2020 15:18:40 +0000</created>
                <updated>Fri, 24 Jan 2020 00:54:44 +0000</updated>
                            <resolved>Fri, 24 Jan 2020 00:54:44 +0000</resolved>
                                    <version>3.1.13</version>
                    <version>3.3.5</version>
                    <version>3.2.12</version>
                                    <fixVersion>3.4.0</fixVersion>
                    <fixVersion>3.3.6</fixVersion>
                    <fixVersion>3.2.13</fixVersion>
                                    <component>JAX-RS</component>
                    <component>JAXB Databinding</component>
                        <due></due>
                            <votes>0</votes>
                                    <watches>1</watches>
                                                                        <attachments>
                    </attachments>
                <subtasks>
                    </subtasks>
                <customfields>
                                                                            <customfield id="customfield_12310310" key="com.atlassian.jira.toolkit:attachments">
                        <customfieldname>Attachment count</customfieldname>
                        <customfieldvalues>
                            <customfieldvalue>0.0</customfieldvalue>
                        </customfieldvalues>
                    </customfield>
                                                                                                                                                                                                                                                                                                                                                                                                                                                                                                                                                                                                                                                                                                                                                                <customfield id="customfield_12314020" key="com.atlassian.jira.plugins.jira-development-integration-plugin:devsummary">
                        <customfieldname>Development</customfieldname>
                        <customfieldvalues>
                            
                        </customfieldvalues>
                    </customfield>
                                                                                                                        <customfield id="customfield_12313422" key="com.atlassian.jirafisheyeplugin:jobcheckbox">
                        <customfieldname>Enable Automatic Patch Review</customfieldname>
                        <customfieldvalues>
                            <customfieldvalue><![CDATA[false]]></customfieldvalue>

                        </customfieldvalues>
                    </customfield>
                                                                                                                        <customfield id="customfield_12310060" key="com.atlassian.jira.plugin.system.customfieldtypes:select">
                        <customfieldname>Estimated Complexity</customfieldname>
                        <customfieldvalues>
                                <customfieldvalue key="10060"><![CDATA[Unknown]]></customfieldvalue>

                        </customfieldvalues>
                    </customfield>
                                                                                                                                                                                                                                                                                                                                                                                                                                                                                                                                                                                        <customfield id="customfield_12310420" key="com.pyxis.greenhopper.jira:gh-global-rank">
                        <customfieldname>Global Rank</customfieldname>
                        <customfieldvalues>
                            <customfieldvalue>9223372036854775807</customfieldvalue>
                        </customfieldvalues>
                    </customfield>
                                                                                                                                                                                                            <customfield id="customfield_12312521" key="com.atlassian.jira.toolkit:LastCommentDate">
                        <customfieldname>Last public comment date</customfieldname>
                        <customfieldvalues>
                            3 weeks, 4 days ago
                        </customfieldvalues>
                    </customfield>
                                                                                                                                                                                                            <customfield id="customfield_12311820" key="com.pyxis.greenhopper.jira:gh-lexo-rank">
                        <customfieldname>Rank</customfieldname>
                        <customfieldvalues>
                            <customfieldvalue>0|z0aqaw:</customfieldvalue>

                        </customfieldvalues>
                    </customfield>
                                                                <customfield id="customfield_12310920" key="com.pyxis.greenhopper.jira:gh-global-rank">
                        <customfieldname>Rank (Obsolete)</customfieldname>
                        <customfieldvalues>
                            <customfieldvalue>9223372036854775807</customfieldvalue>
                        </customfieldvalues>
                    </customfield>
                                                                                                                                                                                                                                                                                                                                                                                                                                                                                                                                                                                                                                                                            <customfield id="customfield_12310222" key="com.atlassian.jira.ext.charting:timeinstatus">
                        <customfieldname>Time in Status</customfieldname>
                        <customfieldvalues>
                            
                        </customfieldvalues>
                    </customfield>
                                                                                            </customfields>
    </item>


<item>
            <title>[CXF-8190] UriBuilder / HttpUtils replaces 127.0.0.1 by localhost</title>
                <link>https://issues.apache.org/jira/browse/CXF-8190</link>
                <project id="12310511" key="CXF">CXF</project>
                    <description>&lt;p&gt;If you access a locally running REST endpoint in the brower using the IP address 127.0.0.1 and the REST endpoint implementation is using the UriInfo to build a new URL by the URI builder (e.g. a created resource), the reply will not use the host as accessed (127.0.0.1) but replaces the host by &quot;localhost&quot;.&lt;/p&gt;

&lt;p&gt;If the web application then tries to access the location, the browsers will block that request because of a cross origin access.&lt;/p&gt;

&lt;p&gt;&#160;&lt;/p&gt;

&lt;p&gt;Assume a very simple REST endpoint:&lt;/p&gt;
&lt;div class=&quot;code panel&quot; style=&quot;border-width: 1px;&quot;&gt;&lt;div class=&quot;codeContent panelContent&quot;&gt;
&lt;pre class=&quot;code-java&quot;&gt;
@Component(service = { Resource.class }, scope = ServiceScope.PROTOTYPE)
 @JaxrsResource
 &lt;span class=&quot;code-keyword&quot;&gt;public&lt;/span&gt; &lt;span class=&quot;code-keyword&quot;&gt;class &lt;/span&gt;Resource {
 &#160; &#160; @POST
 &#160; &#160; @Path(&lt;span class=&quot;code-quote&quot;&gt;&quot;create&quot;&lt;/span&gt;)
 &#160; &#160; @Produces(MediaType.APPLICATION_JSON)
 &#160; &#160; &lt;span class=&quot;code-keyword&quot;&gt;public&lt;/span&gt; &lt;span class=&quot;code-object&quot;&gt;Object&lt;/span&gt; createTest(@Context &lt;span class=&quot;code-keyword&quot;&gt;final&lt;/span&gt; UriInfo uriInfo) {
 &#160; &#160; &#160; &#160; &lt;span class=&quot;code-keyword&quot;&gt;final&lt;/span&gt; URI uri =
 uriInfo.getBaseUriBuilder().path(&lt;span class=&quot;code-quote&quot;&gt;&quot;foo&quot;&lt;/span&gt;).path(&lt;span class=&quot;code-quote&quot;&gt;&quot;bar&quot;&lt;/span&gt;).build();
 &#160; &#160; &#160; &#160; &lt;span class=&quot;code-keyword&quot;&gt;return&lt;/span&gt; Response.created(uri).build();
 &#160; &#160; }
 }&lt;/pre&gt;
&lt;/div&gt;&lt;/div&gt;
&lt;p&gt;If I call the post method of that endpoint using the URL &quot;&lt;a href=&quot;http://localhost:8080/create&quot; class=&quot;external-link&quot; rel=&quot;nofollow&quot;&gt;http://localhost:8080/create&lt;/a&gt;&quot; I get a created location that looks like &quot;&lt;a href=&quot;http://localhost:8080/foo/bar&quot; class=&quot;external-link&quot; rel=&quot;nofollow&quot;&gt;http://localhost:8080/foo/bar&lt;/a&gt;&quot;.&lt;/p&gt;

&lt;p&gt;All fine.&lt;/p&gt;
&lt;div class=&quot;preformatted panel&quot; style=&quot;border-width: 1px;&quot;&gt;&lt;div class=&quot;preformattedContent panelContent&quot;&gt;
&lt;pre&gt;$ curl -v -X POST http://localhost:8080/create
 *&#160; &#160;Trying ::1:8080...
 * TCP_NODELAY set
 * Connected to localhost (::1) port 8080 (#0)
 &amp;gt; POST /create HTTP/1.1
 &amp;gt; Host: localhost:8080
 &amp;gt; User-Agent: curl/7.67.0
 &amp;gt; Accept: */*
 &amp;gt;
 * Mark bundle as not supporting multiuse
 &amp;lt; HTTP/1.1 201 Created
 &amp;lt; Date: Tue, 10 Dec 2019 17:41:47 GMT
 &amp;lt; Location: http://localhost:8080/foo/bar
 &amp;lt; Content-Length: 0
 &amp;lt;
 * Connection #0 to host localhost left intact&lt;/pre&gt;
&lt;/div&gt;&lt;/div&gt;
&lt;p&gt;But, I would expect if I access the endpoint using the IP instead of the hostname &quot;&lt;a href=&quot;http://127.0.0.1:8080/create&quot; class=&quot;external-link&quot; rel=&quot;nofollow&quot;&gt;http://127.0.0.1:8080/create&lt;/a&gt;&quot; the created response&apos;s location should look like &quot;&lt;a href=&quot;http://127.0.0.1:8080/foo/bar&quot; class=&quot;external-link&quot; rel=&quot;nofollow&quot;&gt;http://127.0.0.1:8080/foo/bar&lt;/a&gt;&quot;.&lt;/p&gt;

&lt;p&gt;But that is not the case...&lt;/p&gt;

&lt;p&gt;The response provides &quot;&lt;a href=&quot;http://localhost:8080/foo/bar&quot; class=&quot;external-link&quot; rel=&quot;nofollow&quot;&gt;http://localhost:8080/foo/bar&lt;/a&gt;&quot;&lt;/p&gt;
&lt;div class=&quot;preformatted panel&quot; style=&quot;border-width: 1px;&quot;&gt;&lt;div class=&quot;preformattedContent panelContent&quot;&gt;
&lt;pre&gt;curl -v -X POST http://127.0.0.1:8080/create
 *&#160; &#160;Trying 127.0.0.1:8080...
 * TCP_NODELAY set
 * Connected to 127.0.0.1 (127.0.0.1) port 8080 (#0)
 &amp;gt; POST /create HTTP/1.1
 &amp;gt; Host: 127.0.0.1:8080
 &amp;gt; User-Agent: curl/7.67.0
 &amp;gt; Accept: */*
 &amp;gt;
 * Mark bundle as not supporting multiuse
 &amp;lt; HTTP/1.1 201 Created
 &amp;lt; Date: Tue, 10 Dec 2019 17:44:00 GMT
 &amp;lt; Location: http://localhost:8080/foo/bar
 &amp;lt; Content-Length: 0
 &amp;lt;
 * Connection #0 to host 127.0.0.1 left intact&lt;/pre&gt;
&lt;/div&gt;&lt;/div&gt;
&lt;p&gt;If the website that is accessed using 127.0.0.1 provides a location using localhost and that one is used by the browser, the browser fails because of CORS.&lt;/p&gt;

&lt;p&gt;&#160;&lt;/p&gt;

&lt;p&gt;I already looked at the sources who is causing the change from 127.0.0.1 to localhost and found it:&lt;/p&gt;

&lt;p&gt;After the line &lt;a href=&quot;https://github.com/apache/cxf/blob/cxf-3.2.5/rt/frontend/jaxrs/src/main/java/org/apache/cxf/jaxrs/impl/UriInfoImpl.java#L83&quot; class=&quot;external-link&quot; rel=&quot;nofollow&quot;&gt;https://github.com/apache/cxf/blob/cxf-3.2.5/rt/frontend/jaxrs/src/main/java/org/apache/cxf/jaxrs/impl/UriInfoImpl.java#L83&lt;/a&gt; has been executed the variable u looks like &lt;a href=&quot;http://127.0.0.1:8080/&quot; class=&quot;external-link&quot; rel=&quot;nofollow&quot;&gt;http://127.0.0.1:8080/&lt;/a&gt;&lt;/p&gt;

&lt;p&gt;After that &quot;toAbsoluteUri&quot; of HttpUtils is called.&lt;br/&gt;
 That&apos;s the part of the code that replaces 127.0.0.1 by localhost &lt;a href=&quot;https://github.com/apache/cxf/blob/cxf-3.2.5/rt/frontend/jaxrs/src/main/java/org/apache/cxf/jaxrs/utils/HttpUtils.java#L388-L391&quot; class=&quot;external-link&quot; rel=&quot;nofollow&quot;&gt;https://github.com/apache/cxf/blob/cxf-3.2.5/rt/frontend/jaxrs/src/main/java/org/apache/cxf/jaxrs/utils/HttpUtils.java#L388-L391&lt;/a&gt;&lt;/p&gt;

&lt;p&gt;The commit that added that part of code is &lt;a href=&quot;https://github.com/apache/cxf/commit/ebc910780b2b9b971a7c1c2e4019bdf9ec35e460#diff-1e4a62a6414e4007d2f5be9f0313c8c0R311-R314&quot; class=&quot;external-link&quot; rel=&quot;nofollow&quot;&gt;https://github.com/apache/cxf/commit/ebc910780b2b9b971a7c1c2e4019bdf9ec35e460#diff-1e4a62a6414e4007d2f5be9f0313c8c0R311-R314&lt;/a&gt;&lt;/p&gt;

&lt;p&gt;The git commit referenced the wrong&#160;Jira (2007) - it should have been &lt;a href=&quot;https://issues.apache.org/jira/browse/CXF-5007&quot; class=&quot;external-link&quot; rel=&quot;nofollow&quot;&gt;https://issues.apache.org/jira/browse/CXF-5007&lt;/a&gt;&lt;/p&gt;

&lt;p&gt;&#160;&lt;/p&gt;</description>
                <environment></environment>
        <key id="13278654">CXF-8190</key>
            <summary>UriBuilder / HttpUtils replaces 127.0.0.1 by localhost</summary>
                <type id="1" iconUrl="https://issues.apache.org/jira/secure/viewavatar?size=xsmall&amp;avatarId=21133&amp;avatarType=issuetype">Bug</type>
                                            <priority id="3" iconUrl="https://issues.apache.org/jira/images/icons/priorities/major.svg">Major</priority>
                        <status id="1" iconUrl="https://issues.apache.org/jira/images/icons/statuses/open.png" description="The issue is open and ready for the assignee to start work on it.">Open</status>
                    <statusCategory id="2" key="new" colorName="blue-gray"/>
                                    <resolution id="-1">Unresolved</resolution>
                                        <assignee username="-1">Unassigned</assignee>
                                    <reporter username="maggu2810">Markus Rathgeb</reporter>
                        <labels>
                    </labels>
                <created>Fri, 10 Jan 2020 08:48:28 +0000</created>
                <updated>Wed, 15 Jan 2020 21:24:46 +0000</updated>
                                                                                <due></due>
                            <votes>0</votes>
                                    <watches>3</watches>
                                                                <comments>
                            <comment id="17012586" author="maggu2810" created="Fri, 10 Jan 2020 08:59:53 +0000"  >&lt;p&gt;I realized now that there is a property (&lt;tt&gt;replace.loopback.address.with.localhost&lt;/tt&gt;) that can perhaps be used to prevent the replacement:&lt;/p&gt;

&lt;p&gt;&lt;a href=&quot;https://github.com/apache/cxf/blob/cxf-3.2.5/rt/frontend/jaxrs/src/main/java/org/apache/cxf/jaxrs/utils/HttpUtils.java#L421-L424&quot; class=&quot;external-link&quot; rel=&quot;nofollow&quot;&gt;https://github.com/apache/cxf/blob/cxf-3.2.5/rt/frontend/jaxrs/src/main/java/org/apache/cxf/jaxrs/utils/HttpUtils.java#L421-L424&lt;/a&gt;&lt;/p&gt;

&lt;p&gt;&#160;&lt;/p&gt;

&lt;p&gt;Can you tell me how I set this contextual property in an OSGi environment, then I will check if this already solves it for me (the property cache is build this way: &lt;a href=&quot;https://github.com/apache/cxf/blob/cxf-3.2.5/core/src/main/java/org/apache/cxf/message/MessageImpl.java#L182-L215&quot; class=&quot;external-link&quot; rel=&quot;nofollow&quot;&gt;https://github.com/apache/cxf/blob/cxf-3.2.5/core/src/main/java/org/apache/cxf/message/MessageImpl.java#L182-L215&lt;/a&gt;).&lt;/p&gt;

&lt;p&gt;But I still wonder why it is &quot;true&quot; by default?&lt;/p&gt;

&lt;p&gt;I don&apos;t think the host should be changed if not explicitly stated.&lt;/p&gt;</comment>
                            <comment id="17012640" author="maggu2810" created="Fri, 10 Jan 2020 09:49:55 +0000"  >&lt;p&gt;For users of the Aries JAX-RS Whiteboard implementation, you could configure &quot;replace.loopback.address.with.localhost=false&quot; for the configuration &quot;org.apache.aries.jax.rs.whiteboard.default&quot;&lt;/p&gt;</comment>
                            <comment id="17016164" author="coheigea" created="Wed, 15 Jan 2020 17:26:39 +0000"  >&lt;p&gt;&lt;a href=&quot;https://issues.apache.org/jira/secure/ViewProfile.jspa?name=reta&quot; class=&quot;user-hover&quot; rel=&quot;reta&quot;&gt;Andriy Redko&lt;/a&gt; - If &lt;a href=&quot;https://github.com/apache/cxf/blob/cxf-3.2.5/rt/frontend/jaxrs/src/main/java/org/apache/cxf/jaxrs/utils/HttpUtils.java#L421-L424&quot; class=&quot;external-link&quot; rel=&quot;nofollow&quot;&gt;https://github.com/apache/cxf/blob/cxf-3.2.5/rt/frontend/jaxrs/src/main/java/org/apache/cxf/jaxrs/utils/HttpUtils.java#L421-L424&lt;/a&gt; defaults to false, do any of the TCK tests break?&lt;/p&gt;</comment>
                            <comment id="17016337" author="reta" created="Wed, 15 Jan 2020 21:24:18 +0000"  >&lt;p&gt;Hey &lt;a href=&quot;https://issues.apache.org/jira/secure/ViewProfile.jspa?name=coheigea&quot; class=&quot;user-hover&quot; rel=&quot;coheigea&quot;&gt;Colm O hEigeartaigh&lt;/a&gt;, we finally have a Jenkins TCK build job: &lt;span class=&quot;error&quot;&gt;&amp;#91;1&amp;#93;&lt;/span&gt;&#160;(I will drop a message tonight on the list)!&#160;&#160;Here is the latest report &lt;span class=&quot;error&quot;&gt;&amp;#91;2&amp;#93;&lt;/span&gt; against 3.4.0-SNAPSHOT.&#160;To compare, we could do the change and merge into the master (and rerun the TCK tests ones the&#160;3.4.0-SNAPSHOT are available). In general, we could run it against the PR builds but it needs a bit more work.&#160;&lt;/p&gt;

&lt;p&gt;&lt;span class=&quot;error&quot;&gt;&amp;#91;1&amp;#93;&lt;/span&gt;&#160;&lt;a href=&quot;https://builds.apache.org/view/C/view/Apache%20CXF/job/CXF-JAXRS-TCK/&quot; class=&quot;external-link&quot; rel=&quot;nofollow&quot;&gt;https://builds.apache.org/view/C/view/Apache%20CXF/job/CXF-JAXRS-TCK/&lt;/a&gt;&#160;&lt;/p&gt;

&lt;p&gt;&lt;span class=&quot;error&quot;&gt;&amp;#91;2&amp;#93;&lt;/span&gt;&#160;&lt;a href=&quot;https://builds.apache.org/view/C/view/Apache%20CXF/job/CXF-JAXRS-TCK/65/artifact/JTreport/html/report.html&quot; class=&quot;external-link&quot; rel=&quot;nofollow&quot;&gt;https://builds.apache.org/view/C/view/Apache%20CXF/job/CXF-JAXRS-TCK/65/artifact/JTreport/html/report.html&lt;/a&gt;&lt;/p&gt;

&lt;p&gt;&#160;&lt;/p&gt;

&lt;p&gt;Best Regards,&lt;/p&gt;

&lt;p&gt;&#160; &#160; Andriy Redko&lt;/p&gt;</comment>
                    </comments>
                    <attachments>
                    </attachments>
                <subtasks>
                    </subtasks>
                <customfields>
                                                                            <customfield id="customfield_12310310" key="com.atlassian.jira.toolkit:attachments">
                        <customfieldname>Attachment count</customfieldname>
                        <customfieldvalues>
                            <customfieldvalue>0.0</customfieldvalue>
                        </customfieldvalues>
                    </customfield>
                                                                                                                                                                                                                                                                                                                                                                                                                                                                                                                                                                                                                                                                                                                                    <customfield id="customfield_12310220" key="com.atlassian.jira.ext.charting:firstresponsedate">
                        <customfieldname>Date of First Response</customfieldname>
                        <customfieldvalues>
                            <customfieldvalue>Wed, 15 Jan 2020 17:26:39 +0000</customfieldvalue>

                        </customfieldvalues>
                    </customfield>
                                                                <customfield id="customfield_12314020" key="com.atlassian.jira.plugins.jira-development-integration-plugin:devsummary">
                        <customfieldname>Development</customfieldname>
                        <customfieldvalues>
                            
                        </customfieldvalues>
                    </customfield>
                                                                                                                        <customfield id="customfield_12313422" key="com.atlassian.jirafisheyeplugin:jobcheckbox">
                        <customfieldname>Enable Automatic Patch Review</customfieldname>
                        <customfieldvalues>
                            <customfieldvalue><![CDATA[false]]></customfieldvalue>

                        </customfieldvalues>
                    </customfield>
                                                                                                                        <customfield id="customfield_12310060" key="com.atlassian.jira.plugin.system.customfieldtypes:select">
                        <customfieldname>Estimated Complexity</customfieldname>
                        <customfieldvalues>
                                <customfieldvalue key="10060"><![CDATA[Unknown]]></customfieldvalue>

                        </customfieldvalues>
                    </customfield>
                                                                                                                                                                                                                                                                                                                                                                                                                                                                                                                                                                                        <customfield id="customfield_12310420" key="com.pyxis.greenhopper.jira:gh-global-rank">
                        <customfieldname>Global Rank</customfieldname>
                        <customfieldvalues>
                            <customfieldvalue>9223372036854775807</customfieldvalue>
                        </customfieldvalues>
                    </customfield>
                                                                                                                                                                                                            <customfield id="customfield_12312521" key="com.atlassian.jira.toolkit:LastCommentDate">
                        <customfieldname>Last public comment date</customfieldname>
                        <customfieldvalues>
                            4 weeks, 3 days ago
                        </customfieldvalues>
                    </customfield>
                                                                                                                                                                                                            <customfield id="customfield_12311820" key="com.pyxis.greenhopper.jira:gh-lexo-rank">
                        <customfieldname>Rank</customfieldname>
                        <customfieldvalues>
                            <customfieldvalue>0|z0adj4:</customfieldvalue>

                        </customfieldvalues>
                    </customfield>
                                                                <customfield id="customfield_12310920" key="com.pyxis.greenhopper.jira:gh-global-rank">
                        <customfieldname>Rank (Obsolete)</customfieldname>
                        <customfieldvalues>
                            <customfieldvalue>9223372036854775807</customfieldvalue>
                        </customfieldvalues>
                    </customfield>
                                                                                                                                                                                                                                                                                                                                                                                                                                                                                                                                                                                                                                                                                                                                    </customfields>
    </item>


<item>
            <title>[CXF-8187] Codegen-Plugin failed when maven is executed on jdk9+ with Toolchains specifying jdk 8</title>
                <link>https://issues.apache.org/jira/browse/CXF-8187</link>
                <project id="12310511" key="CXF">CXF</project>
                    <description>&lt;p&gt;Codegen-Plugin failed when :&lt;/p&gt;
&lt;ol&gt;
	&lt;li&gt;maven is executed on jdk9+ (ex : JAVA_HOME on a JDK 11)&lt;/li&gt;
	&lt;li&gt;JDK 8 is asked through toolchain plugin&lt;/li&gt;
&lt;/ol&gt;


&lt;p&gt;Sample of execution result :&lt;/p&gt;
&lt;div class=&quot;code panel&quot; style=&quot;border-width: 1px;&quot;&gt;&lt;div class=&quot;codeContent panelContent&quot;&gt;
&lt;pre class=&quot;code-java&quot;&gt;
[INFO] --- cxf-codegen-plugin:3.3.4:wsdl2java (xxxxx) @ xxxxx ---
[INFO] Running code generation in fork mode...
[INFO] Using toolchain JDK[c:/jdk1.8] to find the java executable
[INFO] The java executable is c:\jdk1.8\bin\java.exe
[INFO] Building jar: C:\tmp\cxf-tmp-13126677158727590310\cxf-codegen13282347933764786924.jar
[WARNING] Error: Could not create the Java Virtual Machine.
[WARNING] Error: A fatal exception has occurred. Program will exit.
[WARNING] Unrecognized option: --add-exports=jdk.xml.dom/org.w3c.dom.html=ALL-UNNAMED
[....]
[ERROR] Failed to execute goal org.apache.cxf:cxf-codegen-plugin:3.3.4:wsdl2java (xxxxx) on project xxxxx:
[ERROR] Exit code: 1
[ERROR] Command line was: cmd.exe /X /C &lt;span class=&quot;code-quote&quot;&gt;&quot;c:\jdk1.8\bin\java.exe --add-exports=jdk.xml.dom/org.w3c.dom.html=ALL-UNNAMED --add-exports=java.xml/com.sun.org.apache.xerces.internal.impl.xs=ALL-UNNAMED --add-opens java.base/java.security=ALL-UNNAMED --add-opens java.base/java.net=ALL-UNNAMED --add-opens java.base/java.lang=ALL-UNNAMED --add-opens java.base/java.util=ALL-UNNAMED --add-opens java.base/java.util.concurrent=ALL-UNNAMED -jar C:\tmp\cxf-tmp-13126677158727590310\cxf-codegen13282347933764786924.jar C:\tmp\cxf-tmp-13126677158727590310\cxf-w2j10127470885320069515args&quot;&lt;/span&gt;
&lt;/pre&gt;
&lt;/div&gt;&lt;/div&gt;

&lt;p&gt;The error seems to come from the additionalJvmArgs for java 9 (--add-exports=..., --add-opens=...) : the command line manually executed failled with these args but succeed whithout). It seems that &lt;a href=&quot;https://github.com/apache/cxf/blob/cxf-3.3.4/maven-plugins/codegen-plugin/src/main/java/org/apache/cxf/maven_plugin/AbstractCodegenMoho.java&quot; class=&quot;external-link&quot; rel=&quot;nofollow&quot;&gt;AbstractCodegenMojo#execute()&lt;/a&gt; doesn&apos;t test the right JDK to detect if the java 9 additionalJvmArgs should be add : the test is currently on the JDK used by maven instead of the one that will be run by Codegen-Plugin.&lt;/p&gt;

&lt;p&gt;Regards&lt;/p&gt;</description>
                <environment></environment>
        <key id="13277392">CXF-8187</key>
            <summary>Codegen-Plugin failed when maven is executed on jdk9+ with Toolchains specifying jdk 8</summary>
                <type id="1" iconUrl="https://issues.apache.org/jira/secure/viewavatar?size=xsmall&amp;avatarId=21133&amp;avatarType=issuetype">Bug</type>
                                            <priority id="3" iconUrl="https://issues.apache.org/jira/images/icons/priorities/major.svg">Major</priority>
                        <status id="6" iconUrl="https://issues.apache.org/jira/images/icons/statuses/closed.png" description="The issue is considered finished, the resolution is correct. Issues which are not closed can be reopened.">Closed</status>
                    <statusCategory id="3" key="done" colorName="green"/>
                                    <resolution id="1">Fixed</resolution>
                                        <assignee username="coheigea">Colm O hEigeartaigh</assignee>
                                    <reporter username="cjanton">JANTON</reporter>
                        <labels>
                    </labels>
                <created>Fri, 3 Jan 2020 16:21:52 +0000</created>
                <updated>Thu, 16 Jan 2020 07:34:45 +0000</updated>
                            <resolved>Mon, 6 Jan 2020 17:59:53 +0000</resolved>
                                    <version>3.3.4</version>
                                    <fixVersion>3.3.5</fixVersion>
                                    <component>Tooling</component>
                        <due></due>
                            <votes>0</votes>
                                    <watches>1</watches>
                                                                <comments>
                            <comment id="17016630" author="cjanton" created="Thu, 16 Jan 2020 07:34:45 +0000"  >&lt;p&gt;&lt;a href=&quot;https://issues.apache.org/jira/secure/ViewProfile.jspa?name=coheigea&quot; class=&quot;user-hover&quot; rel=&quot;coheigea&quot;&gt;Colm O hEigeartaigh&lt;/a&gt; Work like a charm. Good job. Thanks a lot !&lt;/p&gt;</comment>
                    </comments>
                    <attachments>
                    </attachments>
                <subtasks>
                    </subtasks>
                <customfields>
                                                                            <customfield id="customfield_12310310" key="com.atlassian.jira.toolkit:attachments">
                        <customfieldname>Attachment count</customfieldname>
                        <customfieldvalues>
                            <customfieldvalue>0.0</customfieldvalue>
                        </customfieldvalues>
                    </customfield>
                                                                                                                                                                                                                                                                                                                                                                                                                                                                                                                                                                                                                                                                                                                                                                <customfield id="customfield_12314020" key="com.atlassian.jira.plugins.jira-development-integration-plugin:devsummary">
                        <customfieldname>Development</customfieldname>
                        <customfieldvalues>
                            
                        </customfieldvalues>
                    </customfield>
                                                                                                                        <customfield id="customfield_12313422" key="com.atlassian.jirafisheyeplugin:jobcheckbox">
                        <customfieldname>Enable Automatic Patch Review</customfieldname>
                        <customfieldvalues>
                            <customfieldvalue><![CDATA[false]]></customfieldvalue>

                        </customfieldvalues>
                    </customfield>
                                                                                                                        <customfield id="customfield_12310060" key="com.atlassian.jira.plugin.system.customfieldtypes:select">
                        <customfieldname>Estimated Complexity</customfieldname>
                        <customfieldvalues>
                                <customfieldvalue key="10060"><![CDATA[Unknown]]></customfieldvalue>

                        </customfieldvalues>
                    </customfield>
                                                                                                                                                                                                                                                                                                                                                                                                                                                                                                                                                                                        <customfield id="customfield_12310420" key="com.pyxis.greenhopper.jira:gh-global-rank">
                        <customfieldname>Global Rank</customfieldname>
                        <customfieldvalues>
                            <customfieldvalue>9223372036854775807</customfieldvalue>
                        </customfieldvalues>
                    </customfield>
                                                                                                                                                                                                            <customfield id="customfield_12312521" key="com.atlassian.jira.toolkit:LastCommentDate">
                        <customfieldname>Last public comment date</customfieldname>
                        <customfieldvalues>
                            4 weeks, 3 days ago
                        </customfieldvalues>
                    </customfield>
                                                                                                                                                                                                            <customfield id="customfield_12311820" key="com.pyxis.greenhopper.jira:gh-lexo-rank">
                        <customfieldname>Rank</customfieldname>
                        <customfieldvalues>
                            <customfieldvalue>0|z0a62g:</customfieldvalue>

                        </customfieldvalues>
                    </customfield>
                                                                <customfield id="customfield_12310920" key="com.pyxis.greenhopper.jira:gh-global-rank">
                        <customfieldname>Rank (Obsolete)</customfieldname>
                        <customfieldvalues>
                            <customfieldvalue>9223372036854775807</customfieldvalue>
                        </customfieldvalues>
                    </customfield>
                                                                                                                                                                                                                                                                                                                                                                                                                                                                                                                                                                                                                                                                            <customfield id="customfield_12310222" key="com.atlassian.jira.ext.charting:timeinstatus">
                        <customfieldname>Time in Status</customfieldname>
                        <customfieldvalues>
                            
                        </customfieldvalues>
                    </customfield>
                                                                                            </customfields>
    </item>
</channel>
</rss>