<!--
RSS generated by JIRA (8.3.4#803005-sha1:1f96e09b3c60279a408a2ae47be3c745f571388b) at Sun Feb 16 09:33:19 UTC 2020

It is possible to restrict the fields that are returned in this document by specifying the 'field' parameter in your request.
For example, to request only the issue key and summary append 'field=key&field=summary' to the URL of your request.
-->
<!-- If you wish to do custom client-side styling of RSS, uncomment this:
<?xml-stylesheet href="https://issues.apache.org/jira/styles/jiraxml2html.xsl" type="text/xsl"?>
-->
<rss version="0.92">
    <channel>
        <title>ASF JIRA</title>
        <link>https://issues.apache.org/jira/issues/?jql=project+%3D+CXF+AND+issuetype+%3D+Bug+AND+created+%3E%3D+2019-06-01+AND+created+%3C%3D+2019-07-01</link>
        <description>An XML representation of a search request</description>
                <language>en-uk</language>
                        <issue start="0" end="4" total="4"/>
                <build-info>
            <version>8.3.4</version>
            <build-number>803005</build-number>
            <build-date>13-09-2019</build-date>
        </build-info>

<item>
            <title>[CXF-8062] MessageContext.HTTP_RESPONSE_CODE cannot be obtained if response code is not 4xx</title>
                <link>https://issues.apache.org/jira/browse/CXF-8062</link>
                <project id="12310511" key="CXF">CXF</project>
                    <description>&lt;p&gt;After a web service request, we do this:&lt;/p&gt;
&lt;div class=&quot;code panel&quot; style=&quot;border-width: 1px;&quot;&gt;&lt;div class=&quot;codeContent panelContent&quot;&gt;
&lt;pre class=&quot;code-java&quot;&gt;
responseCode = (&lt;span class=&quot;code-object&quot;&gt;Integer&lt;/span&gt;) ((BindingProvider) webServicePort).getResponseContext().get(MessageContext.HTTP_RESPONSE_CODE);
&lt;/pre&gt;
&lt;/div&gt;&lt;/div&gt;
&lt;p&gt;, to extract the Http response code, but we noticed that this only works in our case with 200 response codes from the server.&lt;/p&gt;

&lt;p&gt;From what I could gather, it seems that the response context is not populated in cases where a 200 is not given. Example:&lt;/p&gt;

&lt;p&gt;&lt;span class=&quot;image-wrap&quot; style=&quot;&quot;&gt;&lt;img src=&quot;https://issues.apache.org/jira/secure/attachment/12973142/12973142_401.PNG&quot; style=&quot;border: 0px solid black&quot; /&gt;&lt;/span&gt;&lt;/p&gt;

&lt;p&gt;&#160;As you can see only two instances of SCOPES are in the response context. When we receive a 200 from the web service, the response context contains this:&lt;/p&gt;

&lt;p&gt; &lt;span class=&quot;image-wrap&quot; style=&quot;&quot;&gt;&lt;img src=&quot;https://issues.apache.org/jira/secure/attachment/12973141/12973141_200.png&quot; style=&quot;border: 0px solid black&quot; /&gt;&lt;/span&gt; &lt;/p&gt;

&lt;p&gt;, which although you can&apos;t see it in the screenshot, it contains the HTTP_RESPONSE_CODE value, which it&apos;s the only thing we need, because we need to do some additional steps depending on that response code afterwards.&lt;/p&gt;

&lt;p&gt;Right now, we&apos;re using a finicky way to obtain such http response code... the exception is a WebServiceException which contains a HTTPException which has the response code given by the server. We&apos;d like to have a more reliable way since those exception signatures could just change over time if we update libraries / java versions we guess.&lt;/p&gt;

&lt;p&gt;Here&apos;s the CXF dependencies in our project:&lt;br/&gt;
 &lt;span class=&quot;image-wrap&quot; style=&quot;&quot;&gt;&lt;img src=&quot;https://issues.apache.org/jira/secure/attachment/12973140/12973140_cxf_dependencies.PNG&quot; style=&quot;border: 0px solid black&quot; /&gt;&lt;/span&gt; &lt;/p&gt;

&lt;p&gt;Let us know if you need to know about anything else.&#160;&lt;/p&gt;</description>
                <environment></environment>
        <key id="13242107">CXF-8062</key>
            <summary>MessageContext.HTTP_RESPONSE_CODE cannot be obtained if response code is not 4xx</summary>
                <type id="1" iconUrl="https://issues.apache.org/jira/secure/viewavatar?size=xsmall&amp;avatarId=21133&amp;avatarType=issuetype">Bug</type>
                                            <priority id="3" iconUrl="https://issues.apache.org/jira/images/icons/priorities/major.svg">Major</priority>
                        <status id="6" iconUrl="https://issues.apache.org/jira/images/icons/statuses/closed.png" description="The issue is considered finished, the resolution is correct. Issues which are not closed can be reopened.">Closed</status>
                    <statusCategory id="3" key="done" colorName="green"/>
                                    <resolution id="1">Fixed</resolution>
                                        <assignee username="ffang">Freeman Yue Fang</assignee>
                                    <reporter username="tomasedata">Tom&#225;s Garc&#237;a</reporter>
                        <labels>
                    </labels>
                <created>Fri, 28 Jun 2019 07:47:08 +0000</created>
                <updated>Wed, 14 Aug 2019 13:29:58 +0000</updated>
                            <resolved>Tue, 2 Jul 2019 18:57:25 +0000</resolved>
                                    <version>3.3.2</version>
                                    <fixVersion>3.2.10</fixVersion>
                    <fixVersion>3.3.3</fixVersion>
                                        <due></due>
                            <votes>0</votes>
                                    <watches>2</watches>
                                                                <comments>
                            <comment id="16875050" author="ffang" created="Fri, 28 Jun 2019 16:41:33 +0000"  >&lt;p&gt;Hi &lt;a href=&quot;https://issues.apache.org/jira/secure/ViewProfile.jspa?name=tomasedata&quot; class=&quot;user-hover&quot; rel=&quot;tomasedata&quot;&gt;Tom&#225;s Garc&#237;a&lt;/a&gt;,&lt;/p&gt;

&lt;p&gt;I just committed to demonstrate that MessageContext.HTTP_RESPONSE_CODE can be obtained if response code is not 200&lt;br/&gt;
&lt;a href=&quot;https://github.com/apache/cxf/commit/d4a28ed9d3d1f136263565516accfae9366c41b2&quot; class=&quot;external-link&quot; rel=&quot;nofollow&quot;&gt;https://github.com/apache/cxf/commit/d4a28ed9d3d1f136263565516accfae9366c41b2&lt;/a&gt;&lt;/p&gt;

&lt;p&gt;So if you can append a testcase project which can reproduce the issue you described, that would be very helpful.&lt;/p&gt;

&lt;p&gt;Thanks!&lt;br/&gt;
Freeman&lt;/p&gt;
</comment>
                            <comment id="16875437" author="tomasedata" created="Sat, 29 Jun 2019 10:05:35 +0000"  >&lt;p&gt;Thank you for answering so fast!&lt;/p&gt;

&lt;p&gt;I produced a code example. Just run it with: mvn test.&lt;/p&gt;

&lt;p&gt;&lt;span class=&quot;nobr&quot;&gt;&lt;a href=&quot;https://issues.apache.org/jira/secure/attachment/12973238/12973238_cxfresponsecode.zip&quot; title=&quot;cxfresponsecode.zip attached to CXF-8062&quot;&gt;cxfresponsecode.zip&lt;sup&gt;&lt;img class=&quot;rendericon&quot; src=&quot;https://issues.apache.org/jira/images/icons/link_attachment_7.gif&quot; height=&quot;7&quot; width=&quot;7&quot; align=&quot;absmiddle&quot; alt=&quot;&quot; border=&quot;0&quot;/&gt;&lt;/sup&gt;&lt;/a&gt;&lt;/span&gt; &lt;/p&gt;

&lt;p&gt;Let me know if there&apos;s anything else I could do. &lt;/p&gt;

&lt;p&gt;Thanks. &lt;/p&gt;</comment>
                            <comment id="16877116" author="ffang" created="Tue, 2 Jul 2019 16:24:52 +0000"  >&lt;p&gt;Thanks &lt;a href=&quot;https://issues.apache.org/jira/secure/ViewProfile.jspa?name=tomasedata&quot; class=&quot;user-hover&quot; rel=&quot;tomasedata&quot;&gt;Tom&#225;s Garc&#237;a&lt;/a&gt; for the reproducer, I will take a close look.&lt;/p&gt;

&lt;p&gt;Freeman&lt;/p&gt;</comment>
                            <comment id="16877244" author="ffang" created="Tue, 2 Jul 2019 18:53:47 +0000"  >&lt;p&gt;OK, for 4xx return code(just like in your testcase), CXF client side will throw HTTPException and not set return code. Anyway, IMO it&apos;s no harm to set 4xx return code as well. The fix is coming soon.&lt;/p&gt;

&lt;p&gt;Freeman &lt;/p&gt;</comment>
                    </comments>
                    <attachments>
                            <attachment id="12973141" name="200.png" size="54487" author="tomasedata" created="Fri, 28 Jun 2019 07:43:38 +0000"/>
                            <attachment id="12973142" name="401.PNG" size="11183" author="tomasedata" created="Fri, 28 Jun 2019 07:42:42 +0000"/>
                            <attachment id="12973140" name="cxf_dependencies.PNG" size="19518" author="tomasedata" created="Fri, 28 Jun 2019 07:44:58 +0000"/>
                            <attachment id="12973238" name="cxfresponsecode.zip" size="24898" author="tomasedata" created="Sat, 29 Jun 2019 10:05:18 +0000"/>
                    </attachments>
                <subtasks>
                    </subtasks>
                <customfields>
                                                                            <customfield id="customfield_12310310" key="com.atlassian.jira.toolkit:attachments">
                        <customfieldname>Attachment count</customfieldname>
                        <customfieldvalues>
                            <customfieldvalue>4.0</customfieldvalue>
                        </customfieldvalues>
                    </customfield>
                                                                                                                                                                                                                                                                                                                                                                                                                                                                                                                                                                                                                                                                                                                                    <customfield id="customfield_12310220" key="com.atlassian.jira.ext.charting:firstresponsedate">
                        <customfieldname>Date of First Response</customfieldname>
                        <customfieldvalues>
                            <customfieldvalue>Fri, 28 Jun 2019 16:41:33 +0000</customfieldvalue>

                        </customfieldvalues>
                    </customfield>
                                                                <customfield id="customfield_12314020" key="com.atlassian.jira.plugins.jira-development-integration-plugin:devsummary">
                        <customfieldname>Development</customfieldname>
                        <customfieldvalues>
                            
                        </customfieldvalues>
                    </customfield>
                                                                                                                        <customfield id="customfield_12313422" key="com.atlassian.jirafisheyeplugin:jobcheckbox">
                        <customfieldname>Enable Automatic Patch Review</customfieldname>
                        <customfieldvalues>
                            <customfieldvalue><![CDATA[false]]></customfieldvalue>

                        </customfieldvalues>
                    </customfield>
                                                                                                                        <customfield id="customfield_12310060" key="com.atlassian.jira.plugin.system.customfieldtypes:select">
                        <customfieldname>Estimated Complexity</customfieldname>
                        <customfieldvalues>
                                <customfieldvalue key="10060"><![CDATA[Unknown]]></customfieldvalue>

                        </customfieldvalues>
                    </customfield>
                                                                                                                                                                                                                                                                                                                                                                                                                                                                                                                                                                                        <customfield id="customfield_12310420" key="com.pyxis.greenhopper.jira:gh-global-rank">
                        <customfieldname>Global Rank</customfieldname>
                        <customfieldvalues>
                            <customfieldvalue>9223372036854775807</customfieldvalue>
                        </customfieldvalues>
                    </customfield>
                                                                                                                                                                                                            <customfield id="customfield_12312521" key="com.atlassian.jira.toolkit:LastCommentDate">
                        <customfieldname>Last public comment date</customfieldname>
                        <customfieldvalues>
                            32 weeks, 4 days ago
                        </customfieldvalues>
                    </customfield>
                                                                                                                                                                                                            <customfield id="customfield_12311820" key="com.pyxis.greenhopper.jira:gh-lexo-rank">
                        <customfieldname>Rank</customfieldname>
                        <customfieldvalues>
                            <customfieldvalue>0|z046uo:</customfieldvalue>

                        </customfieldvalues>
                    </customfield>
                                                                <customfield id="customfield_12310920" key="com.pyxis.greenhopper.jira:gh-global-rank">
                        <customfieldname>Rank (Obsolete)</customfieldname>
                        <customfieldvalues>
                            <customfieldvalue>9223372036854775807</customfieldvalue>
                        </customfieldvalues>
                    </customfield>
                                                                                                                                                                                                                                                                                                                                                                                                                                                                                                                                                                                                                                                                            <customfield id="customfield_12310222" key="com.atlassian.jira.ext.charting:timeinstatus">
                        <customfieldname>Time in Status</customfieldname>
                        <customfieldvalues>
                            
                        </customfieldvalues>
                    </customfield>
                                                                                            </customfields>
    </item>


<item>
            <title>[CXF-8060] Automatic ssl configuration using javax.net.ssl.. broken</title>
                <link>https://issues.apache.org/jira/browse/CXF-8060</link>
                <project id="12310511" key="CXF">CXF</project>
                    <description>&lt;p&gt;Automatic ssl configuration using javax.net.ssl.. broken (since cxf 3.2.5)&lt;/p&gt;

&lt;p&gt;This is workaround to configure http-conf from system&#160; properies&lt;/p&gt;

&lt;p&gt;&#160;&#160;&#160; &amp;lt;http-conf:conduit name=&quot;*.http-conduit&quot;&amp;gt;&lt;br/&gt;
&#160;&#160;&#160;&#160;&#160;&#160;&#160; &amp;lt;http-conf:tlsClientParameters&amp;gt;&lt;br/&gt;
&#160;&#160;&#160;&#160;&#160;&#160;&#160;&#160;&#160;&#160;&#160; &amp;lt;sec:keyManagers keyPassword=&quot;${javax.net.ssl.keyStorePassword}&quot;&amp;gt;&lt;br/&gt;
&#160;&#160;&#160;&#160;&#160;&#160;&#160;&#160;&#160;&#160;&#160;&#160;&#160;&#160;&#160; &amp;lt;sec:keyStore&lt;br/&gt;
&#160;&#160;&#160;&#160;&#160;&#160;&#160;&#160;&#160;&#160;&#160;&#160;&#160;&#160;&#160;&#160;&#160;&#160;&#160; type=&quot;${javax.net.ssl.keyStoreType:JKS}&quot;&lt;br/&gt;
&#160;&#160;&#160;&#160;&#160;&#160;&#160;&#160;&#160;&#160;&#160;&#160;&#160;&#160;&#160;&#160;&#160;&#160;&#160; password=&quot;${javax.net.ssl.keyStorePassword}&quot;&lt;br/&gt;
&#160;&#160;&#160;&#160;&#160;&#160;&#160;&#160;&#160;&#160;&#160;&#160;&#160;&#160;&#160;&#160;&#160;&#160;&#160; file=&quot;${javax.net.ssl.keyStore}&quot;/&amp;gt;&lt;br/&gt;
&#160;&#160;&#160;&#160;&#160;&#160;&#160;&#160;&#160;&#160;&#160; &amp;lt;/sec:keyManagers&amp;gt;&lt;br/&gt;
&#160;&#160;&#160;&#160;&#160;&#160;&#160;&#160;&#160;&#160;&#160; &amp;lt;sec:trustManagers&amp;gt;&lt;br/&gt;
&#160;&#160;&#160;&#160;&#160;&#160;&#160;&#160;&#160;&#160;&#160;&#160;&#160;&#160;&#160; &amp;lt;sec:keyStore type=&quot;${javax.net.ssl.trustStoreType:JKS}&quot; file=&quot;${javax.net.ssl.trustStore}&quot; /&amp;gt; &amp;lt;!-- password=&quot;${javax.net.ssl.trustStorePassword:#{null}}&quot; --&amp;gt;&lt;br/&gt;
&#160;&#160;&#160;&#160;&#160;&#160;&#160;&#160;&#160;&#160;&#160; &amp;lt;/sec:trustManagers&amp;gt;&lt;br/&gt;
&#160;&#160;&#160;&#160;&#160;&#160;&#160; &amp;lt;/http-conf:tlsClientParameters&amp;gt;&lt;br/&gt;
&#160;&#160;&#160; &amp;lt;/http-conf:conduit&amp;gt;&lt;/p&gt;

&lt;p&gt;&#160;&lt;/p&gt;

&lt;p&gt;Run JVM with&lt;/p&gt;

&lt;p&gt;-Djavax.net.ssl.trustStore=/path/to/trusted.cacerts -Djavax.net.ssl.keyStore=/path/to/trusted.clientcerts -Djavax.net.ssl.keyStorePassword=clientcertpass&lt;/p&gt;

&lt;p&gt;&#160;&lt;/p&gt;

&lt;p&gt;and try jax-rs client proxy to ssl secured endpoint&lt;/p&gt;</description>
                <environment></environment>
        <key id="13240572">CXF-8060</key>
            <summary>Automatic ssl configuration using javax.net.ssl.. broken</summary>
                <type id="1" iconUrl="https://issues.apache.org/jira/secure/viewavatar?size=xsmall&amp;avatarId=21133&amp;avatarType=issuetype">Bug</type>
                                            <priority id="4" iconUrl="https://issues.apache.org/jira/images/icons/priorities/minor.svg">Minor</priority>
                        <status id="6" iconUrl="https://issues.apache.org/jira/images/icons/statuses/closed.png" description="The issue is considered finished, the resolution is correct. Issues which are not closed can be reopened.">Closed</status>
                    <statusCategory id="3" key="done" colorName="green"/>
                                    <resolution id="1">Fixed</resolution>
                                        <assignee username="coheigea">Colm O hEigeartaigh</assignee>
                                    <reporter username="slavb18">Vjacheslav Borisov</reporter>
                        <labels>
                    </labels>
                <created>Thu, 20 Jun 2019 04:40:58 +0000</created>
                <updated>Wed, 14 Aug 2019 13:29:55 +0000</updated>
                            <resolved>Thu, 20 Jun 2019 13:01:08 +0000</resolved>
                                    <version>3.2.5</version>
                                    <fixVersion>3.3.3</fixVersion>
                                        <due></due>
                            <votes>0</votes>
                                    <watches>2</watches>
                                                                <comments>
                            <comment id="16868452" author="coheigea" created="Thu, 20 Jun 2019 11:10:58 +0000"  >&lt;p&gt;You need to add: -Djavax.net.ssl.keyStoreType=JKS&lt;/p&gt;

&lt;p&gt;I&apos;m going to fix this for the next 3.3.x release so that it uses JKS as the default keystore type. This should work with both JKS + PKCS12 by default, ref: &lt;a href=&quot;https://bugs.openjdk.java.net/browse/JDK-8062552&quot; class=&quot;external-link&quot; rel=&quot;nofollow&quot;&gt;https://bugs.openjdk.java.net/browse/JDK-8062552&lt;/a&gt;&lt;/p&gt;</comment>
                            <comment id="16869169" author="slavb18" created="Fri, 21 Jun 2019 04:21:09 +0000"  >&lt;p&gt;thank you, -Djavax.net.ssl.keyStoreType=JKS worked&lt;/p&gt;

&lt;p&gt;&#160;&lt;/p&gt;</comment>
                    </comments>
                    <attachments>
                    </attachments>
                <subtasks>
                    </subtasks>
                <customfields>
                                                                            <customfield id="customfield_12310310" key="com.atlassian.jira.toolkit:attachments">
                        <customfieldname>Attachment count</customfieldname>
                        <customfieldvalues>
                            <customfieldvalue>0.0</customfieldvalue>
                        </customfieldvalues>
                    </customfield>
                                                                                                                                                                                                                                                                                                                                                                                                                                                                                                                                                                                                                                                                                                                                    <customfield id="customfield_12310220" key="com.atlassian.jira.ext.charting:firstresponsedate">
                        <customfieldname>Date of First Response</customfieldname>
                        <customfieldvalues>
                            <customfieldvalue>Thu, 20 Jun 2019 11:10:58 +0000</customfieldvalue>

                        </customfieldvalues>
                    </customfield>
                                                                <customfield id="customfield_12314020" key="com.atlassian.jira.plugins.jira-development-integration-plugin:devsummary">
                        <customfieldname>Development</customfieldname>
                        <customfieldvalues>
                            
                        </customfieldvalues>
                    </customfield>
                                                                                                                        <customfield id="customfield_12313422" key="com.atlassian.jirafisheyeplugin:jobcheckbox">
                        <customfieldname>Enable Automatic Patch Review</customfieldname>
                        <customfieldvalues>
                            <customfieldvalue><![CDATA[false]]></customfieldvalue>

                        </customfieldvalues>
                    </customfield>
                                                                                                                        <customfield id="customfield_12310060" key="com.atlassian.jira.plugin.system.customfieldtypes:select">
                        <customfieldname>Estimated Complexity</customfieldname>
                        <customfieldvalues>
                                <customfieldvalue key="10060"><![CDATA[Unknown]]></customfieldvalue>

                        </customfieldvalues>
                    </customfield>
                                                                                                                                                                                                                                                                                                                                                                                                                                                                                                                                                                                        <customfield id="customfield_12310420" key="com.pyxis.greenhopper.jira:gh-global-rank">
                        <customfieldname>Global Rank</customfieldname>
                        <customfieldvalues>
                            <customfieldvalue>9223372036854775807</customfieldvalue>
                        </customfieldvalues>
                    </customfield>
                                                                                                                                                                                                            <customfield id="customfield_12312521" key="com.atlassian.jira.toolkit:LastCommentDate">
                        <customfieldname>Last public comment date</customfieldname>
                        <customfieldvalues>
                            34 weeks, 2 days ago
                        </customfieldvalues>
                    </customfield>
                                                                                                                                                                                                            <customfield id="customfield_12311820" key="com.pyxis.greenhopper.jira:gh-lexo-rank">
                        <customfieldname>Rank</customfieldname>
                        <customfieldvalues>
                            <customfieldvalue>0|z03xeg:</customfieldvalue>

                        </customfieldvalues>
                    </customfield>
                                                                <customfield id="customfield_12310920" key="com.pyxis.greenhopper.jira:gh-global-rank">
                        <customfieldname>Rank (Obsolete)</customfieldname>
                        <customfieldvalues>
                            <customfieldvalue>9223372036854775807</customfieldvalue>
                        </customfieldvalues>
                    </customfield>
                                                                                                                                                                                                                                                                                                                                                                                                                                                                                                                                                                                                                                                                            <customfield id="customfield_12310222" key="com.atlassian.jira.ext.charting:timeinstatus">
                        <customfieldname>Time in Status</customfieldname>
                        <customfieldvalues>
                            
                        </customfieldvalues>
                    </customfield>
                                                                                            </customfields>
    </item>


<item>
            <title>[CXF-8059] @FormParam inside @BeanParam not working</title>
                <link>https://issues.apache.org/jira/browse/CXF-8059</link>
                <project id="12310511" key="CXF">CXF</project>
                    <description>&lt;p&gt;class UserInsert {&lt;br/&gt;
	@FormParam(&quot;name&quot;) //not work&lt;br/&gt;
	private String name;&lt;br/&gt;
	@HeaderParam(&quot;Authorization&quot;) //work&lt;br/&gt;
	private String authorization;&lt;br/&gt;
	@PathParam(&quot;id&quot;) //work&lt;br/&gt;
	private String id;&lt;br/&gt;
	@QueryParam(&quot;login&quot;) //work&lt;br/&gt;
	private String login;&lt;/p&gt;

&lt;p&gt;	public void setName(String name) &lt;/p&gt;
{
		this.name = name;
	}

&lt;p&gt;	public void setAuthorization(String authorization) &lt;/p&gt;
{
		this.authorization = authorization;
	}

&lt;p&gt;	public void setId(String id) &lt;/p&gt;
{
		this.id = id;
	}

&lt;p&gt;	public void setLogin(String login) &lt;/p&gt;
{
		this.login = login;
	}

&lt;p&gt;}&lt;/p&gt;

&lt;p&gt;@Path(&quot;user&quot;)&lt;br/&gt;
interface UserResource {&lt;/p&gt;

&lt;p&gt;	@Path(&quot;&lt;/p&gt;
{id}
&lt;p&gt;&quot;)&lt;br/&gt;
	@POST&lt;br/&gt;
	@Consumes(MediaType.APPLICATION_FORM_URLENCODED)&lt;br/&gt;
	@Produces(MediaType.WILDCARD)&lt;br/&gt;
	Response save(@BeanParam UserInsert userInsert);&lt;/p&gt;

&lt;p&gt;}&lt;/p&gt;

&lt;p&gt;public class Main {&lt;/p&gt;

&lt;p&gt;	public static void main(String[] args) {&lt;/p&gt;

&lt;p&gt;		WireMockServer wireMockServer = new WireMockServer(wireMockConfig().port(8080).notifier(new ConsoleNotifier(true)));&lt;br/&gt;
		wireMockServer.start();&lt;/p&gt;

&lt;p&gt;		try &lt;/p&gt;
{
			UserInsert userInsert = new UserInsert();
			userInsert.setName(&quot;Victor Machado Pasqualino&quot;);
			userInsert.setAuthorization(&quot;Basic YWRtaW46YWRtaW4=&quot;);
			userInsert.setId(&quot;5a4cfa7d-d3bd-4483-968f-b5826ec07712&quot;);
			userInsert.setLogin(&quot;victorpasqualino&quot;);
			
			JAXRSClientFactoryBean jaxrsClientFactory = new JAXRSClientFactoryBean();
			jaxrsClientFactory.setAddress(&quot;http://localhost:8080/rest&quot;);
			jaxrsClientFactory.setResourceClass(UserResource.class);
			jaxrsClientFactory.getOutInterceptors().add(new LoggingOutInterceptor());
			
			UserResource userResource = jaxrsClientFactory.create(UserResource.class);
			
			userResource.save(userInsert);
		}
&lt;p&gt; finally &lt;/p&gt;
{
			wireMockServer.stop();
		}

&lt;p&gt;	}&lt;/p&gt;

&lt;p&gt;}&lt;/p&gt;

&lt;p&gt;Client Request:&lt;br/&gt;
INFO: Outbound Message&lt;br/&gt;
---------------------------&lt;br/&gt;
ID: 1&lt;br/&gt;
Address: &lt;a href=&quot;http://localhost:8080/rest/user/5a4cfa7d-d3bd-4483-968f-b5826ec07712?login=victorpasqualino&quot; class=&quot;external-link&quot; rel=&quot;nofollow&quot;&gt;http://localhost:8080/rest/user/5a4cfa7d-d3bd-4483-968f-b5826ec07712?login=victorpasqualino&lt;/a&gt;&lt;br/&gt;
Http-Method: POST&lt;br/&gt;
Content-Type: application/x-www-form-urlencoded&lt;br/&gt;
Headers: &lt;/p&gt;
{Authorization=[Basic YWRtaW46YWRtaW4=], Content-Type=[application/x-www-form-urlencoded], Accept=[application/xml]}
&lt;p&gt;--------------------------------------&lt;/p&gt;

&lt;p&gt;Server Request:&lt;br/&gt;
2019-06-19 01:53:29.363 Request was not matched as there were no stubs registered:&lt;br/&gt;
{&lt;br/&gt;
  &quot;url&quot; : &quot;/rest/user/5a4cfa7d-d3bd-4483-968f-b5826ec07712?login=victorpasqualino&quot;,&lt;br/&gt;
  &quot;absoluteUrl&quot; : &quot;http://localhost:8080/rest/user/5a4cfa7d-d3bd-4483-968f-b5826ec07712?login=victorpasqualino&quot;,&lt;br/&gt;
  &quot;method&quot; : &quot;POST&quot;,&lt;br/&gt;
  &quot;clientIp&quot; : &quot;127.0.0.1&quot;,&lt;br/&gt;
  &quot;headers&quot; : &lt;/p&gt;
{
    &quot;Authorization&quot; : &quot;Basic YWRtaW46YWRtaW4=&quot;,
    &quot;Accept&quot; : &quot;application/xml&quot;,
    &quot;Cache-Control&quot; : &quot;no-cache&quot;,
    &quot;User-Agent&quot; : &quot;Apache-CXF/3.1.18&quot;,
    &quot;Connection&quot; : &quot;keep-alive&quot;,
    &quot;Host&quot; : &quot;localhost:8080&quot;,
    &quot;Pragma&quot; : &quot;no-cache&quot;,
    &quot;Content-Length&quot; : &quot;0&quot;,
    &quot;Content-Type&quot; : &quot;application/x-www-form-urlencoded&quot;
  }
&lt;p&gt;,&lt;br/&gt;
  &quot;cookies&quot; : { },&lt;br/&gt;
  &quot;browserProxyRequest&quot; : false,&lt;br/&gt;
  &quot;loggedDate&quot; : 1560905608975,&lt;br/&gt;
  &quot;bodyAsBase64&quot; : &quot;&quot;,&lt;br/&gt;
  &quot;body&quot; : &quot;&quot;,&lt;br/&gt;
  &quot;scheme&quot; : &quot;http&quot;,&lt;br/&gt;
  &quot;host&quot; : &quot;localhost&quot;,&lt;br/&gt;
  &quot;port&quot; : 8080,&lt;br/&gt;
  &quot;loggedDateString&quot; : &quot;2019-06-19T00:53:28Z&quot;,&lt;br/&gt;
  &quot;queryParams&quot; : {&lt;br/&gt;
    &quot;login&quot; : &lt;/p&gt;
{
      &quot;key&quot; : &quot;login&quot;,
      &quot;values&quot; : [ &quot;victorpasqualino&quot; ]
    }
&lt;p&gt;  }&lt;br/&gt;
}&lt;/p&gt;

&lt;p&gt;2019-06-19 01:53:29.368 Request received:&lt;br/&gt;
127.0.0.1 - POST /rest/user/5a4cfa7d-d3bd-4483-968f-b5826ec07712?login=victorpasqualino&lt;/p&gt;

&lt;p&gt;Authorization: &lt;span class=&quot;error&quot;&gt;&amp;#91;Basic YWRtaW46YWRtaW4=&amp;#93;&lt;/span&gt;&lt;br/&gt;
Accept: &lt;span class=&quot;error&quot;&gt;&amp;#91;application/xml&amp;#93;&lt;/span&gt;&lt;br/&gt;
Cache-Control: &lt;span class=&quot;error&quot;&gt;&amp;#91;no-cache&amp;#93;&lt;/span&gt;&lt;br/&gt;
User-Agent: &lt;span class=&quot;error&quot;&gt;&amp;#91;Apache-CXF/3.1.18&amp;#93;&lt;/span&gt;&lt;br/&gt;
Connection: &lt;span class=&quot;error&quot;&gt;&amp;#91;keep-alive&amp;#93;&lt;/span&gt;&lt;br/&gt;
Host: &lt;span class=&quot;error&quot;&gt;&amp;#91;localhost:8080&amp;#93;&lt;/span&gt;&lt;br/&gt;
Pragma: &lt;span class=&quot;error&quot;&gt;&amp;#91;no-cache&amp;#93;&lt;/span&gt;&lt;br/&gt;
Content-Length: &lt;span class=&quot;error&quot;&gt;&amp;#91;0&amp;#93;&lt;/span&gt;&lt;br/&gt;
Content-Type: &lt;span class=&quot;error&quot;&gt;&amp;#91;application/x-www-form-urlencoded&amp;#93;&lt;/span&gt;&lt;/p&gt;</description>
                <environment>&lt;p&gt;Linux:&lt;br/&gt;
Linux 5.1.9-arch1-1-ARCH #1 SMP PREEMPT Tue Jun 11 16:18:09 UTC 2019 x86_64 GNU/Linux&lt;/p&gt;

&lt;p&gt;Java:&lt;br/&gt;
openjdk version &quot;1.8.0_212&quot;&lt;br/&gt;
OpenJDK Runtime Environment (build 1.8.0_212-b01)&lt;br/&gt;
OpenJDK 64-Bit Server VM (build 25.212-b01, mixed mode)&lt;/p&gt;</environment>
        <key id="13240330">CXF-8059</key>
            <summary>@FormParam inside @BeanParam not working</summary>
                <type id="1" iconUrl="https://issues.apache.org/jira/secure/viewavatar?size=xsmall&amp;avatarId=21133&amp;avatarType=issuetype">Bug</type>
                                            <priority id="3" iconUrl="https://issues.apache.org/jira/images/icons/priorities/major.svg">Major</priority>
                        <status id="6" iconUrl="https://issues.apache.org/jira/images/icons/statuses/closed.png" description="The issue is considered finished, the resolution is correct. Issues which are not closed can be reopened.">Closed</status>
                    <statusCategory id="3" key="done" colorName="green"/>
                                    <resolution id="1">Fixed</resolution>
                                        <assignee username="reta">Andriy Redko</assignee>
                                    <reporter username="victorpasqualino">Victor Machado Pasqualino</reporter>
                        <labels>
                    </labels>
                <created>Wed, 19 Jun 2019 01:14:06 +0000</created>
                <updated>Wed, 14 Aug 2019 13:29:55 +0000</updated>
                            <resolved>Tue, 25 Jun 2019 12:55:35 +0000</resolved>
                                    <version>3.1.18</version>
                    <version>3.2.9</version>
                    <version>3.3.2</version>
                                    <fixVersion>3.2.10</fixVersion>
                    <fixVersion>3.3.3</fixVersion>
                                    <component>JAX-RS</component>
                        <due></due>
                            <votes>0</votes>
                                    <watches>2</watches>
                                                                <comments>
                            <comment id="16867188" author="reta" created="Wed, 19 Jun 2019 03:18:39 +0000"  >&lt;p&gt;Hi &lt;a href=&quot;https://issues.apache.org/jira/secure/ViewProfile.jspa?name=victorpasqualino&quot; class=&quot;user-hover&quot; rel=&quot;victorpasqualino&quot;&gt;Victor Machado Pasqualino&lt;/a&gt;,&lt;/p&gt;

&lt;p&gt;Could you please try Apache CXF 3.2.9 and confirm that issue is present / not present?&lt;/p&gt;

&lt;p&gt;Thank you.&lt;/p&gt;

&lt;p&gt;Best Regards,&lt;/p&gt;

&lt;p&gt;&#160;&#160;&#160; Andriy Redko&lt;/p&gt;</comment>
                            <comment id="16867394" author="victorpasqualino" created="Wed, 19 Jun 2019 08:42:02 +0000"  >&lt;p&gt;Hi &lt;a href=&quot;https://issues.apache.org/jira/secure/ViewProfile.jspa?name=reta&quot; class=&quot;user-hover&quot; rel=&quot;reta&quot;&gt;Andriy Redko&lt;/a&gt; thanks for answer my question.&lt;/p&gt;

&lt;p&gt;I tested with versions 3.2.9 and 3.3.2 with same results&lt;/p&gt;
&lt;div class=&quot;code panel&quot; style=&quot;border-width: 1px;&quot;&gt;&lt;div class=&quot;codeContent panelContent&quot;&gt;
&lt;pre class=&quot;code-java&quot;&gt;
&lt;span class=&quot;code-comment&quot;&gt;// 3.2.9
&lt;/span&gt;---------------------------
ID: 1
Address: http:&lt;span class=&quot;code-comment&quot;&gt;//localhost:8080/&lt;span class=&quot;code-keyword&quot;&gt;rest&lt;/span&gt;/user/5a4cfa7d-d3bd-4483-968f-b5826ec07712?login=victorpasqualino
&lt;/span&gt;Http-Method: POST
Content-Type: application/x-www-form-urlencoded
Headers: {Authorization=[Basic YWRtaW46YWRtaW4=], Content-Type=[application/x-www-form-urlencoded], Accept=[application/xml]}
--------------------------------------
2019-06-19 09:37:41.748 Request received:
127.0.0.1 - POST /&lt;span class=&quot;code-keyword&quot;&gt;rest&lt;/span&gt;/user/5a4cfa7d-d3bd-4483-968f-b5826ec07712?login=victorpasqualino

Authorization: [Basic YWRtaW46YWRtaW4=]
Accept: [application/xml]
Cache-Control: [no-cache]
User-Agent: [Apache-CXF/3.2.9]
Connection: [keep-alive]
Host: [localhost:8080]
Pragma: [no-cache]
Content-Length: [0]
Content-Type: [application/x-www-form-urlencoded]
&lt;/pre&gt;
&lt;/div&gt;&lt;/div&gt;
&lt;p&gt;and&lt;/p&gt;
&lt;div class=&quot;code panel&quot; style=&quot;border-width: 1px;&quot;&gt;&lt;div class=&quot;codeContent panelContent&quot;&gt;
&lt;pre class=&quot;code-java&quot;&gt;
&lt;span class=&quot;code-comment&quot;&gt;// 3.3.2
&lt;/span&gt;jun 19, 2019 9:42:32 AM org.apache.cxf.interceptor.LoggingOutInterceptor
INFO: Outbound Message
---------------------------
ID: 1
Address: http:&lt;span class=&quot;code-comment&quot;&gt;//localhost:8080/&lt;span class=&quot;code-keyword&quot;&gt;rest&lt;/span&gt;/user/5a4cfa7d-d3bd-4483-968f-b5826ec07712?login=victorpasqualino
&lt;/span&gt;Http-Method: POST
Content-Type: application/x-www-form-urlencoded
Headers: {Authorization=[Basic YWRtaW46YWRtaW4=], Content-Type=[application/x-www-form-urlencoded], Accept=[application/xml]}
--------------------------------------
2019-06-19 09:42:32.636 Request received:
127.0.0.1 - POST /&lt;span class=&quot;code-keyword&quot;&gt;rest&lt;/span&gt;/user/5a4cfa7d-d3bd-4483-968f-b5826ec07712?login=victorpasqualino

Authorization: [Basic YWRtaW46YWRtaW4=]
Accept: [application/xml]
Cache-Control: [no-cache]
User-Agent: [Apache-CXF/3.3.2]
Connection: [keep-alive]
Host: [localhost:8080]
Pragma: [no-cache]
Content-Length: [0]
Content-Type: [application/x-www-form-urlencoded]
&lt;/pre&gt;
&lt;/div&gt;&lt;/div&gt;
&lt;p&gt;&#160;Kind Regards&lt;br/&gt;
&#160;Victor Machado Pasqualino&lt;/p&gt;</comment>
                            <comment id="16867410" author="victorpasqualino" created="Wed, 19 Jun 2019 08:57:17 +0000"  >&lt;p&gt;I did some analysis and i think the problem is here:&lt;/p&gt;


&lt;div class=&quot;code panel&quot; style=&quot;border-width: 1px;&quot;&gt;&lt;div class=&quot;codeContent panelContent&quot;&gt;
&lt;pre class=&quot;code-java&quot;&gt;
&lt;span class=&quot;code-comment&quot;&gt;// code placeholder
&lt;/span&gt;org.apache.cxf.jaxrs.client.ClientProxyImpl.invoke(&lt;span class=&quot;code-object&quot;&gt;Object&lt;/span&gt; o, Method m, &lt;span class=&quot;code-object&quot;&gt;Object&lt;/span&gt;[] params) &lt;span class=&quot;code-keyword&quot;&gt;throws&lt;/span&gt; Throwable;

This code part.

&lt;span class=&quot;code-object&quot;&gt;Object&lt;/span&gt; body = &lt;span class=&quot;code-keyword&quot;&gt;null&lt;/span&gt;;
&lt;span class=&quot;code-keyword&quot;&gt;if&lt;/span&gt; (bodyIndex != -1) {
    body = params[bodyIndex];
    &lt;span class=&quot;code-keyword&quot;&gt;if&lt;/span&gt; (body == &lt;span class=&quot;code-keyword&quot;&gt;null&lt;/span&gt;) {
        bodyIndex = -1;
    }
} &lt;span class=&quot;code-keyword&quot;&gt;else&lt;/span&gt; &lt;span class=&quot;code-keyword&quot;&gt;if&lt;/span&gt; (types.containsKey(ParameterType.FORM))  {
    body = handleForm(m, params, types, beanParamsList); ---------&amp;gt; &lt;span class=&quot;code-comment&quot;&gt;// never enter here because types contains ParameterType.BEAN, calling handleForm on debug mode works
&lt;/span&gt;} &lt;span class=&quot;code-keyword&quot;&gt;else&lt;/span&gt; &lt;span class=&quot;code-keyword&quot;&gt;if&lt;/span&gt; (types.containsKey(ParameterType.REQUEST_BODY))  {
    body = handleMultipart(types, ori, params);
}&lt;/pre&gt;
&lt;/div&gt;&lt;/div&gt;</comment>
                            <comment id="16867577" author="reta" created="Wed, 19 Jun 2019 12:47:29 +0000"  >&lt;p&gt;Thanks a lot for confirming,&#160;&lt;a href=&quot;https://issues.apache.org/jira/secure/ViewProfile.jspa?name=victorpasqualino&quot; class=&quot;user-hover&quot; rel=&quot;victorpasqualino&quot;&gt;Victor Machado Pasqualino&lt;/a&gt;, yes, it is indeed an issue.&lt;/p&gt;</comment>
                            <comment id="16869871" author="reta" created="Fri, 21 Jun 2019 20:57:27 +0000"  >&lt;p&gt;Hi &lt;a href=&quot;https://issues.apache.org/jira/secure/ViewProfile.jspa?name=victorpasqualino&quot; class=&quot;user-hover&quot; rel=&quot;victorpasqualino&quot;&gt;Victor Machado Pasqualino&lt;/a&gt;,&lt;/p&gt;

&lt;p&gt;The fix went into latest shapshots for 3.2.x / 3.3.x (the 3.1.x is not supported anymore), could you please give it a try? You could use &lt;a href=&quot;https://repository.apache.org/snapshots/&quot; class=&quot;external-link&quot; rel=&quot;nofollow&quot;&gt;https://repository.apache.org/snapshots/&lt;/a&gt; to fetch the artifacts. Thank you.&lt;/p&gt;

&lt;p&gt;Best Regards,&lt;/p&gt;

&lt;p&gt;&#160;&#160;&#160; Andriy Redko&lt;/p&gt;</comment>
                            <comment id="16871030" author="victorpasqualino" created="Mon, 24 Jun 2019 09:57:22 +0000"  >&lt;p&gt;Hi &lt;a href=&quot;https://issues.apache.org/jira/secure/ViewProfile.jspa?name=reta&quot; class=&quot;user-hover&quot; rel=&quot;reta&quot;&gt;Andriy Redko&lt;/a&gt;,&lt;/p&gt;

&lt;p&gt;Sorry for delay, i did some tests and now is fine. Thanks for fast correction.&lt;/p&gt;

&lt;p&gt;&#160;&lt;/p&gt;
&lt;div class=&quot;code panel&quot; style=&quot;border-width: 1px;&quot;&gt;&lt;div class=&quot;codeContent panelContent&quot;&gt;
&lt;pre class=&quot;code-java&quot;&gt;
ID: 1
Address: http:&lt;span class=&quot;code-comment&quot;&gt;//localhost:8080/&lt;span class=&quot;code-keyword&quot;&gt;rest&lt;/span&gt;/user/5a4cfa7d-d3bd-4483-968f-b5826ec07712?login=victorpasqualino
&lt;/span&gt;Http-Method: POST
Content-Type: application/x-www-form-urlencoded
Headers: {Authorization=[Basic YWRtaW46YWRtaW4=], Content-Type=[application/x-www-form-urlencoded], Accept=[application/xml]}
Payload: name=Victor+Machado+Pasqualino
--------------------------------------
&lt;/pre&gt;
&lt;/div&gt;&lt;/div&gt;
&lt;p&gt;Kind Regards,&lt;br/&gt;
&#160;&#160; Victor Pasqualino&lt;/p&gt;</comment>
                            <comment id="16872328" author="reta" created="Tue, 25 Jun 2019 12:55:27 +0000"  >&lt;p&gt;Thank you, &lt;a href=&quot;https://issues.apache.org/jira/secure/ViewProfile.jspa?name=victorpasqualino&quot; class=&quot;user-hover&quot; rel=&quot;victorpasqualino&quot;&gt;Victor Machado Pasqualino&lt;/a&gt;&lt;/p&gt;</comment>
                    </comments>
                    <attachments>
                    </attachments>
                <subtasks>
                    </subtasks>
                <customfields>
                                                                            <customfield id="customfield_12310310" key="com.atlassian.jira.toolkit:attachments">
                        <customfieldname>Attachment count</customfieldname>
                        <customfieldvalues>
                            <customfieldvalue>0.0</customfieldvalue>
                        </customfieldvalues>
                    </customfield>
                                                                                                                                                                                                                                                                                                                                                                                                                                                                                                                                                                                                                                                                                                                                    <customfield id="customfield_12310220" key="com.atlassian.jira.ext.charting:firstresponsedate">
                        <customfieldname>Date of First Response</customfieldname>
                        <customfieldvalues>
                            <customfieldvalue>Wed, 19 Jun 2019 03:18:39 +0000</customfieldvalue>

                        </customfieldvalues>
                    </customfield>
                                                                <customfield id="customfield_12314020" key="com.atlassian.jira.plugins.jira-development-integration-plugin:devsummary">
                        <customfieldname>Development</customfieldname>
                        <customfieldvalues>
                            
                        </customfieldvalues>
                    </customfield>
                                                                                                                        <customfield id="customfield_12313422" key="com.atlassian.jirafisheyeplugin:jobcheckbox">
                        <customfieldname>Enable Automatic Patch Review</customfieldname>
                        <customfieldvalues>
                            <customfieldvalue><![CDATA[false]]></customfieldvalue>

                        </customfieldvalues>
                    </customfield>
                                                                                                                        <customfield id="customfield_12310060" key="com.atlassian.jira.plugin.system.customfieldtypes:select">
                        <customfieldname>Estimated Complexity</customfieldname>
                        <customfieldvalues>
                                <customfieldvalue key="10060"><![CDATA[Unknown]]></customfieldvalue>

                        </customfieldvalues>
                    </customfield>
                                                                                                                                                                                                                                                                                                                                                                                                                                                                                                                                                                                        <customfield id="customfield_12310420" key="com.pyxis.greenhopper.jira:gh-global-rank">
                        <customfieldname>Global Rank</customfieldname>
                        <customfieldvalues>
                            <customfieldvalue>9223372036854775807</customfieldvalue>
                        </customfieldvalues>
                    </customfield>
                                                                                                                                                                                                            <customfield id="customfield_12312521" key="com.atlassian.jira.toolkit:LastCommentDate">
                        <customfieldname>Last public comment date</customfieldname>
                        <customfieldvalues>
                            33 weeks, 4 days ago
                        </customfieldvalues>
                    </customfield>
                                                                                                                                                                                                            <customfield id="customfield_12311820" key="com.pyxis.greenhopper.jira:gh-lexo-rank">
                        <customfieldname>Rank</customfieldname>
                        <customfieldvalues>
                            <customfieldvalue>0|z03vwo:</customfieldvalue>

                        </customfieldvalues>
                    </customfield>
                                                                <customfield id="customfield_12310920" key="com.pyxis.greenhopper.jira:gh-global-rank">
                        <customfieldname>Rank (Obsolete)</customfieldname>
                        <customfieldvalues>
                            <customfieldvalue>9223372036854775807</customfieldvalue>
                        </customfieldvalues>
                    </customfield>
                                                                                                                                                                                                                                                                                                                                                                                                                                                                                                                                                                                                                                                                            <customfield id="customfield_12310222" key="com.atlassian.jira.ext.charting:timeinstatus">
                        <customfieldname>Time in Status</customfieldname>
                        <customfieldvalues>
                            
                        </customfieldvalues>
                    </customfield>
                                                                                            </customfields>
    </item>


<item>
            <title>[CXF-8055] AsyncHTTPConduit should also consider jaxws spec timeout properties</title>
                <link>https://issues.apache.org/jira/browse/CXF-8055</link>
                <project id="12310511" key="CXF">CXF</project>
                    <description>&lt;p&gt;like&lt;br/&gt;
&quot;javax.xml.ws.client.connectionTimeout&quot;&lt;br/&gt;
&quot;javax.xml.ws.client.receiveTimeout&quot;&lt;/p&gt;</description>
                <environment></environment>
        <key id="13239354">CXF-8055</key>
            <summary>AsyncHTTPConduit should also consider jaxws spec timeout properties</summary>
                <type id="1" iconUrl="https://issues.apache.org/jira/secure/viewavatar?size=xsmall&amp;avatarId=21133&amp;avatarType=issuetype">Bug</type>
                                            <priority id="3" iconUrl="https://issues.apache.org/jira/images/icons/priorities/major.svg">Major</priority>
                        <status id="6" iconUrl="https://issues.apache.org/jira/images/icons/statuses/closed.png" description="The issue is considered finished, the resolution is correct. Issues which are not closed can be reopened.">Closed</status>
                    <statusCategory id="3" key="done" colorName="green"/>
                                    <resolution id="1">Fixed</resolution>
                                        <assignee username="ffang">Freeman Yue Fang</assignee>
                                    <reporter username="ffang">Freeman Yue Fang</reporter>
                        <labels>
                    </labels>
                <created>Thu, 13 Jun 2019 19:22:58 +0000</created>
                <updated>Wed, 14 Aug 2019 13:29:55 +0000</updated>
                            <resolved>Thu, 13 Jun 2019 20:18:49 +0000</resolved>
                                                    <fixVersion>3.2.10</fixVersion>
                    <fixVersion>3.3.3</fixVersion>
                                        <due></due>
                            <votes>0</votes>
                                    <watches>1</watches>
                                                                    <issuelinks>
                            <issuelinktype id="10030">
                    <name>Reference</name>
                                            <outwardlinks description="relates to">
                                        <issuelink>
            <issuekey id="13016032">CXF-7112</issuekey>
        </issuelink>
                            </outwardlinks>
                                                        </issuelinktype>
                    </issuelinks>
                <attachments>
                    </attachments>
                <subtasks>
                    </subtasks>
                <customfields>
                                                                            <customfield id="customfield_12310310" key="com.atlassian.jira.toolkit:attachments">
                        <customfieldname>Attachment count</customfieldname>
                        <customfieldvalues>
                            <customfieldvalue>0.0</customfieldvalue>
                        </customfieldvalues>
                    </customfield>
                                                                                                                                                                                                                                                                                                                                                                                                                                                                                                                                                                                                                                                                                                                                                                <customfield id="customfield_12314020" key="com.atlassian.jira.plugins.jira-development-integration-plugin:devsummary">
                        <customfieldname>Development</customfieldname>
                        <customfieldvalues>
                            
                        </customfieldvalues>
                    </customfield>
                                                                                                                        <customfield id="customfield_12313422" key="com.atlassian.jirafisheyeplugin:jobcheckbox">
                        <customfieldname>Enable Automatic Patch Review</customfieldname>
                        <customfieldvalues>
                            <customfieldvalue><![CDATA[false]]></customfieldvalue>

                        </customfieldvalues>
                    </customfield>
                                                                                                                        <customfield id="customfield_12310060" key="com.atlassian.jira.plugin.system.customfieldtypes:select">
                        <customfieldname>Estimated Complexity</customfieldname>
                        <customfieldvalues>
                                <customfieldvalue key="10060"><![CDATA[Unknown]]></customfieldvalue>

                        </customfieldvalues>
                    </customfield>
                                                                                                                                                                                                                                                                                                                                                                                                                                                                                                                                                                                        <customfield id="customfield_12310420" key="com.pyxis.greenhopper.jira:gh-global-rank">
                        <customfieldname>Global Rank</customfieldname>
                        <customfieldvalues>
                            <customfieldvalue>9223372036854775807</customfieldvalue>
                        </customfieldvalues>
                    </customfield>
                                                                                                                                                                                                            <customfield id="customfield_12312521" key="com.atlassian.jira.toolkit:LastCommentDate">
                        <customfieldname>Last public comment date</customfieldname>
                        <customfieldvalues>
                            35 weeks, 2 days ago
                        </customfieldvalues>
                    </customfield>
                                                                                                                                                                                                            <customfield id="customfield_12311820" key="com.pyxis.greenhopper.jira:gh-lexo-rank">
                        <customfieldname>Rank</customfieldname>
                        <customfieldvalues>
                            <customfieldvalue>0|z03pwg:</customfieldvalue>

                        </customfieldvalues>
                    </customfield>
                                                                <customfield id="customfield_12310920" key="com.pyxis.greenhopper.jira:gh-global-rank">
                        <customfieldname>Rank (Obsolete)</customfieldname>
                        <customfieldvalues>
                            <customfieldvalue>9223372036854775807</customfieldvalue>
                        </customfieldvalues>
                    </customfield>
                                                                                                                                                                                                                                                                                                                                                                                                                                                                                                                                                                                                                                                                            <customfield id="customfield_12310222" key="com.atlassian.jira.ext.charting:timeinstatus">
                        <customfieldname>Time in Status</customfieldname>
                        <customfieldvalues>
                            
                        </customfieldvalues>
                    </customfield>
                                                                                            </customfields>
    </item>
</channel>
</rss>