<!--
RSS generated by JIRA (6.2#6252-sha1:aa343257d4ce030d9cb8c531be520be9fac1c996) at Thu Mar 27 21:23:34 UTC 2014

It is possible to restrict the fields that are returned in this document by specifying the 'field' parameter in your request.
For example, to request only the issue key and summary add field=key&field=summary to the URL of your request.
For example:
https://issues.apache.org/jira/sr/jira.issueviews:searchrequest-xml/temp/SearchRequest.xml?jqlQuery=project+%3D+CXF+AND+issuetype+%3D+Bug+AND+created+%3E%3D+2006-8-1+AND+created+%3C%3D+2006-9-1+ORDER+BY+key+ASC&tempMax=100&field=key&field=summary
-->
<!-- If you wish to do custom client-side styling of RSS, uncomment this:
<?xml-stylesheet href="https://issues.apache.org/jira/styles/jiraxml2html.xsl" type="text/xsl"?>
-->
<rss version="0.92">
    <channel>
        <title>ASF JIRA</title>
        <link>https://issues.apache.org/jira/secure/IssueNavigator.jspa?reset=true&amp;jqlQuery=project+%3D+CXF+AND+issuetype+%3D+Bug+AND+created+%3E%3D+2006-8-1+AND+created+%3C%3D+2006-9-1+ORDER+BY+key+ASC</link>
        <description>An XML representation of a search request</description>
                <language>en-uk</language>
                        <issue start="0" end="1" total="1"/>
                <build-info>
            <version>6.2</version>
            <build-number>6252</build-number>
            <build-date>19-02-2014</build-date>
        </build-info>
<item>
            <title>[CXF-6] jaxws-api, jsr181-api should be optional in cxf-common pom</title>
                <link>https://issues.apache.org/jira/browse/CXF-6</link>
                <project id="12310511" key="CXF">CXF</project>
                    <description>&lt;p&gt;We should declare jaxws-api and jsr181-api as &quot;optional&quot; or &quot;provided&quot; in the cxf-common pom right now. It is completely possible now for modules like the soap to depend on jax-ws. And they do. In several places classes throw WebServiceExceptions instead of our own internal exceptions.&lt;/p&gt;</description>
                <environment></environment>
        <key id="12348950">CXF-6</key>
            <summary>jaxws-api, jsr181-api should be optional in cxf-common pom</summary>
                <type id="1" iconUrl="https://issues.apache.org/jira/images/icons/issuetypes/bug.png">Bug</type>
                                            <priority id="3" iconUrl="https://issues.apache.org/jira/images/icons/priorities/major.png">Major</priority>
                        <status id="6" iconUrl="https://issues.apache.org/jira/images/icons/statuses/closed.png" description="The issue is considered finished, the resolution is correct. Issues which are closed can be reopened.">Closed</status>
                    <statusCategory id="3" key="done" colorName="green"/>
                                    <resolution id="1">Fixed</resolution>
                                        <assignee username="dkulp">Daniel Kulp</assignee>
                                    <reporter username="dkulp">Daniel Kulp</reporter>
                        <labels>
                    </labels>
                <created>Wed, 30 Aug 2006 22:40:20 +0100</created>
                <updated>Wed, 30 Apr 2008 15:57:10 +0100</updated>
                            <resolved>Tue, 19 Feb 2008 17:07:31 +0000</resolved>
                                                    <fixVersion>2.1</fixVersion>
                                    <component>Build system</component>
                        <due></due>
                            <votes>0</votes>
                                    <watches>0</watches>
                                                                <comments>
                            <comment id="12434236" author="dkulp" created="Tue, 12 Sep 2006 20:27:14 +0100"  >&lt;p&gt;I&apos;ve made the &quot;jaxws-api&quot; dependency &quot;provided&quot; in many places and removed the dependencies for api and rt/core.   That&apos;s a start.    Still need to do the jsr181 and jsr250 jars.&lt;/p&gt;
</comment>
                            <comment id="12490779" author="dandiep" created="Mon, 23 Apr 2007 05:06:46 +0100"  >&lt;p&gt;Moving these issues to 2.1 as I don&apos;t think we&apos;ll get them for 2.0. Feel free to switch reschedule if you feel appropriate.&lt;/p&gt;</comment>
                    </comments>
                    <attachments>
                    </attachments>
                <subtasks>
                    </subtasks>
                <customfields>
                                                <customfield id="customfield_12310310" key="com.atlassian.jira.toolkit:attachments">
                        <customfieldname>Attachment count</customfieldname>
                        <customfieldvalues>
                            <customfieldvalue>0.0</customfieldvalue>
                        </customfieldvalues>
                    </customfield>
                                                                                                                        <customfield id="customfield_12310220" key="com.atlassian.jira.ext.charting:firstresponsedate">
                        <customfieldname>Date of First Response</customfieldname>
                        <customfieldvalues>
                            <customfieldvalue>Mon, 23 Apr 2007 04:06:46 +0000</customfieldvalue>

                        </customfieldvalues>
                    </customfield>
                                                                                                                                                                                <customfield id="customfield_12310420" key="com.pyxis.greenhopper.jira:gh-global-rank">
                        <customfieldname>Global Rank</customfieldname>
                        <customfieldvalues>
                            <customfieldvalue>110881</customfieldvalue>
                        </customfieldvalues>
                    </customfield>
                                                                <customfield id="customfield_12310920" key="com.pyxis.greenhopper.jira:gh-global-rank">
                        <customfieldname>Rank</customfieldname>
                        <customfieldvalues>
                            <customfieldvalue>179262</customfieldvalue>
                        </customfieldvalues>
                    </customfield>
                                                                                                                        <customfield id="customfield_12310222" key="com.atlassian.jira.ext.charting:timeinstatus">
                        <customfieldname>Time in Status</customfieldname>
                        <customfieldvalues>
                            
                        </customfieldvalues>
                    </customfield>
                                    </customfields>
    </item>
</channel>
</rss>
