file,bugChurn,rank
org.apache.hadoop.fs.HarFileSystem_java,2087,1
org.apache.hadoop.tools.HadoopArchives_java,903,2
org.apache.hadoop.fs.FileSystem_java,751,3
org.apache.hadoop.ipc.Client_java,658,4
org.apache.hadoop.security.UserGroupInformation_java,625,5
org.apache.hadoop.fs.FsShell_java,442,6
org.apache.hadoop.security.SecurityUtil_java,431,7
org.apache.hadoop.fs.FileContext_java,428,8
org.apache.hadoop.conf.Configuration_java,420,9
org.apache.hadoop.ipc.Server_java,358,10
org.apache.hadoop.metrics2.sink.ganglia.AbstractGangliaSink_java,288,11
org.apache.hadoop.net.NetUtils_java,261,12
org.apache.hadoop.fs.CreateFlag_java,257,13
org.apache.hadoop.metrics2.sink.ganglia.GangliaSink30_java,255,14
org.apache.hadoop.io.SequenceFile_java,242,15
org.apache.hadoop.fs.CommonConfigurationKeysPublic_java,227,16
org.apache.hadoop.fs.FileSystemTestHelper_java,197,17
org.apache.hadoop.fs.CommonConfigurationKeys_java,177,18
org.apache.hadoop.fs.GlobPattern_java,169,19
org.apache.hadoop.fs.LocalDirAllocator_java,168,20
org.apache.hadoop.fs.shell.CommandWithDestination_java,142,21
org.apache.hadoop.security.authorize.AccessControlList_java,137,22
org.apache.hadoop.fs.FSInputChecker_java,129,23
org.apache.hadoop.fs.FileContextUtilBase_java,116,24
org.apache.hadoop.security.token.delegation.AbstractDelegationTokenSecretManager_java,115,25
org.apache.hadoop.fs.permission.FsPermission_java,115,25
org.apache.hadoop.fs.RawLocalFileSystem_java,115,25
org.apache.hadoop.fs.viewfs.ViewFileSystem_java,110,28
org.apache.hadoop.fs.Trash_java,107,29
org.apache.hadoop.metrics2.sink.ganglia.GangliaSink31_java,103,30
org.apache.hadoop.fs.shell.Command_java,102,31
org.apache.hadoop.fs.FileUtil_java,98,32
org.apache.hadoop.security.authorize.ServiceAuthorizationManager_java,97,33
org.apache.hadoop.metrics2.sink.ganglia.GangliaConf_java,95,34
org.apache.hadoop.metrics2.sink.ganglia.GangliaMetricVisitor_java,95,34
org.apache.hadoop.fs.viewfs.ViewFileSystemTestSetup_java,93,36
org.apache.hadoop.fs.shell.CopyCommands_java,91,37
org.apache.hadoop.fs.DF_java,87,38
org.apache.hadoop.security.NetUtilsTestResolver_java,85,39
org.apache.hadoop.jmx.JMXJsonServlet_java,80,40
org.apache.hadoop.io.UTF8_java,76,41
org.apache.hadoop.io.serializer.WritableSerialization_java,75,42
org.apache.hadoop.io.serializer.avro.AvroSerialization_java,71,43
org.apache.hadoop.ipc.WritableRpcEngine_java,67,44
org.apache.hadoop.fs.FilterFileSystem_java,67,44
org.apache.hadoop.fs.FsShellPermissions_java,66,46
org.apache.hadoop.fs.ChecksumFs_java,66,46
org.apache.hadoop.io.serializer.SerializationFactory_java,65,48
org.apache.hadoop.fs.FileStatus_java,62,49
org.apache.hadoop.fs.GlobFilter_java,61,50
org.apache.hadoop.fs.AbstractFileSystem_java,60,51
org.apache.hadoop.io.serializer.JavaSerialization_java,58,52
org.apache.hadoop.security.ManualTestKeytabLogins_java,57,53
org.apache.hadoop.io.MapFile_java,52,54
org.apache.hadoop.fs.FilterFs_java,50,55
org.apache.hadoop.io.compress.CompressionCodecFactory_java,49,56
org.apache.hadoop.io.BloomMapFile_java,48,57
org.apache.hadoop.fs.shell.CommandFormat_java,47,58
org.apache.hadoop.fs.ChecksumFileSystem_java,47,58
org.apache.hadoop.fs.viewfs.ConfigUtil_java,47,58
org.apache.hadoop.security.User_java,45,61
org.apache.hadoop.fs.shell.CommandFactory_java,44,62
org.apache.hadoop.fs.s3native.NativeS3FileSystem_java,43,63
org.apache.hadoop.fs.RemoteIterator_java,42,64
org.apache.hadoop.metrics2.sink.ganglia.GangliaMetricsTestHelper_java,39,65
org.apache.hadoop.metrics2.util.MetricsCache_java,36,66
org.apache.hadoop.security.Credentials_java,36,66
org.apache.hadoop.io.compress.DoNotPool_java,35,68
org.apache.hadoop.io.WritableComparator_java,35,68
org.apache.hadoop.net.StaticMapping_java,32,70
org.apache.hadoop.io.WritableComparable_java,30,71
org.apache.hadoop.net.CachedDNSToSwitchMapping_java,29,72
org.apache.hadoop.io.serializer.SerializationTestUtil_java,28,73
org.apache.hadoop.ipc.ProtocolSignature_java,28,73
org.apache.hadoop.io.DefaultStringifier_java,28,73
org.apache.hadoop.io.SecureIOUtils_java,27,76
org.apache.hadoop.security.AuthenticationFilterInitializer_java,26,77
org.apache.hadoop.security.token.delegation.AbstractDelegationTokenIdentifier_java,26,77
org.apache.hadoop.ipc.ProtobufRpcEngine_java,26,77
org.apache.hadoop.io.compress.Decompressor_java,25,80
org.apache.hadoop.security.authorize.ProxyUsers_java,24,81
org.apache.hadoop.ipc.RPC_java,24,81
org.apache.hadoop.io.serializer.avro.AvroSpecificSerialization_java,23,83
org.apache.hadoop.io.serializer.avro.AvroReflectSerialization_java,22,84
org.apache.hadoop.fs.FileContextPermissionBase_java,21,85
org.apache.hadoop.fs.Path_java,21,85
org.apache.hadoop.metrics2.lib.DefaultMetricsSystem_java,21,85
org.apache.hadoop.io.compress.SnappyCodec_java,20,88
org.apache.hadoop.net.DNSToSwitchMapping_java,20,88
org.apache.hadoop.io.RandomDatum_java,19,90
org.apache.hadoop.fs.FileContextTestHelper_java,19,90
org.apache.hadoop.io.IOUtils_java,18,92
org.apache.hadoop.io.compress.BlockDecompressorStream_java,18,92
org.apache.hadoop.io.IntWritable_java,18,92
org.apache.hadoop.security.HadoopKerberosName_java,17,95
org.apache.hadoop.security.Groups_java,16,96
org.apache.hadoop.fs.permission.UmaskParser_java,16,96
org.apache.hadoop.fs.viewfs.ViewFs_java,16,96
org.apache.hadoop.fs.shell.FsCommand_java,15,99
org.apache.hadoop.ipc.ProtobufHelper_java,15,99
org.apache.hadoop.fs.viewfs.InodeTree_java,15,99
org.apache.hadoop.net.ScriptBasedMapping_java,14,102
org.apache.hadoop.fs.ftp.FTPFileSystem_java,14,102
org.apache.hadoop.fs.shell.Delete_java,14,102
org.apache.hadoop.fs.shell.Count_java,14,102
org.apache.hadoop.io.LongWritable_java,13,106
org.apache.hadoop.io.compress.DefaultCodec_java,13,106
org.apache.hadoop.fs.shell.PathData_java,13,106
org.apache.hadoop.util.GenericOptionsParser_java,12,109
org.apache.hadoop.security.authentication.server.AuthenticationToken_java,12,109
org.apache.hadoop.io.DoubleWritable_java,12,109
org.apache.hadoop.util.ReflectionUtils_java,12,109
org.apache.hadoop.io.SetFile_java,12,109
org.apache.hadoop.io.VIntWritable_java,12,109
org.apache.hadoop.io.FloatWritable_java,12,109
org.apache.hadoop.io.NullWritable_java,12,109
org.apache.hadoop.io.compress.bzip2.CBZip2OutputStream_java,11,117
org.apache.hadoop.security.authentication.server.KerberosAuthenticationHandler_java,11,117
org.apache.hadoop.io.ByteWritable_java,11,117
org.apache.hadoop.io.nativeio.NativeIO_java,11,117
org.apache.hadoop.io.BooleanWritable_java,11,117
org.apache.hadoop.security.ShellBasedUnixGroupsMapping_java,11,117
org.apache.hadoop.net.StandardSocketFactory_java,11,117
org.apache.hadoop.io.VLongWritable_java,10,124
org.apache.hadoop.io.compress.zlib.BuiltInZlibDeflater_java,10,124
org.apache.hadoop.io.compress.zlib.ZlibCompressor_java,9,126
org.apache.hadoop.fs.viewfs.ChRootedFileSystem_java,9,126
org.apache.hadoop.io.WritableUtils_java,9,126
org.apache.hadoop.ipc.RpcEngine_java,9,126
org.apache.hadoop.io.retry.RetryInvocationHandler_java,9,126
org.apache.hadoop.security.authentication.util.KerberosName_java,9,126
org.apache.hadoop.classification.InterfaceAudience_java,8,132
org.apache.hadoop.io.compress.CodecPool_java,8,132
org.apache.hadoop.util.Shell_java,8,132
org.apache.hadoop.util.Tool_java,7,135
org.apache.hadoop.io.serializer.DeserializerComparator_java,7,135
org.apache.hadoop.security.authentication.client.KerberosAuthenticator_java,7,135
org.apache.hadoop.net.SocketIOWithTimeout_java,6,138
org.apache.hadoop.security.token.Token_java,6,138
org.apache.hadoop.security.RefreshUserMappingsProtocol_java,6,138
org.apache.hadoop.classification.tools.package-info_java,6,138
org.apache.hadoop.fs.viewfs.Constants_java,6,138
org.apache.hadoop.conf.ConfServlet_java,6,138
org.apache.hadoop.security.authorize.RefreshAuthorizationPolicyProtocol_java,4,144
org.apache.hadoop.fs.shell.Display_java,4,144
org.apache.hadoop.fs.shell.SetReplication_java,4,144
org.apache.hadoop.security.SaslRpcServer_java,4,144
org.apache.hadoop.io.MD5Hash_java,4,144
org.apache.hadoop.security.token.delegation.AbstractDelegationTokenSelector_java,4,144
org.apache.hadoop.fs.shell.FsUsage_java,4,144
org.apache.hadoop.security.token.delegation.DelegationKey_java,4,144
org.apache.hadoop.io.BytesWritable_java,4,144
org.apache.hadoop.io.compress.GzipCodec_java,4,144
org.apache.hadoop.hdfs.server.namenode.JournalSet_java,3,154
org.apache.hadoop.util.StringUtils_java,3,154
org.apache.hadoop.io.BinaryComparable_java,3,154
org.apache.hadoop.fs.loadGenerator.DataGenerator_java,3,154
org.apache.hadoop.io.compress.zlib.ZlibFactory_java,3,154
org.apache.hadoop.fs.FileContextURIBase_java,3,154
org.apache.hadoop.fs.UnresolvedLinkException_java,3,154
org.apache.hadoop.security.token.SecretManager_java,3,154
org.apache.hadoop.fs.loadGenerator.LoadGenerator_java,3,154
org.apache.hadoop.io.compress.BZip2Codec_java,2,163
org.apache.hadoop.fs.UnsupportedFileSystemException_java,2,163
org.apache.hadoop.net.SocketInputStream_java,2,163
org.apache.hadoop.fs.FSDataInputStream_java,2,163
org.apache.hadoop.io.compress.zlib.BuiltInGzipDecompressor_java,2,163
org.apache.hadoop.ipc.MiniRPCBenchmark_java,2,163
org.apache.hadoop.fs.shell.Ls_java,2,163
org.apache.hadoop.io.file.tfile.TFile_java,2,163
org.apache.hadoop.fs.permission.PermissionParser_java,2,163
org.apache.hadoop.io.Text_java,2,163
org.apache.hadoop.fs.shell.Tail_java,2,163
org.apache.hadoop.io.ArrayFile_java,2,163
org.apache.hadoop.fs.shell.MoveCommands_java,2,163
org.apache.hadoop.ipc.VersionedProtocol_java,2,163
org.apache.hadoop.fs.shell.Mkdir_java,2,163
org.apache.hadoop.fs.shell.Stat_java,2,163
org.apache.hadoop.util.bloom.Key_java,2,163
org.apache.hadoop.io.serializer.Deserializer_java,1,180
org.apache.hadoop.io.serializer.Serialization_java,1,180
