file,bugChurn,rank
org.apache.hadoop.http.HttpServer2_java,1220,1
org.apache.hadoop.mapreduce.util.ConfigUtil_java,953,2
org.apache.hadoop.crypto.key.KeyShell_java,717,3
org.apache.hadoop.crypto.key.JavaKeyStoreProvider_java,637,4
org.apache.hadoop.conf.Configuration_java,636,5
org.apache.hadoop.crypto.key.KeyProvider_java,492,6
org.apache.hadoop.fs.Globber_java,488,7
org.apache.hadoop.util.ComparableVersion_java,479,8
org.apache.hadoop.fs.HarFileSystem_java,350,9
org.apache.hadoop.security.ssl.KeyStoreTestUtil_java,267,10
org.apache.hadoop.security.token.delegation.ZKDelegationTokenSecretManager_java,234,11
org.apache.hadoop.security.token.delegation.web.DelegationTokenAuthenticatedURL_java,232,12
org.apache.hadoop.util.ZKUtil_java,206,13
org.apache.hadoop.fs.loadGenerator.LoadGenerator_java,198,14
org.apache.hadoop.fs.shell.CommandWithDestination_java,195,15
org.apache.hadoop.fs.s3a.S3AFileSystem_java,193,16
org.apache.hadoop.fs.permission.AclEntry_java,191,17
org.apache.hadoop.ipc.Server_java,190,18
org.apache.hadoop.fs.FileContext_java,182,19
org.apache.hadoop.hdfs.server.namenode.FSImageFormat_java,179,20
org.apache.hadoop.security.SaslRpcClient_java,175,21
org.apache.hadoop.fs.shell.AclCommands_java,155,22
org.apache.hadoop.crypto.key.kms.KMSClientProvider_java,151,23
org.apache.hadoop.crypto.key.UserProvider_java,150,24
org.apache.hadoop.hdfs.server.namenode.FSEditLogLoader_java,144,25
org.apache.hadoop.security.UserGroupInformation_java,141,26
org.apache.hadoop.fs.contract.ContractTestUtils_java,139,27
org.apache.hadoop.security.authentication.client.AuthenticatorTestCase_java,138,28
org.apache.hadoop.fs.FileSystem_java,125,29
org.apache.hadoop.security.token.delegation.AbstractDelegationTokenSecretManager_java,119,30
org.apache.hadoop.hdfs.HdfsConfiguration_java,118,31
org.apache.hadoop.security.token.delegation.web.DelegationTokenAuthenticator_java,113,32
org.apache.hadoop.util.LimitInputStream_java,109,33
org.apache.hadoop.util.VersionUtil_java,106,34
org.apache.hadoop.mapreduce.v2.util.MRWebAppUtil_java,104,35
org.apache.hadoop.security.authentication.server.KerberosAuthenticationHandler_java,96,36
org.apache.hadoop.fs.viewfs.ViewFs_java,94,37
org.apache.hadoop.util.Shell_java,93,38
org.apache.hadoop.fs.s3a.scale.S3AScaleTestBase_java,89,39
org.apache.hadoop.ipc.Client_java,89,39
org.apache.hadoop.fs.HardLink_java,86,41
org.apache.hadoop.fs.RawLocalFileSystem_java,86,41
org.apache.hadoop.security.token.delegation.web.DelegationTokenAuthenticationHandler_java,84,43
org.apache.hadoop.fs.FileUtil_java,84,43
org.apache.hadoop.crypto.key.kms.server.KMS_java,82,45
org.apache.hadoop.crypto.key.FailureInjectingJavaKeyStoreProvider_java,80,46
org.apache.hadoop.crypto.key.KeyProviderFactory_java,76,47
org.apache.hadoop.security.alias.CredentialShell_java,75,48
org.apache.hadoop.ha.ZKFailoverController_java,73,49
org.apache.hadoop.tools.SimpleCopyListing_java,72,50
org.apache.hadoop.security.ssl.FileBasedKeyStoresFactory_java,71,51
org.apache.hadoop.hdfs.DFSUtil_java,69,52
org.apache.hadoop.mapreduce.v2.app.MRAppMaster_java,69,52
org.apache.hadoop.security.authentication.server.AuthenticationFilter_java,62,54
org.apache.hadoop.crypto.key.KeyProviderCryptoExtension_java,60,55
org.apache.hadoop.security.token.delegation.web.DelegationTokenManager_java,60,55
org.apache.hadoop.minikdc.MiniKdc_java,59,57
org.apache.hadoop.util.ApplicationClassLoader_java,58,58
org.apache.hadoop.ipc.metrics.RpcMetrics_java,56,59
org.apache.hadoop.security.token.delegation.AbstractDelegationTokenIdentifier_java,56,59
org.apache.hadoop.io.compress.CompressionCodec_java,55,61
org.apache.hadoop.security.token.Token_java,53,62
org.apache.hadoop.fs.s3a.S3ATestUtils_java,51,63
org.apache.hadoop.fs.azure.NativeAzureFileSystem_java,51,63
org.apache.hadoop.io.MapFile_java,49,65
org.apache.hadoop.security.Groups_java,45,66
org.apache.hadoop.fs.Path_java,44,67
org.apache.hadoop.fs.local.RawLocalFs_java,43,68
org.apache.hadoop.fs.s3a.Constants_java,43,68
org.apache.hadoop.metrics2.impl.MetricsSystemImpl_java,43,68
org.apache.hadoop.fs.viewfs.ViewFileSystem_java,42,71
org.apache.hadoop.ipc.WritableRpcEngine_java,41,72
org.apache.hadoop.hdfs.server.namenode.NameNode_java,39,73
org.apache.hadoop.io.WritableComparator_java,39,73
org.apache.hadoop.metrics2.sink.GraphiteSink_java,38,75
org.apache.hadoop.fs.shell.Ls_java,38,75
org.apache.hadoop.fs.s3a.S3AInputStream_java,38,75
org.apache.hadoop.hdfs.nfs.nfs3.Nfs3Utils_java,37,78
org.apache.hadoop.fs.shell.CopyCommands_java,35,79
org.apache.hadoop.hdfs.HAUtil_java,35,79
org.apache.hadoop.fs.viewfs.ChRootedFs_java,34,81
org.apache.hadoop.util.NativeCrc32_java,33,82
org.apache.hadoop.util.JarFinder_java,31,83
org.apache.hadoop.http.HttpConfig_java,30,84
org.apache.hadoop.net.NetworkTopology_java,30,84
org.apache.hadoop.io.compress.zlib.ZlibDecompressor_java,30,84
org.apache.hadoop.tools.mapred.CopyCommitter_java,30,84
org.apache.hadoop.nfs.nfs3.Nfs3FileAttributes_java,29,88
org.apache.hadoop.ipc.ProtobufRpcEngine_java,29,88
org.apache.hadoop.net.unix.DomainSocketWatcher_java,29,88
org.apache.hadoop.security.authentication.server.PseudoAuthenticationHandler_java,29,88
org.apache.hadoop.ipc.RetryCache_java,28,92
org.apache.hadoop.util.VersionInfo_java,27,93
org.apache.hadoop.io.compress.snappy.SnappyDecompressor_java,26,94
org.apache.hadoop.crypto.key.kms.server.KMSAudit_java,25,95
org.apache.hadoop.security.token.delegation.web.DelegationTokenAuthenticationFilter_java,25,95
org.apache.hadoop.crypto.key.kms.server.MiniKMS_java,24,97
org.apache.hadoop.io.compress.snappy.SnappyCompressor_java,24,97
org.apache.hadoop.io.compress.zlib.ZlibCompressor_java,24,97
org.apache.hadoop.fs.DF_java,23,100
org.apache.hadoop.ha.HealthMonitor_java,23,100
org.apache.hadoop.mapred.join.WrappedRecordReader_java,23,100
org.apache.hadoop.hdfs.security.token.delegation.DelegationTokenSecretManager_java,22,103
org.apache.hadoop.security.SecurityUtil_java,22,103
org.apache.hadoop.tools.DistCpOptions_java,22,103
org.apache.hadoop.crypto.random.OsSecureRandom_java,21,106
org.apache.hadoop.hdfs.DFSClient_java,21,106
org.apache.hadoop.yarn.server.webproxy.ProxyUriUtils_java,20,108
org.apache.hadoop.tools.DistCp_java,19,109
org.apache.hadoop.tools.HadoopArchives_java,19,109
org.apache.hadoop.fs.azure.metrics.AzureFileSystemMetricsSystem_java,19,109
org.apache.hadoop.crypto.CryptoStreamsTestBase_java,18,112
org.apache.hadoop.hdfs.server.namenode.NameNodeHttpServer_java,18,112
org.apache.hadoop.io.compress.CompressionOutputStream_java,18,112
org.apache.hadoop.security.NetgroupCache_java,17,115
org.apache.hadoop.maven.plugin.protoc.ProtocMojo_java,17,115
org.apache.hadoop.fs.CommonConfigurationKeys_java,17,115
org.apache.hadoop.fs.shell.Display_java,17,115
org.apache.hadoop.util.StringUtils_java,16,119
org.apache.hadoop.mapreduce.v2.jobhistory.JHAdminConfig_java,16,119
org.apache.hadoop.security.ShellBasedUnixGroupsMapping_java,15,121
org.apache.hadoop.crypto.key.kms.ValueQueue_java,14,122
org.apache.hadoop.util.IdentityHashStore_java,14,122
org.apache.hadoop.crypto.key.kms.server.KeyAuthorizationKeyProvider_java,14,122
org.apache.hadoop.io.compress.DefaultCodec_java,14,122
org.apache.hadoop.io.compress.GzipCodec_java,14,122
org.apache.hadoop.fs.Stat_java,13,127
org.apache.hadoop.ipc.ClientCache_java,13,127
org.apache.hadoop.jmx.JMXJsonServlet_java,13,127
org.apache.hadoop.hdfs.protocol.HdfsConstants_java,13,127
org.apache.hadoop.security.LdapGroupsMapping_java,13,127
org.apache.hadoop.http.HttpRequestLog_java,12,132
org.apache.hadoop.security.ssl.SSLFactory_java,12,132
org.apache.hadoop.fs.FSOutputSummer_java,11,134
org.apache.hadoop.crypto.CryptoInputStream_java,11,134
org.apache.hadoop.mapred.gridmix.DistributedCacheEmulator_java,11,134
org.apache.hadoop.util.GenericOptionsParser_java,11,134
org.apache.hadoop.security.Credentials_java,11,134
org.apache.hadoop.util.Progress_java,10,139
org.apache.hadoop.net.NetUtils_java,10,139
org.apache.hadoop.security.alias.JavaKeyStoreProvider_java,10,139
org.apache.hadoop.io.compress.CompressionInputStream_java,10,139
org.apache.hadoop.io.compress.CompressorStream_java,10,139
org.apache.hadoop.fs.permission.FsPermission_java,10,139
org.apache.hadoop.security.alias.UserProvider_java,10,139
org.apache.hadoop.fs.CommonConfigurationKeysPublic_java,9,146
org.apache.hadoop.metrics2.sink.FileSink_java,9,146
org.apache.hadoop.metrics2.lib.DefaultMetricsSystem_java,9,146
org.apache.hadoop.yarn.webapp.util.WebAppUtils_java,9,146
org.apache.hadoop.yarn.server.nodemanager.NodeManager_java,9,146
org.apache.hadoop.io.retry.RetryInvocationHandler_java,9,146
org.apache.hadoop.hdfs.nfs.nfs3.RpcProgramNfs3_java,8,152
org.apache.hadoop.yarn.server.resourcemanager.ResourceManager_java,8,152
org.apache.hadoop.nfs.nfs3.Nfs3Constant_java,8,152
org.apache.hadoop.yarn.conf.YarnConfiguration_java,8,152
org.apache.hadoop.fs.s3a.BasicAWSCredentialsProvider_java,8,152
org.apache.hadoop.yarn.webapp.WebApp_java,8,152
org.apache.hadoop.yarn.webapp.WebApps_java,8,152
org.apache.hadoop.metrics2.impl.MetricsSourceAdapter_java,7,159
org.apache.hadoop.maven.plugin.util.Exec_java,7,159
org.apache.hadoop.tools.mapred.RetriableFileCopyCommand_java,7,159
org.apache.hadoop.util.ReflectionUtils_java,7,159
org.apache.hadoop.fs.contract.ContractOptions_java,7,159
org.apache.hadoop.util.LightWeightGSet_java,7,159
org.apache.hadoop.io.compress.BZip2Codec_java,6,165
org.apache.hadoop.fs.FileContextTestWrapper_java,6,165
org.apache.hadoop.security.authorize.ServiceAuthorizationManager_java,6,165
org.apache.hadoop.io.compress.SnappyCodec_java,6,165
org.apache.hadoop.metrics2.MetricsSink_java,6,165
org.apache.hadoop.hdfs.server.datanode.DataNode_java,6,165
org.apache.hadoop.oncrpc.security.CredentialsSys_java,6,165
org.apache.hadoop.fs.swift.util.SwiftObjectPath_java,6,165
org.apache.hadoop.yarn.server.webproxy.WebAppProxy_java,6,165
org.apache.hadoop.conf.ConfServlet_java,6,165
org.apache.hadoop.hdfs.qjournal.server.JournalNodeHttpServer_java,6,165
org.apache.hadoop.fs.FileSystemTestWrapper_java,6,165
org.apache.hadoop.fs.swift.util.JSONUtil_java,6,165
org.apache.hadoop.fs.ChecksumFileSystem_java,6,165
org.apache.hadoop.security.authorize.AccessControlList_java,6,165
org.apache.hadoop.hdfs.server.namenode.SecondaryNameNode_java,6,165
org.apache.hadoop.fs.s3native.NativeS3FileSystem_java,6,165
org.apache.hadoop.io.compress.Lz4Codec_java,6,165
org.apache.hadoop.hdfs.HDFSPolicyProvider_java,6,165
org.apache.hadoop.security.authentication.client.AuthenticatedURL_java,5,184
org.apache.hadoop.fs.FsUrlStreamHandlerFactory_java,5,184
org.apache.hadoop.ha.ActiveStandbyElector_java,5,184
org.apache.hadoop.fs.DelegateToFileSystem_java,5,184
org.apache.hadoop.service.CompositeService_java,5,184
org.apache.hadoop.mapreduce.MRConfig_java,5,184
org.apache.hadoop.fs.PathIOException_java,5,184
org.apache.hadoop.oncrpc.security.SecurityHandler_java,5,184
org.apache.hadoop.metrics2.impl.MetricsSinkAdapter_java,5,184
org.apache.hadoop.oncrpc.security.SysSecurityHandler_java,5,184
org.apache.hadoop.fs.FilterFileSystem_java,5,184
org.apache.hadoop.security.AuthenticationFilterInitializer_java,4,195
org.apache.hadoop.fs.LocalDirAllocator_java,4,195
org.apache.hadoop.fs.azure.AzureBlobStorageTestAccount_java,4,195
org.apache.hadoop.fs.viewfs.Constants_java,4,195
org.apache.hadoop.util.RunJar_java,4,195
org.apache.hadoop.mapred.JobConf_java,4,195
org.apache.hadoop.hdfs.nfs.conf.NfsConfiguration_java,4,195
org.apache.hadoop.log.LogLevel_java,4,195
org.apache.hadoop.metrics2.impl.MetricsConfig_java,4,195
org.apache.hadoop.hdfs.server.namenode.snapshot.SnapshotTestHelper_java,4,195
org.apache.hadoop.hdfs.server.datanode.SecureDataNodeStarter_java,4,195
org.apache.hadoop.oncrpc.RpcProgram_java,4,195
org.apache.hadoop.fs.FSTestWrapper_java,3,207
org.apache.hadoop.mapreduce.CryptoUtils_java,3,207
org.apache.hadoop.hdfs.server.common.HdfsServerConstants_java,3,207
org.apache.hadoop.security.SaslRpcServer_java,3,207
org.apache.hadoop.fs.shell.MoveCommands_java,3,207
org.apache.hadoop.fs.FSWrapper_java,3,207
org.apache.hadoop.security.User_java,3,207
org.apache.hadoop.security.authentication.server.AuthenticationHandler_java,3,207
org.apache.hadoop.mapreduce.v2.hs.JobHistoryServer_java,3,207
org.apache.hadoop.mapreduce.v2.app.webapp.AppController_java,3,207
org.apache.hadoop.tools.DistCpConstants_java,3,207
org.apache.hadoop.hdfs.tools.DFSAdmin_java,2,218
org.apache.hadoop.oncrpc.RpcUtil_java,2,218
org.apache.hadoop.crypto.key.kms.server.KMSExceptionsProvider_java,2,218
org.apache.hadoop.mapred.gridmix.Gridmix_java,2,218
org.apache.hadoop.security.alias.CredentialProvider_java,2,218
org.apache.hadoop.util.DiskChecker_java,2,218
org.apache.hadoop.security.IdMappingConstant_java,2,218
org.apache.hadoop.mapreduce.lib.join.CompositeRecordReader_java,2,218
org.apache.hadoop.security.authorize.DefaultImpersonationProvider_java,2,218
org.apache.hadoop.ipc.metrics.RetryCacheMetrics_java,2,218
org.apache.hadoop.hdfs.tools.offlineImageViewer.FileDistributionCalculator_java,2,218
org.apache.hadoop.net.NetworkTopologyWithNodeGroup_java,2,218
org.apache.hadoop.streaming.StreamJob_java,2,218
org.apache.hadoop.crypto.key.kms.KMSRESTConstants_java,2,218
org.apache.hadoop.conf.ReconfigurationServlet_java,2,218
org.apache.hadoop.mapreduce.lib.join.WrappedRecordReader_java,2,218
org.apache.hadoop.io.VersionMismatchException_java,2,218
org.apache.hadoop.mapred.join.CompositeRecordReader_java,2,218
org.apache.hadoop.security.SaslPropertiesResolver_java,2,218
org.apache.hadoop.fs.azure.AzureNativeFileSystemStore_java,2,218
org.apache.hadoop.http.AdminAuthorizedServlet_java,2,218
org.apache.hadoop.fs.viewfs.ChRootedFileSystem_java,2,218
org.apache.hadoop.io.SetFile_java,2,218
org.apache.hadoop.hdfs.tools.offlineImageViewer.PBImageXmlWriter_java,2,218
org.apache.hadoop.hdfs.tools.offlineImageViewer.FSImageLoader_java,2,218
org.apache.hadoop.crypto.key.kms.server.KMSConfiguration_java,2,218
org.apache.hadoop.io.SequenceFile_java,2,218
org.apache.hadoop.fs.swift.snative.SwiftNativeFileSystemStore_java,2,218
org.apache.hadoop.security.authentication.client.KerberosAuthenticator_java,2,218
org.apache.hadoop.io.retry.RetryUtils_java,2,218
org.apache.hadoop.fs.shell.Count_java,2,218
org.apache.hadoop.hdfs.server.namenode.FSImageFormatProtobuf_java,2,218
org.apache.hadoop.metrics2.util.MBeans_java,1,250
org.apache.hadoop.classification.InterfaceStability_java,1,250
