file,bugChurn,rank
org.apache.hadoop.fs.azure.NativeAzureFileSystem_java,779,1
org.apache.hadoop.fs.loadGenerator.LoadGeneratorMR_java,483,2
org.apache.hadoop.hdfs.MiniDFSCluster_java,464,3
org.apache.hadoop.security.alias.AbstractJavaKeyStoreProvider_java,359,4
org.apache.hadoop.fs.loadGenerator.LoadGenerator_java,343,5
org.apache.hadoop.fs.RawLocalFileSystem_java,287,6
org.apache.hadoop.security.alias.JavaKeyStoreProvider_java,272,7
org.apache.hadoop.security.authentication.util.AuthToken_java,237,8
org.apache.hadoop.security.Groups_java,229,9
org.apache.hadoop.ipc.Server_java,225,10
org.apache.hadoop.fs.azure.AzureNativeFileSystemStore_java,202,11
org.apache.hadoop.security.authentication.server.AuthenticationFilter_java,197,12
org.apache.hadoop.security.alias.LocalJavaKeyStoreProvider_java,192,13
org.apache.hadoop.fs.FileSystem_java,190,14
org.apache.hadoop.hdfs.server.namenode.ha.StandbyCheckpointer_java,182,15
org.apache.hadoop.security.ShellBasedUnixGroupsMapping_java,181,16
org.apache.hadoop.conf.Configuration_java,178,17
org.apache.hadoop.security.authentication.server.AuthenticationToken_java,169,18
org.apache.hadoop.hdfs.server.namenode.ha.EditLogTailer_java,162,19
org.apache.hadoop.crypto.key.kms.server.KeyAuthorizationKeyProvider_java,145,20
org.apache.hadoop.metrics2.sink.GraphiteSink_java,141,21
org.apache.hadoop.fs.s3a.S3AFileSystem_java,138,22
org.apache.hadoop.io.nativeio.NativeIO_java,135,23
org.apache.hadoop.hdfs.server.namenode.ha.RemoteNameNodeInfo_java,133,24
org.apache.hadoop.util.Shell_java,131,25
org.apache.hadoop.net.DNS_java,129,26
org.apache.hadoop.http.HttpServer2_java,128,27
org.apache.hadoop.security.authentication.util.KerberosUtil_java,123,28
org.apache.hadoop.yarn.sls.scheduler.SLSCapacityScheduler_java,112,29
org.apache.hadoop.security.ProviderUtils_java,107,30
org.apache.hadoop.ha.MiniZKFCCluster_java,101,31
org.apache.hadoop.hdfs.server.namenode.ha.BootstrapStandby_java,94,32
org.apache.hadoop.hdfs.qjournal.MiniQJMHACluster_java,94,32
org.apache.hadoop.hdfs.server.namenode.ImageServlet_java,88,34
org.apache.hadoop.minikdc.MiniKdc_java,81,35
org.apache.hadoop.io.retry.RetryPolicies_java,79,36
org.apache.hadoop.ha.DummyHAService_java,73,37
org.apache.hadoop.ipc.Client_java,71,38
org.apache.hadoop.fs.azure.ExceptionHandlingTestHelper_java,67,39
org.apache.hadoop.net.unix.DomainSocketWatcher_java,64,40
org.apache.hadoop.ha.ZKFailoverController_java,62,41
org.apache.hadoop.security.UserGroupInformation_java,62,41
org.apache.hadoop.security.NetgroupCache_java,61,43
org.apache.hadoop.hdfs.server.namenode.ha.HATestUtil_java,60,44
org.apache.hadoop.net.unix.DomainSocket_java,59,45
org.apache.hadoop.metrics2.impl.MetricsSourceAdapter_java,57,46
org.apache.hadoop.fs.FileUtil_java,56,47
org.apache.hadoop.fs.s3native.NativeS3FileSystem_java,56,47
org.apache.hadoop.security.authentication.util.StringSignerSecretProvider_java,55,49
org.apache.hadoop.crypto.key.kms.KMSClientProvider_java,53,50
org.apache.hadoop.util.FileBasedIPList_java,53,50
org.apache.hadoop.yarn.sls.RumenToSLSConverter_java,49,52
org.apache.hadoop.security.authentication.client.KerberosAuthenticator_java,48,53
org.apache.hadoop.hdfs.server.namenode.TransferFsImage_java,47,54
org.apache.hadoop.jmx.JMXJsonServlet_java,46,55
org.apache.hadoop.hdfs.server.namenode.ha.HAStressTestHarness_java,46,55
org.apache.hadoop.tools.util.DistCpUtils_java,45,57
org.apache.hadoop.io.SequenceFile_java,45,57
org.apache.hadoop.yarn.sls.SLSRunner_java,41,59
org.apache.hadoop.crypto.key.kms.server.MiniKMS_java,40,60
org.apache.hadoop.hdfs.security.token.block.BlockTokenSecretManager_java,40,60
org.apache.hadoop.security.authentication.KerberosTestUtils_java,40,60
org.apache.hadoop.fs.azure.contract.NativeAzureFileSystemContract_java,37,63
org.apache.hadoop.tools.HadoopArchives_java,37,63
org.apache.hadoop.security.SecurityUtil_java,37,63
org.apache.hadoop.hdfs.HAUtil_java,36,66
org.apache.hadoop.metrics2.sink.ganglia.AbstractGangliaSink_java,36,66
org.apache.hadoop.ha.HealthMonitor_java,35,68
org.apache.hadoop.security.token.delegation.ZKDelegationTokenSecretManager_java,35,68
org.apache.hadoop.maven.plugin.util.Exec_java,34,70
org.apache.hadoop.crypto.key.kms.server.KMSACLs_java,33,71
org.apache.hadoop.security.authentication.server.JWTRedirectAuthenticationHandler_java,33,71
org.apache.hadoop.oncrpc.SimpleUdpServer_java,33,71
org.apache.hadoop.fs.shell.Stat_java,33,71
org.apache.hadoop.security.authentication.util.StringSignerSecretProviderCreator_java,33,71
org.apache.hadoop.fs.azure.PageBlobInputStream_java,32,76
org.apache.hadoop.yarn.server.nodemanager.WindowsSecureContainerExecutor_java,32,76
org.apache.hadoop.util.ShutdownHookManager_java,31,78
org.apache.hadoop.oncrpc.SimpleTcpServer_java,31,78
org.apache.hadoop.yarn.sls.web.SLSWebApp_java,31,78
org.apache.hadoop.util.ApplicationClassLoader_java,31,78
org.apache.hadoop.util.ThreadUtil_java,30,82
org.apache.hadoop.security.LdapGroupsMapping_java,29,83
org.apache.hadoop.util.SysInfoWindows_java,28,84
org.apache.hadoop.ipc.RPC_java,28,84
org.apache.hadoop.fs.Globber_java,28,84
org.apache.hadoop.yarn.sls.utils.SLSUtils_java,27,87
org.apache.hadoop.hdfs.server.datanode.DataXceiver_java,27,87
org.apache.hadoop.fs.FsShell_java,27,87
org.apache.hadoop.crypto.AesCtrCryptoCodec_java,27,87
org.apache.hadoop.util.NativeLibraryChecker_java,26,91
org.apache.hadoop.mount.MountdBase_java,26,91
org.apache.hadoop.fs.swift.http.SwiftRestClient_java,26,91
org.apache.hadoop.io.retry.RetryInvocationHandler_java,26,91
org.apache.hadoop.hdfs.server.datanode.DataNode_java,25,95
org.apache.hadoop.fs.permission.FsPermission_java,25,95
org.apache.hadoop.util.DiskChecker_java,24,97
org.apache.hadoop.ha.ActiveStandbyElector_java,24,97
org.apache.hadoop.ipc.RpcClientUtil_java,24,97
org.apache.hadoop.security.authentication.client.AuthenticatedURL_java,23,100
org.apache.hadoop.security.authentication.server.PseudoAuthenticationHandler_java,23,100
org.apache.hadoop.fs.ChecksumFileSystem_java,23,100
org.apache.hadoop.hdfs.server.blockmanagement.BlockManager_java,21,103
org.apache.hadoop.fs.s3a.Constants_java,21,103
org.apache.hadoop.security.SaslRpcClient_java,21,103
org.apache.hadoop.security.alias.CredentialShell_java,21,103
org.apache.hadoop.security.authentication.server.AuthenticationHandler_java,21,103
org.apache.hadoop.metrics2.impl.MetricsSinkAdapter_java,21,103
org.apache.hadoop.util.GenericOptionsParser_java,20,109
org.apache.hadoop.fs.CommonConfigurationKeysPublic_java,19,110
org.apache.hadoop.fs.DelegateToFileSystem_java,19,110
org.apache.hadoop.tools.util.ProducerConsumer_java,19,110
org.apache.hadoop.crypto.random.OsSecureRandom_java,19,110
org.apache.hadoop.fs.AbstractFileSystem_java,18,114
org.apache.hadoop.security.AuthenticationFilterInitializer_java,18,114
org.apache.hadoop.hdfs.MiniDFSNNTopology_java,18,114
org.apache.hadoop.security.token.delegation.web.DelegationTokenAuthenticationFilter_java,18,114
org.apache.hadoop.metrics2.source.JvmMetrics_java,17,118
org.apache.hadoop.maven.plugin.cmakebuilder.CompileMojo_java,17,118
org.apache.hadoop.record.BinaryRecordOutput_java,17,118
org.apache.hadoop.security.authentication.server.KerberosAuthenticationHandler_java,15,121
org.apache.hadoop.crypto.key.JavaKeyStoreProvider_java,15,121
org.apache.hadoop.fs.FileContext_java,15,121
org.apache.hadoop.util.hash.JenkinsHash_java,15,121
org.apache.hadoop.fs.ByteBufferReadable_java,15,121
org.apache.hadoop.util.SysInfoLinux_java,15,121
org.apache.hadoop.fs.FileStatus_java,15,121
org.apache.hadoop.nfs.nfs3.Nfs3Base_java,15,121
org.apache.hadoop.yarn.util.ResourceCalculatorPlugin_java,15,121
org.apache.hadoop.hdfs.qjournal.server.Journal_java,15,121
org.apache.hadoop.hdfs.server.namenode.CheckpointConf_java,14,131
org.apache.hadoop.hdfs.server.datanode.BlockReceiver_java,14,131
org.apache.hadoop.hdfs.server.datanode.ShortCircuitRegistry_java,14,131
org.apache.hadoop.net.NetworkTopology_java,13,134
org.apache.hadoop.fs.swift.snative.SwiftNativeFileSystem_java,13,134
org.apache.hadoop.hdfs.tools.DFSZKFailoverController_java,13,134
org.apache.hadoop.fs.azure.StorageInterface_java,12,137
org.apache.hadoop.net.SocketIOWithTimeout_java,12,137
org.apache.hadoop.crypto.key.kms.ValueQueue_java,12,137
org.apache.hadoop.tools.SimpleCopyListing_java,12,137
org.apache.hadoop.tracing.TraceUtils_java,12,137
org.apache.hadoop.fs.contract.ContractOptions_java,12,137
org.apache.hadoop.yarn.server.nodemanager.NodeManager_java,12,137
org.apache.hadoop.fs.FilterFileSystem_java,12,137
org.apache.hadoop.hdfs.server.datanode.BlockSender_java,11,145
org.apache.hadoop.util.SysInfo_java,11,145
org.apache.hadoop.hdfs.server.datanode.DataStorage_java,11,145
org.apache.hadoop.fs.TrashPolicyDefault_java,11,145
org.apache.hadoop.fs.LocalDirAllocator_java,10,149
org.apache.hadoop.util.JvmPauseMonitor_java,10,149
org.apache.hadoop.crypto.key.kms.server.EagerKeyGeneratorKeyProviderCryptoExtension_java,10,149
org.apache.hadoop.fs.LocatedFileStatus_java,10,149
org.apache.hadoop.fs.azure.PageBlobOutputStream_java,10,149
org.apache.hadoop.security.authentication.util.ZKSignerSecretProvider_java,10,149
org.apache.hadoop.security.authentication.client.PseudoAuthenticator_java,10,149
org.apache.hadoop.fs.ftp.FTPFileSystem_java,10,149
org.apache.hadoop.metrics2.impl.MetricsSystemImpl_java,10,149
org.apache.hadoop.fs.shell.Delete_java,9,158
org.apache.hadoop.security.ssl.SSLFactory_java,9,158
org.apache.hadoop.metrics2.lib.MetricsRegistry_java,9,158
org.apache.hadoop.typedbytes.TypedBytesWritableOutput_java,8,161
org.apache.hadoop.util.Tool_java,8,161
org.apache.hadoop.security.token.Token_java,8,161
org.apache.hadoop.tools.CopyListingFileStatus_java,8,161
org.apache.hadoop.typedbytes.TypedBytesInput_java,8,161
org.apache.hadoop.record.Utils_java,8,161
org.apache.hadoop.fs.swift.util.SwiftUtils_java,8,161
org.apache.hadoop.typedbytes.TypedBytesRecordOutput_java,8,161
org.apache.hadoop.mapred.nativetask.INativeComparable_java,8,161
org.apache.hadoop.typedbytes.TypedBytesRecordInput_java,8,161
org.apache.hadoop.fs.azure.StorageInterfaceImpl_java,8,161
org.apache.hadoop.io.file.tfile.TFileDumper_java,8,161
org.apache.hadoop.io.WritableUtils_java,8,161
org.apache.hadoop.typedbytes.TypedBytesOutput_java,8,161
org.apache.hadoop.fs.FilterFs_java,8,161
org.apache.hadoop.record.Buffer_java,8,161
org.apache.hadoop.typedbytes.TypedBytesWritableInput_java,8,161
org.apache.hadoop.hdfs.server.namenode.NameNodeHttpServer_java,7,178
org.apache.hadoop.mapreduce.task.reduce.ShuffleSchedulerImpl_java,7,178
org.apache.hadoop.hdfs.DFSConfigKeys_java,7,178
org.apache.hadoop.io.retry.RetryUtils_java,7,178
org.apache.hadoop.record.BinaryRecordInput_java,7,178
org.apache.hadoop.util.VersionInfo_java,6,183
org.apache.hadoop.ipc.metrics.RpcMetrics_java,6,183
org.apache.hadoop.fs.contract.localfs.LocalFSContract_java,6,183
org.apache.hadoop.mapred.pipes.PipesPartitioner_java,6,183
org.apache.hadoop.maven.plugin.protoc.ProtocMojo_java,6,183
org.apache.hadoop.fs.azure.MockStorageInterface_java,6,183
org.apache.hadoop.hdfs.shortcircuit.DomainSocketFactory_java,6,183
org.apache.hadoop.mapred.FadvisedFileRegion_java,6,183
org.apache.hadoop.util.ReflectionUtils_java,6,183
org.apache.hadoop.fs.swift.util.SwiftTestUtils_java,6,183
org.apache.hadoop.io.compress.snappy.SnappyDecompressor_java,6,183
org.apache.hadoop.security.authentication.server.AltKerberosAuthenticationHandler_java,5,194
org.apache.hadoop.hdfs.shortcircuit.DfsClientShmManager_java,5,194
org.apache.hadoop.mapred.FadvisedChunkedFile_java,5,194
org.apache.hadoop.tools.DistCp_java,5,194
org.apache.hadoop.hdfs.server.namenode.NamenodeFsck_java,5,194
org.apache.hadoop.io.compress.zlib.ZlibDecompressor_java,5,194
org.apache.hadoop.util.MachineList_java,5,194
org.apache.hadoop.hdfs.server.datanode.DataNodeLayoutVersion_java,5,194
org.apache.hadoop.fs.azure.SelfRenewingLease_java,5,194
org.apache.hadoop.io.IOUtils_java,5,194
org.apache.hadoop.fs.CommonConfigurationKeys_java,5,194
org.apache.hadoop.hdfs.server.namenode.NameNodeRpcServer_java,5,194
org.apache.hadoop.hdfs.protocolPB.DatanodeProtocolClientSideTranslatorPB_java,5,194
org.apache.hadoop.fs.azure.SimpleKeyProvider_java,5,194
org.apache.hadoop.yarn.server.nodemanager.NodeResourceMonitorImpl_java,4,208
org.apache.hadoop.yarn.util.WindowsBasedProcessTree_java,4,208
org.apache.hadoop.fs.azure.AzureBlobStorageTestAccount_java,4,208
org.apache.hadoop.io.Text_java,4,208
org.apache.hadoop.security.token.delegation.web.DelegationTokenManager_java,4,208
org.apache.hadoop.security.authorize.DefaultImpersonationProvider_java,4,208
org.apache.hadoop.tools.mapred.CopyMapper_java,4,208
org.apache.hadoop.security.ShellBasedIdMapping_java,4,208
org.apache.hadoop.hdfs.server.datanode.DatanodeUtil_java,4,208
org.apache.hadoop.io.compress.snappy.SnappyCompressor_java,4,208
org.apache.hadoop.io.compress.lz4.Lz4Compressor_java,4,208
org.apache.hadoop.conf.ReconfigurationServlet_java,4,208
org.apache.hadoop.fs.swift.http.SwiftProtocolConstants_java,4,208
org.apache.hadoop.fs.shell.Display_java,4,208
org.apache.hadoop.fs.swift.snative.SwiftNativeFileSystemStore_java,4,208
org.apache.hadoop.io.ReadaheadPool_java,4,208
org.apache.hadoop.tools.package-info_java,4,208
org.apache.hadoop.io.compress.lz4.Lz4Decompressor_java,4,208
org.apache.hadoop.security.authentication.util.KerberosName_java,4,208
org.apache.hadoop.io.compress.bzip2.Bzip2Compressor_java,3,227
org.apache.hadoop.ipc.RetryCache_java,3,227
org.apache.hadoop.io.compress.SnappyCodec_java,3,227
org.apache.hadoop.fs.viewfs.ViewFsLocatedFileStatus_java,3,227
org.apache.hadoop.io.MD5Hash_java,3,227
org.apache.hadoop.tools.mapred.CopyCommitter_java,3,227
org.apache.hadoop.fs.Trash_java,3,227
org.apache.hadoop.io.compress.zlib.ZlibCompressor_java,3,227
org.apache.hadoop.security.SaslPropertiesResolver_java,3,227
org.apache.hadoop.security.authentication.util.CertificateUtil_java,3,227
org.apache.hadoop.io.compress.bzip2.Bzip2Decompressor_java,3,227
org.apache.hadoop.lib.servlet.ServerWebApp_java,3,227
org.apache.hadoop.io.compress.BZip2Codec_java,2,239
org.apache.hadoop.mapreduce.v2.app.webapp.NavBlock_java,2,239
org.apache.hadoop.yarn.server.resourcemanager.scheduler.policy.OrderingPolicy_java,2,239
org.apache.hadoop.yarn.webapp.view.NavBlock_java,2,239
org.apache.hadoop.mapred.gridmix.DummyResourceCalculatorPlugin_java,2,239
org.apache.hadoop.crypto.CryptoOutputStream_java,2,239
org.apache.hadoop.crypto.key.kms.server.KMSExceptionsProvider_java,2,239
org.apache.hadoop.fs.swift.snative.SwiftNativeOutputStream_java,2,239
org.apache.hadoop.yarn.server.resourcemanager.webapp.NavBlock_java,2,239
org.apache.hadoop.fs.swift.http.ExceptionDiags_java,2,239
org.apache.hadoop.io.file.tfile.TFile_java,2,239
org.apache.hadoop.crypto.CryptoInputStream_java,2,239
org.apache.hadoop.yarn.server.nodemanager.containermanager.monitor.MockResourceCalculatorPlugin_java,2,239
org.apache.hadoop.fs.azure.NativeFileSystemStore_java,2,239
org.apache.hadoop.fs.permission.UmaskParser_java,2,239
org.apache.hadoop.hdfs.server.datanode.DataNodeFaultInjector_java,2,239
org.apache.hadoop.net.NetUtils_java,2,239
org.apache.hadoop.yarn.api.records.ApplicationReport_java,2,239
org.apache.hadoop.security.authentication.util.Signer_java,2,239
org.apache.hadoop.util.bloom.BloomFilter_java,2,239
org.apache.hadoop.fs.swift.util.DurationStats_java,2,239
org.apache.hadoop.io.compress.bzip2.Bzip2Factory_java,2,239
org.apache.hadoop.ipc.ProtobufRpcEngine_java,2,239
org.apache.hadoop.hdfs.client.HdfsClientConfigKeys_java,2,239
org.apache.hadoop.fs.swift.http.HttpBodyContent_java,2,239
org.apache.hadoop.security.token.delegation.web.DelegationTokenAuthenticationHandler_java,2,239
org.apache.hadoop.security.authorize.package-info_java,2,239
org.apache.hadoop.mapreduce.v2.hs.webapp.HsNavBlock_java,2,239
org.apache.hadoop.maven.plugin.util.FileSetUtils_java,2,239
org.apache.hadoop.crypto.key.KeyShell_java,2,239
org.apache.hadoop.fs.HardLink_java,2,239
org.apache.hadoop.tools.util.ThrottledInputStream_java,2,239
org.apache.hadoop.tools.util.WorkRequest_java,2,239
org.apache.hadoop.yarn.server.nodemanager.containermanager.launcher.ContainerLaunch_java,2,239
org.apache.hadoop.yarn.server.nodemanager.webapp.NavBlock_java,2,239
org.apache.hadoop.fs.shell.FsCommand_java,2,239
org.apache.hadoop.security.authentication.util.SignerSecretProvider_java,2,239
org.apache.hadoop.util.ComparableVersion_java,2,239
org.apache.hadoop.fs.shell.Ls_java,2,239
org.apache.hadoop.yarn.server.nodemanager.ContainerExecutor_java,2,239
org.apache.hadoop.ipc.DecayRpcScheduler_java,2,239
org.apache.hadoop.tracing.SetSpanReceiver_java,2,239
org.apache.hadoop.security.authentication.client.Authenticator_java,2,239
org.apache.hadoop.security.authentication.util.RolloverSignerSecretProvider_java,2,239
org.apache.hadoop.io.serializer.SerializationFactory_java,2,239
org.apache.hadoop.hdfs.tools.DelegationTokenFetcher_java,2,239
org.apache.hadoop.crypto.key.kms.server.KMSMDCFilter_java,2,239
org.apache.hadoop.yarn.server.api.records.NodeStatus_java,2,239
org.apache.hadoop.mapred.lib.Chain_java,2,239
org.apache.hadoop.tools.util.WorkReport_java,2,239
org.apache.hadoop.fs.HarFs_java,2,239
org.apache.hadoop.yarn.nodelabels.CommonNodeLabelsManager_java,2,239
org.apache.hadoop.yarn.server.api.ContainerType_java,1,291
org.apache.hadoop.util.JarFinder_java,1,291
org.apache.hadoop.crypto.key.kms.server.KMSConfiguration_java,1,291
