file,bugChurn,rank
org.apache.hadoop.tools.DistCp_java,1726,1
org.apache.hadoop.util.DataChecksum_java,920,2
org.apache.hadoop.fs.FileSystem_java,537,3
org.apache.hadoop.conf.Configuration_java,448,4
org.apache.hadoop.fs.FileUtil_java,431,5
org.apache.hadoop.security.UserGroupInformation_java,337,6
org.apache.hadoop.ha.ActiveStandbyElector_java,324,7
org.apache.hadoop.fs.DF_java,227,8
org.apache.hadoop.util.DiskChecker_java,213,9
org.apache.hadoop.ipc.Client_java,212,10
org.apache.hadoop.fs.viewfs.ViewFileSystem_java,202,11
org.apache.hadoop.fs.DelegationTokenRenewer_java,200,12
org.apache.hadoop.util.StringUtils_java,183,13
org.apache.hadoop.util.ShutdownHookManager_java,181,14
org.apache.hadoop.io.nativeio.NativeIO_java,179,15
org.apache.hadoop.fs.HarFileSystem_java,168,16
org.apache.hadoop.util.Shell_java,141,17
org.apache.hadoop.fs.viewfs.ViewFileSystemTestSetup_java,133,18
org.apache.hadoop.fs.FilterFileSystem_java,130,19
org.apache.hadoop.ha.DummyHAService_java,115,20
org.apache.hadoop.fs.viewfs.ChRootedFileSystem_java,112,21
org.apache.hadoop.security.authentication.util.KerberosUtil_java,108,22
org.apache.hadoop.util.ShutdownThreadsHelper_java,106,23
org.apache.hadoop.fs.FileContext_java,100,24
org.apache.hadoop.fs.ChecksumFileSystem_java,97,25
org.apache.hadoop.fs.viewfs.ViewFsTestSetup_java,96,26
org.apache.hadoop.fs.shell.CommandWithDestination_java,93,27
org.apache.hadoop.fs.shell.CopyCommands_java,93,27
org.apache.hadoop.util.LineReader_java,88,29
org.apache.hadoop.mapreduce.task.reduce.EventFetcher_java,88,29
org.apache.hadoop.security.SecurityUtil_java,87,31
org.apache.hadoop.security.LdapGroupsMapping_java,86,32
org.apache.hadoop.fs.shell.PathData_java,79,33
org.apache.hadoop.fs.FileSystemTestHelper_java,72,34
org.apache.hadoop.security.token.delegation.AbstractDelegationTokenSecretManager_java,71,35
org.apache.hadoop.net.NetUtils_java,70,36
org.apache.hadoop.fs.TrashPolicyDefault_java,70,36
org.apache.hadoop.net.DNS_java,67,38
org.apache.hadoop.ha.ZKFailoverController_java,66,39
org.apache.hadoop.security.JniBasedUnixGroupsMappingWithFallback_java,65,40
org.apache.hadoop.ha.ClientBaseWithFixes_java,64,41
org.apache.hadoop.io.compress.GzipCodec_java,64,41
org.apache.hadoop.metrics2.impl.MetricsSourceAdapter_java,63,43
org.apache.hadoop.security.JniBasedUnixGroupsNetgroupMappingWithFallback_java,63,43
org.apache.hadoop.util.ClassUtil_java,60,45
org.apache.hadoop.fs.s3native.NativeS3FileSystem_java,60,45
org.apache.hadoop.hdfs.DistributedFileSystem_java,57,47
org.apache.hadoop.ipc.RPC_java,57,47
org.apache.hadoop.security.authentication.client.KerberosAuthenticator_java,56,49
org.apache.hadoop.http.HttpConfig_java,54,50
org.apache.hadoop.io.compress.SnappyCodec_java,54,50
org.apache.hadoop.ha.HealthMonitor_java,54,50
org.apache.hadoop.util.JarFinder_java,53,53
org.apache.hadoop.security.Credentials_java,53,53
org.apache.hadoop.fs.viewfs.NotInMountpointException_java,52,55
org.apache.hadoop.net.AbstractDNSToSwitchMapping_java,51,56
org.apache.hadoop.io.UTF8_java,51,56
org.apache.hadoop.util.GenericOptionsParser_java,48,58
org.apache.hadoop.ha.FailoverController_java,45,59
org.apache.hadoop.hdfs.web.WebHdfsFileSystem_java,45,59
org.apache.hadoop.mapred.YarnChild_java,43,61
org.apache.hadoop.mapreduce.security.TokenCache_java,42,62
org.apache.hadoop.security.token.delegation.DelegationKey_java,40,63
org.apache.hadoop.io.Text_java,38,64
org.apache.hadoop.security.HadoopKerberosName_java,38,64
org.apache.hadoop.security.token.delegation.AbstractDelegationTokenIdentifier_java,36,66
org.apache.hadoop.ha.SshFenceByTcpPort_java,36,66
org.apache.hadoop.io.WritableUtils_java,36,66
org.apache.hadoop.fs.RawLocalFileSystem_java,36,66
org.apache.hadoop.fs.LocalFileSystem_java,35,70
org.apache.hadoop.mapred.JobConf_java,33,71
org.apache.hadoop.yarn.server.nodemanager.ContainerExecutor_java,33,71
org.apache.hadoop.yarn.server.nodemanager.DefaultContainerExecutor_java,32,73
org.apache.hadoop.fs.AbstractFileSystem_java,31,74
org.apache.hadoop.ipc.ProtobufRpcEngine_java,31,74
org.apache.hadoop.fs.viewfs.ViewFs_java,31,74
org.apache.hadoop.security.JniBasedUnixGroupsMapping_java,30,77
org.apache.hadoop.fs.FileStatus_java,29,78
org.apache.hadoop.fs.CommonConfigurationKeys_java,29,78
org.apache.hadoop.fs.shell.Display_java,29,78
org.apache.hadoop.security.authentication.util.KerberosName_java,29,78
org.apache.hadoop.net.StaticMapping_java,28,82
org.apache.hadoop.net.NetworkTopology_java,27,83
org.apache.hadoop.metrics2.util.MBeans_java,26,84
org.apache.hadoop.fs.FsUrlStreamHandlerFactory_java,25,85
org.apache.hadoop.io.SortedMapWritable_java,25,85
org.apache.hadoop.portmap.RpcProgramPortmap_java,25,85
org.apache.hadoop.fs.permission.FsPermission_java,25,85
org.apache.hadoop.security.authentication.server.AuthenticationFilter_java,25,85
org.apache.hadoop.fs.GlobExpander_java,24,90
org.apache.hadoop.fs.local.RawLocalFs_java,23,91
org.apache.hadoop.io.IOUtils_java,23,91
org.apache.hadoop.util.NativeCodeLoader_java,23,91
org.apache.hadoop.fs.Trash_java,22,94
org.apache.hadoop.io.compress.snappy.SnappyCompressor_java,21,95
org.apache.hadoop.tools.mapred.RetriableFileCopyCommand_java,21,95
org.apache.hadoop.fs.shell.Command_java,21,95
org.apache.hadoop.security.authentication.client.AuthenticatorTestCase_java,20,98
org.apache.hadoop.ipc.RPCCallBenchmark_java,20,98
org.apache.hadoop.io.compress.snappy.SnappyDecompressor_java,20,98
org.apache.hadoop.hdfs.DFSClient_java,20,98
org.apache.hadoop.hdfs.HDFSPolicyProvider_java,20,98
org.apache.hadoop.hdfs.tools.DFSAdmin_java,19,103
org.apache.hadoop.fs.shell.MoveCommands_java,19,103
org.apache.hadoop.ha.ShellCommandFencer_java,19,103
org.apache.hadoop.net.ScriptBasedMapping_java,18,106
org.apache.hadoop.mapred.gridmix.GenerateDistCacheData_java,18,106
org.apache.hadoop.fs.shell.Mkdir_java,18,106
org.apache.hadoop.yarn.server.nodemanager.containermanager.monitor.ContainersMonitorImpl_java,18,106
org.apache.hadoop.tools.rumen.anonymization.WordList_java,17,110
org.apache.hadoop.fs.BufferedFSInputStream_java,17,110
org.apache.hadoop.net.CachedDNSToSwitchMapping_java,17,110
org.apache.hadoop.ha.ActiveStandbyElectorTestUtil_java,17,110
org.apache.hadoop.io.WritableComparator_java,16,114
org.apache.hadoop.metrics2.util.SampleStat_java,16,114
org.apache.hadoop.ipc.Server_java,16,114
org.apache.hadoop.fs.shell.Delete_java,15,117
org.apache.hadoop.mapreduce.v2.hs.webapp.HsJobBlock_java,15,117
org.apache.hadoop.fs.Path_java,15,117
org.apache.hadoop.mapreduce.task.reduce.Shuffle_java,15,117
org.apache.hadoop.fs.viewfs.ChRootedFs_java,15,117
org.apache.hadoop.util.ReflectionUtils_java,15,117
org.apache.hadoop.io.retry.RetryInvocationHandler_java,15,117
org.apache.hadoop.fs.http.client.HttpFSFileSystem_java,14,124
org.apache.hadoop.streaming.StreamJob_java,14,124
org.apache.hadoop.mapreduce.v2.app.MRAppMaster_java,14,124
org.apache.hadoop.fs.FsShell_java,13,127
org.apache.hadoop.tools.rumen.datatypes.NodeName_java,12,128
org.apache.hadoop.util.RunJar_java,12,128
org.apache.hadoop.fs.TrashPolicy_java,12,128
org.apache.hadoop.hdfs.server.namenode.web.resources.NamenodeWebHdfsMethods_java,11,131
org.apache.hadoop.fs.FsShellPermissions_java,10,132
org.apache.hadoop.hdfs.server.namenode.OfflineEditsViewerHelper_java,10,132
org.apache.hadoop.io.compress.BlockDecompressorStream_java,10,132
org.apache.hadoop.fs.HardLink_java,10,132
org.apache.hadoop.hdfs.protocolPB.PBHelper_java,10,132
org.apache.hadoop.fs.FileContextTestHelper_java,10,132
org.apache.hadoop.hdfs.protocol.DatanodeInfo_java,9,138
org.apache.hadoop.fs.shell.Ls_java,9,138
org.apache.hadoop.hdfs.tools.DelegationTokenFetcher_java,9,138
org.apache.hadoop.yarn.server.resourcemanager.webapp.dao.AppInfo_java,9,138
org.apache.hadoop.security.ssl.FileBasedKeyStoresFactory_java,8,142
org.apache.hadoop.io.compress.CompressionCodecFactory_java,8,142
org.apache.hadoop.io.AbstractMapWritable_java,8,142
org.apache.hadoop.fs.DelegateToFileSystem_java,8,142
org.apache.hadoop.util.ExitUtil_java,8,142
org.apache.hadoop.log.LogLevel_java,8,142
org.apache.hadoop.hdfs.protocol.DSQuotaExceededException_java,8,142
org.apache.hadoop.fs.permission.PermissionStatus_java,8,142
org.apache.hadoop.mapreduce.v2.app.webapp.TaskPage_java,7,150
org.apache.hadoop.util.VersionInfo_java,7,150
org.apache.hadoop.mapreduce.v2.app.webapp.JobBlock_java,7,150
org.apache.hadoop.yarn.server.resourcemanager.rmapp.attempt.RMAppAttemptImpl_java,7,150
org.apache.hadoop.mapreduce.util.HostUtil_java,7,150
org.apache.hadoop.net.NetworkTopologyWithNodeGroup_java,7,150
org.apache.hadoop.ha.HAServiceTarget_java,7,150
org.apache.hadoop.hdfs.server.namenode.FSNamesystem_java,6,157
org.apache.hadoop.ha.HAAdmin_java,6,157
org.apache.hadoop.security.authentication.server.KerberosAuthenticationHandler_java,6,157
org.apache.hadoop.security.AuthenticationFilterInitializer_java,6,157
org.apache.hadoop.tools.rumen.datatypes.util.MapReduceJobPropertiesParser_java,6,157
org.apache.hadoop.metrics2.lib.MutableQuantiles_java,6,157
org.apache.hadoop.jmx.JMXJsonServlet_java,6,157
org.apache.hadoop.hdfs.protocolPB.ClientDatanodeProtocolTranslatorPB_java,6,157
org.apache.hadoop.fs.ftp.FTPFileSystem_java,6,157
org.apache.hadoop.io.SequenceFile_java,6,157
org.apache.hadoop.security.authentication.KerberosTestUtils_java,6,157
org.apache.hadoop.fs.CommonConfigurationKeysPublic_java,5,168
org.apache.hadoop.fs.LocalDirAllocator_java,5,168
org.apache.hadoop.hdfs.HdfsConfiguration_java,5,168
org.apache.hadoop.tools.DistCh_java,5,168
org.apache.hadoop.hdfs.DFSUtil_java,5,168
org.apache.hadoop.hdfs.server.namenode.TransferFsImage_java,5,168
org.apache.hadoop.yarn.server.webproxy.ProxyUriUtils_java,5,168
org.apache.hadoop.util.PlatformName_java,5,168
org.apache.hadoop.hdfs.protocol.HdfsFileStatus_java,5,168
org.apache.hadoop.mapreduce.util.ConfigUtil_java,5,168
org.apache.hadoop.fs.FilterFs_java,5,168
org.apache.hadoop.mapreduce.v2.app.webapp.NavBlock_java,4,179
org.apache.hadoop.mapred.gridmix.GridmixJob_java,4,179
org.apache.hadoop.fs.ftp.FTPInputStream_java,4,179
org.apache.hadoop.security.authorize.ServiceAuthorizationManager_java,4,179
org.apache.hadoop.fs.FileSystemLinkResolver_java,4,179
org.apache.hadoop.io.compress.zlib.BuiltInGzipDecompressor_java,4,179
org.apache.hadoop.mapred.gridmix.Gridmix_java,4,179
org.apache.hadoop.yarn.server.webproxy.amfilter.AmFilterInitializer_java,4,179
org.apache.hadoop.http.NoCacheFilter_java,4,179
org.apache.hadoop.yarn.server.resourcemanager.webapp.dao.AppAttemptInfo_java,4,179
org.apache.hadoop.tools.rumen.JobConfPropertyNames_java,4,179
org.apache.hadoop.tools.HadoopArchives_java,4,179
org.apache.hadoop.fs.http.server.FSOperations_java,4,179
org.apache.hadoop.yarn.server.resourcemanager.webapp.NodesPage_java,4,179
org.apache.hadoop.maven.plugin.protoc.ProtocMojo_java,4,179
org.apache.hadoop.hdfs.protocolPB.ClientNamenodeProtocolServerSideTranslatorPB_java,4,179
org.apache.hadoop.io.serializer.avro.AvroReflectSerialization_java,4,179
org.apache.hadoop.tools.rumen.DeskewedJobTraceReader_java,4,179
org.apache.hadoop.tools.rumen.package-info_java,4,179
org.apache.hadoop.hdfs.protocolPB.ClientDatanodeProtocolServerSideTranslatorPB_java,4,179
org.apache.hadoop.yarn.server.nodemanager.containermanager.launcher.ContainerLaunch_java,4,179
org.apache.hadoop.security.ssl.ReloadingX509TrustManager_java,4,179
org.apache.hadoop.tools.rumen.LoggedNetworkTopology_java,4,179
org.apache.hadoop.tools.rumen.CurrentJHParser_java,4,179
org.apache.hadoop.tools.OptionsParser_java,4,179
org.apache.hadoop.tools.rumen.TraceBuilder_java,3,204
org.apache.hadoop.ha.HAServiceProtocol_java,3,204
org.apache.hadoop.net.unix.TemporarySocketDirectory_java,3,204
org.apache.hadoop.mapred.tools.package-info_java,3,204
org.apache.hadoop.hdfs.tools.DFSck_java,3,204
org.apache.hadoop.mapred.ClientServiceDelegate_java,3,204
org.apache.hadoop.security.Groups_java,3,204
org.apache.hadoop.mapreduce.v2.hs.webapp.HsTaskPage_java,3,204
org.apache.hadoop.security.ssl.SSLFactory_java,3,204
org.apache.hadoop.mapreduce.v2.app.webapp.dao.AMAttemptInfo_java,3,204
org.apache.hadoop.io.SecureIOUtils_java,2,214
org.apache.hadoop.tools.rumen.anonymization.WordListAnonymizerUtility_java,2,214
org.apache.hadoop.fs.PositionedReadable_java,2,214
org.apache.hadoop.mapred.Reporter_java,2,214
org.apache.hadoop.util.Progressable_java,2,214
org.apache.hadoop.ha.FenceMethod_java,2,214
org.apache.hadoop.mapreduce.Job_java,2,214
org.apache.hadoop.fs.shell.FsUsage_java,2,214
org.apache.hadoop.fs.MD5MD5CRC32FileChecksum_java,2,214
org.apache.hadoop.maven.plugin.versioninfo.VersionInfoMojo_java,2,214
org.apache.hadoop.metrics2.source.JvmMetricsInfo_java,2,214
org.apache.hadoop.security.authentication.server.PseudoAuthenticationHandler_java,2,214
org.apache.hadoop.fs.FileContextPermissionBase_java,2,214
org.apache.hadoop.record.RecordOutput_java,2,214
org.apache.hadoop.tools.rumen.LoggedTaskAttempt_java,2,214
org.apache.hadoop.tools.DistCpOptions_java,2,214
org.apache.hadoop.io.file.tfile.TFileDumper_java,2,214
org.apache.hadoop.fs.DU_java,2,214
org.apache.hadoop.mapred.Mapper_java,2,214
org.apache.hadoop.io.BytesWritable_java,2,214
org.apache.hadoop.tools.GetGroupsTestBase_java,2,214
org.apache.hadoop.record.Buffer_java,2,214
org.apache.hadoop.metrics2.MetricsFilter_java,2,214
org.apache.hadoop.security.authentication.client.AuthenticatedURL_java,1,237
org.apache.hadoop.hdfs.web.resources.GetOpParam_java,1,237
org.apache.hadoop.hdfs.server.common.JspHelper_java,1,237
