file,bugChurn,rank
org.apache.hadoop.hdfs.server.datanode.fsdataset.impl.FsDatasetImpl_java,937,1
org.apache.hadoop.fs.s3a.S3ADataBlocks_java,514,2
org.apache.hadoop.hdfs.server.datanode.LocalReplica_java,358,3
org.apache.hadoop.fs.azure.AzureFileSystemThreadPoolExecutor_java,346,4
org.apache.hadoop.fs.s3a.S3AFileSystem_java,308,5
org.apache.hadoop.crypto.key.kms.KMSClientProvider_java,304,6
org.apache.hadoop.fs.s3native.S3xLoginHelper_java,298,7
org.apache.hadoop.fs.azure.NativeAzureFileSystem_java,296,8
org.apache.hadoop.security.authentication.server.KerberosAuthenticationHandler_java,286,9
org.apache.hadoop.maven.plugin.protoc.ProtocRunner_java,283,10
org.apache.hadoop.security.UserGroupInformation_java,234,11
org.apache.hadoop.maven.plugin.protoc.ProtocMojo_java,232,12
org.apache.hadoop.hdfs.server.datanode.fsdataset.ReplicaOutputStreams_java,214,13
org.apache.hadoop.hdfs.server.datanode.BlockSender_java,210,14
org.apache.hadoop.hdfs.server.datanode.fsdataset.ReplicaInputStreams_java,204,15
org.apache.hadoop.ipc.Client_java,190,16
org.apache.hadoop.http.HttpServer2_java,179,17
org.apache.hadoop.fs.s3a.scale.ITestS3AConcurrentOps_java,167,18
org.apache.hadoop.hdfs.server.datanode.BlockReceiver_java,132,19
org.apache.hadoop.fs.ChecksumFileSystem_java,131,20
org.apache.hadoop.tools.CopyListingFileStatus_java,129,21
org.apache.hadoop.util.Shell_java,118,22
org.apache.hadoop.fs.s3a.ITestS3AFileSystemContract_java,117,23
org.apache.hadoop.crypto.key.kms.server.KMSACLs_java,111,24
org.apache.hadoop.maven.plugin.protoc.package-info_java,98,25
org.apache.hadoop.fs.azure.AzureNativeFileSystemStore_java,96,26
org.apache.hadoop.security.token.delegation.web.DelegationTokenAuthenticator_java,96,26
org.apache.hadoop.conf.ConfigRedactor_java,88,28
org.apache.hadoop.util.DiskValidatorFactory_java,88,28
org.apache.hadoop.fs.s3a.ITestS3AFileOperationCost_java,85,30
org.apache.hadoop.security.token.delegation.ZKDelegationTokenSecretManager_java,82,31
org.apache.hadoop.security.alias.AbstractJavaKeyStoreProvider_java,81,32
org.apache.hadoop.io.DataInputBuffer_java,81,32
org.apache.hadoop.crypto.key.JavaKeyStoreProvider_java,79,34
org.apache.hadoop.util.KMSUtil_java,76,35
org.apache.hadoop.fs.s3a.ITestS3ABlockOutputArray_java,76,35
org.apache.hadoop.security.ProviderUtils_java,75,37
org.apache.hadoop.fs.shell.PrintableString_java,72,38
org.apache.hadoop.fs.s3a.S3AUtils_java,72,38
org.apache.hadoop.fs.CommonConfigurationKeysPublic_java,69,40
org.apache.hadoop.fs.azure.AbstractWasbTestBase_java,68,41
org.apache.hadoop.fs.s3a.S3ABlockOutputStream_java,68,41
org.apache.hadoop.hdfs.server.datanode.fsdataset.impl.BlockPoolSlice_java,66,43
org.apache.hadoop.fs.s3a.ITestS3AMiscOperations_java,63,44
org.apache.hadoop.ipc.DecayRpcScheduler_java,63,44
org.apache.hadoop.util.SysInfoWindows_java,62,46
org.apache.hadoop.maven.plugin.protoc.ProtocTestMojo_java,61,47
org.apache.hadoop.hdfs.server.datanode.LocalReplicaInPipeline_java,60,48
org.apache.hadoop.fs.FileSystem_java,58,49
org.apache.hadoop.maven.plugin.versioninfo.VersionInfoMojo_java,57,50
org.apache.hadoop.tools.mapred.RetriableFileCopyCommand_java,56,51
org.apache.hadoop.fs.shell.package-info_java,52,52
org.apache.hadoop.fs.s3a.S3AInstrumentation_java,50,53
org.apache.hadoop.security.token.delegation.web.DelegationTokenAuthenticationHandler_java,49,54
org.apache.hadoop.security.KDiag_java,48,55
org.apache.hadoop.security.Groups_java,44,56
org.apache.hadoop.tools.mapred.CopyMapper_java,43,57
org.apache.hadoop.fs.adl.live.AdlStorageConfiguration_java,42,58
org.apache.hadoop.crypto.key.kms.LoadBalancingKMSClientProvider_java,41,59
org.apache.hadoop.util.DiskValidator_java,41,59
org.apache.hadoop.fs.viewfs.ViewFs_java,40,61
org.apache.hadoop.hdfs.DFSUtilClient_java,38,62
org.apache.hadoop.security.authentication.util.KerberosName_java,37,63
org.apache.hadoop.crypto.key.KeyProviderCryptoExtension_java,36,64
org.apache.hadoop.ipc.ProtobufRpcEngine_java,36,64
org.apache.hadoop.log.LogLevel_java,36,64
org.apache.hadoop.hdfs.server.datanode.SimulatedFSDataset_java,35,67
org.apache.hadoop.fs.http.server.FSOperations_java,34,68
org.apache.hadoop.util.BasicDiskValidator_java,34,68
org.apache.hadoop.metrics2.impl.MetricsSourceAdapter_java,33,70
org.apache.hadoop.fs.FileStatus_java,33,70
org.apache.hadoop.security.authentication.server.AuthenticationFilter_java,33,70
org.apache.hadoop.tools.util.DistCpTestUtils_java,32,73
org.apache.hadoop.crypto.key.kms.server.KMSWebServer_java,31,74
org.apache.hadoop.crypto.key.KeyProviderDelegationTokenExtension_java,30,75
org.apache.hadoop.crypto.key.kms.server.KMSAudit_java,30,75
org.apache.hadoop.conf.ConfServlet_java,29,77
org.apache.hadoop.fs.azure.AzureFileSystemThreadTask_java,29,77
org.apache.hadoop.fs.azure.StorageInterface_java,28,79
org.apache.hadoop.fs.azure.NativeFileSystemStore_java,28,79
org.apache.hadoop.fs.shell.Ls_java,28,79
org.apache.hadoop.conf.Configuration_java,28,79
org.apache.hadoop.fs.s3a.scale.AbstractSTestS3AHugeFiles_java,28,79
org.apache.hadoop.util.VersionInfo_java,27,84
org.apache.hadoop.ipc.Server_java,27,84
org.apache.hadoop.io.SequenceFile_java,27,84
org.apache.hadoop.fs.azure.RemoteSASKeyGeneratorImpl_java,26,87
org.apache.hadoop.fs.s3a.S3ATestUtils_java,26,87
org.apache.hadoop.fs.s3native.NativeS3FileSystem_java,26,87
org.apache.hadoop.fs.RawLocalFileSystem_java,26,87
org.apache.hadoop.security.SaslRpcClient_java,25,91
org.apache.hadoop.fs.adl.AdlFileSystem_java,25,91
org.apache.hadoop.security.ssl.SSLFactory_java,24,93
org.apache.hadoop.fs.CommonConfigurationKeys_java,23,94
org.apache.hadoop.fs.azure.RemoteWasbAuthorizerImpl_java,22,95
org.apache.hadoop.security.alias.CredentialProviderFactory_java,22,95
org.apache.hadoop.fs.permission.FsPermission_java,22,95
org.apache.hadoop.hdfs.server.datanode.fsdataset.impl.FsVolumeImpl_java,21,98
org.apache.hadoop.crypto.key.kms.server.KMSAuditLogger_java,21,98
org.apache.hadoop.crypto.key.kms.server.MiniKMS_java,20,100
org.apache.hadoop.io.retry.RetryInvocationHandler_java,20,100
org.apache.hadoop.crypto.key.kms.server.KMSWebApp_java,19,102
org.apache.hadoop.jmx.JMXJsonServlet_java,19,102
org.apache.hadoop.metrics2.util.SampleStat_java,19,102
org.apache.hadoop.ipc.FairCallQueue_java,19,102
org.apache.hadoop.io.compress.GzipCodec_java,19,102
org.apache.hadoop.fs.FileContext_java,18,107
org.apache.hadoop.oncrpc.security.CredentialsSys_java,17,108
org.apache.hadoop.security.token.delegation.web.DelegationTokenAuthenticationFilter_java,17,108
org.apache.hadoop.fs.HdfsBlockLocation_java,17,108
org.apache.hadoop.fs.AbstractFileSystem_java,16,111
org.apache.hadoop.io.AbstractMapWritable_java,16,111
org.apache.hadoop.net.NetworkTopology_java,16,111
org.apache.hadoop.fs.viewfs.ViewFileSystem_java,16,111
org.apache.hadoop.fs.FileContextPermissionBase_java,16,111
org.apache.hadoop.util.GenericOptionsParser_java,16,111
org.apache.hadoop.security.ssl.ReloadingX509TrustManager_java,16,111
org.apache.hadoop.tracing.TraceAdmin_java,16,111
org.apache.hadoop.fs.ChecksumFs_java,14,119
org.apache.hadoop.hdfs.server.datanode.fsdataset.impl.FsDatasetAsyncDiskService_java,14,119
org.apache.hadoop.fs.DelegateToFileSystem_java,13,121
org.apache.hadoop.hdfs.server.datanode.extdataset.ExternalDatasetImpl_java,13,121
org.apache.hadoop.conf.ReconfigurableBase_java,13,121
org.apache.hadoop.fs.s3a.ITestS3ABlockOutputDisk_java,12,124
org.apache.hadoop.hdfs.server.datanode.fsdataset.FsDatasetSpi_java,12,124
org.apache.hadoop.net.unix.DomainSocketWatcher_java,12,124
org.apache.hadoop.hdfs.server.datanode.extdataset.ExternalReplicaInPipeline_java,12,124
org.apache.hadoop.util.RunJar_java,12,124
org.apache.hadoop.security.LdapGroupsMapping_java,12,124
org.apache.hadoop.tools.DistCpConstants_java,12,124
org.apache.hadoop.minikdc.MiniKdc_java,11,131
org.apache.hadoop.hdfs.util.CombinedHostsFileReader_java,11,131
org.apache.hadoop.http.AdminAuthorizedServlet_java,11,131
org.apache.hadoop.yarn.server.webproxy.WebAppProxyServlet_java,11,131
org.apache.hadoop.hdfs.server.datanode.DataStorage_java,10,135
org.apache.hadoop.security.AuthenticationFilterInitializer_java,9,136
org.apache.hadoop.util.StringUtils_java,9,136
org.apache.hadoop.fs.FileUtil_java,9,136
org.apache.hadoop.crypto.key.KeyShell_java,9,136
org.apache.hadoop.fs.viewfs.ChRootedFs_java,9,136
org.apache.hadoop.fs.PathIOException_java,9,136
org.apache.hadoop.fs.local.RawLocalFs_java,8,142
org.apache.hadoop.hdfs.server.datanode.ReplicaInPipeline_java,8,142
org.apache.hadoop.streaming.StreamKeyValUtil_java,8,142
org.apache.hadoop.hdfs.server.datanode.DNConf_java,8,142
org.apache.hadoop.security.token.delegation.AbstractDelegationTokenSecretManager_java,8,142
org.apache.hadoop.tools.DistCpOptions_java,8,142
org.apache.hadoop.fs.FilterFs_java,8,142
org.apache.hadoop.hdfs.server.namenode.FSNamesystem_java,7,149
org.apache.hadoop.security.token.delegation.web.ServletUtils_java,7,149
org.apache.hadoop.security.token.delegation.web.DelegationTokenManager_java,7,149
org.apache.hadoop.fs.FsShell_java,7,149
org.apache.hadoop.fs.BlockLocation_java,7,149
org.apache.hadoop.fs.ftp.FtpFs_java,7,149
org.apache.hadoop.security.authentication.util.ZKSignerSecretProvider_java,7,149
org.apache.hadoop.fs.FilterFileSystem_java,7,149
org.apache.hadoop.security.ssl.FileBasedKeyStoresFactory_java,6,157
org.apache.hadoop.oncrpc.security.Credentials_java,6,157
org.apache.hadoop.security.alias.CredentialProvider_java,6,157
org.apache.hadoop.maven.plugin.util.Exec_java,6,157
org.apache.hadoop.io.file.tfile.Compression_java,6,157
org.apache.hadoop.fs.azure.SASKeyGeneratorInterface_java,6,157
org.apache.hadoop.security.alias.CredentialShell_java,6,157
org.apache.hadoop.fs.TrashPolicy_java,6,157
org.apache.hadoop.fs.azure.security.WasbTokenRenewer_java,6,157
org.apache.hadoop.fs.WindowsGetSpaceUsed_java,6,157
org.apache.hadoop.fs.Hdfs_java,6,157
org.apache.hadoop.fs.viewfs.InodeTree_java,6,157
org.apache.hadoop.security.authentication.client.KerberosAuthenticator_java,6,157
org.apache.hadoop.fs.s3a.ITestS3ABlockOutputByteBuffer_java,5,170
org.apache.hadoop.util.LineReader_java,5,170
org.apache.hadoop.tools.mapred.CopyCommitter_java,5,170
org.apache.hadoop.ipc.RPC_java,5,170
org.apache.hadoop.fs.viewfs.ChRootedFileSystem_java,5,170
org.apache.hadoop.ipc.CallQueueManager_java,5,170
org.apache.hadoop.crypto.CryptoOutputStream_java,4,176
org.apache.hadoop.mapred.gridmix.DummyResourceCalculatorPlugin_java,4,176
org.apache.hadoop.security.authentication.client.AuthenticatedURL_java,4,176
org.apache.hadoop.tools.DistCp_java,4,176
org.apache.hadoop.fs.s3a.Statistic_java,4,176
org.apache.hadoop.maven.plugin.cmakebuilder.CompileMojo_java,4,176
org.apache.hadoop.fs.shell.Stat_java,4,176
org.apache.hadoop.fs.adl.AdlConfKeys_java,4,176
org.apache.hadoop.util.UTF8ByteArrayUtils_java,4,176
org.apache.hadoop.io.IOUtils_java,4,176
org.apache.hadoop.ipc.DefaultRpcScheduler_java,4,176
org.apache.hadoop.crypto.key.KeyProvider_java,4,176
org.apache.hadoop.hdfs.util.CombinedHostsFileWriter_java,4,176
org.apache.hadoop.yarn.conf.HAUtil_java,4,176
org.apache.hadoop.metrics2.lib.MutableStat_java,4,176
org.apache.hadoop.fs.shell.AclCommands_java,4,176
org.apache.hadoop.metrics2.impl.MetricsSystemImpl_java,4,176
org.apache.hadoop.hdfs.server.datanode.DiskBalancer_java,3,193
org.apache.hadoop.fs.swift.auth.PasswordCredentials_java,3,193
org.apache.hadoop.fs.azure.SendRequestIntercept_java,3,193
org.apache.hadoop.hdfs.server.datanode.DirectoryScanner_java,3,193
org.apache.hadoop.fs.contract.AbstractBondedFSContract_java,3,193
org.apache.hadoop.hdfs.server.datanode.DataNode_java,3,193
org.apache.hadoop.fs.shell.CommandWithDestination_java,3,193
org.apache.hadoop.fs.azure.WasbRemoteCallHelper_java,3,193
org.apache.hadoop.io.retry.RetryPolicies_java,3,193
org.apache.hadoop.util.FakeTimer_java,3,193
org.apache.hadoop.fs.azure.KeyProvider_java,3,193
org.apache.hadoop.mapreduce.lib.jobcontrol.JobControl_java,2,204
org.apache.hadoop.hdfs.protocol.FsPermissionExtension_java,2,204
org.apache.hadoop.crypto.key.kms.server.KMSAuthenticationFilter_java,2,204
org.apache.hadoop.security.token.Token_java,2,204
org.apache.hadoop.fs.LocalDirAllocator_java,2,204
org.apache.hadoop.metrics2.package-info_java,2,204
org.apache.hadoop.fs.FSExceptionMessages_java,2,204
org.apache.hadoop.io.file.tfile.TFile_java,2,204
org.apache.hadoop.hdfs.DFSInputStream_java,2,204
org.apache.hadoop.hdfs.server.namenode.FSImagePreTransactionalStorageInspector_java,2,204
org.apache.hadoop.fs.contract.AbstractFSContractTestBase_java,2,204
org.apache.hadoop.util.Progressable_java,2,204
org.apache.hadoop.util.ShutdownHookManager_java,2,204
org.apache.hadoop.util.bloom.BloomFilter_java,2,204
org.apache.hadoop.yarn.server.MiniYARNCluster_java,2,204
org.apache.hadoop.fs.aliyun.oss.AliyunOSSInputStream_java,2,204
org.apache.hadoop.fs.azure.BlockBlobAppendStream_java,2,204
org.apache.hadoop.yarn.server.resourcemanager.scheduler.fair.FSQueueMetrics_java,2,204
org.apache.hadoop.yarn.server.resourcemanager.recovery.FileSystemRMStateStore_java,2,204
org.apache.hadoop.io.erasurecode.rawcoder.util.GF256_java,2,204
org.apache.hadoop.fs.shell.CommandFormat_java,2,204
org.apache.hadoop.yarn.conf.YarnConfiguration_java,2,204
org.apache.hadoop.crypto.key.kms.ValueQueue_java,2,204
org.apache.hadoop.security.alias.LocalJavaKeyStoreProvider_java,2,204
org.apache.hadoop.fs.azure.SelfRenewingLease_java,2,204
org.apache.hadoop.hdfs.server.namenode.NameNodeRpcServer_java,2,204
org.apache.hadoop.ipc.RpcScheduler_java,2,204
org.apache.hadoop.fs.azure.metrics.AzureFileSystemInstrumentation_java,2,204
org.apache.hadoop.security.authentication.util.RolloverSignerSecretProvider_java,2,204
org.apache.hadoop.crypto.key.kms.server.KMSConfiguration_java,2,204
org.apache.hadoop.io.file.tfile.Utils_java,2,204
org.apache.hadoop.fs.GlobPattern_java,2,204
org.apache.hadoop.hdfs.DFSStripedInputStream_java,2,204
org.apache.hadoop.fs.permission.FsCreateModes_java,1,237
