file,bugChurn,rank
org.apache.hadoop.security.UserGroupInformation_java,1090,1
org.apache.hadoop.crypto.key.kms.KMSClientProvider_java,686,2
org.apache.hadoop.fs.azure.ITestPageBlobInputStream_java,527,3
org.apache.hadoop.fs.azure.ITestOutputStreamSemantics_java,385,4
org.apache.hadoop.hdfs.nfs.nfs3.RpcProgramNfs3_java,370,5
org.apache.hadoop.hdfs.nfs.nfs3.OpenFileCtx_java,314,6
org.apache.hadoop.util.HostsFileReader_java,267,7
org.apache.hadoop.conf.Configuration_java,232,8
org.apache.hadoop.security.token.DelegationTokenIssuer_java,226,9
org.apache.hadoop.hdfs.server.datanode.DataNode_java,211,10
org.apache.hadoop.security.authentication.server.KerberosAuthenticationHandler_java,204,11
org.apache.hadoop.security.authentication.util.KerberosUtil_java,198,12
org.apache.hadoop.fs.azure.NativeAzureFileSystem_java,192,13
org.apache.hadoop.security.authentication.client.AuthenticatedURL_java,184,14
org.apache.hadoop.hdfs.server.datanode.DataXceiver_java,172,15
org.apache.hadoop.util.ShutdownHookManager_java,169,16
org.apache.hadoop.fs.RawLocalFileSystem_java,140,17
org.apache.hadoop.crypto.key.kms.LoadBalancingKMSClientProvider_java,134,18
org.apache.hadoop.fs.azure.PageBlobInputStream_java,127,19
org.apache.hadoop.net.NetworkTopology_java,115,20
org.apache.hadoop.security.Credentials_java,115,20
org.apache.hadoop.security.LdapGroupsMapping_java,113,22
org.apache.hadoop.util.KMSUtil_java,103,23
org.apache.hadoop.fs.CommonConfigurationKeysPublic_java,95,24
org.apache.hadoop.fs.azure.BlockBlobInputStream_java,93,25
org.apache.hadoop.io.compress.BZip2Codec_java,92,26
org.apache.hadoop.resourceestimator.service.ResourceEstimatorService_java,90,27
org.apache.hadoop.maven.plugin.versioninfo.VersionInfoMojo_java,85,28
org.apache.hadoop.fs.FileSystem_java,80,29
org.apache.hadoop.io.nativeio.NativeIO_java,80,29
org.apache.hadoop.security.KDiag_java,76,31
org.apache.hadoop.crypto.key.KeyProviderDelegationTokenExtension_java,73,32
org.apache.hadoop.fs.adl.AdlFileStatus_java,69,33
org.apache.hadoop.hdfs.server.datanode.web.webhdfs.ParameterParser_java,69,33
org.apache.hadoop.util.curator.ZKCuratorManager_java,68,35
org.apache.hadoop.fs.adl.AdlFileSystem_java,67,36
org.apache.hadoop.security.token.delegation.web.DelegationTokenAuthenticatedURL_java,67,36
org.apache.hadoop.security.ShellBasedUnixGroupsMapping_java,63,38
org.apache.hadoop.http.HttpServer2_java,62,39
org.apache.hadoop.hdfs.HdfsKMSUtil_java,60,40
org.apache.hadoop.io.IOUtils_java,56,41
org.apache.hadoop.hdfs.MiniDFSCluster_java,53,42
org.apache.hadoop.tools.mapred.RetriableFileCopyCommand_java,53,42
org.apache.hadoop.ipc.Client_java,53,42
org.apache.hadoop.fs.azure.AzureNativeFileSystemStore_java,52,45
org.apache.hadoop.tools.util.ThrottledInputStream_java,48,46
org.apache.hadoop.fs.sftp.SFTPFileSystem_java,48,46
org.apache.hadoop.fs.s3a.auth.ITestAssumeRole_java,47,48
org.apache.hadoop.util.DiskChecker_java,46,49
org.apache.hadoop.crypto.key.kms.server.KMSWebApp_java,46,49
org.apache.hadoop.ipc.RPC_java,46,49
org.apache.hadoop.crypto.key.kms.KMSDelegationToken_java,44,52
org.apache.hadoop.net.DNS_java,39,53
org.apache.hadoop.metrics2.impl.MetricsSystemImpl_java,38,54
org.apache.hadoop.hdfs.web.WebHdfsFileSystem_java,38,54
org.apache.hadoop.fs.azure.AzureBlobStorageTestAccount_java,37,56
org.apache.hadoop.fs.ChecksumFs_java,37,56
org.apache.hadoop.crypto.key.kms.server.KMSConfiguration_java,37,56
org.apache.hadoop.io.compress.GzipCodec_java,37,56
org.apache.hadoop.ha.ActiveStandbyElector_java,36,60
org.apache.hadoop.crypto.key.KeyProvider_java,35,61
org.apache.hadoop.hdfs.server.namenode.ha.EditLogTailer_java,34,62
org.apache.hadoop.hdfs.server.namenode.ha.StandbyCheckpointer_java,34,62
org.apache.hadoop.util.concurrent.HadoopExecutors_java,34,62
org.apache.hadoop.fs.permission.FsPermission_java,34,62
org.apache.hadoop.security.authentication.client.KerberosAuthenticator_java,34,62
org.apache.hadoop.io.compress.bzip2.CBZip2InputStream_java,32,67
org.apache.hadoop.mapred.gridmix.GridmixTestUtils_java,31,68
org.apache.hadoop.yarn.server.resourcemanager.NodesListManager_java,30,69
org.apache.hadoop.util.ComparableVersion_java,29,70
org.apache.hadoop.fs.swift.http.HttpInputStreamWithRelease_java,29,70
org.apache.hadoop.fs.sftp.SFTPInputStream_java,28,72
org.apache.hadoop.ipc.DecayRpcScheduler_java,28,72
org.apache.hadoop.service.AbstractService_java,27,74
org.apache.hadoop.fs.FsUrlStreamHandlerFactory_java,26,75
org.apache.hadoop.util.ThreadUtil_java,26,75
org.apache.hadoop.util.HttpExceptionUtils_java,25,77
org.apache.hadoop.hdfs.nfs.nfs3.DFSClientCache_java,25,77
org.apache.hadoop.util.JsonSerialization_java,24,79
org.apache.hadoop.fs.TrashPolicyDefault_java,24,79
org.apache.hadoop.metrics2.impl.MetricsSinkAdapter_java,24,79
org.apache.hadoop.fs.s3a.S3AInputStream_java,24,79
org.apache.hadoop.security.token.delegation.web.DelegationTokenAuthenticator_java,24,79
org.apache.hadoop.crypto.key.kms.server.KMSAuthenticationFilter_java,23,84
org.apache.hadoop.fs.FileContext_java,23,84
org.apache.hadoop.fs.azure.contract.ITestAzureNativeContractAppend_java,23,84
org.apache.hadoop.mapred.gridmix.Gridmix_java,22,87
org.apache.hadoop.fs.FileStatus_java,22,87
org.apache.hadoop.io.retry.RetryPolicies_java,22,87
org.apache.hadoop.crypto.CryptoStreamUtils_java,21,90
org.apache.hadoop.yarn.server.resourcemanager.recovery.ZKRMStateStore_java,21,90
org.apache.hadoop.fs.s3a.ITestS3AFileSystemContract_java,21,90
org.apache.hadoop.ha.FailoverController_java,20,93
org.apache.hadoop.yarn.sls.scheduler.FairSchedulerMetrics_java,20,93
org.apache.hadoop.security.AuthenticationFilterInitializer_java,19,95
org.apache.hadoop.fs.contract.ContractTestUtils_java,19,95
org.apache.hadoop.yarn.sls.SLSRunner_java,18,97
org.apache.hadoop.fs.shell.CopyCommands_java,18,97
org.apache.hadoop.security.SecurityUtil_java,18,97
org.apache.hadoop.io.serializer.SerializationFactory_java,18,97
org.apache.hadoop.hdfs.MiniDFSNNTopology_java,17,101
org.apache.hadoop.io.MapFile_java,17,101
org.apache.hadoop.hdfs.DistributedFileSystem_java,16,103
org.apache.hadoop.io.compress.CompressionOutputStream_java,16,103
org.apache.hadoop.security.token.delegation.web.DelegationTokenAuthenticationHandler_java,16,103
org.apache.hadoop.mapred.gridmix.emulators.resourceusage.TotalHeapUsageEmulatorPlugin_java,16,103
org.apache.hadoop.fs.s3a.ITestS3AFileOperationCost_java,16,103
org.apache.hadoop.security.token.delegation.web.DelegationTokenAuthenticationFilter_java,16,103
org.apache.hadoop.ipc.Server_java,16,103
org.apache.hadoop.metrics2.impl.MetricsConfig_java,15,110
org.apache.hadoop.metrics2.MetricsJsonBuilder_java,14,111
org.apache.hadoop.util.DataChecksum_java,14,111
org.apache.hadoop.yarn.server.resourcemanager.monitor.capacity.ProportionalCapacityPreemptionPolicy_java,14,111
org.apache.hadoop.fs.s3a.commit.AbstractITCommitProtocol_java,14,111
org.apache.hadoop.fs.FileUtil_java,13,115
org.apache.hadoop.fs.azure.PageBlobOutputStream_java,13,115
org.apache.hadoop.io.retry.UnreliableImplementation_java,12,117
org.apache.hadoop.conf.ConfServlet_java,12,117
org.apache.hadoop.oncrpc.security.Verifier_java,12,117
org.apache.hadoop.fs.FsUrlConnection_java,12,117
org.apache.hadoop.ipc.metrics.RpcMetrics_java,11,121
org.apache.hadoop.fs.azure.MockWasbAuthorizerImpl_java,11,121
org.apache.hadoop.log.LogLevel_java,11,121
org.apache.hadoop.io.compress.CompressionInputStream_java,11,121
org.apache.hadoop.fs.CommonConfigurationKeys_java,11,121
org.apache.hadoop.http.AdminAuthorizedServlet_java,11,121
org.apache.hadoop.resourceestimator.translator.impl.LogParserUtil_java,11,121
org.apache.hadoop.io.retry.RetryUtils_java,11,121
org.apache.hadoop.hdfs.DFSClient_java,11,121
org.apache.hadoop.security.ssl.SSLHostnameVerifier_java,11,121
org.apache.hadoop.fs.loadGenerator.LoadGenerator_java,11,121
org.apache.hadoop.io.compress.CodecPool_java,10,132
org.apache.hadoop.tools.DistCp_java,10,132
org.apache.hadoop.tools.rumen.datatypes.util.MapReduceJobPropertiesParser_java,10,132
org.apache.hadoop.util.concurrent.ExecutorHelper_java,10,132
org.apache.hadoop.security.alias.CredentialProviderFactory_java,10,132
org.apache.hadoop.security.token.DtFileOperations_java,10,132
org.apache.hadoop.fs.FsServerDefaults_java,9,138
org.apache.hadoop.ha.HealthMonitor_java,9,138
org.apache.hadoop.fs.ftp.FTPFileSystem_java,9,138
org.apache.hadoop.security.authentication.util.KerberosName_java,9,138
org.apache.hadoop.tools.rumen.state.StatePool_java,8,142
org.apache.hadoop.crypto.key.kms.server.KMSACLs_java,8,142
org.apache.hadoop.mapreduce.JobSubmitter_java,8,142
org.apache.hadoop.tools.mapred.CopyCommitter_java,8,142
org.apache.hadoop.jmx.JMXJsonServlet_java,8,142
org.apache.hadoop.fs.viewfs.ViewFileSystem_java,8,142
org.apache.hadoop.crypto.key.kms.server.MiniKMS_java,8,142
org.apache.hadoop.hdfs.web.oauth2.CredentialBasedAccessTokenProvider_java,8,142
org.apache.hadoop.yarn.server.federation.store.impl.ZookeeperFederationStateStore_java,8,142
org.apache.hadoop.hdfs.web.oauth2.ConfRefreshTokenBasedAccessTokenProvider_java,8,142
org.apache.hadoop.ipc.FairCallQueue_java,8,142
org.apache.hadoop.fs.aliyun.oss.AliyunOSSUtils_java,8,142
org.apache.hadoop.fs.s3a.S3AFileSystem_java,7,154
org.apache.hadoop.fs.azure.AbstractWasbTestBase_java,7,154
org.apache.hadoop.fs.LocalDirAllocator_java,7,154
org.apache.hadoop.io.compress.DecompressorStream_java,7,154
org.apache.hadoop.log.Log4Json_java,7,154
org.apache.hadoop.io.retry.RetryPolicy_java,7,154
org.apache.hadoop.yarn.logaggregation.AggregatedLogFormat_java,6,160
org.apache.hadoop.io.retry.UnreliableInterface_java,6,160
org.apache.hadoop.service.ServiceOperations_java,6,160
org.apache.hadoop.crypto.key.KeyProviderTokenIssuer_java,6,160
org.apache.hadoop.crypto.key.kms.server.KMSJSONWriter_java,6,160
org.apache.hadoop.hdfs.server.blockmanagement.BlockIdManager_java,6,160
org.apache.hadoop.io.compress.zlib.ZlibCompressor_java,6,160
org.apache.hadoop.fs.s3a.auth.RoleTestUtils_java,6,160
org.apache.hadoop.fs.azure.ITestContainerChecks_java,6,160
org.apache.hadoop.classification.tools.ExcludePrivateAnnotationsStandardDoclet_java,6,160
org.apache.hadoop.hdfs.server.federation.store.driver.impl.StateStoreZooKeeperImpl_java,6,160
org.apache.hadoop.yarn.server.resourcemanager.monitor.capacity.QueuePriorityContainerCandidateSelector_java,6,160
org.apache.hadoop.mapred.gridmix.InputStriper_java,6,160
org.apache.hadoop.yarn.sls.scheduler.RMNodeWrapper_java,6,160
org.apache.hadoop.fs.aliyun.oss.AliyunOSSBlockOutputStream_java,5,174
org.apache.hadoop.ipc.IpcException_java,5,174
org.apache.hadoop.resourceestimator.translator.impl.BaseLogParser_java,5,174
org.apache.hadoop.ipc.ProtobufRpcEngine_java,5,174
org.apache.hadoop.hdfs.nfs.nfs3.Nfs3Utils_java,5,174
org.apache.hadoop.security.authentication.client.PseudoAuthenticator_java,5,174
org.apache.hadoop.tools.DistCpOptions_java,5,174
org.apache.hadoop.fs.Options_java,5,174
org.apache.hadoop.fs.aliyun.oss.AliyunOSSFileSystemStore_java,5,174
org.apache.hadoop.fs.s3a.ITestS3AMetrics_java,5,174
org.apache.hadoop.crypto.OpensslCipher_java,4,184
org.apache.hadoop.util.StringUtils_java,4,184
org.apache.hadoop.security.SaslRpcServer_java,4,184
org.apache.hadoop.io.compress.BlockDecompressorStream_java,4,184
org.apache.hadoop.security.authorize.DefaultImpersonationProvider_java,4,184
org.apache.hadoop.security.CompositeGroupsMapping_java,4,184
org.apache.hadoop.io.compress.zstd.ZStandardDecompressor_java,4,184
org.apache.hadoop.yarn.sls.web.SLSWebApp_java,4,184
org.apache.hadoop.metrics2.util.Servers_java,4,184
org.apache.hadoop.yarn.server.resourcemanager.DefaultAMSProcessor_java,4,184
org.apache.hadoop.crypto.key.kms.server.KMSJSONReader_java,4,184
org.apache.hadoop.yarn.server.resourcemanager.security.DelegationTokenRenewer_java,4,184
org.apache.hadoop.fs.azure.SyncableDataOutputStream_java,4,184
org.apache.hadoop.yarn.client.api.impl.FileSystemTimelineWriter_java,4,184
org.apache.hadoop.yarn.server.resourcemanager.scheduler.constraint.processor.PlacementDispatcher_java,4,184
org.apache.hadoop.fs.azure.security.JsonUtils_java,4,184
org.apache.hadoop.conf.ReconfigurableBase_java,4,184
org.apache.hadoop.tools.DistCpConstants_java,4,184
org.apache.hadoop.util.VersionInfo_java,3,202
org.apache.hadoop.yarn.util.DockerClientConfigHandler_java,3,202
org.apache.hadoop.fs.s3a.S3AInstrumentation_java,3,202
org.apache.hadoop.yarn.service.utils.PublishedConfigurationOutputter_java,3,202
org.apache.hadoop.yarn.server.timeline.LogInfo_java,3,202
org.apache.hadoop.yarn.server.nodemanager.containermanager.resourceplugin.ResourcePluginManager_java,3,202
org.apache.hadoop.io.compress.CompressorStream_java,3,202
org.apache.hadoop.yarn.server.resourcemanager.rmnode.RMNodeStatusEvent_java,3,202
org.apache.hadoop.yarn.server.timeline.PluginStoreTestUtils_java,3,202
org.apache.hadoop.yarn.server.resourcemanager.scheduler.placement.SingleConstraintAppPlacementAllocator_java,3,202
org.apache.hadoop.hdfs.server.diskbalancer.datamodel.DiskBalancerCluster_java,3,202
org.apache.hadoop.hdfs.server.common.Util_java,3,202
org.apache.hadoop.hdfs.tools.DelegationTokenFetcher_java,3,202
org.apache.hadoop.lib.service.security.DummyGroupMapping_java,3,202
org.apache.hadoop.yarn.api.protocolrecords.AllocateRequest_java,2,216
org.apache.hadoop.fs.azure.ITestNativeAzureFileSystemConcurrencyLive_java,2,216
org.apache.hadoop.hdfs.server.namenode.FSNamesystem_java,2,216
org.apache.hadoop.yarn.server.resourcemanager.rmnode.RMNodeImpl_java,2,216
org.apache.hadoop.tools.CopyFilter_java,2,216
org.apache.hadoop.io.compress.zlib.BuiltInGzipDecompressor_java,2,216
org.apache.hadoop.ha.HAServiceProtocol_java,2,216
org.apache.hadoop.nfs.nfs3.request.SetAttr3_java,2,216
org.apache.hadoop.io.file.tfile.Compression_java,2,216
org.apache.hadoop.oncrpc.RpcMessage_java,2,216
org.apache.hadoop.yarn.server.resourcemanager.rmapp.attempt.RMAppAttemptImpl_java,2,216
org.apache.hadoop.io.compress.zlib.ZlibDecompressor_java,2,216
org.apache.hadoop.yarn.api.protocolrecords.AllocateResponse_java,2,216
org.apache.hadoop.fs.FileSystemTestHelper_java,2,216
org.apache.hadoop.io.erasurecode.coder.ErasureEncodingStep_java,2,216
org.apache.hadoop.hdfs.server.namenode.ha.RequestHedgingProxyProvider_java,2,216
org.apache.hadoop.metrics2.source.JvmMetrics_java,2,216
org.apache.hadoop.fs.shell.CommandWithDestination_java,2,216
org.apache.hadoop.hdfs.MiniDFSClusterWithNodeGroup_java,2,216
org.apache.hadoop.yarn.server.resourcemanager.scheduler.constraint.processor.BatchedRequests_java,2,216
org.apache.hadoop.fs.LocalFileSystem_java,2,216
org.apache.hadoop.hdfs.server.federation.store.driver.StateStoreDriver_java,2,216
org.apache.hadoop.fs.FsShell_java,2,216
org.apache.hadoop.tools.DistCpOptionSwitch_java,2,216
org.apache.hadoop.security.JniBasedUnixGroupsNetgroupMapping_java,2,216
org.apache.hadoop.fs.s3a.Listing_java,2,216
org.apache.hadoop.streaming.StreamJob_java,2,216
org.apache.hadoop.nfs.nfs3.Nfs3Constant_java,2,216
org.apache.hadoop.util.Shell_java,2,216
org.apache.hadoop.crypto.key.kms.ValueQueue_java,2,216
org.apache.hadoop.yarn.server.api.protocolrecords.NMContainerStatus_java,2,216
org.apache.hadoop.yarn.api.records.Container_java,2,216
org.apache.hadoop.yarn.security.ContainerTokenIdentifier_java,2,216
org.apache.hadoop.io.compress.zstd.ZStandardCompressor_java,2,216
org.apache.hadoop.mapreduce.v2.hs.JobHistory_java,2,216
org.apache.hadoop.security.ShellBasedUnixGroupsNetgroupMapping_java,2,216
org.apache.hadoop.yarn.server.resourcemanager.monitor.capacity.ProportionalCapacityPreemptionPolicyMockFramework_java,2,216
org.apache.hadoop.fs.contract.AbstractFSContract_java,2,216
org.apache.hadoop.mapreduce.v2.app.MRAppMaster_java,2,216
org.apache.hadoop.fs.viewfs.ChRootedFileSystem_java,2,216
org.apache.hadoop.fs.viewfs.ChRootedFs_java,2,216
org.apache.hadoop.hdfs.server.namenode.web.resources.NamenodeWebHdfsMethods_java,2,216
org.apache.hadoop.service.launcher.IrqHandler_java,2,216
org.apache.hadoop.util.ServletUtil_java,2,216
org.apache.hadoop.yarn.client.RequestHedgingRMFailoverProxyProvider_java,2,216
org.apache.hadoop.fs.FileContextTestHelper_java,2,216
org.apache.hadoop.maven.plugin.resourcegz.ResourceGzMojo_java,2,216
org.apache.hadoop.fs.s3a.s3guard.DynamoDBMetadataStore_java,2,216
org.apache.hadoop.io.SequenceFile_java,2,216
org.apache.hadoop.yarn.server.resourcemanager.scheduler.capacity.conf.ZKConfigurationStore_java,2,216
org.apache.hadoop.ipc.WritableRpcEngine_java,2,216
org.apache.hadoop.security.ssl.SSLFactory_java,2,216
org.apache.hadoop.tracing.TraceAdmin_java,2,216
org.apache.hadoop.mount.MountInterface_java,2,216
org.apache.hadoop.crypto.key.kms.server.KMS_java,2,216
org.apache.hadoop.crypto.key.kms.server.KMSWebServer_java,1,271
org.apache.hadoop.fs.s3a.WriteOperationHelper_java,1,271
org.apache.hadoop.hdfs.server.datanode.ShortCircuitRegistry_java,1,271
org.apache.hadoop.hdfs.server.datanode.checker.AbstractFuture_java,1,271
org.apache.hadoop.mapreduce.MiniHadoopClusterManager_java,1,271
