file,bugChurn,rank
org.apache.ambari.server.upgrade.UpgradeCatalog270_java,1119,1
org.apache.ambari.server.controller.internal.BlueprintConfigurationProcessor_java,910,2
org.apache.ambari.metrics.core.timeline.PhoenixHBaseAccessor_java,859,3
org.apache.ambari.server.controller.AmbariManagementControllerImpl_java,811,4
org.apache.ambari.metrics.core.timeline.TimelineMetricSplitPointComputer_java,756,5
org.apache.ambari.server.state.ConfigHelper_java,655,6
org.apache.ambari.fast_hdfs_resource.Runner_java,590,7
org.apache.ambari.server.controller.KerberosHelperImpl_java,581,8
org.apache.ambari.server.events.MessageEmitter_java,561,9
org.apache.ambari.metrics.core.timeline.discovery.TimelineMetricMetadataManager_java,546,10
org.apache.ambari.logsearch.conf.UIMappingConfig_java,472,11
org.apache.ambari.server.events.publishers.AgentCommandsPublisher_java,448,12
org.apache.ambari.server.upgrade.UpgradeCatalog271_java,448,12
org.apache.ambari.server.utils.StageUtils_java,415,14
org.apache.ambari.logfeeder.input.InputFile_java,413,15
org.apache.ambari.server.controller.internal.ClientConfigResourceProvider_java,396,16
org.apache.ambari.server.agent.stomp.HostLevelParamsHolder_java,395,17
org.apache.ambari.metrics.core.timeline.upgrade.core.MetricsDataMigrationLauncher_java,340,18
org.apache.solr.security.InfraRuleBasedAuthorizationPlugin_java,303,19
org.apache.ambari.server.serveraction.kerberos.DestroyPrincipalsServerAction_java,299,20
org.apache.ambari.server.agent.stomp.AgentHostDataHolder_java,293,21
org.apache.ambari.logsearch.config.zookeeper.LogSearchConfigZKHelper_java,265,22
org.apache.ambari.logsearch.patterns.AmbariLogPatternIT_java,259,23
org.apache.ambari.server.serveraction.kerberos.KerberosServerAction_java,258,24
org.apache.ambari.server.checks.AmbariMetricsHadoopSinkVersionCompatibilityCheck_java,255,25
org.apache.ambari.server.checks.DatabaseConsistencyCheckHelper_java,248,26
org.apache.ambari.server.state.ServiceImpl_java,243,27
org.apache.ambari.metrics.core.timeline.ITPhoenixHBaseAccessor_java,239,28
org.apache.ambari.logsearch.manager.ServiceLogsManager_java,228,29
org.apache.ambari.view.utils.hdfs.DummyFileStatus_java,228,29
org.apache.ambari.logfeeder.input.InputManagerImpl_java,211,31
org.apache.ambari.server.state.cluster.ClusterImpl_java,207,32
org.apache.ambari.server.scheduler.ExecutionScheduleManager_java,206,33
org.apache.ambari.logsearch.conf.SecurityConfig_java,205,34
org.apache.ambari.logsearch.config.zookeeper.LogSearchConfigZK_java,204,35
org.apache.ambari.server.controller.internal.UpgradeResourceProvider_java,200,36
org.apache.ambari.server.state.alert.AlertHelper_java,197,37
org.apache.ambari.server.configuration.Configuration_java,197,37
org.apache.ambari.server.agent.stomp.dto.AlertCluster_java,196,39
org.apache.ambari.server.actionmanager.ActionDBAccessorImpl_java,190,40
org.apache.ambari.server.api.query.render.ClusterBlueprintRenderer_java,189,41
org.apache.ambari.metrics.core.timeline.TimelineMetricConfiguration_java,188,42
org.apache.ambari.logsearch.patterns.YarnLogPatternIT_java,187,43
org.apache.ambari.infra.solr.commands.DumpCollectionsCommand_java,181,44
org.apache.ambari.server.serveraction.kerberos.AbstractPrepareKerberosServerAction_java,172,45
org.apache.ambari.server.agent.stomp.AlertDefinitionsHolder_java,171,46
org.apache.ambari.metrics.core.timeline.uuid.Murmur3HashUuidGenStrategy_java,166,47
org.apache.ambari.metrics.core.timeline.query.PhoenixTransactSQL_java,166,47
org.apache.ambari.metrics.core.timeline.uuid.TimelineMetricUuid_java,165,49
org.apache.ambari.logsearch.conf.AuthPropsConfig_java,165,49
org.apache.ambari.metrics.core.timeline.upgrade.core.AbstractPhoenixMetricsCopier_java,164,51
org.apache.ambari.logsearch.common.VResponse_java,164,51
org.apache.ambari.logsearch.patterns.PatternITBase_java,163,53
org.apache.ambari.server.api.services.AmbariMetaInfo_java,162,54
org.apache.ambari.server.controller.AmbariCustomCommandExecutionHelper_java,161,55
org.apache.ambari.server.agent.RecoveryConfig_java,158,56
org.apache.ambari.server.state.UpgradeHelper_java,157,57
org.apache.ambari.metrics.core.timeline.aggregators.ITClusterAggregator_java,156,58
org.apache.ambari.server.controller.internal.StackVersionResourceProvider_java,153,59
org.apache.ambari.server.checks.ComponentsExistInRepoCheck_java,151,60
org.apache.ambari.logsearch.patterns.HiveLogPatterntIT_java,148,61
org.apache.ambari.server.agent.HeartBeatHandler_java,147,62
org.apache.ambari.server.topology.STOMPComponentsDeleteHandler_java,147,62
org.apache.ambari.server.agent.stomp.dto.MetadataCluster_java,146,64
org.apache.ambari.logsearch.patterns.SmartSenseLogPatternIT_java,145,65
org.apache.ambari.logfeeder.docker.DockerContainerRegistry_java,145,65
org.apache.ambari.logsearch.manager.AuditLogsManager_java,143,67
org.apache.ambari.logfeeder.util.FileUtil_java,143,67
org.apache.ambari.server.state.cluster.ClustersImpl_java,139,69
org.apache.ambari.infra.solr.AmbariSolrCloudCLI_java,138,70
org.apache.ambari.server.serveraction.kerberos.stageutils.KerberosKeytabController_java,138,70
org.apache.ambari.server.controller.internal.RequestResourceProvider_java,136,72
org.apache.ambari.server.alerts.StaleAlertRunnable_java,135,73
org.apache.ambari.server.serveraction.upgrades.FixTimelineReaderAddress_java,132,74
org.apache.ambari.logsearch.common.LabelFallbackHandler_java,130,75
org.apache.ambari.server.serveraction.upgrades.FixNotebookStorage_java,124,76
org.apache.ambari.server.serveraction.upgrades.DeleteUnsupportedServicesAndComponents_java,124,76
org.apache.ambari.logsearch.configurer.LogLevelManagerFilterConfigurer_java,123,78
org.apache.ambari.server.agent.RecoveryConfigComponent_java,118,79
org.apache.ambari.server.controller.UpdateConfigurationPolicy_java,116,80
org.apache.ambari.server.upgrade.UpgradeCatalog272_java,116,80
org.apache.ambari.server.state.stack.upgrade.RepositoryVersionHelper_java,115,82
org.apache.ambari.server.api.services.stackadvisor.commands.StackAdvisorCommand_java,114,83
org.apache.ambari.logsearch.patterns.StormLogPatternIT_java,114,83
org.apache.ambari.server.controller.logging.LoggingRequestHelperImpl_java,113,85
org.apache.ambari.server.state.ServiceComponentSupport_java,113,85
org.apache.ambari.logsearch.web.filters.LogSearchLogLevelFilterManagerFilter_java,112,87
org.apache.ambari.server.state.svccomphost.ServiceComponentHostImpl_java,112,87
org.apache.ambari.server.state.UpgradeContext_java,111,89
org.apache.ambari.logsearch.patterns.KafkaLogPatternIT_java,110,90
org.apache.ambari.logsearch.web.filters.LogSearchConfigStateFilter_java,109,91
org.apache.ambari.server.controller.DeleteIdentityHandler_java,108,92
org.apache.ambari.server.checks.KerberosAdminPersistedCredentialCheck_java,104,93
org.apache.ambari.server.serveraction.upgrades.OozieConfigCalculation_java,103,94
org.apache.ambari.server.checks.MissingOsInRepoVersionCheck_java,101,95
org.apache.ambari.logfeeder.input.monitor.DockerLogFileUpdateMonitor_java,101,95
org.apache.ambari.server.upgrade.UpgradeCatalog262_java,100,97
org.apache.ambari.server.controller.AmbariManagementController_java,100,97
org.apache.ambari.logsearch.steps.LogSearchConfigApiSteps_java,100,97
org.apache.ambari.server.controller.internal.HostResourceProvider_java,100,97
org.apache.ambari.logsearch.web.filters.AbstractLogsearchGlobalStateFilter_java,100,97
org.apache.ambari.metrics.core.timeline.TimelineMetricsIgniteCache_java,99,102
org.apache.ambari.logfeeder.input.file.FileCheckInHelper_java,99,102
org.apache.ambari.server.orm.dao.RequestDAO_java,98,104
org.apache.ambari.logsearch.patterns.HdfsAuditLogPatternIT_java,98,104
org.apache.ambari.server.actionmanager.ExecutionCommandWrapper_java,98,104
org.apache.ambari.server.agent.ExecutionCommand_java,97,107
org.apache.ambari.logfeeder.conf.LogFeederProps_java,96,108
org.apache.ambari.logsearch.patterns.RangerLogPatternIT_java,95,109
org.apache.ambari.server.configuration.SingleFileWatch_java,95,109
org.apache.ambari.logsearch.util.JSONUtil_java,95,109
org.apache.ambari.server.agent.stomp.TopologyHolder_java,93,112
org.apache.ambari.logsearch.common.PropertiesSplitter_java,93,112
org.apache.ambari.logfeeder.input.file.ResumeLineNumberHelper_java,91,114
org.apache.ambari.server.agent.stomp.MetadataHolder_java,91,114
org.apache.ambari.view.utils.hdfs.ConfigurationBuilder_java,91,114
org.apache.ambari.logfeeder.output.OutputSolr_java,90,117
org.apache.ambari.server.serveraction.upgrades.CreateZeppelinSiteConfig_java,90,117
org.apache.ambari.server.agent.stomp.dto.HostRepositories_java,90,117
org.apache.ambari.logsearch.util.DateUtil_java,90,117
org.apache.ambari.infra.solr.domain.json.SolrCollection_java,89,121
org.apache.ambari.server.controller.KerberosDetails_java,89,121
org.apache.ambari.server.AmbariRuntimeException_java,88,123
org.apache.ambari.metrics.core.timeline.aggregators.ITMetricAggregator_java,88,123
org.apache.ambari.server.serveraction.upgrades.FixSparkYarnIdentity_java,87,125
org.apache.ambari.logsearch.patterns.MetricsLogPatternIT_java,87,125
org.apache.ambari.server.agent.HeartbeatProcessor_java,87,125
org.apache.ambari.server.security.authentication.AmbariUserDetails_java,86,128
org.apache.ambari.server.controller.metrics.timeline.cache.TimelineMetricsCacheSizeOfEngine_java,85,129
org.apache.ambari.server.agent.HeartbeatMonitor_java,84,130
org.apache.ambari.logsearch.model.request.impl.ShipperConfigTestRequest_java,83,131
org.apache.ambari.logfeeder.LogFeederCommandLine_java,82,132
org.apache.ambari.logsearch.auth.filter.AbstractJWTFilter_java,81,133
org.apache.ambari.server.state.stack.upgrade.RegenerateKeytabsTask_java,81,133
org.apache.ambari.logfeeder.docker.DockerMetadata_java,81,133
org.apache.ambari.logsearch.patterns.Spark2LogPatternIT_java,80,136
org.apache.ambari.server.state.host.HostImpl_java,80,136
org.apache.ambari.logsearch.patterns.KnoxLogPatternIT_java,79,138
org.apache.ambari.server.serveraction.upgrades.AddSparkUserToYarnACLAdminQueue_java,79,138
org.apache.ambari.logfeeder.input.monitor.LogFileDetachMonitor_java,79,138
org.apache.ambari.logsearch.domain.WebClient_java,79,138
org.apache.ambari.server.agent.RecoveryConfigHelper_java,77,142
org.apache.ambari.metrics.core.timeline.upgrade.core.PhoenixHostMetricsCopier_java,77,142
org.apache.ambari.server.controller.internal.ConfigGroupResourceProvider_java,76,144
org.apache.ambari.server.agent.stomp.AgentClusterDataHolder_java,76,144
org.apache.ambari.server.agent.AgentReportsProcessor_java,75,146
org.apache.ambari.metrics.core.timeline.upgrade.core.PhoenixClusterMetricsCopier_java,74,147
org.apache.ambari.logsearch.patterns.Log4jXml_java,74,147
org.apache.ambari.logfeeder.input.monitor.LogFilePathUpdateMonitor_java,74,147
org.apache.ambari.metrics.core.timeline.HBaseTimelineMetricsService_java,74,147
org.apache.ambari.logsearch.solr.ResponseDataGenerator_java,73,151
org.apache.ambari.server.orm.dao.KerberosKeytabPrincipalDAO_java,73,151
org.apache.ambari.server.events.AgentActionEvent_java,73,151
org.apache.ambari.server.controller.logging.LoggingRequestHelperFactoryImpl_java,72,154
org.apache.ambari.server.events.publishers.ServiceUpdateEventPublisher_java,72,154
org.apache.ambari.server.state.SingleSignOnInfo_java,72,154
org.apache.ambari.view.utils.hdfs.DummyNonHdfsFileStatus_java,72,154
org.apache.ambari.server.events.publishers.RequestUpdateEventPublisher_java,71,158
org.apache.ambari.server.orm.DBAccessorImpl_java,71,158
org.apache.ambari.logsearch.converter.AbstractOperationHolderConverter_java,70,160
org.apache.ambari.server.upgrade.AbstractUpgradeCatalog_java,69,161
org.apache.ambari.server.agent.stomp.dto.ComponentVersionReport_java,68,162
org.apache.ambari.logsearch.util.RESTErrorUtil_java,68,162
org.apache.ambari.server.controller.utilities.KerberosIdentityCleaner_java,67,164
org.apache.ambari.logsearch.web.filters.LogsearchKRBAuthenticationFilter_java,67,164
org.apache.ambari.logsearch.patterns.HBaseLogPatternIT_java,65,166
org.apache.ambari.logsearch.patterns.ZeppelinLogPatternIT_java,65,166
org.apache.ambari.logsearch.patterns.Log4jProperties_java,65,166
org.apache.ambari.server.state.ServiceInfo_java,65,166
org.apache.ambari.infra.solr.AmbariSolrCloudClient_java,64,170
org.apache.ambari.logsearch.model.common.LSServerInputFile_java,64,170
org.apache.ambari.server.agent.stomp.dto.AckReport_java,64,170
org.apache.ambari.logfeeder.input.monitor.AbstractLogFileMonitor_java,64,170
org.apache.ambari.server.topology.TopologyManager_java,64,170
org.apache.ambari.logfeeder.common.LogFeederSolrClientFactory_java,64,170
org.apache.ambari.logsearch.patterns.ZookeeperLogPatternIT_java,63,176
org.apache.ambari.server.agent.stomp.AgentReportsController_java,63,176
org.apache.ambari.server.api.resources.StackVersionResourceDefinition_java,62,178
org.apache.ambari.logsearch.patterns.HDFSLogPatternIT_java,62,178
org.apache.ambari.logfeeder.common.IdGeneratorHelper_java,62,178
org.apache.ambari.logsearch.patterns.AtlasLogPatternIT_java,62,178
org.apache.ambari.logsearch.model.request.ShipperConfigTestParams_java,61,182
org.apache.ambari.logsearch.patterns.StackDefContent_java,61,182
org.apache.ambari.logfeeder.docker.command.DockerInspectContainerCommand_java,61,182
org.apache.ambari.logsearch.handler.AbstractSolrConfigHandler_java,60,185
org.apache.ambari.server.controller.internal.RepositoryVersionResourceProvider_java,60,185
org.apache.ambari.logfeeder.output.OutputManagerImpl_java,60,185
org.apache.ambari.server.agent.StaleAlert_java,59,188
org.apache.ambari.logsearch.patterns.ListAppender_java,59,188
org.apache.ambari.server.utils.ScheduledExecutorCompletionService_java,58,190
org.apache.ambari.logfeeder.input.monitor.CheckpointCleanupMonitor_java,58,190
org.apache.ambari.server.events.ExecutionCommandEvent_java,57,192
org.apache.ambari.infra.solr.domain.json.SolrCoreData_java,57,192
org.apache.ambari.logfeeder.ContainerMetadata_java,56,194
org.apache.ambari.metrics.webapp.TimelineWebServices_java,56,194
org.apache.ambari.server.events.HostsRemovedEvent_java,56,194
org.apache.ambari.server.controller.metrics.MetricsCollectorHAManager_java,56,194
org.apache.ambari.server.events.HostLevelParamsUpdateEvent_java,55,198
org.apache.ambari.server.events.DefaultMessageEmitter_java,55,198
org.apache.ambari.infra.solr.domain.json.SolrShard_java,55,198
org.apache.ambari.logfeeder.docker.command.DockerListContainerCommand_java,54,201
org.apache.solr.security.InfraKerberosHostValidator_java,54,201
org.apache.ambari.logsearch.dao.SolrDaoBase_java,54,201
org.apache.ambari.server.security.encryption.MasterKeyServiceImpl_java,53,204
org.apache.ambari.server.state.stack.upgrade.SecurityCondition_java,53,204
org.apache.ambari.logsearch.manager.EventHistoryManager_java,53,204
org.apache.ambari.server.events.publishers.STOMPUpdatePublisher_java,52,207
org.apache.ambari.logfeeder.docker.command.CommandExecutionHelper_java,52,207
org.apache.ambari.server.events.ServiceCredentialStoreUpdateEvent_java,52,207
org.apache.ambari.logsearch.web.filters.LogsearchEventHistoryStateFilter_java,52,207
org.apache.ambari.server.topology.HostRequest_java,52,207
org.apache.ambari.logsearch.web.filters.LogsearchAuditLogsStateFilter_java,51,212
org.apache.ambari.server.controller.internal.ServiceResourceProvider_java,51,212
org.apache.ambari.logsearch.dao.UserDao_java,51,212
org.apache.ambari.server.events.publishers.BufferedUpdateEventPublisher_java,51,212
org.apache.ambari.logsearch.web.filters.LogsearchServiceLogsStateFilter_java,51,212
org.apache.ambari.logfeeder.conf.ApplicationConfig_java,50,217
org.apache.ambari.logfeeder.docker.DockerContainerRegistryMonitor_java,50,217
org.apache.ambari.server.controller.KerberosHelper_java,50,217
org.apache.ambari.logsearch.solr.model.SolrCommonLogData_java,49,220
org.apache.ambari.server.checks.CheckDescription_java,49,220
org.apache.ambari.server.agent.stomp.dto.HostLevelParamsCluster_java,49,220
org.apache.solr.security.InfraUserRolesLookupStrategy_java,49,220
org.apache.ambari.server.controller.AmbariServer_java,48,224
org.apache.ambari.logfeeder.docker.command.CommandResponse_java,48,224
org.apache.ambari.server.controller.internal.AbstractProviderModule_java,48,224
org.apache.ambari.metrics.core.timeline.TimelineMetricsFilter_java,47,227
org.apache.ambari.infra.solr.AmbariSolrCloudClientBuilder_java,47,227
org.apache.ambari.logfeeder.loglevelfilter.LogLevelFilterHandler_java,47,227
org.apache.ambari.server.events.listeners.tasks.TaskStatusListener_java,46,230
org.apache.ambari.logsearch.steps.LogSearchApiSteps_java,46,230
org.apache.ambari.server.orm.dao.KerberosPrincipalDAO_java,46,230
org.apache.ambari.logsearch.patterns.Log4jXmlProperties_java,45,233
org.apache.ambari.fast_hdfs_resource.Resource_java,45,233
org.apache.ambari.logsearch.model.metadata.ServiceComponentMetadataWrapper_java,45,233
org.apache.ambari.infra.solr.commands.TransferZnodeZkCommand_java,45,233
org.apache.ambari.logsearch.model.metadata.AuditFieldMetadataResponse_java,45,233
org.apache.ambari.logsearch.model.metadata.FieldMetadata_java,45,233
org.apache.ambari.server.agent.stomp.dto.ComponentVersionReports_java,45,233
org.apache.ambari.server.topology.LogicalRequest_java,44,240
org.apache.ambari.server.security.ldap.AmbariLdapDataPopulator_java,44,240
org.apache.ambari.server.security.CertificateManager_java,44,240
org.apache.ambari.server.orm.dao.KerberosKeytabDAO_java,43,243
org.apache.ambari.metrics.core.timeline.MetricTestHelper_java,43,243
org.apache.ambari.server.controller.utilities.state.HDFSServiceCalculatedState_java,43,243
org.apache.ambari.server.agent.stomp.StompResponse_java,42,246
org.apache.ambari.view.utils.hdfs.HdfsApi_java,42,246
org.apache.ambari.server.agent.CommandRepository_java,42,246
org.apache.ambari.server.controller.logging.HostLogFilesResponse_java,42,246
org.apache.ambari.logsearch.common.LogSearchConstants_java,42,246
org.apache.ambari.server.state.scheduler.RequestExecutionImpl_java,41,251
org.apache.hadoop.metrics2.sink.timeline.TimelineMetricMetadata_java,41,251
org.apache.ambari.server.controller.metrics.CollectorHostDownRefreshCounter_java,41,251
org.apache.hadoop.metrics2.sink.timeline.TimelineMetric_java,41,251
org.apache.ambari.logsearch.dao.EventHistorySolrDao_java,41,251
org.apache.ambari.server.api.services.parsers.JsonRequestBodyParser_java,41,251
org.apache.ambari.logsearch.model.metadata.Metadata_java,40,257
org.apache.ambari.logfeeder.ContainerRegistry_java,40,257
org.apache.ambari.server.view.ViewExtractor_java,40,257
org.apache.ambari.metrics.core.timeline.StandaloneHBaseTestingUtility_java,39,260
org.apache.ambari.logsearch.patterns.AmbariInfraSolrLogPatternIT_java,39,260
org.apache.ambari.logfeeder.filter.FilterGrok_java,39,260
org.apache.ambari.server.state.Cluster_java,39,260
org.apache.ambari.logsearch.solr.model.SolrServiceLogData_java,39,260
org.apache.ambari.server.state.alert.AlertDefinition_java,38,265
org.apache.ambari.server.events.listeners.alerts.AlertDefinitionsUIUpdateListener_java,38,265
org.apache.ambari.logsearch.model.metadata.ComponentMetadata_java,38,265
org.apache.ambari.server.security.authentication.AmbariUserAuthentication_java,37,268
org.apache.ambari.infra.solr.commands.DeleteZnodeZkCommand_java,37,268
org.apache.ambari.server.topology.Configuration_java,37,268
org.apache.ambari.server.controller.internal.WidgetResourceProvider_java,37,268
org.apache.ambari.logsearch.handler.UploadConfigurationHandler_java,37,268
org.apache.ambari.server.orm.entities.KerberosKeytabPrincipalEntity_java,37,268
org.apache.ambari.logfeeder.plugin.input.Input_java,36,274
org.apache.ambari.server.agent.ComponentStatusAgentReport_java,36,274
org.apache.ambari.server.controller.internal.BlueprintResourceProvider_java,36,274
org.apache.ambari.server.topology.ConfigurationFactory_java,36,274
org.apache.ambari.server.agent.CommandStatusAgentReport_java,36,274
org.apache.ambari.server.agent.ComponentVersionAgentReport_java,36,274
org.apache.ambari.server.agent.AgentReport_java,36,274
org.apache.ambari.server.events.AmbariEvent_java,36,274
org.apache.ambari.server.serveraction.upgrades.AddComponentAction_java,35,282
org.apache.ambari.server.controller.internal.HostComponentResourceProvider_java,35,282
org.apache.ambari.server.events.ClusterProvisionStartedEvent_java,35,282
org.apache.ambari.logsearch.rest.ShipperConfigResource_java,35,282
org.apache.ambari.server.agent.HostStatusAgentReport_java,35,282
org.apache.ambari.server.events.ClusterProvisionedEvent_java,35,282
org.apache.ambari.server.events.listeners.alerts.AlertMaintenanceModeListener_java,35,282
org.apache.ambari.logfeeder.docker.command.ContainerCommand_java,35,282
org.apache.ambari.logsearch.conf.global.LogLevelFilterManagerState_java,35,282
org.apache.ambari.server.serveraction.kerberos.KDCKerberosOperationHandler_java,35,282
org.apache.ambari.server.state.BlueprintProvisioningState_java,34,292
org.apache.ambari.server.controller.ServiceResponse_java,34,292
org.apache.ambari.server.state.stack.upgrade.ClusterGrouping_java,34,292
org.apache.ambari.server.api.services.RequestScheduleService_java,34,292
org.apache.ambari.logsearch.config.zookeeper.LogSearchConfigLogFeederZK_java,34,292
org.apache.ambari.server.state.ConfigImpl_java,34,292
org.apache.ambari.logfeeder.filter.DockerLogFilter_java,34,292
org.apache.ambari.server.agent.stomp.dto.TopologyCluster_java,33,299
org.apache.ambari.server.security.authorization.AmbariLdapAuthenticationProvider_java,33,299
org.apache.ambari.server.alerts.AlertRunnable_java,33,299
org.apache.ambari.server.orm.entities.StackEntity_java,33,299
org.apache.ambari.server.events.AgentConfigsUpdateEvent_java,33,299
org.apache.ambari.logsearch.model.request.UserParamDefinition_java,33,299
org.apache.ambari.logsearch.domain.StoryDataRegistry_java,33,299
org.apache.ambari.server.events.listeners.alerts.AlertReceivedListener_java,32,306
org.apache.ambari.server.events.MessageNotDelivered_java,32,306
org.apache.ambari.logsearch.manager.ShipperConfigManager_java,32,306
org.apache.ambari.server.agent.stomp.dto.HashAndTimestampIgnoreMixIn_java,32,306
org.apache.ambari.server.topology.AsyncCallableService_java,32,306
org.apache.ambari.server.controller.internal.RequestScheduleResourceProvider_java,31,311
org.apache.ambari.logsearch.config.api.model.inputconfig.CustomDescriptor_java,31,311
org.apache.ambari.server.serveraction.AbstractServerAction_java,31,311
org.apache.ambari.server.api.services.stackadvisor.StackAdvisorHelper_java,31,311
org.apache.ambari.server.events.AmbariPropertiesChangedEvent_java,31,311
org.apache.ambari.logfeeder.plugin.input.cache.LRUCache_java,31,311
org.apache.ambari.server.serveraction.kerberos.FinalizeKerberosServerAction_java,30,317
org.apache.ambari.server.orm.entities.RepoDefinitionEntity_java,30,317
org.apache.ambari.server.testutils.PartialNiceMockBinder_java,30,317
org.apache.ambari.server.events.publishers.HostComponentUpdateEventPublisher_java,30,317
org.apache.ambari.logsearch.common.ACLPropertiesSplitter_java,29,321
org.apache.ambari.logsearch.common.StatusMessage_java,29,321
org.apache.ambari.server.controller.RepositoryResponse_java,29,321
org.apache.ambari.server.api.services.stackadvisor.commands.ConfigurationRecommendationCommand_java,29,321
org.apache.ambari.server.agent.stomp.dto.HashIgnoreMixIn_java,29,321
org.apache.ambari.server.orm.entities.ClusterEntity_java,28,326
org.apache.ambari.server.events.STOMPEvent_java,28,326
org.apache.ambari.server.orm.entities.TopologyHostRequestEntity_java,27,328
org.apache.ambari.server.agent.stomp.AgentConfigsHolder_java,27,328
org.apache.ambari.logsearch.config.zookeeper.LogLevelFilterManagerZK_java,27,328
org.apache.ambari.server.view.ViewRegistry_java,27,328
org.apache.ambari.server.topology.ClusterConfigurationRequest_java,27,328
org.apache.ambari.logsearch.patterns.JinjaFunctions_java,27,328
org.apache.ambari.logsearch.model.metadata.Labelable_java,27,328
org.apache.ambari.server.serveraction.kerberos.PrepareKerberosIdentitiesServerAction_java,27,328
org.apache.ambari.server.stack.StackModule_java,26,336
org.apache.ambari.logsearch.conf.SolrConnectionPropsConfig_java,26,336
org.apache.ambari.server.security.InternalSSLSocketFactory_java,26,336
org.apache.ambari.logsearch.conf.SolrAuditLogPropsConfig_java,26,336
org.apache.ambari.server.agent.stomp.dto.TopologyComponent_java,26,336
org.apache.ambari.logsearch.patterns.Log4jContent_java,25,341
org.apache.ambari.server.controller.AmbariActionExecutionHelper_java,25,341
org.apache.ambari.server.orm.OrmTestHelper_java,25,341
org.apache.ambari.logsearch.model.metadata.Filterable_java,25,341
org.apache.ambari.logsearch.conf.LogSearchConfigApiConfig_java,25,341
org.apache.ambari.logsearch.model.metadata.Groupable_java,25,341
org.apache.ambari.server.events.ClusterComponentsRepoChangedEvent_java,25,341
org.apache.ambari.logsearch.model.common.LSServerFilterGrok_java,25,341
org.apache.ambari.logsearch.model.metadata.Visible_java,25,341
org.apache.ambari.logfeeder.util.LogFeederUtil_java,24,350
org.apache.ambari.logsearch.web.security.LogsearchAuthenticationProvider_java,24,350
org.apache.ambari.server.events.listeners.services.ServiceUpdateListener_java,24,350
org.apache.ambari.server.agent.stomp.ReportsResponse_java,24,350
org.apache.hadoop.metrics2.sink.timeline.SingleValuedTimelineMetric_java,24,350
org.apache.ambari.server.serveraction.kerberos.ConfigureAmbariIdentitiesServerAction_java,24,350
org.apache.ambari.server.agent.stomp.dto.MetadataServiceInfo_java,24,350
org.apache.ambari.server.state.RepositoryInfo_java,24,350
org.apache.ambari.logfeeder.common.LogEntryParseTester_java,24,350
org.apache.ambari.metrics.core.timeline.aggregators.AbstractTimelineAggregator_java,24,350
org.apache.ambari.server.orm.dao.ViewURLDAO_java,24,350
org.apache.ambari.server.topology.HostOfferResponse_java,23,361
org.apache.ambari.logsearch.patterns.LayoutQuery_java,23,361
org.apache.ambari.server.agent.stomp.dto.ClusterConfigs_java,23,361
org.apache.ambari.server.stack.StackManager_java,23,361
org.apache.ambari.logsearch.steps.AbstractLogSearchSteps_java,23,361
org.apache.ambari.server.state.stack.StackMetainfoXml_java,23,361
org.apache.ambari.logsearch.util.SolrUtil_java,22,367
org.apache.ambari.logsearch.config.api.model.inputconfig.MapCustomDescriptor_java,22,367
org.apache.ambari.server.controller.internal.UserResourceProvider_java,22,367
org.apache.ambari.metrics.core.timeline.aggregators.TimelineMetricClusterAggregatorSecond_java,22,367
org.apache.ambari.logsearch.config.api.model.inputconfig.InputCustomDescriptor_java,22,367
org.apache.ambari.server.stack.StackManagerMock_java,22,367
org.apache.ambari.server.orm.entities.KerberosPrincipalEntity_java,22,367
org.apache.ambari.server.controller.ActionExecutionContext_java,21,374
org.apache.ambari.server.agent.stomp.AgentDataHolder_java,21,374
org.apache.ambari.server.orm.entities.UserAuthenticationEntity_java,21,374
org.apache.ambari.server.controller.logging.LogSearchDataRetrievalService_java,21,374
org.apache.ambari.server.events.MetadataUpdateEvent_java,20,378
org.apache.ambari.server.stack.HostsType_java,20,378
org.apache.ambari.logsearch.config.json.model.inputconfig.impl.InputDescriptorImpl_java,20,378
org.apache.ambari.server.serveraction.kerberos.CleanupServerAction_java,20,378
org.apache.ambari.server.topology.tasks.TopologyTask_java,20,378
org.apache.ambari.logsearch.model.common.LSServerPostMapValuesListDeserializer_java,20,378
org.apache.ambari.server.events.listeners.requests.STOMPUpdateListener_java,20,378
org.apache.ambari.server.events.listeners.upgrade.StackVersionListener_java,19,385
org.apache.ambari.logsearch.model.request.impl.AuditServiceLoadRequest_java,19,385
org.apache.ambari.server.orm.entities.HostComponentDesiredStateEntity_java,19,385
org.apache.ambari.logfeeder.common.ConfigHandler_java,19,385
org.apache.ambari.server.state.Service_java,19,385
org.apache.ambari.server.orm.entities.UserEntity_java,19,385
org.apache.ambari.server.orm.dao.HostRoleCommandDAO_java,19,385
org.apache.ambari.server.orm.dao.ClusterDAO_java,18,392
org.apache.ambari.metrics.core.timeline.TimelineMetricStoreWatcher_java,18,392
org.apache.ambari.metrics.core.timeline.aggregators.TimelineMetricReadHelper_java,18,392
org.apache.ambari.server.topology.AmbariContext_java,18,392
org.apache.ambari.server.security.authorization.Users_java,18,392
org.apache.ambari.server.orm.entities.HostComponentStateEntity_java,18,392
org.apache.ambari.server.controller.utilities.RemovableIdentities_java,18,392
org.apache.ambari.logsearch.web.filters.LogsearchJWTFilter_java,18,392
org.apache.ambari.logsearch.model.request.impl.TopFieldAuditLogRequest_java,17,400
org.apache.ambari.server.configuration.spring.RootStompConfig_java,17,400
org.apache.ambari.server.controller.StackServiceResponse_java,17,400
org.apache.ambari.logsearch.rest.ServiceLogsResource_java,17,400
org.apache.ambari.logsearch.model.request.impl.AuditComponentRequest_java,17,400
org.apache.ambari.server.controller.internal.DeleteHostComponentStatusMetaData_java,17,400
org.apache.ambari.server.state.alert.AlertDefinitionHash_java,17,400
org.apache.ambari.logsearch.model.common.LSServerInput_java,17,400
org.apache.ambari.server.scheduler.AbstractLinearExecutionJob_java,17,400
org.apache.ambari.server.orm.entities.RequestEntity_java,17,400
org.apache.ambari.server.events.AlertDefinitionDisabledEvent_java,17,400
org.apache.ambari.logsearch.model.request.impl.body.TopFieldAuditLogBodyRequest_java,17,400
org.apache.ambari.logsearch.model.request.impl.FieldAuditBarGraphRequest_java,16,412
org.apache.ambari.annotations.SwaggerOverwriteNestedAPI_java,16,412
org.apache.ambari.logsearch.model.request.impl.AuditBarGraphRequest_java,16,412
org.apache.ambari.logsearch.rest.AuditLogsResource_java,16,412
org.apache.ambari.server.actionmanager.Stage_java,16,412
org.apache.ambari.logfeeder.plugin.common.ConfigItem_java,16,412
org.apache.ambari.server.events.ServiceUpdateEvent_java,16,412
org.apache.ambari.server.actionmanager.Request_java,16,412
org.apache.ambari.server.controller.StackServiceComponentResponse_java,16,412
org.apache.ambari.logsearch.model.request.impl.AuditLogRequest_java,16,412
org.apache.ambari.logsearch.model.request.impl.UserExportRequest_java,16,412
org.apache.ambari.logsearch.model.request.impl.FieldAuditLogRequest_java,16,412
org.apache.ambari.server.state.ConfigMergeHelper_java,15,424
org.apache.ambari.logsearch.model.response.ServiceLogData_java,15,424
org.apache.ambari.server.controller.internal.VersionDefinitionResourceProvider_java,15,424
org.apache.ambari.server.orm.dao.RepositoryVersionDAO_java,15,424
org.apache.ambari.server.controller.metrics.MetricsCollectorHAClusterState_java,15,424
org.apache.ambari.logsearch.story.LogSearchBackendStories_java,15,424
org.apache.ambari.server.agent.HeartbeatTestHelper_java,15,424
org.apache.ambari.annotations.ExperimentalFeature_java,15,424
org.apache.ambari.server.events.listeners.alerts.AlertDefinitionDisabledListener_java,15,424
org.apache.ambari.server.orm.helpers.dbms.GenericDbmsHelper_java,14,433
org.apache.ambari.server.serveraction.kerberos.CreateKeytabFilesServerAction_java,14,433
org.apache.ambari.server.events.TopologyUpdateEvent_java,14,433
org.apache.ambari.server.stack.MasterHostResolver_java,14,433
org.apache.ambari.server.events.listeners.alerts.AlertGroupsUpdateListener_java,14,433
org.apache.ambari.server.controller.internal.StackServiceResourceProvider_java,14,433
org.apache.ambari.server.controller.internal.HostStackVersionResourceProvider_java,14,433
org.apache.ambari.server.utils.VersionUtils_java,13,440
org.apache.ambari.server.serveraction.upgrades.UpdateDesiredRepositoryAction_java,13,440
org.apache.ambari.logsearch.configurer.SolrCollectionConfigurer_java,13,440
org.apache.ambari.server.configuration.spring.AgentStompConfig_java,13,440
org.apache.ambari.server.controller.internal.ActiveWidgetLayoutResourceProvider_java,13,440
org.apache.ambari.server.controller.metrics.MetricHostProvider_java,12,445
org.apache.oozie.ambari.view.OozieProxyImpersonator_java,12,445
org.apache.ambari.server.state.stack.upgrade.Task_java,12,445
org.apache.ambari.server.ldap.service.AmbariLdapConfigurationProvider_java,12,445
org.apache.ambari.server.stack.StackDirectory_java,12,445
org.apache.ambari.server.orm.dao.HostConfigMappingDAO_java,12,445
org.apache.ambari.server.api.query.render.AlertSummaryGroupedRenderer_java,12,445
org.apache.ambari.server.controller.internal.ViewURLResourceProvider_java,12,445
org.apache.ambari.server.state.Host_java,12,445
org.apache.ambari.server.security.authorization.AuthorizationHelper_java,12,445
org.apache.ambari.server.serveraction.upgrades.AbstractUpgradeServerAction_java,12,445
org.apache.ambari.server.events.RequestUpdateEvent_java,12,445
org.apache.ambari.server.topology.PersistedStateImpl_java,11,457
org.apache.ambari.server.stack.RepoUtil_java,11,457
org.apache.ambari.logsearch.web.filters.LogsearchAuthenticationEntryPoint_java,11,457
org.apache.ambari.server.security.authentication.kerberos.AmbariAuthToLocalUserDetailsService_java,11,457
org.apache.ambari.server.orm.entities.RequestScheduleEntity_java,11,457
org.apache.ambari.server.controller.logging.LoggingRequestHelper_java,11,457
org.apache.ambari.logsearch.converter.AuditComponentsRequestQueryConverter_java,11,457
org.apache.hadoop.metrics2.sink.timeline.TimelineMetrics_java,11,457
org.apache.ambari.server.ldap.domain.AmbariLdapConfiguration_java,11,457
org.apache.ambari.server.controller.PrereqCheckRequest_java,11,457
org.apache.ambari.server.serveraction.kerberos.CreatePrincipalsServerAction_java,11,457
org.apache.ambari.server.security.authorization.AmbariUserAuthorizationFilter_java,11,457
org.apache.ambari.logfeeder.input.InputSimulate_java,10,469
org.apache.ambari.server.state.scheduler.BatchRequest_java,10,469
org.apache.ambari.server.state.scheduler.RequestExecution_java,10,469
org.apache.ambari.server.controller.ControllerModule_java,10,469
org.apache.ambari.logsearch.converter.AuditServiceLoadRequestQueryConverter_java,10,469
org.apache.ambari.server.orm.entities.ViewURLEntity_java,10,469
org.apache.ambari.server.security.authentication.jwt.AmbariJwtAuthenticationProvider_java,10,469
org.apache.ambari.logsearch.converter.UserExportRequestQueryConverter_java,10,469
org.apache.ambari.server.state.scheduler.BatchSettings_java,10,469
org.apache.ambari.logsearch.converter.AuditBarGraphRequestQueryConverter_java,10,469
org.apache.ambari.server.agent.Register_java,10,469
org.apache.ambari.server.controller.internal.ThemeArtifactResourceProvider_java,10,469
org.apache.ambari.metrics.core.timeline.TimelineMetricStore_java,10,469
org.apache.ambari.server.controller.internal.ComponentResourceProvider_java,10,469
org.apache.ambari.logsearch.config.api.model.inputconfig.InputDescriptor_java,9,483
org.apache.ambari.server.state.CustomCommandDefinition_java,9,483
org.apache.ambari.server.topology.BlueprintValidatorImpl_java,9,483
org.apache.ambari.server.orm.entities.UpgradeEntity_java,9,483
org.apache.ambari.server.security.authorization.LdapServerProperties_java,9,483
org.apache.ambari.logsearch.converter.TopFieldAuditLogRequestQueryConverter_java,9,483
org.apache.ambari.logsearch.converter.FieldAuditLogRequestQueryConverter_java,9,483
org.apache.ambari.server.state.Clusters_java,9,483
org.apache.ambari.server.events.HostRegisteredEvent_java,9,483
org.apache.ambari.server.api.services.stackadvisor.StackAdvisorRunner_java,9,483
org.apache.ambari.logsearch.config.api.model.inputconfig.InputFileDescriptor_java,9,483
org.apache.ambari.server.orm.entities.AlertDefinitionEntity_java,9,483
org.apache.ambari.server.serveraction.kerberos.KDCType_java,8,495
org.apache.ambari.server.state.host.HostRegistrationRequestEvent_java,8,495
org.apache.ambari.server.stack.StackServiceDirectory_java,8,495
org.apache.ambari.server.update.HostUpdateHelper_java,8,495
org.apache.ambari.server.serveraction.kerberos.IPAKerberosOperationHandler_java,8,495
org.apache.ambari.logfeeder.common.LogFeederConstants_java,8,495
org.apache.ambari.server.controller.internal.DefaultProviderModule_java,8,495
org.apache.ambari.server.state.repository.VersionDefinitionXml_java,8,495
org.apache.ambari.server.actionmanager.ActionScheduler_java,8,495
org.apache.ambari.logfeeder.plugin.output.Output_java,8,495
org.apache.ambari.server.serveraction.kerberos.PrepareDisableKerberosServerAction_java,7,505
org.apache.ambari.server.stack.ServiceModule_java,7,505
org.apache.ambari.logsearch.conf.LogSearchJerseyResourceConfig_java,7,505
org.apache.ambari.logsearch.conf.SolrConfig_java,7,505
org.apache.ambari.logsearch.config.zookeeper.LogSearchConfigServerZK_java,7,505
org.apache.ambari.server.security.authentication.AmbariLocalAuthenticationProvider_java,7,505
org.apache.ambari.server.controller.internal.CalculatedStatus_java,7,505
org.apache.ambari.logsearch.converter.AuditLogRequestQueryConverter_java,7,505
org.apache.ambari.server.controller.internal.RepositoryResourceProvider_java,7,505
org.apache.ambari.server.state.scheduler.BatchRequestJob_java,7,505
org.apache.ambari.server.events.listeners.upgrade.StackUpgradeFinishListener_java,7,505
org.apache.ambari.server.agent.HeartBeat_java,7,505
org.apache.ambari.server.configuration.AmbariServerConfigurationKey_java,6,517
org.apache.ambari.logfeeder.LogFeeder_java,6,517
org.apache.ambari.logfeeder.plugin.manager.InputManager_java,6,517
org.apache.ambari.server.api.services.stackadvisor.commands.ComponentLayoutValidationCommand_java,6,517
org.apache.ambari.logsearch.converter.ServiceLogLevelDateRangeRequestQueryConverter_java,6,517
org.apache.ambari.logsearch.doc.DocConstants_java,6,517
org.apache.ambari.server.api.services.stackadvisor.commands.ComponentLayoutRecommendationCommand_java,6,517
org.apache.ambari.server.orm.dao.TopologyRequestDAO_java,6,517
org.apache.ambari.logfeeder.plugin.filter.Filter_java,6,517
org.apache.ambari.logsearch.handler.CreateCollectionHandler_java,6,517
org.apache.ambari.logfeeder.conf.LogFeederSecurityConfig_java,6,517
org.apache.ambari.server.security.authentication.pam.AmbariPamAuthenticationProvider_java,6,517
org.apache.ambari.metrics.core.timeline.aggregators.TimelineMetricClusterAggregator_java,6,517
org.apache.ambari.server.api.services.stackadvisor.commands.ConfigurationDependenciesRecommendationCommand_java,6,517
org.apache.ambari.infra.solr.commands.CreateCollectionCommand_java,6,517
org.apache.ambari.logsearch.solr.SolrConstants_java,6,517
org.apache.ambari.server.api.services.stackadvisor.commands.ConfigurationValidationCommand_java,6,517
org.apache.ambari.server.orm.dao.AlertDefinitionDAO_java,6,517
org.apache.ambari.server.api.services.ClusterService_java,5,535
org.apache.ambari.server.orm.entities.HostRoleCommandEntity_java,5,535
org.apache.ambari.server.topology.tasks.ConfigureClusterTask_java,5,535
org.apache.ambari.server.state.Config_java,5,535
org.apache.ambari.logsearch.manager.InfoManager_java,5,535
org.apache.ambari.server.controller.internal.UserAuthenticationSourceResourceProvider_java,5,535
org.apache.ambari.server.controller.internal.OverriddenMetricsHostProvider_java,5,535
org.apache.ambari.server.orm.entities.ClusterConfigEntity_java,5,535
org.apache.ambari.server.controller.internal.RequestStageContainer_java,5,535
org.apache.ambari.server.topology.PersistedState_java,5,535
org.apache.ambari.annotations.SwaggerPreferredParent_java,5,535
org.apache.ambari.server.controller.metrics.timeline.AMSReportPropertyProvider_java,5,535
org.apache.ambari.logsearch.conf.SolrPropsConfig_java,4,547
org.apache.ambari.logsearch.web.filters.LogsearchKrbFilter_java,4,547
org.apache.ambari.logfeeder.plugin.common.MetricData_java,4,547
org.apache.ambari.logsearch.model.common.LSServerInputConfig_java,4,547
org.apache.ambari.server.api.services.ServiceService_java,4,547
org.apache.ambari.server.stack.UpdateActiveRepoVersionOnStartup_java,4,547
org.apache.ambari.server.agent.HeartBeatResponse_java,4,547
org.apache.ambari.server.state.stack.upgrade.ServerSideActionTask_java,4,547
org.apache.ambari.server.alerts.AmbariPerformanceRunnable_java,4,547
org.apache.ambari.server.state.ServiceComponentHost_java,4,547
org.apache.ambari.server.controller.metrics.timeline.MetricsRequestHelper_java,4,547
org.apache.ambari.logsearch.config.api.model.inputconfig.FilterGrokDescriptor_java,4,547
org.apache.ambari.serviceadvisor.ServiceAdvisorCommandType_java,4,547
org.apache.ambari.server.state.stack.upgrade.TaskWrapper_java,4,547
org.apache.ambari.server.upgrade.SchemaUpgradeHelper_java,4,547
org.apache.ambari.infra.InfraManager_java,4,547
org.apache.ambari.server.topology.tasks.TopologyHostTask_java,4,547
org.apache.ambari.server.agent.StatusCommand_java,4,547
org.apache.ambari.server.serveraction.kerberos.MITKerberosOperationHandler_java,4,547
org.apache.ambari.server.topology.ClusterTopologyImpl_java,4,547
org.apache.ambari.server.controller.metrics.timeline.AMSPropertyProvider_java,4,547
org.apache.ambari.server.state.stack.UpgradePack_java,4,547
org.apache.ambari.server.api.services.stackadvisor.commands.StackAdvisorCommandType_java,4,547
org.apache.ambari.server.api.resources.ResourceInstanceFactoryImpl_java,4,547
org.apache.ambari.server.security.unsecured.rest.CertificateDownload_java,4,547
org.apache.ambari.server.controller.internal.ClusterStackVersionResourceProvider_java,4,547
org.apache.ambari.server.serveraction.kerberos.PrepareEnableKerberosServerAction_java,4,547
org.apache.ambari.logsearch.LogSearch_java,4,547
org.apache.ambari.view.commons.hdfs.FileOperationService_java,4,547
org.apache.ambari.metrics.core.timeline.aggregators.Function_java,3,576
org.apache.ambari.server.checks.DatabaseConsistencyChecker_java,3,576
org.apache.ambari.server.cleanup.CleanupDriver_java,3,576
org.apache.ambari.server.state.stack.upgrade.Grouping_java,3,576
org.apache.ambari.server.state.stack.upgrade.StageWrapper_java,3,576
org.apache.ambari.server.checks.MpackInstallChecker_java,3,576
org.apache.ambari.server.agent.RegistrationResponse_java,3,576
org.apache.ambari.server.configuration.spring.ApiStompConfig_java,3,576
org.apache.ambari.server.metrics.system.impl.MetricsServiceImpl_java,3,576
org.apache.ambari.metrics.core.timeline.aggregators.TimelineMetricHostAggregator_java,3,576
org.apache.ambari.server.state.stack.upgrade.ConfigUpgradeChangeDefinition_java,3,576
org.apache.ambari.server.agent.stomp.dto.ComponentStatusReport_java,3,576
org.apache.ambari.server.orm.entities.TopologyRequestEntity_java,3,576
org.apache.ambari.logfeeder.plugin.common.LogFeederProperties_java,3,576
org.apache.ambari.logsearch.model.request.impl.CommonSearchRequest_java,3,576
org.apache.ambari.server.controller.internal.AlertResourceProvider_java,3,576
org.apache.ambari.server.controller.internal.AbstractResourceProvider_java,2,592
org.apache.ambari.server.ldap.service.ads.DefaultLdapConfigurationService_java,2,592
org.apache.ambari.logfeeder.conf.MetricsCollectorConfig_java,2,592
org.apache.ambari.logfeeder.input.InputFileMarker_java,2,592
org.apache.ambari.logsearch.config.json.model.inputconfig.impl.InputAdapter_java,2,592
org.apache.ambari.server.state.alert.MetricSource_java,2,592
org.apache.ambari.logfeeder.conf.LogEntryCacheConfig_java,2,592
org.apache.ambari.server.api.services.SettingService_java,2,592
org.apache.ambari.server.state.kerberos.KerberosKeytabDescriptor_java,2,592
org.apache.ambari.server.api.services.stackadvisor.StackAdvisorRequest_java,2,592
org.apache.ambari.server.security.authorization.AmbariAuthorizationFilter_java,2,592
org.apache.ambari.server.state.kerberos.AbstractKerberosDescriptorContainer_java,2,592
org.apache.ambari.logsearch.model.common.LSServerMapFieldCopy_java,2,592
org.apache.ambari.logsearch.model.common.LSServerMapFieldValue_java,2,592
org.apache.ambari.server.events.listeners.upgrade.UpgradeUpdateListener_java,2,592
org.apache.ambari.server.controller.internal.StackServiceComponentResourceProvider_java,2,592
org.apache.ambari.server.events.TopologyAgentUpdateEvent_java,2,592
org.apache.ambari.server.actionmanager.ActionManager_java,2,592
org.apache.ambari.server.security.credential.PrincipalKeyCredential_java,2,592
org.apache.ambari.server.MessageDestinationIsNotDefinedException_java,2,592
org.apache.ambari.server.api.services.RootServiceService_java,2,592
org.apache.ambari.server.controller.spi.Resource_java,2,592
org.apache.ambari.server.checks.UpgradeCheckRegistry_java,2,592
org.apache.ambari.server.orm.entities.RepoOsEntity_java,2,592
org.apache.ambari.server.controller.internal.AbstractControllerResourceProvider_java,2,592
org.apache.ambari.server.security.authorization.User_java,2,592
org.apache.ambari.logsearch.util.DownloadUtil_java,2,592
org.apache.ambari.metrics.core.timeline.TimelineMetricDistributedCache_java,2,592
org.apache.ambari.server.api.services.HostService_java,2,592
org.apache.ambari.logsearch.config.api.LogSearchConfigFactory_java,2,592
org.apache.ambari.logsearch.config.solr.LogLevelFilterManagerSolr_java,2,592
org.apache.ambari.server.state.services.MetricsRetrievalService_java,2,592
org.apache.ambari.logsearch.common.ExternalServerClient_java,2,592
org.apache.ambari.server.orm.dao.StackDAO_java,2,592
org.apache.ambari.logfeeder.conf.InputSimulateConfig_java,2,592
org.apache.ambari.server.security.authorization.RoleAuthorization_java,2,592
org.apache.ambari.server.orm.entities.KerberosKeytabEntity_java,2,592
org.apache.ambari.server.controller.internal.StackAdvisorResourceProvider_java,2,592
org.apache.ambari.server.controller.internal.AlertDefinitionResourceProvider_java,2,592
org.apache.ambari.logsearch.web.security.LogsearchAbstractAuthenticationProvider_java,2,592
org.apache.ambari.server.api.AmbariErrorHandler_java,2,592
org.apache.ambari.server.metrics.system.impl.AmbariMetricSinkImpl_java,2,592
org.apache.ambari.logsearch.steps.LogSearchDockerSteps_java,2,592
org.apache.ambari.logsearch.model.common.LSServerMapFieldName_java,2,592
org.apache.ambari.server.events.listeners.hostcomponents.HostComponentsUpdateListener_java,1,636
org.apache.ambari.server.events.UpdateEventType_java,1,636
org.apache.ambari.server.state.alert.AlertDefinitionFactory_java,1,636
org.apache.ambari.server.upgrade.UpgradeCatalog251_java,1,636
org.apache.ambari.server.api.resources.ClusterResourceDefinition_java,1,636
