file,bugChurn,rank
org.apache.oozie.ambari.view.OozieProxyImpersonator_java,3812,1
org.apache.ambari.infra.solr.AmbariSolrCloudCLI_java,2294,2
org.apache.ambari.infra.solr.AmbariSolrCloudClient_java,1362,3
org.apache.ambari.logsearch.dao.SolrDaoBase_java,1079,4
org.apache.ambari.infra.solr.AmbariSolrCloudClientBuilder_java,860,5
org.apache.ambari.logfeeder.common.ConfigHandler_java,856,6
org.apache.ambari.logfeeder.LogFeeder_java,781,7
org.apache.ambari.server.credentialapi.CredentialUtil_java,580,8
org.apache.ambari.server.state.cluster.ClusterImpl_java,572,9
org.apache.ambari.logfeeder.util.LogFeederUtil_java,563,10
org.apache.ambari.server.orm.dao.RequestDAO_java,520,11
org.apache.ambari.server.view.ViewRegistry_java,512,12
org.apache.oozie.ambari.view.assets.AssetResource_java,483,13
org.apache.ambari.logsearch.util.SolrUtil_java,474,14
org.apache.ambari.logsearch.dao.SolrSchemaFieldDao_java,465,15
org.apache.oozie.ambari.view.WorkflowFilesService_java,448,16
org.apache.ambari.server.controller.AmbariManagementControllerImpl_java,438,17
org.apache.ambari.logsearch.config.zookeeper.LogSearchConfigZK_java,426,18
org.apache.ambari.server.controller.internal.UpgradeResourceProvider_java,390,19
org.apache.ambari.server.state.ConfigHelper_java,380,20
org.apache.ambari.logsearch.LogSearch_java,372,21
org.apache.oozie.ambari.view.OozieUtils_java,367,22
org.apache.ambari.server.configuration.Configuration_java,356,23
org.apache.ambari.infra.solr.commands.EnableKerberosPluginSolrZkCommand_java,352,24
org.apache.ambari.logsearch.manager.ServiceLogsManager_java,351,25
org.apache.ambari.infra.solr.commands.SecureSolrZNodeZkCommand_java,344,26
org.apache.ambari.infra.solr.util.AclUtils_java,340,27
org.apache.ambari.server.security.ldap.AmbariLdapDataPopulator_java,340,27
org.apache.ambari.infra.solr.commands.UpdateStateFileZkCommand_java,336,29
org.apache.ambari.server.checks.DatabaseConsistencyCheckHelper_java,327,30
org.apache.ambari.server.actionmanager.ActionScheduler_java,318,31
org.apache.ambari.infra.solr.util.ShardUtils_java,284,32
org.apache.oozie.ambari.view.OozieDelegate_java,279,33
org.apache.ambari.server.security.authorization.AmbariLdapBindAuthenticator_java,275,34
org.apache.ambari.server.topology.TopologyManager_java,273,35
org.apache.ambari.logsearch.steps.LogSearchDockerSteps_java,272,36
org.apache.ambari.server.controller.AmbariCustomCommandExecutionHelper_java,270,37
org.apache.ambari.infra.solr.commands.CreateCollectionCommand_java,248,38
org.apache.ambari.server.checks.MpackInstallChecker_java,240,39
org.apache.ambari.server.metrics.system.impl.AmbariMetricSinkImpl_java,239,40
org.apache.ambari.logsearch.manager.AuditLogsManager_java,237,41
org.apache.ambari.server.serveraction.upgrades.FixCapacitySchedulerOrderingPolicy_java,236,42
org.apache.oozie.ambari.view.workflowmanager.WorkflowManagerService_java,232,43
org.apache.ambari.infra.solr.commands.AbstractRetryCommand_java,232,43
org.apache.ambari.server.serveraction.ServerActionExecutor_java,228,45
org.apache.ambari.server.H2DatabaseCleaner_java,224,46
org.apache.oozie.ambari.view.workflowmanager.model.Workflow_java,221,47
org.apache.ambari.infra.solr.commands.GetSolrHostsCommand_java,212,48
org.apache.ambari.infra.solr.commands.AbstractSolrRetryCommand_java,212,48
org.apache.ambari.server.security.authorization.AmbariLdapUtils_java,207,50
org.apache.ambari.server.serveraction.upgrades.FixYarnWebServiceUrl_java,206,51
org.apache.ambari.infra.solr.commands.CreateShardCommand_java,204,52
org.apache.ambari.logsearch.handler.UploadConfigurationHandler_java,201,53
org.apache.ambari.logsearch.dao.UserDao_java,199,54
org.apache.ambari.infra.solr.commands.ListCollectionCommand_java,196,55
org.apache.ambari.infra.solr.commands.SecureZNodeZkCommand_java,196,55
org.apache.oozie.ambari.view.HDFSFileUtils_java,193,57
org.apache.ambari.server.state.UpgradeContext_java,191,58
org.apache.oozie.ambari.view.workflowmanager.WorkflowsRepo_java,191,58
org.apache.ambari.infra.solr.commands.DownloadConfigZkCommand_java,188,60
org.apache.ambari.logfeeder.input.InputConfigUploader_java,188,60
org.apache.ambari.logfeeder.util.S3Util_java,186,62
org.apache.ambari.logsearch.conf.SecurityConfig_java,183,63
org.apache.ambari.server.state.quicklinksprofile.LinkAttributeFilter_java,183,63
org.apache.ambari.logsearch.web.filters.LogsearchJWTFilter_java,181,65
org.apache.ambari.logsearch.config.api.LogSearchConfig_java,180,66
org.apache.ambari.infra.solr.commands.CheckZnodeZkCommand_java,180,66
org.apache.ambari.server.topology.HostRequest_java,180,66
org.apache.ambari.logsearch.doc.DocConstants_java,178,69
org.apache.ambari.logsearch.util.JSONUtil_java,177,70
org.apache.ambari.infra.solr.commands.AbstractZookeeperConfigCommand_java,176,71
org.apache.oozie.ambari.view.workflowmanager.WorkflowsManagerResource_java,174,72
org.apache.ambari.logsearch.util.DateUtil_java,173,73
org.apache.oozie.ambari.view.assets.model.ActionAsset_java,172,74
org.apache.ambari.infra.solr.commands.GetStateFileZkCommand_java,172,74
org.apache.ambari.server.topology.validators.RequiredPasswordValidator_java,169,76
org.apache.ambari.server.state.kerberos.VariableReplacementHelper_java,169,76
org.apache.ambari.infra.solr.commands.CreateSolrZnodeZkCommand_java,168,78
org.apache.oozie.ambari.view.Utils_java,168,78
org.apache.ambari.server.upgrade.AbstractUpgradeCatalog_java,168,78
org.apache.ambari.infra.solr.commands.AbstractStateFileZkCommand_java,168,78
org.apache.ambari.logsearch.conf.AuthPropsConfig_java,167,82
org.apache.ambari.infra.solr.commands.UploadConfigZkCommand_java,164,83
org.apache.ambari.logsearch.manager.ShipperConfigManager_java,162,84
org.apache.ambari.infra.solr.commands.AbstractZookeeperRetryCommand_java,160,85
org.apache.ambari.infra.solr.commands.SetClusterPropertyZkCommand_java,160,85
org.apache.ambari.server.state.stack.upgrade.ColocatedGrouping_java,160,85
org.apache.oozie.ambari.view.assets.AssetService_java,157,88
org.apache.ambari.infra.solr.commands.GetShardsCommand_java,156,89
org.apache.ambari.logsearch.common.ExternalServerClient_java,155,90
org.apache.ambari.server.state.quicklinksprofile.QuickLinksProfileBuilder_java,154,91
org.apache.ambari.server.metrics.system.impl.MetricsServiceImpl_java,154,91
org.apache.ambari.server.orm.dao.HostRoleCommandDAO_java,150,93
org.apache.ambari.logsearch.rest.ShipperConfigResource_java,146,94
org.apache.ambari.server.orm.dao.StageDAO_java,146,94
org.apache.ambari.server.controller.logging.LoggingRequestHelperImpl_java,145,96
org.apache.ambari.tools.jce.JcePolicyInfo_java,145,96
org.apache.ambari.server.controller.internal.ClusterStackVersionResourceProvider_java,145,96
org.apache.ambari.server.topology.validators.HiveServiceValidator_java,144,99
org.apache.ambari.server.controller.KerberosHelperImpl_java,144,99
org.apache.ambari.logsearch.web.security.LogsearchExternalServerAuthenticationProvider_java,144,99
org.apache.ambari.server.api.services.stackadvisor.StackAdvisorBlueprintProcessor_java,142,102
org.apache.ambari.logsearch.conf.SolrAuditLogPropsConfig_java,142,102
org.apache.ambari.logsearch.dao.AuditSolrDao_java,140,104
org.apache.ambari.server.state.UpgradeHelper_java,140,104
org.apache.ambari.logsearch.configurer.LogSearchConfigConfigurer_java,138,106
org.apache.ambari.logsearch.config.api.LogSearchConfigFactory_java,136,107
org.apache.ambari.infra.solr.commands.CheckConfigZkCommand_java,136,107
org.apache.ambari.server.controller.internal.ProvisionClusterRequest_java,133,109
org.apache.ambari.view.pig.utils.ServiceCheck_java,132,110
org.apache.ambari.server.state.stack.upgrade.StageWrapper_java,130,111
org.apache.ambari.logfeeder.metrics.LogFeederAMSClient_java,128,112
org.apache.ambari.server.topology.validators.StackConfigTypeValidator_java,128,112
org.apache.ambari.server.state.services.RetryUpgradeActionService_java,126,114
org.apache.ambari.server.topology.validators.ClusterConfigTypeValidator_java,123,115
org.apache.ambari.server.topology.tasks.ConfigureClusterTask_java,122,116
org.apache.ambari.server.controller.internal.UpgradeItemResourceProvider_java,122,116
org.apache.ambari.server.topology.validators.ChainedTopologyValidator_java,116,118
org.apache.ambari.logsearch.handler.AbstractSolrConfigHandler_java,116,118
org.apache.ambari.server.controller.internal.UserPrivilegeResourceProvider_java,116,118
org.apache.oozie.ambari.view.exception.WfmWebException_java,115,121
org.apache.ambari.server.state.Cluster_java,114,122
org.apache.oozie.ambari.view.repo.BaseRepo_java,113,123
org.apache.ambari.logfeeder.filter.FilterKeyValue_java,112,124
org.apache.ambari.logsearch.web.security.LogsearchAuthenticationProvider_java,112,124
org.apache.ambari.logsearch.conf.SolrConfig_java,112,124
org.apache.ambari.infra.solr.AmbariSolrCloudClientException_java,112,124
org.apache.ambari.logsearch.domain.StoryDataRegistry_java,110,128
org.apache.oozie.ambari.view.model.BaseModel_java,109,129
org.apache.ambari.logsearch.converter.TopFieldAuditLogRequestQueryConverter_java,108,130
org.apache.ambari.server.state.ServiceInfo_java,108,130
org.apache.ambari.server.state.CredentialStoreInfo_java,107,132
org.apache.ambari.server.topology.validators.TopologyValidatorService_java,104,133
org.apache.ambari.infra.solr.domain.AmbariSolrState_java,104,133
org.apache.ambari.logsearch.rest.ServiceLogsResource_java,100,135
org.apache.ambari.logsearch.util.FileUtil_java,99,136
org.apache.hadoop.metrics2.sink.timeline.AbstractTimelineMetricsSink_java,99,136
org.apache.ambari.logsearch.manager.ManagerBase_java,98,138
org.apache.ambari.logsearch.dao.ServiceLogsSolrDao_java,97,139
org.apache.ambari.logsearch.steps.LogSearchApiSteps_java,95,140
org.apache.ambari.server.serveraction.upgrades.RangerKmsProxyConfig_java,95,140
org.apache.ambari.logsearch.conf.SolrServiceLogPropsConfig_java,94,142
org.apache.ambari.server.events.HostsRemovedEvent_java,92,143
org.apache.ambari.server.state.cluster.ClustersImpl_java,90,144
org.apache.oozie.ambari.view.assets.AssetRepo_java,89,145
org.apache.ambari.server.metrics.system.impl.MetricsConfiguration_java,89,145
org.apache.ambari.infra.solr.commands.UnsecureZNodeZkCommand_java,88,147
org.apache.ambari.server.utils.ShellCommandUtil_java,87,148
org.apache.ambari.server.orm.entities.HostRoleCommandEntity_java,86,149
org.apache.ambari.server.upgrade.SchemaUpgradeHelper_java,85,150
org.apache.ambari.logfeeder.util.AWSUtil_java,84,151
org.apache.ambari.server.orm.entities.AlertGroupEntity_java,84,151
org.apache.ambari.server.events.listeners.upgrade.StackUpgradeFinishListener_java,83,153
org.apache.ambari.logsearch.config.api.InputConfigMonitor_java,82,154
org.apache.ambari.logsearch.model.request.impl.TopFieldAuditLogRequest_java,80,155
org.apache.ambari.server.controller.internal.ClientConfigResourceProvider_java,80,155
org.apache.ambari.server.controller.internal.ServiceResourceProvider_java,80,155
org.apache.ambari.server.controller.internal.BlueprintConfigurationProcessor_java,79,158
org.apache.ambari.server.controller.AmbariServer_java,77,159
org.apache.ambari.logfeeder.output.OutputSolr_java,76,160
org.apache.ambari.server.security.authorization.UserName_java,76,160
org.apache.ambari.server.topology.ClusterTopologyImpl_java,74,162
org.apache.ambari.server.checks.AutoStartDisabledCheck_java,74,162
org.apache.ambari.server.orm.helpers.dbms.H2Helper_java,74,162
org.apache.ambari.server.orm.entities.StageEntity_java,73,165
org.apache.ambari.server.state.stack.upgrade.ConfigurationCondition_java,72,166
org.apache.ambari.server.agent.RecoveryConfigHelper_java,71,167
org.apache.ambari.logsearch.conf.global.LogSearchConfigState_java,70,168
org.apache.ambari.logsearch.conf.LogSearchHttpHeaderConfig_java,70,168
org.apache.ambari.server.topology.tasks.InstallHostTask_java,70,168
org.apache.ambari.server.orm.entities.StageEntityPK_java,70,168
org.apache.oozie.ambari.view.WorkflowFileInfo_java,70,168
org.apache.oozie.ambari.view.assets.model.AssetDefintion_java,69,173
org.apache.ambari.server.serveraction.kerberos.MITKerberosOperationHandler_java,69,173
org.apache.ambari.server.topology.validators.TopologyValidatorFactory_java,68,175
org.apache.ambari.server.topology.tasks.StartHostTask_java,67,176
org.apache.ambari.server.controller.logging.LogSearchDataRetrievalService_java,67,176
org.apache.oozie.ambari.view.AmbariIOUtil_java,65,178
org.apache.ambari.logsearch.converter.AbstractOperationHolderConverter_java,64,179
org.apache.ambari.server.actionmanager.HostRoleCommand_java,64,179
org.apache.oozie.ambari.view.model.APIResult_java,63,181
org.apache.ambari.logsearch.common.LogSearchContext_java,62,182
org.apache.ambari.server.events.listeners.upgrade.StackVersionListener_java,61,183
org.apache.ambari.logsearch.steps.SolrSteps_java,61,183
org.apache.ambari.logsearch.web.security.LogsearchSimpleAuthenticationProvider_java,61,183
org.apache.ambari.server.orm.entities.UpgradeEntity_java,60,186
org.apache.ambari.server.orm.entities.TopologyLogicalTaskEntity_java,60,186
org.apache.ambari.logsearch.common.ManageStartEndTime_java,60,186
org.apache.ambari.logsearch.web.filters.LogsearchCorsFilter_java,59,189
org.apache.ambari.server.orm.entities.HostComponentDesiredStateEntity_java,59,189
org.apache.ambari.server.topology.tasks.TopologyHostTask_java,59,189
org.apache.ambari.server.topology.tasks.PersistHostResourcesTask_java,59,189
org.apache.ambari.server.orm.entities.ViewInstanceEntity_java,58,193
org.apache.oozie.ambari.view.exception.ErrorCode_java,58,193
org.apache.ambari.logfeeder.mapper.MapperFieldCopy_java,58,193
org.apache.ambari.server.orm.entities.AlertTargetEntity_java,58,193
org.apache.ambari.server.state.services.MetricsRetrievalService_java,58,193
org.apache.ambari.server.state.svccomphost.ServiceComponentHostImpl_java,58,193
org.apache.ambari.server.state.PropertyStackUpgradeBehavior_java,57,199
org.apache.ambari.server.topology.ClusterConfigurationRequest_java,57,199
org.apache.ambari.server.state.quicklinksprofile.QuickLinksProfileParser_java,57,199
org.apache.ambari.server.orm.dao.AlertDispatchDAO_java,56,202
org.apache.ambari.server.state.ServiceComponentImpl_java,56,202
org.apache.ambari.server.metrics.system.impl.JvmMetricsSource_java,54,204
org.apache.ambari.server.state.kerberos.AbstractKerberosDescriptorContainer_java,54,204
org.apache.ambari.server.events.ClusterConfigFinishedEvent_java,53,206
org.apache.ambari.logsearch.util.CommonUtil_java,53,206
org.apache.oozie.ambari.view.ServiceFormattedException_java,53,206
org.apache.ambari.logsearch.model.request.impl.BaseServiceLogRequest_java,52,209
org.apache.ambari.logsearch.conf.SolrPropsConfig_java,51,210
org.apache.ambari.server.controller.StackServiceResponse_java,51,210
org.apache.ambari.server.security.authorization.internal.InternalAuthenticationInterceptor_java,51,210
org.apache.ambari.server.stack.ServiceModule_java,50,213
org.apache.ambari.server.topology.tasks.RegisterWithConfigGroupTask_java,50,213
org.apache.ambari.server.state.stack.upgrade.TaskWrapper_java,50,213
org.apache.ambari.logfeeder.mapper.MapperDate_java,50,213
org.apache.ambari.server.events.HostsAddedEvent_java,50,213
org.apache.ambari.server.state.UserGroupInfo_java,50,213
org.apache.ambari.logsearch.conf.SolrConnectionPropsConfig_java,49,219
org.apache.ambari.logsearch.web.listener.LogSearchSessionListener_java,48,220
org.apache.ambari.logsearch.web.security.LogsearchAbstractAuthenticationProvider_java,48,220
org.apache.ambari.server.state.quicklinks.Link_java,48,220
org.apache.ambari.server.controller.ServiceResponse_java,47,223
org.apache.ambari.logfeeder.input.InputSimulate_java,46,224
org.apache.oozie.ambari.view.exception.WfmException_java,46,224
org.apache.ambari.server.controller.StackServiceRequest_java,46,224
org.apache.ambari.logsearch.config.api.NonLogSearchConfigClass_java,46,224
org.apache.ambari.logsearch.configurer.Configurer_java,46,224
org.apache.ambari.server.controller.internal.HostStackVersionResourceProvider_java,46,224
org.apache.oozie.ambari.view.Constants_java,45,230
org.apache.ambari.server.actionmanager.ActionDBAccessor_java,45,230
org.apache.ambari.server.actionmanager.ActionDBAccessorImpl_java,44,232
org.apache.ambari.server.controller.logging.LoggingCookieStore_java,44,232
org.apache.ambari.logsearch.converter.AbstractServiceLogRequestFacetQueryConverter_java,44,232
org.apache.ambari.server.metrics.system.SingleMetric_java,44,232
org.apache.ambari.logsearch.common.MessageEnums_java,43,236
org.apache.ambari.logsearch.web.filters.LogsearchKRBAuthenticationFilter_java,43,236
org.apache.ambari.server.metrics.system.MetricsSink_java,43,236
org.apache.ambari.server.serveraction.kerberos.FinalizeKerberosServerAction_java,42,239
org.apache.ambari.logsearch.solr.model.SolrCommonLogData_java,42,239
org.apache.ambari.server.state.UnlimitedKeyJCERequirement_java,42,239
org.apache.oozie.ambari.view.assets.model.ActionAssetDefinition_java,42,239
org.apache.ambari.server.topology.tasks.TopologyTask_java,42,239
org.apache.ambari.logsearch.web.security.LogsearchFileAuthenticationProvider_java,42,239
org.apache.ambari.server.events.StackUpgradeFinishEvent_java,41,245
org.apache.ambari.logsearch.conf.ApplicationConfig_java,41,245
org.apache.hadoop.metrics2.sink.kafka.KafkaTimelineMetricsReporter_java,41,245
org.apache.ambari.logsearch.rest.AuditLogsResource_java,40,248
org.apache.ambari.logsearch.common.StatusMessage_java,40,248
org.apache.ambari.server.controller.KerberosHelper_java,40,248
org.apache.ambari.server.orm.entities.RepositoryVersionEntity_java,39,251
org.apache.ambari.server.stack.StackModule_java,38,252
org.apache.ambari.server.serveraction.kerberos.AbstractPrepareKerberosServerAction_java,38,252
org.apache.ambari.server.orm.dao.UserDAO_java,38,252
org.apache.ambari.server.state.StackInfo_java,38,252
org.apache.ambari.server.state.quicklinksprofile.Filter_java,37,256
org.apache.ambari.server.controller.ControllerModule_java,37,256
org.apache.ambari.server.security.authorization.Users_java,37,256
org.apache.ambari.server.security.authorization.internal.RunWithInternalSecurityContext_java,36,259
org.apache.ambari.server.state.kerberos.KerberosIdentityDescriptor_java,36,259
org.apache.ambari.server.controller.logging.LoggingSearchPropertyProvider_java,35,261
org.apache.ambari.server.orm.DBAccessorImpl_java,35,261
org.apache.ambari.server.agent.ExecutionCommand_java,35,261
org.apache.ambari.logsearch.solr.model.SolrServiceLogData_java,34,264
org.apache.ambari.logsearch.model.request.impl.FieldAuditLogRequest_java,34,264
org.apache.ambari.logsearch.common.LogSearchConstants_java,34,264
org.apache.ambari.server.controller.logging.LoggingRequestHelperFactoryImpl_java,33,267
org.apache.ambari.server.events.listeners.alerts.AlertHostListener_java,32,268
org.apache.ambari.logsearch.web.filters.LogsearchSecurityContextFormationFilter_java,32,268
org.apache.ambari.server.controller.ServiceRequest_java,32,268
org.apache.ambari.logsearch.model.request.ClustersParamDefinition_java,32,268
org.apache.ambari.server.orm.dao.HostComponentDesiredStateDAO_java,32,268
org.apache.ambari.server.checks.ServiceCheckValidityCheck_java,31,273
org.apache.ambari.logsearch.converter.AuditComponentsRequestQueryConverter_java,31,273
org.apache.ambari.server.events.MaintenanceModeEvent_java,30,275
org.apache.ambari.server.topology.tasks.ConfigureClusterTaskFactory_java,30,275
org.apache.ambari.server.state.stack.upgrade.TaskWrapperBuilder_java,30,275
org.apache.oozie.ambari.view.model.Paging_java,30,275
org.apache.ambari.server.state.quicklinksprofile.QuickLinksProfile_java,30,275
org.apache.ambari.server.topology.AmbariContext_java,30,275
org.apache.ambari.server.orm.entities.TopologyHostTaskEntity_java,30,275
org.apache.ambari.server.serveraction.users.CsvFilePersisterService_java,30,275
org.apache.ambari.server.security.authorization.AmbariLdapAuthenticationProvider_java,29,283
org.apache.ambari.server.controller.internal.HostResourceProvider_java,29,283
org.apache.oozie.ambari.view.assets.AssetDefinitionRepo_java,29,283
org.apache.oozie.ambari.view.model.When_java,28,286
org.apache.ambari.logsearch.converter.ServiceLogLevelDateRangeRequestQueryConverter_java,28,286
org.apache.ambari.server.agent.ComponentStatus_java,28,286
org.apache.ambari.server.state.quicklinksprofile.Service_java,27,289
org.apache.ambari.server.controller.internal.ConfigGroupResourceProvider_java,26,290
org.apache.ambari.server.security.authorization.LdapServerProperties_java,26,290
org.apache.ambari.server.orm.entities.ClusterEntity_java,26,290
org.apache.ambari.view.pig.utils.Constants_java,25,293
org.apache.ambari.server.checks.DatabaseConsistencyChecker_java,25,293
org.apache.ambari.server.state.UpgradeContextFactory_java,25,293
org.apache.hadoop.metrics2.sink.storm.StormTimelineMetricsReporter_java,25,293
org.apache.ambari.view.pig.services.HelpService_java,25,293
org.apache.ambari.logsearch.model.request.impl.BaseLogRequest_java,25,293
org.apache.ambari.server.orm.dao.ClusterDAO_java,24,299
org.apache.ambari.server.controller.internal.LoggingResourceProvider_java,24,299
org.apache.ambari.server.orm.dao.TopologyLogicalTaskDAO_java,24,299
org.apache.ambari.server.state.quicklinksprofile.Component_java,24,299
org.apache.ambari.server.orm.dao.TopologyLogicalRequestDAO_java,24,299
org.apache.oozie.ambari.view.model.Indexed_java,24,299
org.apache.ambari.server.orm.DBAccessor_java,24,299
org.apache.ambari.logsearch.model.request.impl.CommonSearchRequest_java,24,299
org.apache.ambari.server.controller.AmbariManagementController_java,23,307
org.apache.ambari.server.orm.dao.ViewInstanceDAO_java,23,307
org.apache.oozie.ambari.view.AssetDefinitionRefType_java,23,307
org.apache.oozie.ambari.view.EntityStatus_java,23,307
org.apache.ambari.server.hooks.users.UserHookService_java,23,307
org.apache.ambari.server.events.listeners.upgrade.HostVersionOutOfSyncListener_java,23,307
org.apache.ambari.logsearch.model.request.ServiceLogParamDefinition_java,23,307
org.apache.ambari.server.checks.AbstractCheckDescriptor_java,22,314
org.apache.ambari.server.orm.entities.AlertNoticeEntity_java,22,314
org.apache.hadoop.metrics2.sink.timeline.HadoopTimelineMetricsSink_java,22,314
org.apache.ambari.server.orm.dao.TopologyHostTaskDAO_java,22,314
org.apache.ambari.server.orm.OrmTestHelper_java,22,314
org.apache.oozie.ambari.view.JobType_java,22,314
org.apache.ambari.server.agent.HeartbeatProcessor_java,22,314
org.apache.ambari.server.security.authorization.AmbariLdapAuthoritiesPopulator_java,21,321
org.apache.ambari.server.orm.entities.PrivilegeEntity_java,21,321
org.apache.ambari.server.state.RepositoryInfo_java,20,323
org.apache.ambari.server.state.AlertState_java,20,323
org.apache.ambari.server.controller.internal.ClusterResourceProvider_java,19,325
org.apache.ambari.server.api.services.LoggingService_java,19,325
org.apache.ambari.server.state.stack.UpgradePack_java,19,325
org.apache.ambari.server.controller.ServiceComponentHostResponse_java,19,325
org.apache.ambari.server.state.host.HostImpl_java,19,325
org.apache.ambari.logsearch.util.RESTErrorUtil_java,18,330
org.apache.ambari.server.api.services.stackadvisor.StackAdvisorHelper_java,18,330
org.apache.ambari.server.state.PropertyInfo_java,18,330
org.apache.ambari.server.orm.helpers.dbms.MySqlHelper_java,18,330
org.apache.ambari.server.api.services.AmbariMetaInfo_java,18,330
org.apache.ambari.server.checks.CheckDescription_java,17,335
org.apache.ambari.server.security.authentication.kerberos.AmbariAuthToLocalUserDetailsService_java,17,335
org.apache.ambari.logsearch.converter.ServiceLogTreeRequestFacetQueryConverter_java,17,335
org.apache.ambari.server.orm.helpers.dbms.GenericDbmsHelper_java,16,338
org.apache.ambari.logsearch.converter.ServiceLogLevelCountRequestQueryConverter_java,16,338
org.apache.ambari.server.topology.TopologyRequest_java,16,338
org.apache.ambari.server.controller.logging.Utils_java,16,338
org.apache.ambari.server.state.ComponentInfo_java,16,338
org.apache.ambari.server.metrics.system.MetricsService_java,16,338
org.apache.ambari.server.controller.internal.StackServiceResourceProvider_java,16,338
org.apache.ambari.logsearch.model.request.impl.HostLogFilesRequest_java,15,345
org.apache.ambari.server.metrics.system.impl.AbstractMetricsSource_java,15,345
org.apache.ambari.server.state.ValueAttributesInfo_java,15,345
org.apache.ambari.logsearch.converter.ServiceLogComponentLevelRequestQueryConverter_java,15,345
org.apache.ambari.logsearch.converter.ServiceLogComponentRequestFacetQueryConverter_java,15,345
org.apache.ambari.logsearch.converter.BaseServiceLogRequestQueryConverter_java,15,345
org.apache.ambari.server.orm.dao.CrudDAO_java,14,351
org.apache.ambari.server.controller.internal.ScaleClusterRequest_java,14,351
org.apache.ambari.server.checks.UpgradeCheck_java,14,351
org.apache.ambari.server.state.Clusters_java,14,351
org.apache.ambari.server.security.AbstractSecurityHeaderFilter_java,14,351
org.apache.ambari.server.controller.AmbariActionExecutionHelper_java,13,356
org.apache.ambari.logsearch.model.response.CommonLogData_java,13,356
org.apache.ambari.server.orm.dao.ServiceConfigDAO_java,13,356
org.apache.ambari.logsearch.converter.ServiceLogAnyGraphRequestQueryConverter_java,13,356
org.apache.ambari.server.upgrade.UpgradeCatalog251_java,13,356
org.apache.ambari.logsearch.model.request.LogParamDefinition_java,13,356
org.apache.ambari.server.api.GsonJsonProvider_java,12,362
org.apache.ambari.server.controller.internal.ExportBlueprintRequest_java,12,362
org.apache.ambari.server.state.stack.upgrade.Task_java,12,362
org.apache.ambari.server.orm.entities.RequestEntity_java,12,362
org.apache.ambari.logfeeder.output.OutputS3File_java,12,362
org.apache.ambari.server.topology.PersistedStateImpl_java,11,367
org.apache.ambari.logsearch.web.authenticate.LogsearchAuthFailureHandler_java,11,367
org.apache.ambari.server.state.quicklinksprofile.AcceptAllFilter_java,11,367
org.apache.ambari.server.state.alert.AlertDefinitionHash_java,11,367
org.apache.ambari.server.serveraction.kerberos.DestroyPrincipalsServerAction_java,11,367
org.apache.ambari.server.orm.entities.TopologyHostRequestEntity_java,10,372
org.apache.ambari.logsearch.web.filters.LogsearchAuthenticationEntryPoint_java,10,372
org.apache.ambari.server.controller.metrics.MetricsCollectorHAClusterState_java,10,372
org.apache.ambari.server.orm.entities.RequestResourceFilterEntity_java,10,372
org.apache.ambari.server.api.services.views.ViewInstanceService_java,10,372
org.apache.ambari.server.orm.entities.TopologyLogicalRequestEntity_java,10,372
org.apache.ambari.server.api.services.users.UserService_java,10,372
org.apache.ambari.server.controller.ServiceComponentHostRequest_java,10,372
org.apache.ambari.server.security.CertificateManager_java,10,372
org.apache.ambari.server.orm.entities.RoleSuccessCriteriaEntity_java,10,372
org.apache.ambari.server.orm.entities.ExecutionCommandEntity_java,10,372
org.apache.ambari.server.orm.dao.UpgradeDAO_java,10,372
org.apache.ambari.server.events.AmbariEvent_java,10,372
org.apache.ambari.server.orm.entities.UpgradeItemEntity_java,10,372
org.apache.ambari.server.controller.internal.HostComponentResourceProvider_java,9,386
org.apache.ambari.server.orm.AmbariJpaLocalTxnInterceptor_java,9,386
org.apache.ambari.server.orm.entities.LdapSyncEventEntity_java,9,386
org.apache.ambari.server.events.publishers.VersionEventPublisher_java,9,386
org.apache.ambari.logsearch.converter.AuditBarGraphRequestQueryConverter_java,9,386
org.apache.ambari.server.api.services.views.ViewPrivilegeService_java,8,391
org.apache.ambari.server.orm.entities.RequestOperationLevelEntity_java,8,391
org.apache.ambari.fast_hdfs_resource.Runner_java,8,391
org.apache.ambari.server.serveraction.users.PostUserCreationHookServerAction_java,8,391
org.apache.ambari.server.api.services.groups.MemberService_java,8,391
org.apache.ambari.server.serveraction.kerberos.CreateKeytabFilesServerAction_java,8,391
org.apache.ambari.logsearch.configurer.SolrCollectionConfigurer_java,8,391
org.apache.ambari.server.controller.internal.StageResourceProvider_java,8,391
org.apache.ambari.server.api.services.groups.GroupService_java,8,391
org.apache.ambari.server.state.stack.upgrade.StageWrapperBuilder_java,8,391
org.apache.ambari.server.checks.ServicesMaintenanceModeCheck_java,8,391
org.apache.ambari.server.checks.PreviousUpgradeCompleted_java,8,391
org.apache.ambari.server.serveraction.upgrades.FinalizeUpgradeAction_java,8,391
org.apache.ambari.server.checks.HostsMasterMaintenanceCheck_java,7,404
org.apache.ambari.server.controller.internal.AlertTargetResourceProvider_java,7,404
org.apache.ambari.server.orm.entities.ClusterConfigEntity_java,7,404
org.apache.ambari.logsearch.solr.model.SolrAuditLogData_java,7,404
org.apache.ambari.server.orm.entities.ServiceConfigEntity_java,7,404
org.apache.ambari.server.controller.internal.Stack_java,7,404
org.apache.hadoop.metrics2.sink.timeline.availability.MetricCollectorHAHelper_java,7,404
org.apache.ambari.server.controller.internal.PreUpgradeCheckResourceProvider_java,7,404
org.apache.ambari.server.api.services.groups.GroupPrivilegeService_java,6,412
org.apache.ambari.server.utils.VersionUtils_java,6,412
org.apache.ambari.server.serveraction.ServerAction_java,6,412
org.apache.ambari.server.checks.VersionMismatchCheck_java,6,412
org.apache.ambari.server.state.ServiceComponent_java,6,412
org.apache.ambari.server.checks.InstallPackagesCheck_java,6,412
org.apache.ambari.server.stack.ExtensionModule_java,6,412
org.apache.ambari.server.checks.ComponentsInstallationCheck_java,6,412
org.apache.ambari.logfeeder.filter.FilterGrok_java,6,412
org.apache.hadoop.metrics2.sink.storm.StormTimelineMetricsSink_java,6,412
org.apache.ambari.server.checks.RangerPasswordCheck_java,6,412
org.apache.ambari.logfeeder.util.DateUtil_java,6,412
org.apache.ambari.server.checks.ServicesUpCheck_java,6,412
org.apache.ambari.server.state.ServiceComponentHost_java,6,412
org.apache.ambari.server.agent.HeartBeatHandler_java,6,412
org.apache.ambari.server.serveraction.kerberos.KerberosServerAction_java,6,412
org.apache.ambari.server.controller.internal.JsonHttpPropertyRequest_java,6,412
org.apache.ambari.server.checks.HiveDynamicServiceDiscoveryCheck_java,6,412
org.apache.ambari.server.checks.HostsHeartbeatCheck_java,6,412
org.apache.ambari.server.api.services.views.ViewVersionService_java,6,412
org.apache.ambari.server.orm.entities.GroupEntity_java,5,432
org.apache.ambari.server.security.ldap.LdapBatchDto_java,5,432
org.apache.ambari.server.checks.ConfigurationMergeCheck_java,5,432
org.apache.ambari.server.state.ServiceImpl_java,5,432
org.apache.ambari.server.checks.HostsRepositoryVersionCheck_java,5,432
org.apache.ambari.logsearch.conf.ApiDocConfig_java,5,432
org.apache.ambari.server.checks.HealthCheck_java,5,432
org.apache.ambari.server.checks.HardcodedStackVersionPropertiesCheck_java,5,432
org.apache.ambari.server.checks.HostMaintenanceModeCheck_java,5,432
org.apache.ambari.server.state.configgroup.ConfigGroupImpl_java,5,432
org.apache.ambari.server.upgrade.SchemaUpgradeUtil_java,5,432
org.apache.ambari.server.metrics.system.MetricsSource_java,5,432
org.apache.ambari.server.controller.RootServiceResponseFactory_java,5,432
org.apache.ambari.logsearch.model.request.SearchRequest_java,5,432
org.apache.ambari.server.notifications.dispatchers.AmbariSNMPDispatcher_java,5,432
org.apache.ambari.server.state.Host_java,5,432
org.apache.ambari.server.checks.ClientRetryPropertyCheck_java,5,432
org.apache.ambari.server.orm.entities.UserEntity_java,5,432
org.apache.ambari.logfeeder.output.S3OutputConfiguration_java,4,450
org.apache.ambari.logsearch.web.filters.LogsearchKrbFilter_java,4,450
org.apache.ambari.logsearch.converter.AbstractSearchRequestQueryConverter_java,4,450
org.apache.ambari.logsearch.configurer.SolrAuditAliasConfigurer_java,4,450
org.apache.ambari.server.api.services.users.UserPrivilegeService_java,4,450
org.apache.ambari.logfeeder.output.S3Uploader_java,4,450
org.apache.ambari.server.controller.internal.VersionDefinitionResourceProvider_java,4,450
org.apache.ambari.server.api.services.views.ViewPermissionService_java,4,450
org.apache.ambari.logfeeder.filter.FilterJSON_java,4,450
org.apache.ambari.server.topology.ClusterTopology_java,4,450
org.apache.ambari.server.api.services.views.ViewDataMigrationService_java,4,450
org.apache.ambari.server.stack.StackManager_java,4,450
org.apache.ambari.server.state.stack.upgrade.Grouping_java,4,450
org.apache.ambari.view.utils.hdfs.ConfigurationBuilder_java,4,450
org.apache.ambari.server.api.services.users.UserAuthorizationService_java,4,450
org.apache.ambari.logsearch.converter.HostLogFilesRequestQueryConverter_java,4,450
org.apache.ambari.server.api.services.users.ActiveWidgetLayoutService_java,4,450
org.apache.ambari.logsearch.converter.AbstractAuditLogRequestQueryConverter_java,4,450
org.apache.ambari.server.stack.StackDirectory_java,4,450
org.apache.ambari.logfeeder.output.S3LogPathResolver_java,4,450
org.apache.ambari.server.events.listeners.alerts.AlertStateChangedListener_java,4,450
org.apache.ambari.server.stack.ComponentModule_java,4,450
org.apache.ambari.server.state.quicklinksprofile.QuickLinksProfileEvaluationException_java,4,450
org.apache.ambari.logfeeder.input.InputS3File_java,4,450
org.apache.ambari.server.state.StackId_java,4,450
org.apache.ambari.server.orm.dao.HostVersionDAO_java,4,450
org.apache.ambari.server.controller.internal.LdapSyncEventResourceProvider_java,4,450
org.apache.ambari.server.api.services.views.ViewService_java,4,450
org.apache.ambari.logsearch.model.response.AuditLogData_java,4,450
org.apache.ambari.logsearch.converter.AbstractLogRequestFacetQueryConverter_java,3,479
org.apache.ambari.logsearch.web.filters.LogsearchUsernamePasswordAuthenticationFilter_java,3,479
org.apache.ambari.server.cleanup.CleanupDriver_java,3,479
org.apache.ambari.logsearch.converter.AbstractLogRequestQueryConverter_java,3,479
org.apache.ambari.server.controller.internal.URLStreamProvider_java,3,479
org.apache.ambari.server.orm.helpers.dbms.DbmsHelper_java,3,479
org.apache.ambari.server.hooks.users.UserHookParams_java,3,479
org.apache.ambari.server.controller.internal.ServiceConfigVersionResourceProvider_java,3,479
org.apache.ambari.server.agent.HeartbeatMonitor_java,2,487
org.apache.ambari.logfeeder.mapper.MapperFieldName_java,2,487
org.apache.ambari.server.topology.HostOfferResponse_java,2,487
org.apache.ambari.server.api.services.ClusterService_java,2,487
org.apache.ambari.logsearch.web.authenticate.LogsearchLogoutSuccessHandler_java,2,487
org.apache.ambari.logsearch.model.request.impl.ServiceLogExportRequest_java,2,487
org.apache.ambari.logfeeder.output.OutputKafka_java,2,487
org.apache.ambari.view.utils.hdfs.HdfsApi_java,2,487
org.apache.ambari.server.security.authorization.AmbariAuthorizationFilter_java,2,487
org.apache.ambari.logsearch.model.request.impl.AuditComponentRequest_java,2,487
org.apache.ambari.server.checks.StormShutdownWarning_java,2,487
org.apache.ambari.server.serveraction.kerberos.ConfigureAmbariIdentitiesServerAction_java,2,487
org.apache.ambari.server.state.stack.upgrade.RepositoryVersionHelper_java,2,487
org.apache.ambari.server.checks.UpgradeCheckRegistry_java,2,487
org.apache.ambari.server.stack.BaseModule_java,2,487
org.apache.ambari.logsearch.model.request.impl.ServiceLogTruncatedRequest_java,2,487
org.apache.ambari.logsearch.converter.FieldAuditLogRequestQueryConverter_java,2,487
org.apache.ambari.server.controller.logging.LogQueryResponse_java,2,487
org.apache.ambari.server.agent.HeartbeatTestHelper_java,2,487
org.apache.ambari.server.controller.logging.LogLevelQueryResponse_java,2,487
org.apache.ambari.logfeeder.output.OutputHDFSFile_java,2,487
org.apache.ambari.logfeeder.mapper.MapperFieldValue_java,2,487
org.apache.ambari.logsearch.model.request.impl.ServiceGraphRequest_java,2,487
org.apache.ambari.server.controller.internal.ActiveWidgetLayoutResourceProvider_java,2,487
org.apache.ambari.server.controller.internal.ClusterControllerImpl_java,2,487
org.apache.ambari.logfeeder.output.OutputFile_java,2,487
org.apache.ambari.server.view.ViewExtractor_java,2,487
org.apache.ambari.logfeeder.input.InputFile_java,2,487
org.apache.ambari.server.state.stack.upgrade.ConfigureTask_java,2,487
org.apache.ambari.server.checks.HiveNotRollingWarning_java,2,487
org.apache.ambari.logsearch.model.request.impl.ServiceLogRequest_java,2,487
org.apache.ambari.view.commons.hdfs.UploadService_java,2,487
org.apache.ambari.server.security.AmbariServerSecurityHeaderFilter_java,1,519
org.apache.ambari.logsearch.converter.AuditServiceLoadRequestQueryConverter_java,1,519
org.apache.ambari.server.security.AmbariViewsSecurityHeaderFilter_java,1,519
