file,bugChurn,rank
org.apache.activemq.store.kahadb.MessageDatabase_java,923,1
org.apache.activemq.transport.amqp.message.JMSMappingOutboundTransformer_java,562,2
org.apache.activemq.broker.region.Queue_java,477,3
org.apache.activemq.network.DemandForwardingBridgeSupport_java,409,4
org.apache.activemq.transport.amqp.protocol.AmqpSender_java,396,5
org.apache.activemq.store.jdbc.TransactionContext_java,387,6
org.apache.activemq.store.kahadb.disk.page.PageFile_java,344,7
org.apache.activemq.broker.region.TopicSubscription_java,337,8
org.apache.activemq.broker.TransportConnection_java,299,9
org.apache.activemq.transport.amqp.client.AmqpReceiver_java,289,10
org.apache.activemq.util.JenkinsHash_java,266,11
org.apache.activemq.transport.failover.FailoverTransport_java,258,12
org.apache.activemq.transport.amqp.message.AMQPMessageIdHelper_java,256,13
org.apache.activemq.transport.tcp.TcpTransportServer_java,231,14
org.apache.activemq.command.ActiveMQTextMessage_java,223,15
org.apache.activemq.store.kahadb.KahaDBStore_java,222,16
org.apache.activemq.transport.amqp.message.UTF8BufferType_java,205,17
org.apache.activemq.store.jdbc.adapter.DefaultJDBCAdapter_java,200,18
org.apache.activemq.transport.amqp.message.AmqpMessageSupport_java,195,19
org.apache.activemq.network.jms.SimpleJmsTopicConnector_java,182,20
org.apache.activemq.network.jms.SimpleJmsQueueConnector_java,182,20
org.apache.activemq.ra.ActiveMQResourceAdapter_java,174,22
org.apache.activemq.transport.amqp.message.InboundTransformer_java,174,22
org.apache.activemq.transport.amqp.message.AmqpWritableBuffer_java,164,24
org.apache.activemq.broker.region.cursors.AbstractStoreCursor_java,160,25
org.apache.activemq.broker.region.PrefetchSubscription_java,158,26
org.apache.activemq.ActiveMQMessageConsumer_java,155,27
org.apache.activemq.broker.BrokerService_java,152,28
org.apache.activemq.junit.RepeatStatement_java,147,29
org.apache.activemq.store.kahadb.disk.journal.Journal_java,144,30
org.apache.activemq.broker.scheduler.SchedulerBroker_java,129,31
org.apache.activemq.broker.region.cursors.QueueDispatchPendingList_java,127,32
org.apache.activemq.transport.auto.AutoTcpTransportServer_java,120,33
org.apache.activemq.transport.amqp.message.JMSMappingInboundTransformer_java,119,34
org.apache.activemq.advisory.AdvisoryBroker_java,118,35
org.apache.activemq.transport.amqp.message.AMQPNativeOutboundTransformer_java,116,36
org.apache.activemq.transport.amqp.protocol.AmqpReceiver_java,116,36
org.apache.activemq.junit.ActiveMQTestRunner_java,116,36
org.apache.activemq.broker.region.Topic_java,100,39
org.apache.activemq.store.jdbc.JdbcMemoryTransactionStore_java,99,40
org.apache.activemq.transport.amqp.client.AmqpMessage_java,86,41
org.apache.activemq.store.jdbc.JDBCMessageStore_java,80,42
org.apache.activemq.store.kahadb.MultiKahaDBTransactionStore_java,76,43
org.apache.activemq.transport.amqp.JMSClientTestSupport_java,74,44
org.apache.activemq.ActiveMQMessageTransformation_java,74,44
org.apache.activemq.store.kahadb.disk.journal.DataFileAppender_java,69,46
org.apache.activemq.transport.ws.jetty9.MQTTSocket_java,69,46
org.apache.activemq.transport.mqtt.MQTTProtocolConverter_java,66,48
org.apache.activemq.web.MessageServlet_java,65,49
org.apache.activemq.store.kahadb.MultiKahaDBPersistenceAdapter_java,65,49
org.apache.activemq.store.memory.MemoryTopicMessageStore_java,63,51
org.apache.activemq.broker.region.AbstractSubscription_java,62,52
org.apache.activemq.store.memory.MemoryMessageStore_java,61,53
org.apache.activemq.broker.region.virtual.MappedQueueFilter_java,59,54
org.apache.activemq.transport.auto.nio.AutoNIOSSLTransportServer_java,59,54
org.apache.activemq.ActiveMQConnection_java,58,56
org.apache.activemq.transport.http.HttpInactivityMonitor_java,58,56
org.apache.activemq.thread.TaskRunnerFactory_java,56,58
org.apache.activemq.util.LargeFile_java,56,58
org.apache.activemq.broker.region.virtual.CompositeDestination_java,55,60
org.apache.activemq.transport.stomp.ProtocolConverter_java,55,60
org.apache.activemq.broker.region.BaseDestination_java,54,62
org.apache.activemq.transaction.Transaction_java,53,63
org.apache.activemq.broker.region.IndirectMessageReference_java,52,64
org.apache.activemq.transport.stomp.StompWireFormat_java,52,64
org.apache.activemq.store.jdbc.JDBCPersistenceAdapter_java,50,66
org.apache.activemq.transport.amqp.message.OutboundTransformer_java,50,66
org.apache.activemq.transport.amqp.protocol.AmqpSession_java,49,68
org.apache.activemq.transport.amqp.client.AmqpValidator_java,48,69
org.apache.activemq.transport.discovery.simple.SimpleDiscoveryAgent_java,48,69
org.apache.activemq.transport.nio.NIOSSLTransport_java,47,71
org.apache.activemq.transport.amqp.client.AmqpConnection_java,47,71
org.apache.activemq.command.Message_java,46,73
org.apache.activemq.network.DurableConduitBridge_java,45,74
org.apache.activemq.store.memory.MemoryTransactionStore_java,44,75
org.apache.activemq.transport.amqp.client.AmqpSession_java,44,75
org.apache.activemq.transport.ws.MQTTWSConnection_java,43,77
org.apache.activemq.plugin.SubQueueSelectorCacheBroker_java,41,78
org.apache.activemq.network.ConduitBridge_java,41,78
org.apache.activemq.transport.amqp.client.util.NoOpAsyncResult_java,40,80
org.apache.activemq.broker.region.RegionBroker_java,38,81
org.apache.activemq.junit.RepeatRule_java,38,81
org.apache.activemq.state.ConnectionStateTracker_java,37,83
org.apache.activemq.transport.amqp.client.AmqpFrameValidator_java,37,83
org.apache.activemq.store.kahadb.KahaDBPersistenceAdapter_java,37,83
org.apache.activemq.broker.region.policy.AbortSlowAckConsumerStrategy_java,37,83
org.apache.activemq.jms.pool.ConnectionPool_java,37,83
org.apache.activemq.store.memory.MemoryTopicSub_java,37,83
org.apache.activemq.transport.auto.AutoSslTransportFactory_java,36,89
org.apache.activemq.transport.amqp.JMSClientContext_java,36,89
org.apache.activemq.transport.http.HttpTransportServer_java,35,91
org.apache.activemq.store.memory.MemoryPersistenceAdapter_java,35,91
org.apache.activemq.filter.DestinationMap_java,34,93
org.apache.activemq.command.ActiveMQBytesMessage_java,34,93
org.apache.activemq.broker.region.NullMessageReference_java,34,93
org.apache.activemq.junit.Repeat_java,34,93
org.apache.activemq.store.kahadb.scheduler.JobSchedulerImpl_java,32,97
org.apache.activemq.transport.protocol.MqttProtocolVerifier_java,32,97
org.apache.activemq.transport.amqp.message.AMQPRawInboundTransformer_java,32,97
org.apache.activemq.transport.amqp.protocol.AmqpConnection_java,31,100
org.apache.activemq.broker.TransactionBroker_java,30,101
org.apache.activemq.transport.auto.AutoTcpTransportFactory_java,30,101
org.apache.activemq.broker.scheduler.CronParser_java,30,101
org.apache.activemq.store.kahadb.plist.PListStoreImpl_java,30,101
org.apache.activemq.broker.region.cursors.OrderedPendingList_java,29,105
org.apache.activemq.transport.auto.AutoSslTransportServer_java,29,105
org.apache.activemq.broker.region.cursors.AbstractPendingMessageCursor_java,29,105
org.apache.activemq.transport.amqp.AmqpSupport_java,28,108
org.apache.activemq.web.QueueBrowseQuery_java,28,108
org.apache.activemq.store.ProxyTopicMessageStore_java,28,108
org.apache.activemq.transport.stomp.StompSubscription_java,27,111
org.apache.activemq.usage.PercentLimitUsage_java,27,111
org.apache.activemq.transport.amqp.message.AutoOutboundTransformer_java,26,113
org.apache.activemq.transaction.XATransaction_java,26,113
org.apache.activemq.broker.jmx.HealthView_java,25,115
org.apache.activemq.usage.TempUsage_java,25,115
org.apache.activemq.broker.PublishedAddressPolicy_java,25,115
org.apache.activemq.broker.region.TopicRegion_java,25,115
org.apache.activemq.transport.stomp.StompSslTransportFactory_java,25,115
org.apache.activemq.broker.region.virtual.CompositeDestinationFilter_java,24,120
org.apache.activemq.broker.region.AbstractRegion_java,24,120
org.apache.activemq.store.kahadb.disk.journal.Location_java,24,120
org.apache.activemq.store.kahadb.disk.util.SequenceSet_java,24,120
org.apache.activemq.transaction.LocalTransaction_java,23,124
org.apache.activemq.broker.jmx.DestinationView_java,23,124
org.apache.activemq.transport.ws.WSTransportProxy_java,23,124
org.apache.activemq.transport.nio.SelectorManager_java,22,127
org.apache.activemq.store.NoLocalSubscriptionAware_java,22,127
org.apache.activemq.util.TypeConversionSupport_java,22,127
org.apache.activemq.ra.ActiveMQManagedConnectionFactory_java,22,127
org.apache.activemq.network.NetworkBridgeConfiguration_java,22,127
org.apache.activemq.usage.StoreUsage_java,22,127
org.apache.activemq.ra.ServerSessionImpl_java,21,133
org.apache.activemq.network.NetworkConnector_java,21,133
org.apache.activemq.thread.PooledTaskRunner_java,21,133
org.apache.activemq.transport.nio.AutoInitNioSSLTransport_java,21,133
org.apache.activemq.broker.SslContext_java,21,133
org.apache.activemq.broker.region.cursors.PrioritizedPendingList_java,21,133
org.apache.activemq.ra.ActiveMQConnectionSupport_java,20,139
org.apache.activemq.transport.failover.FailoverClusterTestSupport_java,20,139
org.apache.activemq.jms.pool.PooledConnectionFactory_java,20,139
org.apache.activemq.security.SimpleCachedLDAPAuthorizationMap_java,19,142
org.apache.activemq.util.DefaultIOExceptionHandler_java,19,142
org.apache.activemq.transport.amqp.client.AmqpSender_java,19,142
org.apache.activemq.broker.region.QueueMessageReference_java,19,142
org.apache.activemq.transport.mqtt.strategy.MQTTVirtualTopicSubscriptionStrategy_java,19,142
org.apache.activemq.ActiveMQXASession_java,19,142
org.apache.activemq.broker.scheduler.memory.InMemoryJobScheduler_java,19,142
org.apache.activemq.broker.jmx.DestinationViewMBean_java,18,149
org.apache.activemq.network.NetworkBridgeFactory_java,18,149
org.apache.activemq.transport.logwriters.DefaultLogWriter_java,18,149
org.apache.activemq.security.JaasAuthenticationBroker_java,18,149
org.apache.activemq.openwire.OpenWireFormatFactory_java,17,153
org.apache.activemq.transport.TransportLoggerFactory_java,17,153
org.apache.activemq.broker.view.BrokerDestinationView_java,17,153
org.apache.activemq.broker.region.cursors.StoreQueueCursor_java,16,156
org.apache.activemq.web.MessageQuery_java,16,156
org.apache.activemq.store.kahadb.disk.journal.DataFileAccessorPool_java,16,156
org.apache.activemq.transport.amqp.AmqpTestSupport_java,16,156
org.apache.activemq.ra.ServerSessionPoolImpl_java,15,160
org.apache.activemq.transport.ws.jetty9.StompSocket_java,15,160
org.apache.activemq.transport.amqp.AmqpTransportFilter_java,15,160
org.apache.activemq.network.DemandSubscription_java,14,163
org.apache.activemq.transport.amqp.client.AmqpAbstractResource_java,14,163
org.apache.activemq.command.XATransactionId_java,14,163
org.apache.activemq.broker.jmx.HealthViewMBean_java,13,166
org.apache.activemq.broker.ProducerBrokerExchange_java,13,166
org.apache.activemq.ActiveMQSession_java,13,166
org.apache.activemq.transport.ws.AbstractMQTTSocket_java,12,169
org.apache.activemq.broker.jmx.QueueView_java,12,169
org.apache.activemq.broker.TransportConnector_java,12,169
org.apache.activemq.broker.region.DestinationFilter_java,12,169
org.apache.activemq.transport.amqp.message.AMQPNativeInboundTransformer_java,12,169
org.apache.activemq.transport.amqp.client.AmqpResource_java,12,169
org.apache.activemq.store.kahadb.AbstractKahaDBStore_java,11,175
org.apache.activemq.broker.region.policy.PolicyEntry_java,11,175
org.apache.activemq.broker.jmx.ManagementContext_java,11,175
org.apache.activemq.transport.amqp.protocol.AmqpLink_java,11,175
org.apache.activemq.transport.stomp.Stomp_java,10,179
org.apache.activemq.transport.tcp.SslTransportFactory_java,10,179
org.apache.activemq.transport.amqp.protocol.AmqpTransactionCoordinator_java,10,179
org.apache.activemq.blob.DefaultBlobDownloadStrategy_java,10,179
org.apache.activemq.util.IntrospectionSupport_java,10,179
org.apache.activemq.transport.vm.VMTransport_java,10,179
org.apache.activemq.store.PListTestSupport_java,10,179
org.apache.activemq.camel.component.ActiveMQComponent_java,10,179
org.apache.activemq.store.kahadb.disk.util.DiskBenchmark_java,10,179
org.apache.activemq.command.ActiveMQObjectMessage_java,9,188
org.apache.activemq.transport.http.HttpTransportFactory_java,9,188
org.apache.activemq.command.ActiveMQMapMessage_java,9,188
org.apache.activemq.transport.auto.nio.AutoNioTransportFactory_java,9,188
org.apache.activemq.broker.region.cursors.TopicStorePrefetch_java,9,188
org.apache.activemq.RedeliveryPolicy_java,9,188
org.apache.activemq.command.MessagePull_java,9,188
org.apache.activemq.thread.Scheduler_java,8,195
org.apache.activemq.network.jms.JmsConnector_java,8,195
org.apache.activemq.transport.stomp.StompCodec_java,8,195
org.apache.activemq.store.kahadb.TempKahaDBStore_java,7,198
org.apache.activemq.command.ActiveMQStreamMessage_java,7,198
org.apache.activemq.transport.logwriters.CustomLogWriter_java,7,198
org.apache.activemq.transport.LogWriter_java,7,198
org.apache.activemq.broker.region.cursors.QueueStorePrefetch_java,7,198
org.apache.activemq.transport.stomp.LegacyFrameTranslator_java,7,198
org.apache.activemq.command.ActiveMQMessage_java,7,198
org.apache.activemq.store.PersistenceAdapter_java,6,205
org.apache.activemq.store.kahadb.disk.journal.DataFileAccessor_java,6,205
org.apache.activemq.broker.StubBroker_java,6,205
org.apache.activemq.transport.amqp.client.AmqpTransactionContext_java,6,205
org.apache.activemq.broker.region.cursors.FilePendingMessageCursor_java,6,205
org.apache.activemq.broker.util.RedeliveryPlugin_java,6,205
org.apache.activemq.TransportLoggerSupport_java,6,205
org.apache.activemq.command.ActiveMQDestination_java,6,205
org.apache.activemq.plugin.NetworkConnectorProcessor_java,6,205
org.apache.activemq.ra.ActiveMQEndpointWorker_java,6,205
org.apache.activemq.transport.AbstractInactivityMonitor_java,6,205
org.apache.activemq.util.ByteSequence_java,6,205
org.apache.activemq.store.kahadb.scheduler.JobSchedulerStoreImpl_java,6,205
org.apache.activemq.broker.region.Destination_java,5,218
org.apache.activemq.store.journal.JournalPersistenceAdapter_java,5,218
org.apache.activemq.store.kahadb.disk.index.HashIndexBenchMark_java,5,218
org.apache.activemq.osgi.ActiveMQServiceFactory_java,5,218
org.apache.activemq.transport.amqp.protocol.AmqpAbstractReceiver_java,5,218
org.apache.activemq.transport.ws.WSTransport_java,5,218
org.apache.activemq.transport.ws.WSTransportTestSupport_java,5,218
org.apache.activemq.transport.amqp.AmqpNioSslTransport_java,5,218
org.apache.activemq.transport.amqp.AmqpWSTransport_java,5,218
org.apache.activemq.store.kahadb.disk.index.ListNode_java,4,227
org.apache.activemq.broker.region.virtual.VirtualDestinationInterceptor_java,4,227
org.apache.activemq.store.jdbc.JDBCTopicMessageStore_java,4,227
org.apache.activemq.store.jdbc.adapter.BlobJDBCAdapter_java,4,227
org.apache.activemq.transport.TransportFactory_java,4,227
org.apache.activemq.transport.discovery.multicast.MulticastDiscoveryAgent_java,4,227
org.apache.activemq.broker.region.cursors.PendingList_java,4,227
org.apache.activemq.security.DefaultAuthorizationMap_java,4,227
org.apache.activemq.usecases.DurableSubscriptionOfflineTestBase_java,4,227
org.apache.activemq.jms.pool.PooledConnection_java,4,227
org.apache.activemq.transport.ws.WSTransportServer_java,4,227
org.apache.activemq.transport.ws.StompWSConnection_java,4,227
org.apache.activemq.console.filter.MapTransformFilter_java,4,227
org.apache.activemq.store.kahadb.disk.journal.DataFile_java,4,227
org.apache.activemq.store.kahadb.disk.page.Transaction_java,4,227
org.apache.activemq.transport.amqp.protocol.AmqpAbstractLink_java,4,227
org.apache.activemq.blob.DefaultBlobUploadStrategy_java,4,227
org.apache.activemq.TransactionContext_java,4,227
org.apache.activemq.transport.ws.jetty9.WSServlet_java,4,227
org.apache.activemq.broker.region.DurableTopicSubscription_java,3,246
org.apache.activemq.transport.amqp.AmqpWireFormat_java,3,246
org.apache.activemq.store.MessageRecoveryListener_java,3,246
org.apache.activemq.transport.http.HttpClientTransport_java,3,246
org.apache.activemq.broker.ConnectionContext_java,3,246
org.apache.activemq.transport.nio.SelectorSelection_java,2,251
org.apache.activemq.store.jdbc.LeaseDatabaseLocker_java,2,251
org.apache.activemq.broker.jmx.OpenTypeSupport_java,2,251
org.apache.activemq.jaas.PropertiesLoader_java,2,251
org.apache.activemq.camel.component.OriginalDestinationPropagateStrategy_java,2,251
org.apache.activemq.ra.ActiveMQManagedConnection_java,2,251
org.apache.activemq.console.command.AmqBrowseCommand_java,2,251
org.apache.activemq.plugin.java.JavaRuntimeConfigurationBroker_java,2,251
org.apache.activemq.transport.stomp.StompNIOSSLTransport_java,2,251
org.apache.activemq.broker.region.QueueSubscription_java,2,251
org.apache.activemq.broker.region.virtual.VirtualTopicInterceptor_java,2,251
org.apache.activemq.transport.mqtt.MQTTInactivityMonitor_java,2,251
org.apache.activemq.network.jms.ReconnectionPolicy_java,2,251
org.apache.activemq.util.BitArrayBin_java,2,251
org.apache.activemq.broker.BrokerTestSupport_java,2,251
org.apache.activemq.transport.amqp.AmqpWireFormatFactory_java,2,251
org.apache.activemq.ra.ActiveMQConnectionRequestInfo_java,2,251
org.apache.activemq.bugs.embedded.ThreadExplorer_java,2,251
org.apache.activemq.plugin.StatisticsBroker_java,2,251
org.apache.activemq.broker.region.cursors.StoreDurableSubscriberCursor_java,2,251
org.apache.activemq.broker.region.MessageReference_java,2,251
org.apache.activemq.JmsMultipleClientsTestSupport_java,2,251
org.apache.activemq.plugin.AuthorizationPluginProcessor_java,1,273
org.apache.activemq.transport.mqtt.MQTTNIOSSLTransport_java,1,273
org.apache.activemq.broker.util.LoggingBrokerPlugin_java,1,273
org.apache.activemq.broker.policy.AbortSlowConsumerBase_java,1,273
org.apache.activemq.ra.ActiveMQConnectionFactory_java,1,273
org.apache.activemq.ActiveMQConnectionMetaData_java,1,273
org.apache.activemq.jaas.ReloadableProperties_java,1,273
