<!--
RSS generated by JIRA (8.3.4#803005-sha1:1f96e09b3c60279a408a2ae47be3c745f571388b) at Mon Feb 17 08:24:48 UTC 2020

It is possible to restrict the fields that are returned in this document by specifying the 'field' parameter in your request.
For example, to request only the issue key and summary append 'field=key&field=summary' to the URL of your request.
-->
<!-- If you wish to do custom client-side styling of RSS, uncomment this:
<?xml-stylesheet href="https://issues.apache.org/jira/styles/jiraxml2html.xsl" type="text/xsl"?>
-->
<rss version="0.92">
    <channel>
        <title>ASF JIRA</title>
        <link>https://issues.apache.org/jira/issues/?jql=project+%3D+ACCUMULO+AND+issuetype+%3D+Bug+AND+created+%3E%3D+2017-11-01+AND+created+%3C%3D+2017-12-01</link>
        <description>An XML representation of a search request</description>
                <language>en-uk</language>
                        <issue start="0" end="3" total="3"/>
                <build-info>
            <version>8.3.4</version>
            <build-number>803005</build-number>
            <build-date>13-09-2019</build-date>
        </build-info>

<item>
            <title>[ACCUMULO-4745] Monitor Table hyperlinks are broken</title>
                <link>https://issues.apache.org/jira/browse/ACCUMULO-4745</link>
                <project id="12312121" key="ACCUMULO">Accumulo</project>
                    <description>&lt;p&gt;In the accumulo-monitor Table Status page, the hyperlinked table list items have malformed links of the form:&lt;/p&gt;
&lt;ul&gt;
	&lt;li&gt;&lt;a href=&quot;http://localhost:9995/tables/[object%20Object&quot; class=&quot;external-link&quot; rel=&quot;nofollow&quot;&gt;http://localhost:9995/tables/[object%20Object&lt;/a&gt;]&lt;/li&gt;
&lt;/ul&gt;


&lt;p&gt;The should be of the form&lt;/p&gt;
&lt;ul&gt;
	&lt;li&gt;&lt;a href=&quot;http://localhost:9995/tables/&quot; class=&quot;external-link&quot; rel=&quot;nofollow&quot;&gt;http://localhost:9995/tables/&lt;/a&gt;&amp;lt;tableId&amp;gt;&lt;/li&gt;
	&lt;li&gt;i.e.  &lt;a href=&quot;http://localhost:9995/tables/1&quot; class=&quot;external-link&quot; rel=&quot;nofollow&quot;&gt;http://localhost:9995/tables/1&lt;/a&gt;&lt;/li&gt;
&lt;/ul&gt;


&lt;p&gt;I&apos;m not 100% sure where the issue is, but it looks like the server/monitor/resources/js/tables.js ~line 187 might be where the link itself is being generated.&lt;/p&gt;

&lt;p&gt;To reproduce create an assembly off of the master branch (2.0.0-snapshot), init/start accumulo master/tserver/monitor, go to &lt;a href=&quot;http://localhost:9995/tables/&quot; class=&quot;external-link&quot; rel=&quot;nofollow&quot;&gt;http://localhost:9995/tables/&lt;/a&gt; and any of the table links should exhibit the issue.&lt;/p&gt;</description>
                <environment></environment>
        <key id="13120747">ACCUMULO-4745</key>
            <summary>Monitor Table hyperlinks are broken</summary>
                <type id="1" iconUrl="https://issues.apache.org/jira/secure/viewavatar?size=xsmall&amp;avatarId=21133&amp;avatarType=issuetype">Bug</type>
                                            <priority id="3" iconUrl="https://issues.apache.org/jira/images/icons/priorities/major.svg">Major</priority>
                        <status id="5" iconUrl="https://issues.apache.org/jira/images/icons/statuses/resolved.png" description="A resolution has been taken, and it is awaiting verification by reporter. From here issues are either reopened, or are closed.">Resolved</status>
                    <statusCategory id="3" key="done" colorName="green"/>
                                    <resolution id="1">Fixed</resolution>
                                        <assignee username="bmfach">Benjamin F</assignee>
                                    <reporter username="glitch">Kyle Van Gilson</reporter>
                        <labels>
                            <label>pull-request-available</label>
                    </labels>
                <created>Sat, 25 Nov 2017 21:50:20 +0000</created>
                <updated>Mon, 4 Dec 2017 22:20:48 +0000</updated>
                            <resolved>Mon, 4 Dec 2017 21:32:04 +0000</resolved>
                                    <version>2.0.0</version>
                                    <fixVersion>2.0.0</fixVersion>
                                    <component>monitor</component>
                        <due></due>
                            <votes>0</votes>
                                    <watches>3</watches>
                                            <timeestimate seconds="0">0h</timeestimate>
                            <timespent seconds="7800">2h 10m</timespent>
                                <comments>
                            <comment id="16266918" author="bmfach" created="Mon, 27 Nov 2017 15:08:47 +0000"  >&lt;p&gt;I&apos;d like to take a look at this for a first ticket.&lt;/p&gt;</comment>
                            <comment id="16267261" author="bmfach" created="Mon, 27 Nov 2017 18:59:15 +0000"  >&lt;p&gt;Traced issue back up to &lt;em&gt;accumulo.core.client.impl.Tables&lt;/em&gt;. The static subclass &lt;em&gt;ID&lt;/em&gt; has the text value of the table ID in a property named &quot;utf8&quot;.&lt;/p&gt;

&lt;p&gt;The &quot;utf&quot; property is base64 encoded so I grabbed to value from the object being passed back and decoded it.&lt;/p&gt;
</comment>
                            <comment id="16267437" author="ctubbsii" created="Mon, 27 Nov 2017 20:29:39 +0000"  >&lt;p&gt;&lt;a href=&quot;https://issues.apache.org/jira/secure/ViewProfile.jspa?name=bmfach&quot; class=&quot;user-hover&quot; rel=&quot;bmfach&quot;&gt;Benjamin F&lt;/a&gt; Thanks for the contribution! I&apos;ve assigned the issue to you, and commented on your pull request with a suggestion for an alternate fix.&lt;/p&gt;</comment>
                            <comment id="16277547" author="ctubbsii" created="Mon, 4 Dec 2017 21:32:04 +0000"  >&lt;p&gt;Closing this, since the PR was merged.&lt;/p&gt;</comment>
                    </comments>
                <issuelinks>
                            <issuelinktype id="10030">
                    <name>Reference</name>
                                                                <inwardlinks description="is related to">
                                        <issuelink>
            <issuekey id="13122700">ACCUMULO-4755</issuekey>
        </issuelink>
                            </inwardlinks>
                                    </issuelinktype>
                    </issuelinks>
                <attachments>
                    </attachments>
                <subtasks>
                    </subtasks>
                <customfields>
                                                                            <customfield id="customfield_12310310" key="com.atlassian.jira.toolkit:attachments">
                        <customfieldname>Attachment count</customfieldname>
                        <customfieldvalues>
                            <customfieldvalue>0.0</customfieldvalue>
                        </customfieldvalues>
                    </customfield>
                                                                                                                                                                                                                                                                                                                                                                                                                                                                                                                                                                                                                                                                                                        <customfield id="customfield_12310220" key="com.atlassian.jira.ext.charting:firstresponsedate">
                        <customfieldname>Date of First Response</customfieldname>
                        <customfieldvalues>
                            <customfieldvalue>Mon, 27 Nov 2017 15:08:47 +0000</customfieldvalue>

                        </customfieldvalues>
                    </customfield>
                                                                <customfield id="customfield_12314020" key="com.atlassian.jira.plugins.jira-development-integration-plugin:devsummary">
                        <customfieldname>Development</customfieldname>
                        <customfieldvalues>
                            
                        </customfieldvalues>
                    </customfield>
                                                                                                                        <customfield id="customfield_12313422" key="com.atlassian.jirafisheyeplugin:jobcheckbox">
                        <customfieldname>Enable Automatic Patch Review</customfieldname>
                        <customfieldvalues>
                            <customfieldvalue><![CDATA[false]]></customfieldvalue>

                        </customfieldvalues>
                    </customfield>
                                                                                                                                                                                                                                                                                                                                                                                                                                                                                                                                                                                                                                                <customfield id="customfield_12310420" key="com.pyxis.greenhopper.jira:gh-global-rank">
                        <customfieldname>Global Rank</customfieldname>
                        <customfieldvalues>
                            <customfieldvalue>9223372036854775807</customfieldvalue>
                        </customfieldvalues>
                    </customfield>
                                                                                                                                                                                                            <customfield id="customfield_12312521" key="com.atlassian.jira.toolkit:LastCommentDate">
                        <customfieldname>Last public comment date</customfieldname>
                        <customfieldvalues>
                            2 years, 10 weeks, 6 days ago
                        </customfieldvalues>
                    </customfield>
                                                                                                                                                                                                            <customfield id="customfield_12311820" key="com.pyxis.greenhopper.jira:gh-lexo-rank">
                        <customfieldname>Rank</customfieldname>
                        <customfieldvalues>
                            <customfieldvalue>0|i3n6rb:</customfieldvalue>

                        </customfieldvalues>
                    </customfield>
                                                                <customfield id="customfield_12310920" key="com.pyxis.greenhopper.jira:gh-global-rank">
                        <customfieldname>Rank (Obsolete)</customfieldname>
                        <customfieldvalues>
                            <customfieldvalue>9223372036854775807</customfieldvalue>
                        </customfieldvalues>
                    </customfield>
                                                                                                                                                                                                                                                                                                                                                                                                                                                                                                                                                                                                                                                                            <customfield id="customfield_12310222" key="com.atlassian.jira.ext.charting:timeinstatus">
                        <customfieldname>Time in Status</customfieldname>
                        <customfieldvalues>
                            
                        </customfieldvalues>
                    </customfield>
                                                                                            </customfields>
    </item>


<item>
            <title>[ACCUMULO-4744] Using RFile API with cache and multiple files hides data</title>
                <link>https://issues.apache.org/jira/browse/ACCUMULO-4744</link>
                <project id="12312121" key="ACCUMULO">Accumulo</project>
                    <description>&lt;p&gt;Noticed this bug in source code while working on &lt;a href=&quot;https://issues.apache.org/jira/browse/ACCUMULO-4641&quot; title=&quot;Modify BlockCache interface to avoid race conditions&quot; class=&quot;issue-link&quot; data-issue-key=&quot;ACCUMULO-4641&quot;&gt;&lt;del&gt;ACCUMULO-4641&lt;/del&gt;&lt;/a&gt;.  When using the RFile API introduced in 1.8 to read from multiple files with cache enabled, not all data may be seen.  This happens because internally the code gives all input sources the same cache id.  Therefore index and data blocks from multiple files collide in the cache.&lt;/p&gt;

&lt;p&gt;This bug does not happen when reading data through tserver, only the RFile API.&lt;/p&gt;

&lt;div class=&quot;code panel&quot; style=&quot;border-width: 1px;&quot;&gt;&lt;div class=&quot;codeContent panelContent&quot;&gt;
&lt;pre class=&quot;code-java&quot;&gt;
  Scanner scanner =
       RFile.newScanner()
           .from(file1, file2, file3)   &lt;span class=&quot;code-comment&quot;&gt;//multiple input files
&lt;/span&gt;           .withFileSystem(localFs)
           .withIndexCache(1000000)   &lt;span class=&quot;code-comment&quot;&gt;//enabled cache 
&lt;/span&gt;           .withDataCache(10000000)  &lt;span class=&quot;code-comment&quot;&gt;//enabled cache
&lt;/span&gt;           .build();
&lt;/pre&gt;
&lt;/div&gt;&lt;/div&gt;</description>
                <environment></environment>
        <key id="13119773">ACCUMULO-4744</key>
            <summary>Using RFile API with cache and multiple files hides data</summary>
                <type id="1" iconUrl="https://issues.apache.org/jira/secure/viewavatar?size=xsmall&amp;avatarId=21133&amp;avatarType=issuetype">Bug</type>
                                            <priority id="2" iconUrl="https://issues.apache.org/jira/images/icons/priorities/critical.svg">Critical</priority>
                        <status id="5" iconUrl="https://issues.apache.org/jira/images/icons/statuses/resolved.png" description="A resolution has been taken, and it is awaiting verification by reporter. From here issues are either reopened, or are closed.">Resolved</status>
                    <statusCategory id="3" key="done" colorName="green"/>
                                    <resolution id="1">Fixed</resolution>
                                        <assignee username="kturner">Keith Turner</assignee>
                                    <reporter username="kturner">Keith Turner</reporter>
                        <labels>
                            <label>pull-request-available</label>
                    </labels>
                <created>Mon, 20 Nov 2017 21:09:26 +0000</created>
                <updated>Tue, 23 Apr 2019 16:13:12 +0000</updated>
                            <resolved>Thu, 30 Nov 2017 20:57:26 +0000</resolved>
                                    <version>1.8.0</version>
                    <version>1.8.1</version>
                                    <fixVersion>1.9.0</fixVersion>
                                        <due></due>
                            <votes>0</votes>
                                    <watches>2</watches>
                                            <timeestimate seconds="0">0h</timeestimate>
                            <timespent seconds="4800">1h 20m</timespent>
                                        <attachments>
                    </attachments>
                <subtasks>
                    </subtasks>
                <customfields>
                                                                            <customfield id="customfield_12310310" key="com.atlassian.jira.toolkit:attachments">
                        <customfieldname>Attachment count</customfieldname>
                        <customfieldvalues>
                            <customfieldvalue>0.0</customfieldvalue>
                        </customfieldvalues>
                    </customfield>
                                                                                                                                                                                                                                                                                                                                                                                                                                                                                                                                                                                                                                                                                                                                    <customfield id="customfield_12314020" key="com.atlassian.jira.plugins.jira-development-integration-plugin:devsummary">
                        <customfieldname>Development</customfieldname>
                        <customfieldvalues>
                            
                        </customfieldvalues>
                    </customfield>
                                                                                                                        <customfield id="customfield_12313422" key="com.atlassian.jirafisheyeplugin:jobcheckbox">
                        <customfieldname>Enable Automatic Patch Review</customfieldname>
                        <customfieldvalues>
                            <customfieldvalue><![CDATA[false]]></customfieldvalue>

                        </customfieldvalues>
                    </customfield>
                                                                                                                                                                                                                                                                                                                                                                                                                                                                                                                                                                                                                                                <customfield id="customfield_12310420" key="com.pyxis.greenhopper.jira:gh-global-rank">
                        <customfieldname>Global Rank</customfieldname>
                        <customfieldvalues>
                            <customfieldvalue>9223372036854775807</customfieldvalue>
                        </customfieldvalues>
                    </customfield>
                                                                                                                                                                                                            <customfield id="customfield_12312521" key="com.atlassian.jira.toolkit:LastCommentDate">
                        <customfieldname>Last public comment date</customfieldname>
                        <customfieldvalues>
                            2 years, 12 weeks, 6 days ago
                        </customfieldvalues>
                    </customfield>
                                                                                                                                                                                                            <customfield id="customfield_12311820" key="com.pyxis.greenhopper.jira:gh-lexo-rank">
                        <customfieldname>Rank</customfieldname>
                        <customfieldvalues>
                            <customfieldvalue>0|i3n0rj:</customfieldvalue>

                        </customfieldvalues>
                    </customfield>
                                                                <customfield id="customfield_12310920" key="com.pyxis.greenhopper.jira:gh-global-rank">
                        <customfieldname>Rank (Obsolete)</customfieldname>
                        <customfieldvalues>
                            <customfieldvalue>9223372036854775807</customfieldvalue>
                        </customfieldvalues>
                    </customfield>
                                                                                                                                                                                                                                                                                                                                                                                                                                                                                                                                                                                                                                                                            <customfield id="customfield_12310222" key="com.atlassian.jira.ext.charting:timeinstatus">
                        <customfieldname>Time in Status</customfieldname>
                        <customfieldvalues>
                            
                        </customfieldvalues>
                    </customfield>
                                                                                            </customfields>
    </item>


<item>
            <title>[ACCUMULO-4743] Use tserver prefix for Cache config instead of general custom</title>
                <link>https://issues.apache.org/jira/browse/ACCUMULO-4743</link>
                <project id="12312121" key="ACCUMULO">Accumulo</project>
                    <description>&lt;p&gt;In &lt;a href=&quot;https://issues.apache.org/jira/browse/ACCUMULO-4463&quot; title=&quot;Make caching implementation configurable&quot; class=&quot;issue-link&quot; data-issue-key=&quot;ACCUMULO-4463&quot;&gt;&lt;del&gt;ACCUMULO-4463&lt;/del&gt;&lt;/a&gt; caching implementations were made configurable.  At the time config for a cache was placed under the &lt;tt&gt;general.custom.cache&lt;/tt&gt; prefix.  The idea was that a cache impl would be passed in a AccumuloConfiguration object and it could grab whatever it wanted from &lt;tt&gt;general.custom.cache&lt;/tt&gt;.  &lt;/p&gt;

&lt;p&gt;In &lt;a href=&quot;https://issues.apache.org/jira/browse/ACCUMULO-4644&quot; title=&quot;Remove AccumuloConfiguration from BlockCacheManager API&quot; class=&quot;issue-link&quot; data-issue-key=&quot;ACCUMULO-4644&quot;&gt;&lt;del&gt;ACCUMULO-4644&lt;/del&gt;&lt;/a&gt; the cache API was changed to not use AccumuloConfiguration because that type is not in the public API.  This removed the reason for using general.custom in the first place.&lt;/p&gt;

&lt;p&gt;When trying to implement an external cache I discovered that I can not set general.custom props in zookeeper.  However the cache class is a tserver prefixed property can can be set in zookeeper.  For the &lt;a href=&quot;https://github.com/keith-turner/accumulo-ohc&quot; class=&quot;external-link&quot; rel=&quot;nofollow&quot;&gt;accumulo-ohc&lt;/a&gt; I wanted to do the following in the shell but could not set the general props.&lt;/p&gt;

&lt;div class=&quot;preformatted panel&quot; style=&quot;border-width: 1px;&quot;&gt;&lt;div class=&quot;preformattedContent panelContent&quot;&gt;
&lt;pre&gt;config -s general.custom.cache.ohc.data.on-heap.maximumWeight=1000000000
config -s general.custom.cache.ohc.data.off-heap.capacity=10000000000
config -s tserver.cache.manager.class=accumulo.ohc.OhcCacheManager
&lt;/pre&gt;
&lt;/div&gt;&lt;/div&gt;

&lt;p&gt;I think it would be nice to change cache config prefix from &lt;tt&gt;general.custom.cache.&amp;lt;scope&amp;gt;.&amp;lt;user prop&amp;gt;&lt;/tt&gt; to &lt;tt&gt;tserver.cache.config.&amp;lt;scope&amp;gt;.&amp;lt;user prop&amp;gt;&lt;/tt&gt;.  Doing this would enable setting up a cache in the shell like the following.&lt;/p&gt;

&lt;div class=&quot;preformatted panel&quot; style=&quot;border-width: 1px;&quot;&gt;&lt;div class=&quot;preformattedContent panelContent&quot;&gt;
&lt;pre&gt;config -s tserver.cache.config.data.on-heap.maximumWeight=1000000000
config -s tserver.cache.config.data.off-heap.capacity=10000000000
config -s tserver.cache.manager.class=accumulo.ohc.OhcCacheManager
&lt;/pre&gt;
&lt;/div&gt;&lt;/div&gt;

&lt;p&gt;Part of the code for this prefix is at &lt;a href=&quot;https://github.com/apache/accumulo/blob/d877a2df2943e48d70d99b96616844d0dff9a501/core/src/main/java/org/apache/accumulo/core/file/blockfile/cache/BlockCacheManager.java#L33&quot; class=&quot;external-link&quot; rel=&quot;nofollow&quot;&gt;BlockCacheManager.java line 33&lt;/a&gt;&lt;/p&gt;</description>
                <environment></environment>
        <key id="13119724">ACCUMULO-4743</key>
            <summary>Use tserver prefix for Cache config instead of general custom</summary>
                <type id="1" iconUrl="https://issues.apache.org/jira/secure/viewavatar?size=xsmall&amp;avatarId=21133&amp;avatarType=issuetype">Bug</type>
                                            <priority id="3" iconUrl="https://issues.apache.org/jira/images/icons/priorities/major.svg">Major</priority>
                        <status id="5" iconUrl="https://issues.apache.org/jira/images/icons/statuses/resolved.png" description="A resolution has been taken, and it is awaiting verification by reporter. From here issues are either reopened, or are closed.">Resolved</status>
                    <statusCategory id="3" key="done" colorName="green"/>
                                    <resolution id="1">Fixed</resolution>
                                        <assignee username="jkrdev">Jared R</assignee>
                                    <reporter username="kturner">Keith Turner</reporter>
                        <labels>
                            <label>pull-request-available</label>
                    </labels>
                <created>Mon, 20 Nov 2017 17:19:43 +0000</created>
                <updated>Mon, 4 Dec 2017 21:22:44 +0000</updated>
                            <resolved>Fri, 1 Dec 2017 18:28:08 +0000</resolved>
                                                    <fixVersion>2.0.0</fixVersion>
                                        <due></due>
                            <votes>0</votes>
                                    <watches>2</watches>
                                            <timeestimate seconds="0">0h</timeestimate>
                            <timespent seconds="8400">2h 20m</timespent>
                                    <issuelinks>
                            <issuelinktype id="10030">
                    <name>Reference</name>
                                            <outwardlinks description="relates to">
                                        <issuelink>
            <issuekey id="13005499">ACCUMULO-4463</issuekey>
        </issuelink>
                            </outwardlinks>
                                                        </issuelinktype>
                    </issuelinks>
                <attachments>
                    </attachments>
                <subtasks>
                    </subtasks>
                <customfields>
                                                                            <customfield id="customfield_12310310" key="com.atlassian.jira.toolkit:attachments">
                        <customfieldname>Attachment count</customfieldname>
                        <customfieldvalues>
                            <customfieldvalue>0.0</customfieldvalue>
                        </customfieldvalues>
                    </customfield>
                                                                                                                                                                                                                                                                                                                                                                                                                                                                                                                                                                                                                                                                                                                                    <customfield id="customfield_12314020" key="com.atlassian.jira.plugins.jira-development-integration-plugin:devsummary">
                        <customfieldname>Development</customfieldname>
                        <customfieldvalues>
                            
                        </customfieldvalues>
                    </customfield>
                                                                                                                        <customfield id="customfield_12313422" key="com.atlassian.jirafisheyeplugin:jobcheckbox">
                        <customfieldname>Enable Automatic Patch Review</customfieldname>
                        <customfieldvalues>
                            <customfieldvalue><![CDATA[false]]></customfieldvalue>

                        </customfieldvalues>
                    </customfield>
                                                                                                                                                                                                                                                                                                                                                                                                                                                                                                                                                                                                                                                <customfield id="customfield_12310420" key="com.pyxis.greenhopper.jira:gh-global-rank">
                        <customfieldname>Global Rank</customfieldname>
                        <customfieldvalues>
                            <customfieldvalue>9223372036854775807</customfieldvalue>
                        </customfieldvalues>
                    </customfield>
                                                                                                                                                                                                            <customfield id="customfield_12312521" key="com.atlassian.jira.toolkit:LastCommentDate">
                        <customfieldname>Last public comment date</customfieldname>
                        <customfieldvalues>
                            2 years, 12 weeks, 6 days ago
                        </customfieldvalues>
                    </customfield>
                                                                                                                                                                                                            <customfield id="customfield_12311820" key="com.pyxis.greenhopper.jira:gh-lexo-rank">
                        <customfieldname>Rank</customfieldname>
                        <customfieldvalues>
                            <customfieldvalue>0|i3n0gn:</customfieldvalue>

                        </customfieldvalues>
                    </customfield>
                                                                <customfield id="customfield_12310920" key="com.pyxis.greenhopper.jira:gh-global-rank">
                        <customfieldname>Rank (Obsolete)</customfieldname>
                        <customfieldvalues>
                            <customfieldvalue>9223372036854775807</customfieldvalue>
                        </customfieldvalues>
                    </customfield>
                                                                                                                                                                                                                                                                                                                                                                                                                                                                                                                                                                                                                                                                            <customfield id="customfield_12310222" key="com.atlassian.jira.ext.charting:timeinstatus">
                        <customfieldname>Time in Status</customfieldname>
                        <customfieldvalues>
                            
                        </customfieldvalues>
                    </customfield>
                                                                                            </customfields>
    </item>
</channel>
</rss>