<!--
RSS generated by JIRA (8.3.4#803005-sha1:1f96e09b3c60279a408a2ae47be3c745f571388b) at Mon Feb 17 08:23:11 UTC 2020

It is possible to restrict the fields that are returned in this document by specifying the 'field' parameter in your request.
For example, to request only the issue key and summary append 'field=key&field=summary' to the URL of your request.
-->
<!-- If you wish to do custom client-side styling of RSS, uncomment this:
<?xml-stylesheet href="https://issues.apache.org/jira/styles/jiraxml2html.xsl" type="text/xsl"?>
-->
<rss version="0.92">
    <channel>
        <title>ASF JIRA</title>
        <link>https://issues.apache.org/jira/issues/?jql=project+%3D+ACCUMULO+AND+issuetype+%3D+Bug+AND+created+%3E%3D+2017-02-01+AND+created+%3C%3D+2017-03-01</link>
        <description>An XML representation of a search request</description>
                <language>en-uk</language>
                        <issue start="0" end="6" total="6"/>
                <build-info>
            <version>8.3.4</version>
            <build-number>803005</build-number>
            <build-date>13-09-2019</build-date>
        </build-info>

<item>
            <title>[ACCUMULO-4590] Use JSON.parse instead of eval on client side javascript</title>
                <link>https://issues.apache.org/jira/browse/ACCUMULO-4590</link>
                <project id="12312121" key="ACCUMULO">Accumulo</project>
                    <description>&lt;p&gt;Right now we rely on &quot;eval&quot; to decode json results in the monitor display:&lt;/p&gt;

&lt;p&gt;&lt;a href=&quot;https://github.com/apache/accumulo/blob/master/server/monitor/src/main/resources/web/vis.js#L85&quot; class=&quot;external-link&quot; rel=&quot;nofollow&quot;&gt;vis.js&lt;/a&gt;&lt;/p&gt;

&lt;div class=&quot;code panel&quot; style=&quot;border-width: 1px;&quot;&gt;&lt;div class=&quot;codeContent panelContent&quot;&gt;
&lt;pre class=&quot;code-java&quot;&gt;function handleNewData() {
  &lt;span class=&quot;code-keyword&quot;&gt;if&lt;/span&gt; (xmlhttp.readyState!=4) {
    &lt;span class=&quot;code-keyword&quot;&gt;return&lt;/span&gt;;
  }
  &lt;span class=&quot;code-keyword&quot;&gt;if&lt;/span&gt; (xmlhttp.status!=200 || xmlhttp.responseText==&lt;span class=&quot;code-keyword&quot;&gt;null&lt;/span&gt;) {
    xmlReturned = &lt;span class=&quot;code-keyword&quot;&gt;true&lt;/span&gt;;
    &lt;span class=&quot;code-keyword&quot;&gt;return&lt;/span&gt;;
  }
  &lt;span class=&quot;code-keyword&quot;&gt;var&lt;/span&gt; newstats = eval(&lt;span class=&quot;code-quote&quot;&gt;&apos;(&apos;&lt;/span&gt; + xmlhttp.responseText + &lt;span class=&quot;code-quote&quot;&gt;&apos;)&apos;&lt;/span&gt;);
&lt;/pre&gt;
&lt;/div&gt;&lt;/div&gt;

&lt;p&gt;We should instead use JSON.parse&lt;/p&gt;</description>
                <environment></environment>
        <key id="13044877">ACCUMULO-4590</key>
            <summary>Use JSON.parse instead of eval on client side javascript</summary>
                <type id="1" iconUrl="https://issues.apache.org/jira/secure/viewavatar?size=xsmall&amp;avatarId=21133&amp;avatarType=issuetype">Bug</type>
                                            <priority id="3" iconUrl="https://issues.apache.org/jira/images/icons/priorities/major.svg">Major</priority>
                        <status id="5" iconUrl="https://issues.apache.org/jira/images/icons/statuses/resolved.png" description="A resolution has been taken, and it is awaiting verification by reporter. From here issues are either reopened, or are closed.">Resolved</status>
                    <statusCategory id="3" key="done" colorName="green"/>
                                    <resolution id="1">Fixed</resolution>
                                        <assignee username="ctubbsii">Christopher Tubbs</assignee>
                                    <reporter username="busbey">Sean Busbey</reporter>
                        <labels>
                            <label>security</label>
                    </labels>
                <created>Tue, 21 Feb 2017 16:06:38 +0000</created>
                <updated>Tue, 23 Apr 2019 16:13:15 +0000</updated>
                            <resolved>Wed, 22 Feb 2017 19:24:15 +0000</resolved>
                                    <version>1.6.6</version>
                    <version>1.7.2</version>
                    <version>1.8.0</version>
                    <version>2.0.0</version>
                                    <fixVersion>1.7.3</fixVersion>
                    <fixVersion>1.9.0</fixVersion>
                                    <component>monitor</component>
                        <due></due>
                            <votes>0</votes>
                                    <watches>3</watches>
                                            <timeestimate seconds="0">0h</timeestimate>
                            <timespent seconds="1800">0.5h</timespent>
                                <comments>
                            <comment id="15876205" author="busbey" created="Tue, 21 Feb 2017 16:08:52 +0000"  >&lt;p&gt;browser coverage for switching to JSON.parse:&lt;/p&gt;

&lt;ul&gt;
	&lt;li&gt;&lt;a href=&quot;http://caniuse.com/#search=JSON.parse&quot; class=&quot;external-link&quot; rel=&quot;nofollow&quot;&gt;http://caniuse.com/#search=JSON.parse&lt;/a&gt;&lt;/li&gt;
	&lt;li&gt;&lt;a href=&quot;https://developer.mozilla.org/en-US/docs/Web/JavaScript/Reference/Global_Objects/JSON&quot; class=&quot;external-link&quot; rel=&quot;nofollow&quot;&gt;https://developer.mozilla.org/en-US/docs/Web/JavaScript/Reference/Global_Objects/JSON&lt;/a&gt;&lt;/li&gt;
&lt;/ul&gt;


&lt;p&gt;Looks good enough to just use it directly rather than install one of the third party fall-back mechanisms.&lt;/p&gt;</comment>
                            <comment id="15877447" author="elserj" created="Wed, 22 Feb 2017 04:22:34 +0000"  >&lt;p&gt;LGTM..&lt;/p&gt;</comment>
                            <comment id="15879021" author="ctubbsii" created="Wed, 22 Feb 2017 19:24:15 +0000"  >&lt;p&gt;Tested locally, and pushed the proposed change up.&lt;/p&gt;</comment>
                    </comments>
                    <attachments>
                    </attachments>
                <subtasks>
                    </subtasks>
                <customfields>
                                                                            <customfield id="customfield_12310310" key="com.atlassian.jira.toolkit:attachments">
                        <customfieldname>Attachment count</customfieldname>
                        <customfieldvalues>
                            <customfieldvalue>0.0</customfieldvalue>
                        </customfieldvalues>
                    </customfield>
                                                                                                                                                                                                                                                                                                                                                                                                                                                                                                                                                                                                                                                                                                        <customfield id="customfield_12310220" key="com.atlassian.jira.ext.charting:firstresponsedate">
                        <customfieldname>Date of First Response</customfieldname>
                        <customfieldvalues>
                            <customfieldvalue>Wed, 22 Feb 2017 04:22:34 +0000</customfieldvalue>

                        </customfieldvalues>
                    </customfield>
                                                                <customfield id="customfield_12314020" key="com.atlassian.jira.plugins.jira-development-integration-plugin:devsummary">
                        <customfieldname>Development</customfieldname>
                        <customfieldvalues>
                            
                        </customfieldvalues>
                    </customfield>
                                                                                                                        <customfield id="customfield_12313422" key="com.atlassian.jirafisheyeplugin:jobcheckbox">
                        <customfieldname>Enable Automatic Patch Review</customfieldname>
                        <customfieldvalues>
                            <customfieldvalue><![CDATA[false]]></customfieldvalue>

                        </customfieldvalues>
                    </customfield>
                                                                                                                                                                                                                                                                                                                                                                                                                                                                                                                                                                                                                                                <customfield id="customfield_12310420" key="com.pyxis.greenhopper.jira:gh-global-rank">
                        <customfieldname>Global Rank</customfieldname>
                        <customfieldvalues>
                            <customfieldvalue>9223372036854775807</customfieldvalue>
                        </customfieldvalues>
                    </customfield>
                                                                                                                                                                                                            <customfield id="customfield_12312521" key="com.atlassian.jira.toolkit:LastCommentDate">
                        <customfieldname>Last public comment date</customfieldname>
                        <customfieldvalues>
                            2 years, 51 weeks, 4 days ago
                        </customfieldvalues>
                    </customfield>
                                                                                                                                                                                                            <customfield id="customfield_12311820" key="com.pyxis.greenhopper.jira:gh-lexo-rank">
                        <customfieldname>Rank</customfieldname>
                        <customfieldvalues>
                            <customfieldvalue>0|i3advb:</customfieldvalue>

                        </customfieldvalues>
                    </customfield>
                                                                <customfield id="customfield_12310920" key="com.pyxis.greenhopper.jira:gh-global-rank">
                        <customfieldname>Rank (Obsolete)</customfieldname>
                        <customfieldvalues>
                            <customfieldvalue>9223372036854775807</customfieldvalue>
                        </customfieldvalues>
                    </customfield>
                                                                                                                                                                                                                                                                                                                                                                                                                                                                                                                                                                                                                                                                            <customfield id="customfield_12310222" key="com.atlassian.jira.ext.charting:timeinstatus">
                        <customfieldname>Time in Status</customfieldname>
                        <customfieldvalues>
                            
                        </customfieldvalues>
                    </customfield>
                                                                                            </customfields>
    </item>


<item>
            <title>[ACCUMULO-4589] Wikisearch Search with no results throws Error</title>
                <link>https://issues.apache.org/jira/browse/ACCUMULO-4589</link>
                <project id="12312121" key="ACCUMULO">Accumulo</project>
                    <description>&lt;p&gt;When performing a fielded search, i.e. TEXT == &apos;blah&apos;, for a term that is not indexed an unhelpful exception is thrown:&lt;/p&gt;

&lt;div class=&quot;code panel&quot; style=&quot;border-width: 1px;&quot;&gt;&lt;div class=&quot;codeContent panelContent&quot;&gt;
&lt;pre class=&quot;code-java&quot;&gt;org.jboss.resteasy.spi.UnhandledException: java.lang.StringIndexOutOfBoundsException: &lt;span class=&quot;code-object&quot;&gt;String&lt;/span&gt; index out of range: -1
	org.jboss.resteasy.core.SynchronousDispatcher.unwrapException(SynchronousDispatcher.java:345)
	org.jboss.resteasy.core.SynchronousDispatcher.unwrapException(SynchronousDispatcher.java:341)
	org.jboss.resteasy.core.SynchronousDispatcher.handleApplicationException(SynchronousDispatcher.java:321)
	org.jboss.resteasy.core.SynchronousDispatcher.handleException(SynchronousDispatcher.java:214)
	org.jboss.resteasy.core.SynchronousDispatcher.handleInvokerException(SynchronousDispatcher.java:190)
	org.jboss.resteasy.core.SynchronousDispatcher.getResponse(SynchronousDispatcher.java:534)
	org.jboss.resteasy.core.SynchronousDispatcher.invoke(SynchronousDispatcher.java:496)
&lt;/pre&gt;
&lt;/div&gt;&lt;/div&gt;</description>
                <environment></environment>
        <key id="13044838">ACCUMULO-4589</key>
            <summary>Wikisearch Search with no results throws Error</summary>
                <type id="1" iconUrl="https://issues.apache.org/jira/secure/viewavatar?size=xsmall&amp;avatarId=21133&amp;avatarType=issuetype">Bug</type>
                                            <priority id="4" iconUrl="https://issues.apache.org/jira/images/icons/priorities/minor.svg">Minor</priority>
                        <status id="5" iconUrl="https://issues.apache.org/jira/images/icons/statuses/resolved.png" description="A resolution has been taken, and it is awaiting verification by reporter. From here issues are either reopened, or are closed.">Resolved</status>
                    <statusCategory id="3" key="done" colorName="green"/>
                                    <resolution id="2">Won&apos;t Fix</resolution>
                                        <assignee username="-1">Unassigned</assignee>
                                    <reporter username="milleruntime">Michael Miller</reporter>
                        <labels>
                    </labels>
                <created>Tue, 21 Feb 2017 13:31:11 +0000</created>
                <updated>Tue, 23 Apr 2019 23:09:47 +0000</updated>
                            <resolved>Tue, 23 Apr 2019 23:09:47 +0000</resolved>
                                    <version>1.8.0</version>
                                                    <component>wikisearch</component>
                        <due></due>
                            <votes>0</votes>
                                    <watches>2</watches>
                                                                        <attachments>
                    </attachments>
                <subtasks>
                    </subtasks>
                <customfields>
                                                                            <customfield id="customfield_12310310" key="com.atlassian.jira.toolkit:attachments">
                        <customfieldname>Attachment count</customfieldname>
                        <customfieldvalues>
                            <customfieldvalue>0.0</customfieldvalue>
                        </customfieldvalues>
                    </customfield>
                                                                                                                                                                                                                                                                                                                                                                                                                                                                                                                                                                                                                                                                                                                                    <customfield id="customfield_12314020" key="com.atlassian.jira.plugins.jira-development-integration-plugin:devsummary">
                        <customfieldname>Development</customfieldname>
                        <customfieldvalues>
                            
                        </customfieldvalues>
                    </customfield>
                                                                                                                        <customfield id="customfield_12313422" key="com.atlassian.jirafisheyeplugin:jobcheckbox">
                        <customfieldname>Enable Automatic Patch Review</customfieldname>
                        <customfieldvalues>
                            <customfieldvalue><![CDATA[false]]></customfieldvalue>

                        </customfieldvalues>
                    </customfield>
                                                                                                                                                                                                                                                                                                                                                                                                                                                                                                                                                                                                                                                <customfield id="customfield_12310420" key="com.pyxis.greenhopper.jira:gh-global-rank">
                        <customfieldname>Global Rank</customfieldname>
                        <customfieldvalues>
                            <customfieldvalue>9223372036854775807</customfieldvalue>
                        </customfieldvalues>
                    </customfield>
                                                                                                                                                                                                            <customfield id="customfield_12312521" key="com.atlassian.jira.toolkit:LastCommentDate">
                        <customfieldname>Last public comment date</customfieldname>
                        <customfieldvalues>
                            2 years, 51 weeks, 5 days ago
                        </customfieldvalues>
                    </customfield>
                                                                                                                                                                                                            <customfield id="customfield_12311820" key="com.pyxis.greenhopper.jira:gh-lexo-rank">
                        <customfieldname>Rank</customfieldname>
                        <customfieldvalues>
                            <customfieldvalue>0|i3admn:</customfieldvalue>

                        </customfieldvalues>
                    </customfield>
                                                                <customfield id="customfield_12310920" key="com.pyxis.greenhopper.jira:gh-global-rank">
                        <customfieldname>Rank (Obsolete)</customfieldname>
                        <customfieldvalues>
                            <customfieldvalue>9223372036854775807</customfieldvalue>
                        </customfieldvalues>
                    </customfield>
                                                                                                                                                                                                                                                                                                                                                                                                                                                                                                                                                                                                                                                                            <customfield id="customfield_12310222" key="com.atlassian.jira.ext.charting:timeinstatus">
                        <customfieldname>Time in Status</customfieldname>
                        <customfieldvalues>
                            
                        </customfieldvalues>
                    </customfield>
                                                                                            </customfields>
    </item>


<item>
            <title>[ACCUMULO-4586] Make rowiterator fail when unsorted data is observed</title>
                <link>https://issues.apache.org/jira/browse/ACCUMULO-4586</link>
                <project id="12312121" key="ACCUMULO">Accumulo</project>
                    <description>&lt;p&gt;A batchscanner was used as a row iterator data source.  The rowiterator expects data in sorted order and the batch scanner does not supply data in sorted order.  The row iterator should have a sanity check to ensure source data is in sorted order.&lt;/p&gt;

&lt;p&gt;&lt;a href=&quot;https://lists.apache.org/thread.html/c24448d171d8414321bccfc778c7fc8b53e45892cae9daafa220503f@%3Cuser.accumulo.apache.org%3E&quot; class=&quot;external-link&quot; rel=&quot;nofollow&quot;&gt;https://lists.apache.org/thread.html/c24448d171d8414321bccfc778c7fc8b53e45892cae9daafa220503f@%3Cuser.accumulo.apache.org%3E&lt;/a&gt;&lt;/p&gt;</description>
                <environment></environment>
        <key id="13042096">ACCUMULO-4586</key>
            <summary>Make rowiterator fail when unsorted data is observed</summary>
                <type id="1" iconUrl="https://issues.apache.org/jira/secure/viewavatar?size=xsmall&amp;avatarId=21133&amp;avatarType=issuetype">Bug</type>
                                            <priority id="3" iconUrl="https://issues.apache.org/jira/images/icons/priorities/major.svg">Major</priority>
                        <status id="1" iconUrl="https://issues.apache.org/jira/images/icons/statuses/open.png" description="The issue is open and ready for the assignee to start work on it.">Open</status>
                    <statusCategory id="2" key="new" colorName="blue-gray"/>
                                    <resolution id="-1">Unresolved</resolution>
                                        <assignee username="-1">Unassigned</assignee>
                                    <reporter username="kturner">Keith Turner</reporter>
                        <labels>
                    </labels>
                <created>Fri, 10 Feb 2017 15:37:59 +0000</created>
                <updated>Tue, 11 Jun 2019 06:06:51 +0000</updated>
                                            <version>1.6.6</version>
                    <version>1.7.1</version>
                    <version>1.8.0</version>
                                                        <due></due>
                            <votes>0</votes>
                                    <watches>2</watches>
                                                                <comments>
                            <comment id="15861888" author="ctubbsii" created="Fri, 10 Feb 2017 21:52:33 +0000"  >&lt;p&gt;This is pretty much going to guarantee failure whenever the BatchScanner is used. At the same time, it seems like it might be overly restrictive.&lt;/p&gt;

&lt;p&gt;As far as I can tell, the RowIterator doesn&apos;t necessarily need the data to be in sorted order... it just needs all the entries for a single row to be grouped together. RowIterator works just fine over single-entry rows (though, it&apos;s a bit unnecessary at that point), or if wrapping a custom scanner or other source which provides this guarantee. It also works just fine if the user doesn&apos;t care if a row is split into a few different objects, even if the source makes no such guarantees.&lt;/p&gt;

&lt;p&gt;I think we should deprecate RowIterator and remove it in 2.0. The Java 8 streams API makes this class redundant, since there are better options for grouping by, using collectors. The streams API also makes it a bit more obvious the cost and results of trying to do groupBy on unsorted data. It&apos;s not hidden inside assumptions within RowIterator. Rather, it actually imposes a level of difficulty upon the user trying to use the streams API for grouping, because it&apos;s just inherently hard to do on unsorted data.&lt;/p&gt;</comment>
                            <comment id="15863939" author="kturner" created="Mon, 13 Feb 2017 16:28:37 +0000"  >&lt;p&gt;This problem has existed for a long time.  There is certainly no reason to hold up 1.7.3 and 1.8.1 for it.  However, I think it would be nice to get this fixed in 1.8.2 and 1.7.4.  &lt;/p&gt;

&lt;blockquote&gt;
&lt;p&gt;As far as I can tell, the RowIterator doesn&apos;t necessarily need the data to be in sorted order... it just needs all the entries for a single row to be grouped together. &lt;/p&gt;&lt;/blockquote&gt;

&lt;p&gt;There is no efficient way to check for that constraint without buffering all rows seen in memory.  The nice thing about constraining to sorted data is that its efficient to check.  I like having a condition we can fail fast on rather than having users track down subtle bugs.&lt;/p&gt;

&lt;blockquote&gt;
&lt;p&gt;I think we should deprecate RowIterator and remove it in 2.0. The Java 8 streams API makes this class redundant, since there are better options for grouping by, using collectors. The streams API also makes it a bit more obvious the cost and results of trying to do groupBy on unsorted data. &lt;/p&gt;&lt;/blockquote&gt;

&lt;p&gt;I don&apos;t think we should deprecate it for the following reasons :&lt;/p&gt;
&lt;ul&gt;
	&lt;li&gt;RowIterator works great with Scanner which produces sorted data&lt;/li&gt;
	&lt;li&gt;Given my limited experience with Java 8 stream, I think doing what RowIterator does with streams may be cumbersome AND may require buffering in memory.  However, I am not sure about these assertions and would like to see an example of using Streams to do what RowIterator does that is not cumbersome.&lt;/li&gt;
&lt;/ul&gt;
</comment>
                            <comment id="15864219" author="ctubbsii" created="Mon, 13 Feb 2017 19:05:27 +0000"  >&lt;p&gt;Currently, &lt;tt&gt;RowIterator&lt;/tt&gt; provides grouping in the same way that Linux command &lt;tt&gt;uniq&lt;/tt&gt; provides grouping. That is to say, it only groups adjacent items which match, rather than group all matching items in the stream. I think that, just like for &lt;tt&gt;uniq&lt;/tt&gt;, partial groupings on unsorted data is still a valid use case.&lt;/p&gt;

&lt;p&gt;The proposed &quot;fix&quot; removes a perfectly valid use of &lt;tt&gt;RowIterator&lt;/tt&gt;, changing the behavior to favor a different use case. This is exactly the kind of thing we complain about Thrift doing, as in &lt;a href=&quot;https://issues.apache.org/jira/browse/THRIFT-1805&quot; title=&quot;Thrift should not swallow ALL exceptions&quot; class=&quot;issue-link&quot; data-issue-key=&quot;THRIFT-1805&quot;&gt;&lt;del&gt;THRIFT-1805&lt;/del&gt;&lt;/a&gt;. I don&apos;t consider the current behavior to be a bug, but I do recognize that it is prone to being used incorrectly, or with invalid assumptions.&lt;/p&gt;

&lt;p&gt;Rather than change the behavior of the existing API to accommodate a subset of use cases, I would prefer a new, alternate API to replace it, which imposes the desired restrictions.&lt;/p&gt;</comment>
                            <comment id="15864571" author="kturner" created="Mon, 13 Feb 2017 22:18:30 +0000"  >&lt;blockquote&gt;
&lt;p&gt;The proposed &quot;fix&quot; removes a perfectly valid use of RowIterator, changing the behavior to favor a different use case.&lt;/p&gt;&lt;/blockquote&gt;

&lt;p&gt;I looked at the javadoc for RowIterator and it does not specify that sorted data is expected.  Therefore using it with unsorted data may be a valid use case.  If someone were relying on that behavior, I would not want to change the behavior in a bug fix release.  &lt;/p&gt;

&lt;p&gt;I still want to help users who are unaware of all of these subtleties in some way.  At the very least we can improve the javadocs for now to make the potential issues with the batch scanner clear.&lt;/p&gt;

&lt;blockquote&gt;
&lt;p&gt;I would prefer a new, alternate API to replace it, which imposes the desired restrictions.&lt;/p&gt;&lt;/blockquote&gt;

&lt;p&gt;Could introduce a new class in 2.0 and deprecate the current one.  The new class could have javadocs and strict checks for sorted order.  The new class could possibly be an Iterable instead of Iterator.&lt;/p&gt;</comment>
                            <comment id="15864597" author="kturner" created="Mon, 13 Feb 2017 22:32:55 +0000"  >&lt;p&gt;I was just looking at the javadoc for RowIterator again.  It has two constructors.  One constructor has the following javadoc.&lt;/p&gt;

&lt;div class=&quot;preformatted panel&quot; style=&quot;border-width: 1px;&quot;&gt;&lt;div class=&quot;preformattedContent panelContent&quot;&gt;
&lt;pre&gt;public RowIterator(Iterator&amp;lt;Map.Entry&amp;lt;Key,Value&amp;gt;&amp;gt; iterator)

Create an iterator from an (ordered) sequence of KeyValue pairs.
&lt;/pre&gt;
&lt;/div&gt;&lt;/div&gt;

&lt;p&gt;So maybe it would make sense to add the sanity check.  Earlier I only looked at the class javadoc, which says nothing about order.  The other constructor has the following javadoc, which does not mention order.&lt;/p&gt;

&lt;div class=&quot;preformatted panel&quot; style=&quot;border-width: 1px;&quot;&gt;&lt;div class=&quot;preformattedContent panelContent&quot;&gt;
&lt;pre&gt;public RowIterator(Iterable&amp;lt;Map.Entry&amp;lt;Key,Value&amp;gt;&amp;gt; iterable)

Create an iterator from an Iterable.
&lt;/pre&gt;
&lt;/div&gt;&lt;/div&gt;</comment>
                            <comment id="15864640" author="ctubbsii" created="Mon, 13 Feb 2017 23:13:03 +0000"  >&lt;p&gt;Well, I&apos;m not going to veto if you make the change in a patch release, but it makes me uncomfortable changing the behavior when it seems like a valid (if unintentional) use case. I don&apos;t see the urgency of changing it, either. It&apos;s not exactly a critical part of of our code base. I&apos;d be happy with a doc fix only in a patch release, and a deprecation and enforcement via an API change in newer versions.&lt;/p&gt;

&lt;p&gt;Do you have any insight into whether the additional checks will affect performance?&lt;/p&gt;</comment>
                    </comments>
                    <attachments>
                    </attachments>
                <subtasks>
                    </subtasks>
                <customfields>
                                                                            <customfield id="customfield_12310310" key="com.atlassian.jira.toolkit:attachments">
                        <customfieldname>Attachment count</customfieldname>
                        <customfieldvalues>
                            <customfieldvalue>0.0</customfieldvalue>
                        </customfieldvalues>
                    </customfield>
                                                                                                                                                                                                                                                                                                                                                                                                                                                                                                                                                                                                                                                                                                        <customfield id="customfield_12310220" key="com.atlassian.jira.ext.charting:firstresponsedate">
                        <customfieldname>Date of First Response</customfieldname>
                        <customfieldvalues>
                            <customfieldvalue>Fri, 10 Feb 2017 21:52:33 +0000</customfieldvalue>

                        </customfieldvalues>
                    </customfield>
                                                                <customfield id="customfield_12314020" key="com.atlassian.jira.plugins.jira-development-integration-plugin:devsummary">
                        <customfieldname>Development</customfieldname>
                        <customfieldvalues>
                            
                        </customfieldvalues>
                    </customfield>
                                                                                                                        <customfield id="customfield_12313422" key="com.atlassian.jirafisheyeplugin:jobcheckbox">
                        <customfieldname>Enable Automatic Patch Review</customfieldname>
                        <customfieldvalues>
                            <customfieldvalue><![CDATA[false]]></customfieldvalue>

                        </customfieldvalues>
                    </customfield>
                                                                                                                                                                                                                                                                                                                                                                                                                                                                                                                                                                                                                                                <customfield id="customfield_12310420" key="com.pyxis.greenhopper.jira:gh-global-rank">
                        <customfieldname>Global Rank</customfieldname>
                        <customfieldvalues>
                            <customfieldvalue>9223372036854775807</customfieldvalue>
                        </customfieldvalues>
                    </customfield>
                                                                                                                                                                                                            <customfield id="customfield_12312521" key="com.atlassian.jira.toolkit:LastCommentDate">
                        <customfieldname>Last public comment date</customfieldname>
                        <customfieldvalues>
                            3 years, 6 days ago
                        </customfieldvalues>
                    </customfield>
                                                                                                                                                                                                            <customfield id="customfield_12311820" key="com.pyxis.greenhopper.jira:gh-lexo-rank">
                        <customfieldname>Rank</customfieldname>
                        <customfieldvalues>
                            <customfieldvalue>0|i39wxj:</customfieldvalue>

                        </customfieldvalues>
                    </customfield>
                                                                <customfield id="customfield_12310920" key="com.pyxis.greenhopper.jira:gh-global-rank">
                        <customfieldname>Rank (Obsolete)</customfieldname>
                        <customfieldvalues>
                            <customfieldvalue>9223372036854775807</customfieldvalue>
                        </customfieldvalues>
                    </customfield>
                                                                                                                                                                                                                                                                                                                                                                                                                                                                                                                                                                                                                                                                                                                                    </customfields>
    </item>


<item>
            <title>[ACCUMULO-4585] bootstrap_config generates invalid 512MiB memory profile</title>
                <link>https://issues.apache.org/jira/browse/ACCUMULO-4585</link>
                <project id="12312121" key="ACCUMULO">Accumulo</project>
                    <description>&lt;p&gt;I attempted to stand up a single node 1.8.0 installation using &lt;tt&gt;bootstrap_config.sh&lt;/tt&gt; and selecting the 512MiB option for memory.&lt;/p&gt;

&lt;p&gt;My tableserver failed to start with this error:&lt;/p&gt;

&lt;div class=&quot;code panel&quot; style=&quot;border-width: 1px;&quot;&gt;&lt;div class=&quot;codeContent panelContent&quot;&gt;
&lt;pre class=&quot;code-java&quot;&gt;2017-02-09 23:29:15,404 [tserver.TabletServer] ERROR: Uncaught exception in TabletServer.main, exiting
java.lang.IllegalArgumentException: Maximum tablet server map memory 83,886,080 block cache sizes 28,311,552 and mutation queue size 52,428,800 is too large &lt;span class=&quot;code-keyword&quot;&gt;for&lt;/span&gt; &lt;span class=&quot;code-keyword&quot;&gt;this&lt;/span&gt; JVM configuration 129,761,280
        at org.apache.accumulo.tserver.TabletServerResourceManager.&amp;lt;init&amp;gt;(TabletServerResourceManager.java:177)
        at org.apache.accumulo.tserver.TabletServer.&amp;lt;init&amp;gt;(TabletServer.java:378)
        at org.apache.accumulo.tserver.TabletServer.main(TabletServer.java:2920)
        at org.apache.accumulo.tserver.TServerExecutable.execute(TServerExecutable.java:33)
        at org.apache.accumulo.start.Main$1.run(Main.java:120)
        at java.lang.&lt;span class=&quot;code-object&quot;&gt;Thread&lt;/span&gt;.run(&lt;span class=&quot;code-object&quot;&gt;Thread&lt;/span&gt;.java:745)
&lt;/pre&gt;
&lt;/div&gt;&lt;/div&gt;</description>
                <environment></environment>
        <key id="13041987">ACCUMULO-4585</key>
            <summary>bootstrap_config generates invalid 512MiB memory profile</summary>
                <type id="1" iconUrl="https://issues.apache.org/jira/secure/viewavatar?size=xsmall&amp;avatarId=21133&amp;avatarType=issuetype">Bug</type>
                                            <priority id="3" iconUrl="https://issues.apache.org/jira/images/icons/priorities/major.svg">Major</priority>
                        <status id="5" iconUrl="https://issues.apache.org/jira/images/icons/statuses/resolved.png" description="A resolution has been taken, and it is awaiting verification by reporter. From here issues are either reopened, or are closed.">Resolved</status>
                    <statusCategory id="3" key="done" colorName="green"/>
                                    <resolution id="1">Fixed</resolution>
                                        <assignee username="ctubbsii">Christopher Tubbs</assignee>
                                    <reporter username="busbey">Sean Busbey</reporter>
                        <labels>
                    </labels>
                <created>Fri, 10 Feb 2017 07:34:26 +0000</created>
                <updated>Thu, 5 Apr 2018 17:19:56 +0000</updated>
                            <resolved>Wed, 4 Apr 2018 21:47:12 +0000</resolved>
                                    <version>1.8.0</version>
                                    <fixVersion>1.9.0</fixVersion>
                                    <component>scripts</component>
                        <due></due>
                            <votes>1</votes>
                                    <watches>2</watches>
                                            <timeestimate seconds="0">0h</timeestimate>
                            <timespent seconds="2400">40m</timespent>
                                <comments>
                            <comment id="16186889" author="ctubbsii" created="Sat, 30 Sep 2017 04:33:49 +0000"  >&lt;p&gt;This issue is superseded by &lt;a href=&quot;https://issues.apache.org/jira/browse/ACCUMULO-4582&quot; title=&quot;Accumulo script improvements&quot; class=&quot;issue-link&quot; data-issue-key=&quot;ACCUMULO-4582&quot;&gt;&lt;del&gt;ACCUMULO-4582&lt;/del&gt;&lt;/a&gt; for 2.0, but may still be applicable to 1.8 branch.&lt;/p&gt;</comment>
                    </comments>
                    <attachments>
                    </attachments>
                <subtasks>
                    </subtasks>
                <customfields>
                                                                            <customfield id="customfield_12310310" key="com.atlassian.jira.toolkit:attachments">
                        <customfieldname>Attachment count</customfieldname>
                        <customfieldvalues>
                            <customfieldvalue>0.0</customfieldvalue>
                        </customfieldvalues>
                    </customfield>
                                                                                                                                                                                                                                                                                                                                                                                                                                                                                                                                                                                                                                                                                                        <customfield id="customfield_12310220" key="com.atlassian.jira.ext.charting:firstresponsedate">
                        <customfieldname>Date of First Response</customfieldname>
                        <customfieldvalues>
                            <customfieldvalue>Sat, 30 Sep 2017 04:33:49 +0000</customfieldvalue>

                        </customfieldvalues>
                    </customfield>
                                                                <customfield id="customfield_12314020" key="com.atlassian.jira.plugins.jira-development-integration-plugin:devsummary">
                        <customfieldname>Development</customfieldname>
                        <customfieldvalues>
                            
                        </customfieldvalues>
                    </customfield>
                                                                                                                        <customfield id="customfield_12313422" key="com.atlassian.jirafisheyeplugin:jobcheckbox">
                        <customfieldname>Enable Automatic Patch Review</customfieldname>
                        <customfieldvalues>
                            <customfieldvalue><![CDATA[false]]></customfieldvalue>

                        </customfieldvalues>
                    </customfield>
                                                                                                                                                                                                                                                                                                                                                                                                                                                                                                                                                                                                                                                <customfield id="customfield_12310420" key="com.pyxis.greenhopper.jira:gh-global-rank">
                        <customfieldname>Global Rank</customfieldname>
                        <customfieldvalues>
                            <customfieldvalue>9223372036854775807</customfieldvalue>
                        </customfieldvalues>
                    </customfield>
                                                                                                                                                                                                            <customfield id="customfield_12312521" key="com.atlassian.jira.toolkit:LastCommentDate">
                        <customfieldname>Last public comment date</customfieldname>
                        <customfieldvalues>
                            2 years, 20 weeks, 2 days ago
                        </customfieldvalues>
                    </customfield>
                                                                                                                                                                                                            <customfield id="customfield_12311820" key="com.pyxis.greenhopper.jira:gh-lexo-rank">
                        <customfieldname>Rank</customfieldname>
                        <customfieldvalues>
                            <customfieldvalue>0|i39w9b:</customfieldvalue>

                        </customfieldvalues>
                    </customfield>
                                                                <customfield id="customfield_12310920" key="com.pyxis.greenhopper.jira:gh-global-rank">
                        <customfieldname>Rank (Obsolete)</customfieldname>
                        <customfieldvalues>
                            <customfieldvalue>9223372036854775807</customfieldvalue>
                        </customfieldvalues>
                    </customfield>
                                                                                                                                                                                                                                                                                                                                                                                                                                                                                                                                                                                                                                                                            <customfield id="customfield_12310222" key="com.atlassian.jira.ext.charting:timeinstatus">
                        <customfieldname>Time in Status</customfieldname>
                        <customfieldvalues>
                            
                        </customfieldvalues>
                    </customfield>
                                                                                            </customfields>
    </item>


<item>
            <title>[ACCUMULO-4581] Several bugs in agitator script</title>
                <link>https://issues.apache.org/jira/browse/ACCUMULO-4581</link>
                <project id="12312121" key="ACCUMULO">Accumulo</project>
                    <description>&lt;p&gt;I ran the continuous ingest tests on a cluster and ran into a few issues when running the agitator:&lt;/p&gt;

&lt;ul&gt;
	&lt;li&gt;Quotes need to be removed from agitator commands in accumulo-testing script when called using sudo.&lt;/li&gt;
	&lt;li&gt;If HDFS is being run by current user, don&apos;t use sudo to call datanode agitator as env variables will not be set.&lt;/li&gt;
&lt;/ul&gt;
</description>
                <environment></environment>
        <key id="13039588">ACCUMULO-4581</key>
            <summary>Several bugs in agitator script</summary>
                <type id="1" iconUrl="https://issues.apache.org/jira/secure/viewavatar?size=xsmall&amp;avatarId=21133&amp;avatarType=issuetype">Bug</type>
                                            <priority id="3" iconUrl="https://issues.apache.org/jira/images/icons/priorities/major.svg">Major</priority>
                        <status id="5" iconUrl="https://issues.apache.org/jira/images/icons/statuses/resolved.png" description="A resolution has been taken, and it is awaiting verification by reporter. From here issues are either reopened, or are closed.">Resolved</status>
                    <statusCategory id="3" key="done" colorName="green"/>
                                    <resolution id="1">Fixed</resolution>
                                        <assignee username="-1">Unassigned</assignee>
                                    <reporter username="mikewalch">Mike Walch</reporter>
                        <labels>
                    </labels>
                <created>Wed, 1 Feb 2017 20:43:52 +0000</created>
                <updated>Tue, 23 Apr 2019 23:10:40 +0000</updated>
                            <resolved>Tue, 23 Apr 2019 23:10:40 +0000</resolved>
                                    <version>2.0.0</version>
                                                    <component>test</component>
                        <due></due>
                            <votes>0</votes>
                                    <watches>3</watches>
                                                                <comments>
                            <comment id="15854719" author="githubbot" created="Mon, 6 Feb 2017 20:50:24 +0000"  >&lt;p&gt;GitHub user mikewalch opened a pull request:&lt;/p&gt;

&lt;p&gt;    &lt;a href=&quot;https://github.com/apache/accumulo-testing/pull/4&quot; class=&quot;external-link&quot; rel=&quot;nofollow&quot;&gt;https://github.com/apache/accumulo-testing/pull/4&lt;/a&gt;&lt;/p&gt;

&lt;p&gt;    &lt;a href=&quot;https://issues.apache.org/jira/browse/ACCUMULO-4581&quot; title=&quot;Several bugs in agitator script&quot; class=&quot;issue-link&quot; data-issue-key=&quot;ACCUMULO-4581&quot;&gt;&lt;del&gt;ACCUMULO-4581&lt;/del&gt;&lt;/a&gt; Fixing several bugs in agitator scripts&lt;/p&gt;



&lt;p&gt;You can merge this pull request into a Git repository by running:&lt;/p&gt;

&lt;p&gt;    $ git pull &lt;a href=&quot;https://github.com/mikewalch/accumulo-testing&quot; class=&quot;external-link&quot; rel=&quot;nofollow&quot;&gt;https://github.com/mikewalch/accumulo-testing&lt;/a&gt; accumulo-4581&lt;/p&gt;

&lt;p&gt;Alternatively you can review and apply these changes as the patch at:&lt;/p&gt;

&lt;p&gt;    &lt;a href=&quot;https://github.com/apache/accumulo-testing/pull/4.patch&quot; class=&quot;external-link&quot; rel=&quot;nofollow&quot;&gt;https://github.com/apache/accumulo-testing/pull/4.patch&lt;/a&gt;&lt;/p&gt;

&lt;p&gt;To close this pull request, make a commit to your master/trunk branch&lt;br/&gt;
with (at least) the following in the commit message:&lt;/p&gt;

&lt;p&gt;    This closes #4&lt;/p&gt;

&lt;hr /&gt;
&lt;p&gt;commit fa4d4cfa0714de9615c5b10e2cec187a0ed00142&lt;br/&gt;
Author: Mike Walch &amp;lt;mwalch@apache.org&amp;gt;&lt;br/&gt;
Date:   2017-02-01T20:53:47Z&lt;/p&gt;

&lt;p&gt;    &lt;a href=&quot;https://issues.apache.org/jira/browse/ACCUMULO-4581&quot; title=&quot;Several bugs in agitator script&quot; class=&quot;issue-link&quot; data-issue-key=&quot;ACCUMULO-4581&quot;&gt;&lt;del&gt;ACCUMULO-4581&lt;/del&gt;&lt;/a&gt; Fixing several bugs in agitator scripts&lt;/p&gt;

&lt;hr /&gt;</comment>
                            <comment id="15872603" author="githubbot" created="Fri, 17 Feb 2017 21:58:52 +0000"  >&lt;p&gt;Github user asfgit closed the pull request at:&lt;/p&gt;

&lt;p&gt;    &lt;a href=&quot;https://github.com/apache/accumulo-testing/pull/4&quot; class=&quot;external-link&quot; rel=&quot;nofollow&quot;&gt;https://github.com/apache/accumulo-testing/pull/4&lt;/a&gt;&lt;/p&gt;</comment>
                    </comments>
                    <attachments>
                    </attachments>
                <subtasks>
                    </subtasks>
                <customfields>
                                                                            <customfield id="customfield_12310310" key="com.atlassian.jira.toolkit:attachments">
                        <customfieldname>Attachment count</customfieldname>
                        <customfieldvalues>
                            <customfieldvalue>0.0</customfieldvalue>
                        </customfieldvalues>
                    </customfield>
                                                                                                                                                                                                                                                                                                                                                                                                                                                                                                                                                                                                                                                                                                        <customfield id="customfield_12310220" key="com.atlassian.jira.ext.charting:firstresponsedate">
                        <customfieldname>Date of First Response</customfieldname>
                        <customfieldvalues>
                            <customfieldvalue>Mon, 6 Feb 2017 20:50:24 +0000</customfieldvalue>

                        </customfieldvalues>
                    </customfield>
                                                                <customfield id="customfield_12314020" key="com.atlassian.jira.plugins.jira-development-integration-plugin:devsummary">
                        <customfieldname>Development</customfieldname>
                        <customfieldvalues>
                            
                        </customfieldvalues>
                    </customfield>
                                                                                                                        <customfield id="customfield_12313422" key="com.atlassian.jirafisheyeplugin:jobcheckbox">
                        <customfieldname>Enable Automatic Patch Review</customfieldname>
                        <customfieldvalues>
                            <customfieldvalue><![CDATA[false]]></customfieldvalue>

                        </customfieldvalues>
                    </customfield>
                                                                                                                                                                                                                                                                                                                                                                                                                                                                                                                                                                                                                                                <customfield id="customfield_12310420" key="com.pyxis.greenhopper.jira:gh-global-rank">
                        <customfieldname>Global Rank</customfieldname>
                        <customfieldvalues>
                            <customfieldvalue>9223372036854775807</customfieldvalue>
                        </customfieldvalues>
                    </customfield>
                                                                                                                                                                                                            <customfield id="customfield_12312521" key="com.atlassian.jira.toolkit:LastCommentDate">
                        <customfieldname>Last public comment date</customfieldname>
                        <customfieldvalues>
                            3 years, 2 days ago
                        </customfieldvalues>
                    </customfield>
                                                                                                                                                                                                            <customfield id="customfield_12311820" key="com.pyxis.greenhopper.jira:gh-lexo-rank">
                        <customfieldname>Rank</customfieldname>
                        <customfieldvalues>
                            <customfieldvalue>0|i39hiv:</customfieldvalue>

                        </customfieldvalues>
                    </customfield>
                                                                <customfield id="customfield_12310920" key="com.pyxis.greenhopper.jira:gh-global-rank">
                        <customfieldname>Rank (Obsolete)</customfieldname>
                        <customfieldvalues>
                            <customfieldvalue>9223372036854775807</customfieldvalue>
                        </customfieldvalues>
                    </customfield>
                                                                                                                                                                                                                                                                                                                                                                                                                                                                                                                                                                                                                                                                            <customfield id="customfield_12310222" key="com.atlassian.jira.ext.charting:timeinstatus">
                        <customfieldname>Time in Status</customfieldname>
                        <customfieldvalues>
                            
                        </customfieldvalues>
                    </customfield>
                                                                                            </customfields>
    </item>


<item>
            <title>[ACCUMULO-4580] Exception on Monitor &apos;Scans&apos; page</title>
                <link>https://issues.apache.org/jira/browse/ACCUMULO-4580</link>
                <project id="12312121" key="ACCUMULO">Accumulo</project>
                    <description>&lt;p&gt;I was running continuous ingest tests against an Accumulo cluster when I saw the following exception on the &quot;Active Scans&quot; pages in the monitor when the Accumulo master was down.  When the master was brought back up, the exception went away.&lt;/p&gt;

&lt;p&gt;java.lang.NullPointerException&lt;br/&gt;
	at org.apache.accumulo.monitor.servlets.ScanServlet.pageBody(ScanServlet.java:52)&lt;br/&gt;
	at org.apache.accumulo.monitor.servlets.BasicServlet.doGet(BasicServlet.java:79)&lt;br/&gt;
	at javax.servlet.http.HttpServlet.service(HttpServlet.java:687)&lt;br/&gt;
	at javax.servlet.http.HttpServlet.service(HttpServlet.java:790)&lt;br/&gt;
	at org.eclipse.jetty.servlet.ServletHolder.handle(ServletHolder.java:812)&lt;br/&gt;
	at org.eclipse.jetty.servlet.ServletHandler.doHandle(ServletHandler.java:587)&lt;br/&gt;
	at org.eclipse.jetty.server.handler.ScopedHandler.handle(ScopedHandler.java:143)&lt;br/&gt;
	at org.eclipse.jetty.security.SecurityHandler.handle(SecurityHandler.java:577)&lt;br/&gt;
	at org.eclipse.jetty.server.session.SessionHandler.doHandle(SessionHandler.java:223)&lt;br/&gt;
	at org.eclipse.jetty.server.handler.ContextHandler.doHandle(ContextHandler.java:1127)&lt;br/&gt;
	at org.eclipse.jetty.servlet.ServletHandler.doScope(ServletHandler.java:515)&lt;br/&gt;
	at org.eclipse.jetty.server.session.SessionHandler.doScope(SessionHandler.java:185)&lt;br/&gt;
	at org.eclipse.jetty.server.handler.ContextHandler.doScope(ContextHandler.java:1061)&lt;br/&gt;
	at org.eclipse.jetty.server.handler.ScopedHandler.handle(ScopedHandler.java:141)&lt;br/&gt;
	at org.eclipse.jetty.server.handler.HandlerWrapper.handle(HandlerWrapper.java:97)&lt;br/&gt;
	at org.eclipse.jetty.server.Server.handle(Server.java:499)&lt;br/&gt;
	at org.eclipse.jetty.server.HttpChannel.handle(HttpChannel.java:311)&lt;br/&gt;
	at org.eclipse.jetty.server.HttpConnection.onFillable(HttpConnection.java:257)&lt;br/&gt;
	at org.eclipse.jetty.io.AbstractConnection$2.run(AbstractConnection.java:544)&lt;br/&gt;
	at org.eclipse.jetty.util.thread.QueuedThreadPool.runJob(QueuedThreadPool.java:635)&lt;br/&gt;
	at org.eclipse.jetty.util.thread.QueuedThreadPool$3.run(QueuedThreadPool.java:555)&lt;br/&gt;
	at java.lang.Thread.run(Thread.java:745)&lt;/p&gt;</description>
                <environment></environment>
        <key id="13039584">ACCUMULO-4580</key>
            <summary>Exception on Monitor &apos;Scans&apos; page</summary>
                <type id="1" iconUrl="https://issues.apache.org/jira/secure/viewavatar?size=xsmall&amp;avatarId=21133&amp;avatarType=issuetype">Bug</type>
                                            <priority id="3" iconUrl="https://issues.apache.org/jira/images/icons/priorities/major.svg">Major</priority>
                        <status id="5" iconUrl="https://issues.apache.org/jira/images/icons/statuses/resolved.png" description="A resolution has been taken, and it is awaiting verification by reporter. From here issues are either reopened, or are closed.">Resolved</status>
                    <statusCategory id="3" key="done" colorName="green"/>
                                    <resolution id="1">Fixed</resolution>
                                        <assignee username="lstav">Luis Tavarez</assignee>
                                    <reporter username="mikewalch">Mike Walch</reporter>
                        <labels>
                    </labels>
                <created>Wed, 1 Feb 2017 20:32:47 +0000</created>
                <updated>Thu, 6 Jul 2017 23:07:42 +0000</updated>
                            <resolved>Thu, 6 Jul 2017 23:07:42 +0000</resolved>
                                    <version>2.0.0</version>
                                    <fixVersion>2.0.0</fixVersion>
                                    <component>monitor</component>
                        <due></due>
                            <votes>0</votes>
                                    <watches>2</watches>
                                                                <comments>
                            <comment id="15851088" author="ctubbsii" created="Fri, 3 Feb 2017 05:28:04 +0000"  >&lt;p&gt;This might be fixed by &lt;a href=&quot;https://issues.apache.org/jira/browse/ACCUMULO-3005&quot; title=&quot;Convert the monitor into a real REST server&quot; class=&quot;issue-link&quot; data-issue-key=&quot;ACCUMULO-3005&quot;&gt;&lt;del&gt;ACCUMULO-3005&lt;/del&gt;&lt;/a&gt; REST/AJAX work that &lt;a href=&quot;https://issues.apache.org/jira/secure/ViewProfile.jspa?name=lstav&quot; class=&quot;user-hover&quot; rel=&quot;lstav&quot;&gt;Luis Tavarez&lt;/a&gt; has picked up.&lt;/p&gt;</comment>
                            <comment id="16077329" author="ctubbsii" created="Thu, 6 Jul 2017 23:07:42 +0000"  >&lt;p&gt;Fixed with &lt;a href=&quot;https://issues.apache.org/jira/browse/ACCUMULO-3005&quot; title=&quot;Convert the monitor into a real REST server&quot; class=&quot;issue-link&quot; data-issue-key=&quot;ACCUMULO-3005&quot;&gt;&lt;del&gt;ACCUMULO-3005&lt;/del&gt;&lt;/a&gt;&lt;/p&gt;</comment>
                    </comments>
                <issuelinks>
                            <issuelinktype id="10030">
                    <name>Reference</name>
                                            <outwardlinks description="relates to">
                                        <issuelink>
            <issuekey id="12728471">ACCUMULO-3005</issuekey>
        </issuelink>
                            </outwardlinks>
                                                        </issuelinktype>
                    </issuelinks>
                <attachments>
                    </attachments>
                <subtasks>
                    </subtasks>
                <customfields>
                                                                            <customfield id="customfield_12310310" key="com.atlassian.jira.toolkit:attachments">
                        <customfieldname>Attachment count</customfieldname>
                        <customfieldvalues>
                            <customfieldvalue>0.0</customfieldvalue>
                        </customfieldvalues>
                    </customfield>
                                                                                                                                                                                                                                                                                                                                                                                                                                                                                                                                                                                                                                                                                                        <customfield id="customfield_12310220" key="com.atlassian.jira.ext.charting:firstresponsedate">
                        <customfieldname>Date of First Response</customfieldname>
                        <customfieldvalues>
                            <customfieldvalue>Fri, 3 Feb 2017 05:28:04 +0000</customfieldvalue>

                        </customfieldvalues>
                    </customfield>
                                                                <customfield id="customfield_12314020" key="com.atlassian.jira.plugins.jira-development-integration-plugin:devsummary">
                        <customfieldname>Development</customfieldname>
                        <customfieldvalues>
                            
                        </customfieldvalues>
                    </customfield>
                                                                                                                        <customfield id="customfield_12313422" key="com.atlassian.jirafisheyeplugin:jobcheckbox">
                        <customfieldname>Enable Automatic Patch Review</customfieldname>
                        <customfieldvalues>
                            <customfieldvalue><![CDATA[false]]></customfieldvalue>

                        </customfieldvalues>
                    </customfield>
                                                                                                                                                                                                                                                                                                                                                                                                                                                                                                                                                                                                                                                <customfield id="customfield_12310420" key="com.pyxis.greenhopper.jira:gh-global-rank">
                        <customfieldname>Global Rank</customfieldname>
                        <customfieldvalues>
                            <customfieldvalue>9223372036854775807</customfieldvalue>
                        </customfieldvalues>
                    </customfield>
                                                                                                                                                                                                            <customfield id="customfield_12312521" key="com.atlassian.jira.toolkit:LastCommentDate">
                        <customfieldname>Last public comment date</customfieldname>
                        <customfieldvalues>
                            2 years, 32 weeks, 3 days ago
                        </customfieldvalues>
                    </customfield>
                                                                                                                                                                                                            <customfield id="customfield_12311820" key="com.pyxis.greenhopper.jira:gh-lexo-rank">
                        <customfieldname>Rank</customfieldname>
                        <customfieldvalues>
                            <customfieldvalue>0|i39hhz:</customfieldvalue>

                        </customfieldvalues>
                    </customfield>
                                                                <customfield id="customfield_12310920" key="com.pyxis.greenhopper.jira:gh-global-rank">
                        <customfieldname>Rank (Obsolete)</customfieldname>
                        <customfieldvalues>
                            <customfieldvalue>9223372036854775807</customfieldvalue>
                        </customfieldvalues>
                    </customfield>
                                                                                                                                                                                                                                                                                                                                                                                                                                                                                                                                                                                                                                                                            <customfield id="customfield_12310222" key="com.atlassian.jira.ext.charting:timeinstatus">
                        <customfieldname>Time in Status</customfieldname>
                        <customfieldvalues>
                            
                        </customfieldvalues>
                    </customfield>
                                                                                            </customfields>
    </item>
</channel>
</rss>