<!--
RSS generated by JIRA (8.3.4#803005-sha1:1f96e09b3c60279a408a2ae47be3c745f571388b) at Mon Feb 17 08:25:55 UTC 2020

It is possible to restrict the fields that are returned in this document by specifying the 'field' parameter in your request.
For example, to request only the issue key and summary append 'field=key&field=summary' to the URL of your request.
-->
<!-- If you wish to do custom client-side styling of RSS, uncomment this:
<?xml-stylesheet href="https://issues.apache.org/jira/styles/jiraxml2html.xsl" type="text/xsl"?>
-->
<rss version="0.92">
    <channel>
        <title>ASF JIRA</title>
        <link>https://issues.apache.org/jira/issues/?jql=project+%3D+ACCUMULO+AND+issuetype+%3D+Bug+AND+created+%3E%3D+2019-02-01+AND+created+%3C%3D+2019-03-01</link>
        <description>An XML representation of a search request</description>
                <language>en-uk</language>
                        <issue start="0" end="1" total="1"/>
                <build-info>
            <version>8.3.4</version>
            <build-number>803005</build-number>
            <build-date>13-09-2019</build-date>
        </build-info>

<item>
            <title>[ACCUMULO-4861] Log recovery can not succeed after failed marker written in recovery directory</title>
                <link>https://issues.apache.org/jira/browse/ACCUMULO-4861</link>
                <project id="12312121" key="ACCUMULO">Accumulo</project>
                    <description>&lt;p&gt;Accumulo version 1.8.1.&#160; When tserver log recovery fails in LogSorter.sort() and a FailedMarkerPath (failed) file is written to the recovery directory, subsequent recoveries fail due to the presence of this file.&#160; In subsequent recovery attempts, when the subdirectories of the recovery root directory are iteratated over in the RecoveryLogReader constructor, the failed marker is interpreted as any other partial results directory and an exception is generated when the underlying data can not be read.&#160; This happens even when a finished marker exists (both were present with the same timestamp - another issue?) because failed comes before finished alphabetically.&lt;/p&gt;</description>
                <environment></environment>
        <key id="13215315">ACCUMULO-4861</key>
            <summary>Log recovery can not succeed after failed marker written in recovery directory</summary>
                <type id="1" iconUrl="https://issues.apache.org/jira/secure/viewavatar?size=xsmall&amp;avatarId=21133&amp;avatarType=issuetype">Bug</type>
                                            <priority id="4" iconUrl="https://issues.apache.org/jira/images/icons/priorities/minor.svg">Minor</priority>
                        <status id="5" iconUrl="https://issues.apache.org/jira/images/icons/statuses/resolved.png" description="A resolution has been taken, and it is awaiting verification by reporter. From here issues are either reopened, or are closed.">Resolved</status>
                    <statusCategory id="3" key="done" colorName="green"/>
                                    <resolution id="6">Invalid</resolution>
                                        <assignee username="-1">Unassigned</assignee>
                                    <reporter username="bill.oley">Bill Oley</reporter>
                        <labels>
                    </labels>
                <created>Tue, 12 Feb 2019 19:52:34 +0000</created>
                <updated>Thu, 14 Feb 2019 20:41:24 +0000</updated>
                            <resolved>Thu, 14 Feb 2019 20:36:41 +0000</resolved>
                                                                    <component>tserver</component>
                        <due></due>
                            <votes>0</votes>
                                    <watches>2</watches>
                                                                <comments>
                            <comment id="16768698" author="ctubbsii" created="Thu, 14 Feb 2019 20:36:41 +0000"  >&lt;p&gt;Hi&#160;&lt;a href=&quot;https://issues.apache.org/jira/secure/ViewProfile.jspa?name=bill.oley&quot; class=&quot;user-hover&quot; rel=&quot;bill.oley&quot;&gt;Bill Oley&lt;/a&gt;. Thanks for the bug report. We no longer use JIRA to track issues. Please file a bug at&#160;&lt;a href=&quot;https://github.com/apache/accumulo/issues&quot; class=&quot;external-link&quot; rel=&quot;nofollow&quot;&gt;https://github.com/apache/accumulo/issues&lt;/a&gt;&#160;instead.&lt;/p&gt;</comment>
                            <comment id="16768704" author="kturner" created="Thu, 14 Feb 2019 20:41:24 +0000"  >&lt;p&gt;I opened a github issue and added a link to it.&lt;/p&gt;</comment>
                    </comments>
                    <attachments>
                    </attachments>
                <subtasks>
                    </subtasks>
                <customfields>
                                                                            <customfield id="customfield_12310310" key="com.atlassian.jira.toolkit:attachments">
                        <customfieldname>Attachment count</customfieldname>
                        <customfieldvalues>
                            <customfieldvalue>0.0</customfieldvalue>
                        </customfieldvalues>
                    </customfield>
                                                                                                                                                                                                                                                                                                                                                                                                                                                                                                                                                                                                                                                                                                        <customfield id="customfield_12310220" key="com.atlassian.jira.ext.charting:firstresponsedate">
                        <customfieldname>Date of First Response</customfieldname>
                        <customfieldvalues>
                            <customfieldvalue>Thu, 14 Feb 2019 20:36:41 +0000</customfieldvalue>

                        </customfieldvalues>
                    </customfield>
                                                                <customfield id="customfield_12314020" key="com.atlassian.jira.plugins.jira-development-integration-plugin:devsummary">
                        <customfieldname>Development</customfieldname>
                        <customfieldvalues>
                            
                        </customfieldvalues>
                    </customfield>
                                                                                                                        <customfield id="customfield_12313422" key="com.atlassian.jirafisheyeplugin:jobcheckbox">
                        <customfieldname>Enable Automatic Patch Review</customfieldname>
                        <customfieldvalues>
                            <customfieldvalue><![CDATA[false]]></customfieldvalue>

                        </customfieldvalues>
                    </customfield>
                                                                                                                                                                                                                                                                                                                                                                                                                                                                                                                                                                                                                                                <customfield id="customfield_12310420" key="com.pyxis.greenhopper.jira:gh-global-rank">
                        <customfieldname>Global Rank</customfieldname>
                        <customfieldvalues>
                            <customfieldvalue>9223372036854775807</customfieldvalue>
                        </customfieldvalues>
                    </customfield>
                                                                                                                                                                                                            <customfield id="customfield_12312521" key="com.atlassian.jira.toolkit:LastCommentDate">
                        <customfieldname>Last public comment date</customfieldname>
                        <customfieldvalues>
                            1 year, 3 days ago
                        </customfieldvalues>
                    </customfield>
                                                                                                                                                                                                            <customfield id="customfield_12311820" key="com.pyxis.greenhopper.jira:gh-lexo-rank">
                        <customfieldname>Rank</customfieldname>
                        <customfieldvalues>
                            <customfieldvalue>0|yi0wrs:</customfieldvalue>

                        </customfieldvalues>
                    </customfield>
                                                                <customfield id="customfield_12310920" key="com.pyxis.greenhopper.jira:gh-global-rank">
                        <customfieldname>Rank (Obsolete)</customfieldname>
                        <customfieldvalues>
                            <customfieldvalue>9223372036854775807</customfieldvalue>
                        </customfieldvalues>
                    </customfield>
                                                                                                                                                                                                                                                                                                                                                                                                                                                                                                                                                                                                                                                                            <customfield id="customfield_12310222" key="com.atlassian.jira.ext.charting:timeinstatus">
                        <customfieldname>Time in Status</customfieldname>
                        <customfieldvalues>
                            
                        </customfieldvalues>
                    </customfield>
                                                                                            </customfields>
    </item>
</channel>
</rss>