<!--
RSS generated by JIRA (8.3.4#803005-sha1:1f96e09b3c60279a408a2ae47be3c745f571388b) at Mon Feb 17 08:25:47 UTC 2020

It is possible to restrict the fields that are returned in this document by specifying the 'field' parameter in your request.
For example, to request only the issue key and summary append 'field=key&field=summary' to the URL of your request.
-->
<!-- If you wish to do custom client-side styling of RSS, uncomment this:
<?xml-stylesheet href="https://issues.apache.org/jira/styles/jiraxml2html.xsl" type="text/xsl"?>
-->
<rss version="0.92">
    <channel>
        <title>ASF JIRA</title>
        <link>https://issues.apache.org/jira/issues/?jql=project+%3D+ACCUMULO+AND+issuetype+%3D+Bug+AND+created+%3E%3D+2018-08-01+AND+created+%3C%3D+2018-09-01</link>
        <description>An XML representation of a search request</description>
                <language>en-uk</language>
                        <issue start="0" end="1" total="1"/>
                <build-info>
            <version>8.3.4</version>
            <build-number>803005</build-number>
            <build-date>13-09-2019</build-date>
        </build-info>

<item>
            <title>[ACCUMULO-4853] Cxf client - NTLM Authentication - too many redirects exception</title>
                <link>https://issues.apache.org/jira/browse/ACCUMULO-4853</link>
                <project id="12312121" key="ACCUMULO">Accumulo</project>
                    <description>&lt;p&gt;&#160;&lt;/p&gt;

&lt;p&gt;&lt;tt&gt;Following code throws Protocol exception - too many redirects&#160;&lt;/tt&gt;&lt;/p&gt;

&lt;p&gt;&lt;tt&gt;Caused by: java.net.ProtocolException: Server redirected too many times (20) at sun.net.www.protocol.http.HttpURLConnection.getInputStream0(HttpURLConnection.java:1914) ~&lt;span class=&quot;error&quot;&gt;&amp;#91;?:1.8.0&amp;#93;&lt;/span&gt; at sun.net.www.protocol.http.HttpURLConnection.getInputStream(HttpURLConnection.java:1504) ~&lt;span class=&quot;error&quot;&gt;&amp;#91;?:1.8.0&amp;#93;&lt;/span&gt; at com.ibm.net.ssl.www2.protocol.https.b.getInputStream(b.java:35) ~&lt;span class=&quot;error&quot;&gt;&amp;#91;?:8.0 build_20180213&amp;#93;&lt;/span&gt; at org.apache.xerces.impl.XMLEntityManager.setupCurrentEntity(Unknown Source) ~&lt;span class=&quot;error&quot;&gt;&amp;#91;?:?&amp;#93;&lt;/span&gt; at org.apache.xerces.impl.XMLVersionDetector.determineDocVersion(Unknown Source) ~&lt;span class=&quot;error&quot;&gt;&amp;#91;?:?&amp;#93;&lt;/span&gt; at org.apache.xerces.parsers.XML11Configuration.parse(Unknown Source) ~&lt;span class=&quot;error&quot;&gt;&amp;#91;?:?&amp;#93;&lt;/span&gt; at org.apache.xerces.parsers.XML11Configuratio&lt;/tt&gt;&lt;/p&gt;

&lt;p&gt;&lt;tt&gt;---------+&lt;/tt&gt;&lt;/p&gt;

&lt;p&gt;{{System.setProperty(&quot;http.auth.ntlm.domain&quot;, &quot;BLA&quot;); CookieHandler.setDefault(new CookieManager(null, CookiePolicy.ACCEPT_ALL)); Authenticator.setDefault(new MyAuthenticator()); System.out.println(&quot;Hello from here&quot;); URL url = null; try &lt;/p&gt;
{ url = new URL(&quot;https://bla.com/ews&quot;); }
&lt;p&gt; catch (MalformedURLException e) &lt;/p&gt;
{ e.printStackTrace(); }
&lt;p&gt; ExchangeWebService ex = new ExchangeWebService(url); Client client = org.apache.cxf.frontend.ClientProxy.getClient(ex.getExchangeWebPort()); HTTPConduit conduit = (HTTPConduit) client.getConduit(); HTTPClientPolicy httpClientPolicy = new HTTPClientPolicy(); httpClientPolicy.setConnectionTimeout(36000); httpClientPolicy.setAllowChunking(false); conduit.setClient(httpClientPolicy); ex.getExchangeWebPort().getFolder(request, impersonation, mailboxCulture, requestVersion, timeZoneContext, getFolderResult, serverVersion); static class MyAuthenticator extends Authenticator { public PasswordAuthentication getPasswordAuthentication() &lt;/p&gt;
{ System.out.println(&quot;Feeding username and password for &quot; + getRequestingScheme()); return (new PasswordAuthentication(kuser, kpass.toCharArray())); }
&lt;p&gt; }}}&lt;/p&gt;</description>
                <environment></environment>
        <key id="13177392">ACCUMULO-4853</key>
            <summary>Cxf client - NTLM Authentication - too many redirects exception</summary>
                <type id="1" iconUrl="https://issues.apache.org/jira/secure/viewavatar?size=xsmall&amp;avatarId=21133&amp;avatarType=issuetype">Bug</type>
                                            <priority id="3" iconUrl="https://issues.apache.org/jira/images/icons/priorities/major.svg">Major</priority>
                        <status id="6" iconUrl="https://issues.apache.org/jira/images/icons/statuses/closed.png" description="The issue is considered finished, the resolution is correct. Issues which are not closed can be reopened.">Closed</status>
                    <statusCategory id="3" key="done" colorName="green"/>
                                    <resolution id="1">Fixed</resolution>
                                        <assignee username="-1">Unassigned</assignee>
                                    <reporter username="Cxfuser_again">Kunal Kishan</reporter>
                        <labels>
                    </labels>
                <created>Tue, 7 Aug 2018 13:07:18 +0000</created>
                <updated>Tue, 8 Jan 2019 02:17:55 +0000</updated>
                            <resolved>Tue, 7 Aug 2018 14:16:04 +0000</resolved>
                                    <version>2.0.0</version>
                                                    <component>server-base</component>
                        <due></due>
                            <votes>0</votes>
                                    <watches>3</watches>
                                                                <comments>
                            <comment id="16571730" author="cxfuser_again" created="Tue, 7 Aug 2018 14:16:04 +0000"  >&lt;p&gt;wrong forum&lt;/p&gt;</comment>
                    </comments>
                    <attachments>
                    </attachments>
                <subtasks>
                    </subtasks>
                <customfields>
                                                                            <customfield id="customfield_12310310" key="com.atlassian.jira.toolkit:attachments">
                        <customfieldname>Attachment count</customfieldname>
                        <customfieldvalues>
                            <customfieldvalue>0.0</customfieldvalue>
                        </customfieldvalues>
                    </customfield>
                                                                                                                                                                                                                                                                                                                                                                                                                                                                                                                                                                                                                                                                                                                                    <customfield id="customfield_12314020" key="com.atlassian.jira.plugins.jira-development-integration-plugin:devsummary">
                        <customfieldname>Development</customfieldname>
                        <customfieldvalues>
                            
                        </customfieldvalues>
                    </customfield>
                                                                                                                        <customfield id="customfield_12313422" key="com.atlassian.jirafisheyeplugin:jobcheckbox">
                        <customfieldname>Enable Automatic Patch Review</customfieldname>
                        <customfieldvalues>
                            <customfieldvalue><![CDATA[false]]></customfieldvalue>

                        </customfieldvalues>
                    </customfield>
                                                                                                                                                                                                                                                                                                <customfield id="customfield_12311020" key="com.atlassian.jira.plugin.system.customfieldtypes:url">
                        <customfieldname>External issue URL</customfieldname>
                        <customfieldvalues>
                            <customfieldvalue><![CDATA[https://stackoverflow.com/questions/51718627/apache-cxf-ntlm-authentcation-server-redirected-too-many-times]]></customfieldvalue>

                        </customfieldvalues>
                    </customfield>
                                                                                                                                                                                                                                                                                                                                                                                    <customfield id="customfield_12310420" key="com.pyxis.greenhopper.jira:gh-global-rank">
                        <customfieldname>Global Rank</customfieldname>
                        <customfieldvalues>
                            <customfieldvalue>9223372036854775807</customfieldvalue>
                        </customfieldvalues>
                    </customfield>
                                                                                                                                                                                                            <customfield id="customfield_12312521" key="com.atlassian.jira.toolkit:LastCommentDate">
                        <customfieldname>Last public comment date</customfieldname>
                        <customfieldvalues>
                            1 year, 27 weeks, 5 days ago
                        </customfieldvalues>
                    </customfield>
                                                                                                                                                                                                            <customfield id="customfield_12311820" key="com.pyxis.greenhopper.jira:gh-lexo-rank">
                        <customfieldname>Rank</customfieldname>
                        <customfieldvalues>
                            <customfieldvalue>0|i3ws3r:</customfieldvalue>

                        </customfieldvalues>
                    </customfield>
                                                                <customfield id="customfield_12310920" key="com.pyxis.greenhopper.jira:gh-global-rank">
                        <customfieldname>Rank (Obsolete)</customfieldname>
                        <customfieldvalues>
                            <customfieldvalue>9223372036854775807</customfieldvalue>
                        </customfieldvalues>
                    </customfield>
                                                                                                                                                                                                                                                                                                                                                                                                                                                                                                                                                                                                                                                                            <customfield id="customfield_12310222" key="com.atlassian.jira.ext.charting:timeinstatus">
                        <customfieldname>Time in Status</customfieldname>
                        <customfieldvalues>
                            
                        </customfieldvalues>
                    </customfield>
                                                                                            </customfields>
    </item>
</channel>
</rss>