<!--
RSS generated by JIRA (8.3.4#803005-sha1:1f96e09b3c60279a408a2ae47be3c745f571388b) at Mon Feb 17 08:24:25 UTC 2020

It is possible to restrict the fields that are returned in this document by specifying the 'field' parameter in your request.
For example, to request only the issue key and summary append 'field=key&field=summary' to the URL of your request.
-->
<!-- If you wish to do custom client-side styling of RSS, uncomment this:
<?xml-stylesheet href="https://issues.apache.org/jira/styles/jiraxml2html.xsl" type="text/xsl"?>
-->
<rss version="0.92">
    <channel>
        <title>ASF JIRA</title>
        <link>https://issues.apache.org/jira/issues/?jql=project+%3D+ACCUMULO+AND+issuetype+%3D+Bug+AND+created+%3E%3D+2017-08-01+AND+created+%3C%3D+2017-09-01</link>
        <description>An XML representation of a search request</description>
                <language>en-uk</language>
                        <issue start="0" end="3" total="3"/>
                <build-info>
            <version>8.3.4</version>
            <build-number>803005</build-number>
            <build-date>13-09-2019</build-date>
        </build-info>

<item>
            <title>[ACCUMULO-4697] tablet server could kick off too many idle compactions</title>
                <link>https://issues.apache.org/jira/browse/ACCUMULO-4697</link>
                <project id="12312121" key="ACCUMULO">Accumulo</project>
                    <description>&lt;p&gt;Tablet.initiateMajorCompaction() always returns false, but we check the return value when accounting for the number of idle major compactions started in TabletServer.MajorCompactor.run() and continue to kick off idle compactions on every tablet.&lt;/p&gt;

&lt;p&gt;DefaultCompactionStrategy doesn&apos;t do anything special for idle compactions, so this will only be an issue with a custom CompactionStrategy.&lt;/p&gt;

&lt;p&gt;My guess would be the best thing to do would be to get rid of idle compactions and get rid of the return value on initiateMajorCompaction().&lt;/p&gt;</description>
                <environment></environment>
        <key id="13096795">ACCUMULO-4697</key>
            <summary>tablet server could kick off too many idle compactions</summary>
                <type id="1" iconUrl="https://issues.apache.org/jira/secure/viewavatar?size=xsmall&amp;avatarId=21133&amp;avatarType=issuetype">Bug</type>
                                            <priority id="4" iconUrl="https://issues.apache.org/jira/images/icons/priorities/minor.svg">Minor</priority>
                        <status id="6" iconUrl="https://issues.apache.org/jira/images/icons/statuses/closed.png" description="The issue is considered finished, the resolution is correct. Issues which are not closed can be reopened.">Closed</status>
                    <statusCategory id="3" key="done" colorName="green"/>
                                    <resolution id="3">Duplicate</resolution>
                                        <assignee username="jmark99">Mark Owens</assignee>
                                    <reporter username="afuchs">Adam Fuchs</reporter>
                        <labels>
                            <label>pull-request-available</label>
                    </labels>
                <created>Tue, 22 Aug 2017 15:43:34 +0000</created>
                <updated>Wed, 11 Apr 2018 17:36:43 +0000</updated>
                            <resolved>Wed, 11 Apr 2018 16:48:23 +0000</resolved>
                                                                    <component>tserver</component>
                        <due></due>
                            <votes>0</votes>
                                    <watches>3</watches>
                                            <timeestimate seconds="0">0h</timeestimate>
                            <timespent seconds="4200">1h 10m</timespent>
                                <comments>
                            <comment id="16434193" author="jmark99" created="Wed, 11 Apr 2018 16:48:23 +0000"  >&lt;p&gt;This ticket is now represented by Github Issue &lt;a href=&quot;https://github.com/apache/accumulo/pull/420&quot; class=&quot;external-link&quot; rel=&quot;nofollow&quot;&gt;#420&lt;/a&gt;&lt;/p&gt;</comment>
                            <comment id="16434200" author="jmark99" created="Wed, 11 Apr 2018 16:49:19 +0000"  >&lt;p&gt;Duplicated by Github issue &lt;a href=&quot;https://github.com/apache/accumulo/pull/420&quot; class=&quot;external-link&quot; rel=&quot;nofollow&quot;&gt;#420&lt;/a&gt;&lt;/p&gt;</comment>
                    </comments>
                    <attachments>
                    </attachments>
                <subtasks>
                    </subtasks>
                <customfields>
                                                                            <customfield id="customfield_12310310" key="com.atlassian.jira.toolkit:attachments">
                        <customfieldname>Attachment count</customfieldname>
                        <customfieldvalues>
                            <customfieldvalue>0.0</customfieldvalue>
                        </customfieldvalues>
                    </customfield>
                                                                                                                                                                                                                                                                                                                                                                                                                                                                                                                                                                                                                                                                                                        <customfield id="customfield_12310220" key="com.atlassian.jira.ext.charting:firstresponsedate">
                        <customfieldname>Date of First Response</customfieldname>
                        <customfieldvalues>
                            <customfieldvalue>Wed, 11 Apr 2018 16:48:23 +0000</customfieldvalue>

                        </customfieldvalues>
                    </customfield>
                                                                <customfield id="customfield_12314020" key="com.atlassian.jira.plugins.jira-development-integration-plugin:devsummary">
                        <customfieldname>Development</customfieldname>
                        <customfieldvalues>
                            
                        </customfieldvalues>
                    </customfield>
                                                                                                                        <customfield id="customfield_12313422" key="com.atlassian.jirafisheyeplugin:jobcheckbox">
                        <customfieldname>Enable Automatic Patch Review</customfieldname>
                        <customfieldvalues>
                            <customfieldvalue><![CDATA[false]]></customfieldvalue>

                        </customfieldvalues>
                    </customfield>
                                                                                                                                                                                                                                                                                                                                                                                                                                                                                                                                                                                                                                                <customfield id="customfield_12310420" key="com.pyxis.greenhopper.jira:gh-global-rank">
                        <customfieldname>Global Rank</customfieldname>
                        <customfieldvalues>
                            <customfieldvalue>9223372036854775807</customfieldvalue>
                        </customfieldvalues>
                    </customfield>
                                                                                                                                                                                                            <customfield id="customfield_12312521" key="com.atlassian.jira.toolkit:LastCommentDate">
                        <customfieldname>Last public comment date</customfieldname>
                        <customfieldvalues>
                            1 year, 44 weeks, 4 days ago
                        </customfieldvalues>
                    </customfield>
                                                                                                                                                                                                            <customfield id="customfield_12311820" key="com.pyxis.greenhopper.jira:gh-lexo-rank">
                        <customfieldname>Rank</customfieldname>
                        <customfieldvalues>
                            <customfieldvalue>0|i3j5hr:</customfieldvalue>

                        </customfieldvalues>
                    </customfield>
                                                                <customfield id="customfield_12310920" key="com.pyxis.greenhopper.jira:gh-global-rank">
                        <customfieldname>Rank (Obsolete)</customfieldname>
                        <customfieldvalues>
                            <customfieldvalue>9223372036854775807</customfieldvalue>
                        </customfieldvalues>
                    </customfield>
                                                                                                                                                                                                                                                                                                                                                                                                                                                                                                                                                                                                                                                                            <customfield id="customfield_12310222" key="com.atlassian.jira.ext.charting:timeinstatus">
                        <customfieldname>Time in Status</customfieldname>
                        <customfieldvalues>
                            
                        </customfieldvalues>
                    </customfield>
                                                                                            </customfields>
    </item>


<item>
            <title>[ACCUMULO-4696] Accumulo usage -h doesn&apos;t work for all commands</title>
                <link>https://issues.apache.org/jira/browse/ACCUMULO-4696</link>
                <project id="12312121" key="ACCUMULO">Accumulo</project>
                    <description>&lt;p&gt;Printing the help for the shell under &apos;accumulo&apos; script command requires authentication.  &lt;/p&gt;
&lt;div class=&quot;code panel&quot; style=&quot;border-width: 1px;&quot;&gt;&lt;div class=&quot;codeContent panelContent&quot;&gt;
&lt;pre class=&quot;code-java&quot;&gt;~/sw/uno/install/accumulo-2.0.0-SNAPSHOT$ ./bin/accumulo shell -h
Password: 
&lt;/pre&gt;
&lt;/div&gt;&lt;/div&gt;

&lt;p&gt;This is annoying because as a user I can&apos;t see what the options are to authenticate without the help (-h) option.  The help shouldn&apos;t require a username and password.&lt;/p&gt;

&lt;p&gt;The help for other commands seem to work fine:&lt;/p&gt;
&lt;div class=&quot;code panel&quot; style=&quot;border-width: 1px;&quot;&gt;&lt;div class=&quot;codeContent panelContent&quot;&gt;
&lt;pre class=&quot;code-java&quot;&gt; ~/sw/uno/install/accumulo-2.0.0-SNAPSHOT$ ./bin/accumulo init -h
Usage: accumulo init [options]
  Options:
    --add-volumes
       Initialize any uninitialized volumes listed in instance.volumes
       Default: &lt;span class=&quot;code-keyword&quot;&gt;false&lt;/span&gt;
    --clear-instance-name
       delete any existing instance name without prompting
       Default: &lt;span class=&quot;code-keyword&quot;&gt;false&lt;/span&gt;
    -f, --force
       force reset of the security information without prompting
       Default: &lt;span class=&quot;code-keyword&quot;&gt;false&lt;/span&gt;
    -h, -?, --help, -help
   ...
&lt;/pre&gt;
&lt;/div&gt;&lt;/div&gt;  </description>
                <environment></environment>
        <key id="13096073">ACCUMULO-4696</key>
            <summary>Accumulo usage -h doesn&apos;t work for all commands</summary>
                <type id="1" iconUrl="https://issues.apache.org/jira/secure/viewavatar?size=xsmall&amp;avatarId=21133&amp;avatarType=issuetype">Bug</type>
                                            <priority id="4" iconUrl="https://issues.apache.org/jira/images/icons/priorities/minor.svg">Minor</priority>
                        <status id="5" iconUrl="https://issues.apache.org/jira/images/icons/statuses/resolved.png" description="A resolution has been taken, and it is awaiting verification by reporter. From here issues are either reopened, or are closed.">Resolved</status>
                    <statusCategory id="3" key="done" colorName="green"/>
                                    <resolution id="1">Fixed</resolution>
                                        <assignee username="milleruntime">Michael Miller</assignee>
                                    <reporter username="milleruntime">Michael Miller</reporter>
                        <labels>
                    </labels>
                <created>Fri, 18 Aug 2017 17:25:04 +0000</created>
                <updated>Fri, 25 Aug 2017 23:02:59 +0000</updated>
                            <resolved>Tue, 22 Aug 2017 19:22:35 +0000</resolved>
                                    <version>2.0.0</version>
                                    <fixVersion>2.0.0</fixVersion>
                                        <due></due>
                            <votes>0</votes>
                                    <watches>2</watches>
                                            <timeestimate seconds="0">0h</timeestimate>
                            <timespent seconds="600">10m</timespent>
                                <comments>
                            <comment id="16133328" author="milleruntime" created="Fri, 18 Aug 2017 17:36:09 +0000"  >&lt;p&gt;The shell command uses the &quot;&amp;#45;h&quot; option so it requires &quot;&amp;#45;?, --help&quot; to display help.  I don&apos;t think its worth changing the &quot;&amp;#45;h&quot; option but at the very least we should update the main accumulo help to notify the user of the difference.&lt;/p&gt;</comment>
                            <comment id="16133390" author="milleruntime" created="Fri, 18 Aug 2017 18:18:38 +0000"  >&lt;p&gt;Changing the help message accumulo script prints from &amp;#45;h to &amp;#45;&amp;#45;help would be the easiest solution.  It seems like all commands work fine with &quot;&amp;#45;&amp;#45;help&quot;.&lt;/p&gt;</comment>
                    </comments>
                    <attachments>
                    </attachments>
                <subtasks>
                    </subtasks>
                <customfields>
                                                                            <customfield id="customfield_12310310" key="com.atlassian.jira.toolkit:attachments">
                        <customfieldname>Attachment count</customfieldname>
                        <customfieldvalues>
                            <customfieldvalue>0.0</customfieldvalue>
                        </customfieldvalues>
                    </customfield>
                                                                                                                                                                                                                                                                                                                                                                                                                                                                                                                                                                                                                                                                                                                                    <customfield id="customfield_12314020" key="com.atlassian.jira.plugins.jira-development-integration-plugin:devsummary">
                        <customfieldname>Development</customfieldname>
                        <customfieldvalues>
                            
                        </customfieldvalues>
                    </customfield>
                                                                                                                        <customfield id="customfield_12313422" key="com.atlassian.jirafisheyeplugin:jobcheckbox">
                        <customfieldname>Enable Automatic Patch Review</customfieldname>
                        <customfieldvalues>
                            <customfieldvalue><![CDATA[false]]></customfieldvalue>

                        </customfieldvalues>
                    </customfield>
                                                                                                                                                                                                                                                                                                                                                                                                                                                                                                                                                                                                                                                <customfield id="customfield_12310420" key="com.pyxis.greenhopper.jira:gh-global-rank">
                        <customfieldname>Global Rank</customfieldname>
                        <customfieldvalues>
                            <customfieldvalue>9223372036854775807</customfieldvalue>
                        </customfieldvalues>
                    </customfield>
                                                                                                                                                                                                            <customfield id="customfield_12312521" key="com.atlassian.jira.toolkit:LastCommentDate">
                        <customfieldname>Last public comment date</customfieldname>
                        <customfieldvalues>
                            2 years, 26 weeks, 2 days ago
                        </customfieldvalues>
                    </customfield>
                                                                                                                                                                                                            <customfield id="customfield_12311820" key="com.pyxis.greenhopper.jira:gh-lexo-rank">
                        <customfieldname>Rank</customfieldname>
                        <customfieldvalues>
                            <customfieldvalue>0|i3j14n:</customfieldvalue>

                        </customfieldvalues>
                    </customfield>
                                                                <customfield id="customfield_12310920" key="com.pyxis.greenhopper.jira:gh-global-rank">
                        <customfieldname>Rank (Obsolete)</customfieldname>
                        <customfieldvalues>
                            <customfieldvalue>9223372036854775807</customfieldvalue>
                        </customfieldvalues>
                    </customfield>
                                                                                                                                                                                                                                                                                                                                                                                                                                                                                                                                                                                                                                                                            <customfield id="customfield_12310222" key="com.atlassian.jira.ext.charting:timeinstatus">
                        <customfieldname>Time in Status</customfieldname>
                        <customfieldvalues>
                            
                        </customfieldvalues>
                    </customfield>
                                                                                            </customfields>
    </item>


<item>
            <title>[ACCUMULO-4692] CompactionDriver leaves abandoned metadata scans</title>
                <link>https://issues.apache.org/jira/browse/ACCUMULO-4692</link>
                <project id="12312121" key="ACCUMULO">Accumulo</project>
                    <description>&lt;p&gt;We wrote a tool to kick off tablet compactions in the background while minimizing compaction load per-server. The tool uses range compaction on one tablet per call. We&apos;re seeing a high number of scans on the metadata table (~7,000 on a ~100 node cluster).&lt;/p&gt;

&lt;p&gt;The metadata query in the isReady() method of CompactionDriver that is used to see if the compaction has completed uses a range that goes to the end of the metadata entries for the given table, but it stops consuming the results of the scanner at the end of the compaction range. isReady gets called in a pretty tight loop, especially with hundreds of compactions running concurrently. Seems like we should limit the scan to the metadata range associated with the compaction so that the scan can get cleaned up quickly.&lt;/p&gt;</description>
                <environment></environment>
        <key id="13091739">ACCUMULO-4692</key>
            <summary>CompactionDriver leaves abandoned metadata scans</summary>
                <type id="1" iconUrl="https://issues.apache.org/jira/secure/viewavatar?size=xsmall&amp;avatarId=21133&amp;avatarType=issuetype">Bug</type>
                                            <priority id="3" iconUrl="https://issues.apache.org/jira/images/icons/priorities/major.svg">Major</priority>
                        <status id="1" iconUrl="https://issues.apache.org/jira/images/icons/statuses/open.png" description="The issue is open and ready for the assignee to start work on it.">Open</status>
                    <statusCategory id="2" key="new" colorName="blue-gray"/>
                                    <resolution id="-1">Unresolved</resolution>
                                        <assignee username="-1">Unassigned</assignee>
                                    <reporter username="afuchs">Adam Fuchs</reporter>
                        <labels>
                    </labels>
                <created>Wed, 2 Aug 2017 00:10:46 +0000</created>
                <updated>Fri, 4 Aug 2017 21:24:17 +0000</updated>
                                                                            <component>fate</component>
                        <due></due>
                            <votes>0</votes>
                                    <watches>4</watches>
                                                                <comments>
                            <comment id="16114590" author="milleruntime" created="Fri, 4 Aug 2017 16:31:55 +0000"  >&lt;p&gt;What version you see this in?&lt;/p&gt;</comment>
                            <comment id="16114613" author="ctubbsii" created="Fri, 4 Aug 2017 16:48:42 +0000"  >&lt;p&gt;&lt;a href=&quot;https://issues.apache.org/jira/secure/ViewProfile.jspa?name=milleruntime&quot; class=&quot;user-hover&quot; rel=&quot;milleruntime&quot;&gt;Michael Miller&lt;/a&gt;, when I took a look at the code, it looks like this affects 1.7+&lt;/p&gt;

&lt;p&gt;I spoke to &lt;a href=&quot;https://issues.apache.org/jira/secure/ViewProfile.jspa?name=kturner&quot; class=&quot;user-hover&quot; rel=&quot;kturner&quot;&gt;Keith Turner&lt;/a&gt; about this and he indicated that it would be hard to know exactly where to end the scan, because you don&apos;t know the split points in advance for the given table range. So, you don&apos;t know how many tablets metadata to read for that table. We talked about the possibility of implementing the &quot;close&quot; method for scanner so that such scans could be terminated once you&apos;ve read all the data you want from the scanner.&lt;/p&gt;</comment>
                            <comment id="16114653" author="afuchs" created="Fri, 4 Aug 2017 17:15:02 +0000"  >&lt;p&gt;Interesting &amp;#8211; since I was always compacting a range with the end equalling the tablet end row I wasn&apos;t thinking of the challenge of finding the next split point. However, I can think of a couple of ways of getting a tighter end in the scan: &lt;/p&gt;

&lt;p&gt;(1) Keep the end row used to launch compactions in the previous REPO or the end row of interest from the last time the CompactionDriver.isReady method was called in this FATE transaction. Detect when it&apos;s wrong (i.e. after a tablet merge) and fall back to a bigger scan.&lt;br/&gt;
(2) Use an iterator to detect when the tablet being scanned has a prev end row after the end of the scanned range and terminate the scan. &lt;/p&gt;

&lt;p&gt;Found this on a version derived from 1.7.2.&lt;/p&gt;</comment>
                            <comment id="16114657" author="mdrob" created="Fri, 4 Aug 2017 17:17:58 +0000"  >&lt;p&gt;I thought we had a JIRA to add close to scans in 2.0?&lt;/p&gt;</comment>
                            <comment id="16114667" author="milleruntime" created="Fri, 4 Aug 2017 17:23:48 +0000"  >&lt;p&gt;&lt;a href=&quot;https://issues.apache.org/jira/secure/ViewProfile.jspa?name=mdrob&quot; class=&quot;user-hover&quot; rel=&quot;mdrob&quot;&gt;Mike Drob&lt;/a&gt; Are you thinking of &lt;a href=&quot;https://issues.apache.org/jira/browse/ACCUMULO-1280&quot; title=&quot;Add close method to iterators&quot; class=&quot;issue-link&quot; data-issue-key=&quot;ACCUMULO-1280&quot;&gt;&lt;del&gt;ACCUMULO-1280&lt;/del&gt;&lt;/a&gt; ?&lt;/p&gt;</comment>
                            <comment id="16114812" author="ctubbsii" created="Fri, 4 Aug 2017 18:48:24 +0000"  >&lt;p&gt;&lt;a href=&quot;https://issues.apache.org/jira/secure/ViewProfile.jspa?name=afuchs&quot; class=&quot;user-hover&quot; rel=&quot;afuchs&quot;&gt;Adam Fuchs&lt;/a&gt; do you have a sense of the performance impact this has on a cluster, and whether that impact is sufficiently mitigated by the seemingly significant increase in code complexity required to handle this edge case?&lt;/p&gt;

&lt;p&gt;It seems there&apos;s some complexity trade-offs in the REPO changes you suggest (tracking merges, and fall back to larger scan, etc.,). The iterator solution or closing the scanner seems like simpler solution to support this edge case, that might be more maintainable in the long-term.&lt;/p&gt;</comment>
                            <comment id="16114986" author="afuchs" created="Fri, 4 Aug 2017 21:24:17 +0000"  >&lt;p&gt;We saw about 7,000 scans listed on the monitor page for one metadata tablet. CompactionDriver pretty much launches new scans constantly, so 7,000 is probably around the equilibrium point for when the scan sessions time out. That works out to about one query per 10ms. I don&apos;t know whether there was memory associated with those sessions, but if there were a few hundred kilobytes sitting in a result buffer for each of them that could be a problem. We did not directly correlate this to any observable degradation in performance, but we didn&apos;t look very deep at that.&lt;/p&gt;

&lt;p&gt;I think the REPO change would actually be the simplest. One-off iterators almost never come without bugs, and I think you could use a static soft reference cache with a few lines of code to get the desired scan range limit. However, we might also consider reducing the frequency of polling and/or share a polling mechanism between multiple CompactionDrivers (the latter might actually involve a custom iterator similar to the one used in the tablet watcher).&lt;/p&gt;</comment>
                    </comments>
                    <attachments>
                    </attachments>
                <subtasks>
                    </subtasks>
                <customfields>
                                                                            <customfield id="customfield_12310310" key="com.atlassian.jira.toolkit:attachments">
                        <customfieldname>Attachment count</customfieldname>
                        <customfieldvalues>
                            <customfieldvalue>0.0</customfieldvalue>
                        </customfieldvalues>
                    </customfield>
                                                                                                                                                                                                                                                                                                                                                                                                                                                                                                                                                                                                                                                                                                        <customfield id="customfield_12310220" key="com.atlassian.jira.ext.charting:firstresponsedate">
                        <customfieldname>Date of First Response</customfieldname>
                        <customfieldvalues>
                            <customfieldvalue>Fri, 4 Aug 2017 16:31:55 +0000</customfieldvalue>

                        </customfieldvalues>
                    </customfield>
                                                                <customfield id="customfield_12314020" key="com.atlassian.jira.plugins.jira-development-integration-plugin:devsummary">
                        <customfieldname>Development</customfieldname>
                        <customfieldvalues>
                            
                        </customfieldvalues>
                    </customfield>
                                                                                                                        <customfield id="customfield_12313422" key="com.atlassian.jirafisheyeplugin:jobcheckbox">
                        <customfieldname>Enable Automatic Patch Review</customfieldname>
                        <customfieldvalues>
                            <customfieldvalue><![CDATA[false]]></customfieldvalue>

                        </customfieldvalues>
                    </customfield>
                                                                                                                                                                                                                                                                                                                                                                                                                                                                                                                                                                                                                                                <customfield id="customfield_12310420" key="com.pyxis.greenhopper.jira:gh-global-rank">
                        <customfieldname>Global Rank</customfieldname>
                        <customfieldvalues>
                            <customfieldvalue>9223372036854775807</customfieldvalue>
                        </customfieldvalues>
                    </customfield>
                                                                                                                                                                                                            <customfield id="customfield_12312521" key="com.atlassian.jira.toolkit:LastCommentDate">
                        <customfieldname>Last public comment date</customfieldname>
                        <customfieldvalues>
                            2 years, 28 weeks, 2 days ago
                        </customfieldvalues>
                    </customfield>
                                                                                                                                                                                                            <customfield id="customfield_12311820" key="com.pyxis.greenhopper.jira:gh-lexo-rank">
                        <customfieldname>Rank</customfieldname>
                        <customfieldvalues>
                            <customfieldvalue>0|i3iaqn:</customfieldvalue>

                        </customfieldvalues>
                    </customfield>
                                                                <customfield id="customfield_12310920" key="com.pyxis.greenhopper.jira:gh-global-rank">
                        <customfieldname>Rank (Obsolete)</customfieldname>
                        <customfieldvalues>
                            <customfieldvalue>9223372036854775807</customfieldvalue>
                        </customfieldvalues>
                    </customfield>
                                                                                                                                                                                                                                                                                                                                                                                                                                                                                                                                                                                                                                                                                                                                    </customfields>
    </item>
</channel>
</rss>