<!--
RSS generated by JIRA (8.3.4#803005-sha1:1f96e09b3c60279a408a2ae47be3c745f571388b) at Mon Feb 17 08:25:40 UTC 2020

It is possible to restrict the fields that are returned in this document by specifying the 'field' parameter in your request.
For example, to request only the issue key and summary append 'field=key&field=summary' to the URL of your request.
-->
<!-- If you wish to do custom client-side styling of RSS, uncomment this:
<?xml-stylesheet href="https://issues.apache.org/jira/styles/jiraxml2html.xsl" type="text/xsl"?>
-->
<rss version="0.92">
    <channel>
        <title>ASF JIRA</title>
        <link>https://issues.apache.org/jira/issues/?jql=project+%3D+ACCUMULO+AND+issuetype+%3D+Bug+AND+created+%3E%3D+2018-04-01+AND+created+%3C%3D+2018-05-01</link>
        <description>An XML representation of a search request</description>
                <language>en-uk</language>
                        <issue start="0" end="1" total="1"/>
                <build-info>
            <version>8.3.4</version>
            <build-number>803005</build-number>
            <build-date>13-09-2019</build-date>
        </build-info>

<item>
            <title>[ACCUMULO-4851] WAL recovery directory should be deleted before running LogSorter</title>
                <link>https://issues.apache.org/jira/browse/ACCUMULO-4851</link>
                <project id="12312121" key="ACCUMULO">Accumulo</project>
                    <description>&lt;p&gt;Noticed this one on a user&apos;s 1.7-ish system.&lt;/p&gt;

&lt;p&gt;A number of tablets (~9) were unassigned and reported on the Monitor as having failed to load. Digging into the exception, we could see the tablet load failed due to a FileNotFoundException:&lt;/p&gt;
&lt;div class=&quot;preformatted panel&quot; style=&quot;border-width: 1px;&quot;&gt;&lt;div class=&quot;preformattedContent panelContent&quot;&gt;
&lt;pre&gt;2018-04-09 19:57:08,475 [tserver.TabletServer] WARN : exception trying to assign tablet xk;... /accumulo/tables/xk/t-00pyzd0
java.lang.RuntimeException: java.io.IOException: java.io.FileNotFoundException: File does not exist: /accumulo/recovery/0421c824-5e48-4bad-917a-b54a34a45849/failed/data
&#160;&#160;&#160;&#160;&#160;&#160;&#160; at org.apache.accumulo.tserver.tablet.Tablet.&amp;lt;init&amp;gt;(Tablet.java:640)
&#160;&#160;&#160;&#160;&#160;&#160;&#160; at org.apache.accumulo.tserver.tablet.Tablet.&amp;lt;init&amp;gt;(Tablet.java:449)
&#160;&#160;&#160;&#160;&#160;&#160;&#160; at org.apache.accumulo.tserver.TabletServer$AssignmentHandler.run(TabletServer.java:2156)
&#160;&#160;&#160;&#160;&#160;&#160;&#160; at org.apache.accumulo.fate.util.LoggingRunnable.run(LoggingRunnable.java:35)
&#160;&#160;&#160;&#160;&#160;&#160;&#160; at org.apache.accumulo.tserver.ActiveAssignmentRunnable.run(ActiveAssignmentRunnable.java:61)
&#160;&#160;&#160;&#160;&#160;&#160;&#160; at org.apache.htrace.wrappers.TraceRunnable.run(TraceRunnable.java:57)
&#160;&#160;&#160;&#160;&#160;&#160;&#160; at java.util.concurrent.ThreadPoolExecutor.runWorker(ThreadPoolExecutor.java:1149)
&#160;&#160;&#160;&#160;&#160;&#160;&#160; at java.util.concurrent.ThreadPoolExecutor$Worker.run(ThreadPoolExecutor.java:624)
&#160;&#160;&#160;&#160;&#160;&#160;&#160; at org.apache.accumulo.fate.util.LoggingRunnable.run(LoggingRunnable.java:35)
&#160;&#160;&#160;&#160;&#160;&#160;&#160; at java.lang.Thread.run(Thread.java:748)
Caused by: java.io.IOException: java.io.FileNotFoundException: File does not exist: /accumulo/recovery/0421c824-5e48-4bad-917a-b54a34a45849/failed/data
&#160;&#160;&#160;&#160;&#160;&#160;&#160; at org.apache.accumulo.tserver.log.TabletServerLogger.recover(TabletServerLogger.java:480)
&#160;&#160;&#160;&#160;&#160;&#160;&#160; at org.apache.accumulo.tserver.TabletServer.recover(TabletServer.java:3012)
&#160;&#160;&#160;&#160;&#160;&#160;&#160; at org.apache.accumulo.tserver.tablet.Tablet.&amp;lt;init&amp;gt;(Tablet.java:590)
&#160;&#160;&#160;&#160;&#160;&#160;&#160; ... 9 more
Caused by: java.io.FileNotFoundException: File does not exist: /accumulo/recovery/0421c824-5e48-4bad-917a-b54a34a45849/failed/data
&#160;&#160;&#160;&#160;&#160;&#160;&#160; at org.apache.hadoop.hdfs.DistributedFileSystem$26.doCall(DistributedFileSystem.java:1446)
&#160;&#160;&#160;&#160;&#160;&#160;&#160; at org.apache.hadoop.hdfs.DistributedFileSystem$26.doCall(DistributedFileSystem.java:1438)
&#160;&#160;&#160;&#160;&#160;&#160;&#160; at org.apache.hadoop.fs.FileSystemLinkResolver.resolve(FileSystemLinkResolver.java:81)
&#160;&#160;&#160;&#160;&#160;&#160;&#160; at org.apache.hadoop.hdfs.DistributedFileSystem.getFileStatus(DistributedFileSystem.java:1454)
&#160;&#160;&#160;&#160;&#160;&#160;&#160; at org.apache.hadoop.io.SequenceFile$Reader.&amp;lt;init&amp;gt;(SequenceFile.java:1823)
&#160;&#160;&#160;&#160;&#160;&#160;&#160; at org.apache.hadoop.io.MapFile$Reader.createDataFileReader(MapFile.java:456)
&#160;&#160;&#160;&#160;&#160;&#160;&#160; at org.apache.hadoop.io.MapFile$Reader.open(MapFile.java:429)
&#160;&#160;&#160;&#160;&#160;&#160;&#160; at org.apache.hadoop.io.MapFile$Reader.&amp;lt;init&amp;gt;(MapFile.java:399)
&#160;&#160;&#160;&#160;&#160;&#160;&#160; at org.apache.accumulo.tserver.log.MultiReader.&amp;lt;init&amp;gt;(MultiReader.java:113)
&#160;&#160;&#160;&#160;&#160;&#160;&#160; at org.apache.accumulo.tserver.log.SortedLogRecovery.recover(SortedLogRecovery.java:105)
&#160;&#160;&#160;&#160;&#160;&#160;&#160; at org.apache.accumulo.tserver.log.TabletServerLogger.recover(TabletServerLogger.java:478)
&#160;&#160;&#160;&#160;&#160;&#160;&#160; ... 11 more
2018-04-09 19:57:08,476 [tserver.TabletServer] WARN : java.io.IOException: java.io.FileNotFoundException: File does not exist: /accumulo/recovery/0421c824-5e48-4bad-917a-b54a34a45849/failed/data
2018-04-09 19:57:08,476 [tserver.TabletServer] WARN : failed to open tablet xk;... reporting failure to master
2018-04-09 19:57:08,476 [tserver.TabletServer] WARN : rescheduling tablet load in 600.00 seconds
&lt;/pre&gt;
&lt;/div&gt;&lt;/div&gt;
&lt;p&gt;Upon further investigation of the recovery directory in HDFS for this WAL, we find the following:&lt;/p&gt;
&lt;div class=&quot;preformatted panel&quot; style=&quot;border-width: 1px;&quot;&gt;&lt;div class=&quot;preformattedContent panelContent&quot;&gt;
&lt;pre&gt;$ hdfs dfs -ls -R /accumulo/recovery/0421c824-5e48-4bad-917a-b54a34a45849/
-rwxr--r--&#160;&#160; 3 accumulo hdfs&#160;&#160;&#160;&#160;&#160;&#160;&#160;&#160;&#160; 0 2018-04-06 22:12 accumulo/recovery/0421c824-5e48-4bad-917a-b54a34a45849/failed
-rwxr--r--&#160;&#160; 3 accumulo hdfs&#160;&#160;&#160;&#160;&#160;&#160;&#160;&#160;&#160; 0 2018-04-06 22:10 accumulo/recovery/0421c824-5e48-4bad-917a-b54a34a45849/finished
drwxr-xr-x&#160;&#160; - accumulo hdfs&#160;&#160;&#160;&#160;&#160;&#160;&#160;&#160;&#160; 0 2018-04-06 22:09 accumulo/recovery/0421c824-5e48-4bad-917a-b54a34a45849/part-r-00000
-rw-r--r--&#160;&#160; 3 accumulo hdfs&#160;&#160;&#160; 8040761 2018-04-06 22:09 accumulo/recovery/0421c824-5e48-4bad-917a-b54a34a45849/part-r-00000/data
-rw-r--r--&#160;&#160; 3 accumulo hdfs&#160;&#160;&#160;&#160;&#160;&#160;&#160; 642 2018-04-06 22:09 accumulo/recovery/0421c824-5e48-4bad-917a-b54a34a45849/part-r-00000/index
drwxr-xr-x&#160;&#160; - accumulo hdfs&#160;&#160;&#160;&#160;&#160;&#160;&#160;&#160;&#160; 0 2018-04-06 22:10 accumulo/recovery/0421c824-5e48-4bad-917a-b54a34a45849/part-r-00001
-rw-r--r--&#160;&#160; 3 accumulo hdfs&#160;&#160;&#160; 8540196 2018-04-06 22:10 accumulo/recovery/0421c824-5e48-4bad-917a-b54a34a45849/part-r-00001/data
-rw-r--r--&#160;&#160; 3 accumulo hdfs&#160;&#160;&#160;&#160;&#160;&#160;&#160; 524 2018-04-06 22:10 accumulo/recovery/0421c824-5e48-4bad-917a-b54a34a45849/part-r-00001/index
drwxr-xr-x&#160;&#160; - accumulo hdfs&#160;&#160;&#160;&#160;&#160;&#160;&#160;&#160;&#160; 0 2018-04-06 22:10 accumulo/recovery/0421c824-5e48-4bad-917a-b54a34a45849/part-r-00002
-rw-r--r--&#160;&#160; 3 accumulo hdfs&#160;&#160;&#160; 8150879 2018-04-06 22:10 accumulo/recovery/0421c824-5e48-4bad-917a-b54a34a45849/part-r-00002/data
-rw-r--r--&#160;&#160; 3 accumulo hdfs&#160;&#160;&#160;&#160;&#160;&#160;&#160; 584 2018-04-06 22:10 accumulo/recovery/0421c824-5e48-4bad-917a-b54a34a45849/part-r-00002/index
drwxr-xr-x&#160;&#160; - accumulo hdfs&#160;&#160;&#160;&#160;&#160;&#160;&#160;&#160;&#160; 0 2018-04-06 22:10 accumulo/recovery/0421c824-5e48-4bad-917a-b54a34a45849/part-r-00003
-rw-r--r--&#160;&#160; 3 accumulo hdfs&#160;&#160;&#160; 8438021 2018-04-06 22:10 accumulo/recovery/0421c824-5e48-4bad-917a-b54a34a45849/part-r-00003/data
-rw-r--r--&#160;&#160; 3 accumulo hdfs&#160;&#160;&#160;&#160;&#160;&#160;&#160; 630 2018-04-06 22:10 accumulo/recovery/0421c824-5e48-4bad-917a-b54a34a45849/part-r-00003/index
drwxr-xr-x&#160;&#160; - accumulo hdfs&#160;&#160;&#160;&#160;&#160;&#160;&#160;&#160;&#160; 0 2018-04-06 22:10 accumulo/recovery/0421c824-5e48-4bad-917a-b54a34a45849/part-r-00004
-rw-r--r--&#160;&#160; 3 accumulo hdfs&#160;&#160;&#160; 4956770 2018-04-06 22:10 accumulo/recovery/0421c824-5e48-4bad-917a-b54a34a45849/part-r-00004/data
-rw-r--r--&#160;&#160; 3 accumulo hdfs&#160;&#160;&#160;&#160;&#160;&#160;&#160; 408 2018-04-06 22:10 accumulo/recovery/0421c824-5e48-4bad-917a-b54a34a45849/part-r-00004/index
&lt;/pre&gt;
&lt;/div&gt;&lt;/div&gt;
&lt;p&gt;&#160;The strange thing here is that we both finished and failed markers for this WAL&apos;s recovery directory. Given the timestamps, it appears that TServer1 tried to do recovery, failed for some reason, and then TServer2 came along and successfully completely LogSort.&lt;/p&gt;

&lt;p&gt;However, when the merged-read of the sorted files came along, it treated the failed flag as a sorted-chunk, and failed as such.&lt;/p&gt;

&lt;p&gt;I think the simple solution would be to whack the recovery directory if it exists before running the LogSorter.&lt;/p&gt;

&lt;p&gt;Obligatory: I don&apos;t know if branches in Apache are verbatim to the fork I&apos;m looking at. Identifying all relevant branches is a necessary step here.&lt;/p&gt;</description>
                <environment></environment>
        <key id="13151208">ACCUMULO-4851</key>
            <summary>WAL recovery directory should be deleted before running LogSorter</summary>
                <type id="1" iconUrl="https://issues.apache.org/jira/secure/viewavatar?size=xsmall&amp;avatarId=21133&amp;avatarType=issuetype">Bug</type>
                                            <priority id="2" iconUrl="https://issues.apache.org/jira/images/icons/priorities/critical.svg">Critical</priority>
                        <status id="5" iconUrl="https://issues.apache.org/jira/images/icons/statuses/resolved.png" description="A resolution has been taken, and it is awaiting verification by reporter. From here issues are either reopened, or are closed.">Resolved</status>
                    <statusCategory id="3" key="done" colorName="green"/>
                                    <resolution id="5">Cannot Reproduce</resolution>
                                        <assignee username="elserj">Josh Elser</assignee>
                                    <reporter username="elserj">Josh Elser</reporter>
                        <labels>
                    </labels>
                <created>Mon, 9 Apr 2018 22:06:20 +0000</created>
                <updated>Tue, 16 Apr 2019 19:27:51 +0000</updated>
                            <resolved>Tue, 16 Apr 2019 19:27:51 +0000</resolved>
                                                                    <component>tserver</component>
                        <due></due>
                            <votes>0</votes>
                                    <watches>4</watches>
                                                                <comments>
                            <comment id="16431437" author="elserj" created="Mon, 9 Apr 2018 22:35:02 +0000"  >&lt;p&gt;&lt;a href=&quot;https://issues.apache.org/jira/secure/ViewProfile.jspa?name=dlmarion&quot; class=&quot;user-hover&quot; rel=&quot;dlmarion&quot;&gt;Dave Marion&lt;/a&gt;, a phrocker suggested that you might have run into a similar issue at some point &lt;img class=&quot;emoticon&quot; src=&quot;https://issues.apache.org/jira/images/icons/emoticons/smile.png&quot; height=&quot;16&quot; width=&quot;16&quot; align=&quot;absmiddle&quot; alt=&quot;&quot; border=&quot;0&quot;/&gt;&lt;/p&gt;</comment>
                            <comment id="16431475" author="dlmarion" created="Mon, 9 Apr 2018 23:07:47 +0000"  >&lt;p&gt;I don&apos;t remember an issue like this. Sorry I couldn&apos;t be of any help here.&lt;/p&gt;</comment>
                            <comment id="16431479" author="elserj" created="Mon, 9 Apr 2018 23:12:56 +0000"  >&lt;p&gt;No worries. I think I know what the fix is, just thought I&apos;d mention it to you on the off-chance it rang a bell.&lt;/p&gt;</comment>
                            <comment id="16432540" author="ctubbsii" created="Tue, 10 Apr 2018 16:18:59 +0000"  >&lt;p&gt;I was interested in making a release candidate for 1.9.0 this week. Do you think this should be a blocker or should I proceed with a release candidate?&lt;/p&gt;</comment>
                            <comment id="16432674" author="elserj" created="Tue, 10 Apr 2018 17:52:19 +0000"  >&lt;blockquote&gt;&lt;p&gt;Do you think this should be a blocker or should I proceed with a release candidate?&lt;/p&gt;&lt;/blockquote&gt;
&lt;p&gt;IMO, does not need to be a blocker. I meant to add the workaround here but forget. I resolved the issue for the customer by:&lt;/p&gt;
&lt;ul&gt;
	&lt;li&gt;Identify the recovery directory in HDFS for the one WAL which has the &lt;tt&gt;failed&lt;/tt&gt; and &lt;tt&gt;finished&lt;/tt&gt; markers (e.g. /&lt;tt&gt;accumulo/recovery/0421c824-5e48-4bad-917a-b54a34a45849)&lt;/tt&gt;&lt;/li&gt;
	&lt;li&gt;Stop Accumulo Master(s)&lt;/li&gt;
	&lt;li&gt;Move or delete the recovery directory for this WAL&lt;/li&gt;
	&lt;li&gt;Start Accumulo Master(s)&lt;/li&gt;
&lt;/ul&gt;


&lt;p&gt;Accumulo will automatically initiate recovery for this WAL and &lt;em&gt;should&lt;/em&gt; succeed on retry.&lt;/p&gt;</comment>
                            <comment id="16443329" author="ctubbsii" created="Wed, 18 Apr 2018 23:22:54 +0000"  >&lt;p&gt;Closed as duplicate of &lt;a href=&quot;https://github.com/apache/accumulo/issues/432&quot; class=&quot;external-link&quot; rel=&quot;nofollow&quot;&gt;https://github.com/apache/accumulo/issues/432&lt;/a&gt;&lt;br/&gt;
New issues are now tracked on GitHub.&lt;/p&gt;</comment>
                            <comment id="16444394" author="kturner" created="Thu, 19 Apr 2018 17:05:47 +0000"  >&lt;p&gt;This is not a duplicate of #432&lt;/p&gt;</comment>
                            <comment id="16444773" author="ctubbsii" created="Thu, 19 Apr 2018 20:51:23 +0000"  >&lt;p&gt;My mistake. Should we create a new issue on GitHub and track it there, or create a 1.9.1 version in JIRA to track it here?&lt;/p&gt;</comment>
                            <comment id="16819427" author="ctubbsii" created="Tue, 16 Apr 2019 19:27:51 +0000"  >&lt;p&gt;Lots of new WAL improvements have been made in the 1.9.x releases. This is likely OBE. However, please open a new issue at &lt;a href=&quot;https://github.com/apache/accumulo/issues&quot; class=&quot;external-link&quot; rel=&quot;nofollow&quot;&gt;https://github.com/apache/accumulo/issues&lt;/a&gt;  if it continues to be a problem.&lt;/p&gt;</comment>
                    </comments>
                    <attachments>
                    </attachments>
                <subtasks>
                    </subtasks>
                <customfields>
                                                                            <customfield id="customfield_12310310" key="com.atlassian.jira.toolkit:attachments">
                        <customfieldname>Attachment count</customfieldname>
                        <customfieldvalues>
                            <customfieldvalue>0.0</customfieldvalue>
                        </customfieldvalues>
                    </customfield>
                                                                                                                                                                                                                                                                                                                                                                                                                                                                                                                                                                                                                                                                                                        <customfield id="customfield_12310220" key="com.atlassian.jira.ext.charting:firstresponsedate">
                        <customfieldname>Date of First Response</customfieldname>
                        <customfieldvalues>
                            <customfieldvalue>Mon, 9 Apr 2018 23:07:47 +0000</customfieldvalue>

                        </customfieldvalues>
                    </customfield>
                                                                <customfield id="customfield_12314020" key="com.atlassian.jira.plugins.jira-development-integration-plugin:devsummary">
                        <customfieldname>Development</customfieldname>
                        <customfieldvalues>
                            
                        </customfieldvalues>
                    </customfield>
                                                                                                                        <customfield id="customfield_12313422" key="com.atlassian.jirafisheyeplugin:jobcheckbox">
                        <customfieldname>Enable Automatic Patch Review</customfieldname>
                        <customfieldvalues>
                            <customfieldvalue><![CDATA[false]]></customfieldvalue>

                        </customfieldvalues>
                    </customfield>
                                                                                                                                                                                                                                                                                                                                                                                                                                                                                                                                                                                                                                                <customfield id="customfield_12310420" key="com.pyxis.greenhopper.jira:gh-global-rank">
                        <customfieldname>Global Rank</customfieldname>
                        <customfieldvalues>
                            <customfieldvalue>9223372036854775807</customfieldvalue>
                        </customfieldvalues>
                    </customfield>
                                                                                                                                                                                                            <customfield id="customfield_12312521" key="com.atlassian.jira.toolkit:LastCommentDate">
                        <customfieldname>Last public comment date</customfieldname>
                        <customfieldvalues>
                            43 weeks, 5 days ago
                        </customfieldvalues>
                    </customfield>
                                                                                                                                                                                                            <customfield id="customfield_12311820" key="com.pyxis.greenhopper.jira:gh-lexo-rank">
                        <customfieldname>Rank</customfieldname>
                        <customfieldvalues>
                            <customfieldvalue>0|i3scan:</customfieldvalue>

                        </customfieldvalues>
                    </customfield>
                                                                <customfield id="customfield_12310920" key="com.pyxis.greenhopper.jira:gh-global-rank">
                        <customfieldname>Rank (Obsolete)</customfieldname>
                        <customfieldvalues>
                            <customfieldvalue>9223372036854775807</customfieldvalue>
                        </customfieldvalues>
                    </customfield>
                                                                                                                                                                                                                                                                                                                                                                                                                                                                                                                                                                                                                                                                            <customfield id="customfield_12310222" key="com.atlassian.jira.ext.charting:timeinstatus">
                        <customfieldname>Time in Status</customfieldname>
                        <customfieldvalues>
                            
                        </customfieldvalues>
                    </customfield>
                                                                                            </customfields>
    </item>
</channel>
</rss>