file,bugChurn,rank
org.apache.hadoop.hive.tools.GenVectorCode_java,3335,1
org.apache.hadoop.hive.metastore.api.ThriftHiveMetastore_java,3187,2
org.apache.hadoop.hive.ql.io.orc.encoded.EncodedTreeReaderFactory_java,1693,3
org.apache.hadoop.hive.llap.io.encoded.SerDeEncodedDataReader_java,1237,4
org.apache.hive.hcatalog.listener.DummyRawStoreFailEvent_java,894,5
org.apache.hadoop.hive.metastore.api.GetTablesRequest_java,659,6
org.apache.hadoop.hive.ql.exec.vector.VectorSerializeRow_java,638,7
org.apache.hadoop.hive.metastore.HiveMetaStore_java,608,8
org.apache.hadoop.hive.metastore.api.GetTableRequest_java,605,9
org.apache.hadoop.hive.metastore.api.CompactionResponse_java,583,10
org.apache.hadoop.hive.ql.exec.vector.expressions.aggregates.VectorUDAFBloomFilter_java,474,11
org.apache.hadoop.hive.llap.io.encoded.VectorDeserializeOrcWriter_java,458,12
org.apache.hadoop.hive.metastore.api.GetTablesResult_java,443,13
org.apache.hadoop.hive.metastore.api.ClientCapabilities_java,441,14
org.apache.hive.jdbc.HiveCallableStatement_java,421,15
org.apache.hadoop.hive.metastore.api.GetTableResult_java,394,16
org.apache.hive.beeline.BeeLine_java,381,17
org.apache.hadoop.hive.llap.cli.LlapServiceDriver_java,366,18
org.apache.hadoop.hive.ql.exec.vector.expressions.aggregates.VectorUDAFBloomFilterMerge_java,365,19
org.apache.hadoop.hive.ql.parse.SemanticAnalyzer_java,356,20
org.apache.hadoop.hive.ql.hooks.ATSHook_java,338,21
org.apache.hadoop.hive.llap.daemon.rpc.LlapDaemonProtocolProtos_java,323,22
org.apache.hadoop.hive.metastore.txn.TxnHandler_java,317,23
org.apache.hadoop.hive.ql.exec.vector.expressions.DynamicValueVectorExpression_java,314,24
org.apache.hadoop.hive.llap.daemon.impl.AMReporter_java,312,25
org.apache.hadoop.hive.ql.exec.CommonJoinOperator_java,305,26
org.apache.hive.jdbc.HiveBaseResultSet_java,297,27
org.apache.hadoop.hive.ql.exec.vector.VectorizationContext_java,290,28
org.apache.hadoop.hive.conf.HiveConf_java,285,29
org.apache.hadoop.hive.ql.exec.vector.expressions.VectorInBloomFilterColDynamicValue_java,285,29
org.apache.hadoop.hive.ql.parse.CalcitePlanner_java,264,31
org.apache.hadoop.hive.tools.GenVectorTestCode_java,261,32
org.apache.hadoop.hive.llap.io.decode.OrcEncodedDataConsumer_java,261,32
org.apache.hadoop.hive.serde2.lazy.fast.StringToDouble_java,259,34
org.apache.hadoop.hive.llap.tezplugins.LlapTaskCommunicator_java,258,35
org.apache.hadoop.hive.ql.optimizer.GenMapRedUtils_java,238,36
org.apache.hadoop.hive.ql.io.parquet.timestamp.NanoTimeUtils_java,231,37
org.apache.hadoop.hive.ql.io.orc.encoded.EncodedReaderImpl_java,228,38
org.apache.hadoop.hive.ql.parse.ParseUtils_java,222,39
org.apache.hive.jdbc.HiveDatabaseMetaData_java,215,40
org.apache.hadoop.hive.llap.cli.LlapStatusServiceDriver_java,206,41
org.apache.hadoop.hive.metastore.HiveAlterHandler_java,198,42
org.apache.hadoop.hive.llap.tezplugins.LlapTaskSchedulerService_java,190,43
org.apache.hadoop.hive.llap.cli.LlapSliderUtils_java,188,44
org.apache.hadoop.hive.ql.io.orc.OrcInputFormat_java,170,45
org.apache.hadoop.hive.ql.optimizer.SimpleFetchOptimizer_java,169,46
org.apache.hadoop.hive.ql.lockmgr.DbTxnManager_java,162,47
org.apache.hadoop.hive.ql.exec.tez.monitoring.RenderStrategy_java,154,48
org.apache.hadoop.hive.ql.exec.tez.TezSessionPoolManager_java,153,49
org.apache.hadoop.hive.ql.optimizer.ConvertJoinMapJoin_java,152,50
org.apache.hadoop.hive.llap.io.encoded.OrcEncodedDataReader_java,152,50
org.apache.hadoop.hive.metastore.HiveMetaStoreClient_java,149,52
org.apache.hadoop.hive.ql.parse.TezCompiler_java,148,53
org.apache.hadoop.hive.ql.metadata.Hive_java,129,54
org.apache.hadoop.hive.io.HdfsUtils_java,129,54
org.apache.hadoop.hive.llap.registry.impl.LlapZookeeperRegistryImpl_java,126,56
org.apache.hadoop.hive.druid.serde.DruidSerDe_java,123,57
org.apache.hadoop.hive.llap.daemon.impl.LlapDaemon_java,120,58
org.apache.hadoop.hive.ql.optimizer.physical.Vectorizer_java,119,59
org.apache.hadoop.hive.metastore.AlterHandler_java,116,60
org.apache.hadoop.hive.ql.optimizer.calcite.translator.JoinCondTypeCheckProcFactory_java,116,60
org.apache.hadoop.hive.ql.exec.tez.monitoring.TezJobMonitor_java,115,62
org.apache.hadoop.hive.ql.parse.spark.SparkCompiler_java,112,63
org.apache.hadoop.hive.ql.optimizer.calcite.rules.HiveSemiJoinRule_java,110,64
org.apache.hadoop.hive.llap.daemon.impl.ContainerRunnerImpl_java,109,65
org.apache.hadoop.hive.metastore.api.ShowCompactResponseElement_java,107,66
org.apache.hadoop.hive.llap.io.decode.GenericColumnVectorProducer_java,106,67
org.apache.hadoop.hive.ql.exec.vector.BytesColumnVector_java,100,68
org.apache.hadoop.hive.ql.exec.DDLTask_java,99,69
org.apache.hadoop.hive.ql.exec.ReduceSinkOperator_java,93,70
org.apache.hadoop.hive.druid.QTestDruidSerDe2_java,92,71
org.apache.hadoop.hive.ql.parse.TypeCheckProcFactory_java,91,72
org.apache.hadoop.hive.druid.io.DruidQueryBasedInputFormat_java,87,73
org.apache.hadoop.hive.ql.exec.spark.SparkTask_java,81,74
org.apache.hadoop.hive.ql.optimizer.stats.annotation.StatsRulesProcFactory_java,80,75
org.apache.hadoop.hive.llap.ext.LlapTaskUmbilicalExternalClient_java,76,76
org.apache.hadoop.hive.ql.parse.UpdateDeleteSemanticAnalyzer_java,75,77
org.apache.hadoop.hive.ql.exec.spark.status.impl.SparkMetricsUtils_java,75,77
org.apache.hadoop.hive.ql.io.orc.encoded.Reader_java,75,77
org.apache.hive.jdbc.HivePreparedStatement_java,73,80
org.apache.hadoop.hive.ql.parse.DDLSemanticAnalyzer_java,73,80
org.apache.hive.hcatalog.templeton.tool.TempletonUtils_java,72,82
org.apache.hadoop.hive.ql.exec.GroupByOperator_java,71,83
org.apache.hadoop.hive.ql.plan.ExprNodeDescUtils_java,69,84
org.apache.hadoop.hive.ql.plan.PartitionDesc_java,68,85
org.apache.hadoop.hive.ql.optimizer.LimitPushdownOptimizer_java,67,86
org.apache.hive.benchmark.vectorization.VectorizedLikeBench_java,67,86
org.apache.hadoop.hive.ql.exec.Utilities_java,66,88
org.apache.hive.jdbc.HiveConnection_java,64,89
org.apache.hadoop.hive.druid.DruidStorageHandlerUtils_java,64,89
org.apache.hadoop.hive.llap.daemon.impl.TaskExecutorService_java,63,91
org.apache.hadoop.hive.conf.valcoersion.JavaIOTmpdirVariableCoercion_java,63,91
org.apache.hadoop.hive.llap.io.api.impl.LlapRecordReader_java,63,91
org.apache.hadoop.hive.ql.QTestUtil_java,62,94
org.apache.hadoop.hive.ql.exec.vector.expressions.StringExpr_java,60,95
org.apache.hadoop.hive.ql.io.parquet.ParquetRecordReaderBase_java,59,96
org.apache.hive.beeline.Commands_java,58,97
org.apache.hadoop.hive.ql.io.orc.OrcRecordUpdater_java,58,97
org.apache.hadoop.hive.ql.optimizer.calcite.translator.SqlFunctionConverter_java,55,99
org.apache.hadoop.hive.llap.LlapUtil_java,55,99
org.apache.hadoop.hive.llap.daemon.impl.QueryTracker_java,55,99
org.apache.hadoop.hive.llap.daemon.impl.TaskRunnerCallable_java,55,99
org.apache.hadoop.hive.ql.io.ZeroRowsInputFormat_java,54,103
org.apache.hive.beeline.ClassNameCompleter_java,54,103
org.apache.hadoop.hive.llap.cli.LlapStatusOptionsProcessor_java,53,105
org.apache.hadoop.hive.common.io.encoded.EncodedColumnBatch_java,53,105
org.apache.hadoop.hive.llap.daemon.impl.QueryInfo_java,53,105
org.apache.hadoop.hive.ql.optimizer.calcite.CalciteViewSemanticException_java,52,108
org.apache.hadoop.hive.ql.metadata.HiveMetaStoreChecker_java,51,109
org.apache.hive.hcatalog.templeton.ExecServiceImpl_java,48,110
org.apache.hadoop.hive.serde2.thrift.ColumnBuffer_java,47,111
org.apache.hadoop.hive.metastore.txn.TxnStore_java,47,111
org.apache.hive.spark.client.SparkClientImpl_java,47,111
org.apache.hadoop.hive.ql.optimizer.DynamicPartitionPruningOptimization_java,47,111
org.apache.hadoop.hive.ql.optimizer.StatsOptimizer_java,47,111
org.apache.hadoop.hive.ql.stats.StatsUtils_java,47,111
org.apache.hadoop.hive.cli.CliDriver_java,46,117
org.apache.hive.service.cli.CLIService_java,46,117
org.apache.hadoop.hive.ql.udf.generic.GenericUDFOPNotEqualNS_java,45,119
org.apache.hadoop.hive.common.FileUtils_java,45,119
org.apache.hadoop.hive.ql.optimizer.SortedDynPartitionOptimizer_java,45,119
org.apache.hadoop.hive.llap.daemon.impl.TaskExecutorTestHelpers_java,44,122
org.apache.hadoop.hive.ql.optimizer.calcite.translator.HiveOpConverter_java,44,122
org.apache.hadoop.hive.conf.SystemVariables_java,43,124
org.apache.hadoop.hive.druid.io.DruidOutputFormat_java,43,124
org.apache.hadoop.hive.ql.exec.mr.ExecDriver_java,42,126
org.apache.hadoop.hive.ql.parse.ColumnStatsSemanticAnalyzer_java,42,126
org.apache.hadoop.hive.metastore.api.ClientCapability_java,42,126
org.apache.hadoop.hive.ql.plan.MapWork_java,42,126
org.apache.hadoop.hive.conf.valcoersion.VariableCoercion_java,42,126
org.apache.hadoop.hive.llap.daemon.MiniLlapCluster_java,40,131
org.apache.hadoop.hive.ql.optimizer.calcite.translator.ASTBuilder_java,40,131
org.apache.hadoop.hive.llap.cache.LowLevelCacheImpl_java,39,133
org.apache.hadoop.hive.ql.optimizer.metainfo.annotation.OpTraitsRulesProcFactory_java,38,134
org.apache.hadoop.hive.ql.io.parquet.vector.VectorizedParquetRecordReader_java,38,134
org.apache.hadoop.hive.common.classification.RetrySemantics_java,38,134
org.apache.hadoop.hive.ql.optimizer.ppr.PartitionPruner_java,37,137
org.apache.hadoop.hive.llap.registry.ServiceRegistry_java,37,137
org.apache.hadoop.hive.metastore.txn.CompactionTxnHandler_java,36,139
org.apache.hive.common.util.BloomFilter_java,36,139
org.apache.hadoop.hive.llap.cli.LlapOptionsProcessor_java,35,141
org.apache.hadoop.hive.druid.QTestDruidStorageHandler2_java,34,142
org.apache.hadoop.hive.ql.plan.VectorPartitionDesc_java,34,142
org.apache.hive.beeline.HiveSchemaTool_java,34,142
org.apache.hadoop.hive.ql.exec.TopNHash_java,33,145
org.apache.hadoop.hive.ql.plan.JoinDesc_java,33,145
org.apache.hadoop.hive.ql.io.AcidUtils_java,32,147
org.apache.hive.jdbc.HiveStatement_java,32,147
org.apache.hive.benchmark.serde.LazySimpleSerDeBench_java,32,147
org.apache.hadoop.hive.metastore.MetaStoreUtils_java,32,147
org.apache.hive.common.util.Ref_java,32,147
org.apache.hadoop.hive.ql.exec.spark.status.RemoteSparkJobMonitor_java,31,152
org.apache.hadoop.hive.ql.exec.spark.HiveSparkClientFactory_java,31,152
org.apache.hadoop.hive.ql.plan.ReduceWork_java,31,152
org.apache.hadoop.hive.llap.LlapDump_java,30,155
org.apache.hadoop.hive.ql.udf.generic.GenericUDFOPDivide_java,30,155
org.apache.hadoop.hive.ql.optimizer.physical.NullScanTaskDispatcher_java,30,155
org.apache.hadoop.hive.ql.optimizer.calcite.reloperators.HiveJoin_java,29,158
org.apache.hadoop.hive.ql.udf.generic.GenericUDFBaseNumeric_java,29,158
org.apache.hive.spark.client.SparkClientUtilities_java,29,158
org.apache.hadoop.hive.ql.exec.tez.ReduceRecordProcessor_java,29,158
org.apache.hadoop.hive.ql.optimizer.calcite.rules.HiveExpandDistinctAggregatesRule_java,29,158
org.apache.hadoop.hive.ql.exec.spark.status.impl.LocalSparkJobStatus_java,29,158
org.apache.hadoop.hive.ql.exec.tez.TezJobExecHelper_java,29,158
org.apache.hadoop.hive.ql.optimizer.calcite.translator.RexNodeConverter_java,29,158
org.apache.hadoop.hive.llap.io.metadata.OrcStripeMetadata_java,28,166
org.apache.hadoop.hive.ql.optimizer.calcite.cost.HiveOnTezCostModel_java,28,166
org.apache.hadoop.hive.ql.parse.ParseDriver_java,28,166
org.apache.hadoop.hive.serde2.lazybinary.fast.LazyBinarySerializeWrite_java,28,166
org.apache.hadoop.hive.ql.lockmgr.DbLockManager_java,28,166
org.apache.hadoop.hive.ql.exec.SparkHashTableSinkOperator_java,27,171
org.apache.hadoop.hive.ql.exec.vector.mapjoin.fast.VectorMapJoinFastTableContainer_java,27,171
org.apache.hadoop.hive.ql.hooks.HookContext_java,27,171
org.apache.hadoop.hive.ql.udf.generic.GenericUDAFBloomFilter_java,26,174
org.apache.hadoop.hive.ql.optimizer.calcite.translator.TypeConverter_java,26,174
org.apache.hadoop.hive.ql.io.parquet.read.ParquetRecordReaderWrapper_java,26,174
org.apache.hive.http.HttpServer_java,26,174
org.apache.hive.hplsql.Exec_java,25,178
org.apache.hadoop.hive.ql.exec.vector.expressions.AbstractFilterStringColLikeStringScalar_java,25,178
org.apache.hadoop.hive.llap.cache.SerDeLowLevelCacheImpl_java,25,178
org.apache.hadoop.hive.ql.optimizer.spark.CombineEquivalentWorkResolver_java,25,178
org.apache.hadoop.hive.llap.registry.impl.LlapRegistryService_java,25,178
org.apache.hadoop.hive.druid.io.DruidRecordWriter_java,25,178
org.apache.hadoop.hive.ql.optimizer.calcite.stats.HiveRelMdSize_java,25,178
org.apache.hadoop.hive.ql.io.orc.OrcRawRecordMerger_java,25,178
org.apache.hadoop.hive.ql.io.orc.WriterImpl_java,24,186
org.apache.hadoop.hive.common.StatsSetupConst_java,24,186
org.apache.hadoop.hive.ql.io.parquet.convert.ETypeConverter_java,24,186
org.apache.hadoop.hive.ql.exec.OperatorUtils_java,23,189
org.apache.hadoop.hive.ql.udf.generic.GenericUDFSplit_java,23,189
org.apache.hadoop.hive.llap.daemon.impl.comparator.ShortestJobFirstComparator_java,23,189
org.apache.hadoop.hive.metastore.RetryingMetaStoreClient_java,21,192
org.apache.hadoop.hive.ql.ErrorMsg_java,21,192
org.apache.hadoop.hive.ql.io.parquet.MapredParquetOutputFormat_java,21,192
org.apache.hadoop.hive.ql.plan.OpTraits_java,21,192
org.apache.hadoop.hive.ql.io.parquet.read.DataWritableReadSupport_java,21,192
org.apache.hive.service.cli.session.HiveSessionImpl_java,21,192
org.apache.hadoop.hive.ql.exec.tez.TezTask_java,21,192
org.apache.hadoop.hive.ql.parse.QBSubQuery_java,21,192
org.apache.hadoop.hive.thrift.TokenStoreDelegationTokenSecretManager_java,20,200
org.apache.hive.benchmark.vectorization.AbstractExpression_java,20,200
org.apache.hadoop.hive.ql.exec.spark.status.impl.RemoteSparkJobStatus_java,20,200
org.apache.hadoop.hive.ql.exec.vector.mapjoin.fast.VectorMapJoinFastHashTable_java,20,200
org.apache.hadoop.hive.ql.parse.GenTezUtils_java,20,200
org.apache.hadoop.hive.ql.Driver_java,19,205
org.apache.hadoop.hive.ql.io.parquet.read.ParquetFilterPredicateConverter_java,19,205
org.apache.hive.jdbc.HiveResultSetMetaData_java,19,205
org.apache.hive.spark.client.rpc.Rpc_java,19,205
org.apache.hadoop.hive.ql.session.LineageState_java,19,205
org.apache.hadoop.hive.ql.parse.spark.GenSparkUtils_java,19,205
org.apache.hadoop.hive.metastore.MetaStoreDirectSql_java,19,205
org.apache.hadoop.hive.llap.security.SecretManager_java,19,205
org.apache.hadoop.hive.druid.serde.DruidGroupByQueryRecordReader_java,18,213
org.apache.hadoop.hive.llap.io.api.impl.LlapIoImpl_java,18,213
org.apache.hadoop.hive.ql.exec.FunctionRegistry_java,18,213
org.apache.hadoop.hive.ql.io.parquet.vector.VectorizedPrimitiveColumnReader_java,18,213
org.apache.hadoop.hive.llap.metrics.LlapDaemonExecutorMetrics_java,17,217
org.apache.hive.service.cli.operation.SQLOperation_java,17,217
org.apache.hadoop.hive.llap.DaemonId_java,17,217
org.apache.hadoop.hive.ql.optimizer.calcite.stats.HiveRelMdSelectivity_java,17,217
org.apache.hadoop.hive.ql.exec.ScriptOperator_java,17,217
org.apache.hadoop.hive.llap.io.api.impl.LlapInputFormat_java,17,217
org.apache.hadoop.hive.druid.serde.DruidSelectQueryRecordReader_java,17,217
org.apache.hive.service.cli.operation.Operation_java,17,217
org.apache.hadoop.hive.ql.exec.JoinUtil_java,17,217
org.apache.hive.hcatalog.streaming.HiveEndPoint_java,16,226
org.apache.hadoop.hive.ql.optimizer.ColumnPrunerProcFactory_java,16,226
org.apache.hadoop.hive.ql.plan.ReduceSinkDesc_java,16,226
org.apache.hadoop.hive.llap.io.decode.OrcColumnVectorProducer_java,16,226
org.apache.hadoop.hive.llap.daemon.impl.EvictingPriorityBlockingQueue_java,16,226
org.apache.hadoop.hive.ql.session.SessionState_java,16,226
org.apache.hadoop.hive.shims.Hadoop23Shims_java,15,232
org.apache.hadoop.hive.hbase.HiveHFileOutputFormat_java,15,232
org.apache.hadoop.hive.metastore.IMetaStoreClient_java,15,232
org.apache.hadoop.hive.ql.processors.SetProcessor_java,15,232
org.apache.hadoop.hive.llap.tezplugins.LlapContainerLauncher_java,14,236
org.apache.hadoop.hive.llap.protocol.LlapTaskUmbilicalProtocol_java,14,236
org.apache.hadoop.hive.ql.udf.generic.GenericUDFDateDiff_java,14,236
org.apache.hadoop.hive.ql.io.parquet.write.DataWritableWriteSupport_java,14,236
org.apache.hadoop.hive.metastore.RetryingHMSHandler_java,14,236
org.apache.hive.service.cli.operation.GetColumnsOperation_java,14,236
org.apache.hive.beeline.SunSignalHandler_java,13,242
org.apache.hadoop.hive.ql.io.parquet.LeafFilterFactory_java,13,242
org.apache.hadoop.hive.ql.io.HiveInputFormat_java,13,242
org.apache.hadoop.hive.ql.exec.PTFTopNHash_java,13,242
org.apache.hadoop.hive.ql.io.RecordIdentifier_java,13,242
org.apache.hadoop.hive.ql.exec.vector.expressions.VectorExpression_java,13,242
org.apache.hadoop.hive.ql.exec.tez.DynamicValueRegistryTez_java,12,248
org.apache.hadoop.hive.ql.exec.tez.monitoring.DAGSummary_java,12,248
org.apache.hadoop.hive.llap.registry.ServiceInstanceSet_java,12,248
org.apache.hadoop.hive.ql.exec.spark.status.impl.JobMetricsListener_java,12,248
org.apache.hadoop.hive.ql.Context_java,12,248
org.apache.hadoop.hive.ql.optimizer.calcite.HiveSubQRemoveRelBuilder_java,12,248
org.apache.hadoop.hive.ql.exec.vector.ColumnVector_java,12,248
org.apache.hadoop.hive.metastore.txn.TxnUtils_java,12,248
org.apache.hive.jdbc.HiveDataSource_java,12,248
org.apache.hadoop.hive.ql.util.ResourceDownloader_java,12,248
org.apache.hadoop.hive.ql.udf.generic.GenericUDFInBloomFilter_java,12,248
org.apache.hadoop.hive.ql.plan.LoadTableDesc_java,12,248
org.apache.hadoop.hive.ql.optimizer.SparkRemoveDynamicPruningBySize_java,12,248
org.apache.hadoop.hive.ql.io.CombineHiveRecordReader_java,12,248
org.apache.hadoop.hive.druid.serde.DruidQueryRecordReader_java,11,262
org.apache.hadoop.hive.ql.udf.generic.GenericUDFSQCountCheck_java,11,262
org.apache.hadoop.hive.llap.io.decode.ColumnVectorProducer_java,11,262
org.apache.hadoop.hive.ql.plan.AbstractOperatorDesc_java,11,262
org.apache.hadoop.hive.ql.exec.vector.DecimalColumnVector_java,11,262
org.apache.hadoop.hive.metastore.events.InsertEvent_java,11,262
org.apache.hadoop.hive.ql.exec.vector.expressions.FilterStringColLikeStringScalar_java,11,262
org.apache.hadoop.hive.serde2.lazy.fast.LazySimpleDeserializeRead_java,10,269
org.apache.hadoop.hive.ql.exec.tez.Utils_java,10,269
org.apache.hadoop.hive.ql.plan.MoveWork_java,10,269
org.apache.hadoop.hive.ql.parse.LoadSemanticAnalyzer_java,10,269
org.apache.hadoop.hive.ql.exec.persistence.BytesBytesMultiHashMap_java,10,269
org.apache.hadoop.hive.ql.exec.HashTableDummyOperator_java,10,269
org.apache.hadoop.hive.ql.io.HiveContextAwareRecordReader_java,10,269
org.apache.hadoop.hive.ql.plan.FileSinkDesc_java,10,269
org.apache.hadoop.hive.serde2.objectinspector.StandardStructObjectInspector_java,10,269
org.apache.hadoop.hive.ql.exec.tez.MapRecordProcessor_java,10,269
org.apache.hadoop.hive.ql.io.parquet.write.DataWritableWriter_java,10,269
org.apache.hadoop.hive.ql.exec.vector.udf.VectorUDFAdaptor_java,10,269
org.apache.hive.service.server.HiveServer2_java,10,269
org.apache.hadoop.hive.ql.txn.compactor.CompactorMR_java,10,269
org.apache.hadoop.hive.ql.exec.spark.HivePairFlatMapFunction_java,10,269
org.apache.hadoop.hive.ql.plan.BaseWork_java,10,269
org.apache.hadoop.hive.ql.plan.LoadFileDesc_java,10,269
org.apache.hadoop.hive.ql.udf.generic.GenericUDFOPMultiply_java,10,269
org.apache.hadoop.hive.ql.udf.generic.GenericUDFOPEqual_java,9,287
org.apache.hive.hcatalog.templeton.HiveDelegator_java,9,287
org.apache.hadoop.hive.ql.exec.mr.MapRedTask_java,9,287
org.apache.hive.hcatalog.templeton.JarDelegator_java,9,287
org.apache.hadoop.hive.ql.ppd.ExprWalkerProcFactory_java,9,287
org.apache.hadoop.hive.ql.io.orc.ReaderImpl_java,9,287
org.apache.hadoop.hive.ql.security.authorization.StorageBasedAuthorizationProvider_java,9,287
org.apache.hadoop.hive.ql.udf.generic.GenericUDFOPNotEqual_java,9,287
org.apache.hive.hcatalog.templeton.tool.LaunchMapper_java,9,287
org.apache.hadoop.fs.ProxyLocalFileSystem_java,8,296
org.apache.hadoop.hive.ql.optimizer.SortedDynPartitionTimeGranularityOptimizer_java,8,296
org.apache.hadoop.hive.ql.exec.spark.SparkUtilities_java,8,296
org.apache.hadoop.hive.ql.udf.generic.GenericUDFOPNumericMinus_java,8,296
org.apache.hadoop.hive.llap.registry.impl.LlapFixedRegistryImpl_java,8,296
org.apache.hadoop.hive.ql.optimizer.ppr.PartExprEvalUtils_java,8,296
org.apache.hadoop.hive.ql.exec.vector.LongColumnVector_java,8,296
org.apache.hadoop.hive.ql.exec.vector.mapjoin.fast.VectorMapJoinFastLongHashTable_java,8,296
org.apache.hadoop.hive.ql.exec.vector.TimestampColumnVector_java,8,296
org.apache.hadoop.hive.ql.exec.spark.RemoteHiveSparkClient_java,8,296
org.apache.hadoop.hive.ql.optimizer.calcite.CalciteSemanticException_java,8,296
org.apache.hadoop.hive.ql.io.sarg.SearchArgumentImpl_java,8,296
org.apache.hadoop.hive.ql.exec.vector.IntervalDayTimeColumnVector_java,8,296
org.apache.hive.hcatalog.templeton.Server_java,8,296
org.apache.hadoop.hive.ql.exec.vector.mapjoin.fast.VectorMapJoinFastBytesHashTable_java,8,296
org.apache.hadoop.hive.ql.exec.CommonMergeJoinOperator_java,8,296
org.apache.hadoop.hive.ql.exec.vector.DoubleColumnVector_java,8,296
org.apache.hadoop.hive.ql.exec.tez.ReduceRecordSource_java,8,296
org.apache.hadoop.hive.ql.exec.Operator_java,8,296
org.apache.hadoop.hive.ql.optimizer.calcite.rules.HiveReduceExpressionsRule_java,8,296
org.apache.hadoop.hive.ql.udf.generic.GenericUDFOPMod_java,8,296
org.apache.hadoop.hive.ql.udf.generic.GenericUDFOPNumericPlus_java,8,296
org.apache.hadoop.hive.llap.io.decode.ReadPipeline_java,7,318
org.apache.hadoop.hive.ql.exec.tez.TezSessionState_java,7,318
org.apache.hadoop.hive.llap.shufflehandler.ShuffleHandler_java,7,318
org.apache.hadoop.hive.ql.security.authorization.plugin.sqlstd.Operation2Privilege_java,7,318
org.apache.hive.hcatalog.templeton.SqoopDelegator_java,7,318
org.apache.hadoop.hive.ql.io.avro.AvroGenericRecordReader_java,7,318
org.apache.hadoop.hive.ql.optimizer.calcite.RelOptHiveTable_java,7,318
org.apache.hadoop.hive.ql.exec.ExprNodeEvaluatorFactory_java,7,318
org.apache.hadoop.hive.serde2.io.HiveDecimalWritable_java,7,318
org.apache.hive.spark.client.rpc.RpcDispatcher_java,7,318
org.apache.hadoop.hive.ql.processors.HiveCommand_java,7,318
org.apache.hadoop.hive.ql.plan.VectorReduceSinkDesc_java,7,318
org.apache.hive.jdbc.HiveQueryResultSet_java,7,318
org.apache.hadoop.hive.druid.DruidStorageHandler_java,7,318
org.apache.hadoop.hive.ql.txn.compactor.Initiator_java,6,332
org.apache.hadoop.hive.ql.optimizer.calcite.rules.HiveSubQueryRemoveRule_java,6,332
org.apache.hadoop.hive.llap.daemon.services.impl.LlapWebServices_java,6,332
org.apache.hadoop.hive.llap.daemon.impl.comparator.FirstInFirstOutComparator_java,6,332
org.apache.hadoop.hive.ql.exec.vector.VectorizedRowBatch_java,6,332
org.apache.hadoop.hive.ql.io.orc.OrcSplit_java,6,332
org.apache.hive.beeline.cli.HiveCli_java,6,332
org.apache.hadoop.hive.llap.io.decode.EncodedDataConsumer_java,6,332
org.apache.hadoop.hive.ql.hooks.ReadEntity_java,6,332
org.apache.hadoop.hive.llap.io.metadata.OrcFileMetadata_java,6,332
org.apache.hadoop.hive.ql.io.orc.OrcFile_java,6,332
org.apache.hadoop.hive.ql.parse.GenTezWork_java,6,332
org.apache.hadoop.hive.shims.HadoopShimsSecure_java,6,332
org.apache.hadoop.hive.ql.exec.MoveTask_java,6,332
org.apache.hadoop.hive.ql.optimizer.calcite.translator.PlanModifierForASTConv_java,5,346
org.apache.hadoop.hive.ql.exec.vector.StructColumnVector_java,5,346
org.apache.hadoop.hive.ql.tools.LineageInfo_java,5,346
org.apache.hive.service.rpc.thrift.TProtocolVersion_java,5,346
org.apache.hive.spark.client.JobHandle_java,5,346
org.apache.hadoop.hive.ql.exec.vector.UnionColumnVector_java,5,346
org.apache.hadoop.hive.ql.plan.LoadDesc_java,5,346
org.apache.hive.jdbc.miniHS2.MiniHS2_java,5,346
org.apache.hadoop.hive.ql.io.orc.VectorizedOrcInputFormat_java,5,346
org.apache.hadoop.hive.ql.plan.PlanUtils_java,5,346
org.apache.hadoop.hive.ql.processors.CommandProcessorFactory_java,5,346
org.apache.hadoop.hive.ql.exec.tez.DagUtils_java,5,346
org.apache.hadoop.hive.metastore.ObjectStore_java,5,346
org.apache.hadoop.hive.ql.lockmgr.HiveTxnManager_java,5,346
org.apache.hadoop.hive.serde2.objectinspector.ObjectInspectorUtils_java,5,346
org.apache.hive.service.cli.session.HiveSessionImplwithUGI_java,5,346
org.apache.hive.hcatalog.templeton.PigDelegator_java,5,346
org.apache.hive.common.util.HiveStringUtils_java,5,346
org.apache.hive.spark.client.JobHandleImpl_java,5,346
org.apache.hadoop.hive.ql.udf.generic.GenericUDFOPEqualNS_java,5,346
org.apache.hadoop.hive.ql.exec.vector.mapjoin.VectorMapJoinGenerateResultOperator_java,5,346
org.apache.hadoop.hive.serde2.lazybinary.LazyBinaryUtils_java,4,367
org.apache.hive.service.rpc.thrift.TOpenSessionResp_java,4,367
org.apache.hadoop.hive.ql.exec.vector.mapjoin.fast.VectorMapJoinFastLongHashMap_java,4,367
org.apache.hadoop.hive.ql.exec.vector.mapjoin.fast.VectorMapJoinFastHashMap_java,4,367
org.apache.hadoop.hive.ql.exec.vector.VectorMapJoinOuterFilteredOperator_java,4,367
org.apache.hive.hplsql.Arguments_java,4,367
org.apache.hadoop.hive.ql.exec.vector.mapjoin.fast.VectorMapJoinFastStringHashSet_java,4,367
org.apache.hadoop.hive.ql.exec.vector.mapjoin.fast.VectorMapJoinFastMultiKeyHashMultiSet_java,4,367
org.apache.hadoop.hive.ql.udf.generic.GenericUDFStringToMap_java,4,367
org.apache.hadoop.hive.ql.udf.generic.GenericUDFTrunc_java,4,367
org.apache.hadoop.hive.ql.parse.QB_java,4,367
org.apache.hadoop.hive.llap.daemon.impl.PriorityBlockingDeque_java,4,367
org.apache.hadoop.hive.ql.exec.vector.mapjoin.fast.VectorMapJoinFastMultiKeyHashSet_java,4,367
org.apache.hadoop.hive.ql.io.merge.MergeFileTask_java,4,367
org.apache.hadoop.hive.cli.OptionsProcessor_java,4,367
org.apache.hadoop.hive.llap.daemon.impl.LlapTokenChecker_java,4,367
org.apache.hadoop.hive.ql.optimizer.correlation.ReduceSinkDeDuplication_java,4,367
org.apache.hive.hcatalog.templeton.tool.ZooKeeperCleanup_java,4,367
org.apache.hadoop.hive.ql.exec.vector.mapjoin.fast.VectorMapJoinFastBytesHashMultiSet_java,4,367
org.apache.hadoop.hive.ql.exec.vector.mapjoin.fast.VectorMapJoinFastHashSet_java,4,367
org.apache.hadoop.hive.ql.exec.vector.MultiValuedColumnVector_java,4,367
org.apache.hadoop.hive.llap.cache.EvictionDispatcher_java,4,367
org.apache.hive.hcatalog.templeton.StreamingDelegator_java,4,367
org.apache.hadoop.hive.ql.exec.vector.mapjoin.fast.VectorMapJoinFastLongHashMultiSet_java,4,367
org.apache.hadoop.hive.ql.exec.vector.mapjoin.fast.VectorMapJoinFastHashMultiSet_java,4,367
org.apache.hadoop.hive.ql.optimizer.calcite.HiveRelFactories_java,4,367
org.apache.hadoop.hive.ql.optimizer.ConstantPropagateProcFactory_java,4,367
org.apache.hadoop.hive.ql.exec.vector.mapjoin.fast.VectorMapJoinFastStringHashMap_java,4,367
org.apache.hadoop.hive.ql.exec.vector.mapjoin.fast.VectorMapJoinFastBytesHashSet_java,4,367
org.apache.hadoop.hive.ql.exec.vector.mapjoin.fast.VectorMapJoinFastStringHashMultiSet_java,4,367
org.apache.hadoop.hive.ql.optimizer.index.RewriteParseContextGenerator_java,4,367
org.apache.hadoop.hive.ql.exec.vector.mapjoin.fast.VectorMapJoinFastBytesHashMap_java,4,367
org.apache.hive.beeline.cli.CliOptionsProcessor_java,4,367
org.apache.hive.service.rpc.thrift.TOpenSessionReq_java,4,367
org.apache.hadoop.hive.ql.parse.ColumnStatsAutoGatherContext_java,4,367
org.apache.hadoop.hive.ql.exec.vector.mapjoin.fast.VectorMapJoinFastMultiKeyHashMap_java,4,367
org.apache.hadoop.hive.ql.exec.vector.mapjoin.fast.VectorMapJoinFastLongHashSet_java,4,367
org.apache.hadoop.hive.ql.security.StorageBasedMetastoreTestBase_java,4,367
org.apache.hadoop.hive.ql.optimizer.BucketingSortingReduceSinkOptimizer_java,3,405
org.apache.hadoop.hive.ql.optimizer.ReduceSinkMapJoinProc_java,3,405
org.apache.hadoop.hive.ql.optimizer.calcite.stats.HiveRelMdDistinctRowCount_java,3,405
org.apache.hadoop.hive.ql.io.orc.encoded.CacheChunk_java,3,405
org.apache.hive.benchmark.storage.ColumnarStorageBench_java,3,405
org.apache.hadoop.hive.ql.metadata.HiveMaterializedViewsRegistry_java,3,405
org.apache.hadoop.hive.ql.exec.vector.VectorExpressionDescriptor_java,3,405
org.apache.hadoop.hive.llap.security.LlapTokenIdentifier_java,3,405
org.apache.hadoop.hive.ql.exec.vector.VectorExtractRow_java,3,405
org.apache.hadoop.hive.ql.udf.generic.GenericUDTFJSONTuple_java,3,405
org.apache.hadoop.hive.ql.io.NullRowsInputFormat_java,3,405
org.apache.hadoop.hive.ql.optimizer.calcite.rules.HiveRelDecorrelator_java,3,405
org.apache.hadoop.hive.ql.io.parquet.VectorizedColumnReaderTestBase_java,3,405
org.apache.hadoop.hive.ql.optimizer.Optimizer_java,3,405
org.apache.hadoop.hive.ql.exec.JoinOperator_java,3,405
org.apache.hadoop.hive.serde2.objectinspector.primitive.PrimitiveObjectInspectorUtils_java,3,405
org.apache.hadoop.hive.ql.exec.vector.expressions.VectorUDFDateDiffScalarCol_java,2,421
org.apache.hadoop.hive.ql.exec.vector.expressions.VectorUDFDateDiffColScalar_java,2,421
org.apache.hadoop.hive.ql.io.orc.encoded.EncodedReader_java,2,421
org.apache.hadoop.hive.ql.udf.generic.GenericUDAFPercentileApprox_java,2,421
org.apache.hadoop.hive.ql.exec.vector.VectorFilterOperator_java,2,421
org.apache.hadoop.hive.ql.parse.TaskCompiler_java,2,421
org.apache.hadoop.hive.ql.lockmgr.DummyTxnManager_java,2,421
org.apache.hadoop.hive.ql.plan.OperatorDesc_java,2,421
org.apache.hadoop.hive.ql.optimizer.PartitionColumnsSeparator_java,2,421
org.apache.hadoop.hive.ql.optimizer.spark.SparkMapJoinOptimizer_java,2,421
org.apache.hadoop.hive.common.io.DiskRangeList_java,2,421
org.apache.hadoop.hive.ql.parse.QBJoinTree_java,2,421
org.apache.hadoop.hive.ql.exec.Registry_java,2,421
org.apache.hive.service.cli.thrift.ThriftHttpCLIService_java,2,421
org.apache.hadoop.hive.ql.exec.persistence.MapJoinTableContainerSerDe_java,2,421
org.apache.hadoop.hive.ql.optimizer.ConstantPropagateProcCtx_java,2,421
org.apache.hive.service.cli.ColumnBasedSet_java,2,421
org.apache.hive.hcatalog.templeton.tool.TempletonStorage_java,2,421
org.apache.hadoop.hive.ql.optimizer.correlation.QueryPlanTreeTransformation_java,2,421
org.apache.hadoop.hive.ql.optimizer.listbucketingpruner.ListBucketingPrunerUtils_java,2,421
org.apache.hadoop.hive.ql.exec.vector.expressions.VectorUDFDateAddScalarCol_java,2,421
org.apache.hadoop.hive.ql.exec.spark.status.SparkJobStatus_java,2,421
org.apache.hadoop.hive.ql.exec.SkewJoinHandler_java,2,421
org.apache.hadoop.hive.ql.io.OneNullRowInputFormat_java,2,421
org.apache.hive.service.AbstractService_java,2,421
org.apache.hadoop.hive.ql.security.authorization.plugin.SettableConfigUpdater_java,2,421
org.apache.hive.http.LlapServlet_java,2,421
org.apache.hadoop.hive.ql.plan.FetchWork_java,2,421
org.apache.hadoop.hive.ql.exec.persistence.MapJoinEagerRowContainer_java,2,421
org.apache.hadoop.hive.ql.exec.ArchiveUtils_java,2,421
org.apache.hadoop.hive.ql.parse.authorization.AuthorizationTestUtil_java,2,421
org.apache.hive.beeline.BeeLineOpts_java,2,421
org.apache.hadoop.hive.druid.serde.DruidTopNQueryRecordReader_java,2,421
org.apache.hadoop.hive.ql.optimizer.calcite.reloperators.HiveMultiJoin_java,2,421
org.apache.hadoop.hive.ql.exec.FileSinkOperator_java,2,421
org.apache.hive.beeline.BeeLineSignalHandler_java,1,456
org.apache.hadoop.hive.ql.exec.PTFOperator_java,1,456
org.apache.hadoop.hive.ql.optimizer.calcite.cost.HiveAlgorithmsUtil_java,1,456
org.apache.hadoop.hive.shims.ShimLoader_java,1,456
org.apache.hadoop.hive.ql.exec.vector.VectorSelectOperator_java,1,456
org.apache.hadoop.hive.ql.udf.UDFUUID_java,1,456
org.apache.hadoop.hive.ql.optimizer.MapJoinProcessor_java,1,456
org.apache.hadoop.hive.ql.exec.spark.SparkReduceRecordHandler_java,1,456
org.apache.hadoop.hive.common.log.InPlaceUpdate_java,1,456
