file,bugChurn,rank
org.apache.hadoop.hive.serde2.lazy.fast.LazySimpleDeserializeRead_java,842,1
org.apache.hadoop.hive.ql.Driver_java,751,2
org.apache.hadoop.hive.ql.exec.vector.expressions.ColOrCol_java,730,3
org.apache.hadoop.hive.ql.exec.vector.expressions.ColAndCol_java,721,4
org.apache.hadoop.hive.ql.io.BatchToRowReader_java,623,5
org.apache.hive.common.util.ShutdownHookManager_java,513,6
org.apache.hadoop.hive.ql.io.orc.OrcInputFormat_java,490,7
org.apache.hadoop.hive.ql.exec.vector.VectorRandomRowSource_java,458,8
org.apache.hadoop.hive.ql.exec.vector.VectorizationContext_java,436,9
org.apache.hadoop.hive.metastore.FakeDerby_java,424,10
org.apache.hadoop.hive.serde2.SerdeRandomRowSource_java,423,11
org.apache.hadoop.hive.ql.optimizer.pcr.PcrExprProcFactory_java,423,11
org.apache.hadoop.hive.ql.exec.vector.mapjoin.fast.VerifyFastRow_java,399,13
org.apache.hadoop.hive.ql.exec.vector.mapjoin.fast.CheckFastRowHashMap_java,397,14
org.apache.hadoop.hive.llap.registry.impl.LlapZookeeperRegistryImpl_java,386,15
org.apache.hadoop.hive.llap.registry.impl.SlotZnode_java,334,16
org.apache.hadoop.hive.ql.exec.vector.VectorDeserializeRow_java,308,17
org.apache.hadoop.hive.ql.io.orc.ReaderImpl_java,290,18
org.apache.hadoop.hive.serde2.lazybinary.fast.LazyBinaryDeserializeRead_java,265,19
org.apache.hadoop.hive.llap.io.api.impl.LlapInputFormat_java,263,20
org.apache.hadoop.hive.metastore.txn.TxnHandler_java,242,21
org.apache.hive.hcatalog.common.HiveClientCache_java,228,22
org.apache.hadoop.hive.common.ValidCompactorTxnList_java,220,23
org.apache.hadoop.hive.metastore.ObjectStore_java,209,24
org.apache.hadoop.hive.conf.HiveConf_java,207,25
org.apache.hive.beeline.Commands_java,204,26
org.apache.hadoop.hive.serde2.binarysortable.fast.BinarySortableDeserializeRead_java,197,27
org.apache.hadoop.hive.llap.daemon.impl.StatsRecordingThreadPool_java,189,28
org.apache.hadoop.hive.conf.HiveConfUtil_java,180,29
org.apache.hadoop.hive.ql.metadata.formatting.MetaDataFormatUtils_java,178,30
org.apache.hive.benchmark.serde.LazySimpleSerDeBench_java,173,31
org.apache.hadoop.hive.ql.exec.Utilities_java,170,32
org.apache.hive.service.cli.operation.SQLOperation_java,168,33
org.apache.hadoop.hive.llap.tezplugins.LlapTaskSchedulerService_java,168,33
org.apache.hadoop.hive.llap.cache.LowLevelLrfuCachePolicy_java,162,35
org.apache.hadoop.hive.ql.lockmgr.DbTxnManager_java,159,36
org.apache.hadoop.hive.ql.index.SplitFilterTestCase_java,153,37
org.apache.hive.service.cli.session.HiveSessionImpl_java,152,38
org.apache.hadoop.hive.ql.exec.vector.VectorMapOperator_java,152,38
org.apache.hadoop.hive.ql.exec.Registry_java,146,40
org.apache.hadoop.hive.ql.metadata.Hive_java,145,41
org.apache.hadoop.hive.ql.exec.vector.VectorizedRowBatchCtx_java,144,42
org.apache.hadoop.hive.ql.exec.tez.TezTask_java,142,43
org.apache.hadoop.hive.ql.parse.SemanticAnalyzer_java,137,44
org.apache.hadoop.hive.ql.index.MockInputFile_java,130,45
org.apache.hadoop.hive.llap.LlapUtil_java,127,46
org.apache.hadoop.hive.ql.session.SessionState_java,127,46
org.apache.hadoop.hive.metastore.MetaStoreDirectSql_java,127,46
org.apache.hadoop.hive.ql.index.SplitFilter_java,125,49
org.apache.hadoop.hive.ql.optimizer.physical.Vectorizer_java,124,50
org.apache.hive.hcatalog.streaming.AbstractRecordWriter_java,120,51
org.apache.hadoop.hive.shims.Utils_java,111,52
org.apache.hadoop.hive.ql.processors.ResetProcessor_java,109,53
org.apache.hadoop.hive.metastore.HiveMetaStore_java,108,54
org.apache.hadoop.hive.ql.exec.tez.HostAffinitySplitLocationProvider_java,106,55
org.apache.hadoop.hive.metastore.api.GetOpenTxnsResponse_java,105,56
org.apache.hadoop.hive.ql.udf.UDFDayOfWeek_java,105,56
org.apache.hadoop.hive.shims.Hadoop23Shims_java,104,58
org.apache.hadoop.hive.ql.exec.mr.ExecDriver_java,104,58
org.apache.hive.common.util.HiveStringUtils_java,99,60
org.apache.hive.jdbc.HiveConnection_java,97,61
org.apache.hadoop.hive.ql.exec.DDLTask_java,96,62
org.apache.hadoop.hive.ql.exec.spark.HiveBaseFunctionResultList_java,96,62
org.apache.hadoop.hive.ql.io.orc.OrcSplit_java,95,64
org.apache.hadoop.hive.ql.exec.tez.DagUtils_java,94,65
org.apache.hadoop.hive.ql.io.orc.LocalCache_java,87,66
org.apache.hive.jdbc.HivePreparedStatement_java,85,67
org.apache.hadoop.hive.ql.security.authorization.plugin.sqlstd.SQLAuthorizationUtils_java,85,67
org.apache.hadoop.hive.ql.exec.spark.SortByShuffler_java,84,69
org.apache.hadoop.hive.metastore.txn.TxnUtils_java,83,70
org.apache.hadoop.hive.ql.udf.generic.GenericUDFLoggedInUser_java,82,71
org.apache.hadoop.hive.ql.exec.persistence.HybridHashTableContainer_java,82,71
org.apache.hadoop.hive.llap.daemon.impl.TaskExecutorService_java,80,73
org.apache.hadoop.hive.ql.exec.tez.TezSessionPoolManager_java,80,73
org.apache.hadoop.hive.common.StringableMap_java,80,73
org.apache.hadoop.hive.serde2.fast.DeserializeRead_java,77,76
org.apache.hadoop.hive.llap.registry.impl.InactiveServiceInstance_java,77,76
org.apache.hadoop.hive.metastore.DatabaseProduct_java,75,78
org.apache.hadoop.hive.ql.io.orc.OrcOiBatchToRowReader_java,71,79
org.apache.hadoop.hive.ql.util.TimestampUtils_java,70,80
org.apache.hadoop.hive.ql.exec.vector.mapjoin.VectorMapJoinGenerateResultOperator_java,69,81
org.apache.hadoop.hive.ql.io.AcidUtils_java,68,82
org.apache.hadoop.hive.serde2.io.DateWritable_java,68,82
org.apache.hadoop.hive.llap.security.LlapUgiFactoryFactory_java,67,84
org.apache.hadoop.hive.llap.io.encoded.OrcEncodedDataReader_java,67,84
org.apache.hadoop.hive.ql.stats.StatsUtils_java,64,86
org.apache.hive.beeline.BeeLine_java,64,86
org.apache.hadoop.hive.ql.exec.persistence.BytesBytesMultiHashMap_java,63,88
org.apache.hadoop.hive.llap.io.decode.OrcEncodedDataConsumer_java,63,88
org.apache.hadoop.hive.ql.exec.vector.expressions.VectorUDFDayOfWeekString_java,61,90
org.apache.hadoop.hive.thrift.HadoopThriftAuthBridge_java,59,91
org.apache.hadoop.hive.ql.parse.TypeCheckProcFactory_java,59,91
org.apache.hive.hcatalog.templeton.AppConfig_java,57,93
org.apache.hadoop.hive.ql.io.orc.OrcRecordUpdater_java,57,93
org.apache.hadoop.hive.ql.debug.Utils_java,56,95
org.apache.hadoop.hive.ql.optimizer.StatsOptimizer_java,56,95
org.apache.hadoop.hive.ql.exec.vector.mapjoin.optimized.VectorMapJoinOptimizedLongCommon_java,56,95
org.apache.hadoop.hive.ql.exec.vector.mapjoin.fast.VectorMapJoinFastValueStore_java,56,95
org.apache.hive.jdbc.XsrfHttpRequestInterceptor_java,56,95
org.apache.hadoop.hive.llap.io.api.impl.LlapIoImpl_java,55,100
org.apache.hadoop.hive.ql.exec.FunctionRegistry_java,55,100
org.apache.hive.jdbc.Utils_java,54,102
org.apache.hadoop.hive.ql.udf.generic.GenericUDFUtils_java,52,103
org.apache.hadoop.hive.ql.exec.mr.HadoopJobExecHelper_java,52,103
org.apache.hadoop.hive.llap.tezplugins.LlapTaskCommunicator_java,52,103
org.apache.hadoop.hive.ql.io.orc.OrcNewSplit_java,52,103
org.apache.hadoop.hive.ql.io.CombineHiveInputFormat_java,51,107
org.apache.hadoop.hive.common.FileUtils_java,51,107
org.apache.hadoop.hive.llap.counters.LlapIOCounters_java,50,109
org.apache.hadoop.hive.serde2.WriteBuffers_java,49,110
org.apache.hive.hcatalog.streaming.DelimitedInputWriter_java,49,110
org.apache.hadoop.hive.ql.udf.generic.GenericUDAFRowNumber_java,48,112
org.apache.hadoop.hive.ql.optimizer.calcite.rules.HiveProjectMergeRule_java,46,113
org.apache.hadoop.hive.llap.cli.LlapServiceDriver_java,46,113
org.apache.hive.service.cli.operation.Operation_java,45,115
org.apache.hadoop.hive.ql.udf.generic.GenericUDAFPercentileApprox_java,43,116
org.apache.hadoop.hive.ql.index.HiveIndexedInputFormat_java,43,116
org.apache.hadoop.hive.ql.processors.SetProcessor_java,42,118
org.apache.hadoop.hive.ql.exec.tez.TezSessionState_java,41,119
org.apache.hadoop.hive.ql.exec.tez.MapRecordProcessor_java,41,119
org.apache.hadoop.hive.common.ValidReadTxnList_java,40,121
org.apache.hadoop.hive.ql.exec.vector.expressions.VectorUDFDayOfWeekDate_java,39,122
org.apache.hadoop.hive.serde2.avro.AvroSerdeUtils_java,39,122
org.apache.hadoop.hive.ql.exec.vector.expressions.VectorUDFDayOfWeekTimestamp_java,39,122
org.apache.hadoop.hive.ql.io.orc.ExternalCache_java,39,122
org.apache.hive.service.server.HiveServer2_java,39,122
org.apache.hadoop.hive.ql.index.MockIndexResult_java,38,127
org.apache.hadoop.hive.ql.exec.tez.ReduceRecordProcessor_java,37,128
org.apache.hadoop.hive.ql.io.orc.encoded.IncompleteCb_java,37,128
org.apache.hadoop.hive.ql.index.MockHiveInputSplits_java,37,128
org.apache.hadoop.hive.ql.exec.spark.HiveSparkClientFactory_java,36,131
org.apache.hadoop.hive.ql.exec.FileSinkOperator_java,36,131
org.apache.hive.hcatalog.streaming.HiveEndPoint_java,34,133
org.apache.hive.hcatalog.pig.HCatLoader_java,34,133
org.apache.hadoop.hive.ql.exec.MapJoinOperator_java,34,133
org.apache.hadoop.hive.llap.cache.SimpleBufferManager_java,33,136
org.apache.hadoop.hive.ql.udf.generic.GenericUDAFComputeStats_java,32,137
org.apache.hadoop.hive.llap.security.SecretManager_java,32,137
org.apache.hadoop.hive.ql.io.orc.encoded.EncodedTreeReaderFactory_java,31,139
org.apache.hadoop.hive.ql.io.BatchToRowInputFormat_java,31,139
org.apache.hadoop.hive.ql.parse.GenTezUtils_java,31,139
org.apache.hadoop.hive.ql.exec.tez.Utils_java,30,142
org.apache.hive.spark.client.SparkClientImpl_java,30,142
org.apache.hadoop.hive.llap.daemon.impl.TaskRunnerCallable_java,30,142
org.apache.hadoop.hive.metastore.annotation.NoReconnect_java,29,145
org.apache.hadoop.hive.metastore.StatObjectConverter_java,29,145
org.apache.hadoop.hive.ql.parse.CalcitePlanner_java,29,145
org.apache.hadoop.hive.llap.tezplugins.LlapTezUtils_java,28,148
org.apache.hive.hcatalog.streaming.StrictJsonWriter_java,28,148
org.apache.hadoop.hive.ql.parse.DDLSemanticAnalyzer_java,28,148
org.apache.hadoop.hive.serde2.io.TimestampWritable_java,27,151
org.apache.hadoop.hive.metastore.MetaStoreUtils_java,27,151
org.apache.hadoop.hive.ql.exec.mr.MapRedTask_java,26,153
org.apache.hadoop.hive.llap.impl.LlapProtocolClientImpl_java,26,153
org.apache.hive.common.util.DateParser_java,26,153
org.apache.hadoop.hive.ql.exec.vector.mapjoin.optimized.VectorMapJoinOptimizedStringCommon_java,26,153
org.apache.hadoop.hive.ql.index.IndexResult_java,25,157
org.apache.hadoop.hive.ql.parse.ParseContext_java,25,157
org.apache.hadoop.hive.ql.io.StreamingOutputFormat_java,25,157
org.apache.hive.service.cli.thrift.ThriftCLIService_java,24,160
org.apache.hadoop.hive.ql.optimizer.calcite.stats.HiveRelMdPredicates_java,24,160
org.apache.hadoop.hive.ql.exec.vector.VectorAssignRow_java,24,160
org.apache.hive.jdbc.HiveStatement_java,24,160
org.apache.hive.service.cli.operation.OperationManager_java,24,160
org.apache.hadoop.hive.llap.cache.BuddyAllocator_java,24,160
org.apache.hive.hcatalog.templeton.Main_java,24,160
org.apache.hadoop.hive.common.UgiFactory_java,22,167
org.apache.hadoop.hive.llap.tez.LlapProtocolClientProxy_java,22,167
org.apache.hadoop.hive.ql.exec.persistence.UnwrapRowContainer_java,22,167
org.apache.hadoop.hive.llap.cache.LowLevelFifoCachePolicy_java,22,167
org.apache.hadoop.hive.ql.hooks.PostExecTezSummaryPrinter_java,22,167
org.apache.hadoop.hive.ql.optimizer.stats.annotation.StatsRulesProcFactory_java,22,167
org.apache.hadoop.hive.serde2.avro.AvroDeserializer_java,22,167
org.apache.hadoop.hive.common.LogUtils_java,22,167
org.apache.hadoop.hive.ql.metadata.HiveMetaStoreChecker_java,22,167
org.apache.hadoop.hive.ql.optimizer.GenMapRedUtils_java,22,167
org.apache.hadoop.hive.llap.cli.LlapStatusServiceDriver_java,21,177
org.apache.hadoop.hive.ql.exec.vector.mapjoin.fast.VectorMapJoinFastLongHashTable_java,21,177
org.apache.hadoop.hive.ql.optimizer.ConstantPropagateProcFactory_java,21,177
org.apache.hadoop.hive.ql.io.HiveInputFormat_java,21,177
org.apache.hadoop.hive.metastore.RetryingMetaStoreClient_java,20,181
org.apache.hadoop.hive.llap.daemon.impl.LlapTaskReporter_java,20,181
org.apache.hadoop.hive.llap.daemon.impl.LlapTokenChecker_java,20,181
org.apache.hadoop.hive.ql.plan.MapWork_java,20,181
org.apache.hadoop.hive.ql.exec.FunctionInfo_java,20,181
org.apache.hadoop.hive.llap.LlapBaseRecordReader_java,19,186
org.apache.hadoop.hive.ql.Context_java,19,186
org.apache.hadoop.hive.ql.exec.vector.mapjoin.fast.CheckFastHashTable_java,19,186
org.apache.hadoop.hive.ql.exec.vector.TimestampColumnVector_java,19,186
org.apache.hadoop.hive.shims.HadoopShims_java,19,186
org.apache.hadoop.hive.ql.exec.vector.IntervalDayTimeColumnVector_java,19,186
org.apache.hadoop.hive.ql.exec.tez.TezProcessor_java,19,186
org.apache.hadoop.hive.ql.exec.MoveTask_java,19,186
org.apache.hadoop.hive.ql.udf.generic.GenericUDFPrintf_java,18,194
org.apache.hive.spark.client.metrics.ShuffleReadMetrics_java,18,194
org.apache.hadoop.hive.ql.parse.BaseSemanticAnalyzer_java,17,196
org.apache.hive.service.auth.LdapAuthenticationProviderImpl_java,17,196
org.apache.hadoop.hive.ql.txn.compactor.CompactorMR_java,17,196
org.apache.hadoop.hive.ql.exec.vector.mapjoin.fast.VectorMapJoinFastStringCommon_java,16,199
org.apache.hadoop.hive.ql.udf.generic.GenericUDAFSum_java,16,199
org.apache.hadoop.hive.ql.io.orc.encoded.EncodedReaderImpl_java,16,199
org.apache.hadoop.hive.ql.exec.vector.mapjoin.fast.VectorMapJoinFastKeyStore_java,16,199
org.apache.hadoop.hive.cli.CliDriver_java,15,203
org.apache.hive.service.cli.thrift.ThriftCLIServiceClient_java,15,203
org.apache.hive.service.cli.CLIService_java,15,203
org.apache.hive.hcatalog.listener.DbNotificationListener_java,15,203
org.apache.hive.hcatalog.mapreduce.FileOutputCommitterContainer_java,15,203
org.apache.hadoop.hive.ql.udf.generic.GenericUDFLeadLag_java,15,203
org.apache.hadoop.hive.ql.io.sarg.ConvertAstToSearchArg_java,14,209
org.apache.hadoop.hive.llap.registry.ServiceInstanceSet_java,14,209
org.apache.hive.hcatalog.common.HCatUtil_java,13,211
org.apache.hadoop.hive.ql.exec.CommonJoinOperator_java,13,211
org.apache.hive.service.cli.CLIServiceClient_java,13,211
org.apache.hadoop.hive.ql.parse.QB_java,13,211
org.apache.hadoop.hive.ql.parse.QBExpr_java,13,211
org.apache.hadoop.hive.ql.optimizer.SortedDynPartitionOptimizer_java,13,211
org.apache.hadoop.hive.ql.exec.vector.VectorizedBatchUtil_java,13,211
org.apache.hive.benchmark.vectorization.VectorizedLogicBench_java,12,218
org.apache.hadoop.hive.ql.ppd.ExprWalkerInfo_java,12,218
org.apache.hadoop.hive.ql.udf.generic.GenericUDFStringToMap_java,12,218
org.apache.hadoop.hive.ql.optimizer.physical.NullScanOptimizer_java,12,218
org.apache.hadoop.hive.serde2.lazy.LazyUtils_java,12,218
org.apache.hive.service.cli.thrift.ThriftHttpServlet_java,12,218
org.apache.hadoop.hive.ql.io.orc.OrcFileFormatProxy_java,12,218
org.apache.hadoop.hive.metastore.hbase.HBaseStore_java,12,218
org.apache.hadoop.hive.ql.QueryDisplay_java,12,218
org.apache.hadoop.hive.ql.optimizer.calcite.translator.ASTBuilder_java,12,218
org.apache.hadoop.hive.serde2.SerDeUtils_java,11,228
org.apache.hive.service.cli.thrift.ThriftHttpCLIService_java,11,228
org.apache.hadoop.hive.metastore.txn.TxnDbUtil_java,11,228
org.apache.hadoop.hive.ql.udf.generic.GenericUDAFMax_java,11,228
org.apache.hive.beeline.HiveSchemaTool_java,11,228
org.apache.hadoop.hive.ql.exec.tez.MergeFileRecordProcessor_java,10,233
org.apache.hadoop.hive.llap.cache.LowLevelCacheMemoryManager_java,10,233
org.apache.hive.service.auth.HiveAuthFactory_java,10,233
org.apache.hadoop.hive.ql.udf.generic.GenericUDAFMin_java,10,233
org.apache.hadoop.hive.llap.daemon.impl.LlapDaemon_java,10,233
org.apache.hadoop.hive.ql.udf.generic.GenericUDAFAverage_java,10,233
org.apache.hadoop.hive.ql.exec.vector.mapjoin.fast.VectorMapJoinFastTableContainer_java,10,233
org.apache.hive.hcatalog.common.HCatConstants_java,10,233
org.apache.hadoop.hive.ql.io.parquet.convert.HiveSchemaConverter_java,10,233
org.apache.hive.hcatalog.templeton.SecureProxySupport_java,10,233
org.apache.hadoop.hive.ql.io.NullRowsInputFormat_java,10,233
org.apache.hadoop.hive.ql.udf.ptf.WindowingTableFunction_java,10,233
org.apache.hadoop.hive.shims.ShimLoader_java,10,233
org.apache.hadoop.hive.ql.exec.vector.mapjoin.optimized.VectorMapJoinOptimizedHashMap_java,10,233
org.apache.hadoop.hive.ql.exec.tez.ReduceRecordSource_java,10,233
org.apache.hadoop.hive.llap.LlapBaseInputFormat_java,10,233
org.apache.hadoop.hive.llap.daemon.impl.ContainerRunnerImpl_java,10,233
org.apache.hadoop.hive.ql.plan.BaseWork_java,10,233
org.apache.hadoop.hive.ql.lockmgr.zookeeper.CuratorFrameworkSingleton_java,9,251
org.apache.hadoop.hive.ql.exec.mr.MapredLocalTask_java,9,251
org.apache.hadoop.hive.ql.exec.ReduceSinkOperator_java,9,251
org.apache.hadoop.hive.ql.parse.TezCompiler_java,9,251
org.apache.hadoop.hive.ql.exec.spark.session.SparkSessionManagerImpl_java,9,251
org.apache.hadoop.hive.ql.stats.StatsCollectionContext_java,9,251
org.apache.hadoop.hive.ql.udf.generic.GenericUDFOPDivide_java,9,251
org.apache.hadoop.hive.ql.plan.PlanUtils_java,9,251
org.apache.hadoop.hive.ql.stats.fs.FSStatsPublisher_java,9,251
org.apache.hadoop.hive.ql.QTestUtil_java,9,251
org.apache.hadoop.hive.ql.exec.SMBMapJoinOperator_java,9,251
org.apache.hadoop.hive.ql.plan.FileSinkDesc_java,9,251
org.apache.hadoop.hive.ql.hooks.ATSHook_java,9,251
org.apache.hive.spark.client.metrics.InputMetrics_java,9,251
org.apache.hive.hcatalog.streaming.StreamingConnection_java,8,265
org.apache.hadoop.hive.llap.io.metadata.OrcStripeMetadata_java,8,265
org.apache.hive.spark.client.MetricsCollection_java,8,265
org.apache.hadoop.hive.ql.lockmgr.HiveLockObject_java,8,265
org.apache.hadoop.hive.common.type.HiveDecimal_java,8,265
org.apache.hive.hcatalog.streaming.TransactionBatch_java,8,265
org.apache.hadoop.hive.ql.exec.vector.expressions.ConstantVectorExpression_java,8,265
org.apache.hadoop.hive.ql.exec.vector.mapjoin.hashtable.VectorMapJoinHashTableResult_java,8,265
org.apache.hive.common.util.BloomFilter_java,8,265
org.apache.hadoop.hive.ql.exec.StatsNoJobTask_java,8,265
org.apache.hadoop.hive.ql.io.orc.VectorizedOrcInputFormat_java,8,265
org.apache.hive.service.cli.thrift.RetryingThriftCLIServiceClient_java,8,265
org.apache.hadoop.hive.ql.txn.AcidOpenTxnsCounterService_java,8,265
org.apache.hadoop.hive.ql.exec.vector.mapjoin.fast.VectorMapJoinFastBytesHashTable_java,8,265
org.apache.hadoop.hive.ql.udf.UDFDateFloor_java,8,265
org.apache.hive.service.cli.ColumnValue_java,7,280
org.apache.hadoop.hive.ql.security.authorization.plugin.sqlstd.Operation2Privilege_java,7,280
org.apache.hadoop.hive.ql.parse.ExplainSemanticAnalyzer_java,7,280
org.apache.hadoop.hive.llap.registry.impl.LlapFixedRegistryImpl_java,7,280
org.apache.hadoop.hive.ql.ppd.ExprWalkerProcFactory_java,7,280
org.apache.hadoop.hive.llap.cache.LowLevelCacheImpl_java,7,280
org.apache.hadoop.hive.ql.exec.MapOperator_java,7,280
org.apache.hadoop.hive.ql.parse.PTFTranslator_java,7,280
org.apache.hadoop.hive.common.ValidTxnList_java,7,280
org.apache.hive.common.util.HiveVersionInfo_java,6,289
org.apache.hadoop.hive.ql.udf.generic.GenericUDFMapValues_java,6,289
org.apache.hadoop.hive.ql.exec.vector.VectorExpressionDescriptor_java,6,289
org.apache.hadoop.hive.llap.io.decode.OrcColumnVectorProducer_java,6,289
org.apache.hadoop.hive.llap.io.metadata.OrcFileEstimateErrors_java,6,289
org.apache.hadoop.hive.metastore.HiveMetaStoreClient_java,6,289
org.apache.hive.http.HttpServer_java,6,289
org.apache.hadoop.hive.ql.udf.UDFRand_java,6,289
org.apache.hadoop.hive.ql.exec.spark.LocalHiveSparkClient_java,6,289
org.apache.hadoop.hive.ql.plan.ExprNodeDescUtils_java,6,289
org.apache.hadoop.hive.ql.parse.ParseUtils_java,6,289
org.apache.hadoop.hive.ql.io.orc.OrcFile_java,6,289
org.apache.hive.beeline.BeeLineOpts_java,6,289
org.apache.hive.service.cli.session.SessionManager_java,6,289
org.apache.hadoop.hive.metastore.RetryingHMSHandler_java,6,289
org.apache.hive.spark.client.metrics.Metrics_java,6,289
org.apache.hadoop.hive.ql.parse.TaskCompiler_java,5,305
org.apache.hive.service.cli.EmbeddedCLIServiceClient_java,5,305
org.apache.hadoop.hive.hbase.HiveHBaseTableInputFormat_java,5,305
org.apache.hadoop.hive.ql.exec.spark.RemoteHiveSparkClient_java,5,305
org.apache.hadoop.hive.ql.util.ResourceDownloader_java,5,305
org.apache.hadoop.hive.common.DiskRangeInfo_java,5,305
org.apache.hadoop.hive.serde2.objectinspector.primitive.PrimitiveObjectInspectorUtils_java,5,305
org.apache.hadoop.hive.llap.io.decode.ColumnVectorProducer_java,5,305
org.apache.hive.jdbc.HiveQueryResultSet_java,5,305
org.apache.hive.beeline.BufferedRows_java,5,305
org.apache.hadoop.hive.ql.exec.ObjectCacheFactory_java,5,305
org.apache.hadoop.hive.ql.metadata.formatting.TextMetaDataFormatter_java,5,305
org.apache.hadoop.hive.llap.security.SigningSecretManager_java,4,317
org.apache.hadoop.hive.ql.exec.vector.mapjoin.hashtable.VectorMapJoinHashMapResult_java,4,317
org.apache.hadoop.hive.serde2.typeinfo.HiveDecimalUtils_java,4,317
org.apache.hadoop.hive.ql.optimizer.GenMRTableScan1_java,4,317
org.apache.hadoop.hive.llap.security.LlapTokenClient_java,4,317
org.apache.hadoop.hive.llap.counters.QueryFragmentCounters_java,4,317
org.apache.hive.hcatalog.templeton.tool.TempletonUtils_java,4,317
org.apache.hive.spark.client.metrics.ShuffleWriteMetrics_java,4,317
org.apache.hadoop.hive.ql.exec.FetchTask_java,4,317
org.apache.hive.spark.client.RemoteDriver_java,4,317
org.apache.hive.ptest.api.server.ExecutionController_java,4,317
org.apache.hadoop.hive.common.metrics.common.MetricsConstant_java,4,317
org.apache.hive.spark.client.rpc.RpcConfiguration_java,4,317
org.apache.hadoop.hive.ql.exec.spark.status.impl.JobMetricsListener_java,4,317
org.apache.hadoop.hive.ql.exec.MapredContext_java,4,317
org.apache.hadoop.hive.ql.exec.vector.VectorExtractRow_java,4,317
org.apache.hadoop.hive.llap.cache.EvictionDispatcher_java,4,317
org.apache.hive.jdbc.miniHS2.MiniHS2_java,4,317
org.apache.hadoop.hive.ql.exec.WindowFunctionInfo_java,4,317
org.apache.hadoop.hive.ql.exec.FetchOperator_java,4,317
org.apache.hadoop.hive.ql.plan.HiveOperation_java,4,317
org.apache.hadoop.hive.serde2.lazy.LazyDate_java,4,317
org.apache.hive.beeline.TableOutputFormat_java,4,317
org.apache.hadoop.hive.conf.Constants_java,4,317
org.apache.hive.common.HiveVersionAnnotation_java,4,317
org.apache.hadoop.hive.ql.optimizer.physical.NullScanTaskDispatcher_java,4,317
org.apache.hadoop.hive.serde2.lazy.LazyTimestamp_java,4,317
org.apache.hadoop.hive.ql.io.orc.OrcRawRecordMerger_java,4,317
org.apache.hadoop.hive.ql.util.JavaDataModel_java,4,317
org.apache.hadoop.hive.llap.io.decode.ReadPipeline_java,3,346
org.apache.hadoop.hive.ql.exec.vector.VectorMapJoinBaseOperator_java,3,346
org.apache.hadoop.hive.serde2.typeinfo.TypeInfoUtils_java,3,346
org.apache.hadoop.hive.llap.cache.LowLevelCache_java,3,346
org.apache.hadoop.hive.ql.ErrorMsg_java,3,346
org.apache.hadoop.hive.ql.exec.vector.VectorGroupByOperator_java,3,346
org.apache.hive.service.cli.session.HiveSession_java,3,346
org.apache.hadoop.hive.llap.cache.MemoryManager_java,3,346
org.apache.hadoop.hive.llap.LlapOutputFormat_java,3,346
org.apache.hadoop.hive.ql.parse.QBSubQuery_java,3,346
org.apache.hive.service.cli.session.HiveSessionImplwithUGI_java,3,346
org.apache.hadoop.hive.ql.udf.generic.GenericUDFAbs_java,3,346
org.apache.hadoop.hive.ql.exec.vector.VectorSMBMapJoinOperator_java,3,346
org.apache.hadoop.hive.ql.index.HiveIndexResult_java,3,346
org.apache.hadoop.hive.ql.parse.SemanticAnalyzerFactory_java,3,346
org.apache.hadoop.hive.ql.exec.vector.expressions.FilterStringColLikeStringScalar_java,3,346
org.apache.hadoop.hive.ql.optimizer.calcite.translator.SqlFunctionConverter_java,2,362
org.apache.hadoop.hive.llap.cache.LowLevelCachePolicy_java,2,362
org.apache.hadoop.hive.llap.daemon.impl.TaskExecutorTestHelpers_java,2,362
org.apache.hive.jdbc.miniHS2.AbstractHiveService_java,2,362
org.apache.hive.service.cli.operation.ExecuteStatementOperation_java,2,362
org.apache.hadoop.hive.llap.daemon.services.impl.LlapWebServices_java,2,362
org.apache.hadoop.hive.ql.util.DependencyResolver_java,2,362
org.apache.hadoop.hive.ql.udf.UDFYear_java,2,362
org.apache.hadoop.hive.ql.udf.UDFToInteger_java,2,362
org.apache.hadoop.hive.ql.io.orc.OrcNewInputFormat_java,2,362
org.apache.hadoop.hive.metastore.events.PreDropTableEvent_java,2,362
org.apache.hadoop.hive.ql.ppd.OpProcFactory_java,2,362
org.apache.hadoop.hive.ql.txn.compactor.HouseKeeperServiceBase_java,2,362
org.apache.hadoop.hive.ql.log.PerfLogger_java,2,362
org.apache.hadoop.hive.ql.io.merge.MergeFileTask_java,2,362
org.apache.hadoop.hive.serde2.VerifyFast_java,2,362
org.apache.hadoop.hive.ql.udf.UDFToShort_java,2,362
org.apache.hive.hcatalog.messaging.MessageFactory_java,2,362
org.apache.hadoop.hive.common.metrics.MetricsTestUtils_java,2,362
org.apache.hadoop.hive.ql.exec.vector.VectorMapJoinOperator_java,2,362
org.apache.hive.service.cli.operation.MetadataOperation_java,2,362
org.apache.hadoop.hive.ql.exec.vector.mapjoin.fast.VectorMapJoinFastBytesHashMultiSet_java,2,362
org.apache.hive.service.cli.operation.SQLOperationDisplay_java,2,362
org.apache.hadoop.hive.ql.processors.ReloadProcessor_java,2,362
org.apache.hadoop.hive.ql.optimizer.calcite.reloperators.HiveTableScan_java,2,362
org.apache.hadoop.hive.ql.exec.vector.mapjoin.fast.VectorMapJoinFastHashTable_java,2,362
org.apache.hadoop.hive.metastore.IMetaStoreClient_java,2,362
org.apache.hadoop.hive.ql.metadata.Table_java,2,362
org.apache.hadoop.hive.ql.exec.tez.CustomPartitionVertex_java,2,362
org.apache.hadoop.hive.metastore.events.PreDropPartitionEvent_java,2,362
org.apache.hadoop.hive.ql.processors.CommandProcessorFactory_java,2,362
org.apache.hadoop.hive.ql.exec.vector.expressions.CastDecimalToLong_java,2,362
org.apache.hadoop.hive.ql.io.rcfile.truncate.ColumnTruncateTask_java,2,362
org.apache.hadoop.hive.metastore.events.DropTableEvent_java,2,362
org.apache.hadoop.hive.ql.exec.SerializationUtilities_java,2,362
org.apache.hadoop.hive.ql.exec.vector.mapjoin.fast.VectorMapJoinFastBytesHashSet_java,2,362
org.apache.hadoop.hive.ql.udf.UDFMonth_java,2,362
org.apache.hadoop.hive.ql.udf.UDFToLong_java,2,362
org.apache.hadoop.hive.ql.udf.UDFWeekOfYear_java,2,362
org.apache.hive.hcatalog.cli.HCatCli_java,2,362
org.apache.hadoop.hive.ql.exec.UnionOperator_java,2,362
org.apache.hadoop.hive.ql.udf.UDFDayOfMonth_java,2,362
org.apache.hadoop.hive.ql.exec.tez.RecordProcessor_java,2,362
org.apache.hadoop.hive.ql.exec.vector.mapjoin.fast.VectorMapJoinFastBytesHashMap_java,2,362
org.apache.hadoop.hive.ql.exec.ExplainTask_java,2,362
org.apache.hadoop.hive.ql.io.rcfile.stats.PartialScanTask_java,2,362
org.apache.hadoop.hive.ql.exec.spark.HiveReduceFunction_java,2,362
org.apache.hadoop.hive.serde2.fast.SerializeWrite_java,2,362
org.apache.hadoop.hive.ql.exec.tez.HashTableLoader_java,2,362
org.apache.hadoop.hive.ql.exec.spark.HiveMapFunction_java,2,362
org.apache.hive.service.cli.thrift.ThriftCliServiceTestWithCookie_java,1,412
org.apache.hadoop.hive.ql.exec.PTFOperator_java,1,412
org.apache.hadoop.hive.llap.cache.SimpleAllocator_java,1,412
org.apache.hadoop.hive.ql.udf.generic.GenericUDTFGetSplits_java,1,412
org.apache.hadoop.hive.metastore.IExtrapolatePartStatus_java,1,412
org.apache.hadoop.hive.ql.exec.Operator_java,1,412
org.apache.hadoop.hive.metastore.txn.CompactionInfo_java,1,412
org.apache.hadoop.hive.ql.exec.vector.mapjoin.VectorMapJoinCommonOperator_java,1,412
