file,bugChurn,rank
org.apache.hadoop.hive.metastore.api.ThriftHiveMetastore_java,3139,1
org.apache.hadoop.hive.metastore.Metastore_java,1331,2
org.apache.hadoop.hive.llap.daemon.rpc.LlapDaemonProtocolProtos_java,1059,3
org.apache.hadoop.hive.metastore.txn.TxnHandler_java,934,4
org.apache.hadoop.hive.ql.io.orc.OrcInputFormat_java,889,5
org.apache.hadoop.hive.metastore.api.TableMeta_java,701,6
org.apache.hadoop.hive.ql.exec.tez.TezSessionPoolManager_java,648,7
org.apache.hadoop.hive.ql.optimizer.calcite.stats.HiveRelMdPredicates_java,645,8
org.apache.hadoop.hive.metastore.txn.CompactionTxnHandler_java,626,9
org.apache.hadoop.hive.ql.io.orc.WriterImpl_java,550,10
org.apache.hadoop.hive.ql.optimizer.PartitionColumnsSeparator_java,525,11
org.apache.hadoop.hive.conf.HiveConf_java,469,12
org.apache.hadoop.hive.ql.parse.SemanticAnalyzer_java,461,13
org.apache.hadoop.hive.ql.optimizer.stats.annotation.StatsRulesProcFactory_java,408,14
org.apache.hadoop.hive.ql.exec.DDLTask_java,380,15
org.apache.hadoop.hive.ql.parse.CalcitePlanner_java,358,16
org.apache.hadoop.hive.ql.metadata.Hive_java,347,17
org.apache.hadoop.hive.ql.exec.tez.TezSessionState_java,307,18
org.apache.hadoop.hive.ql.exec.SerializationUtilities_java,302,19
org.apache.hive.hcatalog.streaming.HiveEndPoint_java,283,20
org.apache.hadoop.hive.metastore.ObjectStore_java,279,21
org.apache.hadoop.hive.ql.io.HiveFileFormatUtils_java,261,22
org.apache.hadoop.hive.metastore.HiveMetaStore_java,260,23
org.apache.hadoop.hive.ql.stats.StatsUtils_java,256,24
org.apache.hadoop.hive.metastore.api.GetFileMetadataByExprRequest_java,252,25
org.apache.hadoop.hive.ql.parse.DDLSemanticAnalyzer_java,246,26
org.apache.hadoop.hive.ql.optimizer.calcite.rules.HivePreFilteringRule_java,240,27
org.apache.hadoop.hive.ql.exec.vector.VectorizationContext_java,228,28
org.apache.hadoop.hive.llap.cli.LlapServiceDriver_java,219,29
org.apache.hadoop.hive.metastore.MetaStoreDirectSql_java,216,30
org.apache.hadoop.hive.ql.optimizer.physical.Vectorizer_java,213,31
org.apache.hadoop.hive.common.StatsSetupConst_java,211,32
org.apache.hadoop.hive.llap.tezplugins.LlapTaskCommunicator_java,209,33
org.apache.hadoop.hive.ql.optimizer.calcite.HiveRelFactories_java,206,34
org.apache.hadoop.hive.ql.exec.Utilities_java,205,35
org.apache.hadoop.hive.ql.exec.tez.TezTask_java,194,36
org.apache.hadoop.hive.ql.QTestUtil_java,190,37
org.apache.hadoop.hive.ql.parse.ASTNode_java,186,38
org.apache.hadoop.hive.ql.io.orc.encoded.EncodedReaderImpl_java,182,39
org.apache.hadoop.hive.ql.exec.PTFUtils_java,180,40
org.apache.hadoop.hive.ql.exec.vector.expressions.FilterStructColumnInList_java,178,41
org.apache.hadoop.hive.ql.optimizer.calcite.HiveCalciteUtil_java,177,42
org.apache.hadoop.hive.ql.lockmgr.DbTxnManager_java,176,43
org.apache.hadoop.hive.ql.exec.vector.expressions.StructColumnInList_java,174,44
org.apache.hadoop.hive.ql.optimizer.StatsOptimizer_java,170,45
org.apache.hadoop.hive.llap.io.encoded.OrcEncodedDataReader_java,165,46
org.apache.hadoop.hive.metastore.hbase.HBaseStore_java,162,47
org.apache.hadoop.hive.ql.io.orc.encoded.EncodedTreeReaderFactory_java,161,48
org.apache.hadoop.hive.metastore.HiveMetaStoreClient_java,159,49
org.apache.hadoop.hive.ql.optimizer.DynamicPartitionPruningOptimization_java,152,50
org.apache.hadoop.hive.ql.io.orc.OrcOutputFormat_java,145,51
org.apache.hadoop.hive.ql.optimizer.calcite.rules.HiveJoinPushTransitivePredicatesRule_java,143,52
org.apache.hadoop.hive.ql.session.SessionState_java,141,53
org.apache.hadoop.hive.llap.cache.BuddyAllocator_java,139,54
org.apache.hive.jdbc.HiveConnection_java,138,55
org.apache.hadoop.hive.ql.exec.tez.DagUtils_java,136,56
org.apache.hadoop.hive.ql.Driver_java,133,57
org.apache.hadoop.hive.metastore.filemeta.OrcFileMetadataHandler_java,126,58
org.apache.hadoop.hive.ql.txn.compactor.CompactorMR_java,126,58
org.apache.hive.hcatalog.streaming.AbstractRecordWriter_java,125,60
org.apache.hadoop.hive.ql.optimizer.calcite.rules.HiveJoinAddNotNullRule_java,122,61
org.apache.hadoop.hive.llap.cache.SimpleAllocator_java,116,62
org.apache.hadoop.hive.ql.lockmgr.DbLockManager_java,116,62
org.apache.hadoop.hive.hbase.HiveHBaseTableInputFormat_java,115,64
org.apache.hadoop.hive.ql.udf.generic.GenericUDFBaseNwayCompare_java,115,64
org.apache.hadoop.hive.llap.daemon.impl.QueryTracker_java,114,66
org.apache.hadoop.hive.ql.optimizer.calcite.rules.HiveFilterProjectTSTransposeRule_java,113,67
org.apache.hadoop.hive.llap.io.api.LlapProxy_java,111,68
org.apache.hadoop.hive.llap.cache.LowLevelLrfuCachePolicy_java,104,69
org.apache.hadoop.hive.common.FileUtils_java,104,69
org.apache.hadoop.hive.ql.optimizer.ConvertJoinMapJoin_java,103,71
org.apache.hadoop.hive.ql.exec.tez.DynamicPartitionPruner_java,97,72
org.apache.hadoop.hive.ql.txn.compactor.HouseKeeperServiceBase_java,92,73
org.apache.hadoop.hive.llap.security.SecretManager_java,91,74
org.apache.hadoop.hive.ql.optimizer.PointLookupOptimizer_java,90,75
org.apache.hadoop.hive.ql.io.parquet.ProjectionPusher_java,87,76
org.apache.hadoop.hive.llap.daemon.impl.TaskExecutorService_java,85,77
org.apache.hadoop.hive.metastore.api.FileMetadataExprType_java,84,78
org.apache.hadoop.hive.ql.txn.AcidCompactionHistoryService_java,83,79
org.apache.hadoop.hive.llap.security.LlapTokenIdentifier_java,82,80
org.apache.hadoop.hive.ql.security.authorization.DefaultHiveAuthorizationTranslator_java,81,81
org.apache.hadoop.hive.ql.io.AcidUtils_java,80,82
org.apache.hadoop.hive.llap.cache.LowLevelCacheMemoryManager_java,80,82
org.apache.hadoop.hive.llap.security.LlapServerSecurityInfo_java,78,84
org.apache.hadoop.hive.llap.cache.SimpleBufferManager_java,78,84
org.apache.hadoop.hive.llap.io.api.impl.LlapIoImpl_java,76,86
org.apache.hadoop.hive.ql.udf.generic.GenericUDFGreatest_java,75,87
org.apache.hadoop.hive.ql.exec.MoveTask_java,74,88
org.apache.hadoop.hive.ql.exec.vector.mapjoin.VectorMapJoinLeftSemiMultiKeyOperator_java,71,89
org.apache.hadoop.hive.ql.exec.vector.mapjoin.VectorMapJoinInnerBigOnlyLongOperator_java,71,89
org.apache.hadoop.hive.ql.exec.vector.mapjoin.VectorMapJoinInnerLongOperator_java,71,89
org.apache.hadoop.hive.ql.exec.vector.mapjoin.VectorMapJoinLeftSemiLongOperator_java,71,89
org.apache.hadoop.hive.ql.exec.UDFClassLoader_java,70,93
org.apache.hadoop.hive.ql.txn.AcidHouseKeeperService_java,70,93
org.apache.hadoop.hive.serde2.WriteBuffers_java,69,95
org.apache.hadoop.hive.ql.exec.vector.mapjoin.VectorMapJoinInnerMultiKeyOperator_java,69,95
org.apache.hadoop.hive.ql.exec.vector.mapjoin.VectorMapJoinInnerBigOnlyMultiKeyOperator_java,69,95
org.apache.hadoop.hive.llap.daemon.impl.QueryInfo_java,69,95
org.apache.hadoop.hive.serde2.objectinspector.ObjectInspectorUtils_java,68,99
org.apache.hadoop.hive.ql.io.sarg.ConvertAstToSearchArg_java,67,100
org.apache.hadoop.hive.ql.optimizer.correlation.ReduceSinkDeDuplication_java,67,100
org.apache.hadoop.hive.ql.metadata.SessionHiveMetaStoreClient_java,66,102
org.apache.hadoop.hive.ql.exec.vector.mapjoin.VectorMapJoinInnerStringOperator_java,66,102
org.apache.hadoop.hive.ql.exec.vector.mapjoin.VectorMapJoinInnerBigOnlyStringOperator_java,65,104
org.apache.hadoop.hive.conf.Validator_java,65,104
org.apache.hadoop.hive.ql.exec.vector.mapjoin.VectorMapJoinLeftSemiStringOperator_java,65,104
org.apache.hadoop.hive.llap.daemon.impl.LlapDaemon_java,64,107
org.apache.hadoop.hive.ql.io.orc.ReaderImpl_java,64,107
org.apache.hadoop.hive.ql.optimizer.pcr.PcrExprProcFactory_java,64,107
org.apache.hadoop.hive.ql.stats.StatsCollectionContext_java,63,110
org.apache.hadoop.hive.metastore.txn.CompactionInfo_java,63,110
org.apache.hadoop.hive.ql.security.FolderPermissionBase_java,63,110
org.apache.hadoop.hive.ql.parse.LoadSemanticAnalyzer_java,61,113
org.apache.hadoop.hive.ql.io.HiveInputFormat_java,61,113
org.apache.hadoop.hive.metastore.FileMetadataHandler_java,60,115
org.apache.hadoop.hive.ql.udf.generic.GenericUDFFromUtcTimestamp_java,59,116
org.apache.hadoop.hive.ql.optimizer.GenMapRedUtils_java,59,116
org.apache.hadoop.hive.ql.log.PerfLogger_java,57,118
org.apache.hive.spark.client.rpc.RpcConfiguration_java,57,118
org.apache.hive.common.util.ShutdownHookManager_java,57,118
org.apache.hive.hcatalog.streaming.DelimitedInputWriter_java,56,121
org.apache.hadoop.hive.ql.exec.StatsTask_java,56,121
org.apache.hadoop.hive.metastore.VerifyingObjectStore_java,56,121
org.apache.hadoop.hive.accumulo.HiveAccumuloHelper_java,55,124
org.apache.hive.service.cli.thrift.ThreadPoolExecutorWithOomHook_java,55,124
org.apache.hadoop.hive.ql.exec.persistence.HybridHashTableContainer_java,54,126
org.apache.hadoop.hive.llap.security.LlapTokenSelector_java,53,127
org.apache.hadoop.hive.metastore.hbase.HBaseReadWrite_java,51,128
org.apache.hadoop.hive.serde2.lazydio.LazyDioBinary_java,51,128
org.apache.hadoop.hive.ql.io.orc.RecordReaderImpl_java,50,130
org.apache.hadoop.hive.ql.security.authorization.AuthorizationUtils_java,50,130
org.apache.hadoop.hive.metastore.IMetaStoreClient_java,50,130
org.apache.hadoop.hive.ql.metadata.Table_java,50,130
org.apache.hadoop.hive.metastore.RawStore_java,50,130
org.apache.hive.service.cli.operation.GetTablesOperation_java,50,130
org.apache.hadoop.hive.accumulo.mr.HiveAccumuloTableOutputFormat_java,50,130
org.apache.hive.service.cli.session.HiveSessionImpl_java,49,137
org.apache.hadoop.hive.metastore.MetaStoreSchemaInfo_java,49,137
org.apache.hive.service.cli.operation.ClassicTableTypeMapping_java,48,139
org.apache.hive.hcatalog.streaming.StrictJsonWriter_java,48,139
org.apache.hadoop.hive.ql.optimizer.calcite.stats.FilterSelectivityEstimator_java,48,139
org.apache.hadoop.hive.ql.optimizer.calcite.reloperators.HiveProject_java,47,142
org.apache.hadoop.hive.ql.optimizer.calcite.reloperators.HiveTableScan_java,46,143
org.apache.hadoop.hive.ql.security.authorization.plugin.HiveAuthorizationTranslator_java,46,143
org.apache.hadoop.hive.ql.optimizer.calcite.rules.HiveFilterAggregateTransposeRule_java,45,145
org.apache.hadoop.hive.ql.exec.tez.MapRecordProcessor_java,45,145
org.apache.hadoop.hive.ql.exec.Operator_java,44,147
org.apache.hadoop.hive.ql.optimizer.ConstantPropagateProcFactory_java,43,148
org.apache.hadoop.hive.metastore.MetaStoreUtils_java,43,148
org.apache.hadoop.hive.ql.optimizer.calcite.HivePlannerContext_java,43,148
org.apache.hadoop.hive.ql.exec.FileSinkOperator_java,43,148
org.apache.hadoop.hive.ql.exec.mr.MapredLocalTask_java,42,152
org.apache.hadoop.hive.llap.tezplugins.LlapUmbilicalPolicyProvider_java,42,152
org.apache.hadoop.hive.ql.io.orc.OrcRecordUpdater_java,42,152
org.apache.hadoop.hive.ql.plan.MapWork_java,42,152
org.apache.hadoop.hive.ql.exec.ReduceSinkOperator_java,41,156
org.apache.hadoop.hive.ql.security.authorization.plugin.HiveAuthorizerImpl_java,41,156
org.apache.hive.jdbc.ZooKeeperHiveClientHelper_java,41,156
org.apache.hadoop.hive.ql.security.authorization.plugin.AbstractHiveAuthorizer_java,41,156
org.apache.hadoop.hive.ql.io.orc.OrcFile_java,41,156
org.apache.hadoop.hive.ql.optimizer.calcite.reloperators.HiveJoin_java,40,161
org.apache.hadoop.hive.ql.optimizer.calcite.rules.HiveSortMergeRule_java,40,161
org.apache.hadoop.hive.metastore.StatObjectConverter_java,40,161
org.apache.hadoop.hive.ql.optimizer.calcite.rules.HiveAggregateJoinTransposeRule_java,40,161
org.apache.hadoop.hive.ql.optimizer.ppr.PartitionExpressionForMetastore_java,40,161
org.apache.hadoop.hive.llap.io.api.impl.LlapInputFormat_java,39,166
org.apache.hadoop.hive.ql.exec.spark.session.SparkSessionImpl_java,39,166
org.apache.hadoop.hive.llap.cache.BufferUsageManager_java,39,166
org.apache.hadoop.hive.serde2.lazy.LazySimpleSerDe_java,38,169
org.apache.hadoop.hive.llap.security.LlapDaemonPolicyProvider_java,38,169
org.apache.hadoop.hive.ql.plan.PlanUtils_java,38,169
org.apache.hadoop.hive.ql.optimizer.calcite.rules.HiveJoinProjectTransposeRule_java,36,172
org.apache.hadoop.hive.ql.exec.vector.expressions.IStructInExpr_java,36,172
org.apache.hive.beeline.BeeLine_java,36,172
org.apache.hadoop.hive.ql.exec.vector.mapjoin.VectorMapJoinCommonOperator_java,36,172
org.apache.hadoop.hive.llap.daemon.services.impl.LlapWebServices_java,35,176
org.apache.hadoop.hive.ql.exec.mr.ExecDriver_java,35,176
org.apache.hadoop.hive.llap.cli.LlapOptionsProcessor_java,35,176
org.apache.hadoop.hive.ql.parse.RowResolver_java,35,176
org.apache.hadoop.hive.ql.security.authorization.plugin.HiveAuthorizer_java,35,176
org.apache.hadoop.hive.ql.plan.TableScanDesc_java,34,181
org.apache.hadoop.hive.ql.exec.MapOperator_java,34,181
org.apache.hive.beeline.HiveSchemaTool_java,34,181
org.apache.hive.jdbc.Utils_java,33,184
org.apache.hadoop.hive.ql.optimizer.correlation.CorrelationUtilities_java,33,184
org.apache.hadoop.hive.ql.io.sarg.SearchArgumentImpl_java,33,184
org.apache.hadoop.hive.ql.ppd.OpProcFactory_java,32,187
org.apache.hadoop.hive.serde2.avro.AvroSerDe_java,32,187
org.apache.hadoop.hive.ql.stats.fs.FSStatsPublisher_java,32,187
org.apache.hive.service.cli.operation.SQLOperation_java,31,190
org.apache.hadoop.hive.ql.ErrorMsg_java,31,190
org.apache.hadoop.hive.serde2.avro.AvroSerdeUtils_java,31,190
org.apache.hadoop.hive.ql.io.orc.OrcRawRecordMerger_java,31,190
org.apache.hadoop.hive.shims.Hadoop23Shims_java,30,194
org.apache.hadoop.hive.ql.exec.vector.mapjoin.fast.VectorMapJoinFastTableContainer_java,30,194
org.apache.hadoop.hive.ql.io.orc.OrcSplit_java,30,194
org.apache.hadoop.hive.ql.exec.vector.mapjoin.VectorMapJoinGenerateResultOperator_java,30,194
org.apache.hadoop.hive.ql.exec.tez.HashTableLoader_java,30,194
org.apache.hadoop.hive.ql.processors.SetProcessor_java,30,194
org.apache.hadoop.hive.ql.exec.MapJoinOperator_java,29,200
org.apache.hadoop.hive.ql.optimizer.calcite.rules.HiveRulesRegistry_java,29,200
org.apache.hadoop.hive.metastore.txn.TxnDbUtil_java,28,202
org.apache.hadoop.hive.ql.io.orc.VectorizedOrcInputFormat_java,28,202
org.apache.hadoop.hive.ql.udf.generic.NDV_java,27,204
org.apache.hadoop.hive.ql.optimizer.SkewJoinOptimizer_java,27,204
org.apache.hadoop.hive.ql.security.authorization.plugin.HiveV1Authorizer_java,27,204
org.apache.hadoop.hive.ql.io.LlapAwareSplit_java,27,204
org.apache.hadoop.hive.ql.optimizer.calcite.reloperators.HiveSemiJoin_java,27,204
org.apache.hadoop.hive.ql.exec.spark.RemoteHiveSparkClient_java,27,204
org.apache.hadoop.hive.ql.plan.FileSinkDesc_java,26,210
org.apache.hadoop.hive.ql.optimizer.ppr.PartitionPruner_java,26,210
org.apache.hive.service.cli.operation.HiveCommandOperation_java,26,210
org.apache.hadoop.hive.ql.parse.SubQueryUtils_java,25,213
org.apache.hadoop.hive.ql.optimizer.lineage.OpProcFactory_java,25,213
org.apache.hadoop.hive.ql.hooks.ATSHook_java,25,213
org.apache.hadoop.hive.ql.optimizer.calcite.translator.PlanModifierForASTConv_java,24,216
org.apache.hadoop.hive.ql.optimizer.calcite.RelOptHiveTable_java,24,216
org.apache.hadoop.hive.metastore.model.MPartitionColumnStatistics_java,24,216
org.apache.hadoop.hive.ql.exec.persistence.MapJoinBytesTableContainer_java,24,216
org.apache.hadoop.hive.metastore.DummyRawStoreControlledCommit_java,24,216
org.apache.hadoop.hive.llap.io.decode.OrcColumnVectorProducer_java,24,216
org.apache.hive.service.server.HiveServer2_java,24,216
org.apache.hive.service.cli.thrift.ThriftCLIService_java,23,223
org.apache.hadoop.hive.cli.CliDriver_java,23,223
org.apache.hadoop.hive.ql.exec.vector.expressions.VectorCoalesce_java,23,223
org.apache.hadoop.hive.metastore.DummyRawStoreForJdoConnection_java,23,223
org.apache.hadoop.hive.ql.ppd.ExprWalkerInfo_java,23,223
org.apache.hadoop.hive.ql.stats.fs.FSStatsAggregator_java,23,223
org.apache.hadoop.hive.ql.optimizer.ConstantPropagateProcCtx_java,23,223
org.apache.hive.service.cli.operation.MetadataOperation_java,23,223
org.apache.hadoop.hive.ql.io.HdfsUtils_java,23,223
org.apache.hadoop.hive.ql.plan.PTFDesc_java,22,232
org.apache.hadoop.hive.ql.io.avro.AvroGenericRecordReader_java,22,232
org.apache.hadoop.hive.ql.parse.TypeCheckProcFactory_java,22,232
org.apache.hadoop.hive.ql.exec.vector.expressions.NullUtil_java,21,235
org.apache.hadoop.hive.ql.exec.OperatorUtils_java,21,235
org.apache.hadoop.hive.hbase.HiveHBaseTableSnapshotInputFormat_java,21,235
org.apache.hadoop.hive.ql.txn.compactor.Initiator_java,20,238
org.apache.hadoop.hive.ql.udf.generic.GenericUDFLpad_java,20,238
org.apache.hadoop.hive.ql.optimizer.calcite.reloperators.HiveAggregate_java,20,238
org.apache.hadoop.hive.ql.exec.OrcFileMergeOperator_java,20,238
org.apache.hadoop.hive.ql.exec.KeyWrapperFactory_java,20,238
org.apache.hadoop.hive.metastore.PartitionExpressionProxy_java,20,238
org.apache.hadoop.hive.ql.udf.generic.GenericUDFBasePad_java,19,244
org.apache.hive.service.cli.operation.HiveTableTypeMapping_java,19,244
org.apache.hadoop.hive.ql.plan.ExprNodeGenericFuncDesc_java,19,244
org.apache.hadoop.hive.ql.plan.StatsWork_java,19,244
org.apache.hadoop.hive.ql.exec.spark.HiveSparkClientFactory_java,19,244
org.apache.hive.service.cli.operation.Operation_java,19,244
org.apache.hive.service.auth.LdapAuthenticationProviderImpl_java,19,244
org.apache.hadoop.hive.common.ServerUtils_java,19,244
org.apache.hadoop.hive.hbase.HBaseTestSetup_java,18,252
org.apache.hadoop.hive.ql.exec.tez.LlapObjectCache_java,18,252
org.apache.hadoop.hive.ql.optimizer.calcite.rules.HiveExpandDistinctAggregatesRule_java,18,252
org.apache.hadoop.hive.ql.optimizer.calcite.reloperators.HiveUnion_java,18,252
org.apache.hadoop.hive.ql.exec.vector.expressions.VectorUDFDateDiffScalarCol_java,17,256
org.apache.hadoop.hive.ql.optimizer.calcite.reloperators.HiveSortLimit_java,17,256
org.apache.hadoop.hive.ql.optimizer.calcite.rules.HiveRelFieldTrimmer_java,17,256
org.apache.hive.service.auth.PamAuthenticationProviderImpl_java,17,256
org.apache.hadoop.hive.ql.exec.vector.mapjoin.fast.VectorMapJoinFastKeyStore_java,17,256
org.apache.hadoop.hive.ql.udf.generic.GenericUDFRpad_java,16,261
org.apache.hive.hcatalog.streaming.mutate.worker.BucketIdResolverImpl_java,16,261
org.apache.hadoop.hive.ql.optimizer.calcite.reloperators.HiveFilter_java,16,261
org.apache.hadoop.hive.ql.exec.spark.SparkPlanGenerator_java,16,261
org.apache.hadoop.hive.ql.txn.compactor.Worker_java,16,261
org.apache.hadoop.hive.ql.exec.mr.HadoopJobExecHelper_java,16,261
org.apache.hive.hcatalog.data.schema.HCatSchemaUtils_java,16,261
org.apache.hadoop.hive.metastore.model.MTableColumnStatistics_java,16,261
org.apache.hadoop.hive.ql.exec.persistence.HashMapWrapper_java,16,261
org.apache.hadoop.hive.ql.exec.vector.expressions.VectorUDFDateDiffColScalar_java,15,270
org.apache.hadoop.hive.ql.stats.DummyStatsPublisher_java,15,270
org.apache.hive.service.cli.operation.ExecuteStatementOperation_java,15,270
org.apache.hadoop.hive.ql.exec.vector.VectorCopyRow_java,15,270
org.apache.hadoop.hive.ql.exec.FunctionRegistry_java,15,270
org.apache.hadoop.hive.ql.metadata.Partition_java,15,270
org.apache.hadoop.hive.ql.plan.DynamicPruningEventDesc_java,15,270
org.apache.hadoop.hive.ql.io.parquet.serde.ArrayWritableObjectInspector_java,15,270
org.apache.hadoop.hive.ql.exec.vector.VectorSMBMapJoinOperator_java,15,270
org.apache.hadoop.hive.ql.exec.vector.VectorizedBatchUtil_java,15,270
org.apache.hadoop.hive.ql.io.AcidInputFormat_java,14,280
org.apache.hadoop.hive.llap.cache.LowLevelCache_java,14,280
org.apache.hadoop.hive.ql.io.rcfile.stats.PartialScanWork_java,14,280
org.apache.hadoop.hive.ql.security.authorization.plugin.sqlstd.Operation2Privilege_java,14,280
org.apache.hadoop.hive.ql.optimizer.calcite.rules.HiveFilterJoinRule_java,14,280
org.apache.hadoop.hive.ql.optimizer.calcite.rules.HiveFilterSetOpTransposeRule_java,14,280
org.apache.hive.service.cli.ColumnBasedSet_java,14,280
org.apache.hive.service.cli.RowBasedSet_java,14,280
org.apache.hive.jdbc.HiveStatement_java,14,280
org.apache.hadoop.hive.metastore.hbase.MockUtils_java,14,280
org.apache.hadoop.hive.ql.lockmgr.HiveTxnManager_java,14,280
org.apache.hadoop.hive.ql.plan.LoadTableDesc_java,14,280
org.apache.hadoop.hive.ql.txn.compactor.Cleaner_java,13,292
org.apache.hadoop.hive.llap.shufflehandler.ShuffleHandler_java,13,292
org.apache.hadoop.hive.llap.metrics.LlapDaemonCacheMetrics_java,13,292
org.apache.hadoop.hive.llap.cache.LowLevelCacheImpl_java,13,292
org.apache.hadoop.hive.ql.exec.vector.mapjoin.fast.VectorMapJoinFastLongHashTable_java,13,292
org.apache.hadoop.hive.ql.optimizer.Optimizer_java,13,292
org.apache.hadoop.hive.ql.io.rcfile.stats.PartialScanTask_java,13,292
org.apache.hadoop.hive.ql.exec.vector.expressions.FilterStringColumnInList_java,13,292
org.apache.hadoop.hive.ql.optimizer.calcite.translator.RexNodeConverter_java,13,292
org.apache.hadoop.hive.ql.stats.DummyStatsAggregator_java,12,301
org.apache.hadoop.hive.ql.io.rcfile.stats.PartialScanMapper_java,12,301
org.apache.hadoop.hive.ql.exec.vector.mapjoin.VectorMapJoinOuterGenerateResultOperator_java,12,301
org.apache.hadoop.hive.ql.optimizer.calcite.cost.HiveCostModel_java,12,301
org.apache.hive.hcatalog.streaming.InvalidTable_java,12,301
org.apache.hadoop.hive.ql.exec.Registry_java,12,301
org.apache.hadoop.hive.ql.ppd.ExprWalkerProcFactory_java,12,301
org.apache.hadoop.hive.ql.exec.vector.udf.VectorUDFArgDesc_java,12,301
org.apache.hive.service.cli.thrift.ThriftBinaryCLIService_java,12,301
org.apache.hadoop.hive.metastore.MockPartitionExpressionForMetastore_java,12,301
org.apache.hadoop.hive.thrift.HadoopThriftAuthBridge_java,12,301
org.apache.hadoop.hive.ql.parse.GenTezUtils_java,12,301
org.apache.hadoop.hive.ql.optimizer.BucketingSortingReduceSinkOptimizer_java,11,313
org.apache.hive.service.cli.ColumnValue_java,11,313
org.apache.hadoop.hive.ql.udf.generic.GenericUDFHash_java,11,313
org.apache.hadoop.hive.ql.stats.StatsFactory_java,11,313
org.apache.hadoop.hive.ql.exec.vector.mapjoin.fast.VectorMapJoinFastStringCommon_java,11,313
org.apache.hadoop.hive.serde2.AbstractSerDe_java,11,313
org.apache.hadoop.hive.ql.exec.spark.SparkTask_java,10,319
org.apache.hadoop.hive.ql.parse.EximUtil_java,10,319
org.apache.hadoop.hive.common.type.HiveDecimal_java,10,319
org.apache.hadoop.hive.ql.exec.mr.ObjectCache_java,10,319
org.apache.hadoop.hive.ql.exec.vector.mapjoin.VectorMapJoinOuterMultiKeyOperator_java,10,319
org.apache.hive.service.cli.thrift.ThriftHttpCLIService_java,10,319
org.apache.hadoop.hive.serde2.lazy.LazySerDeParameters_java,10,319
org.apache.hadoop.hive.ql.exec.TableScanOperator_java,10,319
org.apache.hadoop.hive.ql.exec.tez.CustomPartitionVertex_java,10,319
org.apache.hadoop.hive.ql.index.HiveIndexQueryContext_java,10,319
org.apache.hadoop.hive.ql.exec.tez.HiveSplitGenerator_java,10,319
org.apache.hadoop.hive.ql.security.authorization.StorageBasedAuthorizationProvider_java,10,319
org.apache.hadoop.hive.ql.exec.vector.mapjoin.VectorMapJoinOuterLongOperator_java,10,319
org.apache.hadoop.hive.ql.plan.VectorGroupByDesc_java,10,319
org.apache.hadoop.hive.ql.exec.CommonMergeJoinOperator_java,10,319
org.apache.hadoop.hive.ql.QueryProperties_java,10,319
org.apache.hadoop.hive.ql.exec.tez.TezProcessor_java,10,319
org.apache.hive.hcatalog.mapreduce.SpecialCases_java,10,319
org.apache.hadoop.hive.ql.stats.KeyVerifyingStatsAggregator_java,10,319
org.apache.hadoop.hive.ql.exec.vector.mapjoin.VectorMapJoinOuterStringOperator_java,10,319
org.apache.hadoop.hive.ql.udf.generic.GenericUDFLeast_java,9,339
org.apache.hive.spark.client.SparkClientUtilities_java,9,339
org.apache.hadoop.hive.ql.lockmgr.DummyTxnManager_java,9,339
org.apache.hadoop.hive.ql.parse.QBParseInfo_java,9,339
org.apache.hadoop.hive.ql.txn.compactor.CompactorThread_java,9,339
org.apache.hadoop.hive.ql.exec.spark.SparkUtilities_java,9,339
org.apache.hadoop.hive.ql.exec.TopNHash_java,9,339
org.apache.hadoop.hive.ql.exec.vector.VectorizedRowBatchCtx_java,9,339
org.apache.hadoop.hive.ql.exec.TezDummyStoreOperator_java,9,339
org.apache.hadoop.hive.ql.io.orc.Writer_java,9,339
org.apache.hadoop.hive.ql.plan.FilterDesc_java,9,339
org.apache.hive.beeline.BeeLineOpts_java,9,339
org.apache.hadoop.hive.hbase.HiveHBaseTableOutputFormat_java,9,339
org.apache.hive.service.auth.HiveAuthFactory_java,8,352
org.apache.hadoop.hive.ql.optimizer.calcite.rules.HiveJoinToMultiJoinRule_java,8,352
org.apache.hadoop.hive.metastore.hbase.HBaseIntegrationTests_java,8,352
org.apache.hadoop.hive.serde2.ColumnProjectionUtils_java,8,352
org.apache.hadoop.hive.ql.stats.StatsPublisher_java,8,352
org.apache.hadoop.hive.ql.exec.tez.SampleTezSessionState_java,8,352
org.apache.hadoop.hive.ql.plan.ExprNodeDescUtils_java,8,352
org.apache.hive.hcatalog.streaming.mutate.StreamingAssert_java,8,352
org.apache.hadoop.hive.ql.exec.UnionOperator_java,8,352
org.apache.hive.hcatalog.data.JsonSerDe_java,8,352
org.apache.hadoop.hive.ql.exec.spark.session.SparkSession_java,8,352
org.apache.hadoop.hive.ql.optimizer.calcite.rules.HiveSortJoinReduceRule_java,8,352
org.apache.hadoop.hive.ql.stats.StatsAggregator_java,7,364
org.apache.hive.beeline.Commands_java,7,364
org.apache.hadoop.hive.ql.exec.vector.VectorGroupByOperator_java,7,364
org.apache.hadoop.hive.llap.registry.impl.LlapFixedRegistryImpl_java,7,364
org.apache.hadoop.hive.ql.index.TableBasedIndexHandler_java,7,364
org.apache.hadoop.hive.ql.exec.vector.expressions.VectorUDFDateAddScalarCol_java,7,364
org.apache.hive.hcatalog.templeton.tool.LaunchMapper_java,7,364
org.apache.hive.hcatalog.templeton.Server_java,7,364
org.apache.hive.hcatalog.streaming.ConnectionError_java,7,364
org.apache.hadoop.hive.ql.optimizer.SortedDynPartitionOptimizer_java,7,364
org.apache.hadoop.hive.ql.parse.spark.GenSparkUtils_java,7,364
org.apache.hadoop.hive.ql.exec.vector.expressions.aggregates.VectorUDAFCount_java,7,364
org.apache.hadoop.hive.thrift.DBTokenStore_java,7,364
org.apache.hadoop.hive.llap.registry.ServiceInstance_java,7,364
org.apache.hadoop.hive.ql.exec.vector.mapjoin.fast.VectorMapJoinFastHashTableLoader_java,6,378
org.apache.hive.service.cli.operation.TableTypeMapping_java,6,378
org.apache.hive.service.cli.session.HiveSessionProxy_java,6,378
org.apache.hadoop.hive.ql.optimizer.calcite.cost.HiveVolcanoPlanner_java,6,378
org.apache.hive.service.cli.TableSchema_java,6,378
org.apache.hive.hcatalog.mapreduce.DynamicPartitionFileRecordWriterContainer_java,6,378
org.apache.hadoop.hive.ql.io.sarg.ExpressionTree_java,6,378
org.apache.hadoop.hive.ql.io.parquet.convert.HiveStructConverter_java,6,378
org.apache.hadoop.hive.metastore.HouseKeeperService_java,6,378
org.apache.hadoop.hive.ql.exec.persistence.MapJoinKey_java,6,378
org.apache.hadoop.hive.ql.exec.persistence.MapJoinTableContainerSerDe_java,6,378
org.apache.hadoop.hive.ql.parse.ColumnStatsSemanticAnalyzer_java,6,378
org.apache.hadoop.hive.ql.exec.persistence.MapJoinTableContainer_java,6,378
org.apache.hadoop.hive.ql.exec.persistence.MapJoinKeyObject_java,6,378
org.apache.hadoop.hive.metastore.hbase.HBaseStoreTestUtil_java,6,378
org.apache.hadoop.hive.serde2.lazy.LazyUtils_java,6,378
org.apache.hadoop.hive.ql.io.orc.OrcFileKeyWrapper_java,6,378
org.apache.hadoop.hive.ql.exec.vector.mapjoin.fast.VectorMapJoinFastBytesHashTable_java,6,378
org.apache.hadoop.hive.ql.io.SequenceFileInputFormatChecker_java,6,378
org.apache.hadoop.hive.ql.exec.ObjectCacheFactory_java,6,378
org.apache.hadoop.hive.ql.parse.ImportSemanticAnalyzer_java,6,378
org.apache.hive.service.cli.session.SessionManager_java,6,378
org.apache.hive.spark.client.SparkClient_java,5,400
org.apache.hive.spark.client.SparkClientImpl_java,5,400
org.apache.hadoop.hive.ql.io.InputFormatChecker_java,5,400
org.apache.hadoop.hive.serde2.binarysortable.BinarySortableSerDe_java,5,400
org.apache.hadoop.hive.ql.exec.vector.udf.VectorUDFAdaptor_java,5,400
org.apache.hadoop.hive.ql.exec.vector.expressions.VectorUDFDateAddColScalar_java,5,400
org.apache.hadoop.hive.ql.udf.generic.GenericUDFLeadLag_java,5,400
org.apache.hadoop.hive.ql.exec.vector.expressions.VectorUDFTimestampFieldString_java,5,400
org.apache.hadoop.hive.hbase.LazyHBaseRow_java,4,408
org.apache.hive.jdbc.HiveDatabaseMetaData_java,4,408
org.apache.hadoop.hive.ql.exec.vector.expressions.VectorUDFDateString_java,4,408
org.apache.hadoop.hive.ql.plan.ptf.ShapeDetails_java,4,408
org.apache.hadoop.hive.ql.optimizer.calcite.rules.HiveWindowingFixRule_java,4,408
org.apache.hadoop.hive.ql.exec.mr.MapRedTask_java,4,408
org.apache.hadoop.mapred.WebHCatJTShim23_java,4,408
org.apache.hive.jdbc.HivePreparedStatement_java,4,408
org.apache.hadoop.hive.ql.exec.Task_java,4,408
org.apache.hadoop.hive.ql.optimizer.ColumnPrunerProcCtx_java,4,408
org.apache.hive.jdbc.cbo_rp_TestJdbcDriver2_java,4,408
org.apache.hadoop.hive.ql.exec.vector.expressions.StringColumnInList_java,4,408
org.apache.hadoop.hive.llap.cache.LowLevelFifoCachePolicy_java,4,408
org.apache.hadoop.hive.ql.Context_java,4,408
org.apache.hadoop.hive.ql.exec.MapredContext_java,4,408
org.apache.hadoop.hive.ql.exec.tez.ReduceRecordProcessor_java,4,408
org.apache.hadoop.hive.ql.parse.ProcessAnalyzeTable_java,4,408
org.apache.hadoop.hive.ql.optimizer.calcite.TraitsUtil_java,4,408
org.apache.hive.spark.client.rpc.Rpc_java,4,408
org.apache.hadoop.hive.ql.optimizer.calcite.rules.HiveProjectMergeRule_java,4,408
org.apache.hadoop.hive.ql.exec.GlobalWorkMapFactory_java,4,408
org.apache.hadoop.hive.llap.io.decode.EncodedDataConsumer_java,4,408
org.apache.hadoop.hive.ql.plan.ptf.PTFExpressionDef_java,4,408
org.apache.hadoop.hive.ql.udf.generic.GenericUDFDate_java,4,408
org.apache.hadoop.hive.ql.udf.ptf.TableFunctionEvaluator_java,4,408
org.apache.hive.beeline.DatabaseConnection_java,4,408
org.apache.hadoop.hive.ql.io.orc.encoded.StreamUtils_java,4,408
org.apache.hadoop.hive.ql.udf.UDFMonth_java,4,408
org.apache.hadoop.hive.llap.io.decode.ColumnVectorProducer_java,4,408
org.apache.hadoop.hive.ql.optimizer.physical.NullScanTaskDispatcher_java,4,408
org.apache.hadoop.hive.ql.plan.AbstractOperatorDesc_java,4,408
org.apache.hadoop.hive.ql.optimizer.calcite.translator.JoinCondTypeCheckProcFactory_java,4,408
org.apache.hadoop.hive.common.ValidTxnList_java,4,408
org.apache.hadoop.hive.llap.daemon.impl.TaskRunnerCallable_java,4,408
org.apache.hadoop.hive.ql.plan.ExplainWork_java,4,408
org.apache.hadoop.hive.ql.plan.AggregationDesc_java,4,408
org.apache.hadoop.hive.ql.optimizer.calcite.translator.SqlFunctionConverter_java,3,444
org.apache.hadoop.hive.ql.io.DefaultHivePartitioner_java,3,444
org.apache.hadoop.hive.ql.optimizer.GenMRTableScan1_java,3,444
org.apache.hive.hcatalog.mapreduce.FosterStorageHandler_java,3,444
org.apache.hadoop.hive.ql.optimizer.SimpleFetchOptimizer_java,3,444
org.apache.hadoop.hive.ql.hooks.LineageLogger_java,3,444
org.apache.hadoop.hive.ql.optimizer.index.RewriteQueryUsingAggregateIndexCtx_java,3,444
org.apache.hadoop.hive.ql.exec.FetchTask_java,3,444
org.apache.hadoop.hive.ql.udf.generic.GenericUDFUtils_java,3,444
org.apache.hadoop.hive.ql.parse.spark.SplitOpTreeForDPP_java,3,444
org.apache.hadoop.hive.ql.exec.vector.expressions.VectorExpressionWriterFactory_java,3,444
org.apache.hadoop.hive.llap.protocol.LlapTaskUmbilicalProtocol_java,3,444
org.apache.hadoop.hive.serde2.lazy.LazyFactory_java,3,444
org.apache.hadoop.hive.ql.processors.CommandProcessorFactory_java,3,444
org.apache.hadoop.hive.ql.optimizer.calcite.rules.HiveAggregateProjectMergeRule_java,3,444
org.apache.hadoop.hive.ql.optimizer.ppr.OpProcFactory_java,3,444
org.apache.hadoop.hive.ql.udf.generic.GenericUDFOPNotEqual_java,3,444
org.apache.hadoop.hive.ql.exec.FetchOperator_java,3,444
org.apache.hadoop.hive.ql.io.RCFileInputFormat_java,3,444
org.apache.hadoop.hive.metastore.hbase.HBaseSchemaTool_java,3,444
org.apache.hive.service.cli.operation.LogDivertAppender_java,3,444
org.apache.hadoop.hive.ql.plan.LoadMultiFilesDesc_java,3,444
org.apache.hadoop.hive.ql.plan.LoadFileDesc_java,3,444
org.apache.hadoop.hive.ql.udf.generic.GenericUDFCurrentDate_java,2,467
org.apache.hadoop.hive.ql.io.orc.encoded.ReaderImpl_java,2,467
org.apache.hadoop.hive.ql.parse.spark.SparkCompiler_java,2,467
org.apache.hadoop.hive.ql.parse.TaskCompiler_java,2,467
org.apache.hadoop.hive.ql.udf.UDFYear_java,2,467
org.apache.hive.jdbc.HiveDriver_java,2,467
org.apache.hadoop.hive.ql.parse.TezCompiler_java,2,467
org.apache.hive.ptest.execution.JIRAService_java,2,467
org.apache.hadoop.hive.ql.optimizer.calcite.HiveDefaultRelMetadataProvider_java,2,467
org.apache.hadoop.hive.ql.udf.UDFSecond_java,2,467
org.apache.hive.hcatalog.streaming.TransactionError_java,2,467
org.apache.hadoop.hive.ql.io.merge.MergeFileTask_java,2,467
org.apache.hadoop.hive.hbase.HBaseQTestUtil_java,2,467
org.apache.hive.beeline.HiveSchemaHelper_java,2,467
org.apache.hadoop.hive.ql.parse.spark.SparkProcessAnalyzeTable_java,2,467
org.apache.hadoop.hive.ql.optimizer.physical.GenSparkSkewJoinProcessor_java,2,467
org.apache.hadoop.hive.serde2.avro.AvroSerializer_java,2,467
org.apache.hadoop.hive.ql.parse.ExportSemanticAnalyzer_java,2,467
org.apache.hadoop.hive.ql.udf.generic.GenericUDTFJSONTuple_java,2,467
org.apache.hadoop.hive.ql.parse.BaseSemanticAnalyzer_java,2,467
org.apache.hadoop.hive.llap.daemon.MiniLlapCluster_java,2,467
org.apache.hadoop.hive.ql.udf.UDFHour_java,2,467
org.apache.hadoop.hive.ql.io.rcfile.truncate.ColumnTruncateTask_java,2,467
org.apache.hadoop.hive.ql.plan.CreateTableDesc_java,2,467
org.apache.hadoop.hive.ql.io.HiveContextAwareRecordReader_java,2,467
org.apache.hadoop.hive.ql.udf.UDFMinute_java,2,467
org.apache.hadoop.hive.serde2.avro.AvroDeserializer_java,2,467
org.apache.hadoop.hive.ql.exec.SMBMapJoinOperator_java,2,467
org.apache.hadoop.hive.metastore.AggregateStatsCache_java,2,467
org.apache.hadoop.hive.ql.udf.UDFWeekOfYear_java,2,467
org.apache.hadoop.hive.ql.optimizer.calcite.rules.HivePartitionPruneRule_java,2,467
org.apache.hadoop.hive.ql.exec.ColumnInfo_java,2,467
org.apache.hadoop.hive.ql.udf.UDFDayOfMonth_java,2,467
org.apache.hadoop.hive.thrift.ZooKeeperTokenStore_java,2,467
org.apache.hadoop.hive.accumulo.AccumuloQTestUtil_java,2,467
org.apache.hadoop.hive.llap.daemon.impl.ContainerRunnerImpl_java,2,467
org.apache.hadoop.hive.ql.io.orc.encoded.Reader_java,2,467
org.apache.hadoop.hive.serde2.lazy.LazyBinary_java,2,467
org.apache.hive.service.cli.thrift.EmbeddedThriftBinaryCLIService_java,2,467
org.apache.hadoop.hive.ql.exec.spark.HashTableLoader_java,2,467
org.apache.hadoop.hive.ql.udf.generic.GenericUDFOPEqual_java,1,507
org.apache.hadoop.hive.ql.udf.generic.UDFCurrentDB_java,1,507
org.apache.hadoop.hive.ql.security.authorization.plugin.HiveOperationType_java,1,507
org.apache.hadoop.hive.ql.udf.generic.GenericUDFBetween_java,1,507
org.apache.hadoop.hive.ql.udf.generic.GenericUDFArrayContains_java,1,507
org.apache.hadoop.hive.ql.optimizer.lineage.LineageCtx_java,1,507
org.apache.hadoop.hive.ql.udf.generic.GenericUDFCurrentTimestamp_java,1,507
org.apache.hadoop.hive.ql.udf.generic.GenericUDFOPAnd_java,1,507
org.apache.hadoop.hive.ql.udf.generic.GenericUDFCurrentUser_java,1,507
org.apache.hive.hcatalog.streaming.TransactionBatch_java,1,507
org.apache.hadoop.hive.ql.index.AggregateIndexHandler_java,1,507
org.apache.hadoop.hive.ql.udf.generic.GenericUDFOPNull_java,1,507
org.apache.hadoop.hive.ql.index.compact.CompactIndexHandler_java,1,507
org.apache.hadoop.hive.ql.udf.generic.GenericUDFOPNot_java,1,507
org.apache.hadoop.hive.llap.cache.MemoryManager_java,1,507
org.apache.hadoop.hive.ql.udf.generic.GenericUDFOPEqualOrGreaterThan_java,1,507
org.apache.hadoop.hive.ql.udf.generic.GenericUDFOPOr_java,1,507
org.apache.hadoop.hive.ql.index.bitmap.BitmapIndexHandler_java,1,507
org.apache.hadoop.hive.ql.udf.generic.GenericUDFAddMonths_java,1,507
org.apache.hadoop.hive.ql.udf.generic.GenericUDFOPGreaterThan_java,1,507
org.apache.hadoop.hive.ql.udf.generic.GenericUDFOPEqualNS_java,1,507
org.apache.hadoop.hive.ql.udf.generic.GenericUDFOPEqualOrLessThan_java,1,507
org.apache.hadoop.hive.ql.udf.generic.GenericUDFOPNotNull_java,1,507
org.apache.hadoop.hive.ql.udf.generic.GenericUDFOPLessThan_java,1,507
