file,bugChurn,rank
org.apache.hadoop.hive.metastore.api.ThriftHiveMetastore_java,3716,1
org.apache.hadoop.hive.metastore.txn.TxnHandler_java,1308,2
org.apache.hadoop.hive.metastore.ObjectStore_java,1125,3
org.apache.hadoop.hive.metastore.api.PartitionsStatsRequest_java,792,4
org.apache.hadoop.hive.ql.metadata.formatting.TextMetaDataFormatter_java,725,5
org.apache.hadoop.hive.metastore.api.DecimalColumnStatsData_java,690,6
org.apache.hadoop.hive.ql.io.orc.RecordReaderImpl_java,687,7
org.apache.hadoop.hive.metastore.api.TableStatsRequest_java,639,8
org.apache.hadoop.hive.ql.metadata.formatting.JsonMetaDataFormatter_java,637,9
org.apache.hadoop.hive.ql.exec.tez.DagUtils_java,627,10
org.apache.hadoop.hive.ql.parse.GenTezWork_java,616,11
org.apache.hadoop.hive.ql.exec.DDLTask_java,578,12
org.apache.hadoop.hive.ql.optimizer.StatsOptimizer_java,533,13
org.apache.hadoop.hive.metastore.api.Decimal_java,494,14
org.apache.hadoop.hive.metastore.txn.CompactionTxnHandler_java,491,15
org.apache.hadoop.hive.metastore.api.PartitionsStatsResult_java,486,16
org.apache.hadoop.hive.ql.stats.StatsUtils_java,482,17
org.apache.hadoop.hive.metastore.api.TableStatsResult_java,439,18
org.apache.hadoop.hive.ql.exec.tez.CustomPartitionVertex_java,402,19
org.apache.hadoop.hive.ql.exec.StatsTask_java,383,20
org.apache.hadoop.hive.metastore.StatObjectConverter_java,373,21
org.apache.hadoop.hive.ql.optimizer.physical.CrossProductCheck_java,357,22
org.apache.hadoop.hive.ql.optimizer.metainfo.annotation.OpTraitsRulesProcFactory_java,355,23
org.apache.hadoop.hive.ql.exec.vector.VectorizationContext_java,335,24
org.apache.hadoop.hive.ql.udf.generic.GenericUDAFComputeStats_java,315,25
org.apache.hadoop.hive.ql.parse.GenTezUtils_java,315,25
org.apache.hadoop.hive.ql.exec.Utilities_java,283,27
org.apache.hadoop.hive.ql.optimizer.ConvertJoinMapJoin_java,266,28
org.apache.hadoop.hive.ql.exec.vector.VectorizedRowBatchCtx_java,258,29
org.apache.hadoop.hive.ql.ppd.OpProcFactory_java,253,30
org.apache.hadoop.hive.ql.plan.ConditionalResolverCommonJoin_java,244,31
org.apache.hadoop.hive.ql.exec.tez.TezTask_java,242,32
org.apache.hadoop.hive.metastore.MetaStoreDirectSql_java,223,33
org.apache.hadoop.hive.ql.Driver_java,215,34
org.apache.hadoop.hive.ql.parse.SemanticAnalyzer_java,201,35
org.apache.hadoop.hive.ql.optimizer.ReduceSinkMapJoinProc_java,197,36
org.apache.hadoop.hive.ql.optimizer.physical.CommonJoinTaskDispatcher_java,192,37
org.apache.hadoop.hive.conf.HiveConf_java,186,38
org.apache.hadoop.hive.ql.parse.ProcessAnalyzeTable_java,178,39
org.apache.hadoop.hive.ql.exec.vector.expressions.FilterDecimalColumnInList_java,177,40
org.apache.hadoop.hive.ql.security.authorization.AuthorizationPreEventListener_java,174,41
org.apache.hadoop.hive.ql.exec.mr.HadoopJobExecHelper_java,172,42
org.apache.hadoop.hive.ql.exec.vector.expressions.DecimalColumnInList_java,158,43
org.apache.hadoop.hive.ql.optimizer.GenMapRedUtils_java,146,44
org.apache.hive.jdbc.JdbcColumn_java,141,45
org.apache.hadoop.hive.common.type.Decimal128_java,135,46
org.apache.hadoop.hive.ql.parse.TezCompiler_java,130,47
org.apache.hadoop.hive.ql.exec.tez.TezProcessor_java,130,47
org.apache.hadoop.hive.ql.io.NullRowsInputFormat_java,126,49
org.apache.hadoop.hive.metastore.RawStoreProxy_java,121,50
org.apache.hadoop.hive.ql.exec.tez.TezSessionState_java,121,50
org.apache.hadoop.hive.ql.index.IndexPredicateAnalyzer_java,119,52
org.apache.hadoop.hive.ql.session.SessionState_java,119,52
org.apache.hadoop.hive.ql.plan.TezWork_java,117,54
org.apache.hadoop.hive.ql.parse.DDLSemanticAnalyzer_java,116,55
org.apache.hadoop.hive.ql.exec.tez.CustomPartitionEdge_java,112,56
org.apache.hadoop.hive.ql.exec.FileSinkOperator_java,111,57
org.apache.hadoop.hive.ql.parse.GenTezWorkWalker_java,110,58
org.apache.hadoop.hive.ql.optimizer.physical.Vectorizer_java,109,59
org.apache.hadoop.hive.ql.exec.FunctionRegistry_java,108,60
org.apache.hadoop.hive.ql.metadata.Table_java,107,61
org.apache.hadoop.hive.ql.metadata.formatting.MetaDataFormatter_java,107,61
org.apache.hive.hcatalog.mapreduce.SpecialCases_java,107,61
org.apache.hadoop.hive.ql.security.authorization.plugin.sqlstd.SQLStdHiveAccessController_java,104,64
org.apache.hadoop.hive.ql.io.orc.OrcOutputFormat_java,103,65
org.apache.hadoop.hive.shims.Hadoop23Shims_java,102,66
org.apache.hive.jdbc.HttpKerberosRequestInterceptor_java,98,67
org.apache.hadoop.hive.ql.io.OneNullRowInputFormat_java,97,68
org.apache.hadoop.hive.common.type.UnsignedInt128_java,94,69
org.apache.hive.service.cli.session.SessionManager_java,94,69
org.apache.hadoop.hive.ql.io.sarg.SearchArgumentImpl_java,93,71
org.apache.hadoop.hive.ql.exec.tez.CustomEdgeConfiguration_java,92,72
org.apache.hadoop.hive.common.JavaUtils_java,92,72
org.apache.hive.jdbc.miniHS2.MiniHS2_java,89,74
org.apache.hadoop.hive.ql.exec.vector.expressions.aggregates.VectorUDAFSumDecimal_java,86,75
org.apache.hadoop.hive.shims.HadoopShims_java,86,75
org.apache.hadoop.hive.ql.optimizer.correlation.CorrelationOptimizer_java,85,77
org.apache.hive.jdbc.HiveResultSetMetaData_java,84,78
org.apache.hadoop.hive.ql.metadata.Partition_java,84,78
org.apache.hadoop.hive.ql.plan.PartitionDesc_java,82,80
org.apache.hive.ptest.execution.context.CloudExecutionContextProvider_java,82,80
org.apache.hadoop.hive.ql.metadata.formatting.MetaDataFormatUtils_java,80,82
org.apache.hive.common.HiveCompat_java,80,82
org.apache.hadoop.hive.ql.parse.GenTezProcContext_java,80,82
org.apache.hadoop.hive.ql.exec.NodeUtils_java,80,82
org.apache.hive.service.cli.thrift.ThriftCLIService_java,79,86
org.apache.hadoop.hive.ql.exec.vector.VectorGroupByOperator_java,79,86
org.apache.hadoop.hive.ql.exec.UDAF_java,79,86
org.apache.hadoop.hive.ql.udf.generic.GenericUDFToUnixTimeStamp_java,78,89
org.apache.hadoop.hive.ql.optimizer.metainfo.annotation.AnnotateWithOpTraits_java,78,89
org.apache.hadoop.hive.ql.exec.vector.expressions.NullUtil_java,77,91
org.apache.hadoop.hive.ql.udf.generic.GenericUDFPrintf_java,76,92
org.apache.hadoop.hive.ql.plan.UnionWork_java,75,93
org.apache.hadoop.hive.metastore.HiveMetaStore_java,74,94
org.apache.hadoop.hive.ql.plan.ExprNodeDescUtils_java,74,94
org.apache.hive.hcatalog.common.HiveClientCache_java,72,96
org.apache.hive.service.cli.operation.SQLOperation_java,71,97
org.apache.hadoop.hive.ql.lib.ForwardWalker_java,70,98
org.apache.hive.service.cli.session.HiveSessionBase_java,69,99
org.apache.hadoop.hive.ql.exec.TableScanOperator_java,69,99
org.apache.hadoop.hive.ql.parse.BaseSemanticAnalyzer_java,67,101
org.apache.hive.hcatalog.api.HCatCreateTableDesc_java,67,101
org.apache.hadoop.hive.metastore.VerifyingObjectStore_java,67,101
org.apache.hadoop.hive.ql.udf.generic.UDFCurrentDB_java,64,104
org.apache.hadoop.hive.serde2.RegexSerDe_java,64,104
org.apache.hive.hcatalog.mapreduce.FileOutputCommitterContainer_java,64,104
org.apache.hadoop.hive.metastore.api.ColumnStatisticsData_java,63,107
org.apache.hive.jdbc.Utils_java,62,108
org.apache.hadoop.hive.metastore.MetaStoreUtils_java,62,108
org.apache.hadoop.hive.ql.io.orc.OrcInputFormat_java,61,110
org.apache.hadoop.hive.ql.DriverContext_java,61,110
org.apache.hive.service.auth.PlainSaslServer_java,61,110
org.apache.hadoop.hive.ql.security.authorization.plugin.sqlstd.SQLAuthorizationUtils_java,60,113
org.apache.hadoop.hive.ql.exec.vector.expressions.VectorUDFDateDiffColCol_java,60,113
org.apache.hadoop.hive.ql.exec.tez.tools.TezMergedLogicalInput_java,59,115
org.apache.hadoop.hive.ql.udf.generic.GenericUDFBaseNumeric_java,57,116
org.apache.hadoop.hive.ql.optimizer.metainfo.annotation.AnnotateOpTraitsProcCtx_java,55,117
org.apache.hadoop.hive.ql.metadata.Hive_java,55,117
org.apache.hadoop.hive.ql.exec.vector.VectorMapJoinOperator_java,54,119
org.apache.hadoop.hive.ql.io.orc.OrcFile_java,54,119
org.apache.hive.hcatalog.templeton.AppConfig_java,51,121
org.apache.hadoop.hive.ql.plan.OpTraits_java,51,121
org.apache.hadoop.hive.ql.parse.LoadSemanticAnalyzer_java,50,123
org.apache.hadoop.hive.ql.optimizer.TezBucketJoinProcCtx_java,50,123
org.apache.hadoop.hive.ql.optimizer.GenMRTableScan1_java,49,125
org.apache.hadoop.hive.ql.parse.IndexUpdater_java,49,125
org.apache.hadoop.hive.ql.hooks.WriteEntity_java,48,127
org.apache.hadoop.hive.ql.optimizer.ColumnPrunerProcFactory_java,47,128
org.apache.hive.hcatalog.data.JsonSerDe_java,47,128
org.apache.hive.service.auth.PlainSaslHelper_java,46,130
org.apache.hive.service.cli.CLIService_java,46,130
org.apache.hadoop.hive.ql.exec.FetchOperator_java,46,130
org.apache.hadoop.hive.ql.exec.tez.TezSessionPoolManager_java,46,130
org.apache.hadoop.hive.ql.exec.vector.VectorizedRowBatch_java,45,134
org.apache.hadoop.hive.ql.plan.TezEdgeProperty_java,45,134
org.apache.hive.service.cli.session.HiveSession_java,44,136
org.apache.hadoop.hive.ql.exec.vector.expressions.CastDateToString_java,44,136
org.apache.hadoop.hive.ql.QTestUtil_java,44,136
org.apache.hadoop.hive.ql.parse.ImportSemanticAnalyzer_java,44,136
org.apache.hadoop.hive.serde2.SerDeUtils_java,43,140
org.apache.hadoop.hive.ql.plan.PlanUtils_java,43,140
org.apache.hive.jdbc.HiveConnection_java,43,140
org.apache.hadoop.hive.metastore.IMetaStoreClient_java,43,140
org.apache.hadoop.hive.ql.io.HiveInputFormat_java,43,140
org.apache.hadoop.hive.ql.udf.generic.DecimalNumDistinctValueEstimator_java,42,145
org.apache.hadoop.hive.ql.hooks.PrintCompletedTasksHook_java,42,145
org.apache.hadoop.hive.ql.exec.vector.VectorFileSinkOperator_java,40,147
org.apache.hive.service.auth.TSetIpAddressProcessor_java,40,147
org.apache.hive.hcatalog.templeton.tool.LaunchMapper_java,40,147
org.apache.hadoop.hive.ql.exec.vector.expressions.MathExpr_java,40,147
org.apache.hadoop.hive.ql.exec.persistence.MapJoinKey_java,39,151
org.apache.hadoop.hive.ql.optimizer.correlation.CorrelationUtilities_java,39,151
org.apache.hadoop.hive.metastore.parser.ExpressionTree_java,38,153
org.apache.hadoop.hive.ql.exec.MapJoinOperator_java,38,153
org.apache.hadoop.hive.ql.io.parquet.serde.AbstractParquetMapInspector_java,38,153
org.apache.hive.hcatalog.templeton.Main_java,38,153
org.apache.hadoop.hive.ql.io.orc.WriterImpl_java,37,157
org.apache.hadoop.hive.ql.optimizer.physical.SortMergeJoinTaskDispatcher_java,36,158
org.apache.hadoop.hive.metastore.api.AddPartitionsRequest_java,36,158
org.apache.hadoop.hive.metastore.api.AddPartitionsResult_java,36,158
org.apache.hive.ptest.execution.context.CloudComputeService_java,35,161
org.apache.hadoop.hive.serde2.avro.AvroSerdeUtils_java,35,161
org.apache.hadoop.hive.ql.plan.TableScanDesc_java,34,163
org.apache.hadoop.hive.ql.exec.ColumnStatsTask_java,34,163
org.apache.hadoop.hive.ql.optimizer.physical.GenMRSkewJoinProcessor_java,34,163
org.apache.hadoop.hive.ql.exec.ExplainTask_java,34,163
org.apache.hive.service.cli.session.HiveSessionProxy_java,31,167
org.apache.hadoop.hive.ql.lockmgr.zookeeper.ZooKeeperHiveLockManager_java,31,167
org.apache.hadoop.hive.ql.plan.CopyWork_java,31,167
org.apache.hive.hcatalog.mapreduce.HCatInputFormat_java,30,170
org.apache.hive.beeline.BeeLine_java,30,170
org.apache.hadoop.hive.ql.io.AcidUtils_java,29,172
org.apache.hadoop.hive.ql.io.BucketizedHiveInputFormat_java,29,172
org.apache.hadoop.hive.metastore.txn.TxnDbUtil_java,29,172
org.apache.hadoop.hive.ql.exec.vector.VectorizationContextRegion_java,29,172
org.apache.hive.service.cli.operation.OperationManager_java,29,172
org.apache.hadoop.hive.ql.optimizer.MapJoinProcessor_java,29,172
org.apache.hive.service.cli.session.HiveSessionImpl_java,28,178
org.apache.hadoop.hive.ql.optimizer.ppr.PartExprEvalUtils_java,28,178
org.apache.hadoop.hive.hbase.HiveHBaseTableInputFormat_java,28,178
org.apache.hadoop.hive.ql.parse.FileSinkProcessor_java,27,181
org.apache.hadoop.hive.ql.exec.tez.ReduceRecordProcessor_java,27,181
org.apache.hadoop.hive.ql.udf.generic.GenericUDFOPDivide_java,27,181
org.apache.hadoop.hive.metastore.RawStore_java,27,181
org.apache.hadoop.hive.metastore.model.MTableColumnStatistics_java,27,181
org.apache.hadoop.hive.hbase.HBaseStorageHandler_java,27,181
org.apache.hadoop.hive.ql.io.rcfile.stats.PartialScanMapper_java,26,187
org.apache.hadoop.hive.metastore.model.MPartitionColumnStatistics_java,26,187
org.apache.hadoop.hive.ql.exec.MapOperator_java,26,187
org.apache.hadoop.hive.ql.ErrorMsg_java,25,190
org.apache.hadoop.hive.ql.exec.mr.ExecDriver_java,25,190
org.apache.hadoop.hive.ql.Context_java,25,190
org.apache.hadoop.hive.ql.exec.vector.expressions.IDecimalInExpr_java,25,190
org.apache.hadoop.hive.ql.processors.SetProcessor_java,25,190
org.apache.hadoop.hive.metastore.DummyRawStoreControlledCommit_java,24,195
org.apache.hadoop.hive.ql.io.orc.OrcStruct_java,24,195
org.apache.hive.beeline.BeeLineOpts_java,24,195
org.apache.hadoop.hive.ql.io.HiveFileFormatUtils_java,23,198
org.apache.hadoop.hive.ql.plan.MapJoinDesc_java,23,198
org.apache.hadoop.hive.metastore.HiveMetaStoreClient_java,23,198
org.apache.hadoop.hive.ql.udf.generic.GenericUDF_java,23,198
org.apache.hadoop.hive.ql.udf.generic.GenericUDFCase_java,23,198
org.apache.hive.hcatalog.common.HCatUtil_java,22,203
org.apache.hadoop.hive.ql.udf.generic.GenericUDAFCorrelation_java,22,203
org.apache.hadoop.hive.ql.security.authorization.StorageBasedAuthorizationProvider_java,22,203
org.apache.hadoop.hive.ql.exec.Operator_java,22,203
org.apache.hadoop.hive.ql.plan.LoadTableDesc_java,22,203
org.apache.hadoop.hive.ql.exec.vector.util.FakeVectorRowBatchFromObjectIterables_java,21,208
org.apache.hadoop.hive.ql.stats.StatsFactory_java,21,208
org.apache.hadoop.hive.ql.exec.OperatorUtils_java,21,208
org.apache.hadoop.hive.ql.exec.DummyStoreOperator_java,21,208
org.apache.hadoop.hive.metastore.RetryingHMSHandler_java,21,208
org.apache.hadoop.hive.ql.exec.tez.HashTableLoader_java,21,208
org.apache.hive.service.auth.HiveAuthFactory_java,20,214
org.apache.hadoop.hive.ql.udf.generic.GenericUDFLead_java,20,214
org.apache.hadoop.hive.ql.udf.generic.LeadLagBuffer_java,20,214
org.apache.hadoop.mapred.WebHCatJTShim23_java,20,214
org.apache.hadoop.hive.ql.io.CombineHiveInputFormat_java,20,214
org.apache.hadoop.hive.ql.exec.HashTableSinkOperator_java,20,214
org.apache.hadoop.hive.ql.udf.generic.GenericUDFLag_java,20,214
org.apache.hadoop.hive.metastore.DummyRawStoreForJdoConnection_java,19,221
org.apache.hadoop.hive.ql.optimizer.physical.MapJoinResolver_java,19,221
org.apache.hadoop.hive.ql.optimizer.physical.LocalMapJoinProcFactory_java,19,221
org.apache.hadoop.hive.shims.HadoopShimsSecure_java,19,221
org.apache.hadoop.hive.ql.parse.SubQueryUtils_java,18,225
org.apache.hadoop.hive.serde2.typeinfo.HiveDecimalUtils_java,18,225
org.apache.hadoop.hive.metastore.Warehouse_java,18,225
org.apache.hive.hcatalog.templeton.HcatDelegator_java,18,225
org.apache.hadoop.hive.ql.testutil.DataBuilder_java,18,225
org.apache.hadoop.hive.ql.QueryPlan_java,18,225
org.apache.hadoop.hive.ql.io.orc.OrcSplit_java,18,225
org.apache.hadoop.hive.ql.plan.LoadDesc_java,18,225
org.apache.hadoop.hive.ql.processors.CompileProcessor_java,18,225
org.apache.hadoop.hive.ql.parse.QBSubQuery_java,18,225
org.apache.hadoop.hive.ql.exec.FooterBuffer_java,18,225
org.apache.hadoop.hive.ql.security.authorization.plugin.sqlstd.RevokePrivAuthUtils_java,18,225
org.apache.hadoop.hive.serde2.typeinfo.CharTypeInfo_java,18,225
org.apache.hadoop.hive.serde2.io.HiveBaseCharWritable_java,18,225
org.apache.hadoop.hive.ql.testutil.OperatorTestUtils_java,18,225
org.apache.hadoop.hive.ql.plan.ConditionalResolverSkewJoin_java,18,225
org.apache.hadoop.hive.ql.security.authorization.plugin.HiveAuthorizer_java,18,225
org.apache.hadoop.hive.ql.io.sarg.SearchArgument_java,17,242
org.apache.hadoop.hive.ql.ppd.ExprWalkerInfo_java,17,242
org.apache.hadoop.hive.ql.udf.UDFSign_java,17,242
org.apache.hadoop.hive.metastore.HiveAlterHandler_java,17,242
org.apache.hadoop.hive.ql.processors.CommandProcessorFactory_java,17,242
org.apache.hadoop.hive.serde2.lazybinary.LazyBinaryPrimitive_java,17,242
org.apache.hadoop.hive.serde2.lazy.LazyPrimitive_java,17,242
org.apache.hadoop.hive.ql.hooks.Entity_java,17,242
org.apache.hadoop.hive.ql.exec.vector.VectorColumnAssignFactory_java,16,250
org.apache.hadoop.hive.ql.stats.fs.FSStatsPublisher_java,16,250
org.apache.hive.service.cli.thrift.ThriftHttpServlet_java,16,250
org.apache.hive.jdbc.miniHS2.AbstractHiveService_java,15,253
org.apache.hive.jdbc.HiveStatement_java,15,253
org.apache.hadoop.hive.ql.udf.generic.GenericUDFDate_java,15,253
org.apache.hadoop.hive.ql.udf.generic.GenericUDAFSum_java,14,256
org.apache.hadoop.hive.ql.exec.ReduceSinkOperator_java,14,256
org.apache.hadoop.hive.ql.exec.Task_java,14,256
org.apache.hadoop.hive.ql.parse.ExportSemanticAnalyzer_java,14,256
org.apache.hadoop.hive.ql.ppd.PredicatePushDown_java,14,256
org.apache.hadoop.hive.ql.plan.MapWork_java,14,256
org.apache.hive.hcatalog.templeton.Server_java,14,256
org.apache.hadoop.hive.ql.plan.LateralViewJoinDesc_java,12,263
org.apache.hadoop.hive.ql.exec.CommonJoinOperator_java,12,263
org.apache.hadoop.hive.ql.exec.vector.expressions.VectorUDFDateString_java,12,263
org.apache.hadoop.hive.ql.exec.mr.MapredLocalTask_java,12,263
org.apache.hive.hcatalog.templeton.tool.TempletonUtils_java,12,263
org.apache.hadoop.hive.ql.stats.fs.FSStatsAggregator_java,12,263
org.apache.hadoop.hive.common.FileUtils_java,12,263
org.apache.hadoop.hive.ql.io.orc.ReaderImpl_java,12,263
org.apache.hadoop.hive.ql.optimizer.AbstractBucketJoinProc_java,12,263
org.apache.hadoop.hive.ql.exec.persistence.MapJoinEagerRowContainer_java,12,263
org.apache.hive.hcatalog.api.HCatTable_java,12,263
org.apache.hadoop.hive.ql.io.sarg.PredicateLeaf_java,12,263
org.apache.hadoop.hive.ql.parse.UnparseTranslator_java,11,275
org.apache.hive.hcatalog.templeton.tool.JobSubmissionConstants_java,11,275
org.apache.hive.beeline.Rows_java,11,275
org.apache.hadoop.hive.ql.plan.ShowGrantDesc_java,11,275
org.apache.hadoop.hive.ql.plan.ReducerTimeStatsPerJob_java,11,275
org.apache.hadoop.hive.ql.plan.StatsWork_java,11,275
org.apache.hive.hcatalog.cli.HCatCli_java,11,275
org.apache.hadoop.hive.ql.optimizer.SortedDynPartitionOptimizer_java,11,275
org.apache.hadoop.hive.serde2.objectinspector.primitive.JavaHiveVarcharObjectInspector_java,11,275
org.apache.hadoop.hive.ql.optimizer.IndexUtils_java,10,284
org.apache.hadoop.hive.ql.udf.generic.GenericUDFDateSub_java,10,284
org.apache.hadoop.hive.ql.udf.generic.GenericUDFWhen_java,10,284
org.apache.hadoop.hive.ql.exec.vector.expressions.ConstantVectorExpression_java,10,284
org.apache.hadoop.hive.ql.optimizer.GenMRFileSink1_java,10,284
org.apache.hive.ptest.execution.HostExecutor_java,10,284
org.apache.hadoop.hive.ql.udf.generic.GenericUDFDateAdd_java,10,284
org.apache.hadoop.hive.ql.plan.LoadFileDesc_java,10,284
org.apache.hive.hcatalog.mapreduce.FosterStorageHandler_java,9,292
org.apache.hadoop.hive.ql.plan.RoleDDLDesc_java,9,292
org.apache.hadoop.hive.ql.exec.PTFOperator_java,9,292
org.apache.hadoop.hive.ql.io.orc.VectorizedOrcInputFormat_java,9,292
org.apache.hadoop.hive.ql.exec.JoinOperator_java,9,292
org.apache.hadoop.hive.ql.plan.AbstractOperatorDesc_java,9,292
org.apache.hadoop.hive.ql.udf.UDAFPercentile_java,9,292
org.apache.hadoop.hive.ql.parse.SemanticAnalyzerFactory_java,9,292
org.apache.hadoop.hive.ql.exec.TemporaryHashSinkOperator_java,8,300
org.apache.hadoop.hive.ql.exec.RowSchema_java,8,300
org.apache.hadoop.hive.common.type.HiveDecimal_java,8,300
org.apache.hive.hcatalog.common.HCatConstants_java,8,300
org.apache.hadoop.hive.ql.plan.ReduceWork_java,8,300
org.apache.hadoop.hive.ql.plan.BaseWork_java,8,300
org.apache.hadoop.hive.ql.exec.MoveTask_java,8,300
org.apache.hadoop.hive.ql.exec.mr.HashTableLoader_java,8,300
org.apache.hadoop.hive.ql.lockmgr.DbTxnManager_java,7,308
org.apache.hadoop.hive.ql.exec.persistence.AbstractRowContainer_java,7,308
org.apache.hadoop.hive.ql.parse.TaskCompiler_java,7,308
org.apache.hive.hcatalog.templeton.JarDelegator_java,7,308
org.apache.hadoop.hive.ql.optimizer.GenMRProcContext_java,7,308
org.apache.hadoop.hive.ql.io.orc.OrcNewInputFormat_java,7,308
org.apache.hadoop.hive.ql.index.IndexMetadataChangeTask_java,7,308
org.apache.hive.service.cli.OperationState_java,7,308
org.apache.hadoop.hive.ql.exec.WindowFunctionInfo_java,7,308
org.apache.hadoop.hive.ql.udf.generic.GenericUDFDateDiff_java,7,308
org.apache.hadoop.hive.ql.udf.ptf.TableFunctionEvaluator_java,7,308
org.apache.hive.hcatalog.templeton.HiveDelegator_java,6,319
org.apache.hadoop.hive.ql.io.parquet.serde.primitive.ParquetByteInspector_java,6,319
org.apache.hadoop.hive.ql.security.authorization.plugin.HiveAuthorizerImpl_java,6,319
org.apache.hadoop.hive.ql.optimizer.PrunerOperatorFactory_java,6,319
org.apache.hadoop.hive.ql.exec.GroupByOperator_java,6,319
org.apache.hadoop.hive.ql.udf.generic.GenericUDFOPEqualOrGreaterThan_java,6,319
org.apache.hadoop.hive.ql.plan.CreateTableDesc_java,6,319
org.apache.hadoop.hive.ql.io.orc.OrcRecordUpdater_java,6,319
org.apache.hadoop.hive.ql.exec.TaskFactory_java,6,319
org.apache.hadoop.hive.ql.lib.DefaultGraphWalker_java,6,319
org.apache.hadoop.hive.ql.exec.persistence.RowContainer_java,6,319
org.apache.hadoop.hive.ql.udf.generic.GenericUDFOPGreaterThan_java,6,319
org.apache.hadoop.hive.ql.udf.generic.GenericUDFOPEqualOrLessThan_java,6,319
org.apache.hadoop.hive.ql.io.parquet.serde.primitive.ParquetShortInspector_java,6,319
org.apache.hadoop.hive.ql.exec.CopyTask_java,6,319
org.apache.hive.hcatalog.HcatTestUtils_java,6,319
org.apache.hadoop.hive.ql.udf.generic.GenericUDFOPLessThan_java,6,319
org.apache.hadoop.hive.ql.exec.vector.expressions.VectorUDFDateDiffScalarCol_java,5,336
org.apache.hadoop.hive.ql.exec.vector.expressions.VectorUDFDateDiffColScalar_java,5,336
org.apache.hive.hcatalog.pig.PigHCatUtil_java,5,336
org.apache.hadoop.hive.ql.parse.TaskCompilerFactory_java,5,336
org.apache.hadoop.hive.ql.plan.ExprNodeGenericFuncDesc_java,5,336
org.apache.hadoop.hive.ql.udf.UDFLog10_java,5,336
org.apache.hadoop.hive.ql.exec.vector.expressions.CastDecimalToTimestamp_java,5,336
org.apache.hive.jdbc.HiveBaseResultSet_java,5,336
org.apache.hadoop.hive.ql.optimizer.SamplePruner_java,5,336
org.apache.hive.hcatalog.rcfile.RCFileMapReduceInputFormat_java,5,336
org.apache.hadoop.hive.ql.exec.vector.expressions.VectorUDFDateAddScalarCol_java,5,336
org.apache.hadoop.hive.ql.optimizer.Optimizer_java,5,336
org.apache.hadoop.hive.ql.exec.vector.expressions.VectorUDFDateAddColCol_java,5,336
org.apache.hadoop.hive.ql.udf.UDFJson_java,5,336
org.apache.hive.service.server.HiveServer2_java,5,336
org.apache.hive.beeline.BufferedRows_java,5,336
org.apache.hadoop.hive.ql.exec.persistence.HashMapWrapper_java,5,336
org.apache.hadoop.hive.ql.exec.vector.expressions.VectorUDFDateAddColScalar_java,5,336
org.apache.hadoop.hive.ql.exec.vector.expressions.VectorUDFTimestampFieldString_java,5,336
org.apache.hadoop.hive.ql.stats.DummyStatsAggregator_java,4,355
org.apache.hadoop.hive.ql.optimizer.physical.PhysicalOptimizer_java,4,355
org.apache.hadoop.hive.ql.exec.vector.expressions.aggregates.VectorUDAFAvgDecimal_java,4,355
org.apache.hive.jdbc.HiveDatabaseMetaData_java,4,355
org.apache.hadoop.hive.ql.optimizer.SimpleFetchOptimizer_java,4,355
org.apache.hadoop.hive.ql.optimizer.lineage.LineageCtx_java,4,355
org.apache.hadoop.hive.ql.plan.TableDesc_java,4,355
org.apache.hive.beeline.Commands_java,4,355
org.apache.hadoop.hive.ql.io.parquet.convert.HiveSchemaConverter_java,4,355
org.apache.hive.hcatalog.cli.SemanticAnalysis.CreateTableHook_java,4,355
org.apache.hadoop.hive.ql.io.rcfile.truncate.ColumnTruncateTask_java,4,355
org.apache.hadoop.hive.ql.udf.generic.GenericUDFRound_java,4,355
org.apache.hadoop.hive.ql.parse.ParseContext_java,4,355
org.apache.hive.beeline.DatabaseConnection_java,4,355
org.apache.hadoop.hive.serde2.lazybinary.objectinspector.LazyBinaryMapObjectInspector_java,4,355
org.apache.hadoop.hive.ql.exec.SMBMapJoinOperator_java,4,355
org.apache.hadoop.hive.metastore.api.hive_metastoreConstants_java,4,355
org.apache.hadoop.hive.ql.parse.authorization.HiveAuthorizationTaskFactoryImpl_java,4,355
org.apache.hadoop.hive.ql.exec.PTFPartition_java,4,355
org.apache.hadoop.hive.ql.io.rcfile.stats.PartialScanTask_java,4,355
org.apache.hadoop.hive.ql.stats.KeyVerifyingStatsAggregator_java,4,355
org.apache.hadoop.hive.ql.exec.ArchiveUtils_java,4,355
org.apache.hadoop.hive.ql.exec.LateralViewJoinOperator_java,4,355
org.apache.hadoop.hive.ql.parse.SemanticException_java,4,355
org.apache.hadoop.hive.ql.exec.persistence.PTFRowContainer_java,4,355
org.apache.hadoop.hive.ql.stats.StatsAggregator_java,3,380
org.apache.hadoop.hive.ql.security.authorization.plugin.sqlstd.Operation2Privilege_java,3,380
org.apache.hadoop.hive.ql.exec.vector.VectorHashKeyWrapper_java,3,380
org.apache.hadoop.hive.ql.security.authorization.plugin.HiveAccessController_java,3,380
org.apache.hive.hcatalog.pig.HCatStorer_java,3,380
org.apache.hadoop.hive.ql.hooks.VerifyPartitionIsNotSubdirectoryOfTableHook_java,3,380
org.apache.hadoop.hive.ql.hooks.VerifyPartitionIsSubdirectoryOfTableHook_java,3,380
org.apache.hadoop.hive.ql.udf.generic.GenericUDFBridge_java,3,380
org.apache.hadoop.hive.ql.hooks.VerifyOutputTableLocationSchemeIsFileHook_java,3,380
org.apache.hadoop.hive.ql.parse.PTFTranslator_java,3,380
org.apache.hadoop.hive.ql.security.authorization.plugin.sqlstd.SQLStdHiveAuthorizationValidator_java,3,380
org.apache.hadoop.hive.ql.optimizer.pcr.PcrExprProcFactory_java,3,380
org.apache.hadoop.hive.ql.io.DefaultHivePartitioner_java,2,392
org.apache.hadoop.hive.ql.security.HadoopDefaultMetastoreAuthenticator_java,2,392
org.apache.hive.service.cli.operation.ExecuteStatementOperation_java,2,392
org.apache.hadoop.hive.ql.HashTableLoaderFactory_java,2,392
org.apache.hadoop.hive.cli.CliDriver_java,2,392
org.apache.hadoop.hive.ql.exec.persistence.MapJoinRowContainer_java,2,392
org.apache.hadoop.hive.ql.exec.mr.MapRedTask_java,2,392
org.apache.hadoop.hive.ql.plan.OperatorDesc_java,2,392
org.apache.hadoop.hive.ql.parse.FunctionSemanticAnalyzer_java,2,392
org.apache.hadoop.hive.ql.udf.generic.GenericUDAFAverage_java,2,392
org.apache.hadoop.hive.ql.exec.vector.expressions.VectorExpressionWriterFactory_java,2,392
org.apache.hadoop.hive.ql.exec.HashTableLoader_java,2,392
org.apache.hadoop.hive.ql.exec.MapredContext_java,2,392
org.apache.hadoop.hive.ql.exec.MuxOperator_java,2,392
org.apache.hadoop.hive.serde2.ColumnProjectionUtils_java,2,392
org.apache.hadoop.hive.ql.exec.persistence.MapJoinTableContainer_java,2,392
org.apache.hadoop.hive.ql.exec.FunctionInfo_java,2,392
org.apache.hadoop.hive.common.StatsSetupConst_java,2,392
org.apache.hive.hcatalog.mapreduce.InternalUtil_java,2,392
org.apache.hive.hcatalog.cli.SemanticAnalysis.HCatSemanticAnalyzer_java,2,392
org.apache.hadoop.hive.ql.exec.vector.expressions.CastDecimalToString_java,2,392
org.apache.hadoop.hive.ql.exec.vector.expressions.StringUnaryUDF_java,2,392
org.apache.hadoop.hive.ql.exec.tez.MapRecordProcessor_java,2,392
org.apache.hadoop.hive.ql.optimizer.SizeBasedBigTableSelectorForAutoSMJ_java,2,392
org.apache.hadoop.hive.ql.parse.MacroSemanticAnalyzer_java,2,392
org.apache.hadoop.hive.ql.optimizer.ppr.PartitionPruner_java,2,392
org.apache.hadoop.hive.ql.exec.ObjectCacheFactory_java,2,392
org.apache.hadoop.hive.ql.metadata.HiveMetaStoreChecker_java,2,392
org.apache.hadoop.hive.ql.exec.DemuxOperator_java,2,392
org.apache.hive.beeline.HiveSchemaTool_java,2,392
org.apache.hadoop.hive.ql.security.authorization.plugin.HiveOperationType_java,1,422
org.apache.hadoop.hive.ql.index.AggregateIndexHandler_java,1,422
org.apache.hadoop.hive.ql.plan.ReduceSinkDesc_java,1,422
org.apache.hadoop.hive.ql.index.compact.CompactIndexHandler_java,1,422
org.apache.hadoop.hive.ql.plan.HiveOperation_java,1,422
org.apache.hive.service.cli.operation.Operation_java,1,422
org.apache.hive.service.cli.HiveSQLException_java,1,422
org.apache.hadoop.hive.ql.plan.HashTableSinkDesc_java,1,422
