file,bugChurn,rank
org.apache.hadoop.hive.ql.optimizer.calcite.rules.views.SubstitutionVisitor_java,2458,1
org.apache.hadoop.hive.llap.cache.BuddyAllocator_java,1693,2
org.apache.hadoop.hive.ql.optimizer.physical.Vectorizer_java,1484,3
org.apache.hadoop.hive.ql.io.orc.OrcRawRecordMerger_java,1017,4
org.apache.hadoop.hive.metastore.ObjectStore_java,785,5
org.apache.hadoop.hive.ql.io.orc.encoded.EncodedReaderImpl_java,732,6
org.apache.hadoop.hive.ql.optimizer.calcite.rules.HiveSubQueryRemoveRule_java,658,7
org.apache.hadoop.hive.ql.exec.vector.expressions.aggregates.VectorUDAFVarSampTimestamp_java,533,8
org.apache.hadoop.hive.ql.exec.vector.expressions.aggregates.VectorUDAFStdSampTimestamp_java,533,8
org.apache.hadoop.hive.ql.exec.vector.expressions.aggregates.VectorUDAFVarPopTimestamp_java,533,8
org.apache.hadoop.hive.ql.exec.vector.expressions.aggregates.VectorUDAFStdPopTimestamp_java,533,8
org.apache.hadoop.hive.metastore.HiveAlterHandler_java,527,12
org.apache.hadoop.hive.ql.exec.vector.expressions.aggregates.VectorUDAFAvgDecimal_java,521,13
org.apache.hadoop.hive.ql.exec.vector.VectorDeserializeRow_java,492,14
org.apache.hadoop.hive.ql.exec.vector.expressions.aggregates.VectorUDAFAvgTimestamp_java,488,15
org.apache.hadoop.hive.ql.exec.vector.VectorAssignRow_java,410,16
org.apache.hadoop.hive.llap.daemon.impl.TaskExecutorService_java,397,17
org.apache.hadoop.hive.accumulo.HiveAccumuloHelper_java,396,18
org.apache.hadoop.hive.ql.optimizer.DynamicPartitionPruningOptimization_java,396,18
org.apache.hadoop.hive.ql.exec.spark.SparkReduceRecordHandler_java,347,20
org.apache.hadoop.hive.metastore.MetaStoreDirectSql_java,344,21
org.apache.hadoop.hive.tools.GenVectorCode_java,337,22
org.apache.hadoop.hive.ql.exec.vector.VectorizationContext_java,308,23
org.apache.hadoop.hive.ql.optimizer.calcite.rules.views.MaterializedViewSubstitutionVisitor_java,292,24
org.apache.hadoop.hive.ql.exec.vector.expressions.CastStringToLong_java,271,25
org.apache.hadoop.hive.ql.io.parquet.timestamp.NanoTimeUtils_java,271,25
org.apache.hadoop.hive.ql.parse.SemanticAnalyzer_java,255,27
org.apache.hadoop.hive.ql.parse.TezCompiler_java,252,28
org.apache.hadoop.hive.llap.daemon.rpc.LlapDaemonProtocolProtos_java,250,29
org.apache.hive.service.cli.operation.LogDivertAppender_java,249,30
org.apache.hadoop.hive.accumulo.mr.HiveAccumuloTableInputFormat_java,244,31
org.apache.hadoop.hive.ql.parse.CalcitePlanner_java,235,32
org.apache.hadoop.hive.ql.Driver_java,234,33
org.apache.hadoop.hive.llap.daemon.impl.QueryTracker_java,202,34
org.apache.hadoop.hive.ql.exec.vector.udf.VectorUDFAdaptor_java,194,35
org.apache.hadoop.hive.llap.cache.SerDeLowLevelCacheImpl_java,193,36
org.apache.hadoop.hive.ql.exec.vector.expressions.VectorExpressionWriterFactory_java,188,37
org.apache.hadoop.hive.common.JvmMetrics_java,187,38
org.apache.hadoop.hive.ql.io.orc.VectorizedOrcAcidRowBatchReader_java,183,39
org.apache.hadoop.hive.ql.optimizer.stats.annotation.StatsRulesProcFactory_java,181,40
org.apache.hive.beeline.Commands_java,179,41
org.apache.hadoop.hive.ql.metadata.Hive_java,155,42
org.apache.hadoop.hive.metastore.api.GetOpenTxnsResponse_java,150,43
org.apache.hadoop.hive.ql.parse.ProcessAnalyzeTable_java,147,44
org.apache.hadoop.hive.ql.QueryState_java,146,45
org.apache.hadoop.hive.conf.HiveConf_java,142,46
org.apache.hadoop.hive.ql.exec.vector.VectorizedRowBatchCtx_java,141,47
org.apache.hadoop.hive.ql.plan.ExprNodeDescUtils_java,139,48
org.apache.hadoop.hive.ql.exec.Utilities_java,138,49
org.apache.hadoop.hive.llap.cache.LowLevelLrfuCachePolicy_java,136,50
org.apache.hadoop.hive.ql.exec.vector.reducesink.VectorReduceSinkCommonOperator_java,130,51
org.apache.hadoop.hive.ql.exec.vector.reducesink.VectorReduceSinkObjectHashOperator_java,127,52
org.apache.hadoop.hive.llap.metrics.LlapDaemonJvmMetrics_java,123,53
org.apache.hadoop.hive.ql.exec.vector.VectorMapOperator_java,123,53
org.apache.hadoop.hive.ql.parse.spark.SplitOpTreeForDPP_java,120,55
org.apache.hadoop.hive.druid.serde.DruidSerDe_java,119,56
org.apache.hadoop.hive.llap.cache.LlapDataBuffer_java,119,56
org.apache.hadoop.hive.common.ValidReadTxnList_java,115,58
org.apache.hadoop.hive.ql.plan.PTFDesc_java,112,59
org.apache.hadoop.hive.llap.io.encoded.OrcEncodedDataReader_java,112,59
org.apache.hadoop.hive.ql.exec.DDLTask_java,111,61
org.apache.hadoop.hive.ql.exec.tez.TezTask_java,110,62
org.apache.hadoop.hive.llap.daemon.impl.LlapDaemon_java,109,63
org.apache.hadoop.hive.common.FileUtils_java,109,63
org.apache.hive.service.cli.operation.SQLOperationDisplay_java,108,65
org.apache.hadoop.hive.ql.metadata.HiveMetaStoreChecker_java,106,66
org.apache.hive.common.util.Murmur3_java,104,67
org.apache.hadoop.hive.metastore.txn.TxnHandler_java,102,68
org.apache.hadoop.hive.llap.tezplugins.LlapTaskSchedulerService_java,101,69
org.apache.hadoop.hive.ql.session.SessionState_java,99,70
org.apache.hadoop.hive.ql.io.parquet.ParquetRecordReaderBase_java,95,71
org.apache.hive.service.cli.operation.Operation_java,94,72
org.apache.hadoop.hive.ql.io.parquet.MapredParquetInputFormat_java,94,72
org.apache.hadoop.hive.llap.io.encoded.SerDeEncodedDataReader_java,93,74
org.apache.hadoop.hive.ql.optimizer.calcite.rules.views.HiveMaterializedViewFilterScanRule_java,92,75
org.apache.hadoop.hive.llap.io.api.impl.LlapRecordReader_java,89,76
org.apache.hadoop.hive.ql.io.orc.OrcInputFormat_java,88,77
org.apache.hadoop.hive.ql.exec.vector.VectorGroupByOperator_java,87,78
org.apache.hadoop.hive.metastore.messaging.EventUtils_java,87,78
org.apache.hadoop.hive.ql.io.orc.OrcRecordUpdater_java,87,78
org.apache.hadoop.hive.ql.exec.tez.ReduceRecordSource_java,86,81
org.apache.hadoop.hive.ql.plan.ReduceSinkDesc_java,85,82
org.apache.hadoop.hive.ql.plan.GroupByDesc_java,84,83
org.apache.hadoop.hive.accumulo.mr.HiveAccumuloTableOutputFormat_java,84,83
org.apache.hadoop.hive.llap.shufflehandler.ShuffleHandler_java,81,85
org.apache.hadoop.hive.ql.exec.tez.InterruptibleProcessing_java,79,86
org.apache.hadoop.hive.accumulo.AccumuloStorageHandler_java,77,87
org.apache.hive.service.cli.operation.OperationManager_java,77,87
org.apache.hive.common.util.HiveStringUtils_java,77,87
org.apache.hadoop.hive.ql.optimizer.calcite.rules.HiveProjectSortTransposeRule_java,76,90
org.apache.hadoop.hive.ql.session.OperationLog_java,76,90
org.apache.hadoop.hive.ql.metadata.SessionHiveMetaStoreClient_java,76,90
org.apache.hadoop.hive.ql.exec.Operator_java,75,93
org.apache.hadoop.hive.llap.daemon.impl.TaskExecutorTestHelpers_java,74,94
org.apache.hadoop.hive.ql.optimizer.spark.SparkMapJoinOptimizer_java,74,94
org.apache.hadoop.hive.ql.optimizer.AnnotateReduceSinkOutputOperator_java,73,96
org.apache.hadoop.hive.druid.DruidStorageHandlerUtils_java,72,97
org.apache.hadoop.hive.ql.exec.ExplainTask_java,72,97
org.apache.hadoop.hive.llap.io.api.impl.LlapIoImpl_java,71,99
org.apache.hadoop.hive.llap.io.api.impl.LlapInputFormat_java,71,99
org.apache.hadoop.hive.ql.QTestProcessExecResult_java,70,101
org.apache.hadoop.hive.druid.DruidStorageHandler_java,70,101
org.apache.hadoop.hive.metastore.Warehouse_java,69,103
org.apache.hadoop.hive.ql.exec.tez.DagUtils_java,69,103
org.apache.hadoop.hive.ql.udf.UDFJson_java,67,105
org.apache.hadoop.hive.ql.plan.ReduceWork_java,67,105
org.apache.hadoop.hive.common.JvmMetricsInfo_java,65,107
org.apache.hadoop.hive.llap.cache.LowLevelCacheImpl_java,65,107
org.apache.hadoop.hive.llap.metrics.LlapDaemonJvmInfo_java,63,109
org.apache.hadoop.hive.druid.io.DruidQueryBasedInputFormat_java,63,109
org.apache.hadoop.hive.ql.io.AcidUtils_java,62,111
org.apache.hadoop.hive.ql.exec.mr.ExecDriver_java,62,111
org.apache.hadoop.hive.ql.optimizer.physical.LlapDecider_java,62,111
org.apache.hadoop.hive.llap.daemon.impl.QueryInfo_java,62,111
org.apache.hadoop.hive.ql.optimizer.calcite.translator.RexNodeConverter_java,62,111
org.apache.hadoop.hive.ql.exec.vector.VectorizedBatchUtil_java,61,116
org.apache.hadoop.hive.ql.processors.DfsProcessor_java,60,117
org.apache.hive.service.cli.operation.SQLOperation_java,59,118
org.apache.hadoop.hive.ql.lockmgr.zookeeper.ZooKeeperHiveLockManager_java,59,118
org.apache.hadoop.hive.cli.control.CoreBeeLineDriver_java,58,120
org.apache.hadoop.hive.ql.optimizer.physical.NullScanOptimizer_java,58,120
org.apache.hadoop.hive.common.jsonexplain.tez.Op_java,58,120
org.apache.hadoop.hive.ql.parse.BaseSemanticAnalyzer_java,57,123
org.apache.hadoop.hive.accumulo.AccumuloConnectionParameters_java,57,123
org.apache.hadoop.hive.ql.exec.vector.VectorHashKeyWrapper_java,56,125
org.apache.hadoop.hive.ql.io.orc.LocalCache_java,56,125
org.apache.hadoop.hive.ql.exec.tez.monitoring.DAGSummary_java,55,127
org.apache.hive.spark.client.SparkClientImpl_java,55,127
org.apache.hadoop.hive.druid.serde.DruidGroupByQueryRecordReader_java,52,129
org.apache.hadoop.hive.ql.hooks.HookUtils_java,52,129
org.apache.hadoop.hive.ql.io.parquet.MapredParquetOutputFormat_java,52,129
org.apache.hadoop.hive.ql.exec.vector.reducesink.VectorReduceSinkUniformHashOperator_java,48,132
org.apache.hadoop.hive.ql.optimizer.calcite.rules.HiveSortProjectTransposeRule_java,48,132
org.apache.hadoop.hive.ql.exec.MoveTask_java,48,132
org.apache.hive.hcatalog.templeton.LauncherDelegator_java,47,135
org.apache.hadoop.hive.ql.stats.StatsUtils_java,47,135
org.apache.hadoop.hive.llap.cache.LowLevelCacheMemoryManager_java,46,137
org.apache.hadoop.hive.metastore.MetaStoreUtils_java,46,137
org.apache.hadoop.hive.common.jsonexplain.tez.Vertex_java,45,139
org.apache.hive.service.cli.session.HiveSessionImpl_java,43,140
org.apache.hadoop.hive.ql.exec.OperatorFactory_java,43,140
org.apache.hadoop.hive.ql.metadata.VirtualColumn_java,42,142
org.apache.hadoop.hive.ql.exec.vector.VectorizedRowBatch_java,42,142
org.apache.hadoop.hive.llap.cache.LowLevelFifoCachePolicy_java,42,142
org.apache.hadoop.hive.ql.exec.spark.RepartitionShuffler_java,42,142
org.apache.hadoop.hive.metastore.StatObjectConverter_java,42,142
org.apache.hadoop.hive.llap.cli.LlapServiceDriver_java,42,142
org.apache.hadoop.hive.ql.exec.vector.VectorGroupKeyHelper_java,42,142
org.apache.hadoop.hive.ql.exec.vector.expressions.aggregates.VectorUDAFBloomFilter_java,41,149
org.apache.hadoop.hive.ql.exec.vector.VectorExtractRow_java,40,150
org.apache.hadoop.hive.ql.optimizer.calcite.cost.HiveOnTezCostModel_java,39,151
org.apache.hadoop.hive.ql.exec.vector.expressions.aggregates.VectorUDAFSumDecimal_java,39,151
org.apache.hadoop.hive.serde2.binarysortable.fast.BinarySortableDeserializeRead_java,39,151
org.apache.hadoop.hive.ql.parse.spark.GenSparkUtils_java,39,151
org.apache.hive.service.cli.operation.SQLOperationDisplayCache_java,39,151
org.apache.hadoop.hive.ql.ErrorMsg_java,38,156
org.apache.hadoop.hive.ql.exec.OrcFileMergeOperator_java,38,156
org.apache.hadoop.hive.ql.plan.VectorReduceSinkDesc_java,38,156
org.apache.hadoop.hive.ql.io.parquet.vector.VectorizedParquetRecordReader_java,38,156
org.apache.hadoop.hive.ql.parse.ReplicationSemanticAnalyzer_java,37,160
org.apache.hadoop.hive.llap.cache.EvictionDispatcher_java,37,160
org.apache.hadoop.hive.ql.parse.DDLSemanticAnalyzer_java,37,160
org.apache.hadoop.hive.ql.optimizer.ColumnPrunerProcFactory_java,36,163
org.apache.hadoop.hive.ql.io.orc.OrcFileKeyWrapper_java,36,163
org.apache.hive.hcatalog.listener.DbNotificationListener_java,35,165
org.apache.hadoop.hive.ql.exec.vector.mapjoin.VectorMapJoinGenerateResultOperator_java,35,165
org.apache.hadoop.hive.metastore.HiveMetaStore_java,34,167
org.apache.hadoop.hive.ql.optimizer.ConvertJoinMapJoin_java,34,167
org.apache.hadoop.hive.ql.hooks.QueryLifeTimeHookContextImpl_java,34,167
org.apache.hadoop.hive.llap.daemon.impl.EvictingPriorityBlockingQueue_java,34,167
org.apache.hadoop.hive.ql.optimizer.physical.index.IndexWhereTaskDispatcher_java,34,167
org.apache.hadoop.hive.ql.io.AcidOutputFormat_java,33,172
org.apache.hive.jdbc.HiveConnection_java,33,172
org.apache.hive.spark.client.SparkClientFactory_java,33,172
org.apache.hadoop.hive.ql.metadata.HiveException_java,33,172
org.apache.hadoop.hive.llap.daemon.impl.TaskRunnerCallable_java,32,176
org.apache.hadoop.hive.ql.optimizer.calcite.translator.ASTBuilder_java,31,177
org.apache.hadoop.hive.common.LogUtils_java,30,178
org.apache.hive.common.util.HashCodeUtil_java,30,178
org.apache.hive.hcatalog.templeton.tool.TempletonUtils_java,29,180
org.apache.hadoop.hive.druid.io.DruidOutputFormat_java,29,180
org.apache.hadoop.hive.ql.exec.spark.SparkPlanGenerator_java,29,180
org.apache.hadoop.hive.ql.io.parquet.VectorizedColumnReaderTestBase_java,29,180
org.apache.hadoop.hive.metastore.Deadline_java,29,180
org.apache.hadoop.hive.ql.exec.vector.expressions.aggregates.VectorUDAFCountMerge_java,28,185
org.apache.hadoop.hive.ql.exec.FetchOperator_java,28,185
org.apache.hadoop.hive.ql.exec.vector.expressions.aggregates.VectorUDAFCount_java,28,185
org.apache.hadoop.hive.ql.io.parquet.serde.ParquetHiveSerDe_java,27,188
org.apache.hadoop.hive.ql.exec.tez.ReduceRecordProcessor_java,27,188
org.apache.hadoop.hive.llap.cache.SimpleAllocator_java,27,188
org.apache.hive.jdbc.HiveStatement_java,27,188
org.apache.hive.hcatalog.mapreduce.SpecialCases_java,27,188
org.apache.hive.hplsql.Udf_java,26,193
org.apache.hadoop.hive.druid.serde.DruidSerDeUtils_java,26,193
org.apache.hadoop.hive.ql.io.parquet.read.ParquetRecordReaderWrapper_java,26,193
org.apache.hadoop.hive.ql.exec.GroupByOperator_java,26,193
org.apache.hadoop.hive.ql.optimizer.ppr.PartitionPruner_java,26,193
org.apache.hadoop.hive.ql.exec.vector.expressions.aggregates.VectorUDAFBloomFilterMerge_java,25,198
org.apache.hadoop.hive.ql.udf.generic.GenericUDAFSum_java,25,198
org.apache.hadoop.hive.ql.exec.StatsNoJobTask_java,25,198
org.apache.hadoop.hive.shims.Hadoop23Shims_java,24,201
org.apache.hadoop.hive.ql.io.parquet.write.ParquetRecordWriterWrapper_java,24,201
org.apache.hadoop.hive.llap.daemon.impl.QueryFragmentInfo_java,24,201
org.apache.hadoop.hive.llap.io.encoded.TezCounterSource_java,24,201
org.apache.hadoop.hive.ql.io.HiveInputFormat_java,24,201
org.apache.hadoop.hive.ql.io.parquet.convert.ETypeConverter_java,24,201
org.apache.hadoop.hive.llap.io.metadata.OrcMetadataCache_java,24,201
org.apache.hadoop.hive.ql.udf.generic.GenericUDTFGetSplits_java,23,208
org.apache.hadoop.hive.ql.exec.tez.TezSessionPoolManager_java,23,208
org.apache.hadoop.hive.ql.txn.compactor.CompactorMR_java,23,208
org.apache.hadoop.hive.llap.cache.SimpleBufferManager_java,22,211
org.apache.hadoop.hive.ql.optimizer.calcite.translator.ExprNodeConverter_java,22,211
org.apache.hadoop.hive.llap.cli.LlapOptionsProcessor_java,22,211
org.apache.hadoop.hive.metastore.hbase.HBaseStore_java,22,211
org.apache.hadoop.hive.ql.io.parquet.read.DataWritableReadSupport_java,21,215
org.apache.hadoop.hive.ql.processors.ResetProcessor_java,21,215
org.apache.hadoop.hive.ql.plan.MapWork_java,21,215
org.apache.hadoop.hive.ql.io.RecordIdentifier_java,21,215
org.apache.hadoop.hive.druid.serde.DruidQueryRecordReader_java,20,219
org.apache.hadoop.hive.common.io.DiskRangeList_java,20,219
org.apache.hadoop.hive.ql.exec.vector.expressions.aggregates.VectorUDAFCountStar_java,20,219
org.apache.hadoop.hive.llap.security.SecretManager_java,20,219
org.apache.hadoop.hive.druid.io.HiveDruidSplit_java,19,223
org.apache.hive.storage.jdbc.JdbcSerDe_java,18,224
org.apache.hadoop.hive.ql.plan.TezEdgeProperty_java,18,224
org.apache.hadoop.hive.ql.io.parquet.vector.VectorizedPrimitiveColumnReader_java,18,224
org.apache.hadoop.hive.ql.plan.VectorGroupByDesc_java,18,224
org.apache.hadoop.hive.ql.exec.tez.MapRecordProcessor_java,18,224
org.apache.hadoop.hive.ql.exec.ReplCopyTask_java,18,224
org.apache.hadoop.hive.ql.exec.tez.RecordProcessor_java,18,224
org.apache.hadoop.hive.common.ValidTxnList_java,18,224
org.apache.hadoop.hive.serde2.objectinspector.primitive.JavaBinaryObjectInspector_java,18,224
org.apache.hadoop.hive.ql.exec.FileSinkOperator_java,18,224
org.apache.hadoop.hive.common.io.Allocator_java,17,234
org.apache.hadoop.hive.ql.exec.vector.expressions.aggregates.VectorAggregateExpression_java,17,234
org.apache.hadoop.hive.ql.optimizer.calcite.HiveTypeSystemImpl_java,17,234
org.apache.hive.beeline.HiveSchemaTool_java,17,234
org.apache.hadoop.hive.ql.exec.tez.MergeFileRecordProcessor_java,16,238
org.apache.hadoop.hive.llap.io.metadata.OrcStripeMetadata_java,16,238
org.apache.hive.hcatalog.streaming.mutate.worker.MutatorImpl_java,16,238
org.apache.hadoop.hive.llap.daemon.impl.AMReporter_java,16,238
org.apache.hadoop.hive.ql.QTestUtil_java,16,238
org.apache.hadoop.hive.ql.optimizer.physical.CommonJoinTaskDispatcher_java,15,243
org.apache.hadoop.hive.ql.processors.SetProcessor_java,15,243
org.apache.hadoop.hive.serde2.lazy.fast.LazySimpleDeserializeRead_java,14,245
org.apache.hadoop.hive.ql.io.parquet.AbstractTestParquetDirect_java,14,245
org.apache.hadoop.hive.ql.exec.mr.MapredLocalTask_java,14,245
org.apache.hadoop.hive.ql.exec.FunctionRegistry_java,14,245
org.apache.hadoop.hive.ql.optimizer.calcite.cost.HiveAlgorithmsUtil_java,14,245
org.apache.hadoop.hive.ql.io.parquet.write.DataWritableWriteSupport_java,14,245
org.apache.hadoop.hive.ql.io.parquet.read.ParquetFilterPredicateConverter_java,13,251
org.apache.hadoop.hive.ql.exec.vector.VectorHashKeyWrapperBatch_java,13,251
org.apache.hadoop.hive.metastore.txn.TxnUtils_java,13,251
org.apache.hadoop.hive.llap.tezplugins.LlapTaskCommunicator_java,13,251
org.apache.hadoop.hive.ql.optimizer.calcite.rules.HiveExpandDistinctAggregatesRule_java,13,251
org.apache.hadoop.hive.ql.parse.GenTezUtils_java,13,251
org.apache.hadoop.hive.ql.lockmgr.DbTxnManager_java,12,257
org.apache.hadoop.hive.ql.hooks.PostExecTezSummaryPrinter_java,12,257
org.apache.hadoop.hive.ql.exec.vector.VectorSelectOperator_java,12,257
org.apache.hadoop.hive.ql.exec.ColumnStatsUpdateTask_java,12,257
org.apache.hadoop.hive.llap.configuration.LlapDaemonConfiguration_java,11,261
org.apache.hadoop.hive.ql.parse.EximUtil_java,11,261
org.apache.hadoop.hive.ql.exec.TableScanOperator_java,11,261
org.apache.hadoop.hive.common.ValidCompactorTxnList_java,11,261
org.apache.hadoop.hive.ql.exec.CommonMergeJoinOperator_java,11,261
org.apache.hive.beeline.BeeLineOpts_java,11,261
org.apache.hive.beeline.SeparatedValuesOutputFormat_java,11,261
org.apache.hadoop.hive.common.log.InPlaceUpdate_java,11,261
org.apache.hadoop.hive.cli.CliDriver_java,10,269
org.apache.hadoop.hive.ql.parse.RuntimeValuesInfo_java,10,269
org.apache.hadoop.hive.ql.udf.generic.GenericUDFNullif_java,10,269
org.apache.hadoop.hive.ql.plan.TableScanDesc_java,10,269
org.apache.hadoop.hive.ql.udf.generic.GenericUDAFAverage_java,10,269
org.apache.hadoop.hive.ql.parse.UpdateDeleteSemanticAnalyzer_java,10,269
org.apache.hadoop.hive.ql.metadata.Partition_java,10,269
org.apache.hive.spark.client.rpc.Rpc_java,10,269
org.apache.hadoop.hive.ql.plan.JoinCondDesc_java,10,269
org.apache.hadoop.hive.ql.plan.FileSinkDesc_java,10,269
org.apache.hadoop.hive.ql.processors.CommandProcessorResponse_java,10,269
org.apache.hadoop.hive.ql.io.parquet.write.DataWritableWriter_java,10,269
org.apache.hadoop.hive.llap.daemon.impl.ContainerRunnerImpl_java,10,269
org.apache.hadoop.hive.ql.hooks.HookContext_java,10,269
org.apache.hadoop.hive.ql.udf.generic.GenericUDFOPEqual_java,9,283
org.apache.hadoop.hive.ql.exec.tez.TezSessionState_java,9,283
org.apache.hadoop.hive.ql.optimizer.calcite.HiveCalciteUtil_java,9,283
org.apache.hadoop.hive.ql.udf.generic.GenericUDFOPNotEqual_java,9,283
org.apache.hadoop.hive.ql.udf.generic.GenericUDFUnixTimeStamp_java,9,283
org.apache.hadoop.hive.ql.parse.ColumnStatsAutoGatherContext_java,9,283
org.apache.hadoop.hive.ql.optimizer.calcite.stats.FilterSelectivityEstimator_java,9,283
org.apache.hive.service.cli.operation.ExecuteStatementOperation_java,8,290
org.apache.hadoop.hive.ql.udf.UDFToInteger_java,8,290
org.apache.hive.service.servlet.QueryProfileServlet_java,8,290
org.apache.hadoop.hive.llap.daemon.impl.StatsRecordingThreadPool_java,8,290
org.apache.hive.storage.jdbc.dao.JdbcRecordIterator_java,8,290
org.apache.hadoop.hive.ql.optimizer.Optimizer_java,8,290
org.apache.hadoop.hive.druid.io.DruidRecordWriter_java,8,290
org.apache.hadoop.hive.ql.optimizer.ppr.PartitionExpressionForMetastore_java,8,290
org.apache.hive.beeline.BeeLine_java,8,290
org.apache.hive.service.cli.operation.HiveCommandOperation_java,8,290
org.apache.hive.storage.jdbc.JdbcRecordReader_java,7,300
org.apache.hive.hcatalog.streaming.mutate.worker.MutatorCoordinator_java,7,300
org.apache.hadoop.hive.ql.optimizer.calcite.cost.HiveCostModel_java,7,300
org.apache.hive.hcatalog.mapreduce.FileRecordWriterContainer_java,7,300
org.apache.hadoop.hive.common.jsonexplain.tez.Connection_java,7,300
org.apache.hadoop.hive.ql.optimizer.spark.SetSparkReducerParallelism_java,7,300
org.apache.hadoop.hive.ql.exec.TaskRunner_java,7,300
org.apache.hive.hcatalog.streaming.mutate.worker.BucketIdResolverImpl_java,6,307
org.apache.hadoop.hive.llap.cache.LlapCacheableBuffer_java,6,307
org.apache.hive.service.cli.thrift.ThriftCLIService_java,6,307
org.apache.hadoop.hive.ql.plan.SparkWork_java,6,307
org.apache.hadoop.hive.ql.hooks.PostExecutePrinter_java,6,307
org.apache.hadoop.hive.ql.txn.compactor.HouseKeeperServiceBase_java,6,307
org.apache.hive.spark.client.rpc.RpcConfiguration_java,6,307
org.apache.hadoop.hive.llap.daemon.impl.LlapDaemonMXBean_java,6,307
org.apache.hadoop.hive.ql.exec.ExprNodeEvaluatorFactory_java,6,307
org.apache.hadoop.hive.serde2.ColumnProjectionUtils_java,6,307
org.apache.hadoop.hive.llap.cache.MemoryManager_java,6,307
org.apache.hadoop.hive.ql.hooks.PreExecutePrinter_java,6,307
org.apache.hadoop.hive.llap.io.decode.OrcColumnVectorProducer_java,6,307
org.apache.hadoop.hive.common.io.DataCache_java,6,307
org.apache.hadoop.hive.ql.optimizer.calcite.rules.HiveRelDecorrelator_java,6,307
org.apache.hadoop.hive.ql.parse.ParseContext_java,6,307
org.apache.hadoop.hive.ql.parse.QBSubQuery_java,6,307
org.apache.hive.hcatalog.templeton.StatusDelegator_java,6,307
org.apache.hive.hcatalog.templeton.ListDelegator_java,6,307
org.apache.hadoop.hive.contrib.util.typedbytes.TypedBytesWritableOutput_java,6,307
org.apache.hadoop.hive.ql.parse.ImportSemanticAnalyzer_java,6,307
org.apache.hive.hcatalog.templeton.DeleteDelegator_java,6,307
org.apache.hadoop.hive.ql.io.AcidInputFormat_java,5,329
org.apache.hadoop.hive.ql.optimizer.calcite.reloperators.HiveJoin_java,5,329
org.apache.hadoop.hive.ql.parse.LoadSemanticAnalyzer_java,5,329
org.apache.hadoop.hive.ql.exec.TopNHash_java,5,329
org.apache.hadoop.hive.ql.metadata.HiveMaterializedViewsRegistry_java,5,329
org.apache.hadoop.hive.ql.parse.ColumnStatsSemanticAnalyzer_java,5,329
org.apache.hadoop.hive.llap.daemon.MiniLlapCluster_java,5,329
org.apache.hadoop.hive.ql.exec.spark.RemoteHiveSparkClient_java,5,329
org.apache.hadoop.hive.llap.registry.impl.LlapRegistryService_java,5,329
org.apache.hadoop.hive.ql.exec.spark.LocalHiveSparkClient_java,5,329
org.apache.hadoop.hive.ql.io.orc.OrcFileStripeMergeRecordReader_java,5,329
org.apache.hadoop.hive.llap.cache.LowLevelCachePolicy_java,4,340
org.apache.hadoop.hive.serde2.typeinfo.TypeInfoUtils_java,4,340
org.apache.hadoop.hive.ql.exec.mr.MapRedTask_java,4,340
org.apache.hadoop.hive.llap.daemon.impl.LlapTaskReporter_java,4,340
org.apache.hadoop.hive.ql.exec.spark.SparkUtilities_java,4,340
org.apache.hadoop.hive.ql.optimizer.calcite.rules.HiveRelFieldTrimmer_java,4,340
org.apache.hadoop.hive.llap.daemon.impl.comparator.FirstInFirstOutComparator_java,4,340
org.apache.hadoop.hive.ql.optimizer.calcite.stats.HiveRelMdSelectivity_java,4,340
org.apache.hadoop.hive.ql.io.parquet.ProjectionPusher_java,4,340
org.apache.hadoop.hive.llap.io.metadata.OrcFileEstimateErrors_java,4,340
org.apache.hadoop.hive.metastore.HiveMetaStoreClient_java,4,340
org.apache.hadoop.hive.llap.daemon.impl.comparator.ShortestJobFirstComparator_java,4,340
org.apache.hadoop.hive.ql.exec.vector.reducesink.VectorReduceSinkMultiKeyOperator_java,4,340
org.apache.hadoop.hive.ql.security.authorization.plugin.sqlstd.SQLAuthorizationUtils_java,4,340
org.apache.hadoop.hive.ql.hooks.PostExecOrcRowGroupCountPrinter_java,4,340
org.apache.hadoop.hive.llap.io.metadata.OrcFileMetadata_java,4,340
org.apache.hadoop.hive.ql.exec.vector.expressions.OctetLength_java,4,340
org.apache.hadoop.hive.ql.optimizer.calcite.cost.HiveDefaultCostModel_java,4,340
org.apache.hadoop.hive.ql.io.orc.OrcFile_java,4,340
org.apache.hadoop.hive.metastore.messaging.json.JSONMessageDeserializer_java,4,340
org.apache.hive.service.cli.session.SessionManager_java,4,340
org.apache.hadoop.hive.ql.exec.tez.monitoring.RenderStrategy_java,4,340
org.apache.hadoop.hive.ql.udf.generic.GenericUDFLeadLag_java,4,340
org.apache.hadoop.hive.ql.io.orc.encoded.EncodedReader_java,3,363
org.apache.hadoop.hive.metastore.messaging.PartitionFiles_java,3,363
org.apache.hadoop.hive.ql.txn.compactor.Cleaner_java,3,363
org.apache.hadoop.hive.ql.exec.vector.VectorMapJoinBaseOperator_java,3,363
org.apache.hadoop.hive.accumulo.Utils_java,3,363
org.apache.hadoop.hive.ql.exec.vector.reducesink.VectorReduceSinkStringOperator_java,3,363
org.apache.hive.spark.client.SparkClientUtilities_java,3,363
org.apache.hadoop.hive.ql.optimizer.calcite.reloperators.HiveAggregate_java,3,363
org.apache.hadoop.hive.llap.registry.impl.LlapZookeeperRegistryImpl_java,3,363
org.apache.hadoop.hive.ql.optimizer.physical.SparkCrossProductCheck_java,3,363
org.apache.hive.benchmark.storage.ColumnarStorageBench_java,3,363
org.apache.hadoop.hive.accumulo.serde.DefaultAccumuloRowIdFactory_java,3,363
org.apache.hadoop.hive.ql.udf.UDFToShort_java,3,363
org.apache.hive.spark.client.rpc.RpcServer_java,3,363
org.apache.hadoop.hive.ql.exec.vector.VectorAppMasterEventOperator_java,3,363
org.apache.hadoop.hive.ql.optimizer.physical.CrossProductCheck_java,3,363
org.apache.hadoop.hive.ql.udf.UDFToByte_java,3,363
org.apache.hadoop.hive.ql.exec.vector.mapjoin.fast.VectorMapJoinFastHashTable_java,3,363
org.apache.hive.hcatalog.templeton.SecureProxySupport_java,3,363
org.apache.hadoop.hive.ql.udf.generic.GenericUDFTimestamp_java,3,363
org.apache.hadoop.hive.ql.udf.UDFToBoolean_java,3,363
org.apache.hadoop.hive.ql.exec.vector.reducesink.VectorReduceSinkLongOperator_java,3,363
org.apache.hadoop.hive.cli.control.CorePerfCliDriver_java,3,363
org.apache.hadoop.hive.accumulo.serde.CompositeAccumuloRowIdFactory_java,3,363
org.apache.hadoop.hive.ql.udf.UDFToLong_java,3,363
org.apache.hadoop.hive.ql.optimizer.calcite.stats.HiveRelMdRowCount_java,3,363
org.apache.hive.hcatalog.streaming.mutate.StreamingAssert_java,3,363
org.apache.hadoop.hive.ql.io.rcfile.stats.PartialScanTask_java,3,363
org.apache.hadoop.hive.ql.parse.GenTezWork_java,3,363
org.apache.hadoop.hive.llap.io.encoded.VectorDeserializeOrcWriter_java,3,363
org.apache.hadoop.hive.ql.optimizer.calcite.rules.HiveSortJoinReduceRule_java,3,363
org.apache.hadoop.hive.llap.metrics.LlapDaemonExecutorMetrics_java,2,394
org.apache.hadoop.hive.ql.optimizer.calcite.rules.HiveReduceExpressionsWithStatsRule_java,2,394
org.apache.hadoop.hive.llap.cache.LowLevelCache_java,2,394
org.apache.hadoop.hive.ql.exec.vector.VectorFilterOperator_java,2,394
org.apache.hadoop.hive.ql.parse.spark.GenSparkWork_java,2,394
org.apache.hadoop.hive.ql.optimizer.calcite.rules.HiveSortUnionReduceRule_java,2,394
org.apache.hadoop.hive.llap.daemon.services.impl.LlapWebServices_java,2,394
org.apache.hadoop.hive.ql.parse.TaskCompiler_java,2,394
org.apache.hadoop.hive.ql.optimizer.calcite.stats.HiveRelMdDistinctRowCount_java,2,394
org.apache.hive.http.StackServlet_java,2,394
org.apache.hadoop.hive.ql.optimizer.calcite.rules.HiveJoinPushTransitivePredicatesRule_java,2,394
org.apache.hadoop.hive.ql.io.HiveFileFormatUtils_java,2,394
org.apache.hadoop.hive.ql.optimizer.calcite.stats.HiveRelMdUniqueKeys_java,2,394
org.apache.hadoop.hive.ql.optimizer.calcite.cost.HiveRelMdCost_java,2,394
org.apache.hadoop.hive.ql.optimizer.calcite.RelOptHiveTable_java,2,394
org.apache.hadoop.hive.common.type.FastHiveDecimalImpl_java,2,394
org.apache.hive.spark.client.rpc.SaslHandler_java,2,394
org.apache.hadoop.hive.llap.tezplugins.metrics.LlapTaskSchedulerMetrics_java,2,394
org.apache.hadoop.hive.ql.optimizer.calcite.rules.HiveFilterSetOpTransposeRule_java,2,394
org.apache.hadoop.hive.ql.optimizer.SetReducerParallelism_java,2,394
org.apache.hadoop.hive.ql.optimizer.calcite.rules.HiveUnionPullUpConstantsRule_java,2,394
org.apache.hadoop.hive.ql.optimizer.calcite.rules.HiveAggregateJoinTransposeRule_java,2,394
org.apache.hadoop.hive.ql.plan.ptf.WindowFrameDef_java,2,394
org.apache.hadoop.hive.ql.optimizer.calcite.rules.HiveSortLimitPullUpConstantsRule_java,2,394
org.apache.hive.beeline.hs2connection.UserHS2ConnectionFileParser_java,2,394
org.apache.hadoop.hive.serde2.objectinspector.primitive.PrimitiveObjectInspectorUtils_java,2,394
org.apache.hadoop.hive.serde2.avro.InstanceCache_java,2,394
org.apache.hadoop.hive.llap.daemon.impl.Scheduler_java,2,394
org.apache.hadoop.hive.ql.optimizer.calcite.rules.HiveSortRemoveRule_java,2,394
org.apache.hadoop.hive.serde.serdeConstants_java,2,394
org.apache.hadoop.hive.ql.optimizer.calcite.rules.HiveReduceExpressionsRule_java,2,394
org.apache.hadoop.hive.ql.exec.vector.VectorSMBMapJoinOperator_java,2,394
org.apache.hadoop.hive.metastore.RetryingHMSHandler_java,2,394
org.apache.hadoop.hive.ql.parse.TypeCheckProcFactory_java,2,394
org.apache.hadoop.hive.ql.exec.vector.VectorLimitOperator_java,2,394
org.apache.hadoop.hive.ql.security.authorization.plugin.sqlstd.Operation2Privilege_java,1,429
org.apache.hadoop.hive.ql.log.PerfLogger_java,1,429
org.apache.hadoop.hive.llap.io.api.LlapIo_java,1,429
org.apache.hadoop.hive.llap.cache.LlapOomDebugDump_java,1,429
org.apache.hive.http.HttpServer_java,1,429
org.apache.hadoop.hive.conf.Constants_java,1,429
org.apache.hadoop.hive.ql.exec.tez.SampleTezSessionState_java,1,429
