file,bugChurn,rank
org.apache.hadoop.hive.ql.exec.tez.DagUtils_java,1159,1
org.apache.hadoop.hive.ql.parse.MapReduceCompiler_java,1098,2
org.apache.hadoop.hive.ql.optimizer.GenMapRedUtils_java,1015,3
org.apache.hadoop.hive.ql.parse.SemanticAnalyzer_java,1000,4
org.apache.hadoop.hive.ql.udf.ptf.MatchPath_java,919,5
org.apache.hadoop.hive.ql.exec.Utilities_java,884,6
org.apache.hadoop.hive.metastore.MetaStoreDirectSql_java,882,7
org.apache.hadoop.hive.ql.optimizer.GenMRFileSink1_java,609,8
org.apache.hive.beeline.HiveSchemaTool_java,514,9
org.apache.hive.hcatalog.templeton.tool.TempletonControllerJob_java,511,10
org.apache.hadoop.hive.ql.exec.MapOperator_java,496,11
org.apache.hadoop.hive.ql.io.orc.OrcInputFormat_java,460,12
org.apache.hadoop.hive.ql.history.HiveHistory_java,400,13
org.apache.hadoop.hive.ql.exec.TopNHash_java,396,14
org.apache.hadoop.hive.ql.exec.tez.ReduceRecordProcessor_java,393,15
org.apache.hadoop.hive.ql.parse.TaskCompiler_java,381,16
org.apache.hadoop.hive.ql.exec.tez.TezTask_java,377,17
org.apache.hive.hcatalog.hbase.ManyMiniCluster_java,370,18
org.apache.hadoop.hive.ql.history.HiveHistoryImpl_java,363,19
org.apache.hive.hcatalog.templeton.tool.LaunchMapper_java,363,19
org.apache.hadoop.hive.ql.exec.HashTableSinkOperator_java,348,21
org.apache.hadoop.hive.ql.exec.DDLTask_java,342,22
org.apache.hadoop.hive.serde2.io.TimestampWritable_java,320,23
org.apache.hadoop.hive.metastore.ObjectStore_java,310,24
org.apache.hadoop.hive.ql.exec.tez.MapRecordProcessor_java,293,25
org.apache.hadoop.hive.ql.optimizer.MapJoinProcessor_java,293,25
org.apache.hadoop.hive.ql.parse.TezCompiler_java,288,27
org.apache.hadoop.hive.ql.exec.tez.TezSessionState_java,285,28
org.apache.hadoop.hive.metastore.parser.ExpressionTree_java,279,29
org.apache.hadoop.hive.ql.parse.GenTezWork_java,275,30
org.apache.hadoop.hive.ql.Driver_java,273,31
org.apache.hive.beeline.HiveSchemaHelper_java,273,31
org.apache.hadoop.hive.ql.exec.mr.ExecDriver_java,261,33
org.apache.hadoop.hive.serde2.objectinspector.ObjectInspectorConverters_java,259,34
org.apache.hadoop.hive.ql.plan.TezWork_java,256,35
org.apache.hadoop.hive.ql.exec.MapJoinOperator_java,255,36
org.apache.hadoop.hive.ql.io.orc.OrcFile_java,252,37
org.apache.hadoop.hive.ql.exec.ReduceSinkOperator_java,251,38
org.apache.hadoop.hive.ql.io.orc.ReaderImpl_java,250,39
org.apache.hadoop.hive.ql.QTestUtil_java,244,40
org.apache.hadoop.hive.ql.udf.generic.GenericUDFLeadLag_java,239,41
org.apache.hadoop.hive.ql.io.orc.RecordReaderImpl_java,201,42
org.apache.hadoop.hive.ql.exec.PTFOperator_java,201,42
org.apache.hadoop.hive.ql.exec.persistence.HashMapWrapper_java,201,42
org.apache.hadoop.hive.metastore.api.SkewedInfo_java,200,45
org.apache.hadoop.hive.ql.optimizer.ConvertJoinMapJoin_java,198,46
org.apache.hadoop.hive.ql.exec.vector.VectorReduceSinkOperator_java,191,47
org.apache.hadoop.hive.ql.metadata.Hive_java,188,48
org.apache.hive.hcatalog.templeton.Server_java,186,49
org.apache.hadoop.hive.ql.io.orc.WriterImpl_java,184,50
org.apache.hadoop.hive.ql.exec.tez.TezProcessor_java,179,51
org.apache.hadoop.hive.ql.exec.persistence.MapJoinRowContainer_java,171,52
org.apache.hadoop.hive.ql.optimizer.ReduceSinkMapJoinProc_java,171,52
org.apache.hadoop.hive.ql.session.SessionState_java,167,54
org.apache.hadoop.hive.ql.udf.generic.GenericUDAFSumList_java,160,55
org.apache.hadoop.hive.ql.optimizer.LimitPushdownOptimizer_java,158,56
org.apache.hadoop.hive.shims.HadoopShims_java,151,57
org.apache.hadoop.hive.serde2.objectinspector.ObjectInspectorUtils_java,148,58
org.apache.hadoop.hive.ql.parse.PTFTranslator_java,148,58
org.apache.hadoop.hive.ql.io.HiveInputFormat_java,142,60
org.apache.hadoop.hive.ql.exec.tez.RecordProcessor_java,142,60
org.apache.hadoop.hive.ql.parse.BaseSemanticAnalyzer_java,140,62
org.apache.hadoop.hive.ql.exec.mr.MapRedTask_java,136,63
org.apache.hadoop.hive.ql.udf.ptf.WindowingTableFunction_java,135,64
org.apache.hadoop.hive.serde2.ColumnProjectionUtils_java,132,65
org.apache.hadoop.hive.shims.Hadoop23Shims_java,131,66
org.apache.hadoop.hive.serde2.CustomNonSettableStructObjectInspector1_java,130,67
org.apache.hadoop.hive.ql.exec.persistence.MapJoinTableContainerSerDe_java,126,68
org.apache.hadoop.hive.ql.parse.GenTezProcContext_java,126,68
org.apache.hive.ptest.execution.JIRAService_java,120,70
org.apache.hadoop.hive.ql.exec.Operator_java,120,70
org.apache.hadoop.hive.ql.exec.persistence.MapJoinKey_java,119,72
org.apache.hadoop.hive.ql.exec.ExplainTask_java,115,73
org.apache.hadoop.hive.ql.optimizer.ppr.PartitionPruner_java,115,73
org.apache.hadoop.hive.serde2.CustomSerDe2_java,113,75
org.apache.hadoop.hive.serde2.CustomSerDe1_java,113,75
org.apache.hadoop.hive.ql.history.HiveHistoryUtil_java,111,77
org.apache.hadoop.hive.ql.exec.tez.HashTableLoader_java,111,77
org.apache.hadoop.hive.ql.exec.mr.HashTableLoader_java,104,79
org.apache.hadoop.hive.serde2.avro.AvroSerializer_java,103,80
org.apache.hadoop.hive.ql.metadata.formatting.TextMetaDataFormatter_java,101,81
org.apache.hadoop.hive.serde2.CustomNonSettableUnionObjectInspector1_java,100,82
org.apache.hadoop.hive.ql.parse.DDLSemanticAnalyzer_java,99,83
org.apache.hadoop.hive.ql.optimizer.SetReducerParallelism_java,98,84
org.apache.hadoop.hive.ql.exec.persistence.Utilities_java,96,85
org.apache.hadoop.hive.shims.HadoopShimsSecure_java,95,86
org.apache.hive.hcatalog.templeton.PigDelegator_java,94,87
org.apache.hadoop.hive.ql.exec.mapjoin.MapJoinMemoryExhaustionHandler_java,94,87
org.apache.hive.service.cli.session.HiveSessionImpl_java,88,89
org.apache.hadoop.hive.ql.io.orc.OrcOutputFormat_java,88,89
org.apache.hadoop.hive.ql.ErrorMsg_java,87,91
org.apache.hive.service.cli.operation.ClassicTableTypeMapping_java,86,92
org.apache.hadoop.hive.ql.optimizer.GenMRProcContext_java,85,93
org.apache.hadoop.hive.serde2.CustomSerDe4_java,84,94
org.apache.hadoop.hive.ql.exec.mr.MapredLocalTask_java,84,94
org.apache.hadoop.hive.serde2.lazy.LazySimpleSerDe_java,83,96
org.apache.hadoop.hive.ql.metadata.formatting.JsonMetaDataFormatter_java,83,96
org.apache.hive.jdbc.HiveStatement_java,82,98
org.apache.hadoop.hive.conf.HiveConf_java,82,98
org.apache.hadoop.hive.ql.optimizer.MapJoinFactory_java,81,100
org.apache.hadoop.hive.serde2.CustomSerDe5_java,81,100
org.apache.hive.hcatalog.templeton.tool.TrivialExecService_java,80,102
org.apache.hadoop.hive.ql.plan.PTFDeserializer_java,78,103
org.apache.hadoop.hive.ql.parse.FileSinkProcessor_java,77,104
org.apache.hive.jdbc.HiveConnection_java,77,104
org.apache.hadoop.hive.ql.security.authorization.StorageBasedAuthorizationProvider_java,77,104
org.apache.hadoop.hive.serde2.avro.AvroDeserializer_java,77,104
org.apache.hadoop.hive.serde2.CustomSerDe3_java,77,104
org.apache.hadoop.hive.ql.lockmgr.HiveLockObject_java,75,109
org.apache.hadoop.hive.ql.io.orc.OrcSplit_java,74,110
org.apache.hadoop.hive.ql.udf.generic.GenericUDAFLeadLag_java,73,111
org.apache.hadoop.hive.ql.parse.LeadLagInfo_java,71,112
org.apache.hadoop.hive.ql.exec.FunctionRegistry_java,69,113
org.apache.hadoop.hive.ql.plan.PlanUtils_java,68,114
org.apache.hadoop.hive.ql.security.ProxyUserAuthenticator_java,68,114
org.apache.hadoop.hive.ql.parse.UnparseTranslator_java,66,116
org.apache.hadoop.hive.cli.CliDriver_java,66,116
org.apache.hadoop.hive.ql.exec.SecureCmdDoAs_java,66,116
org.apache.hive.hcatalog.templeton.tool.DelegationTokenCache_java,66,116
org.apache.hadoop.hive.ql.parse.TezWalker_java,66,116
org.apache.hadoop.hive.ql.parse.OptimizeTezProcContext_java,65,121
org.apache.hadoop.hive.serde2.CustomNonSettableListObjectInspector1_java,64,122
org.apache.hadoop.hive.ql.exec.persistence.MapJoinObjectSerDeContext_java,64,122
org.apache.hadoop.hive.ql.exec.DemuxOperator_java,64,122
org.apache.hadoop.hive.ql.plan.AggregationDesc_java,64,122
org.apache.hive.service.cli.operation.SQLOperation_java,62,126
org.apache.hive.service.cli.thrift.ThriftCLIService_java,60,127
org.apache.hive.hcatalog.templeton.CompleteDelegator_java,60,127
org.apache.hadoop.hive.ql.optimizer.GenMRUnion1_java,59,129
org.apache.hadoop.hive.serde2.avro.SchemaToTypeInfo_java,59,129
org.apache.hadoop.hive.ql.udf.generic.NumDistinctValueEstimator_java,58,131
org.apache.hadoop.hive.ql.exec.SMBMapJoinOperator_java,56,132
org.apache.hadoop.hive.ql.exec.tez.ObjectCache_java,55,133
org.apache.hive.hcatalog.templeton.tool.JobState_java,53,134
org.apache.hadoop.hive.ql.optimizer.correlation.ReduceSinkDeDuplication_java,53,134
org.apache.hadoop.hive.ql.io.sarg.SearchArgumentImpl_java,53,134
org.apache.hadoop.hive.ql.exec.JoinUtil_java,53,134
org.apache.hive.jdbc.HiveDatabaseMetaData_java,52,138
org.apache.hive.service.cli.operation.HiveTableTypeMapping_java,51,139
org.apache.hadoop.hive.ql.parse.ParseUtils_java,51,139
org.apache.hadoop.hive.ql.plan.Statistics_java,51,139
org.apache.hadoop.hive.serde2.lazybinary.LazyBinaryUtils_java,50,142
org.apache.hadoop.hive.ql.parse.ParseContext_java,50,142
org.apache.hive.ptest.api.client.PTestClient_java,50,142
org.apache.hadoop.hive.ql.exec.CommonJoinOperator_java,49,145
org.apache.hadoop.hive.ql.parse.TaskCompilerFactory_java,49,145
org.apache.hadoop.hive.ql.udf.generic.GenericUDTFInline_java,49,145
org.apache.hadoop.hive.ql.exec.tez.TezContext_java,48,148
org.apache.hadoop.hive.ql.metadata.formatting.MetaDataFormatter_java,47,149
org.apache.hadoop.hive.ql.parse.ColumnStatsSemanticAnalyzer_java,46,150
org.apache.hadoop.hive.ql.udf.generic.GenericUDFBridge_java,46,150
org.apache.hive.hcatalog.templeton.tool.JobSubmissionConstants_java,45,152
org.apache.hadoop.hive.ql.optimizer.NonBlockingOpDeDupProc_java,45,152
org.apache.hive.hcatalog.mapreduce.HCatInputFormat_java,45,152
org.apache.hadoop.hive.ql.exec.mr.ObjectCache_java,45,152
org.apache.hadoop.hive.ql.lib.CompositeProcessor_java,45,152
org.apache.hive.ptest.execution.conf.QFileTestBatch_java,45,152
org.apache.hive.service.cli.operation.TableTypeMapping_java,44,158
org.apache.hadoop.hive.ql.exec.Task_java,44,158
org.apache.hadoop.hive.ql.history.HiveHistoryProxyHandler_java,44,158
org.apache.hive.ptest.execution.ExecutionPhase_java,44,158
org.apache.hadoop.hive.ql.exec.ObjectCacheFactory_java,44,158
org.apache.hive.ptest.execution.HostExecutor_java,44,158
org.apache.hadoop.hive.ql.log.PerfLogger_java,43,164
org.apache.hadoop.hive.ql.exec.TableScanOperator_java,43,164
org.apache.hadoop.hive.serde2.objectinspector.primitive.PrimitiveObjectInspectorUtils_java,43,164
org.apache.hive.jdbc.HiveQueryResultSet_java,43,164
org.apache.hadoop.hive.ql.HashTableLoaderFactory_java,42,168
org.apache.hadoop.hive.ql.plan.BaseWork_java,41,169
org.apache.hadoop.hive.ql.parse.TypeCheckProcFactory_java,41,169
org.apache.hadoop.hive.metastore.RetryingMetaStoreClient_java,40,171
org.apache.hadoop.hive.ql.plan.ExprNodeGenericFuncDesc_java,40,171
org.apache.hadoop.hive.ql.lockmgr.zookeeper.ZooKeeperHiveLockManager_java,40,171
org.apache.hadoop.hive.ql.exec.persistence.RowContainer_java,40,171
org.apache.hadoop.hive.ql.optimizer.physical.Vectorizer_java,40,171
org.apache.hive.hcatalog.templeton.LauncherDelegator_java,39,176
org.apache.hadoop.hive.ql.plan.TableScanDesc_java,38,177
org.apache.hadoop.hive.ql.plan.ReduceSinkDesc_java,38,177
org.apache.hadoop.hive.ql.exec.persistence.MapJoinTableContainer_java,38,177
org.apache.hadoop.hive.ql.exec.persistence.AbstractMapJoinTableContainer_java,38,177
org.apache.hadoop.hive.ql.optimizer.AbstractSMBJoinProc_java,37,181
org.apache.hive.common.util.HiveTestUtils_java,37,181
org.apache.hadoop.hive.ql.exec.ObjectCache_java,37,181
org.apache.hadoop.hive.ql.Context_java,37,181
org.apache.hive.service.cli.operation.TableTypeMappingFactory_java,37,181
org.apache.hive.hcatalog.templeton.StatusDelegator_java,37,181
org.apache.hadoop.hive.ql.exec.HashTableLoader_java,36,187
org.apache.hadoop.hive.serde2.lazybinary.LazyBinarySerDe_java,36,187
org.apache.hive.ptest.execution.ssh.RSyncCommandExecutor_java,34,189
org.apache.hadoop.hive.ql.optimizer.pcr.PcrOpProcFactory_java,34,189
org.apache.hadoop.hive.serde2.objectinspector.SettableUnionObjectInspector_java,34,189
org.apache.hive.jdbc.HiveResultSetMetaData_java,33,192
org.apache.hive.ptest.execution.JUnitReportParser_java,33,192
org.apache.hadoop.hive.ql.optimizer.physical.CommonJoinTaskDispatcher_java,33,192
org.apache.hadoop.hive.ql.plan.FetchWork_java,33,192
org.apache.hadoop.hive.metastore.MetaStoreUtils_java,32,196
org.apache.hadoop.hive.ql.index.IndexPredicateAnalyzer_java,31,197
org.apache.hive.ptest.execution.ssh.SSHCommandExecutor_java,30,198
org.apache.hadoop.hive.ql.optimizer.GenMRRedSink1_java,30,198
org.apache.hive.jdbc.HiveCallableStatement_java,30,198
org.apache.hive.service.cli.CLIService_java,30,198
org.apache.hadoop.hive.ql.optimizer.physical.GenMRSkewJoinProcessor_java,30,198
org.apache.hadoop.hive.ql.io.orc.Reader_java,29,203
org.apache.hadoop.hive.ql.udf.generic.GenericUDAFMkCollectionEvaluator_java,29,203
org.apache.hadoop.hive.ql.exec.mapjoin.MapJoinMemoryExhaustionException_java,29,203
org.apache.hadoop.hive.hbase.HiveHBaseTableInputFormat_java,29,203
org.apache.hadoop.hive.serde2.lazy.LazyUtils_java,29,203
org.apache.hadoop.hive.ql.parse.ExplainSemanticAnalyzer_java,28,208
org.apache.hadoop.hive.ql.optimizer.listbucketingpruner.LBPartitionProcFactory_java,28,208
org.apache.hadoop.hive.ql.metadata.HiveException_java,28,208
org.apache.hadoop.hive.ql.plan.ExplainWork_java,28,208
org.apache.hadoop.hive.serde2.columnar.ColumnarSerDe_java,27,212
org.apache.hadoop.hive.ql.io.HiveKey_java,27,212
org.apache.hadoop.hive.ql.exec.tez.ReduceTezProcessor_java,27,212
org.apache.hadoop.hive.ql.exec.tez.MapTezProcessor_java,27,212
org.apache.hive.hcatalog.templeton.JarDelegator_java,26,216
org.apache.hadoop.mapred.WebHCatJTShim23_java,26,216
org.apache.hive.ptest.execution.conf.UnitTestBatch_java,26,216
org.apache.hadoop.hive.serde2.RegexSerDe_java,26,216
org.apache.hadoop.hive.ql.optimizer.physical.MetadataOnlyOptimizer_java,26,216
org.apache.hive.hcatalog.cli.HCatCli_java,26,216
org.apache.hadoop.hive.ql.optimizer.ppr.PartExprEvalUtils_java,25,222
org.apache.hadoop.hive.ql.plan.CreateTableDesc_java,25,222
org.apache.hadoop.hive.ql.io.RCFile_java,24,224
org.apache.hadoop.hive.ql.udf.generic.GenericUDFLead_java,24,224
org.apache.hadoop.hive.ql.io.orc.VectorizedOrcInputFormat_java,24,224
org.apache.hadoop.hive.ql.io.orc.OrcStruct_java,24,224
org.apache.hadoop.hive.ql.parse.LoadSemanticAnalyzer_java,23,228
org.apache.hadoop.hive.serde2.lazy.LazyFactory_java,23,228
org.apache.hadoop.hive.ql.udf.generic.GenericUDFLag_java,23,228
org.apache.hadoop.hive.ql.plan.PTFDesc_java,22,231
org.apache.hadoop.hive.thrift.DBTokenStore_java,22,231
org.apache.hive.hcatalog.templeton.tool.TempletonUtils_java,21,233
org.apache.hadoop.hive.cli.CliSessionState_java,21,233
org.apache.hive.service.server.HiveServer2_java,21,233
org.apache.hadoop.hive.ql.optimizer.pcr.PcrExprProcFactory_java,21,233
org.apache.hive.beeline.Commands_java,20,237
org.apache.hadoop.hive.ql.optimizer.GenMRRedSink2_java,20,237
org.apache.hadoop.hive.ql.metadata.InvalidTableException_java,20,237
org.apache.hive.jdbc.Utils_java,19,240
org.apache.hadoop.hive.ql.exec.FetchTask_java,19,240
org.apache.hadoop.hive.ql.udf.generic.GenericUDAFComputeStats_java,19,240
org.apache.hadoop.hive.ql.exec.mr.HadoopJobExecHelper_java,19,240
org.apache.hadoop.hive.serde2.lazy.LazyLong_java,19,240
org.apache.hadoop.hive.serde2.lazy.LazyInteger_java,19,240
org.apache.hadoop.hive.serde2.columnar.ColumnarStruct_java,18,246
org.apache.hadoop.hive.ql.udf.generic.GenericUDAFCollectList_java,18,246
org.apache.hadoop.hive.ql.plan.ptf.ShapeDetails_java,18,246
org.apache.hadoop.hive.ql.plan.ptf.WindowExpressionDef_java,18,246
org.apache.hadoop.hive.ql.plan.ptf.PartitionDef_java,18,246
org.apache.hadoop.hive.ql.plan.ptf.WindowFunctionDef_java,18,246
org.apache.hadoop.hive.ql.optimizer.AvgPartitionSizeBasedBigTableSelectorForAutoSMJ_java,18,246
org.apache.hadoop.hive.ql.io.udf.Rot13OutputFormat_java,18,246
org.apache.hadoop.hive.ql.plan.ptf.OrderDef_java,18,246
org.apache.hadoop.hive.ql.udf.UDFBase64_java,18,246
org.apache.hadoop.hive.ql.plan.ptf.PTFInputDef_java,18,246
org.apache.hadoop.hive.ql.plan.ptf.OrderExpressionDef_java,18,246
org.apache.hadoop.hive.metastore.model.MMasterKey_java,18,246
org.apache.hadoop.hive.ql.udf.UDFUnbase64_java,18,246
org.apache.hadoop.hive.ql.exec.ColumnStatsTask_java,18,246
org.apache.hive.service.auth.TSetIpAddressProcessor_java,18,246
org.apache.hadoop.hive.ql.plan.ptf.WindowFrameDef_java,18,246
org.apache.hadoop.hive.ql.plan.ptf.PTFExpressionDef_java,18,246
org.apache.hadoop.hive.ql.exec.FetchOperator_java,18,246
org.apache.hadoop.hive.metastore.model.MDelegationToken_java,18,246
org.apache.hadoop.hive.ql.plan.ptf.BoundaryDef_java,18,246
org.apache.hadoop.hive.ql.udf.generic.GenericUDFUnixTimeStamp_java,18,246
org.apache.hadoop.hive.ql.plan.ptf.PTFQueryInputDef_java,18,246
org.apache.hadoop.hive.ql.plan.ptf.PartitionedTableFunctionDef_java,18,246
org.apache.hadoop.hive.ql.udf.generic.GenericUDFAbs_java,18,246
org.apache.hadoop.hive.ql.plan.ReduceWork_java,18,246
org.apache.hadoop.hive.ql.plan.ptf.WindowTableFunctionDef_java,18,246
org.apache.hadoop.hive.ql.metadata.VirtualColumn_java,17,273
org.apache.hadoop.hive.ql.parse.QBJoinTree_java,17,273
org.apache.hadoop.hive.cli.RCFileCat_java,17,273
org.apache.hadoop.hive.ql.optimizer.TableSizeBasedBigTableSelectorForAutoSMJ_java,17,273
org.apache.hive.hcatalog.cli.SemanticAnalysis.HCatSemanticAnalyzer_java,17,273
org.apache.hive.service.cli.session.HiveSessionImplwithUGI_java,17,273
org.apache.hadoop.hive.serde2.columnar.LazyBinaryColumnarSerDe_java,17,273
org.apache.hive.hcatalog.templeton.DeleteDelegator_java,17,273
org.apache.hadoop.hive.ql.optimizer.ppr.ExprProcCtx_java,16,281
org.apache.hadoop.hive.ql.exec.TaskResult_java,16,281
org.apache.hadoop.hive.ql.metadata.formatting.MetaDataFormatUtils_java,16,281
org.apache.hive.jdbc.HivePreparedStatement_java,16,281
org.apache.hadoop.hive.serde2.objectinspector.StandardUnionObjectInspector_java,16,281
org.apache.hadoop.hive.ql.optimizer.ColumnPrunerProcFactory_java,15,286
org.apache.hadoop.hive.ql.history.HiveHistoryViewer_java,15,286
org.apache.hive.hcatalog.templeton.ListDelegator_java,15,286
org.apache.hadoop.hive.ql.optimizer.GroupByOptimizer_java,15,286
org.apache.hadoop.hive.ql.exec.mr.ExecMapper_java,15,286
org.apache.hive.hcatalog.templeton.AppConfig_java,14,291
org.apache.hive.hcatalog.templeton.tool.HDFSStorage_java,14,291
org.apache.hadoop.hive.ql.exec.mr.ExecReducer_java,14,291
org.apache.hadoop.hive.serde2.columnar.LazyBinaryColumnarStruct_java,14,291
org.apache.hadoop.hive.metastore.RawStore_java,14,291
org.apache.hadoop.hive.ql.exec.mr.JobDebugger_java,14,291
org.apache.hadoop.hive.ql.parse.ImportSemanticAnalyzer_java,14,291
org.apache.hadoop.hive.ql.exec.FileSinkOperator_java,14,291
org.apache.hadoop.hive.ql.optimizer.GlobalLimitOptimizer_java,13,299
org.apache.hive.hcatalog.mapreduce.HCatBaseInputFormat_java,13,299
org.apache.hadoop.hive.ql.parse.WindowingSpec_java,13,299
org.apache.hadoop.hive.ql.metadata.Table_java,13,299
org.apache.hadoop.hive.ql.optimizer.pcr.PcrExprProcCtx_java,13,299
org.apache.hadoop.hive.ql.plan.AbstractOperatorDesc_java,13,299
org.apache.hive.service.cli.operation.ExecuteStatementOperation_java,12,305
org.apache.hadoop.hive.ql.io.BucketizedHiveInputFormat_java,12,305
org.apache.hadoop.hive.serde2.columnar.ColumnarStructBase_java,12,305
org.apache.hadoop.hive.ql.udf.generic.LeadLagBuffer_java,12,305
org.apache.hadoop.hive.ql.plan.MapJoinDesc_java,12,305
org.apache.hadoop.hive.ql.ppd.OpProcFactory_java,12,305
org.apache.hive.hcatalog.templeton.ExecServiceImpl_java,12,305
org.apache.hive.service.auth.LdapAuthenticationProviderImpl_java,12,305
org.apache.hadoop.hive.ql.optimizer.ppr.OpWalkerCtx_java,12,305
org.apache.hive.service.cli.ColumnValue_java,11,314
org.apache.hadoop.hive.ql.plan.PartitionDesc_java,11,314
org.apache.hadoop.hive.ql.exec.AbstractMapJoinOperator_java,11,314
org.apache.hadoop.hive.thrift.TUGIContainingTransport_java,11,314
org.apache.hadoop.hive.ql.exec.GroupByOperator_java,11,314
org.apache.hadoop.hive.serde2.binarysortable.BinarySortableSerDe_java,11,314
org.apache.hadoop.hive.ql.optimizer.ppr.ExprProcFactory_java,11,314
org.apache.hadoop.hive.ql.exec.UnionOperator_java,11,314
org.apache.hive.beeline.BeeLine_java,11,314
org.apache.hive.service.cli.operation.GetTablesOperation_java,11,314
org.apache.hadoop.hive.ql.parse.GenMapRedWalker_java,10,324
org.apache.hadoop.hive.ql.exec.persistence.AbstractRowContainer_java,10,324
org.apache.hadoop.hive.ql.optimizer.physical.SortMergeJoinTaskDispatcher_java,10,324
org.apache.hadoop.hive.ql.index.IndexSearchCondition_java,10,324
org.apache.hadoop.hive.ql.exec.ScriptOperator_java,10,324
org.apache.hadoop.hive.ql.optimizer.AbstractBucketJoinProc_java,10,324
org.apache.hive.beeline.BeeLineOpts_java,10,324
org.apache.hadoop.hive.ql.parse.HiveSemanticAnalyzerHookContextImpl_java,9,331
org.apache.hadoop.hive.ql.io.PerformTestRCFileAndSeqFile_java,9,331
org.apache.hadoop.hive.ql.exec.MapredContext_java,9,331
org.apache.hadoop.hive.ql.metadata.Partition_java,9,331
org.apache.hadoop.hive.ql.optimizer.BigTableSelectorForAutoSMJ_java,9,331
org.apache.hadoop.hive.ql.exec.ConditionalTask_java,9,331
org.apache.hive.service.cli.operation.HiveCommandOperation_java,9,331
org.apache.hadoop.hive.ql.optimizer.listbucketingpruner.ListBucketingPruner_java,9,331
org.apache.hive.service.cli.operation.GetTableTypesOperation_java,9,331
org.apache.hadoop.hive.ql.optimizer.GenMRTableScan1_java,8,340
org.apache.hive.common.util.HiveVersionInfo_java,8,340
org.apache.hadoop.hive.ql.io.IOContext_java,8,340
org.apache.hadoop.hive.ql.exec.vector.VectorizationContext_java,8,340
org.apache.hadoop.hive.ql.io.RCFileRecordReader_java,8,340
org.apache.hadoop.hive.ql.exec.DependencyCollectionTask_java,8,340
org.apache.hadoop.hive.ql.lib.DefaultGraphWalker_java,8,340
org.apache.hadoop.hive.ql.optimizer.ppr.PartitionExpressionForMetastore_java,8,340
org.apache.hadoop.hive.ql.security.authorization.HiveAuthorizationProviderBase_java,8,340
org.apache.hadoop.hive.ql.exec.CopyTask_java,8,340
org.apache.hadoop.hive.serde2.objectinspector.primitive.PrimitiveObjectInspectorFactory_java,8,340
org.apache.hive.hcatalog.templeton.HiveDelegator_java,7,351
org.apache.hadoop.hive.metastore.HiveMetaStore_java,7,351
org.apache.hive.jdbc.HiveDriver_java,7,351
org.apache.hive.hcatalog.pig.HCatLoader_java,7,351
org.apache.hive.hcatalog.common.HiveClientCache_java,7,351
org.apache.hive.hcatalog.utils.WriteTextPartitioned_java,7,351
org.apache.hive.jdbc.HiveDataSource_java,7,351
org.apache.hadoop.hive.ql.optimizer.Optimizer_java,7,351
org.apache.hadoop.hive.ql.exec.JoinOperator_java,7,351
org.apache.hadoop.hive.ql.plan.ListBucketingCtx_java,7,351
org.apache.hadoop.hive.ql.io.rcfile.stats.PartialScanTask_java,7,351
org.apache.hadoop.hive.common.LogUtils_java,7,351
org.apache.hadoop.hive.ql.plan.MapredWork_java,7,351
org.apache.hadoop.hive.ql.metadata.HiveStoragePredicateHandler_java,7,351
org.apache.hive.hcatalog.templeton.Main_java,7,351
org.apache.hadoop.hive.hbase.HBaseStorageHandler_java,7,351
org.apache.hadoop.hive.ql.io.sarg.SearchArgument_java,6,367
org.apache.hadoop.hive.serde2.objectinspector.primitive.JavaTimestampObjectInspector_java,6,367
org.apache.hive.hcatalog.common.HCatUtil_java,6,367
org.apache.hadoop.hive.serde2.objectinspector.primitive.JavaDateObjectInspector_java,6,367
org.apache.hadoop.hive.ql.metadata.formatting.MetaDataPrettyFormatUtils_java,6,367
org.apache.hadoop.hive.ql.optimizer.correlation.CorrelationOptimizer_java,6,367
org.apache.hadoop.fs.ProxyLocalFileSystem_java,6,367
org.apache.hadoop.hive.serde2.objectinspector.primitive.WritableDateObjectInspector_java,6,367
org.apache.hive.ptest.api.server.ExecutionController_java,6,367
org.apache.hadoop.hive.hbase.HBaseQTestUtil_java,6,367
org.apache.hadoop.hive.ql.plan.ExprNodeConstantDesc_java,6,367
org.apache.hadoop.hive.ql.optimizer.PrunerOperatorFactory_java,6,367
org.apache.hive.hcatalog.templeton.QueueStatusBean_java,6,367
org.apache.hive.hcatalog.templeton.SecureProxySupport_java,6,367
org.apache.hadoop.hive.ql.io.rcfile.truncate.ColumnTruncateTask_java,6,367
org.apache.hadoop.hive.ql.plan.AddPartitionDesc_java,6,367
org.apache.hadoop.hive.serde2.objectinspector.primitive.WritableTimestampObjectInspector_java,6,367
org.apache.hive.common.HiveVersionAnnotation_java,6,367
org.apache.hadoop.hive.ql.plan.ExprNodeDescUtils_java,6,367
org.apache.hadoop.hive.ql.security.HadoopDefaultAuthenticator_java,6,367
org.apache.hive.ptest.execution.LocalCommand_java,6,367
org.apache.hadoop.hive.ql.exec.vector.udf.VectorUDFAdaptor_java,6,367
org.apache.hadoop.hive.ql.parse.MetaDataExportListener_java,6,367
org.apache.hadoop.hive.ql.exec.MoveTask_java,6,367
org.apache.hive.service.cli.TypeQualifiers_java,5,391
org.apache.hadoop.hive.ql.optimizer.GenMROperator_java,5,391
org.apache.hadoop.hive.ql.udf.generic.GenericUDFToDate_java,5,391
org.apache.hadoop.hive.ql.optimizer.BucketingSortingReduceSinkOptimizer_java,5,391
org.apache.hive.hcatalog.templeton.TempletonDelegator_java,5,391
org.apache.hive.hcatalog.data.transfer.HCatWriter_java,5,391
org.apache.hadoop.hive.ql.exec.NumericOpMethodResolver_java,5,391
org.apache.hive.hcatalog.utils.WriteText_java,5,391
org.apache.hadoop.hive.common.type.HiveDecimal_java,5,391
org.apache.hadoop.hive.ql.optimizer.LeftmostBigTableSelectorForAutoSMJ_java,5,391
org.apache.hive.hcatalog.utils.WriteJson_java,5,391
org.apache.hadoop.hive.ql.index.IndexMetadataChangeTask_java,5,391
org.apache.hive.hcatalog.utils.WriteRC_java,5,391
org.apache.hadoop.hive.ql.parse.WindowingExprNodeEvaluatorFactory_java,5,391
org.apache.hive.jdbc.HiveBaseResultSet_java,5,391
org.apache.hive.hcatalog.pig.HCatStorer_java,5,391
org.apache.hive.hcatalog.utils.ReadText_java,5,391
org.apache.hive.hcatalog.utils.SimpleRead_java,5,391
org.apache.hadoop.hive.ql.exec.ForwardOperator_java,5,391
org.apache.hadoop.hive.contrib.fileformat.base64.Base64TextInputFormat_java,5,391
org.apache.hive.hcatalog.utils.StoreDemo_java,5,391
org.apache.hadoop.hive.ql.optimizer.ppr.OpProcFactory_java,5,391
org.apache.hadoop.hive.ql.plan.MapWork_java,5,391
org.apache.hive.hcatalog.data.schema.HCatSchema_java,5,391
org.apache.hive.hcatalog.utils.ReadRC_java,5,391
org.apache.hive.hcatalog.utils.ReadWrite_java,5,391
org.apache.hive.hcatalog.utils.StoreComplex_java,5,391
org.apache.hive.hcatalog.utils.SumNumbers_java,5,391
org.apache.hive.hcatalog.utils.ReadJson_java,5,391
org.apache.hadoop.hive.ql.exec.PartitionKeySampler_java,5,391
org.apache.hadoop.hive.ql.exec.StatsTask_java,5,391
org.apache.hadoop.hive.ql.exec.SelectOperator_java,5,391
org.apache.hive.hcatalog.utils.TypeDataCheck_java,5,391
org.apache.hive.hcatalog.data.transfer.HCatReader_java,5,391
org.apache.hadoop.hive.ql.exec.FunctionTask_java,5,391
org.apache.hive.hcatalog.utils.GroupByAge_java,5,391
org.apache.hive.hcatalog.utils.StoreNumbers_java,5,391
org.apache.hive.ptest.execution.ReportingPhase_java,4,428
org.apache.hadoop.fs.ProxyFileSystem_java,4,428
org.apache.hadoop.hive.ql.parse.ParseException_java,4,428
org.apache.hadoop.hive.serde2.objectinspector.primitive.PrimitiveObjectInspectorConverter_java,4,428
org.apache.hadoop.hive.ql.parse.HiveSemanticAnalyzerHookContext_java,4,428
org.apache.hadoop.hive.ql.io.CombineHiveInputFormat_java,4,428
org.apache.hadoop.hive.ql.plan.ConditionalResolverCommonJoin_java,4,428
org.apache.hadoop.hive.ql.exec.vector.expressions.ConstantVectorExpression_java,4,428
org.apache.hive.hcatalog.mapreduce.HCatOutputFormat_java,4,428
org.apache.hadoop.hive.ql.exec.ExprNodeGenericFuncEvaluator_java,4,428
org.apache.hive.hcatalog.cli.SemanticAnalysis.HCatSemanticAnalyzerBase_java,4,428
org.apache.hadoop.hive.ql.exec.vector.expressions.StringSubstrColStartLen_java,4,428
org.apache.hadoop.hive.ql.parse.ParseDriver_java,4,428
org.apache.hadoop.hive.metastore.MetaStoreSchemaInfo_java,4,428
org.apache.hive.hcatalog.data.HCatRecord_java,4,428
org.apache.hadoop.hive.ql.optimizer.GenMRRedSink3_java,4,428
org.apache.hadoop.hive.serde2.io.HiveVarcharWritable_java,4,428
org.apache.hive.jdbc.JdbcColumn_java,3,445
org.apache.hadoop.hive.ql.optimizer.SkewJoinOptimizer_java,3,445
org.apache.hadoop.hive.ql.index.compact.CompactIndexHandler_java,3,445
org.apache.hadoop.hive.ql.optimizer.correlation.CorrelationUtilities_java,3,445
org.apache.hadoop.hive.ql.exec.TaskFactory_java,3,445
org.apache.hadoop.hive.serde2.typeinfo.TypeInfoFactory_java,3,445
org.apache.hadoop.hive.ql.io.rcfile.truncate.ColumnTruncateMapper_java,3,445
org.apache.hadoop.hive.ql.parse.ASTNode_java,2,452
org.apache.hadoop.hive.ql.plan.api.OperatorType_java,2,452
org.apache.hive.hcatalog.templeton.tool.PigJobIDParser_java,2,452
org.apache.hadoop.hive.ql.udf.UDFToInteger_java,2,452
org.apache.hadoop.hive.ql.plan.OperatorDesc_java,2,452
org.apache.hadoop.hive.serde2.io.HiveCharWritable_java,2,452
org.apache.hadoop.hive.ql.udf.UDAFTestMax_java,2,452
org.apache.hadoop.hive.ql.parse.TableAccessAnalyzer_java,2,452
org.apache.hadoop.hive.ql.ppd.ExprWalkerProcFactory_java,2,452
org.apache.hive.hcatalog.templeton.tool.JarJobIDParser_java,2,452
org.apache.hadoop.hive.ql.udf.generic.GenericUDFSplit_java,2,452
org.apache.hive.hcatalog.templeton.StreamingDelegator_java,2,452
org.apache.hive.service.auth.CustomAuthenticationProviderImpl_java,2,452
org.apache.hadoop.hive.ql.udf.generic.GenericUDFOPEqualOrGreaterThan_java,2,452
org.apache.hadoop.hive.ql.plan.ConditionalResolverMergeFiles_java,2,452
org.apache.hadoop.hive.ql.optimizer.index.RewriteCanApplyProcFactory_java,2,452
org.apache.hive.hcatalog.data.transfer.impl.HCatInputFormatReader_java,2,452
org.apache.hadoop.hive.ql.udf.generic.GenericUDFOPGreaterThan_java,2,452
org.apache.hive.hcatalog.templeton.tool.HiveJobIDParser_java,2,452
org.apache.hadoop.hive.ql.udf.generic.GenericUDFOPEqualOrLessThan_java,2,452
org.apache.hive.hcatalog.mapreduce.InputJobInfo_java,2,452
org.apache.hadoop.hive.ql.exec.TaskRunner_java,2,452
org.apache.hadoop.hive.ql.udf.generic.GenericUDFOPLessThan_java,2,452
org.apache.hadoop.hive.ql.exec.UDAF_java,1,475
org.apache.hadoop.hive.ql.optimizer.correlation.QueryPlanTreeTransformation_java,1,475
org.apache.hive.ptest.execution.LocalCommandFactory_java,1,475
org.apache.hadoop.hive.ql.plan.DDLWork_java,1,475
org.apache.hadoop.hive.serde2.lazy.LazyDate_java,1,475
org.apache.hadoop.hive.serde2.lazy.LazyTimestamp_java,1,475
