<!--
RSS generated by JIRA (6.3.4#6332-sha1:51bc225ef474afe3128b2f66878477f322397b16) at Sun Jan 25 03:06:19 UTC 2015

It is possible to restrict the fields that are returned in this document by specifying the 'field' parameter in your request.
For example, to request only the issue key and summary add field=key&field=summary to the URL of your request.
For example:
https://issues.apache.org/jira/sr/jira.issueviews:searchrequest-xml/temp/SearchRequest.xml?jqlQuery=project+%3D+WICKET+AND+issuetype+%3D+Bug+AND+created+%3E%3D+2006-10-1+AND+created+%3C%3D+2006-11-1+ORDER+BY+key+ASC&amp;tempMax=100&amp;field=key&amp;field=summary
-->
<!-- If you wish to do custom client-side styling of RSS, uncomment this:
<?xml-stylesheet href="https://issues.apache.org/jira/styles/jiraxml2html.xsl" type="text/xsl"?>
-->
<rss version="0.92">
    <channel>
        <title>ASF JIRA</title>
        <link>https://issues.apache.org/jira/secure/IssueNavigator.jspa?reset=true&amp;jqlQuery=project+%3D+WICKET+AND+issuetype+%3D+Bug+AND+created+%3E%3D+2006-10-1+AND+created+%3C%3D+2006-11-1+ORDER+BY+key+ASC</link>
        <description>An XML representation of a search request</description>
                <language>en-uk</language>
                        <issue start="0" end="6" total="6"/>
                <build-info>
            <version>6.3.4</version>
            <build-number>6332</build-number>
            <build-date>15-08-2014</build-date>
        </build-info>
<item>
            <title>[WICKET-2] Input field with autocomplet behavior does not submit the form via enter key</title>
                <link>https://issues.apache.org/jira/browse/WICKET-2</link>
                <project id="12310561" key="WICKET">Wicket</project>
                    <description>&lt;p&gt;When field has a focus, autocomplete javascripts blocks all enter key presses. That&apos;s why form can&apos;t be submitted. Enter key press should be blocked only when autocomplete view is visible&lt;/p&gt;

&lt;p&gt;You can change wicket-autocomplete.js in initialize() function:&lt;br/&gt;
from&lt;br/&gt;
        obj.onkeypress=function(event){&lt;br/&gt;
            if(wicketKeyCode(getEvent(event))==KEY_ENTER)&lt;/p&gt;
{
                return killEvent(event);
            }&lt;br/&gt;
        }&lt;br/&gt;
to&lt;br/&gt;
        obj.onkeypress=function(event){&lt;br/&gt;
            if(wicketKeyCode(getEvent(event))==KEY_ENTER &amp;amp;&amp;amp; visible==1){                return killEvent(event);            }
&lt;p&gt;        }&lt;/p&gt;</description>
                <environment></environment>
        <key id="12353284">WICKET-2</key>
            <summary>Input field with autocomplet behavior does not submit the form via enter key</summary>
                <type id="1" iconUrl="https://issues.apache.org/jira/images/icons/issuetypes/bug.png">Bug</type>
                                            <priority id="3" iconUrl="https://issues.apache.org/jira/images/icons/priorities/major.png">Major</priority>
                        <status id="5" iconUrl="https://issues.apache.org/jira/images/icons/statuses/resolved.png" description="A resolution has been taken, and it is awaiting verification by reporter. From here issues are either reopened, or are closed.">Resolved</status>
                    <statusCategory id="3" key="done" colorName="green"/>
                                    <resolution id="1">Fixed</resolution>
                                        <assignee username="janne">Janne Hietam&#228;ki</assignee>
                                    <reporter username="tdrencak">Tomas Drencak</reporter>
                        <labels>
                    </labels>
                <created>Mon, 16 Oct 2006 13:06:57 +0100</created>
                <updated>Fri, 27 Aug 2010 01:19:08 +0100</updated>
                            <resolved>Fri, 23 Mar 2007 09:26:29 +0000</resolved>
                                    <version>1.2.2</version>
                                    <fixVersion>1.3.0-beta1</fixVersion>
                                    <component>wicket-extensions</component>
                        <due></due>
                            <votes>0</votes>
                                    <watches>0</watches>
                                                                <comments>
                            <comment id="12442569" author="tdrencak" created="Mon, 16 Oct 2006 13:08:46 +0100"  >&lt;p&gt;Fixed wicket-ajax.js&lt;/p&gt;</comment>
                            <comment id="12442637" author="janne" created="Mon, 16 Oct 2006 17:34:57 +0100"  >&lt;p&gt;I tried similiar fix few weeks ago, and it causes the browser to submit the form when selecting an item with enter (tested with safari and firefox on mac).&lt;/p&gt;

</comment>
                            <comment id="12903158" author="hudson" created="Fri, 27 Aug 2010 01:19:08 +0100"  >&lt;p&gt;Integrated in Apache Wicket 1.5.x #269 (See &lt;a href=&quot;https://hudson.apache.org/hudson/job/Apache%20Wicket%201.5.x/269/&quot; class=&quot;external-link&quot; rel=&quot;nofollow&quot;&gt;https://hudson.apache.org/hudson/job/Apache%20Wicket%201.5.x/269/&lt;/a&gt;)&lt;br/&gt;
    Issue: &lt;a href=&quot;https://issues.apache.org/jira/browse/WICKET-2828&quot; title=&quot;IndexOutOfBoundsException is thrown in onBeforeRender when tabs is empty.&quot; class=&quot;issue-link&quot; data-issue-key=&quot;WICKET-2828&quot;&gt;&lt;del&gt;WICKET-2828&lt;/del&gt;&lt;/a&gt;&lt;br/&gt;
add(ivalidator&amp;lt;t&amp;gt;)-&amp;gt;add(ivalidator&amp;lt;? super t&amp;gt;)&lt;br/&gt;
Issue: &lt;a href=&quot;https://issues.apache.org/jira/browse/WICKET-2849&quot; title=&quot;FormComponent.add(IValidator&amp;lt;T&amp;gt;) should probably accept IValidator&amp;lt;? super T&amp;gt;&quot; class=&quot;issue-link&quot; data-issue-key=&quot;WICKET-2849&quot;&gt;&lt;del&gt;WICKET-2849&lt;/del&gt;&lt;/a&gt;&lt;br/&gt;
Issue: &lt;a href=&quot;https://issues.apache.org/jira/browse/WICKET-2854&quot; title=&quot;&amp;#39;this.document&amp;#39; is null or not an object after quickly opening and closing a modal window (modal.js)&quot; class=&quot;issue-link&quot; data-issue-key=&quot;WICKET-2854&quot;&gt;&lt;del&gt;WICKET-2854&lt;/del&gt;&lt;/a&gt;&lt;br/&gt;
&lt;a href=&quot;https://issues.apache.org/jira/browse/WICKET-2&quot; title=&quot;Input field with autocomplet behavior does not submit the form via enter key&quot; class=&quot;issue-link&quot; data-issue-key=&quot;WICKET-2&quot;&gt;&lt;del&gt;WICKET-2&lt;/del&gt;&lt;/a&gt;&lt;del&gt;1&lt;/del&gt;&lt;/p&gt;</comment>
                    </comments>
                    <attachments>
                            <attachment id="12342995" name="wicket-autocomplete.js" size="9896" author="tdrencak" created="Mon, 16 Oct 2006 13:08:46 +0100"/>
                    </attachments>
                <subtasks>
                    </subtasks>
                <customfields>
                                                <customfield id="customfield_12310310" key="com.atlassian.jira.toolkit:attachments">
                        <customfieldname>Attachment count</customfieldname>
                        <customfieldvalues>
                            <customfieldvalue>1.0</customfieldvalue>
                        </customfieldvalues>
                    </customfield>
                                                                                                                        <customfield id="customfield_12310220" key="com.atlassian.jira.ext.charting:firstresponsedate">
                        <customfieldname>Date of First Response</customfieldname>
                        <customfieldvalues>
                            <customfieldvalue>Mon, 16 Oct 2006 16:34:57 +0000</customfieldvalue>

                        </customfieldvalues>
                    </customfield>
                                                                                                                                                    <customfield id="customfield_12310420" key="com.pyxis.greenhopper.jira:gh-global-rank">
                        <customfieldname>Global Rank</customfieldname>
                        <customfieldvalues>
                            <customfieldvalue>201092</customfieldvalue>
                        </customfieldvalues>
                    </customfield>
                                                                <customfield id="customfield_12311820" key="com.pyxis.greenhopper.jira:gh-lexo-rank">
                        <customfieldname>Rank</customfieldname>
                        <customfieldvalues>
                            <customfieldvalue>0|10k8k8:</customfieldvalue>

                        </customfieldvalues>
                    </customfield>
                                                                <customfield id="customfield_12310920" key="com.pyxis.greenhopper.jira:gh-global-rank">
                        <customfieldname>Rank (Obsolete)</customfieldname>
                        <customfieldvalues>
                            <customfieldvalue>118035</customfieldvalue>
                        </customfieldvalues>
                    </customfield>
                                                                                                                        <customfield id="customfield_12310222" key="com.atlassian.jira.ext.charting:timeinstatus">
                        <customfieldname>Time in Status</customfieldname>
                        <customfieldvalues>
                            
                        </customfieldvalues>
                    </customfield>
                                    </customfields>
    </item>

<item>
            <title>[WICKET-4] Page.onBeginRequest() [and consequently .onAttach()] not called when form on page is submitted.</title>
                <link>https://issues.apache.org/jira/browse/WICKET-4</link>
                <project id="12310561" key="WICKET">Wicket</project>
                    <description>&lt;p&gt;Page.onBeginRequest() &lt;span class=&quot;error&quot;&gt;&amp;#91;and consequently .onAttach()&amp;#93;&lt;/span&gt; not called when form on page is submitted. Form.onBeginRequest() is not called as well. However, Page.onEndRequest()  and Form.onEndRequest() are called correctly.&lt;/p&gt;

&lt;p&gt;In more detail: &lt;br/&gt;
I have a page, FrontPage, and a form LoginForm on it (The form has defaultFormProcessing = true)&lt;br/&gt;
onBeginRequest(), onEndRequest() in FrontPage, LoginForm, are overriden as follows:&lt;/p&gt;

&lt;p&gt;	protected void onBeginRequest() &lt;/p&gt;
{
		log.debug(&quot;request begin&quot;);
		...
		super.onBeginRequest();
	}
&lt;p&gt;	protected void onEndRequest() &lt;/p&gt;
{
		super.onEndRequest();
		...
		log.debug(&quot;request end&quot;);
	}

&lt;p&gt;So I load FrontPage, type in data into the form (that corr. to LoginForm) and submit form.&lt;br/&gt;
The log output is as follows&lt;/p&gt;

&lt;p&gt;//first load of page&lt;br/&gt;
DEBUG &amp;lt;hotline.pages.FrontPage&amp;gt; request begin&lt;br/&gt;
...&lt;br/&gt;
DEBUG &amp;lt;hotline.pages.FrontPage$LoginForm&amp;gt; request begin&lt;br/&gt;
...&lt;br/&gt;
DEBUG &amp;lt;hotline.pages.FrontPage&amp;gt; request end &lt;br/&gt;
DEBUG &amp;lt;hotline.pages.FrontPage$LoginForm&amp;gt; request end&lt;br/&gt;
...&lt;br/&gt;
//form submitted&lt;br/&gt;
DEBUG &amp;lt;hotline.pages.FrontPage&amp;gt; request end&lt;br/&gt;
DEBUG &amp;lt;hotline.pages.FrontPage$LoginForm&amp;gt; request end&lt;/p&gt;
</description>
                <environment>os = OS X 10.4.8; java version = jre/jdk 1.5.0_06; servlet container =  jetty-5.1.11RC0</environment>
        <key id="12353313">WICKET-4</key>
            <summary>Page.onBeginRequest() [and consequently .onAttach()] not called when form on page is submitted.</summary>
                <type id="1" iconUrl="https://issues.apache.org/jira/images/icons/issuetypes/bug.png">Bug</type>
                                            <priority id="2" iconUrl="https://issues.apache.org/jira/images/icons/priorities/critical.png">Critical</priority>
                        <status id="6" iconUrl="https://issues.apache.org/jira/images/icons/statuses/closed.png" description="The issue is considered finished, the resolution is correct. Issues which are closed can be reopened.">Closed</status>
                    <statusCategory id="3" key="done" colorName="green"/>
                                    <resolution id="1">Fixed</resolution>
                                        <assignee username="jcompagner">Johan Compagner</assignee>
                                    <reporter username="paul.milovanov">Paul Milovanov</reporter>
                        <labels>
                    </labels>
                <created>Mon, 16 Oct 2006 18:34:33 +0100</created>
                <updated>Thu, 24 May 2007 22:22:43 +0100</updated>
                            <resolved>Thu, 24 May 2007 22:22:43 +0100</resolved>
                                    <version>1.2.2</version>
                                    <fixVersion>1.3.0-beta2</fixVersion>
                                    <component>wicket</component>
                        <due></due>
                            <votes>1</votes>
                                    <watches>2</watches>
                                                                <comments>
                            <comment id="12442675" author="paul.milovanov" created="Mon, 16 Oct 2006 20:16:52 +0100"  >&lt;p&gt;as expected, this is more general : also getting the same problem when handling a Link.onClick()&lt;/p&gt;</comment>
                            <comment id="12442799" author="paul.milovanov" created="Tue, 17 Oct 2006 07:14:39 +0100"  >&lt;p&gt;similar behavoir when using 1.2_rc2&lt;/p&gt;</comment>
                            <comment id="12442816" author="paul.milovanov" created="Tue, 17 Oct 2006 08:03:23 +0100"  >&lt;p&gt;the problem  might be that  the default Page.beforeCallComponent() is just {}&lt;/p&gt;

&lt;p&gt;my knowledge of wicket architecture is nil, but so far it seems that after RequestListenerInterface is resolved to IFormSubmitListener (as seems to be the case here), there is just no code which would call Page.internalAttach anywhere&lt;/p&gt;</comment>
                            <comment id="12453511" author="ehillenius" created="Mon, 27 Nov 2006 06:49:21 +0000"  >&lt;p&gt;Tested it and it works fine for current 1.x and 2.0. Don&apos;t know when it ever was a problem, but it isn&apos;t anymore. Are you sure you didn&apos;t override it in some super class (base page?) so that the calls don&apos;t get delegated further down the line?&lt;/p&gt;

&lt;p&gt;Please update your version of Wicket and confirm it works you you. thanks.&lt;/p&gt;</comment>
                            <comment id="12453531" author="bendis" created="Mon, 27 Nov 2006 09:17:40 +0000"  >&lt;p&gt;Hi!&lt;/p&gt;

&lt;p&gt;I have got a similar problem with current 2.0-SNAPSHOT (updated form svn repo before two hours) that may be related to this bug:&lt;/p&gt;

&lt;p&gt;When a Form on page A is submitted and the response page is set to page B (via setResponsePagec(B.class) in the Form#onSubmit() method), the onAttach, onDetach etc. methods of page A are not called - as a consequence, the form model, which was updated (and attached) as a result of form submit, is not detached at the end of the request.&lt;/p&gt;

&lt;p&gt;I have created a simple test case: &lt;a href=&quot;http://sucker.pilsfree.net/wicket-detach.tar.gz&quot; class=&quot;external-link&quot; rel=&quot;nofollow&quot;&gt;http://sucker.pilsfree.net/wicket-detach.tar.gz&lt;/a&gt;&lt;/p&gt;

&lt;p&gt;&amp;#8211; IndexPage entered &amp;#8211;&lt;br/&gt;
27.11.2006 10:09:35 com.cleverlance.wicketdetach.IndexPage onAttach&lt;br/&gt;
INFO: onAttach&lt;br/&gt;
27.11.2006 10:09:35 com.cleverlance.wicketdetach.IndexPage onDetach&lt;br/&gt;
INFO: onDetach&lt;/p&gt;

&lt;p&gt;&amp;#8211; FormPage entered &amp;#8211;&lt;br/&gt;
27.11.2006 10:11:09 com.cleverlance.wicketdetach.FormPage onAttach&lt;br/&gt;
INFO: onAttach&lt;br/&gt;
27.11.2006 10:11:09 com.cleverlance.wicketdetach.SimpleModel detach&lt;br/&gt;
INFO: detaching Model:classname=&lt;span class=&quot;error&quot;&gt;&amp;#91;com.cleverlance.wicketdetach.SimpleModel&amp;#93;&lt;/span&gt;:object=&lt;span class=&quot;error&quot;&gt;&amp;#91;com.cleverlance.wicketdetach.Data@1f3f16b&amp;#93;&lt;/span&gt;&lt;br/&gt;
27.11.2006 10:11:09 com.cleverlance.wicketdetach.SimpleModel detach&lt;br/&gt;
INFO: detaching Model:classname=&lt;span class=&quot;error&quot;&gt;&amp;#91;com.cleverlance.wicketdetach.SimpleModel&amp;#93;&lt;/span&gt;:object=&lt;span class=&quot;error&quot;&gt;&amp;#91;com.cleverlance.wicketdetach.Data@1f3f16b&amp;#93;&lt;/span&gt;&lt;br/&gt;
27.11.2006 10:11:09 com.cleverlance.wicketdetach.SimpleModel detach&lt;br/&gt;
INFO: detaching Model:classname=&lt;span class=&quot;error&quot;&gt;&amp;#91;com.cleverlance.wicketdetach.SimpleModel&amp;#93;&lt;/span&gt;:object=&lt;span class=&quot;error&quot;&gt;&amp;#91;com.cleverlance.wicketdetach.Data@1f3f16b&amp;#93;&lt;/span&gt;&lt;br/&gt;
27.11.2006 10:11:09 com.cleverlance.wicketdetach.FormPage onDetach&lt;br/&gt;
INFO: onDetach&lt;/p&gt;

&lt;p&gt;&amp;#8211; &quot;Submit&quot; clicked &amp;#8211;&lt;br/&gt;
27.11.2006 10:11:32 com.cleverlance.wicketdetach.FormPage$1 onSubmit&lt;br/&gt;
INFO: form submitted&lt;br/&gt;
27.11.2006 10:11:32 com.cleverlance.wicketdetach.FormPage onAttach&lt;br/&gt;
INFO: onAttach&lt;br/&gt;
27.11.2006 10:11:32 com.cleverlance.wicketdetach.SimpleModel detach&lt;br/&gt;
INFO: detaching Model:classname=&lt;span class=&quot;error&quot;&gt;&amp;#91;com.cleverlance.wicketdetach.SimpleModel&amp;#93;&lt;/span&gt;:object=&lt;span class=&quot;error&quot;&gt;&amp;#91;com.cleverlance.wicketdetach.Data@1f3f16b&amp;#93;&lt;/span&gt;&lt;br/&gt;
27.11.2006 10:11:32 com.cleverlance.wicketdetach.SimpleModel detach&lt;br/&gt;
INFO: detaching Model:classname=&lt;span class=&quot;error&quot;&gt;&amp;#91;com.cleverlance.wicketdetach.SimpleModel&amp;#93;&lt;/span&gt;:object=&lt;span class=&quot;error&quot;&gt;&amp;#91;com.cleverlance.wicketdetach.Data@1f3f16b&amp;#93;&lt;/span&gt;&lt;br/&gt;
27.11.2006 10:11:32 com.cleverlance.wicketdetach.SimpleModel detach&lt;br/&gt;
INFO: detaching Model:classname=&lt;span class=&quot;error&quot;&gt;&amp;#91;com.cleverlance.wicketdetach.SimpleModel&amp;#93;&lt;/span&gt;:object=&lt;span class=&quot;error&quot;&gt;&amp;#91;com.cleverlance.wicketdetach.Data@1f3f16b&amp;#93;&lt;/span&gt;&lt;br/&gt;
27.11.2006 10:11:32 com.cleverlance.wicketdetach.FormPage onDetach&lt;br/&gt;
INFO: onDetach&lt;/p&gt;

&lt;p&gt;&amp;#8211; &quot;Submit &amp;amp; Return&quot; clicked &amp;#8211;&lt;br/&gt;
27.11.2006 10:11:59 com.cleverlance.wicketdetach.FormPage$1 onSubmit&lt;br/&gt;
INFO: form submitted&lt;br/&gt;
27.11.2006 10:11:59 com.cleverlance.wicketdetach.IndexPage onAttach&lt;br/&gt;
INFO: onAttach&lt;br/&gt;
27.11.2006 10:11:59 com.cleverlance.wicketdetach.IndexPage onDetach&lt;br/&gt;
INFO: onDetach&lt;/p&gt;
</comment>
                            <comment id="12453631" author="ehillenius" created="Mon, 27 Nov 2006 16:04:51 +0000"  >&lt;p&gt;got another use case is seems&lt;/p&gt;</comment>
                            <comment id="12454353" author="jcompagner" created="Wed, 29 Nov 2006 16:19:22 +0000"  >&lt;p&gt;as far as i know it was always this:&lt;/p&gt;

&lt;p&gt;onBeginRequest -&amp;gt; only in the render phase not in request phase&lt;br/&gt;
onEndRequest -&amp;gt; after render phase.&lt;/p&gt;

&lt;p&gt;And then we have onComponentCalled (or what every it is called that was between the interface/request call.&lt;/p&gt;


&lt;p&gt;is page.onBeginRequest not called before the listener interface? (form.onsubmit)?&lt;br/&gt;
What is exactly the fix?&lt;/p&gt;</comment>
                            <comment id="12468892" author="ehillenius" created="Wed, 31 Jan 2007 06:19:45 +0000"  >&lt;p&gt;Johan, can I assign this to you?&lt;/p&gt;</comment>
                            <comment id="12468896" author="ivaynberg" created="Wed, 31 Jan 2007 06:23:39 +0000"  >&lt;p&gt;in the end i do not think we are going to support this because there is no good way to do it.&lt;br/&gt;
onattach will be called before render and while the hieararchy can still be modified - like it is now&lt;br/&gt;
we were talking about dropping beforerender and renaming onattach to beforerender - because that is what it really is&lt;/p&gt;</comment>
                            <comment id="12468915" author="ehillenius" created="Wed, 31 Jan 2007 07:54:31 +0000"  >&lt;p&gt;So Johan, feel free to close it if you agree.&lt;/p&gt;</comment>
                            <comment id="12468949" author="jcompagner" created="Wed, 31 Jan 2007 09:14:30 +0000"  >&lt;p&gt;yes onAttach() and onBeforeRender is now purely for the render phase&lt;/p&gt;

&lt;p&gt;onDetach() is called always so that models and components are detached correctly.&lt;br/&gt;
And detach() must be called even if (the current) attach is not called because of that.&lt;/p&gt;

&lt;p&gt;So when you submit a form and then respond/render to another page &lt;br/&gt;
the onAttach is not called for that page with that form. But detach is..&lt;/p&gt;

&lt;p&gt;I think this is wrong and i already have said i think on the user list how it should be: (last night i really needed that onattach anyway that i now have found through IPageEntry...)&lt;/p&gt;


&lt;p&gt;on submit request comes in respond to same page:&lt;/p&gt;

&lt;p&gt;Page.onAttach();&lt;br/&gt;
form.onSubmit();&lt;br/&gt;
Page.onBeginRender();&lt;br/&gt;
Page.render();&lt;br/&gt;
Page.onEndRender();&lt;br/&gt;
Page.onDetach();&lt;/p&gt;


&lt;p&gt;on submit request comes in respond to another page:&lt;/p&gt;

&lt;p&gt;Page1.onAttach();&lt;br/&gt;
form.onSubmit();&lt;br/&gt;
Page2.onAttach();&lt;br/&gt;
Page2.onBeginRender();&lt;br/&gt;
Page2.render();&lt;br/&gt;
Page2.onEndRender();&lt;br/&gt;
Page2.onDetach();&lt;br/&gt;
Page.1onDetach();&lt;/p&gt;
</comment>
                            <comment id="12469127" author="ivaynberg" created="Wed, 31 Jan 2007 17:40:47 +0000"  >&lt;p&gt;yes yes, but can we do it for 2.0? this is a pretty big break in concept. first we have to remove onbeginrender() then rename any onattach to onbeginrender() and then create the new onattach(). this means all users have to do the same in their code! not only that they also need to know to use onbeginrender() instead of onattach() now.&lt;/p&gt;

&lt;p&gt;i dont mind doing it in my 2.0 projects, but what about others?&lt;/p&gt;

&lt;p&gt;also we need to lock the hierarachy in onattach(), no point in letting someone remove a component whose listener is about to get invoked.&lt;/p&gt;</comment>
                            <comment id="12469200" author="jcompagner" created="Wed, 31 Jan 2007 21:24:41 +0000"  >&lt;p&gt;can&apos;t we do it a bit different with a bit different names?&lt;br/&gt;
and the depricate and make the make the current methods final?&lt;/p&gt;

&lt;p&gt;We could also just keep the current onBeginRender things (they are pretty much in the right place already so whats done there is fine)&lt;br/&gt;
and make onAttach final and call it a bit different?&lt;/p&gt;
</comment>
                            <comment id="12469205" author="ivaynberg" created="Wed, 31 Jan 2007 21:35:32 +0000"  >&lt;p&gt;what would you call onattach() ? i mean we can just deprecate onattach() and call it from inside onbeginrender()&lt;br/&gt;
but onattach is such a good name! and then what? after 2.0 you rename it back or will we be stuck with this new name forever?&lt;/p&gt;</comment>
                            <comment id="12469232" author="jcompagner" created="Wed, 31 Jan 2007 22:36:52 +0000"  >&lt;p&gt;attach()/detach() ?&lt;br/&gt;
so drop the on? (i know the rest are on....)&lt;/p&gt;
</comment>
                            <comment id="12469234" author="ivaynberg" created="Wed, 31 Jan 2007 22:39:33 +0000"  >&lt;p&gt;no that would be horrible. besides we already have attach()/detach() that encapsulate the super-called check.&lt;/p&gt;

&lt;p&gt;maybe all we do is this&lt;/p&gt;

&lt;p&gt;mark onattach as final and tell people to move to onbeginrender&lt;/p&gt;

&lt;p&gt;let that break sit in there for a few weeks to give people a chance to migrate, then go back in and rework onattach&lt;/p&gt;</comment>
                            <comment id="12469240" author="jcompagner" created="Wed, 31 Jan 2007 22:47:50 +0000"  >&lt;p&gt;but for how long?&lt;br/&gt;
in 1.3 or 2.0?&lt;/p&gt;

&lt;p&gt;Because anybody that didn&apos;t move in that period but after that has a problem.&lt;/p&gt;

&lt;p&gt;onBeginRequest/onEndRequest?&lt;/p&gt;

&lt;p&gt;onBegin/onEnd&lt;/p&gt;

&lt;p&gt;onRequest/on????&lt;/p&gt;

&lt;p&gt;onUse/onNotUsedAnyMoreUntilUsedAgain&lt;/p&gt;



&lt;p&gt;why do we have onAttach and attach()? wasn&apos;t it the point that we don&apos;t need 2 of those?&lt;br/&gt;
and when is attach() now called?&lt;/p&gt;

</comment>
                            <comment id="12469242" author="ivaynberg" created="Wed, 31 Jan 2007 22:53:53 +0000"  >&lt;p&gt;onAttach() is the listener - you put your code into it and it is invoked at some point for you&lt;br/&gt;
attach() is used by the framework to do what it needs to attach the component - which includes invoking the onAttach()&lt;br/&gt;
attach() is public final, if java had a better permission system this method would not be visible to users&lt;/p&gt;

&lt;p&gt;as far as i know these changes would only be for 2.0&lt;/p&gt;</comment>
                            <comment id="12498846" author="jcompagner" created="Thu, 24 May 2007 22:22:43 +0100"  >&lt;p&gt;this is all fixed now&lt;/p&gt;</comment>
                    </comments>
                    <attachments>
                    </attachments>
                <subtasks>
                    </subtasks>
                <customfields>
                                                <customfield id="customfield_12310310" key="com.atlassian.jira.toolkit:attachments">
                        <customfieldname>Attachment count</customfieldname>
                        <customfieldvalues>
                            <customfieldvalue>0.0</customfieldvalue>
                        </customfieldvalues>
                    </customfield>
                                                                                                                        <customfield id="customfield_12310220" key="com.atlassian.jira.ext.charting:firstresponsedate">
                        <customfieldname>Date of First Response</customfieldname>
                        <customfieldvalues>
                            <customfieldvalue>Mon, 27 Nov 2006 06:49:21 +0000</customfieldvalue>

                        </customfieldvalues>
                    </customfield>
                                                                                                                                                    <customfield id="customfield_12310420" key="com.pyxis.greenhopper.jira:gh-global-rank">
                        <customfieldname>Global Rank</customfieldname>
                        <customfieldvalues>
                            <customfieldvalue>59299</customfieldvalue>
                        </customfieldvalues>
                    </customfield>
                                                                <customfield id="customfield_12311820" key="com.pyxis.greenhopper.jira:gh-lexo-rank">
                        <customfieldname>Rank</customfieldname>
                        <customfieldvalues>
                            <customfieldvalue>0|10k8k0:</customfieldvalue>

                        </customfieldvalues>
                    </customfield>
                                                                <customfield id="customfield_12310920" key="com.pyxis.greenhopper.jira:gh-global-rank">
                        <customfieldname>Rank (Obsolete)</customfieldname>
                        <customfieldvalues>
                            <customfieldvalue>118034</customfieldvalue>
                        </customfieldvalues>
                    </customfield>
                                                                                                                        <customfield id="customfield_12310222" key="com.atlassian.jira.ext.charting:timeinstatus">
                        <customfieldname>Time in Status</customfieldname>
                        <customfieldvalues>
                            
                        </customfieldvalues>
                    </customfield>
                                    </customfields>
    </item>

<item>
            <title>[WICKET-7] IBehavior#rendered() is called twice when a component that has that behavior is rendered via AJAX</title>
                <link>https://issues.apache.org/jira/browse/WICKET-7</link>
                <project id="12310561" key="WICKET">Wicket</project>
                    <description>&lt;p&gt;The IBehavior#rendered() method is called twice when a component that has that behavior is rendered via AJAX.  When rendering the component though the normal process (not ajax) it is only called once.&lt;/p&gt;

&lt;p&gt;Here are the two places it&apos;s getting called:&lt;/p&gt;

&lt;p&gt;The AjaxRequestTarget#respondComponent() method calls component.renderComponent() which tells the behaviors that the component was rendered (line 464 of AjaxRequestTarget.java ).&lt;/p&gt;

&lt;p&gt;The AjaxRequestTarget#respondHeaderContribution() method goes calls each component&apos;s renderedBehaviors() method which ends up calling IBehavior#rendered() (lines 513 and 524 of AjaxRequestTarget.java).&lt;/p&gt;

&lt;p&gt;The result of this is that Firefox, Safari, and Opera (I don&apos;t know about IE) end up executing any javascript that&apos;s rendered through a behavior twice.&lt;/p&gt;

&lt;p&gt;The example I tested was adding an AutoCompleteTextField to a page through ajax.&lt;/p&gt;</description>
                <environment>Wicket 2.0</environment>
        <key id="12353338">WICKET-7</key>
            <summary>IBehavior#rendered() is called twice when a component that has that behavior is rendered via AJAX</summary>
                <type id="1" iconUrl="https://issues.apache.org/jira/images/icons/issuetypes/bug.png">Bug</type>
                                            <priority id="3" iconUrl="https://issues.apache.org/jira/images/icons/priorities/major.png">Major</priority>
                        <status id="5" iconUrl="https://issues.apache.org/jira/images/icons/statuses/resolved.png" description="A resolution has been taken, and it is awaiting verification by reporter. From here issues are either reopened, or are closed.">Resolved</status>
                    <statusCategory id="3" key="done" colorName="green"/>
                                    <resolution id="1">Fixed</resolution>
                                        <assignee username="-1">Unassigned</assignee>
                                    <reporter username="redhatdude">Caleb Land</reporter>
                        <labels>
                    </labels>
                <created>Tue, 17 Oct 2006 01:49:16 +0100</created>
                <updated>Sat, 13 Jan 2007 08:42:17 +0000</updated>
                            <resolved>Sat, 13 Jan 2007 08:42:17 +0000</resolved>
                                    <version>2.0 branch (discontinued)</version>
                                    <fixVersion>2.0 branch (discontinued)</fixVersion>
                    <fixVersion>1.3.0-beta1</fixVersion>
                                    <component>wicket</component>
                        <due></due>
                            <votes>0</votes>
                                    <watches>1</watches>
                                                                <comments>
                            <comment id="12464418" author="ehillenius" created="Sat, 13 Jan 2007 08:11:52 +0000"  >&lt;p&gt;Can&apos;t reproduce this for 2.0, but onComponentRendered is called twice in 1.3&lt;/p&gt;</comment>
                    </comments>
                    <attachments>
                    </attachments>
                <subtasks>
                    </subtasks>
                <customfields>
                                                <customfield id="customfield_12310310" key="com.atlassian.jira.toolkit:attachments">
                        <customfieldname>Attachment count</customfieldname>
                        <customfieldvalues>
                            <customfieldvalue>0.0</customfieldvalue>
                        </customfieldvalues>
                    </customfield>
                                                                                                                        <customfield id="customfield_12310220" key="com.atlassian.jira.ext.charting:firstresponsedate">
                        <customfieldname>Date of First Response</customfieldname>
                        <customfieldvalues>
                            <customfieldvalue>Sat, 13 Jan 2007 08:11:52 +0000</customfieldvalue>

                        </customfieldvalues>
                    </customfield>
                                                                                                                                                    <customfield id="customfield_12310420" key="com.pyxis.greenhopper.jira:gh-global-rank">
                        <customfieldname>Global Rank</customfieldname>
                        <customfieldvalues>
                            <customfieldvalue>201096</customfieldvalue>
                        </customfieldvalues>
                    </customfield>
                                                                <customfield id="customfield_12311820" key="com.pyxis.greenhopper.jira:gh-lexo-rank">
                        <customfieldname>Rank</customfieldname>
                        <customfieldvalues>
                            <customfieldvalue>0|10k8js:</customfieldvalue>

                        </customfieldvalues>
                    </customfield>
                                                                <customfield id="customfield_12310920" key="com.pyxis.greenhopper.jira:gh-global-rank">
                        <customfieldname>Rank (Obsolete)</customfieldname>
                        <customfieldvalues>
                            <customfieldvalue>118033</customfieldvalue>
                        </customfieldvalues>
                    </customfield>
                                                                                                                        <customfield id="customfield_12310222" key="com.atlassian.jira.ext.charting:timeinstatus">
                        <customfieldname>Time in Status</customfieldname>
                        <customfieldvalues>
                            
                        </customfieldvalues>
                    </customfield>
                                    </customfields>
    </item>

<item>
            <title>[WICKET-8] deadlock contention for sessions</title>
                <link>https://issues.apache.org/jira/browse/WICKET-8</link>
                <project id="12310561" key="WICKET">Wicket</project>
                    <description>&lt;p&gt;I have a bunch of custom image thumbnails that each take a little while to serve up.&lt;br/&gt;
With lots of them on the page at once I&apos;m seeing what looks like a deadlock going on for the session objects. 1.2.2 didn&apos;t do this.&lt;/p&gt;

&lt;p&gt;Here&apos;s an edited thread-dump. There are lots of these:&lt;/p&gt;

&lt;p&gt;&quot;http-8080-Processor26&quot; daemon prio=1 tid=0x08875a60 nid=0x5480 waiting for monitor entry &lt;span class=&quot;error&quot;&gt;&amp;#91;0xa5ef9000..0xa5efee60&amp;#93;&lt;/span&gt;&lt;br/&gt;
	at wicket.request.compound.DefaultRequestTargetResolverStrategy.resolve(DefaultRequestTargetResolverStrategy.java:102)&lt;/p&gt;
&lt;ul class=&quot;alternate&quot; type=&quot;square&quot;&gt;
	&lt;li&gt;waiting to lock &amp;lt;0xab6ee028&amp;gt; (a com.foo.MyWebSession)&lt;br/&gt;
	at wicket.request.compound.AbstractCompoundRequestCycleProcessor.resolve(AbstractCompoundRequestCycleProcessor.java:48)&lt;br/&gt;
	at wicket.RequestCycle.step(RequestCycle.java:992)&lt;br/&gt;
	at wicket.RequestCycle.steps(RequestCycle.java:1084)&lt;br/&gt;
	at wicket.RequestCycle.request(RequestCycle.java:454)&lt;br/&gt;
	at wicket.protocol.http.WicketServlet.doGet(WicketServlet.java:219)&lt;br/&gt;
	&lt;span class=&quot;error&quot;&gt;&amp;#91;...&amp;#93;&lt;/span&gt;&lt;/li&gt;
&lt;/ul&gt;


&lt;p&gt;One of these:&lt;br/&gt;
&quot;http-8080-Processor23&quot; daemon prio=1 tid=0x082a7988 nid=0x547a waiting for monitor entry &lt;span class=&quot;error&quot;&gt;&amp;#91;0xa5af8000..0xa5afd0e0&amp;#93;&lt;/span&gt;&lt;br/&gt;
	at wicket.RequestCycle.processEventsAndRespond(RequestCycle.java:929)&lt;/p&gt;
&lt;ul class=&quot;alternate&quot; type=&quot;square&quot;&gt;
	&lt;li&gt;waiting to lock &amp;lt;0xab6ee028&amp;gt; (a com.foo.MyWebSession)&lt;br/&gt;
	at wicket.RequestCycle.step(RequestCycle.java:1010)&lt;br/&gt;
	at wicket.RequestCycle.steps(RequestCycle.java:1084)&lt;br/&gt;
	at wicket.RequestCycle.request(RequestCycle.java:454)&lt;br/&gt;
	at wicket.protocol.http.WicketServlet.doGet(WicketServlet.java:219)&lt;br/&gt;
	&lt;span class=&quot;error&quot;&gt;&amp;#91;...&amp;#93;&lt;/span&gt;&lt;/li&gt;
&lt;/ul&gt;


&lt;p&gt;And one of these:&lt;br/&gt;
&quot;http-8080-Processor20&quot; daemon prio=1 tid=0x082a6978 nid=0x5116 in Object.wait() &lt;span class=&quot;error&quot;&gt;&amp;#91;0xa57f2000..0xa57f7160&amp;#93;&lt;/span&gt;&lt;br/&gt;
	at java.lang.Object.wait(Native Method)&lt;/p&gt;
&lt;ul class=&quot;alternate&quot; type=&quot;square&quot;&gt;
	&lt;li&gt;waiting on &amp;lt;0xab7695c8&amp;gt; (a java.util.HashMap)&lt;br/&gt;
	at wicket.Session.getPage(Session.java:427)&lt;/li&gt;
	&lt;li&gt;locked &amp;lt;0xab7695c8&amp;gt; (a java.util.HashMap)&lt;br/&gt;
	at wicket.request.compound.DefaultRequestTargetResolverStrategy.resolveRenderedPage(DefaultRequestTargetResolverStrategy.java:215)&lt;br/&gt;
	at wicket.request.compound.DefaultRequestTargetResolverStrategy.resolve(DefaultRequestTargetResolverStrategy.java:152)&lt;/li&gt;
	&lt;li&gt;locked &amp;lt;0xab6ee028&amp;gt; (a com.foo.MyWebSession)&lt;br/&gt;
	at wicket.request.compound.AbstractCompoundRequestCycleProcessor.resolve(AbstractCompoundRequestCycleProcessor.java:48)&lt;br/&gt;
	at wicket.RequestCycle.step(RequestCycle.java:992)&lt;br/&gt;
	at wicket.RequestCycle.steps(RequestCycle.java:1084)&lt;br/&gt;
	at wicket.RequestCycle.request(RequestCycle.java:454)&lt;br/&gt;
	at wicket.protocol.http.WicketServlet.doGet(WicketServlet.java:219)&lt;br/&gt;
	&lt;span class=&quot;error&quot;&gt;&amp;#91;...&amp;#93;&lt;/span&gt;&lt;/li&gt;
&lt;/ul&gt;


&lt;p&gt;Let me know if you need any more info. I can probably make an example webapp if required, but hopefully this will be sufficient.&lt;/p&gt;

&lt;p&gt;As far as I&apos;m concerned it&apos;s pretty critical, as the entire session falls over and never recovers, so I&apos;m marking it as a blocker. Hope that&apos;s OK.&lt;/p&gt;</description>
                <environment></environment>
        <key id="12353347">WICKET-8</key>
            <summary>deadlock contention for sessions</summary>
                <type id="1" iconUrl="https://issues.apache.org/jira/images/icons/issuetypes/bug.png">Bug</type>
                                            <priority id="1" iconUrl="https://issues.apache.org/jira/images/icons/priorities/blocker.png">Blocker</priority>
                        <status id="5" iconUrl="https://issues.apache.org/jira/images/icons/statuses/resolved.png" description="A resolution has been taken, and it is awaiting verification by reporter. From here issues are either reopened, or are closed.">Resolved</status>
                    <statusCategory id="3" key="done" colorName="green"/>
                                    <resolution id="1">Fixed</resolution>
                                        <assignee username="jcompagner">Johan Compagner</assignee>
                                    <reporter username="almaw">Alastair Maw</reporter>
                        <labels>
                    </labels>
                <created>Tue, 17 Oct 2006 06:30:45 +0100</created>
                <updated>Wed, 18 Oct 2006 22:27:36 +0100</updated>
                            <resolved>Wed, 18 Oct 2006 22:20:12 +0100</resolved>
                                    <version>1.2.3</version>
                    <version>1.3.0-beta1</version>
                                    <fixVersion>2.0 branch (discontinued)</fixVersion>
                    <fixVersion>1.2.3</fixVersion>
                                    <component>wicket</component>
                        <due></due>
                            <votes>0</votes>
                                    <watches>0</watches>
                                                                <comments>
                            <comment id="12442863" author="ehillenius" created="Tue, 17 Oct 2006 12:00:33 +0100"  >&lt;p&gt;We should create a test for this in wicket-threadtest (1.x branch), so that we can fix it an keep it fixed. I&apos;m too busy today to this this myself. But the sooner we have this, the sooner we can fix it.&lt;/p&gt;</comment>
                            <comment id="12443305" author="almaw" created="Wed, 18 Oct 2006 18:28:55 +0100"  >&lt;p&gt;Java source for page to demonstrate the problem.&lt;/p&gt;</comment>
                            <comment id="12443312" author="ehillenius" created="Wed, 18 Oct 2006 18:50:12 +0100"  >&lt;p&gt;Johan, you want to take this one?&lt;/p&gt;</comment>
                            <comment id="12443314" author="almaw" created="Wed, 18 Oct 2006 18:51:48 +0100"  >&lt;p&gt;If you just open the page in a single Firefox, loading up the images is generally enough to trigger the problem, but I&apos;ve create a App1Test3 and ResourceTestPage in threadtest which demonstrates this problem clearly. Eelco&apos;s kindly committed it.&lt;/p&gt;

&lt;p&gt;fwiw, ivaynberg&apos;s also running into this right now.&lt;/p&gt;</comment>
                            <comment id="12443342" author="almaw" created="Wed, 18 Oct 2006 20:29:13 +0100"  >&lt;p&gt;I attach a patch which I believe fixes this issue. I&apos;ve tested things on a fairly complex site, and it certainly seems to work.&lt;/p&gt;

&lt;p&gt;The issue appears to be that DefaultRequestTargetResolverStrategy#resolve(RequestCycle, RequestParameters) needs to drop its lock on the Session before calling resolveRenderedPage().&lt;/p&gt;</comment>
                            <comment id="12443362" author="jcompagner" created="Wed, 18 Oct 2006 22:20:12 +0100"  >&lt;p&gt;the patch looks fine. Now we don&apos;t have a sync block in a sync block&lt;br/&gt;
This makes me wonder what kind of things we more have. We should really analyse all sync blocks we have.&lt;br/&gt;
This sync block is only for one thing and that is the Pagemap access And then more the AccessStack that needs to be synced&lt;br/&gt;
Better would be everywhere we touch the pagemap or page (in that pagemap) we set a lock on that pagemap..&lt;/p&gt;
</comment>
                            <comment id="12443366" author="ehillenius" created="Wed, 18 Oct 2006 22:27:36 +0100"  >&lt;p&gt;It also shows that we should test on this stuff. We have had like 20 times we thought we were good after some limited testing, but then turned out we weren&apos;t. Covering the corner cases/ extreme situations we find is important.&lt;/p&gt;</comment>
                    </comments>
                    <attachments>
                            <attachment id="12343194" name="DefaultRequestTargetResolverStrategy-WICKET-8.patch" size="1547" author="almaw" created="Wed, 18 Oct 2006 20:29:13 +0100"/>
                            <attachment id="12343182" name="ResourceTestPage.html" size="132" author="almaw" created="Wed, 18 Oct 2006 18:29:14 +0100"/>
                            <attachment id="12343181" name="ResourceTestPage.java" size="2728" author="almaw" created="Wed, 18 Oct 2006 18:28:55 +0100"/>
                    </attachments>
                <subtasks>
                    </subtasks>
                <customfields>
                                                <customfield id="customfield_12310310" key="com.atlassian.jira.toolkit:attachments">
                        <customfieldname>Attachment count</customfieldname>
                        <customfieldvalues>
                            <customfieldvalue>3.0</customfieldvalue>
                        </customfieldvalues>
                    </customfield>
                                                                                                                        <customfield id="customfield_12310220" key="com.atlassian.jira.ext.charting:firstresponsedate">
                        <customfieldname>Date of First Response</customfieldname>
                        <customfieldvalues>
                            <customfieldvalue>Tue, 17 Oct 2006 11:00:33 +0000</customfieldvalue>

                        </customfieldvalues>
                    </customfield>
                                                                                                                                                    <customfield id="customfield_12310420" key="com.pyxis.greenhopper.jira:gh-global-rank">
                        <customfieldname>Global Rank</customfieldname>
                        <customfieldvalues>
                            <customfieldvalue>59228</customfieldvalue>
                        </customfieldvalues>
                    </customfield>
                                                                <customfield id="customfield_12311820" key="com.pyxis.greenhopper.jira:gh-lexo-rank">
                        <customfieldname>Rank</customfieldname>
                        <customfieldvalues>
                            <customfieldvalue>0|10k8jk:</customfieldvalue>

                        </customfieldvalues>
                    </customfield>
                                                                <customfield id="customfield_12310920" key="com.pyxis.greenhopper.jira:gh-global-rank">
                        <customfieldname>Rank (Obsolete)</customfieldname>
                        <customfieldvalues>
                            <customfieldvalue>118032</customfieldvalue>
                        </customfieldvalues>
                    </customfield>
                                                                                                                        <customfield id="customfield_12310222" key="com.atlassian.jira.ext.charting:timeinstatus">
                        <customfieldname>Time in Status</customfieldname>
                        <customfieldvalues>
                            
                        </customfieldvalues>
                    </customfield>
                                    </customfields>
    </item>

<item>
            <title>[WICKET-9] OnError does not work on file upload exceding max size</title>
                <link>https://issues.apache.org/jira/browse/WICKET-9</link>
                <project id="12310561" key="WICKET">Wicket</project>
                    <description>&lt;p&gt;The Form#onError method is not invoked when a user is uploading a file bigger than the max size attribute specified.&lt;/p&gt;

&lt;p&gt;This is a strange behaviour because an error message is set correctly but is not possible to intercept the reasing error event. &lt;/p&gt;

&lt;p&gt;This happens because Form#handleMultiPart() set an error in the form component and retun false, so Form#process() is not called and nobody invoke Form#onError().&lt;/p&gt;


</description>
                <environment></environment>
        <key id="12353472">WICKET-9</key>
            <summary>OnError does not work on file upload exceding max size</summary>
                <type id="1" iconUrl="https://issues.apache.org/jira/images/icons/issuetypes/bug.png">Bug</type>
                                            <priority id="3" iconUrl="https://issues.apache.org/jira/images/icons/priorities/major.png">Major</priority>
                        <status id="5" iconUrl="https://issues.apache.org/jira/images/icons/statuses/resolved.png" description="A resolution has been taken, and it is awaiting verification by reporter. From here issues are either reopened, or are closed.">Resolved</status>
                    <statusCategory id="3" key="done" colorName="green"/>
                                    <resolution id="1">Fixed</resolution>
                                        <assignee username="-1">Unassigned</assignee>
                                    <reporter username="pablo72">paolo di tommaso</reporter>
                        <labels>
                    </labels>
                <created>Wed, 18 Oct 2006 09:24:31 +0100</created>
                <updated>Mon, 12 Mar 2007 07:57:09 +0000</updated>
                            <resolved>Sun, 11 Mar 2007 06:12:29 +0000</resolved>
                                    <version>1.2.3</version>
                                    <fixVersion>1.2.6</fixVersion>
                                        <due></due>
                            <votes>0</votes>
                                    <watches>0</watches>
                                                                <comments>
                            <comment id="12479900" author="ehillenius" created="Sun, 11 Mar 2007 06:12:29 +0000"  >&lt;p&gt;Sorry this one was handled so late. Fixed for 1.2.6&lt;/p&gt;</comment>
                            <comment id="12479999" author="pablo72" created="Mon, 12 Mar 2007 07:57:09 +0000"  >&lt;p&gt;Nice, thanks&lt;/p&gt;
</comment>
                    </comments>
                    <attachments>
                    </attachments>
                <subtasks>
                    </subtasks>
                <customfields>
                                                <customfield id="customfield_12310310" key="com.atlassian.jira.toolkit:attachments">
                        <customfieldname>Attachment count</customfieldname>
                        <customfieldvalues>
                            <customfieldvalue>0.0</customfieldvalue>
                        </customfieldvalues>
                    </customfield>
                                                                                                                        <customfield id="customfield_12310220" key="com.atlassian.jira.ext.charting:firstresponsedate">
                        <customfieldname>Date of First Response</customfieldname>
                        <customfieldvalues>
                            <customfieldvalue>Sun, 11 Mar 2007 06:12:29 +0000</customfieldvalue>

                        </customfieldvalues>
                    </customfield>
                                                                                                                                                    <customfield id="customfield_12310420" key="com.pyxis.greenhopper.jira:gh-global-rank">
                        <customfieldname>Global Rank</customfieldname>
                        <customfieldvalues>
                            <customfieldvalue>201097</customfieldvalue>
                        </customfieldvalues>
                    </customfield>
                                                                <customfield id="customfield_12311820" key="com.pyxis.greenhopper.jira:gh-lexo-rank">
                        <customfieldname>Rank</customfieldname>
                        <customfieldvalues>
                            <customfieldvalue>0|10k8jc:</customfieldvalue>

                        </customfieldvalues>
                    </customfield>
                                                                <customfield id="customfield_12310920" key="com.pyxis.greenhopper.jira:gh-global-rank">
                        <customfieldname>Rank (Obsolete)</customfieldname>
                        <customfieldvalues>
                            <customfieldvalue>118031</customfieldvalue>
                        </customfieldvalues>
                    </customfield>
                                                                                                                        <customfield id="customfield_12310222" key="com.atlassian.jira.ext.charting:timeinstatus">
                        <customfieldname>Time in Status</customfieldname>
                        <customfieldvalues>
                            
                        </customfieldvalues>
                    </customfield>
                                    </customfields>
    </item>

<item>
            <title>[WICKET-16] missing base64/ URL encoding</title>
                <link>https://issues.apache.org/jira/browse/WICKET-16</link>
                <project id="12310561" key="WICKET">Wicket</project>
                    <description>&lt;p&gt;yesterday i showed the concept of omponents to a friend and stumled into something i dont understand and think it might be a bug. &lt;/p&gt;

&lt;p&gt;I have a small panelcompoment that holds a searchform (textfield + submit) nothing special here, the code behind looks like: &lt;/p&gt;

&lt;p&gt; @Override&lt;br/&gt;
        public void onSubmit() &lt;br/&gt;
        {&lt;br/&gt;
            String suchFeld = getSuchfeld();&lt;br/&gt;
            if(suchFeld.length()&amp;gt;0)&lt;/p&gt;
            {
                PageParameters params = new PageParameters();
                params.add(&quot;finde&quot;,suchFeld);
                setResponsePage(Suche.class,params);
            }
&lt;p&gt;            else&lt;/p&gt;
            {
                setResponsePage(getPage().getClass());
            }  
&lt;p&gt;      }&lt;/p&gt;

&lt;p&gt;the component is put into a &quot;BasePage&quot;:&lt;/p&gt;

&lt;p&gt; public BasePage() {&lt;br/&gt;
        ....    &lt;br/&gt;
        add(bar);&lt;br/&gt;
        add(new SuchPanel(&quot;SuchPanel&quot;));&lt;br/&gt;
        .....&lt;br/&gt;
}&lt;/p&gt;

&lt;p&gt;wich is then extended by the real page:&lt;/p&gt;

&lt;p&gt;public class Foo extends BasePage{&lt;/p&gt;

&lt;p&gt;    /** Creates a new instance of Zigarren */&lt;br/&gt;
    public Foo() {&lt;br/&gt;
        }&lt;/p&gt;

&lt;p&gt;wich works all fine, however if the class name contains non ascii letters&lt;br/&gt;
(e.g: &#246; &#228; &#252; etc.) it gives me a bug if nothing is entered into the search and the part&lt;/p&gt;

&lt;p&gt;public class Zubeh&#246;r extends BasePage{&lt;/p&gt;

&lt;p&gt;    /** Creates a new instance of Zubeh&#246;r */&lt;br/&gt;
    public Zubeh&#246;r() {&lt;br/&gt;
    }&lt;/p&gt;

&lt;p&gt;&quot;setResponsePage(getPage().getClass());&quot; comes to action, the trouble is that the page might have the URL:&lt;br/&gt;
?wicket:bookmarkablePage=:de.pages.Zubeh%C3%B6r&lt;br/&gt;
but the form tries to go to : &lt;br/&gt;
wicket:bookmarkablePage=:de.pages.Zubeh%F6r&lt;/p&gt;

&lt;p&gt;wich results in a CODE 404 in the App Server &lt;/p&gt;</description>
                <environment>any</environment>
        <key id="12353946">WICKET-16</key>
            <summary>missing base64/ URL encoding</summary>
                <type id="1" iconUrl="https://issues.apache.org/jira/images/icons/issuetypes/bug.png">Bug</type>
                                            <priority id="3" iconUrl="https://issues.apache.org/jira/images/icons/priorities/major.png">Major</priority>
                        <status id="6" iconUrl="https://issues.apache.org/jira/images/icons/statuses/closed.png" description="The issue is considered finished, the resolution is correct. Issues which are closed can be reopened.">Closed</status>
                    <statusCategory id="3" key="done" colorName="green"/>
                                    <resolution id="1">Fixed</resolution>
                                        <assignee username="frankbille">Frank Bille Jensen</assignee>
                                    <reporter username="korbinian">Korbinian Bachl</reporter>
                        <labels>
                    </labels>
                <created>Wed, 25 Oct 2006 15:01:24 +0100</created>
                <updated>Sun, 29 Oct 2006 21:14:46 +0000</updated>
                            <resolved>Thu, 26 Oct 2006 00:18:42 +0100</resolved>
                                    <version>2.0 branch (discontinued)</version>
                    <version>1.2.2</version>
                                    <fixVersion>2.0 branch (discontinued)</fixVersion>
                    <fixVersion>1.2.3</fixVersion>
                                    <component>wicket</component>
                        <due></due>
                            <votes>0</votes>
                                    <watches>0</watches>
                                                                <comments>
                            <comment id="12444705" author="frankbille" created="Wed, 25 Oct 2006 18:57:13 +0100"  >&lt;p&gt;confirmed&lt;/p&gt;</comment>
                            <comment id="12444752" author="frankbille" created="Thu, 26 Oct 2006 00:18:20 +0100"  >&lt;p&gt;I have committed a fix to this to both 1.x and 2.0. Can I have you check it out to see if it fixes your problem?&lt;/p&gt;</comment>
                            <comment id="12445463" author="frankbille" created="Sun, 29 Oct 2006 21:14:46 +0000"  >&lt;p&gt;Bugfix included in 1.2.3&lt;/p&gt;</comment>
                    </comments>
                    <attachments>
                    </attachments>
                <subtasks>
                    </subtasks>
                <customfields>
                                                <customfield id="customfield_12310310" key="com.atlassian.jira.toolkit:attachments">
                        <customfieldname>Attachment count</customfieldname>
                        <customfieldvalues>
                            <customfieldvalue>0.0</customfieldvalue>
                        </customfieldvalues>
                    </customfield>
                                                                                                                        <customfield id="customfield_12310220" key="com.atlassian.jira.ext.charting:firstresponsedate">
                        <customfieldname>Date of First Response</customfieldname>
                        <customfieldvalues>
                            <customfieldvalue>Wed, 25 Oct 2006 17:57:13 +0000</customfieldvalue>

                        </customfieldvalues>
                    </customfield>
                                                                                                                                                    <customfield id="customfield_12310420" key="com.pyxis.greenhopper.jira:gh-global-rank">
                        <customfieldname>Global Rank</customfieldname>
                        <customfieldvalues>
                            <customfieldvalue>201104</customfieldvalue>
                        </customfieldvalues>
                    </customfield>
                                                                <customfield id="customfield_12311820" key="com.pyxis.greenhopper.jira:gh-lexo-rank">
                        <customfieldname>Rank</customfieldname>
                        <customfieldvalues>
                            <customfieldvalue>0|10k8j4:</customfieldvalue>

                        </customfieldvalues>
                    </customfield>
                                                                <customfield id="customfield_12310920" key="com.pyxis.greenhopper.jira:gh-global-rank">
                        <customfieldname>Rank (Obsolete)</customfieldname>
                        <customfieldvalues>
                            <customfieldvalue>118030</customfieldvalue>
                        </customfieldvalues>
                    </customfield>
                                                                                                                        <customfield id="customfield_12310222" key="com.atlassian.jira.ext.charting:timeinstatus">
                        <customfieldname>Time in Status</customfieldname>
                        <customfieldvalues>
                            
                        </customfieldvalues>
                    </customfield>
                                    </customfields>
    </item>
</channel>
</rss>
