<!--
RSS generated by JIRA (6.3.4#6332-sha1:51bc225ef474afe3128b2f66878477f322397b16) at Sun Jan 25 03:26:10 UTC 2015

It is possible to restrict the fields that are returned in this document by specifying the 'field' parameter in your request.
For example, to request only the issue key and summary add field=key&field=summary to the URL of your request.
For example:
https://issues.apache.org/jira/sr/jira.issueviews:searchrequest-xml/temp/SearchRequest.xml?jqlQuery=project+%3D+WICKET+AND+issuetype+%3D+Bug+AND+created+%3E%3D+2015-1-1+AND+created+%3C%3D+2015-2-1+ORDER+BY+key+ASC&amp;tempMax=100&amp;field=key&amp;field=summary
-->
<!-- If you wish to do custom client-side styling of RSS, uncomment this:
<?xml-stylesheet href="https://issues.apache.org/jira/styles/jiraxml2html.xsl" type="text/xsl"?>
-->
<rss version="0.92">
    <channel>
        <title>ASF JIRA</title>
        <link>https://issues.apache.org/jira/secure/IssueNavigator.jspa?reset=true&amp;jqlQuery=project+%3D+WICKET+AND+issuetype+%3D+Bug+AND+created+%3E%3D+2015-1-1+AND+created+%3C%3D+2015-2-1+ORDER+BY+key+ASC</link>
        <description>An XML representation of a search request</description>
                <language>en-uk</language>
                        <issue start="0" end="10" total="10"/>
                <build-info>
            <version>6.3.4</version>
            <build-number>6332</build-number>
            <build-date>15-08-2014</build-date>
        </build-info>
<item>
            <title>[WICKET-5800] wicket:enclosure within FormComponentPanel causes exception related to dequeueing</title>
                <link>https://issues.apache.org/jira/browse/WICKET-5800</link>
                <project id="12310561" key="WICKET">Wicket</project>
                    <description>&lt;p&gt;Steps to reproduce: &lt;/p&gt;
&lt;ul class=&quot;alternate&quot; type=&quot;square&quot;&gt;
	&lt;li&gt;Create a component extending FormComponentPanel and use a wicket:enclosure in it&lt;/li&gt;
	&lt;li&gt;Create a component &quot;MyTab&quot; extending Panel with a form which includes component above&lt;/li&gt;
	&lt;li&gt;In your page, add an AjaxTabbedPanel with two tabs and add &quot;MyTab&quot; twice&lt;/li&gt;
&lt;/ul&gt;


&lt;p&gt;When changing tabs the exception shown below is thrown.&lt;/p&gt;

&lt;p&gt;The problem occurs with both 7.0.0-M4 and 7.0.0-SNAPSHOT&lt;/p&gt;

&lt;p&gt;I am also attaching a quickstart to reproduce the problem.&lt;/p&gt;

&lt;p&gt;org.apache.wicket.WicketRuntimeException: Detach called on component with id &apos;component&apos; while it had a non-empty queue: ComponentQueue&lt;/p&gt;
{queueSize=1, queue=[[Enclosure [Component id = wicket_enclosure0]], null, null, null, null, null, null, null]}
&lt;p&gt;     at org.apache.wicket.MarkupContainer.onDetach(MarkupContainer.java:1936)&lt;br/&gt;
     at org.apache.wicket.markup.html.form.LabeledWebMarkupContainer.onDetach(LabeledWebMarkupContainer.java:46)&lt;br/&gt;
     at org.apache.wicket.markup.html.form.FormComponent.onDetach(FormComponent.java:1409)&lt;br/&gt;
     at org.apache.wicket.Component.detach(Component.java:1162)&lt;br/&gt;
     at org.apache.wicket.MarkupContainer.detachChildren(MarkupContainer.java:1653)&lt;br/&gt;
     at org.apache.wicket.Component.detach(Component.java:1186)&lt;br/&gt;
     at org.apache.wicket.MarkupContainer.detachChildren(MarkupContainer.java:1653)&lt;br/&gt;
     at org.apache.wicket.Component.detach(Component.java:1186)&lt;br/&gt;
     at org.apache.wicket.MarkupContainer.removedComponent(MarkupContainer.java:1355)&lt;br/&gt;
     at org.apache.wicket.MarkupContainer.replace(MarkupContainer.java:742)&lt;br/&gt;
     at org.apache.wicket.MarkupContainer.addOrReplace(MarkupContainer.java:214)&lt;br/&gt;
     at org.apache.wicket.extensions.markup.html.tabs.TabbedPanel.setCurrentTab(TabbedPanel.java:439)&lt;br/&gt;
     at org.apache.wicket.extensions.markup.html.tabs.TabbedPanel.setSelectedTab(TabbedPanel.java:397)&lt;br/&gt;
     at org.apache.wicket.extensions.ajax.markup.html.tabs.AjaxTabbedPanel$1.onClick(AjaxTabbedPanel.java:81)&lt;br/&gt;
     at org.apache.wicket.ajax.markup.html.AjaxFallbackLink$1.onEvent(AjaxFallbackLink.java:90)&lt;br/&gt;
     at org.apache.wicket.ajax.AjaxEventBehavior.respond(AjaxEventBehavior.java:156)&lt;br/&gt;
     at org.apache.wicket.ajax.AbstractDefaultAjaxBehavior.onRequest(AbstractDefaultAjaxBehavior.java:575)&lt;br/&gt;
     at java.lang.reflect.Method.invoke(Method.java:606)&lt;br/&gt;
     at org.apache.wicket.RequestListenerInterface.internalInvoke(RequestListenerInterface.java:258)&lt;br/&gt;
     at org.apache.wicket.RequestListenerInterface.invoke(RequestListenerInterface.java:241)&lt;br/&gt;
     at org.apache.wicket.core.request.handler.ListenerInterfaceRequestHandler.invokeListener(ListenerInterfaceRequestHandler.java:248)&lt;br/&gt;
     at org.apache.wicket.core.request.handler.ListenerInterfaceRequestHandler.respond(ListenerInterfaceRequestHandler.java:234)&lt;br/&gt;
     at org.apache.wicket.request.cycle.RequestCycle$HandlerExecutor.respond(RequestCycle.java:837)&lt;br/&gt;
     at org.apache.wicket.request.RequestHandlerStack.execute(RequestHandlerStack.java:64)&lt;br/&gt;
     at org.apache.wicket.request.cycle.RequestCycle.execute(RequestCycle.java:265)&lt;br/&gt;
     at org.apache.wicket.request.cycle.RequestCycle.processRequest(RequestCycle.java:222)&lt;br/&gt;
     at org.apache.wicket.request.cycle.RequestCycle.processRequestAndDetach(RequestCycle.java:293)&lt;br/&gt;
     at org.apache.wicket.protocol.http.WicketFilter.processRequestCycle(WicketFilter.java:261)&lt;br/&gt;
     at org.apache.wicket.protocol.http.WicketFilter.processRequest(WicketFilter.java:203)&lt;br/&gt;
     at org.apache.wicket.protocol.http.WicketFilter.doFilter(WicketFilter.java:284)&lt;br/&gt;
     at org.eclipse.jetty.servlet.ServletHandler$CachedChain.doFilter(ServletHandler.java:1652)&lt;br/&gt;
     at org.eclipse.jetty.servlet.ServletHandler.doHandle(ServletHandler.java:585)&lt;br/&gt;
     at org.eclipse.jetty.server.handler.ScopedHandler.handle(ScopedHandler.java:143)&lt;br/&gt;
     at org.eclipse.jetty.security.SecurityHandler.handle(SecurityHandler.java:577)&lt;br/&gt;
     at org.eclipse.jetty.server.session.SessionHandler.doHandle(SessionHandler.java:223)&lt;br/&gt;
     at org.eclipse.jetty.server.handler.ContextHandler.doHandle(ContextHandler.java:1125)&lt;br/&gt;
     at org.eclipse.jetty.servlet.ServletHandler.doScope(ServletHandler.java:515)&lt;br/&gt;
     at org.eclipse.jetty.server.session.SessionHandler.doScope(SessionHandler.java:185)&lt;br/&gt;
     at org.eclipse.jetty.server.handler.ContextHandler.doScope(ContextHandler.java:1059)&lt;br/&gt;
     at org.eclipse.jetty.server.handler.ScopedHandler.handle(ScopedHandler.java:141)&lt;br/&gt;
     at org.eclipse.jetty.server.handler.ContextHandlerCollection.handle(ContextHandlerCollection.java:215)&lt;br/&gt;
     at org.eclipse.jetty.server.handler.HandlerCollection.handle(HandlerCollection.java:110)&lt;br/&gt;
     at org.eclipse.jetty.server.handler.HandlerWrapper.handle(HandlerWrapper.java:97)&lt;br/&gt;
     at org.eclipse.jetty.server.Server.handle(Server.java:497)&lt;br/&gt;
     at org.eclipse.jetty.server.HttpChannel.handle(HttpChannel.java:313)&lt;br/&gt;
     at org.eclipse.jetty.server.HttpConnection.onFillable(HttpConnection.java:248)&lt;br/&gt;
     at org.eclipse.jetty.io.AbstractConnection$2.run(AbstractConnection.java:540)&lt;br/&gt;
     at org.eclipse.jetty.util.thread.QueuedThreadPool.runJob(QueuedThreadPool.java:626)&lt;br/&gt;
     at org.eclipse.jetty.util.thread.QueuedThreadPool$3.run(QueuedThreadPool.java:546)&lt;br/&gt;
     at java.lang.Thread.run(Thread.java:745)&lt;/p&gt;</description>
                <environment></environment>
        <key id="12764877">WICKET-5800</key>
            <summary>wicket:enclosure within FormComponentPanel causes exception related to dequeueing</summary>
                <type id="1" iconUrl="https://issues.apache.org/jira/images/icons/issuetypes/bug.png">Bug</type>
                                            <priority id="3" iconUrl="https://issues.apache.org/jira/images/icons/priorities/major.png">Major</priority>
                        <status id="5" iconUrl="https://issues.apache.org/jira/images/icons/statuses/resolved.png" description="A resolution has been taken, and it is awaiting verification by reporter. From here issues are either reopened, or are closed.">Resolved</status>
                    <statusCategory id="3" key="done" colorName="green"/>
                                    <resolution id="1">Fixed</resolution>
                                        <assignee username="bitstorm">Andrea Del Bene</assignee>
                                    <reporter username="mscoon">Marios Skounakis</reporter>
                        <labels>
                    </labels>
                <created>Mon, 5 Jan 2015 10:29:47 +0000</created>
                <updated>Mon, 5 Jan 2015 11:56:51 +0000</updated>
                            <resolved>Mon, 5 Jan 2015 11:56:50 +0000</resolved>
                                    <version>7.0.0-M4</version>
                                    <fixVersion>7.0.0-M5</fixVersion>
                                        <due></due>
                            <votes>0</votes>
                                    <watches>3</watches>
                                                                <comments>
                            <comment id="14264516" author="jira-bot" created="Mon, 5 Jan 2015 11:55:33 +0000"  >&lt;p&gt;Commit 8a3bd97825647301833751e906f441577e3fb3a5 in wicket&apos;s branch refs/heads/master from &lt;a href=&quot;https://issues.apache.org/jira/secure/ViewProfile.jspa?name=bitstorm&quot; class=&quot;user-hover&quot; rel=&quot;bitstorm&quot;&gt;Andrea Del Bene&lt;/a&gt;&lt;br/&gt;
[ &lt;a href=&quot;https://git-wip-us.apache.org/repos/asf?p=wicket.git;h=8a3bd97&quot; class=&quot;external-link&quot; rel=&quot;nofollow&quot;&gt;https://git-wip-us.apache.org/repos/asf?p=wicket.git;h=8a3bd97&lt;/a&gt; ]&lt;/p&gt;

&lt;p&gt;&lt;a href=&quot;https://issues.apache.org/jira/browse/WICKET-5800&quot; title=&quot;wicket:enclosure within FormComponentPanel causes exception related to dequeueing&quot; class=&quot;issue-link&quot; data-issue-key=&quot;WICKET-5800&quot;&gt;&lt;del&gt;WICKET-5800&lt;/del&gt;&lt;/a&gt; wicket:enclosure within FormComponentPanel causes exception related to dequeueing&lt;/p&gt;</comment>
                            <comment id="14264519" author="bitstorm" created="Mon, 5 Jan 2015 11:56:50 +0000"  >&lt;p&gt;FormComponentPanel didn&apos;t implement IQueueRegion&lt;/p&gt;</comment>
                    </comments>
                    <attachments>
                            <attachment id="12690061" name="dequeue2.zip" size="27485" author="mscoon" created="Mon, 5 Jan 2015 10:31:09 +0000"/>
                    </attachments>
                <subtasks>
                    </subtasks>
                <customfields>
                                                <customfield id="customfield_12310310" key="com.atlassian.jira.toolkit:attachments">
                        <customfieldname>Attachment count</customfieldname>
                        <customfieldvalues>
                            <customfieldvalue>1.0</customfieldvalue>
                        </customfieldvalues>
                    </customfield>
                                                                                                                        <customfield id="customfield_12310220" key="com.atlassian.jira.ext.charting:firstresponsedate">
                        <customfieldname>Date of First Response</customfieldname>
                        <customfieldvalues>
                            <customfieldvalue>Mon, 5 Jan 2015 11:55:33 +0000</customfieldvalue>

                        </customfieldvalues>
                    </customfield>
                                                                                                                                                    <customfield id="customfield_12310420" key="com.pyxis.greenhopper.jira:gh-global-rank">
                        <customfieldname>Global Rank</customfieldname>
                        <customfieldvalues>
                            <customfieldvalue>9223372036854775807</customfieldvalue>
                        </customfieldvalues>
                    </customfield>
                                                                <customfield id="customfield_12311820" key="com.pyxis.greenhopper.jira:gh-lexo-rank">
                        <customfieldname>Rank</customfieldname>
                        <customfieldvalues>
                            <customfieldvalue>0|vmuer5:</customfieldvalue>

                        </customfieldvalues>
                    </customfield>
                                                                <customfield id="customfield_12310920" key="com.pyxis.greenhopper.jira:gh-global-rank">
                        <customfieldname>Rank (Obsolete)</customfieldname>
                        <customfieldvalues>
                            <customfieldvalue>9223372036854775807</customfieldvalue>
                        </customfieldvalues>
                    </customfield>
                                                                                                                        <customfield id="customfield_12310222" key="com.atlassian.jira.ext.charting:timeinstatus">
                        <customfieldname>Time in Status</customfieldname>
                        <customfieldvalues>
                            
                        </customfieldvalues>
                    </customfield>
                                    </customfields>
    </item>

<item>
            <title>[WICKET-5804] Infinite while loop in PropertyValidator#createUnresolvablePropertyMessage</title>
                <link>https://issues.apache.org/jira/browse/WICKET-5804</link>
                <project id="12310561" key="WICKET">Wicket</project>
                    <description>&lt;p&gt;PropertyValidator&apos;s createUnresolvablePropertyMessage method may stuck in infinite while loop.&lt;/p&gt;

&lt;div class=&quot;code panel&quot; style=&quot;border-width: 1px;&quot;&gt;&lt;div class=&quot;codeContent panelContent&quot;&gt;
&lt;pre class=&quot;code-java&quot;&gt;
&lt;span class=&quot;code-keyword&quot;&gt;while&lt;/span&gt; (&lt;span class=&quot;code-keyword&quot;&gt;true&lt;/span&gt;)
{
	&lt;span class=&quot;code-keyword&quot;&gt;if&lt;/span&gt; (model == &lt;span class=&quot;code-keyword&quot;&gt;null&lt;/span&gt;)
	{
		&lt;span class=&quot;code-keyword&quot;&gt;break&lt;/span&gt;;
	}
	&lt;span class=&quot;code-keyword&quot;&gt;if&lt;/span&gt; (model &lt;span class=&quot;code-keyword&quot;&gt;instanceof&lt;/span&gt; IPropertyReflectionAwareModel)
	{
		&lt;span class=&quot;code-keyword&quot;&gt;break&lt;/span&gt;;
	}
	&lt;span class=&quot;code-keyword&quot;&gt;if&lt;/span&gt; (model &lt;span class=&quot;code-keyword&quot;&gt;instanceof&lt;/span&gt; IWrapModel&amp;lt;?&amp;gt;)
	{
		model = ((IWrapModel&amp;lt;?&amp;gt;)model).getWrappedModel();
		&lt;span class=&quot;code-keyword&quot;&gt;continue&lt;/span&gt;;
	}
}
&lt;/pre&gt;
&lt;/div&gt;&lt;/div&gt;</description>
                <environment></environment>
        <key id="12765352">WICKET-5804</key>
            <summary>Infinite while loop in PropertyValidator#createUnresolvablePropertyMessage</summary>
                <type id="1" iconUrl="https://issues.apache.org/jira/images/icons/issuetypes/bug.png">Bug</type>
                                            <priority id="4" iconUrl="https://issues.apache.org/jira/images/icons/priorities/minor.png">Minor</priority>
                        <status id="5" iconUrl="https://issues.apache.org/jira/images/icons/statuses/resolved.png" description="A resolution has been taken, and it is awaiting verification by reporter. From here issues are either reopened, or are closed.">Resolved</status>
                    <statusCategory id="3" key="done" colorName="green"/>
                                    <resolution id="3">Duplicate</resolution>
                                        <assignee username="mgrigorov">Martin Grigorov</assignee>
                                    <reporter username="simokivimaki">Simo Kivim&#228;ki</reporter>
                        <labels>
                    </labels>
                <created>Wed, 7 Jan 2015 11:20:13 +0000</created>
                <updated>Mon, 19 Jan 2015 14:21:01 +0000</updated>
                            <resolved>Mon, 19 Jan 2015 14:21:01 +0000</resolved>
                                    <version>6.18.0</version>
                    <version>7.0.0-M4</version>
                                                    <component>wicket-bean-validation</component>
                        <due></due>
                            <votes>0</votes>
                                    <watches>2</watches>
                                                                <comments>
                            <comment id="14282542" author="mgrigorov" created="Mon, 19 Jan 2015 14:21:01 +0000"  >&lt;p&gt;Closing as duplicate of &lt;a href=&quot;https://issues.apache.org/jira/browse/WICKET-5811&quot; title=&quot;Infinite loop issue in PropertyValidator#createUnresolvablePropertyMessage(FormComponent&amp;lt;&amp;gt;) &quot; class=&quot;issue-link&quot; data-issue-key=&quot;WICKET-5811&quot;&gt;&lt;del&gt;WICKET-5811&lt;/del&gt;&lt;/a&gt; because it has the patch.&lt;/p&gt;</comment>
                    </comments>
                <issuelinks>
                            <issuelinktype id="12310000">
                    <name>Duplicate</name>
                                            <outwardlinks description="duplicates">
                                        <issuelink>
            <issuekey id="12768419">WICKET-5811</issuekey>
        </issuelink>
                            </outwardlinks>
                                                        </issuelinktype>
                            <issuelinktype id="12310050">
                    <name>Regression</name>
                                                                <inwardlinks description="is broken by">
                                        <issuelink>
            <issuekey id="12739134">WICKET-5692</issuekey>
        </issuelink>
                            </inwardlinks>
                                    </issuelinktype>
                    </issuelinks>
                <attachments>
                    </attachments>
                <subtasks>
                    </subtasks>
                <customfields>
                                                <customfield id="customfield_12310310" key="com.atlassian.jira.toolkit:attachments">
                        <customfieldname>Attachment count</customfieldname>
                        <customfieldvalues>
                            <customfieldvalue>0.0</customfieldvalue>
                        </customfieldvalues>
                    </customfield>
                                                                                                                        <customfield id="customfield_12310220" key="com.atlassian.jira.ext.charting:firstresponsedate">
                        <customfieldname>Date of First Response</customfieldname>
                        <customfieldvalues>
                            <customfieldvalue>Mon, 19 Jan 2015 14:21:01 +0000</customfieldvalue>

                        </customfieldvalues>
                    </customfield>
                                                                                                                                                    <customfield id="customfield_12310420" key="com.pyxis.greenhopper.jira:gh-global-rank">
                        <customfieldname>Global Rank</customfieldname>
                        <customfieldvalues>
                            <customfieldvalue>9223372036854775807</customfieldvalue>
                        </customfieldvalues>
                    </customfield>
                                                                <customfield id="customfield_12311820" key="com.pyxis.greenhopper.jira:gh-lexo-rank">
                        <customfieldname>Rank</customfieldname>
                        <customfieldvalues>
                            <customfieldvalue>0|vmuhnt:</customfieldvalue>

                        </customfieldvalues>
                    </customfield>
                                                                <customfield id="customfield_12310920" key="com.pyxis.greenhopper.jira:gh-global-rank">
                        <customfieldname>Rank (Obsolete)</customfieldname>
                        <customfieldvalues>
                            <customfieldvalue>9223372036854775807</customfieldvalue>
                        </customfieldvalues>
                    </customfield>
                                                                                                                        <customfield id="customfield_12310222" key="com.atlassian.jira.ext.charting:timeinstatus">
                        <customfieldname>Time in Status</customfieldname>
                        <customfieldvalues>
                            
                        </customfieldvalues>
                    </customfield>
                                    </customfields>
    </item>

<item>
            <title>[WICKET-5809] URL IPv6 parsing</title>
                <link>https://issues.apache.org/jira/browse/WICKET-5809</link>
                <project id="12310561" key="WICKET">Wicket</project>
                    <description>&lt;p&gt;There is an issue with native IPv6 address parsing.&lt;br/&gt;
&quot;https://[::1]/myapp&quot;, URL parsing fails:&lt;/p&gt;

&lt;p&gt;org.apache.wicket.request.Url.parse(&quot;https://[::1]/myapp&quot;)&lt;br/&gt;
generates an exception:&lt;br/&gt;
java.lang.NumberFormatException: For input string: &quot;1]&quot;&lt;br/&gt;
at java.lang.NumberFormatException.forInputString(&lt;br/&gt;
NumberFormatException.java:65)&lt;br/&gt;
at java.lang.Integer.parseInt(Integer.java:492)&lt;/p&gt;

&lt;p&gt;However, &quot;https://[::1]:80/myapp&quot; works as expected.&lt;/p&gt;</description>
                <environment></environment>
        <key id="12765969">WICKET-5809</key>
            <summary>URL IPv6 parsing</summary>
                <type id="1" iconUrl="https://issues.apache.org/jira/images/icons/issuetypes/bug.png">Bug</type>
                                            <priority id="4" iconUrl="https://issues.apache.org/jira/images/icons/priorities/minor.png">Minor</priority>
                        <status id="5" iconUrl="https://issues.apache.org/jira/images/icons/statuses/resolved.png" description="A resolution has been taken, and it is awaiting verification by reporter. From here issues are either reopened, or are closed.">Resolved</status>
                    <statusCategory id="3" key="done" colorName="green"/>
                                    <resolution id="1">Fixed</resolution>
                                        <assignee username="bitstorm">Andrea Del Bene</assignee>
                                    <reporter username="guyw">Guy Wuyts</reporter>
                        <labels>
                    </labels>
                <created>Fri, 9 Jan 2015 08:37:12 +0000</created>
                <updated>Sat, 10 Jan 2015 18:03:10 +0000</updated>
                            <resolved>Sat, 10 Jan 2015 18:03:10 +0000</resolved>
                                    <version>6.18.0</version>
                    <version>7.0.0-M4</version>
                                    <fixVersion>7.0.0-M5</fixVersion>
                    <fixVersion>6.19.0</fixVersion>
                                    <component>wicket</component>
                        <due></due>
                            <votes>0</votes>
                                    <watches>2</watches>
                                                                <comments>
                            <comment id="14272621" author="jira-bot" created="Sat, 10 Jan 2015 17:44:11 +0000"  >&lt;p&gt;Commit b1f4e6a3444dab7869a26ce7914e4faaabd50462 in wicket&apos;s branch refs/heads/master from &lt;a href=&quot;https://issues.apache.org/jira/secure/ViewProfile.jspa?name=bitstorm&quot; class=&quot;user-hover&quot; rel=&quot;bitstorm&quot;&gt;Andrea Del Bene&lt;/a&gt;&lt;br/&gt;
[ &lt;a href=&quot;https://git-wip-us.apache.org/repos/asf?p=wicket.git;h=b1f4e6a&quot; class=&quot;external-link&quot; rel=&quot;nofollow&quot;&gt;https://git-wip-us.apache.org/repos/asf?p=wicket.git;h=b1f4e6a&lt;/a&gt; ]&lt;/p&gt;

&lt;p&gt;&lt;a href=&quot;https://issues.apache.org/jira/browse/WICKET-5809&quot; title=&quot;URL IPv6 parsing&quot; class=&quot;issue-link&quot; data-issue-key=&quot;WICKET-5809&quot;&gt;&lt;del&gt;WICKET-5809&lt;/del&gt;&lt;/a&gt; URL IPv6 parsing&lt;/p&gt;</comment>
                            <comment id="14272625" author="jira-bot" created="Sat, 10 Jan 2015 17:58:48 +0000"  >&lt;p&gt;Commit 86e49b017688e73bcd2adf915d3e667a852b13de in wicket&apos;s branch refs/heads/wicket-6.x from &lt;a href=&quot;https://issues.apache.org/jira/secure/ViewProfile.jspa?name=bitstorm&quot; class=&quot;user-hover&quot; rel=&quot;bitstorm&quot;&gt;Andrea Del Bene&lt;/a&gt;&lt;br/&gt;
[ &lt;a href=&quot;https://git-wip-us.apache.org/repos/asf?p=wicket.git;h=86e49b0&quot; class=&quot;external-link&quot; rel=&quot;nofollow&quot;&gt;https://git-wip-us.apache.org/repos/asf?p=wicket.git;h=86e49b0&lt;/a&gt; ]&lt;/p&gt;

&lt;p&gt;&lt;a href=&quot;https://issues.apache.org/jira/browse/WICKET-5809&quot; title=&quot;URL IPv6 parsing&quot; class=&quot;issue-link&quot; data-issue-key=&quot;WICKET-5809&quot;&gt;&lt;del&gt;WICKET-5809&lt;/del&gt;&lt;/a&gt; URL IPv6 parsing&lt;/p&gt;</comment>
                    </comments>
                    <attachments>
                    </attachments>
                <subtasks>
                    </subtasks>
                <customfields>
                                                <customfield id="customfield_12310310" key="com.atlassian.jira.toolkit:attachments">
                        <customfieldname>Attachment count</customfieldname>
                        <customfieldvalues>
                            <customfieldvalue>0.0</customfieldvalue>
                        </customfieldvalues>
                    </customfield>
                                                                                                                        <customfield id="customfield_12310220" key="com.atlassian.jira.ext.charting:firstresponsedate">
                        <customfieldname>Date of First Response</customfieldname>
                        <customfieldvalues>
                            <customfieldvalue>Sat, 10 Jan 2015 17:44:11 +0000</customfieldvalue>

                        </customfieldvalues>
                    </customfield>
                                                                                                                                                    <customfield id="customfield_12310420" key="com.pyxis.greenhopper.jira:gh-global-rank">
                        <customfieldname>Global Rank</customfieldname>
                        <customfieldvalues>
                            <customfieldvalue>9223372036854775807</customfieldvalue>
                        </customfieldvalues>
                    </customfield>
                                                                <customfield id="customfield_12311820" key="com.pyxis.greenhopper.jira:gh-lexo-rank">
                        <customfieldname>Rank</customfieldname>
                        <customfieldvalues>
                            <customfieldvalue>0|vmulg1:</customfieldvalue>

                        </customfieldvalues>
                    </customfield>
                                                                <customfield id="customfield_12310920" key="com.pyxis.greenhopper.jira:gh-global-rank">
                        <customfieldname>Rank (Obsolete)</customfieldname>
                        <customfieldvalues>
                            <customfieldvalue>9223372036854775807</customfieldvalue>
                        </customfieldvalues>
                    </customfield>
                                                                                                                        <customfield id="customfield_12310222" key="com.atlassian.jira.ext.charting:timeinstatus">
                        <customfieldname>Time in Status</customfieldname>
                        <customfieldvalues>
                            
                        </customfieldvalues>
                    </customfield>
                                    </customfields>
    </item>

<item>
            <title>[WICKET-5811] Infinite loop issue in PropertyValidator#createUnresolvablePropertyMessage(FormComponent&lt;&gt;) </title>
                <link>https://issues.apache.org/jira/browse/WICKET-5811</link>
                <project id="12310561" key="WICKET">Wicket</project>
                    <description>&lt;p&gt;In case of trivial model, attached to a FormComponent, PropertyValidator#createUnresolvablePropertyMessage(FormComponent&amp;lt;&amp;gt;) has no chances to find suitable model and falls into infinite loop.&lt;/p&gt;

&lt;div class=&quot;code panel&quot; style=&quot;border-width: 1px;&quot;&gt;&lt;div class=&quot;codeContent panelContent&quot;&gt;
&lt;pre class=&quot;code-java&quot;&gt;
		IModel&amp;lt;?&amp;gt; model = component.getModel();
		&lt;span class=&quot;code-comment&quot;&gt;// Code sadly copied over from DefaultPropertyResolver
&lt;/span&gt;		&lt;span class=&quot;code-keyword&quot;&gt;while&lt;/span&gt; (&lt;span class=&quot;code-keyword&quot;&gt;true&lt;/span&gt;)
		{
			&lt;span class=&quot;code-keyword&quot;&gt;if&lt;/span&gt; (model == &lt;span class=&quot;code-keyword&quot;&gt;null&lt;/span&gt;)
			{
				&lt;span class=&quot;code-keyword&quot;&gt;break&lt;/span&gt;;
			}
			&lt;span class=&quot;code-keyword&quot;&gt;if&lt;/span&gt; (model &lt;span class=&quot;code-keyword&quot;&gt;instanceof&lt;/span&gt; IPropertyReflectionAwareModel)
			{
				&lt;span class=&quot;code-keyword&quot;&gt;break&lt;/span&gt;;
			}
			&lt;span class=&quot;code-keyword&quot;&gt;if&lt;/span&gt; (model &lt;span class=&quot;code-keyword&quot;&gt;instanceof&lt;/span&gt; IWrapModel&amp;lt;?&amp;gt;)
			{
				model = ((IWrapModel&amp;lt;?&amp;gt;)model).getWrappedModel();
				&lt;span class=&quot;code-keyword&quot;&gt;continue&lt;/span&gt;;
			}
                        &lt;span class=&quot;code-comment&quot;&gt;// FIXME issue is here
&lt;/span&gt;		}
&lt;/pre&gt;
&lt;/div&gt;&lt;/div&gt;</description>
                <environment>Windows Pro x64, Oracle JDK 7u72</environment>
        <key id="12768419">WICKET-5811</key>
            <summary>Infinite loop issue in PropertyValidator#createUnresolvablePropertyMessage(FormComponent&lt;&gt;) </summary>
                <type id="1" iconUrl="https://issues.apache.org/jira/images/icons/issuetypes/bug.png">Bug</type>
                                            <priority id="3" iconUrl="https://issues.apache.org/jira/images/icons/priorities/major.png">Major</priority>
                        <status id="5" iconUrl="https://issues.apache.org/jira/images/icons/statuses/resolved.png" description="A resolution has been taken, and it is awaiting verification by reporter. From here issues are either reopened, or are closed.">Resolved</status>
                    <statusCategory id="3" key="done" colorName="green"/>
                                    <resolution id="1">Fixed</resolution>
                                        <assignee username="mgrigorov">Martin Grigorov</assignee>
                                    <reporter username="amorozov">Alexander Morozov</reporter>
                        <labels>
                    </labels>
                <created>Mon, 19 Jan 2015 11:15:17 +0000</created>
                <updated>Mon, 19 Jan 2015 14:21:01 +0000</updated>
                            <resolved>Mon, 19 Jan 2015 14:20:04 +0000</resolved>
                                    <version>6.18.0</version>
                    <version>7.0.0-M4</version>
                                    <fixVersion>7.0.0-M5</fixVersion>
                    <fixVersion>6.19.0</fixVersion>
                                    <component>wicket-bean-validation</component>
                        <due></due>
                            <votes>0</votes>
                                    <watches>3</watches>
                                                                <comments>
                            <comment id="14282421" author="amorozov" created="Mon, 19 Jan 2015 11:36:31 +0000"  >&lt;p&gt;PR &lt;a href=&quot;https://github.com/apache/wicket/pull/83&quot; class=&quot;external-link&quot; rel=&quot;nofollow&quot;&gt;https://github.com/apache/wicket/pull/83&lt;/a&gt; and &lt;a href=&quot;https://github.com/apache/wicket/pull/84&quot; class=&quot;external-link&quot; rel=&quot;nofollow&quot;&gt;https://github.com/apache/wicket/pull/84&lt;/a&gt;&lt;/p&gt;</comment>
                            <comment id="14282538" author="jira-bot" created="Mon, 19 Jan 2015 14:19:22 +0000"  >&lt;p&gt;Commit 7acdaaf25cb3eaf5533c400bee9544b85169b5cf in wicket&apos;s branch refs/heads/master from &lt;a href=&quot;https://issues.apache.org/jira/secure/ViewProfile.jspa?name=amorozov&quot; class=&quot;user-hover&quot; rel=&quot;amorozov&quot;&gt;Alexander Morozov&lt;/a&gt;&lt;br/&gt;
[ &lt;a href=&quot;https://git-wip-us.apache.org/repos/asf?p=wicket.git;h=7acdaaf&quot; class=&quot;external-link&quot; rel=&quot;nofollow&quot;&gt;https://git-wip-us.apache.org/repos/asf?p=wicket.git;h=7acdaaf&lt;/a&gt; ]&lt;/p&gt;

&lt;p&gt;&lt;a href=&quot;https://issues.apache.org/jira/browse/WICKET-5811&quot; title=&quot;Infinite loop issue in PropertyValidator#createUnresolvablePropertyMessage(FormComponent&amp;lt;&amp;gt;) &quot; class=&quot;issue-link&quot; data-issue-key=&quot;WICKET-5811&quot;&gt;&lt;del&gt;WICKET-5811&lt;/del&gt;&lt;/a&gt; Fix issue with infinite loop in PropertyValidator#createUnresolvablePropertyMessage(FormComponent&amp;lt;&amp;gt;) in case or trivial model (new Model&amp;lt;&amp;gt;(...));&lt;br/&gt;
(cherry picked from commit 5fe2682)&lt;/p&gt;</comment>
                            <comment id="14282539" author="jira-bot" created="Mon, 19 Jan 2015 14:19:40 +0000"  >&lt;p&gt;Commit 5fe26827a24f4e4eb1a64a96aa0df8f8558b84e7 in wicket&apos;s branch refs/heads/wicket-6.x from &lt;a href=&quot;https://issues.apache.org/jira/secure/ViewProfile.jspa?name=amorozov&quot; class=&quot;user-hover&quot; rel=&quot;amorozov&quot;&gt;Alexander Morozov&lt;/a&gt;&lt;br/&gt;
[ &lt;a href=&quot;https://git-wip-us.apache.org/repos/asf?p=wicket.git;h=5fe2682&quot; class=&quot;external-link&quot; rel=&quot;nofollow&quot;&gt;https://git-wip-us.apache.org/repos/asf?p=wicket.git;h=5fe2682&lt;/a&gt; ]&lt;/p&gt;

&lt;p&gt;&lt;a href=&quot;https://issues.apache.org/jira/browse/WICKET-5811&quot; title=&quot;Infinite loop issue in PropertyValidator#createUnresolvablePropertyMessage(FormComponent&amp;lt;&amp;gt;) &quot; class=&quot;issue-link&quot; data-issue-key=&quot;WICKET-5811&quot;&gt;&lt;del&gt;WICKET-5811&lt;/del&gt;&lt;/a&gt; Fix issue with infinite loop in PropertyValidator#createUnresolvablePropertyMessage(FormComponent&amp;lt;&amp;gt;) in case or trivial model (new Model&amp;lt;&amp;gt;(...));&lt;/p&gt;</comment>
                            <comment id="14282541" author="mgrigorov" created="Mon, 19 Jan 2015 14:20:04 +0000"  >&lt;p&gt;PRs are merged!&lt;br/&gt;
Thanks!&lt;/p&gt;</comment>
                    </comments>
                <issuelinks>
                            <issuelinktype id="12310000">
                    <name>Duplicate</name>
                                                                <inwardlinks description="is duplicated by">
                                        <issuelink>
            <issuekey id="12765352">WICKET-5804</issuekey>
        </issuelink>
                            </inwardlinks>
                                    </issuelinktype>
                    </issuelinks>
                <attachments>
                    </attachments>
                <subtasks>
                    </subtasks>
                <customfields>
                                                <customfield id="customfield_12310310" key="com.atlassian.jira.toolkit:attachments">
                        <customfieldname>Attachment count</customfieldname>
                        <customfieldvalues>
                            <customfieldvalue>0.0</customfieldvalue>
                        </customfieldvalues>
                    </customfield>
                                                                                                                        <customfield id="customfield_12310220" key="com.atlassian.jira.ext.charting:firstresponsedate">
                        <customfieldname>Date of First Response</customfieldname>
                        <customfieldvalues>
                            <customfieldvalue>Mon, 19 Jan 2015 14:19:22 +0000</customfieldvalue>

                        </customfieldvalues>
                    </customfield>
                                                                                                                                                    <customfield id="customfield_12310420" key="com.pyxis.greenhopper.jira:gh-global-rank">
                        <customfieldname>Global Rank</customfieldname>
                        <customfieldvalues>
                            <customfieldvalue>9223372036854775807</customfieldvalue>
                        </customfieldvalues>
                    </customfield>
                                                                <customfield id="customfield_12311820" key="com.pyxis.greenhopper.jira:gh-lexo-rank">
                        <customfieldname>Rank</customfieldname>
                        <customfieldvalues>
                            <customfieldvalue>0|vmv0jd:</customfieldvalue>

                        </customfieldvalues>
                    </customfield>
                                                                <customfield id="customfield_12310920" key="com.pyxis.greenhopper.jira:gh-global-rank">
                        <customfieldname>Rank (Obsolete)</customfieldname>
                        <customfieldvalues>
                            <customfieldvalue>9223372036854775807</customfieldvalue>
                        </customfieldvalues>
                    </customfield>
                                                                                                                        <customfield id="customfield_12310222" key="com.atlassian.jira.ext.charting:timeinstatus">
                        <customfieldname>Time in Status</customfieldname>
                        <customfieldvalues>
                            
                        </customfieldvalues>
                    </customfield>
                                    </customfields>
    </item>

<item>
            <title>[WICKET-5812] AtmosphereBehavior wrongly sets Ajax base url to &apos;.&apos;</title>
                <link>https://issues.apache.org/jira/browse/WICKET-5812</link>
                <project id="12310561" key="WICKET">Wicket</project>
                    <description>&lt;p&gt;AtmosphereBehavior should use requestCycle.getUrlRenderer().getBaseUrl() &lt;/p&gt;</description>
                <environment></environment>
        <key id="12768449">WICKET-5812</key>
            <summary>AtmosphereBehavior wrongly sets Ajax base url to &apos;.&apos;</summary>
                <type id="1" iconUrl="https://issues.apache.org/jira/images/icons/issuetypes/bug.png">Bug</type>
                                            <priority id="3" iconUrl="https://issues.apache.org/jira/images/icons/priorities/major.png">Major</priority>
                        <status id="5" iconUrl="https://issues.apache.org/jira/images/icons/statuses/resolved.png" description="A resolution has been taken, and it is awaiting verification by reporter. From here issues are either reopened, or are closed.">Resolved</status>
                    <statusCategory id="3" key="done" colorName="green"/>
                                    <resolution id="1">Fixed</resolution>
                                        <assignee username="mgrigorov">Martin Grigorov</assignee>
                                    <reporter username="mgrigorov">Martin Grigorov</reporter>
                        <labels>
                    </labels>
                <created>Mon, 19 Jan 2015 14:10:14 +0000</created>
                <updated>Mon, 19 Jan 2015 15:58:05 +0000</updated>
                            <resolved>Mon, 19 Jan 2015 14:11:01 +0000</resolved>
                                    <version>6.18.0</version>
                                    <fixVersion>7.0.0-M5</fixVersion>
                    <fixVersion>6.19.0</fixVersion>
                                    <component>wicket-atmosphere</component>
                        <due></due>
                            <votes>0</votes>
                                    <watches>2</watches>
                                                                <comments>
                            <comment id="14282526" author="jira-bot" created="Mon, 19 Jan 2015 14:10:44 +0000"  >&lt;p&gt;Commit 4e39ebdb3a8d8e15284dfd7c7be7251758179bdb in wicket&apos;s branch refs/heads/wicket-6.x from &lt;a href=&quot;https://issues.apache.org/jira/secure/ViewProfile.jspa?name=mgrigorov&quot; class=&quot;user-hover&quot; rel=&quot;mgrigorov&quot;&gt;Martin Grigorov&lt;/a&gt;&lt;br/&gt;
[ &lt;a href=&quot;https://git-wip-us.apache.org/repos/asf?p=wicket.git;h=4e39ebd&quot; class=&quot;external-link&quot; rel=&quot;nofollow&quot;&gt;https://git-wip-us.apache.org/repos/asf?p=wicket.git;h=4e39ebd&lt;/a&gt; ]&lt;/p&gt;

&lt;p&gt;&lt;a href=&quot;https://issues.apache.org/jira/browse/WICKET-5812&quot; title=&quot;AtmosphereBehavior wrongly sets Ajax base url to &amp;#39;.&amp;#39;&quot; class=&quot;issue-link&quot; data-issue-key=&quot;WICKET-5812&quot;&gt;&lt;del&gt;WICKET-5812&lt;/del&gt;&lt;/a&gt; AtmosphereBehavior wrongly sets Ajax base url to &apos;.&apos;&lt;/p&gt;</comment>
                            <comment id="14282527" author="jira-bot" created="Mon, 19 Jan 2015 14:10:57 +0000"  >&lt;p&gt;Commit 24c8c5d277fd8b481b245d8b60efe3c2932fba51 in wicket&apos;s branch refs/heads/master from &lt;a href=&quot;https://issues.apache.org/jira/secure/ViewProfile.jspa?name=mgrigorov&quot; class=&quot;user-hover&quot; rel=&quot;mgrigorov&quot;&gt;Martin Grigorov&lt;/a&gt;&lt;br/&gt;
[ &lt;a href=&quot;https://git-wip-us.apache.org/repos/asf?p=wicket.git;h=24c8c5d&quot; class=&quot;external-link&quot; rel=&quot;nofollow&quot;&gt;https://git-wip-us.apache.org/repos/asf?p=wicket.git;h=24c8c5d&lt;/a&gt; ]&lt;/p&gt;

&lt;p&gt;&lt;a href=&quot;https://issues.apache.org/jira/browse/WICKET-5812&quot; title=&quot;AtmosphereBehavior wrongly sets Ajax base url to &amp;#39;.&amp;#39;&quot; class=&quot;issue-link&quot; data-issue-key=&quot;WICKET-5812&quot;&gt;&lt;del&gt;WICKET-5812&lt;/del&gt;&lt;/a&gt; AtmosphereBehavior wrongly sets Ajax base url to &apos;.&apos;&lt;/p&gt;

&lt;p&gt;(cherry picked from commit 4e39ebdb3a8d8e15284dfd7c7be7251758179bdb)&lt;/p&gt;</comment>
                    </comments>
                <issuelinks>
                            <issuelinktype id="12310000">
                    <name>Duplicate</name>
                                                                <inwardlinks description="is duplicated by">
                                        <issuelink>
            <issuekey id="12768457">WICKET-5813</issuekey>
        </issuelink>
                            </inwardlinks>
                                    </issuelinktype>
                    </issuelinks>
                <attachments>
                    </attachments>
                <subtasks>
                    </subtasks>
                <customfields>
                                                <customfield id="customfield_12310310" key="com.atlassian.jira.toolkit:attachments">
                        <customfieldname>Attachment count</customfieldname>
                        <customfieldvalues>
                            <customfieldvalue>0.0</customfieldvalue>
                        </customfieldvalues>
                    </customfield>
                                                                                                                        <customfield id="customfield_12310220" key="com.atlassian.jira.ext.charting:firstresponsedate">
                        <customfieldname>Date of First Response</customfieldname>
                        <customfieldvalues>
                            <customfieldvalue>Mon, 19 Jan 2015 14:10:44 +0000</customfieldvalue>

                        </customfieldvalues>
                    </customfield>
                                                                                                                                                    <customfield id="customfield_12310420" key="com.pyxis.greenhopper.jira:gh-global-rank">
                        <customfieldname>Global Rank</customfieldname>
                        <customfieldvalues>
                            <customfieldvalue>9223372036854775807</customfieldvalue>
                        </customfieldvalues>
                    </customfield>
                                                                <customfield id="customfield_12311820" key="com.pyxis.greenhopper.jira:gh-lexo-rank">
                        <customfieldname>Rank</customfieldname>
                        <customfieldvalues>
                            <customfieldvalue>0|vmv0q1:</customfieldvalue>

                        </customfieldvalues>
                    </customfield>
                                                                <customfield id="customfield_12310920" key="com.pyxis.greenhopper.jira:gh-global-rank">
                        <customfieldname>Rank (Obsolete)</customfieldname>
                        <customfieldvalues>
                            <customfieldvalue>9223372036854775807</customfieldvalue>
                        </customfieldvalues>
                    </customfield>
                                                                                                                        <customfield id="customfield_12310222" key="com.atlassian.jira.ext.charting:timeinstatus">
                        <customfieldname>Time in Status</customfieldname>
                        <customfieldvalues>
                            
                        </customfieldvalues>
                    </customfield>
                                    </customfields>
    </item>

<item>
            <title>[WICKET-5813] AtmosphereBehavior - invalid callback URL</title>
                <link>https://issues.apache.org/jira/browse/WICKET-5813</link>
                <project id="12310561" key="WICKET">Wicket</project>
                    <description>&lt;p&gt;Inside AtmosphereBehavior method getCallbackUrl() return value is calculated as:&lt;/p&gt;
&lt;div class=&quot;code panel&quot; style=&quot;border-width: 1px;&quot;&gt;&lt;div class=&quot;codeContent panelContent&quot;&gt;
&lt;pre class=&quot;code-java&quot;&gt;
&lt;span class=&quot;code-keyword&quot;&gt;return&lt;/span&gt; &lt;span class=&quot;code-keyword&quot;&gt;super&lt;/span&gt;.getCallbackUrl() + &lt;span class=&quot;code-quote&quot;&gt;&quot;&amp;amp;&quot;&lt;/span&gt; + WebRequest.PARAM_AJAX + &lt;span class=&quot;code-quote&quot;&gt;&quot;=&lt;span class=&quot;code-keyword&quot;&gt;true&lt;/span&gt;&amp;amp;&quot;&lt;/span&gt; + WebRequest.PARAM_AJAX_BASE_URL + &lt;span class=&quot;code-quote&quot;&gt;&quot;=.&quot;&lt;/span&gt;;
&lt;/pre&gt;
&lt;/div&gt;&lt;/div&gt;

&lt;p&gt;Is it correct? When atmosphere update contains some resources (css,&lt;br/&gt;
js) their paths are invalid encoded because&lt;br/&gt;
WebRequest.PARAM_AJAX_BASE_URL is set to &quot;.&quot;.&lt;br/&gt;
Maybe this parameter should be encoded the same way as in AbstractDefaultAjaxBehavior:&lt;/p&gt;
&lt;div class=&quot;code panel&quot; style=&quot;border-width: 1px;&quot;&gt;&lt;div class=&quot;codeContent panelContent&quot;&gt;
&lt;pre class=&quot;code-java&quot;&gt;
RequestCycle requestCycle = component.getRequestCycle();
Url baseUrl = requestCycle.getUrlRenderer().getBaseUrl();
CharSequence ajaxBaseUrl = Strings.escapeMarkup(baseUrl.toString());
&lt;/pre&gt;
&lt;/div&gt;&lt;/div&gt;
&lt;p&gt;In my test case this solves a problem.&lt;/p&gt;</description>
                <environment></environment>
        <key id="12768457">WICKET-5813</key>
            <summary>AtmosphereBehavior - invalid callback URL</summary>
                <type id="1" iconUrl="https://issues.apache.org/jira/images/icons/issuetypes/bug.png">Bug</type>
                                            <priority id="3" iconUrl="https://issues.apache.org/jira/images/icons/priorities/major.png">Major</priority>
                        <status id="5" iconUrl="https://issues.apache.org/jira/images/icons/statuses/resolved.png" description="A resolution has been taken, and it is awaiting verification by reporter. From here issues are either reopened, or are closed.">Resolved</status>
                    <statusCategory id="3" key="done" colorName="green"/>
                                    <resolution id="3">Duplicate</resolution>
                                        <assignee username="mgrigorov">Martin Grigorov</assignee>
                                    <reporter username="interface">Daniel Stoch</reporter>
                        <labels>
                    </labels>
                <created>Mon, 19 Jan 2015 14:49:39 +0000</created>
                <updated>Mon, 19 Jan 2015 15:58:05 +0000</updated>
                            <resolved>Mon, 19 Jan 2015 15:58:05 +0000</resolved>
                                    <version>6.17.0</version>
                    <version>6.18.0</version>
                                                    <component>wicket-atmosphere</component>
                        <due></due>
                            <votes>0</votes>
                                    <watches>1</watches>
                                                                    <issuelinks>
                            <issuelinktype id="12310000">
                    <name>Duplicate</name>
                                            <outwardlinks description="duplicates">
                                        <issuelink>
            <issuekey id="12768449">WICKET-5812</issuekey>
        </issuelink>
                            </outwardlinks>
                                                        </issuelinktype>
                    </issuelinks>
                <attachments>
                    </attachments>
                <subtasks>
                    </subtasks>
                <customfields>
                                                <customfield id="customfield_12310310" key="com.atlassian.jira.toolkit:attachments">
                        <customfieldname>Attachment count</customfieldname>
                        <customfieldvalues>
                            <customfieldvalue>0.0</customfieldvalue>
                        </customfieldvalues>
                    </customfield>
                                                                                                                                                                                                                                        <customfield id="customfield_12310420" key="com.pyxis.greenhopper.jira:gh-global-rank">
                        <customfieldname>Global Rank</customfieldname>
                        <customfieldvalues>
                            <customfieldvalue>9223372036854775807</customfieldvalue>
                        </customfieldvalues>
                    </customfield>
                                                                <customfield id="customfield_12311820" key="com.pyxis.greenhopper.jira:gh-lexo-rank">
                        <customfieldname>Rank</customfieldname>
                        <customfieldvalues>
                            <customfieldvalue>0|vmv0rl:</customfieldvalue>

                        </customfieldvalues>
                    </customfield>
                                                                <customfield id="customfield_12310920" key="com.pyxis.greenhopper.jira:gh-global-rank">
                        <customfieldname>Rank (Obsolete)</customfieldname>
                        <customfieldvalues>
                            <customfieldvalue>9223372036854775807</customfieldvalue>
                        </customfieldvalues>
                    </customfield>
                                                                                                                        <customfield id="customfield_12310222" key="com.atlassian.jira.ext.charting:timeinstatus">
                        <customfieldname>Time in Status</customfieldname>
                        <customfieldvalues>
                            
                        </customfieldvalues>
                    </customfield>
                                    </customfields>
    </item>

<item>
            <title>[WICKET-5814] CryptoMapper clears feedback messages</title>
                <link>https://issues.apache.org/jira/browse/WICKET-5814</link>
                <project id="12310561" key="WICKET">Wicket</project>
                    <description>&lt;p&gt;Wicket 6.18 breaks the behaviour when using a CryptoMapper:&lt;br/&gt;
the feedback messages are cleared for pages that don&apos;t use the&lt;br/&gt;
CryptoMapper.&lt;/p&gt;

&lt;p&gt;This was added to WicketApplication.init():&lt;/p&gt;

&lt;p&gt;  mountPage(&quot;page1&quot;, Page1.class);&lt;br/&gt;
  setRootRequestMapper(new CryptoMapper(getRootRequestMapper(), this));&lt;br/&gt;
  mountPage(&quot;page2&quot;,Page2.class);&lt;/p&gt;

&lt;p&gt;Page1 and Page2 contain both a form and a FeedbackPanel.&lt;br/&gt;
With Wicket 6.17 there are no problems. When using Wicket 6.18, no&lt;br/&gt;
feedback messages are displayed on Page2.&lt;/p&gt;</description>
                <environment></environment>
        <key id="12768629">WICKET-5814</key>
            <summary>CryptoMapper clears feedback messages</summary>
                <type id="1" iconUrl="https://issues.apache.org/jira/images/icons/issuetypes/bug.png">Bug</type>
                                            <priority id="3" iconUrl="https://issues.apache.org/jira/images/icons/priorities/major.png">Major</priority>
                        <status id="1" iconUrl="https://issues.apache.org/jira/images/icons/statuses/open.png" description="The issue is open and ready for the assignee to start work on it.">Open</status>
                    <statusCategory id="2" key="new" colorName="blue-gray"/>
                                    <resolution id="-1">Unresolved</resolution>
                                        <assignee username="jesselong">Jesse Long</assignee>
                                    <reporter username="guyw">Guy Wuyts</reporter>
                        <labels>
                    </labels>
                <created>Tue, 20 Jan 2015 09:19:57 +0000</created>
                <updated>Tue, 20 Jan 2015 11:36:47 +0000</updated>
                                            <version>6.18.0</version>
                                                    <component>wicket</component>
                        <due></due>
                            <votes>0</votes>
                                    <watches>2</watches>
                                                                <comments>
                            <comment id="14283730" author="jesselong" created="Tue, 20 Jan 2015 11:36:47 +0000"  >&lt;p&gt;I&apos;m not sure exactly what the problem is, I haven&apos;t dug down to investigate, but 6.19.0-SNAPSHOT works.&lt;/p&gt;

&lt;p&gt;Some work has gone into CryptoMapper since 6.18.0, and that may have solved the problem.&lt;/p&gt;</comment>
                    </comments>
                    <attachments>
                            <attachment id="12693269" name="cryptomapper_quickstart.tar.gz" size="20350" author="guyw" created="Tue, 20 Jan 2015 09:21:15 +0000"/>
                    </attachments>
                <subtasks>
                    </subtasks>
                <customfields>
                                                <customfield id="customfield_12310310" key="com.atlassian.jira.toolkit:attachments">
                        <customfieldname>Attachment count</customfieldname>
                        <customfieldvalues>
                            <customfieldvalue>1.0</customfieldvalue>
                        </customfieldvalues>
                    </customfield>
                                                                                                                        <customfield id="customfield_12310220" key="com.atlassian.jira.ext.charting:firstresponsedate">
                        <customfieldname>Date of First Response</customfieldname>
                        <customfieldvalues>
                            <customfieldvalue>Tue, 20 Jan 2015 11:36:47 +0000</customfieldvalue>

                        </customfieldvalues>
                    </customfield>
                                                                                                                                                    <customfield id="customfield_12310420" key="com.pyxis.greenhopper.jira:gh-global-rank">
                        <customfieldname>Global Rank</customfieldname>
                        <customfieldvalues>
                            <customfieldvalue>9223372036854775807</customfieldvalue>
                        </customfieldvalues>
                    </customfield>
                                                                <customfield id="customfield_12311820" key="com.pyxis.greenhopper.jira:gh-lexo-rank">
                        <customfieldname>Rank</customfieldname>
                        <customfieldvalues>
                            <customfieldvalue>0|vmv1tl:</customfieldvalue>

                        </customfieldvalues>
                    </customfield>
                                                                <customfield id="customfield_12310920" key="com.pyxis.greenhopper.jira:gh-global-rank">
                        <customfieldname>Rank (Obsolete)</customfieldname>
                        <customfieldvalues>
                            <customfieldvalue>9223372036854775807</customfieldvalue>
                        </customfieldvalues>
                    </customfield>
                                                                                                                        </customfields>
    </item>

<item>
            <title>[WICKET-5815] DefaultExceptionMapper internalMap Unexpected error occurred</title>
                <link>https://issues.apache.org/jira/browse/WICKET-5815</link>
                <project id="12310561" key="WICKET">Wicket</project>
                    <description>&lt;p&gt;On a wicket page with ajax elements we&apos;ve got the following error. The reason is actually unknown.&lt;/p&gt;

&lt;p&gt;The error occurs in some situations when the user is trying to interact with the page. This behavior is hard to reproduce for us. I need an idea to fix this in our application.&lt;/p&gt;

&lt;p&gt;If you need mor information, please let me know and I&apos;ll provide them if possible.&lt;/p&gt;

&lt;p&gt;Please note, the following two error examples.&lt;/p&gt;

&lt;div class=&quot;code panel&quot; style=&quot;border-width: 1px;&quot;&gt;&lt;div class=&quot;codeContent panelContent&quot;&gt;
&lt;pre class=&quot;code-none&quot;&gt;
org.apache.wicket.DefaultExceptionMapper internalMap 123 Unexpected error occurred
java.lang.IllegalStateException: getOutputStream() has already been called for this response
	at org.apache.catalina.connector.Response.getWriter(Response.java:640)
	at org.apache.catalina.connector.ResponseFacade.getWriter(ResponseFacade.java:214)
	at javax.servlet.ServletResponseWrapper.getWriter(ServletResponseWrapper.java:105)
	at javax.servlet.ServletResponseWrapper.getWriter(ServletResponseWrapper.java:105)
	at org.springframework.security.web.context.SaveContextOnUpdateOrErrorResponseWrapper.getWriter(SaveContextOnUpdateOrErrorResponseWrapper.java:109)
	at org.apache.wicket.protocol.http.servlet.ServletWebResponse.write(ServletWebResponse.java:109)
	at org.apache.wicket.protocol.http.HeaderBufferingWebResponse.write(HeaderBufferingWebResponse.java:174)
	at org.apache.wicket.protocol.http.BufferedWebResponse$WriteCharSequenceAction.invoke(BufferedWebResponse.java:171)
	at org.apache.wicket.protocol.http.BufferedWebResponse.writeTo(BufferedWebResponse.java:588)
	at org.apache.wicket.request.handler.render.WebPageRenderer.respond(WebPageRenderer.java:199)
	at org.apache.wicket.core.request.handler.RenderPageRequestHandler.respond(RenderPageRequestHandler.java:165)
	at org.apache.wicket.request.cycle.RequestCycle$HandlerExecutor.respond(RequestCycle.java:840)
	at org.apache.wicket.request.RequestHandlerStack.execute(RequestHandlerStack.java:64)
	at org.apache.wicket.request.cycle.RequestCycle.executeExceptionRequestHandler(RequestCycle.java:303)
	at org.apache.wicket.request.cycle.RequestCycle.executeExceptionRequestHandler(RequestCycle.java:312)
	at org.apache.wicket.request.cycle.RequestCycle.processRequest(RequestCycle.java:226)
	at org.apache.wicket.request.cycle.RequestCycle.processRequestAndDetach(RequestCycle.java:282)
	at org.apache.wicket.protocol.http.WicketFilter.processRequestCycle(WicketFilter.java:244)
	at org.apache.wicket.protocol.http.WicketFilter.processRequest(WicketFilter.java:188)
	at org.apache.wicket.protocol.http.WicketFilter.doFilter(WicketFilter.java:267)
	at org.apache.catalina.core.ApplicationFilterChain.internalDoFilter(ApplicationFilterChain.java:243)
	at org.apache.catalina.core.ApplicationFilterChain.doFilter(ApplicationFilterChain.java:210)
	at org.springframework.security.web.FilterChainProxy$VirtualFilterChain.doFilter(FilterChainProxy.java:330)
	at org.springframework.security.web.access.intercept.FilterSecurityInterceptor.invoke(FilterSecurityInterceptor.java:118)
	at org.springframework.security.web.access.intercept.FilterSecurityInterceptor.doFilter(FilterSecurityInterceptor.java:84)
	at org.springframework.security.web.FilterChainProxy$VirtualFilterChain.doFilter(FilterChainProxy.java:342)
	at org.springframework.security.web.access.ExceptionTranslationFilter.doFilter(ExceptionTranslationFilter.java:113)
	at org.springframework.security.web.FilterChainProxy$VirtualFilterChain.doFilter(FilterChainProxy.java:342)
	at org.springframework.security.web.session.SessionManagementFilter.doFilter(SessionManagementFilter.java:103)
	at org.springframework.security.web.FilterChainProxy$VirtualFilterChain.doFilter(FilterChainProxy.java:342)
	at org.springframework.security.web.authentication.AnonymousAuthenticationFilter.doFilter(AnonymousAuthenticationFilter.java:113)
	at org.springframework.security.web.FilterChainProxy$VirtualFilterChain.doFilter(FilterChainProxy.java:342)
	at org.springframework.security.web.servletapi.SecurityContextHolderAwareRequestFilter.doFilter(SecurityContextHolderAwareRequestFilter.java:54)
	at org.springframework.security.web.FilterChainProxy$VirtualFilterChain.doFilter(FilterChainProxy.java:342)
	at org.springframework.security.web.savedrequest.RequestCacheAwareFilter.doFilter(RequestCacheAwareFilter.java:45)
	at org.springframework.security.web.FilterChainProxy$VirtualFilterChain.doFilter(FilterChainProxy.java:342)
	at org.springframework.security.web.authentication.www.BasicAuthenticationFilter.doFilter(BasicAuthenticationFilter.java:150)
	at org.springframework.security.web.FilterChainProxy$VirtualFilterChain.doFilter(FilterChainProxy.java:342)
	at org.springframework.security.web.authentication.ui.DefaultLoginPageGeneratingFilter.doFilter(DefaultLoginPageGeneratingFilter.java:91)
	at org.springframework.security.web.FilterChainProxy$VirtualFilterChain.doFilter(FilterChainProxy.java:342)
	at org.springframework.security.web.authentication.AbstractAuthenticationProcessingFilter.doFilter(AbstractAuthenticationProcessingFilter.java:183)
	at org.springframework.security.web.FilterChainProxy$VirtualFilterChain.doFilter(FilterChainProxy.java:342)
	at org.springframework.security.web.authentication.logout.LogoutFilter.doFilter(LogoutFilter.java:105)
	at org.springframework.security.web.FilterChainProxy$VirtualFilterChain.doFilter(FilterChainProxy.java:342)
	at org.springframework.security.web.context.SecurityContextPersistenceFilter.doFilter(SecurityContextPersistenceFilter.java:87)
	at org.springframework.security.web.FilterChainProxy$VirtualFilterChain.doFilter(FilterChainProxy.java:342)
	at org.springframework.security.web.FilterChainProxy.doFilterInternal(FilterChainProxy.java:192)
	at org.springframework.security.web.FilterChainProxy.doFilter(FilterChainProxy.java:160)
	at org.springframework.web.filter.DelegatingFilterProxy.invokeDelegate(DelegatingFilterProxy.java:346)
	at org.springframework.web.filter.DelegatingFilterProxy.doFilter(DelegatingFilterProxy.java:259)
	at org.apache.catalina.core.ApplicationFilterChain.internalDoFilter(ApplicationFilterChain.java:243)
	at org.apache.catalina.core.ApplicationFilterChain.doFilter(ApplicationFilterChain.java:210)
	at org.apache.catalina.core.StandardWrapperValve.invoke(StandardWrapperValve.java:222)
	at org.apache.catalina.core.StandardContextValve.invoke(StandardContextValve.java:123)
	at org.apache.catalina.authenticator.AuthenticatorBase.invoke(AuthenticatorBase.java:472)
	at org.apache.catalina.core.StandardHostValve.invoke(StandardHostValve.java:168)
	at org.apache.catalina.valves.ErrorReportValve.invoke(ErrorReportValve.java:99)
	at org.apache.catalina.valves.AccessLogValve.invoke(AccessLogValve.java:929)
	at org.apache.catalina.core.StandardEngineValve.invoke(StandardEngineValve.java:118)
	at org.apache.catalina.connector.CoyoteAdapter.service(CoyoteAdapter.java:407)
	at org.apache.coyote.ajp.AjpProcessor.process(AjpProcessor.java:200)
	at org.apache.coyote.AbstractProtocol$AbstractConnectionHandler.process(AbstractProtocol.java:585)
	at org.apache.tomcat.util.net.JIoEndpoint$SocketProcessor.run(JIoEndpoint.java:310)
	at java.util.concurrent.ThreadPoolExecutor$Worker.runTask(ThreadPoolExecutor.java:895)
	at java.util.concurrent.ThreadPoolExecutor$Worker.run(ThreadPoolExecutor.java:918)
	at java.lang.Thread.run(Thread.java:761)
&lt;/pre&gt;
&lt;/div&gt;&lt;/div&gt;

&lt;div class=&quot;code panel&quot; style=&quot;border-width: 1px;&quot;&gt;&lt;div class=&quot;codeContent panelContent&quot;&gt;
&lt;pre class=&quot;code-none&quot;&gt;
rg.apache.wicket.DefaultExceptionMapper internalMap 123 Unexpected error occurred
java.lang.IllegalArgumentException: Argument &apos;name&apos; may not be null or empty.
	at org.apache.wicket.util.lang.Args.notEmpty(Args.java:64)
	at org.apache.wicket.core.request.mapper.AbstractComponentMapper.getPageClass(AbstractComponentMapper.java:137)
	at org.apache.wicket.core.request.mapper.BookmarkableMapper.parseRequest(BookmarkableMapper.java:110)
	at org.apache.wicket.core.request.mapper.AbstractBookmarkableMapper.mapRequest(AbstractBookmarkableMapper.java:282)
	at org.apache.wicket.request.mapper.CompoundRequestMapper.mapRequest(CompoundRequestMapper.java:152)
	at org.apache.wicket.request.cycle.RequestCycle.resolveRequestHandler(RequestCycle.java:183)
	at org.apache.wicket.request.cycle.RequestCycle.processRequest(RequestCycle.java:208)
	at org.apache.wicket.request.cycle.RequestCycle.processRequestAndDetach(RequestCycle.java:282)
	at org.apache.wicket.protocol.http.WicketFilter.processRequestCycle(WicketFilter.java:244)
	at org.apache.wicket.protocol.http.WicketFilter.processRequest(WicketFilter.java:188)
	at org.apache.wicket.protocol.http.WicketFilter.doFilter(WicketFilter.java:267)
	at org.apache.catalina.core.ApplicationFilterChain.internalDoFilter(ApplicationFilterChain.java:243)
	at org.apache.catalina.core.ApplicationFilterChain.doFilter(ApplicationFilterChain.java:210)
	at org.springframework.security.web.FilterChainProxy$VirtualFilterChain.doFilter(FilterChainProxy.java:330)
	at org.springframework.security.web.access.intercept.FilterSecurityInterceptor.invoke(FilterSecurityInterceptor.java:118)
	at org.springframework.security.web.access.intercept.FilterSecurityInterceptor.doFilter(FilterSecurityInterceptor.java:84)
	at org.springframework.security.web.FilterChainProxy$VirtualFilterChain.doFilter(FilterChainProxy.java:342)
	at org.springframework.security.web.access.ExceptionTranslationFilter.doFilter(ExceptionTranslationFilter.java:113)
	at org.springframework.security.web.FilterChainProxy$VirtualFilterChain.doFilter(FilterChainProxy.java:342)
	at org.springframework.security.web.session.SessionManagementFilter.doFilter(SessionManagementFilter.java:103)
	at org.springframework.security.web.FilterChainProxy$VirtualFilterChain.doFilter(FilterChainProxy.java:342)
	at org.springframework.security.web.authentication.AnonymousAuthenticationFilter.doFilter(AnonymousAuthenticationFilter.java:113)
	at org.springframework.security.web.FilterChainProxy$VirtualFilterChain.doFilter(FilterChainProxy.java:342)
	at org.springframework.security.web.servletapi.SecurityContextHolderAwareRequestFilter.doFilter(SecurityContextHolderAwareRequestFilter.java:54)
	at org.springframework.security.web.FilterChainProxy$VirtualFilterChain.doFilter(FilterChainProxy.java:342)
	at org.springframework.security.web.savedrequest.RequestCacheAwareFilter.doFilter(RequestCacheAwareFilter.java:45)
	at org.springframework.security.web.FilterChainProxy$VirtualFilterChain.doFilter(FilterChainProxy.java:342)
	at org.springframework.security.web.authentication.www.BasicAuthenticationFilter.doFilter(BasicAuthenticationFilter.java:150)
	at org.springframework.security.web.FilterChainProxy$VirtualFilterChain.doFilter(FilterChainProxy.java:342)
	at org.springframework.security.web.authentication.ui.DefaultLoginPageGeneratingFilter.doFilter(DefaultLoginPageGeneratingFilter.java:91)
	at org.springframework.security.web.FilterChainProxy$VirtualFilterChain.doFilter(FilterChainProxy.java:342)
	at org.springframework.security.web.authentication.AbstractAuthenticationProcessingFilter.doFilter(AbstractAuthenticationProcessingFilter.java:183)
	at org.springframework.security.web.FilterChainProxy$VirtualFilterChain.doFilter(FilterChainProxy.java:342)
	at org.springframework.security.web.authentication.logout.LogoutFilter.doFilter(LogoutFilter.java:105)
	at org.springframework.security.web.FilterChainProxy$VirtualFilterChain.doFilter(FilterChainProxy.java:342)
	at org.springframework.security.web.context.SecurityContextPersistenceFilter.doFilter(SecurityContextPersistenceFilter.java:87)
	at org.springframework.security.web.FilterChainProxy$VirtualFilterChain.doFilter(FilterChainProxy.java:342)
	at org.springframework.security.web.FilterChainProxy.doFilterInternal(FilterChainProxy.java:192)
	at org.springframework.security.web.FilterChainProxy.doFilter(FilterChainProxy.java:160)
	at org.springframework.web.filter.DelegatingFilterProxy.invokeDelegate(DelegatingFilterProxy.java:346)
	at org.springframework.web.filter.DelegatingFilterProxy.doFilter(DelegatingFilterProxy.java:259)
	at org.apache.catalina.core.ApplicationFilterChain.internalDoFilter(ApplicationFilterChain.java:243)
	at org.apache.catalina.core.ApplicationFilterChain.doFilter(ApplicationFilterChain.java:210)
	at org.apache.catalina.core.StandardWrapperValve.invoke(StandardWrapperValve.java:222)
	at org.apache.catalina.core.StandardContextValve.invoke(StandardContextValve.java:123)
	at org.apache.catalina.authenticator.AuthenticatorBase.invoke(AuthenticatorBase.java:472)
	at org.apache.catalina.core.StandardHostValve.invoke(StandardHostValve.java:168)
	at org.apache.catalina.valves.ErrorReportValve.invoke(ErrorReportValve.java:99)
	at org.apache.catalina.valves.AccessLogValve.invoke(AccessLogValve.java:929)
	at org.apache.catalina.core.StandardEngineValve.invoke(StandardEngineValve.java:118)
	at org.apache.catalina.connector.CoyoteAdapter.service(CoyoteAdapter.java:407)
	at org.apache.coyote.ajp.AjpProcessor.process(AjpProcessor.java:200)
	at org.apache.coyote.AbstractProtocol$AbstractConnectionHandler.process(AbstractProtocol.java:585)
	at org.apache.tomcat.util.net.JIoEndpoint$SocketProcessor.run(JIoEndpoint.java:310)
	at java.util.concurrent.ThreadPoolExecutor$Worker.runTask(ThreadPoolExecutor.java:895)
	at java.util.concurrent.ThreadPoolExecutor$Worker.run(ThreadPoolExecutor.java:918)
	at java.lang.Thread.run(Thread.java:761)
&lt;/pre&gt;
&lt;/div&gt;&lt;/div&gt;</description>
                <environment>Suse EL
&lt;br/&gt;
Java 1.6
&lt;br/&gt;
Spring 3.1
&lt;br/&gt;
Wicket 6.6.0</environment>
        <key id="12768644">WICKET-5815</key>
            <summary>DefaultExceptionMapper internalMap Unexpected error occurred</summary>
                <type id="1" iconUrl="https://issues.apache.org/jira/images/icons/issuetypes/bug.png">Bug</type>
                                            <priority id="4" iconUrl="https://issues.apache.org/jira/images/icons/priorities/minor.png">Minor</priority>
                        <status id="5" iconUrl="https://issues.apache.org/jira/images/icons/statuses/resolved.png" description="A resolution has been taken, and it is awaiting verification by reporter. From here issues are either reopened, or are closed.">Resolved</status>
                    <statusCategory id="3" key="done" colorName="green"/>
                                    <resolution id="8">Not a Problem</resolution>
                                        <assignee username="-1">Unassigned</assignee>
                                    <reporter username="sv12345">Sven</reporter>
                        <labels>
                    </labels>
                <created>Tue, 20 Jan 2015 11:14:13 +0000</created>
                <updated>Tue, 20 Jan 2015 13:01:35 +0000</updated>
                            <resolved>Tue, 20 Jan 2015 12:16:48 +0000</resolved>
                                    <version>6.6.0</version>
                                                        <due></due>
                            <votes>0</votes>
                                    <watches>2</watches>
                                                                <comments>
                            <comment id="14283719" author="mgrigorov" created="Tue, 20 Jan 2015 11:21:39 +0000"  >&lt;p&gt;It seems your application uses HttpServletResponse#getOutputStream().write() methods earlier, then later Wicket tries to write the page by using the response&apos;s #getWriter() and fails.&lt;br/&gt;
Put a breakpoint at SaveContextOnUpdateOrErrorResponseWrapper#getOutputStream() and see who calls it.&lt;/p&gt;</comment>
                            <comment id="14283763" author="mgrigorov" created="Tue, 20 Jan 2015 12:16:16 +0000"  >&lt;p&gt;java.lang.IllegalArgumentException: Argument &apos;name&apos; may not be null or empty.&lt;br/&gt;
	at org.apache.wicket.util.lang.Args.notEmpty(Args.java:64)&lt;br/&gt;
	at org.apache.wicket.core.request.mapper.AbstractComponentMapper.getPageClass(AbstractComponentMapper.java:137)&lt;br/&gt;
	at org.apache.wicket.core.request.mapper.BookmarkableMapper.parseRequest(BookmarkableMapper.java:110)&lt;/p&gt;

&lt;p&gt;This means that someone made a request like: /wicket/bookmarkable/ , without com.example.YourPage as a third segment in the url. This has been fixed in Wicket several versions ago.&lt;br/&gt;
Please update Wicket to 6.18.0.&lt;/p&gt;</comment>
                            <comment id="14283764" author="mgrigorov" created="Tue, 20 Jan 2015 12:16:48 +0000"  >&lt;p&gt;Closing as &quot;Not a Problem&quot; until there is a proof that the problem is in Wicket.&lt;/p&gt;</comment>
                            <comment id="14283791" author="sv12345" created="Tue, 20 Jan 2015 12:58:41 +0000"  >&lt;p&gt;Do you know the fix version or the ticket id?&lt;/p&gt;</comment>
                            <comment id="14283793" author="mgrigorov" created="Tue, 20 Jan 2015 13:01:13 +0000"  >&lt;p&gt;&lt;a href=&quot;https://issues.apache.org/jira/browse/WICKET-5673&quot; class=&quot;external-link&quot; rel=&quot;nofollow&quot;&gt;https://issues.apache.org/jira/browse/WICKET-5673&lt;/a&gt;&lt;/p&gt;</comment>
                    </comments>
                    <attachments>
                    </attachments>
                <subtasks>
                    </subtasks>
                <customfields>
                                                <customfield id="customfield_12310310" key="com.atlassian.jira.toolkit:attachments">
                        <customfieldname>Attachment count</customfieldname>
                        <customfieldvalues>
                            <customfieldvalue>0.0</customfieldvalue>
                        </customfieldvalues>
                    </customfield>
                                                                                                                        <customfield id="customfield_12310220" key="com.atlassian.jira.ext.charting:firstresponsedate">
                        <customfieldname>Date of First Response</customfieldname>
                        <customfieldvalues>
                            <customfieldvalue>Tue, 20 Jan 2015 11:21:39 +0000</customfieldvalue>

                        </customfieldvalues>
                    </customfield>
                                                                                                                                                    <customfield id="customfield_12310420" key="com.pyxis.greenhopper.jira:gh-global-rank">
                        <customfieldname>Global Rank</customfieldname>
                        <customfieldvalues>
                            <customfieldvalue>9223372036854775807</customfieldvalue>
                        </customfieldvalues>
                    </customfield>
                                                                <customfield id="customfield_12311820" key="com.pyxis.greenhopper.jira:gh-lexo-rank">
                        <customfieldname>Rank</customfieldname>
                        <customfieldvalues>
                            <customfieldvalue>0|vmv1wp:</customfieldvalue>

                        </customfieldvalues>
                    </customfield>
                                                                <customfield id="customfield_12310920" key="com.pyxis.greenhopper.jira:gh-global-rank">
                        <customfieldname>Rank (Obsolete)</customfieldname>
                        <customfieldvalues>
                            <customfieldvalue>9223372036854775807</customfieldvalue>
                        </customfieldvalues>
                    </customfield>
                                                                                                                        <customfield id="customfield_12310222" key="com.atlassian.jira.ext.charting:timeinstatus">
                        <customfieldname>Time in Status</customfieldname>
                        <customfieldvalues>
                            
                        </customfieldvalues>
                    </customfield>
                                    </customfields>
    </item>

<item>
            <title>[WICKET-5816] Apps can&apos;t use Application.setName instead of WicketFilter for e.g. JMX names</title>
                <link>https://issues.apache.org/jira/browse/WICKET-5816</link>
                <project id="12310561" key="WICKET">Wicket</project>
                    <description>&lt;p&gt;I have an application which gets deployed multiple times into a Tomcat under different folder names, by only changing the absolute minimum configuration needed per application. Especially the web.xml is generic and doesn&apos;t change normally, which leads to each instance in Tomcat has the same application name, corresponding to the filter name for the Wicket filter used in web.xml.&lt;/p&gt;

&lt;p&gt;This becomes a problem if one wants to use wicket-jmx, because &quot;org.apache.wicket.jmx.Initializer.init&quot; exposes a gerneric &quot;org.apache.wicket.app.&lt;span class=&quot;error&quot;&gt;&amp;#91;name&amp;#93;&lt;/span&gt;&quot; in such and environment and the JMX console provided with at least Java 7 doesn&apos;t show each node exposed for all the hosted applications, but only one of them. This makes one unable to distinguish to which application the exposed host ultimately belongs. If I change the names of the Wicket filter in web.xml to something unique instead, the JMX console shows all exposed applications under their unique name.&lt;/p&gt;

&lt;p&gt;So I thought of setting a unique name using Application.setName automatically by creating a ServletContextListener, which will statically set some created name using the deployment folder name, which afterwards can be used in the ctor of my derivation of Application. The problem with this approach is, that currently WicketFilter always issues a call to Application.setName as well and that will error out if I already set the name before.&lt;/p&gt;

&lt;p&gt;While I do understand that may approach may be a somewhat hacky workaround for my deployment scenario, from my understanding of how WicketFilter behaves it shouldn&apos;t harm to let applications set their own name for whatever reason. Currently it&apos;s not just possible because WicketFilter wants to do it as well.&lt;/p&gt;

&lt;p&gt;What I propose is that WicketFilter first checks using Application.getName if a name has already been set druing application construction and in that case doesn&apos;t try to set it on it&apos;s own. This way applications could set it on their own depending on different criteria and the current behaviour of only setting it once, with WicketFilter as fallback, would be preserved.&lt;/p&gt;

&lt;p&gt;The relevant code in WicketFilter is the following:&lt;/p&gt;

&lt;div class=&quot;code panel&quot; style=&quot;border-width: 1px;&quot;&gt;&lt;div class=&quot;codeContent panelContent&quot;&gt;
&lt;pre class=&quot;code-java&quot;&gt;
&lt;span class=&quot;code-keyword&quot;&gt;public&lt;/span&gt; void init(&lt;span class=&quot;code-keyword&quot;&gt;final&lt;/span&gt; &lt;span class=&quot;code-object&quot;&gt;boolean&lt;/span&gt; isServlet, &lt;span class=&quot;code-keyword&quot;&gt;final&lt;/span&gt; FilterConfig filterConfig)
[...]
	&lt;span class=&quot;code-comment&quot;&gt;// locate application instance unless it was already specified during construction
&lt;/span&gt;	&lt;span class=&quot;code-keyword&quot;&gt;if&lt;/span&gt; (application == &lt;span class=&quot;code-keyword&quot;&gt;null&lt;/span&gt;)
	{
			applicationFactory = getApplicationFactory();
			application = applicationFactory.createApplication(&lt;span class=&quot;code-keyword&quot;&gt;this&lt;/span&gt;);
	}

	application.setName(filterConfig.getFilterName());
	application.setWicketFilter(&lt;span class=&quot;code-keyword&quot;&gt;this&lt;/span&gt;);
&lt;/pre&gt;
&lt;/div&gt;&lt;/div&gt;

&lt;p&gt;This has been discussed on the users list as well:&lt;/p&gt;

&lt;p&gt;&lt;a href=&quot;http://mail-archives.apache.org/mod_mbox/wicket-users/201501.mbox/&quot; class=&quot;external-link&quot; rel=&quot;nofollow&quot;&gt;http://mail-archives.apache.org/mod_mbox/wicket-users/201501.mbox/&lt;/a&gt;&amp;lt;121497384.20150120190546@am-soft.de&amp;gt;&lt;/p&gt;</description>
                <environment></environment>
        <key id="12768977">WICKET-5816</key>
            <summary>Apps can&apos;t use Application.setName instead of WicketFilter for e.g. JMX names</summary>
                <type id="1" iconUrl="https://issues.apache.org/jira/images/icons/issuetypes/bug.png">Bug</type>
                                            <priority id="4" iconUrl="https://issues.apache.org/jira/images/icons/priorities/minor.png">Minor</priority>
                        <status id="1" iconUrl="https://issues.apache.org/jira/images/icons/statuses/open.png" description="The issue is open and ready for the assignee to start work on it.">Open</status>
                    <statusCategory id="2" key="new" colorName="blue-gray"/>
                                    <resolution id="-1">Unresolved</resolution>
                                        <assignee username="-1">Unassigned</assignee>
                                    <reporter username="tschoening">Thorsten Sch&#246;ning</reporter>
                        <labels>
                    </labels>
                <created>Wed, 21 Jan 2015 14:11:27 +0000</created>
                <updated>Wed, 21 Jan 2015 14:15:29 +0000</updated>
                                            <version>6.18.0</version>
                                                    <component>wicket</component>
                    <component>wicket-jmx</component>
                        <due></due>
                            <votes>0</votes>
                                    <watches>1</watches>
                                                                        <attachments>
                    </attachments>
                <subtasks>
                    </subtasks>
                <customfields>
                                                <customfield id="customfield_12310310" key="com.atlassian.jira.toolkit:attachments">
                        <customfieldname>Attachment count</customfieldname>
                        <customfieldvalues>
                            <customfieldvalue>0.0</customfieldvalue>
                        </customfieldvalues>
                    </customfield>
                                                                                                                                                                                                                                        <customfield id="customfield_12310420" key="com.pyxis.greenhopper.jira:gh-global-rank">
                        <customfieldname>Global Rank</customfieldname>
                        <customfieldvalues>
                            <customfieldvalue>9223372036854775807</customfieldvalue>
                        </customfieldvalues>
                    </customfield>
                                                                <customfield id="customfield_12311820" key="com.pyxis.greenhopper.jira:gh-lexo-rank">
                        <customfieldname>Rank</customfieldname>
                        <customfieldvalues>
                            <customfieldvalue>0|vmv3yh:</customfieldvalue>

                        </customfieldvalues>
                    </customfield>
                                                                <customfield id="customfield_12310920" key="com.pyxis.greenhopper.jira:gh-global-rank">
                        <customfieldname>Rank (Obsolete)</customfieldname>
                        <customfieldvalues>
                            <customfieldvalue>9223372036854775807</customfieldvalue>
                        </customfieldvalues>
                    </customfield>
                                                                                                                        </customfields>
    </item>

<item>
            <title>[WICKET-5817] Wicket-JMX should depend on asm-util</title>
                <link>https://issues.apache.org/jira/browse/WICKET-5817</link>
                <project id="12310561" key="WICKET">Wicket</project>
                    <description>&lt;p&gt;Trying to start an application that depends on wicket-jmx fails with:&lt;/p&gt;

&lt;p&gt; java.lang.NoClassDefFoundError: org/objectweb/asm/Type&lt;br/&gt;
        at net.sf.cglib.core.TypeUtils.parseType(TypeUtils.java:184)&lt;br/&gt;
        at net.sf.cglib.core.KeyFactory.&amp;lt;clinit&amp;gt;(KeyFactory.java:66)&lt;br/&gt;
        at net.sf.cglib.proxy.Enhancer.&amp;lt;clinit&amp;gt;(Enhancer.java:69)&lt;br/&gt;
        at org.apache.wicket.jmx.Initializer.createProxy(Initializer.java:256)&lt;/p&gt;</description>
                <environment></environment>
        <key id="12769100">WICKET-5817</key>
            <summary>Wicket-JMX should depend on asm-util</summary>
                <type id="1" iconUrl="https://issues.apache.org/jira/images/icons/issuetypes/bug.png">Bug</type>
                                            <priority id="3" iconUrl="https://issues.apache.org/jira/images/icons/priorities/major.png">Major</priority>
                        <status id="5" iconUrl="https://issues.apache.org/jira/images/icons/statuses/resolved.png" description="A resolution has been taken, and it is awaiting verification by reporter. From here issues are either reopened, or are closed.">Resolved</status>
                    <statusCategory id="3" key="done" colorName="green"/>
                                    <resolution id="1">Fixed</resolution>
                                        <assignee username="mgrigorov">Martin Grigorov</assignee>
                                    <reporter username="mgrigorov">Martin Grigorov</reporter>
                        <labels>
                    </labels>
                <created>Wed, 21 Jan 2015 20:34:49 +0000</created>
                <updated>Wed, 21 Jan 2015 20:36:06 +0000</updated>
                            <resolved>Wed, 21 Jan 2015 20:35:23 +0000</resolved>
                                    <version>7.0.0-M4</version>
                                    <fixVersion>7.0.0-M5</fixVersion>
                                    <component>wicket-jmx</component>
                        <due></due>
                            <votes>0</votes>
                                    <watches>2</watches>
                                                                <comments>
                            <comment id="14286216" author="jira-bot" created="Wed, 21 Jan 2015 20:36:06 +0000"  >&lt;p&gt;Commit a13482896e06f7ae7b9ad95ba40923b71aa285ca in wicket&apos;s branch refs/heads/master from &lt;a href=&quot;https://issues.apache.org/jira/secure/ViewProfile.jspa?name=mgrigorov&quot; class=&quot;user-hover&quot; rel=&quot;mgrigorov&quot;&gt;Martin Grigorov&lt;/a&gt;&lt;br/&gt;
[ &lt;a href=&quot;https://git-wip-us.apache.org/repos/asf?p=wicket.git;h=a134828&quot; class=&quot;external-link&quot; rel=&quot;nofollow&quot;&gt;https://git-wip-us.apache.org/repos/asf?p=wicket.git;h=a134828&lt;/a&gt; ]&lt;/p&gt;

&lt;p&gt;&lt;a href=&quot;https://issues.apache.org/jira/browse/WICKET-5817&quot; title=&quot;Wicket-JMX should depend on asm-util&quot; class=&quot;issue-link&quot; data-issue-key=&quot;WICKET-5817&quot;&gt;&lt;del&gt;WICKET-5817&lt;/del&gt;&lt;/a&gt; Wicket-JMX should depend on asm-util&lt;/p&gt;</comment>
                    </comments>
                    <attachments>
                    </attachments>
                <subtasks>
                    </subtasks>
                <customfields>
                                                <customfield id="customfield_12310310" key="com.atlassian.jira.toolkit:attachments">
                        <customfieldname>Attachment count</customfieldname>
                        <customfieldvalues>
                            <customfieldvalue>0.0</customfieldvalue>
                        </customfieldvalues>
                    </customfield>
                                                                                                                        <customfield id="customfield_12310220" key="com.atlassian.jira.ext.charting:firstresponsedate">
                        <customfieldname>Date of First Response</customfieldname>
                        <customfieldvalues>
                            <customfieldvalue>Wed, 21 Jan 2015 20:36:06 +0000</customfieldvalue>

                        </customfieldvalues>
                    </customfield>
                                                                                                                                                    <customfield id="customfield_12310420" key="com.pyxis.greenhopper.jira:gh-global-rank">
                        <customfieldname>Global Rank</customfieldname>
                        <customfieldvalues>
                            <customfieldvalue>9223372036854775807</customfieldvalue>
                        </customfieldvalues>
                    </customfield>
                                                                <customfield id="customfield_12311820" key="com.pyxis.greenhopper.jira:gh-lexo-rank">
                        <customfieldname>Rank</customfieldname>
                        <customfieldvalues>
                            <customfieldvalue>0|vmv4pt:</customfieldvalue>

                        </customfieldvalues>
                    </customfield>
                                                                <customfield id="customfield_12310920" key="com.pyxis.greenhopper.jira:gh-global-rank">
                        <customfieldname>Rank (Obsolete)</customfieldname>
                        <customfieldvalues>
                            <customfieldvalue>9223372036854775807</customfieldvalue>
                        </customfieldvalues>
                    </customfield>
                                                                                                                        <customfield id="customfield_12310222" key="com.atlassian.jira.ext.charting:timeinstatus">
                        <customfieldname>Time in Status</customfieldname>
                        <customfieldvalues>
                            
                        </customfieldvalues>
                    </customfield>
                                    </customfields>
    </item>
</channel>
</rss>
