<!--
RSS generated by JIRA (7.6.3#76005-sha1:8a4e38d34af948780dbf52044e7aafb13a7cae58) at Mon Apr 08 11:27:10 UTC 2019

It is possible to restrict the fields that are returned in this document by specifying the 'field' parameter in your request.
For example, to request only the issue key and summary append 'field=key&field=summary' to the URL of your request.
-->
<!-- If you wish to do custom client-side styling of RSS, uncomment this:
<?xml-stylesheet href="https://issues.apache.org/jira/styles/jiraxml2html.xsl" type="text/xsl"?>
-->
<rss version="0.92">
    <channel>
        <title>ASF JIRA</title>
        <link>https://issues.apache.org/jira/issues/?jql=project+%3D+WICKET+AND+issuetype+%3D+Bug+AND+created+%3E%3D+2018-08-01+AND+created+%3C%3D+2018-09-01</link>
        <description>An XML representation of a search request</description>
                <language>en-uk</language>
                        <issue start="0" end="0" total="0"/>
                <build-info>
            <version>7.6.3</version>
            <build-number>76005</build-number>
            <build-date>09-01-2018</build-date>
        </build-info></channel>
</rss>