<!--
RSS generated by JIRA (8.3.4#803005-sha1:1f96e09b3c60279a408a2ae47be3c745f571388b) at Sat Nov 09 15:35:23 UTC 2019

It is possible to restrict the fields that are returned in this document by specifying the 'field' parameter in your request.
For example, to request only the issue key and summary append 'field=key&field=summary' to the URL of your request.
-->
<!-- If you wish to do custom client-side styling of RSS, uncomment this:
<?xml-stylesheet href="https://issues.apache.org/jira/styles/jiraxml2html.xsl" type="text/xsl"?>
-->
<rss version="0.92">
    <channel>
        <title>ASF JIRA</title>
        <link>https://issues.apache.org/jira/issues/?jql=project+%3D+WICKET+AND+issuetype+%3D+Bug+AND+created+%3E%3D+2019-07-01+AND+created+%3C%3D+2019-08-01</link>
        <description>An XML representation of a search request</description>
                <language>en-uk</language>
                        <issue start="0" end="3" total="3"/>
                <build-info>
            <version>8.3.4</version>
            <build-number>803005</build-number>
            <build-date>13-09-2019</build-date>
        </build-info>

<item>
            <title>[WICKET-6690] NullPointerException in KeyInSessionSunJceCryptFactory.&lt;init&gt;</title>
                <link>https://issues.apache.org/jira/browse/WICKET-6690</link>
                <project id="12310561" key="WICKET">Wicket</project>
                    <description>&lt;p&gt;Call &lt;b&gt;Security.getProviders(&quot;Cipher.&quot; + cryptMethod).length == 0&lt;/b&gt; causes &lt;b&gt;NullPointerException&lt;/b&gt; when no suitable provider is found, because &lt;b&gt;getProviders&lt;/b&gt; returns &lt;font color=&quot;#FF0000&quot;&gt;&lt;b&gt;null&lt;/b&gt;&lt;/font&gt;.&lt;/p&gt;
&lt;div class=&quot;code panel&quot; style=&quot;border-width: 1px;&quot;&gt;&lt;div class=&quot;codeContent panelContent&quot;&gt;
&lt;pre class=&quot;code-java&quot;&gt;
2019-07-22 07:22:37,604 - ERROR - [main,,,,,] - org.apache.wicket.protocol.http.WicketFilter - The initialization of an application with name &lt;span class=&quot;code-quote&quot;&gt;&apos;wicket.cexi&apos;&lt;/span&gt; has failed.
java.lang.NullPointerException
&#160;&#160; &#160;at org.apache.wicket.core.util.crypt.KeyInSessionSunJceCryptFactory.&amp;lt;init&amp;gt;(KeyInSessionSunJceCryptFactory.java:67)
&lt;/pre&gt;
&lt;/div&gt;&lt;/div&gt;
&lt;p&gt;P.S.: I&apos;ve noticed this when I tried init with &lt;b&gt;PBEwithSHA256and256bitAES-CBC-BC&lt;/b&gt;&lt;/p&gt;</description>
                <environment>Windows 8.1&lt;br/&gt;
Oracle JDK 1.8.0_191</environment>
        <key id="13246231">WICKET-6690</key>
            <summary>NullPointerException in KeyInSessionSunJceCryptFactory.&lt;init&gt;</summary>
                <type id="1" iconUrl="https://issues.apache.org/jira/secure/viewavatar?size=xsmall&amp;avatarId=21133&amp;avatarType=issuetype">Bug</type>
                                            <priority id="3" iconUrl="https://issues.apache.org/jira/images/icons/priorities/major.svg">Major</priority>
                        <status id="5" iconUrl="https://issues.apache.org/jira/images/icons/statuses/resolved.png" description="A resolution has been taken, and it is awaiting verification by reporter. From here issues are either reopened, or are closed.">Resolved</status>
                    <statusCategory id="3" key="done" colorName="green"/>
                                    <resolution id="1">Fixed</resolution>
                                        <assignee username="mgrigorov">Martin Tzvetanov Grigorov</assignee>
                                    <reporter username="davesman">David Rain</reporter>
                        <labels>
                    </labels>
                <created>Mon, 22 Jul 2019 05:26:05 +0000</created>
                <updated>Mon, 22 Jul 2019 13:00:01 +0000</updated>
                            <resolved>Mon, 22 Jul 2019 13:00:01 +0000</resolved>
                                    <version>8.5.0</version>
                                    <fixVersion>8.6.1</fixVersion>
                    <fixVersion>7.15.0</fixVersion>
                    <fixVersion>9.0.0-M3</fixVersion>
                                    <component>wicket-core</component>
                        <due></due>
                            <votes>0</votes>
                                    <watches>2</watches>
                                                                <comments>
                            <comment id="16890140" author="jira-bot" created="Mon, 22 Jul 2019 12:59:17 +0000"  >&lt;p&gt;Commit 1c39dd7aefdafc0c4bafcc9e1107665f25b9dd99 in wicket&apos;s branch refs/heads/master from Martin Tzvetanov Grigorov&lt;br/&gt;
[ &lt;a href=&quot;https://gitbox.apache.org/repos/asf?p=wicket.git;h=1c39dd7&quot; class=&quot;external-link&quot; rel=&quot;nofollow&quot;&gt;https://gitbox.apache.org/repos/asf?p=wicket.git;h=1c39dd7&lt;/a&gt; ]&lt;/p&gt;

&lt;p&gt;&lt;a href=&quot;https://issues.apache.org/jira/browse/WICKET-6690&quot; title=&quot;NullPointerException in KeyInSessionSunJceCryptFactory.&amp;lt;init&amp;gt;&quot; class=&quot;issue-link&quot; data-issue-key=&quot;WICKET-6690&quot;&gt;&lt;del&gt;WICKET-6690&lt;/del&gt;&lt;/a&gt; NullPointerException in KeyInSessionSunJceCryptFactory.&amp;lt;init&amp;gt;&lt;/p&gt;

&lt;p&gt;Add a null check for Security.getProviders(String)&lt;/p&gt;</comment>
                            <comment id="16890141" author="jira-bot" created="Mon, 22 Jul 2019 12:59:32 +0000"  >&lt;p&gt;Commit 1288fdf786bc8b1ce23007b0fb4809e789825ce4 in wicket&apos;s branch refs/heads/wicket-8.x from Martin Tzvetanov Grigorov&lt;br/&gt;
[ &lt;a href=&quot;https://gitbox.apache.org/repos/asf?p=wicket.git;h=1288fdf&quot; class=&quot;external-link&quot; rel=&quot;nofollow&quot;&gt;https://gitbox.apache.org/repos/asf?p=wicket.git;h=1288fdf&lt;/a&gt; ]&lt;/p&gt;

&lt;p&gt;&lt;a href=&quot;https://issues.apache.org/jira/browse/WICKET-6690&quot; title=&quot;NullPointerException in KeyInSessionSunJceCryptFactory.&amp;lt;init&amp;gt;&quot; class=&quot;issue-link&quot; data-issue-key=&quot;WICKET-6690&quot;&gt;&lt;del&gt;WICKET-6690&lt;/del&gt;&lt;/a&gt; NullPointerException in KeyInSessionSunJceCryptFactory.&amp;lt;init&amp;gt;&lt;/p&gt;

&lt;p&gt;Add a null check for Security.getProviders(String)&lt;/p&gt;

&lt;p&gt;(cherry picked from commit 1c39dd7aefdafc0c4bafcc9e1107665f25b9dd99)&lt;/p&gt;</comment>
                            <comment id="16890143" author="jira-bot" created="Mon, 22 Jul 2019 12:59:49 +0000"  >&lt;p&gt;Commit 206efd3e24f051fae7a26fd5290ea82ee83eabc8 in wicket&apos;s branch refs/heads/wicket-7.x from Martin Tzvetanov Grigorov&lt;br/&gt;
[ &lt;a href=&quot;https://gitbox.apache.org/repos/asf?p=wicket.git;h=206efd3&quot; class=&quot;external-link&quot; rel=&quot;nofollow&quot;&gt;https://gitbox.apache.org/repos/asf?p=wicket.git;h=206efd3&lt;/a&gt; ]&lt;/p&gt;

&lt;p&gt;&lt;a href=&quot;https://issues.apache.org/jira/browse/WICKET-6690&quot; title=&quot;NullPointerException in KeyInSessionSunJceCryptFactory.&amp;lt;init&amp;gt;&quot; class=&quot;issue-link&quot; data-issue-key=&quot;WICKET-6690&quot;&gt;&lt;del&gt;WICKET-6690&lt;/del&gt;&lt;/a&gt; NullPointerException in KeyInSessionSunJceCryptFactory.&amp;lt;init&amp;gt;&lt;/p&gt;

&lt;p&gt;Add a null check for Security.getProviders(String)&lt;/p&gt;

&lt;p&gt;(cherry picked from commit 1c39dd7aefdafc0c4bafcc9e1107665f25b9dd99)&lt;/p&gt;</comment>
                            <comment id="16890144" author="mgrigorov" created="Mon, 22 Jul 2019 13:00:01 +0000"  >&lt;p&gt;Thanks for the report!&lt;/p&gt;</comment>
                    </comments>
                    <attachments>
                    </attachments>
                <subtasks>
                    </subtasks>
                <customfields>
                                                <customfield id="customfield_12310310" key="com.atlassian.jira.toolkit:attachments">
                        <customfieldname>Attachment count</customfieldname>
                        <customfieldvalues>
                            <customfieldvalue>0.0</customfieldvalue>
                        </customfieldvalues>
                    </customfield>
                                                                                                                                                                                                                                                                                                                                                                                                                                                                                                                                                                                                                    <customfield id="customfield_12310220" key="com.atlassian.jira.ext.charting:firstresponsedate">
                        <customfieldname>Date of First Response</customfieldname>
                        <customfieldvalues>
                            <customfieldvalue>Mon, 22 Jul 2019 12:59:17 +0000</customfieldvalue>

                        </customfieldvalues>
                    </customfield>
                                                                <customfield id="customfield_12314020" key="com.atlassian.jira.plugins.jira-development-integration-plugin:devsummary">
                        <customfieldname>Development</customfieldname>
                        <customfieldvalues>
                            
                        </customfieldvalues>
                    </customfield>
                                                                                                                        <customfield id="customfield_12313422" key="com.atlassian.jirafisheyeplugin:jobcheckbox">
                        <customfieldname>Enable Automatic Patch Review</customfieldname>
                        <customfieldvalues>
                            <customfieldvalue><![CDATA[false]]></customfieldvalue>

                        </customfieldvalues>
                    </customfield>
                                                                                                                                                                                                                                                                                                                                                                                                                                                                        <customfield id="customfield_12310420" key="com.pyxis.greenhopper.jira:gh-global-rank">
                        <customfieldname>Global Rank</customfieldname>
                        <customfieldvalues>
                            <customfieldvalue>9223372036854775807</customfieldvalue>
                        </customfieldvalues>
                    </customfield>
                                                                                                                        <customfield id="customfield_12312521" key="com.atlassian.jira.toolkit:LastCommentDate">
                        <customfieldname>Last public comment date</customfieldname>
                        <customfieldvalues>
                            15 weeks, 5 days ago
                        </customfieldvalues>
                    </customfield>
                                                                                                                                                    <customfield id="customfield_12311820" key="com.pyxis.greenhopper.jira:gh-lexo-rank">
                        <customfieldname>Rank</customfieldname>
                        <customfieldvalues>
                            <customfieldvalue>0|z04vpc:</customfieldvalue>

                        </customfieldvalues>
                    </customfield>
                                                                <customfield id="customfield_12310920" key="com.pyxis.greenhopper.jira:gh-global-rank">
                        <customfieldname>Rank (Obsolete)</customfieldname>
                        <customfieldvalues>
                            <customfieldvalue>9223372036854775807</customfieldvalue>
                        </customfieldvalues>
                    </customfield>
                                                                                                                                                                                                                                                                                                                                                        <customfield id="customfield_12310222" key="com.atlassian.jira.ext.charting:timeinstatus">
                        <customfieldname>Time in Status</customfieldname>
                        <customfieldvalues>
                            
                        </customfieldvalues>
                    </customfield>
                                                                </customfields>
    </item>


<item>
            <title>[WICKET-6689] ClientProperties.getTimeZone() has some issue when DST and UTC offsets are different</title>
                <link>https://issues.apache.org/jira/browse/WICKET-6689</link>
                <project id="12310561" key="WICKET">Wicket</project>
                    <description>&lt;p&gt;So ClientProperties.getTimeZone() got UTC offset 11 and DST offset 10 (Australia Sydney), and it picked the wrong one (UTC +11). The issue is the way it&apos;s calculating the UTC-DST difference and looking up in the available time zone IDs.&lt;/p&gt;
&lt;div class=&quot;code panel&quot; style=&quot;border-width: 1px;&quot;&gt;&lt;div class=&quot;codeContent panelContent&quot;&gt;
&lt;pre class=&quot;code-java&quot;&gt;
					&lt;span class=&quot;code-keyword&quot;&gt;if&lt;/span&gt; (dstTimeZone != &lt;span class=&quot;code-keyword&quot;&gt;null&lt;/span&gt; &amp;amp;&amp;amp;
						dstTimeZone.getRawOffset() != timeZone.getRawOffset())
					{
						&lt;span class=&quot;code-object&quot;&gt;int&lt;/span&gt; dstSaving = dstTimeZone.getRawOffset() - timeZone.getRawOffset();
						&lt;span class=&quot;code-object&quot;&gt;String&lt;/span&gt;[] availableIDs = TimeZone.getAvailableIDs(timeZone.getRawOffset());
						&lt;span class=&quot;code-keyword&quot;&gt;for&lt;/span&gt; (&lt;span class=&quot;code-object&quot;&gt;String&lt;/span&gt; availableID : availableIDs)
						{
							TimeZone zone = TimeZone.getTimeZone(availableID);
							&lt;span class=&quot;code-keyword&quot;&gt;if&lt;/span&gt; (zone.getDSTSavings() == dstSaving)
							{
								&lt;span class=&quot;code-comment&quot;&gt;// &lt;span class=&quot;code-keyword&quot;&gt;this&lt;/span&gt; is a best guess... still the start and end of the DST should
&lt;/span&gt;								&lt;span class=&quot;code-comment&quot;&gt;// be needed to know to be completely correct, or better yet
&lt;/span&gt;								&lt;span class=&quot;code-comment&quot;&gt;// not just the GMT offset but the TimeZone ID should be transfered
&lt;/span&gt;								&lt;span class=&quot;code-comment&quot;&gt;// from the browser.
&lt;/span&gt;								timeZone = zone;
								&lt;span class=&quot;code-keyword&quot;&gt;break&lt;/span&gt;;
							}
						}
					}
&lt;/pre&gt;
&lt;/div&gt;&lt;/div&gt;
&lt;p&gt;If &lt;em&gt;dstTimeZone.getRawOffset() &amp;lt; timeZone.getRawOffset()&lt;/em&gt; then &lt;em&gt;dstSaving&lt;/em&gt; is negative and it would never find any zone in the &lt;em&gt;availableIDs&lt;/em&gt;.&lt;/p&gt;


&lt;p&gt; I&apos;m sending a PR for this.&lt;/p&gt;</description>
                <environment></environment>
        <key id="13245637">WICKET-6689</key>
            <summary>ClientProperties.getTimeZone() has some issue when DST and UTC offsets are different</summary>
                <type id="1" iconUrl="https://issues.apache.org/jira/secure/viewavatar?size=xsmall&amp;avatarId=21133&amp;avatarType=issuetype">Bug</type>
                                            <priority id="3" iconUrl="https://issues.apache.org/jira/images/icons/priorities/major.svg">Major</priority>
                        <status id="5" iconUrl="https://issues.apache.org/jira/images/icons/statuses/resolved.png" description="A resolution has been taken, and it is awaiting verification by reporter. From here issues are either reopened, or are closed.">Resolved</status>
                    <statusCategory id="3" key="done" colorName="green"/>
                                    <resolution id="1">Fixed</resolution>
                                        <assignee username="mgrigorov">Martin Tzvetanov Grigorov</assignee>
                                    <reporter username="m4ns0ur">Mansour Rahimi</reporter>
                        <labels>
                    </labels>
                <created>Wed, 17 Jul 2019 23:53:27 +0000</created>
                <updated>Tue, 23 Jul 2019 11:04:39 +0000</updated>
                            <resolved>Mon, 22 Jul 2019 13:13:42 +0000</resolved>
                                    <version>9.0.0-M2</version>
                                    <fixVersion>8.6.1</fixVersion>
                    <fixVersion>7.15.0</fixVersion>
                    <fixVersion>9.0.0-M3</fixVersion>
                                    <component>wicket</component>
                        <due></due>
                            <votes>0</votes>
                                    <watches>3</watches>
                                                                <comments>
                            <comment id="16890149" author="jira-bot" created="Mon, 22 Jul 2019 13:12:20 +0000"  >&lt;p&gt;Commit 4851d3fda62ec84e636528bb75564b1d5c338532 in wicket&apos;s branch refs/heads/master from Mansour Rahimi&lt;br/&gt;
[ &lt;a href=&quot;https://gitbox.apache.org/repos/asf?p=wicket.git;h=4851d3f&quot; class=&quot;external-link&quot; rel=&quot;nofollow&quot;&gt;https://gitbox.apache.org/repos/asf?p=wicket.git;h=4851d3f&lt;/a&gt; ]&lt;/p&gt;

&lt;p&gt;&lt;a href=&quot;https://issues.apache.org/jira/browse/WICKET-6689&quot; title=&quot;ClientProperties.getTimeZone() has some issue when DST and UTC offsets are different&quot; class=&quot;issue-link&quot; data-issue-key=&quot;WICKET-6689&quot;&gt;&lt;del&gt;WICKET-6689&lt;/del&gt;&lt;/a&gt; fix ClientProperties.getTimezone() UTC-DST differenc&#8230; (#377)&lt;/p&gt;

&lt;p&gt;calculation.&lt;/p&gt;</comment>
                            <comment id="16890150" author="jira-bot" created="Mon, 22 Jul 2019 13:13:17 +0000"  >&lt;p&gt;Commit 588f5d3a57d3d2d9de7a33b53f8f6fbc75dc0c62 in wicket&apos;s branch refs/heads/wicket-7.x from Mansour Rahimi&lt;br/&gt;
[ &lt;a href=&quot;https://gitbox.apache.org/repos/asf?p=wicket.git;h=588f5d3&quot; class=&quot;external-link&quot; rel=&quot;nofollow&quot;&gt;https://gitbox.apache.org/repos/asf?p=wicket.git;h=588f5d3&lt;/a&gt; ]&lt;/p&gt;

&lt;p&gt;&lt;a href=&quot;https://issues.apache.org/jira/browse/WICKET-6689&quot; title=&quot;ClientProperties.getTimeZone() has some issue when DST and UTC offsets are different&quot; class=&quot;issue-link&quot; data-issue-key=&quot;WICKET-6689&quot;&gt;&lt;del&gt;WICKET-6689&lt;/del&gt;&lt;/a&gt; fix ClientProperties.getTimezone() UTC-DST differenc&#8230; (#377)&lt;/p&gt;

&lt;p&gt;calculation.&lt;/p&gt;

&lt;p&gt;(cherry picked from commit 4851d3fda62ec84e636528bb75564b1d5c338532)&lt;/p&gt;</comment>
                            <comment id="16890151" author="jira-bot" created="Mon, 22 Jul 2019 13:13:24 +0000"  >&lt;p&gt;Commit eb21db2f7a0f7fb50431dc00d17bb219fba072ed in wicket&apos;s branch refs/heads/wicket-8.x from Mansour Rahimi&lt;br/&gt;
[ &lt;a href=&quot;https://gitbox.apache.org/repos/asf?p=wicket.git;h=eb21db2&quot; class=&quot;external-link&quot; rel=&quot;nofollow&quot;&gt;https://gitbox.apache.org/repos/asf?p=wicket.git;h=eb21db2&lt;/a&gt; ]&lt;/p&gt;

&lt;p&gt;&lt;a href=&quot;https://issues.apache.org/jira/browse/WICKET-6689&quot; title=&quot;ClientProperties.getTimeZone() has some issue when DST and UTC offsets are different&quot; class=&quot;issue-link&quot; data-issue-key=&quot;WICKET-6689&quot;&gt;&lt;del&gt;WICKET-6689&lt;/del&gt;&lt;/a&gt; fix ClientProperties.getTimezone() UTC-DST differenc&#8230; (#377)&lt;/p&gt;

&lt;p&gt;calculation.&lt;/p&gt;

&lt;p&gt;(cherry picked from commit 4851d3fda62ec84e636528bb75564b1d5c338532)&lt;/p&gt;</comment>
                            <comment id="16890152" author="mgrigorov" created="Mon, 22 Jul 2019 13:13:52 +0000"  >&lt;p&gt;Thank you!&lt;/p&gt;</comment>
                            <comment id="16890892" author="jira-bot" created="Tue, 23 Jul 2019 11:04:11 +0000"  >&lt;p&gt;Commit 3d89b2f31e83471beed30ccb6b067ec375105419 in wicket&apos;s branch refs/heads/wicket-7.x from Martin Tzvetanov Grigorov&lt;br/&gt;
[ &lt;a href=&quot;https://gitbox.apache.org/repos/asf?p=wicket.git;h=3d89b2f&quot; class=&quot;external-link&quot; rel=&quot;nofollow&quot;&gt;https://gitbox.apache.org/repos/asf?p=wicket.git;h=3d89b2f&lt;/a&gt; ]&lt;/p&gt;

&lt;p&gt;&lt;a href=&quot;https://issues.apache.org/jira/browse/WICKET-6689&quot; title=&quot;ClientProperties.getTimeZone() has some issue when DST and UTC offsets are different&quot; class=&quot;issue-link&quot; data-issue-key=&quot;WICKET-6689&quot;&gt;&lt;del&gt;WICKET-6689&lt;/del&gt;&lt;/a&gt; Make test method public (JUnit 4.x)&lt;/p&gt;</comment>
                            <comment id="16890893" author="jira-bot" created="Tue, 23 Jul 2019 11:04:39 +0000"  >&lt;p&gt;Commit d60bbc48a84730564b6a4484ca04bff54c51b810 in wicket&apos;s branch refs/heads/wicket-8.x from Martin Tzvetanov Grigorov&lt;br/&gt;
[ &lt;a href=&quot;https://gitbox.apache.org/repos/asf?p=wicket.git;h=d60bbc4&quot; class=&quot;external-link&quot; rel=&quot;nofollow&quot;&gt;https://gitbox.apache.org/repos/asf?p=wicket.git;h=d60bbc4&lt;/a&gt; ]&lt;/p&gt;

&lt;p&gt;&lt;a href=&quot;https://issues.apache.org/jira/browse/WICKET-6689&quot; title=&quot;ClientProperties.getTimeZone() has some issue when DST and UTC offsets are different&quot; class=&quot;issue-link&quot; data-issue-key=&quot;WICKET-6689&quot;&gt;&lt;del&gt;WICKET-6689&lt;/del&gt;&lt;/a&gt; Make test method public (JUnit 4.x)&lt;/p&gt;

&lt;p&gt;(cherry picked from commit 3d89b2f31e83471beed30ccb6b067ec375105419)&lt;/p&gt;</comment>
                    </comments>
                    <attachments>
                    </attachments>
                <subtasks>
                    </subtasks>
                <customfields>
                                                <customfield id="customfield_12310310" key="com.atlassian.jira.toolkit:attachments">
                        <customfieldname>Attachment count</customfieldname>
                        <customfieldvalues>
                            <customfieldvalue>0.0</customfieldvalue>
                        </customfieldvalues>
                    </customfield>
                                                                                                                                                                                                                                                                                                                                                                                                                                                                                                                                                                                                                    <customfield id="customfield_12310220" key="com.atlassian.jira.ext.charting:firstresponsedate">
                        <customfieldname>Date of First Response</customfieldname>
                        <customfieldvalues>
                            <customfieldvalue>Mon, 22 Jul 2019 13:12:20 +0000</customfieldvalue>

                        </customfieldvalues>
                    </customfield>
                                                                <customfield id="customfield_12314020" key="com.atlassian.jira.plugins.jira-development-integration-plugin:devsummary">
                        <customfieldname>Development</customfieldname>
                        <customfieldvalues>
                            
                        </customfieldvalues>
                    </customfield>
                                                                                                                        <customfield id="customfield_12313422" key="com.atlassian.jirafisheyeplugin:jobcheckbox">
                        <customfieldname>Enable Automatic Patch Review</customfieldname>
                        <customfieldvalues>
                            <customfieldvalue><![CDATA[false]]></customfieldvalue>

                        </customfieldvalues>
                    </customfield>
                                                                                                                                                                                                                                                                                                                                                                                                                                                                        <customfield id="customfield_12310420" key="com.pyxis.greenhopper.jira:gh-global-rank">
                        <customfieldname>Global Rank</customfieldname>
                        <customfieldvalues>
                            <customfieldvalue>9223372036854775807</customfieldvalue>
                        </customfieldvalues>
                    </customfield>
                                                                                                                        <customfield id="customfield_12312521" key="com.atlassian.jira.toolkit:LastCommentDate">
                        <customfieldname>Last public comment date</customfieldname>
                        <customfieldvalues>
                            15 weeks, 4 days ago
                        </customfieldvalues>
                    </customfield>
                                                                                                                                                    <customfield id="customfield_12311820" key="com.pyxis.greenhopper.jira:gh-lexo-rank">
                        <customfieldname>Rank</customfieldname>
                        <customfieldvalues>
                            <customfieldvalue>0|z04s1s:</customfieldvalue>

                        </customfieldvalues>
                    </customfield>
                                                                <customfield id="customfield_12310920" key="com.pyxis.greenhopper.jira:gh-global-rank">
                        <customfieldname>Rank (Obsolete)</customfieldname>
                        <customfieldvalues>
                            <customfieldvalue>9223372036854775807</customfieldvalue>
                        </customfieldvalues>
                    </customfield>
                                                                                                                                                                                                                                                                                                                                                        <customfield id="customfield_12310222" key="com.atlassian.jira.ext.charting:timeinstatus">
                        <customfieldname>Time in Status</customfieldname>
                        <customfieldvalues>
                            
                        </customfieldvalues>
                    </customfield>
                                                                </customfields>
    </item>


<item>
            <title>[WICKET-6685] Session#destroy (used in replaceSession) deletes metadata</title>
                <link>https://issues.apache.org/jira/browse/WICKET-6685</link>
                <project id="12310561" key="WICKET">Wicket</project>
                    <description>&lt;p&gt;Tested on 8.5.0.&lt;/p&gt;

&lt;p&gt;The destroy method of Session has added some clean-up calls, e.q. metaData = null.&lt;/p&gt;

&lt;p&gt;The destroy method is also called by replaceSession method. That means, that replaceSession deletes metadata. But metadata are used in KeyInSessionSunJceCryptFactory to store the crypt key. So now in Wicket 8 calling replaceSession (quite common security practise) means that all links generated before get broken.&lt;/p&gt;

&lt;p&gt;I don&apos;t think this was the intention...&lt;/p&gt;</description>
                <environment>Windows 8 / JDK 8</environment>
        <key id="13243821">WICKET-6685</key>
            <summary>Session#destroy (used in replaceSession) deletes metadata</summary>
                <type id="1" iconUrl="https://issues.apache.org/jira/secure/viewavatar?size=xsmall&amp;avatarId=21133&amp;avatarType=issuetype">Bug</type>
                                            <priority id="3" iconUrl="https://issues.apache.org/jira/images/icons/priorities/major.svg">Major</priority>
                        <status id="6" iconUrl="https://issues.apache.org/jira/images/icons/statuses/closed.png" description="The issue is considered finished, the resolution is correct. Issues which are not closed can be reopened.">Closed</status>
                    <statusCategory id="3" key="done" colorName="green"/>
                                    <resolution id="10004">Not A Bug</resolution>
                                        <assignee username="bitstorm">Andrea Del Bene</assignee>
                                    <reporter username="davesman">David Rain</reporter>
                        <labels>
                    </labels>
                <created>Tue, 9 Jul 2019 05:44:43 +0000</created>
                <updated>Mon, 19 Aug 2019 23:48:20 +0000</updated>
                            <resolved>Thu, 18 Jul 2019 14:01:54 +0000</resolved>
                                    <version>8.0.0</version>
                                                    <component>wicket</component>
                        <due></due>
                            <votes>0</votes>
                                    <watches>2</watches>
                                                                <comments>
                            <comment id="16885039" author="davesman" created="Mon, 15 Jul 2019 10:19:20 +0000"  >&lt;p&gt;I am temporarily able to overcome this issue with not very nice workaround.&lt;/p&gt;
&lt;div class=&quot;code panel&quot; style=&quot;border-width: 1px;&quot;&gt;&lt;div class=&quot;codeContent panelContent&quot;&gt;
&lt;pre class=&quot;code-java&quot;&gt;
&#160;&#160;&#160; @Override
&#160;&#160;&#160; &lt;span class=&quot;code-keyword&quot;&gt;public&lt;/span&gt; void replaceSession() {
&#160;&#160;&#160;&#160;&#160;&#160;&#160; &lt;span class=&quot;code-comment&quot;&gt;/* Part of #destroy() code. Workaround until WICKET-6685 is fixed */&lt;/span&gt;
 &#160;&#160;&#160;&#160;&#160;&#160; &lt;span class=&quot;code-keyword&quot;&gt;if&lt;/span&gt; (getSessionStore() != &lt;span class=&quot;code-keyword&quot;&gt;null&lt;/span&gt;) {
&#160;&#160;&#160;&#160;&#160;&#160;&#160;&#160;&#160;&#160;&#160; getSessionStore().invalidate(RequestCycle.get().getRequest());
&#160;&#160;&#160;&#160;&#160;&#160;&#160;&#160;&#160;&#160;&#160; clientInfo = &lt;span class=&quot;code-keyword&quot;&gt;null&lt;/span&gt;;
&#160;&#160;&#160;&#160;&#160;&#160;&#160; }
&#160;&#160;&#160;&#160;&#160;&#160;&#160; &lt;span class=&quot;code-comment&quot;&gt;/* end of workaround */&lt;/span&gt;
&#160;&#160;&#160;&#160;&#160;&#160;&#160; bind();
&#160;&#160;&#160; }
&lt;/pre&gt;
&lt;/div&gt;&lt;/div&gt;
&lt;p&gt;Due tu private access level in Session, it is not possible to add anything else from #destroy()&lt;/p&gt;</comment>
                            <comment id="16887825" author="bitstorm" created="Thu, 18 Jul 2019 10:03:32 +0000"  >&lt;p&gt;Hi,&lt;/p&gt;

&lt;p&gt;I think this issue might be linked to &lt;a href=&quot;https://issues.apache.org/jira/browse/WICKET-6602&quot; title=&quot;AuthenticatedWebApplication login Workflow broken with replaceSession&quot; class=&quot;issue-link&quot; data-issue-key=&quot;WICKET-6602&quot;&gt;&lt;del&gt;WICKET-6602&lt;/del&gt;&lt;/a&gt;. If you need to change session id for security reasons (for example to prevent session fixation) you should use changeSessionId instead of replaceSession.&lt;/p&gt;</comment>
                            <comment id="16887876" author="davesman" created="Thu, 18 Jul 2019 11:01:14 +0000"  >&lt;p&gt;&lt;a href=&quot;https://issues.apache.org/jira/secure/ViewProfile.jspa?name=bitstorm&quot; class=&quot;user-hover&quot; rel=&quot;bitstorm&quot;&gt;Andrea Del Bene&lt;/a&gt; Hello - thanks for the new method (wrapper). This is exactly what we need. You can close this.&lt;/p&gt;</comment>
                    </comments>
                <issuelinks>
                            <issuelinktype id="10030">
                    <name>Reference</name>
                                                                <inwardlinks description="is related to">
                                        <issuelink>
            <issuekey id="13193472">WICKET-6602</issuekey>
        </issuelink>
                            </inwardlinks>
                                    </issuelinktype>
                    </issuelinks>
                <attachments>
                    </attachments>
                <subtasks>
                    </subtasks>
                <customfields>
                                                <customfield id="customfield_12310310" key="com.atlassian.jira.toolkit:attachments">
                        <customfieldname>Attachment count</customfieldname>
                        <customfieldvalues>
                            <customfieldvalue>0.0</customfieldvalue>
                        </customfieldvalues>
                    </customfield>
                                                                                                                                                                                                                                                                                                                                                                                                                                                                                                                                                                                                                    <customfield id="customfield_12310220" key="com.atlassian.jira.ext.charting:firstresponsedate">
                        <customfieldname>Date of First Response</customfieldname>
                        <customfieldvalues>
                            <customfieldvalue>Thu, 18 Jul 2019 10:03:32 +0000</customfieldvalue>

                        </customfieldvalues>
                    </customfield>
                                                                <customfield id="customfield_12314020" key="com.atlassian.jira.plugins.jira-development-integration-plugin:devsummary">
                        <customfieldname>Development</customfieldname>
                        <customfieldvalues>
                            
                        </customfieldvalues>
                    </customfield>
                                                                                                                        <customfield id="customfield_12313422" key="com.atlassian.jirafisheyeplugin:jobcheckbox">
                        <customfieldname>Enable Automatic Patch Review</customfieldname>
                        <customfieldvalues>
                            <customfieldvalue><![CDATA[false]]></customfieldvalue>

                        </customfieldvalues>
                    </customfield>
                                                                                                                                                                                                            <customfield id="customfield_12310250" key="com.atlassian.jira.plugin.system.customfieldtypes:multicheckboxes">
                        <customfieldname>Flags</customfieldname>
                        <customfieldvalues>
                                <customfieldvalue key="10431"><![CDATA[Important]]></customfieldvalue>
    
                        </customfieldvalues>
                    </customfield>
                                                                                                                                                                                                                                                                                                <customfield id="customfield_12310420" key="com.pyxis.greenhopper.jira:gh-global-rank">
                        <customfieldname>Global Rank</customfieldname>
                        <customfieldvalues>
                            <customfieldvalue>9223372036854775807</customfieldvalue>
                        </customfieldvalues>
                    </customfield>
                                                                                                                        <customfield id="customfield_12312521" key="com.atlassian.jira.toolkit:LastCommentDate">
                        <customfieldname>Last public comment date</customfieldname>
                        <customfieldvalues>
                            16 weeks, 2 days ago
                        </customfieldvalues>
                    </customfield>
                                                                                                                                                    <customfield id="customfield_12311820" key="com.pyxis.greenhopper.jira:gh-lexo-rank">
                        <customfieldname>Rank</customfieldname>
                        <customfieldvalues>
                            <customfieldvalue>0|z04heg:</customfieldvalue>

                        </customfieldvalues>
                    </customfield>
                                                                <customfield id="customfield_12310920" key="com.pyxis.greenhopper.jira:gh-global-rank">
                        <customfieldname>Rank (Obsolete)</customfieldname>
                        <customfieldvalues>
                            <customfieldvalue>9223372036854775807</customfieldvalue>
                        </customfieldvalues>
                    </customfield>
                                                                                                                                                                                                                                                                                                                                                        <customfield id="customfield_12310222" key="com.atlassian.jira.ext.charting:timeinstatus">
                        <customfieldname>Time in Status</customfieldname>
                        <customfieldvalues>
                            
                        </customfieldvalues>
                    </customfield>
                                                                </customfields>
    </item>
</channel>
</rss>