<!--
RSS generated by JIRA (8.3.4#803005-sha1:1f96e09b3c60279a408a2ae47be3c745f571388b) at Sun Feb 16 09:19:39 UTC 2020

It is possible to restrict the fields that are returned in this document by specifying the 'field' parameter in your request.
For example, to request only the issue key and summary append 'field=key&field=summary' to the URL of your request.
-->
<!-- If you wish to do custom client-side styling of RSS, uncomment this:
<?xml-stylesheet href="https://issues.apache.org/jira/styles/jiraxml2html.xsl" type="text/xsl"?>
-->
<rss version="0.92">
    <channel>
        <title>ASF JIRA</title>
        <link>https://issues.apache.org/jira/issues/?jql=project+%3D+WICKET+AND+issuetype+%3D+Bug+AND+created+%3E%3D+2019-12-01+AND+created+%3C%3D+2020-01-01</link>
        <description>An XML representation of a search request</description>
                <language>en-uk</language>
                        <issue start="0" end="4" total="4"/>
                <build-info>
            <version>8.3.4</version>
            <build-number>803005</build-number>
            <build-date>13-09-2019</build-date>
        </build-info>

<item>
            <title>[WICKET-6721] Container is already dequeing</title>
                <link>https://issues.apache.org/jira/browse/WICKET-6721</link>
                <project id="12310561" key="WICKET">Wicket</project>
                    <description>&lt;p&gt;Java Source&lt;/p&gt;

&lt;p&gt;package org.prescients.prescientdocwicket;&lt;/p&gt;

&lt;p&gt;import java.io.IOException;&lt;br/&gt;
import java.util.List;&lt;br/&gt;
import java.util.logging.Level;&lt;br/&gt;
import java.util.logging.Logger;&lt;br/&gt;
import javax.persistence.EntityManager;&lt;br/&gt;
import org.apache.wicket.markup.html.MarkupUtil;&lt;br/&gt;
import org.apache.wicket.markup.html.WebMarkupContainer;&lt;br/&gt;
import org.apache.wicket.markup.html.WebPage;&lt;br/&gt;
import org.apache.wicket.markup.html.basic.Label;&lt;br/&gt;
import org.apache.wicket.markup.html.form.DropDownChoice;&lt;br/&gt;
import org.apache.wicket.markup.html.form.Form;&lt;br/&gt;
import org.apache.wicket.markup.html.form.FormComponentUpdatingBehavior;&lt;br/&gt;
import org.apache.wicket.model.Model;&lt;br/&gt;
import org.apache.wicket.model.PropertyModel;&lt;/p&gt;

&lt;p&gt;/**&lt;br/&gt;
 *&lt;/p&gt;
&lt;ul&gt;
	&lt;li&gt;@author oyeso&lt;br/&gt;
 */&lt;/li&gt;
&lt;/ul&gt;



&lt;p&gt;public class PrescientHome extends PrescientTemplateOriginalPage {&lt;/p&gt;

&lt;p&gt; private Model&amp;lt;ZipManagedBean&amp;gt; zipManager;&lt;br/&gt;
 private Form occForm;&lt;/p&gt;

&lt;p&gt; private WebMarkupContainer tagFrame;&lt;br/&gt;
 private Login login;&lt;br/&gt;
 private Model&amp;lt;String&amp;gt; occupationListModel;&lt;br/&gt;
 private List &amp;lt;String&amp;gt; occupationList;&lt;br/&gt;
 private DropDownChoice&amp;lt;String&amp;gt; occupationChoices;&lt;br/&gt;
 public PrescientHome() &lt;/p&gt;
{
 super();
 
 
 
 }

&lt;p&gt;@Override&lt;br/&gt;
 protected void onInitialize() {&lt;br/&gt;
 super.onInitialize(); //To change body of generated methods, choose Tools | Templates.&lt;br/&gt;
 zipManager=Model.of(new ZipManagedBean());&lt;/p&gt;

&lt;p&gt; login=new Login();&lt;br/&gt;
 login.setResponsePage(Login.class);&lt;br/&gt;
 occupationListModel= new Model&amp;lt;&amp;gt;();&lt;br/&gt;
 occupationList=zipManager.getObject().getOccCode();&lt;br/&gt;
 occupationChoices=new DropDownChoice&amp;lt;&amp;gt;(&quot;occupationModel&quot;,occupationListModel, occupationList );&lt;/p&gt;


&lt;p&gt; occForm=new Form(&quot;occupationForm&quot;){&lt;br/&gt;
 @Override&lt;br/&gt;
 protected void onSubmit() &lt;/p&gt;
{
 super.onSubmit();&#160;
 }

&lt;p&gt; };&lt;br/&gt;
 occForm.add(occupationChoices);&lt;br/&gt;
 add(occForm);&lt;br/&gt;
 tagFrame=new WebMarkupContainer(&quot;TagFrame&quot;);&lt;br/&gt;
 tagFrame.add(login);&lt;br/&gt;
 add(tagFrame);&lt;/p&gt;

&lt;p&gt; }&lt;/p&gt;

&lt;p&gt;&#160;&lt;/p&gt;

&lt;p&gt;&#160;&lt;/p&gt;

&lt;p&gt;&#160;&lt;/p&gt;



&lt;p&gt;}&lt;/p&gt;

&lt;p&gt;&#160;&lt;/p&gt;

&lt;p&gt;&#160;&lt;/p&gt;

&lt;p&gt;HTML Source&lt;/p&gt;

&lt;p&gt;&amp;lt;!DOCTYPE html&amp;gt;&lt;br/&gt;
&amp;lt;!--&lt;br/&gt;
--&amp;gt;&lt;br/&gt;
&amp;lt;html&amp;gt;&lt;br/&gt;
 &amp;lt;head&amp;gt;&lt;br/&gt;
 &amp;lt;title&amp;gt;TODO supply a title&amp;lt;/title&amp;gt;&lt;br/&gt;
 &amp;lt;meta charset=&quot;UTF-8&quot;&amp;gt;&lt;br/&gt;
 &amp;lt;meta name=&quot;viewport&quot; content=&quot;width=device-width, initial-scale=1.0&quot;&amp;gt;&lt;br/&gt;
 &amp;lt;/head&amp;gt;&lt;br/&gt;
 &amp;lt;body&amp;gt;&lt;br/&gt;
 &amp;lt;wicket:extend&amp;gt;&lt;br/&gt;
 &amp;lt;div wicket:id=&quot;TagFrame&quot;&amp;gt;&lt;/p&gt;

&lt;p&gt; &amp;lt;/div&amp;gt;&lt;br/&gt;
 &amp;lt;div&amp;gt;&lt;br/&gt;
 &amp;lt;form id=&quot;occupationForm&quot;&amp;gt; &lt;/p&gt;

&lt;p&gt; &amp;lt;span&amp;gt; Doctors : &amp;lt;/span&amp;gt;&lt;br/&gt;
 &amp;lt;select name=&quot;occModel&quot; wicket:id=&quot;:occupationModel&quot;&amp;gt; &lt;br/&gt;
 &amp;lt;option selected=&quot;selected&quot;&amp;gt;Choose one&amp;lt;/option&amp;gt;&lt;br/&gt;
 &amp;lt;option value=&quot;0&quot;&amp;gt;Physician&amp;lt;/option&amp;gt;&lt;br/&gt;
 &amp;lt;option value=&quot;1&quot;&amp;gt;Dentist&amp;lt;/option&amp;gt;&lt;br/&gt;
 &amp;lt;option value=&quot;2&quot;&amp;gt;Optometrist&amp;lt;/option&amp;gt;&lt;br/&gt;
 &amp;lt;/select&amp;gt;&lt;br/&gt;
 &amp;lt;input type=&quot;submit&quot; value=&quot;Submit&quot; /&amp;gt;. &lt;br/&gt;
 &amp;lt;/form&amp;gt; &lt;br/&gt;
 &amp;lt;/div&amp;gt;&lt;br/&gt;
 &amp;lt;/wicket:extend&amp;gt;&lt;br/&gt;
 &amp;lt;/body&amp;gt;&lt;br/&gt;
&amp;lt;/html&amp;gt;&lt;br/&gt;
&#160;&lt;br/&gt;
&#160;&lt;br/&gt;
The error displayed below.&#160;&lt;br/&gt;
&#160;&lt;br/&gt;
&#160;&lt;br/&gt;
&#160; java.lang.IllegalStateException: This container is already dequeing: &lt;span class=&quot;error&quot;&gt;&amp;#91;Page class = org.prescients.prescientdocwicket.PrescientHome, id = 0, render count = 0&amp;#93;&lt;/span&gt;&#160; java.lang.IllegalStateException: This container is already dequeing: &lt;span class=&quot;error&quot;&gt;&amp;#91;Page class = org.prescients.prescientdocwicket.PrescientHome, id = 0, render count = 0&amp;#93;&lt;/span&gt; at org.apache.wicket.MarkupContainer.dequeuePreamble(MarkupContainer.java:1918) at org.apache.wicket.MarkupContainer.dequeue(MarkupContainer.java:1856) at org.apache.wicket.MarkupContainer.dequeueChild(MarkupContainer.java:2018) at org.apache.wicket.MarkupContainer.dequeue(MarkupContainer.java:1983) at org.apache.wicket.MarkupContainer.dequeuePreamble(MarkupContainer.java:1931) at org.apache.wicket.MarkupContainer.dequeue(MarkupContainer.java:1856) at org.apache.wicket.MarkupContainer.onInitialize(MarkupContainer.java:1887) at org.apache.wicket.Page.onInitialize(Page.java:298) at org.prescients.prescientdocwicket.PrescientTemplateOriginalPage.onInitialize(PrescientTemplateOriginalPage.java:36) at org.prescients.prescientdocwicket.PrescientHome.onInitialize(PrescientHome.java:48)&lt;/p&gt;</description>
                <environment>Noted I use a Payara application server on Windows 10</environment>
        <key id="13276383">WICKET-6721</key>
            <summary>Container is already dequeing</summary>
                <type id="1" iconUrl="https://issues.apache.org/jira/secure/viewavatar?size=xsmall&amp;avatarId=21133&amp;avatarType=issuetype">Bug</type>
                                            <priority id="3" iconUrl="https://issues.apache.org/jira/images/icons/priorities/major.svg">Major</priority>
                        <status id="6" iconUrl="https://issues.apache.org/jira/images/icons/statuses/closed.png" description="The issue is considered finished, the resolution is correct. Issues which are not closed can be reopened.">Closed</status>
                    <statusCategory id="3" key="done" colorName="green"/>
                                    <resolution id="8">Not A Problem</resolution>
                                        <assignee username="-1">Unassigned</assignee>
                                    <reporter username="LSomefun">Lanre oye-somefun</reporter>
                        <labels>
                    </labels>
                <created>Wed, 25 Dec 2019 21:04:27 +0000</created>
                <updated>Mon, 30 Dec 2019 06:37:34 +0000</updated>
                            <resolved>Mon, 30 Dec 2019 06:37:28 +0000</resolved>
                                                                        <due></due>
                            <votes>0</votes>
                                    <watches>2</watches>
                                                                <comments>
                            <comment id="17004056" author="mgrigorov" created="Fri, 27 Dec 2019 10:02:15 +0000"  >&lt;p&gt;Please create a proper application that we can run and debug the error. Use &lt;a href=&quot;https://wicket.apache.org/start/quickstart.html&quot; class=&quot;external-link&quot; rel=&quot;nofollow&quot;&gt;https://wicket.apache.org/start/quickstart.html&lt;/a&gt; . Thank you!&lt;/p&gt;</comment>
                            <comment id="17004396" author="lsomefun" created="Sat, 28 Dec 2019 06:19:34 +0000"  >&lt;p&gt;Added a simple version of my application for your review to debug. Thank you for your quick response&lt;/p&gt;</comment>
                            <comment id="17004459" author="mgrigorov" created="Sat, 28 Dec 2019 11:16:11 +0000"  >&lt;p&gt;Could you please attach the whole application as a .zip ?&lt;/p&gt;</comment>
                            <comment id="17004486" author="lsomefun" created="Sat, 28 Dec 2019 13:51:55 +0000"  >&lt;p&gt;Just uploaded the file as bug.zip. Thank you.&lt;/p&gt;</comment>
                            <comment id="17005097" author="lsomefun" created="Mon, 30 Dec 2019 02:41:09 +0000"  >&lt;p&gt;I was able to resolve it. The problem was&#160;&amp;lt;form id=&quot;occupationForm&quot;&amp;gt;&#160; &#160;needed to be&#160;&amp;lt;form&#160; wicket:id=&quot;occupationForm&quot;&amp;gt; . Please could the issue be closed.&lt;/p&gt;</comment>
                    </comments>
                    <attachments>
                            <attachment id="12989577" name="FooterPanel.html" size="918" author="LSomefun" created="Sat, 28 Dec 2019 06:14:25 +0000"/>
                            <attachment id="12989578" name="FooterPanel.java" size="582" author="LSomefun" created="Sat, 28 Dec 2019 06:14:25 +0000"/>
                            <attachment id="12989579" name="HeaderPanel.html" size="952" author="LSomefun" created="Sat, 28 Dec 2019 06:14:25 +0000"/>
                            <attachment id="12989580" name="HeaderPanel.java" size="890" author="LSomefun" created="Sat, 28 Dec 2019 06:14:25 +0000"/>
                            <attachment id="12989581" name="HomePage.html" size="2379" author="LSomefun" created="Sat, 28 Dec 2019 06:14:25 +0000"/>
                            <attachment id="12989582" name="HomePage.java" size="505" author="LSomefun" created="Sat, 28 Dec 2019 06:14:25 +0000"/>
                            <attachment id="12989583" name="PrecientApplication.java" size="1157" author="LSomefun" created="Sat, 28 Dec 2019 06:14:25 +0000"/>
                            <attachment id="12989584" name="PrescientHome.html" size="1305" author="LSomefun" created="Sat, 28 Dec 2019 06:14:25 +0000"/>
                            <attachment id="12989585" name="PrescientHome.java" size="1893" author="LSomefun" created="Sat, 28 Dec 2019 06:14:25 +0000"/>
                            <attachment id="12989586" name="PrescientTemplateOriginalPage.html" size="931" author="LSomefun" created="Sat, 28 Dec 2019 06:14:25 +0000"/>
                            <attachment id="12989587" name="PrescientTemplateOriginalPage.java" size="1069" author="LSomefun" created="Sat, 28 Dec 2019 06:14:25 +0000"/>
                            <attachment id="12989592" name="Start.java" size="3796" author="LSomefun" created="Sat, 28 Dec 2019 06:17:38 +0000"/>
                            <attachment id="12989593" name="TestHomePage.java" size="560" author="LSomefun" created="Sat, 28 Dec 2019 06:17:38 +0000"/>
                            <attachment id="12989588" name="ZipManagedBean.java" size="1689" author="LSomefun" created="Sat, 28 Dec 2019 06:14:25 +0000"/>
                            <attachment id="12989605" name="bug.zip" size="7215502" author="LSomefun" created="Sat, 28 Dec 2019 13:50:58 +0000"/>
                            <attachment id="12989591" name="myproject-1.0-SNAPSHOT.war" size="3574742" author="LSomefun" created="Sat, 28 Dec 2019 06:16:58 +0000"/>
                            <attachment id="12989590" name="pom.xml" size="5991" author="LSomefun" created="Sat, 28 Dec 2019 06:15:16 +0000"/>
                            <attachment id="12989589" name="web.xml" size="1192" author="LSomefun" created="Sat, 28 Dec 2019 06:14:54 +0000"/>
                    </attachments>
                <subtasks>
                    </subtasks>
                <customfields>
                                                                            <customfield id="customfield_12310310" key="com.atlassian.jira.toolkit:attachments">
                        <customfieldname>Attachment count</customfieldname>
                        <customfieldvalues>
                            <customfieldvalue>18.0</customfieldvalue>
                        </customfieldvalues>
                    </customfield>
                                                                                                                                                                                                                                                                                                                                                                                                                                                                                                                                                                                                                                                                                                        <customfield id="customfield_12310220" key="com.atlassian.jira.ext.charting:firstresponsedate">
                        <customfieldname>Date of First Response</customfieldname>
                        <customfieldvalues>
                            <customfieldvalue>Fri, 27 Dec 2019 10:02:15 +0000</customfieldvalue>

                        </customfieldvalues>
                    </customfield>
                                                                <customfield id="customfield_12314020" key="com.atlassian.jira.plugins.jira-development-integration-plugin:devsummary">
                        <customfieldname>Development</customfieldname>
                        <customfieldvalues>
                            
                        </customfieldvalues>
                    </customfield>
                                                                                                                        <customfield id="customfield_12313422" key="com.atlassian.jirafisheyeplugin:jobcheckbox">
                        <customfieldname>Enable Automatic Patch Review</customfieldname>
                        <customfieldvalues>
                            <customfieldvalue><![CDATA[false]]></customfieldvalue>

                        </customfieldvalues>
                    </customfield>
                                                                                                                                                                                                                                                                                                                                                                                                                                                                                                                                                                                                                    <customfield id="customfield_12310420" key="com.pyxis.greenhopper.jira:gh-global-rank">
                        <customfieldname>Global Rank</customfieldname>
                        <customfieldvalues>
                            <customfieldvalue>9223372036854775807</customfieldvalue>
                        </customfieldvalues>
                    </customfield>
                                                                                                                                                                                                            <customfield id="customfield_12312521" key="com.atlassian.jira.toolkit:LastCommentDate">
                        <customfieldname>Last public comment date</customfieldname>
                        <customfieldvalues>
                            6 weeks, 6 days ago
                        </customfieldvalues>
                    </customfield>
                                                                                                                                                                                                            <customfield id="customfield_12311820" key="com.pyxis.greenhopper.jira:gh-lexo-rank">
                        <customfieldname>Rank</customfieldname>
                        <customfieldvalues>
                            <customfieldvalue>0|z09zuo:</customfieldvalue>

                        </customfieldvalues>
                    </customfield>
                                                                <customfield id="customfield_12310920" key="com.pyxis.greenhopper.jira:gh-global-rank">
                        <customfieldname>Rank (Obsolete)</customfieldname>
                        <customfieldvalues>
                            <customfieldvalue>9223372036854775807</customfieldvalue>
                        </customfieldvalues>
                    </customfield>
                                                                                                                                                                                                                                                                                                                                                                                                                                                                                                                                                                                                                                                                            <customfield id="customfield_12310222" key="com.atlassian.jira.ext.charting:timeinstatus">
                        <customfieldname>Time in Status</customfieldname>
                        <customfieldvalues>
                            
                        </customfieldvalues>
                    </customfield>
                                                                                            </customfields>
    </item>


<item>
            <title>[WICKET-6719] getPage() on replaced Panel</title>
                <link>https://issues.apache.org/jira/browse/WICKET-6719</link>
                <project id="12310561" key="WICKET">Wicket</project>
                    <description>&lt;p&gt;Hi, im not sure if this is a bug or a feature. Ive made simple quickstart demonstrating this issue.&lt;br/&gt;
Ive made, on which i call getPage(), everything works fine, but when i replace this panel and call getPage(), i get exception (&quot;No page found..&quot;).&lt;/p&gt;

&lt;p&gt;I know panel after replacing is excluded from DOM, but shouldnt the second getPage() call be called on new replaced panel?&lt;br/&gt;
if this is not a bug, could point to right direction solving this?&lt;/p&gt;</description>
                <environment></environment>
        <key id="13275435">WICKET-6719</key>
            <summary>getPage() on replaced Panel</summary>
                <type id="1" iconUrl="https://issues.apache.org/jira/secure/viewavatar?size=xsmall&amp;avatarId=21133&amp;avatarType=issuetype">Bug</type>
                                            <priority id="3" iconUrl="https://issues.apache.org/jira/images/icons/priorities/major.svg">Major</priority>
                        <status id="5" iconUrl="https://issues.apache.org/jira/images/icons/statuses/resolved.png" description="A resolution has been taken, and it is awaiting verification by reporter. From here issues are either reopened, or are closed.">Resolved</status>
                    <statusCategory id="3" key="done" colorName="green"/>
                                    <resolution id="6">Invalid</resolution>
                                        <assignee username="svenmeier">Sven Meier</assignee>
                                    <reporter username="n0n0t">Matus</reporter>
                        <labels>
                    </labels>
                <created>Thu, 19 Dec 2019 08:06:14 +0000</created>
                <updated>Thu, 19 Dec 2019 09:02:50 +0000</updated>
                            <resolved>Thu, 19 Dec 2019 09:02:50 +0000</resolved>
                                    <version>8.6.1</version>
                                                    <component>wicket-core</component>
                        <due></due>
                            <votes>0</votes>
                                    <watches>1</watches>
                                                                <comments>
                            <comment id="16999861" author="svenmeier" created="Thu, 19 Dec 2019 09:02:50 +0000"  >&lt;p&gt;Your AjaxLink is inside the MyPanel, that was just removed.&lt;/p&gt;

&lt;p&gt;Of course calling getPage() will fail afterwards.&lt;/p&gt;

&lt;p&gt;Please use the mailing list for such questions, thank you!&lt;/p&gt;</comment>
                    </comments>
                    <attachments>
                            <attachment id="12989172" name="getpage.zip" size="56338" author="n0n0t" created="Thu, 19 Dec 2019 07:48:03 +0000"/>
                    </attachments>
                <subtasks>
                    </subtasks>
                <customfields>
                                                                            <customfield id="customfield_12310310" key="com.atlassian.jira.toolkit:attachments">
                        <customfieldname>Attachment count</customfieldname>
                        <customfieldvalues>
                            <customfieldvalue>1.0</customfieldvalue>
                        </customfieldvalues>
                    </customfield>
                                                                                                                                                                                                                                                                                                                                                                                                                                                                                                                                                                                                                                                                                                        <customfield id="customfield_12310220" key="com.atlassian.jira.ext.charting:firstresponsedate">
                        <customfieldname>Date of First Response</customfieldname>
                        <customfieldvalues>
                            <customfieldvalue>Thu, 19 Dec 2019 09:02:50 +0000</customfieldvalue>

                        </customfieldvalues>
                    </customfield>
                                                                <customfield id="customfield_12314020" key="com.atlassian.jira.plugins.jira-development-integration-plugin:devsummary">
                        <customfieldname>Development</customfieldname>
                        <customfieldvalues>
                            
                        </customfieldvalues>
                    </customfield>
                                                                                                                        <customfield id="customfield_12313422" key="com.atlassian.jirafisheyeplugin:jobcheckbox">
                        <customfieldname>Enable Automatic Patch Review</customfieldname>
                        <customfieldvalues>
                            <customfieldvalue><![CDATA[false]]></customfieldvalue>

                        </customfieldvalues>
                    </customfield>
                                                                                                                                                                                                                                                                                                                                                                                                                                                                                                                                                                                                                    <customfield id="customfield_12310420" key="com.pyxis.greenhopper.jira:gh-global-rank">
                        <customfieldname>Global Rank</customfieldname>
                        <customfieldvalues>
                            <customfieldvalue>9223372036854775807</customfieldvalue>
                        </customfieldvalues>
                    </customfield>
                                                                                                                                                                                                            <customfield id="customfield_12312521" key="com.atlassian.jira.toolkit:LastCommentDate">
                        <customfieldname>Last public comment date</customfieldname>
                        <customfieldvalues>
                            8 weeks, 3 days ago
                        </customfieldvalues>
                    </customfield>
                                                                                                                                                                                                            <customfield id="customfield_12311820" key="com.pyxis.greenhopper.jira:gh-lexo-rank">
                        <customfieldname>Rank</customfieldname>
                        <customfieldvalues>
                            <customfieldvalue>0|z09u00:</customfieldvalue>

                        </customfieldvalues>
                    </customfield>
                                                                <customfield id="customfield_12310920" key="com.pyxis.greenhopper.jira:gh-global-rank">
                        <customfieldname>Rank (Obsolete)</customfieldname>
                        <customfieldvalues>
                            <customfieldvalue>9223372036854775807</customfieldvalue>
                        </customfieldvalues>
                    </customfield>
                                                                                                                                                                                                                                                                                                                                                                                                                                                                                                                                                                                                                                                                            <customfield id="customfield_12310222" key="com.atlassian.jira.ext.charting:timeinstatus">
                        <customfieldname>Time in Status</customfieldname>
                        <customfieldvalues>
                            
                        </customfieldvalues>
                    </customfield>
                                                                                            </customfields>
    </item>


<item>
            <title>[WICKET-6717] Automatic-Module-Name should be valid Java identifier</title>
                <link>https://issues.apache.org/jira/browse/WICKET-6717</link>
                <project id="12310561" key="WICKET">Wicket</project>
                    <description>&lt;p&gt;Automatic-Module-Name should be valid Java identifier&lt;br/&gt;
Right now following name need to be changed:&lt;/p&gt;

&lt;p&gt;org.apache.wicket.auth-roles&lt;br/&gt;
org.apache.wicket.bean-validation&lt;br/&gt;
org.apache.wicket.native-websocket.javax&lt;br/&gt;
org.apache.wicket.native-websocket.core&lt;/p&gt;</description>
                <environment></environment>
        <key id="13274677">WICKET-6717</key>
            <summary>Automatic-Module-Name should be valid Java identifier</summary>
                <type id="1" iconUrl="https://issues.apache.org/jira/secure/viewavatar?size=xsmall&amp;avatarId=21133&amp;avatarType=issuetype">Bug</type>
                                            <priority id="3" iconUrl="https://issues.apache.org/jira/images/icons/priorities/major.svg">Major</priority>
                        <status id="5" iconUrl="https://issues.apache.org/jira/images/icons/statuses/resolved.png" description="A resolution has been taken, and it is awaiting verification by reporter. From here issues are either reopened, or are closed.">Resolved</status>
                    <statusCategory id="3" key="done" colorName="green"/>
                                    <resolution id="1">Fixed</resolution>
                                        <assignee username="solomax">Maxim Solodovnik</assignee>
                                    <reporter username="solomax">Maxim Solodovnik</reporter>
                        <labels>
                    </labels>
                <created>Mon, 16 Dec 2019 05:04:16 +0000</created>
                <updated>Thu, 19 Dec 2019 15:18:31 +0000</updated>
                            <resolved>Mon, 16 Dec 2019 11:16:39 +0000</resolved>
                                    <version>9.0.0-M3</version>
                                    <fixVersion>9.0.0-M4</fixVersion>
                                    <component>wicket</component>
                    <component>wicket-auth-roles</component>
                    <component>wicket-bean-validation</component>
                    <component>wicket-native-websocket</component>
                        <due></due>
                            <votes>0</votes>
                                    <watches>2</watches>
                                                                <comments>
                            <comment id="16997180" author="jira-bot" created="Mon, 16 Dec 2019 11:16:25 +0000"  >&lt;p&gt;Commit a83f4a7daf5c33fa7bd91a811cf79e75da2aff45 in wicket&apos;s branch refs/heads/master from Maxim Solodovnik&lt;br/&gt;
[ &lt;a href=&quot;https://gitbox.apache.org/repos/asf?p=wicket.git;h=a83f4a7&quot; class=&quot;external-link&quot; rel=&quot;nofollow&quot;&gt;https://gitbox.apache.org/repos/asf?p=wicket.git;h=a83f4a7&lt;/a&gt; ]&lt;/p&gt;

&lt;p&gt;&lt;a href=&quot;https://issues.apache.org/jira/browse/WICKET-6717&quot; title=&quot;Automatic-Module-Name should be valid Java identifier&quot; class=&quot;issue-link&quot; data-issue-key=&quot;WICKET-6717&quot;&gt;&lt;del&gt;WICKET-6717&lt;/del&gt;&lt;/a&gt; automatic module names are renamed according to java naming convention&lt;/p&gt;</comment>
                            <comment id="17000132" author="jira-bot" created="Thu, 19 Dec 2019 15:18:31 +0000"  >&lt;p&gt;Commit cf41c1cad393c424c205d4b4c9c3336fa2a1e72b in wicket&apos;s branch refs/heads/master from Maxim Solodovnik&lt;br/&gt;
[ &lt;a href=&quot;https://gitbox.apache.org/repos/asf?p=wicket.git;h=cf41c1c&quot; class=&quot;external-link&quot; rel=&quot;nofollow&quot;&gt;https://gitbox.apache.org/repos/asf?p=wicket.git;h=cf41c1c&lt;/a&gt; ]&lt;/p&gt;

&lt;p&gt;&lt;a href=&quot;https://issues.apache.org/jira/browse/WICKET-6717&quot; title=&quot;Automatic-Module-Name should be valid Java identifier&quot; class=&quot;issue-link&quot; data-issue-key=&quot;WICKET-6717&quot;&gt;&lt;del&gt;WICKET-6717&lt;/del&gt;&lt;/a&gt; &apos;native&apos; seems to be reserved word&lt;/p&gt;</comment>
                    </comments>
                    <attachments>
                    </attachments>
                <subtasks>
                    </subtasks>
                <customfields>
                                                                            <customfield id="customfield_12310310" key="com.atlassian.jira.toolkit:attachments">
                        <customfieldname>Attachment count</customfieldname>
                        <customfieldvalues>
                            <customfieldvalue>0.0</customfieldvalue>
                        </customfieldvalues>
                    </customfield>
                                                                                                                                                                                                                                                                                                                                                                                                                                                                                                                                                                                                                                                                                                        <customfield id="customfield_12310220" key="com.atlassian.jira.ext.charting:firstresponsedate">
                        <customfieldname>Date of First Response</customfieldname>
                        <customfieldvalues>
                            <customfieldvalue>Mon, 16 Dec 2019 11:16:25 +0000</customfieldvalue>

                        </customfieldvalues>
                    </customfield>
                                                                <customfield id="customfield_12314020" key="com.atlassian.jira.plugins.jira-development-integration-plugin:devsummary">
                        <customfieldname>Development</customfieldname>
                        <customfieldvalues>
                            
                        </customfieldvalues>
                    </customfield>
                                                                                                                        <customfield id="customfield_12313422" key="com.atlassian.jirafisheyeplugin:jobcheckbox">
                        <customfieldname>Enable Automatic Patch Review</customfieldname>
                        <customfieldvalues>
                            <customfieldvalue><![CDATA[false]]></customfieldvalue>

                        </customfieldvalues>
                    </customfield>
                                                                                                                                                                                                                                                                                                                                                                                                                                                                                                                                                                                                                    <customfield id="customfield_12310420" key="com.pyxis.greenhopper.jira:gh-global-rank">
                        <customfieldname>Global Rank</customfieldname>
                        <customfieldvalues>
                            <customfieldvalue>9223372036854775807</customfieldvalue>
                        </customfieldvalues>
                    </customfield>
                                                                                                                                                                                                            <customfield id="customfield_12312521" key="com.atlassian.jira.toolkit:LastCommentDate">
                        <customfieldname>Last public comment date</customfieldname>
                        <customfieldvalues>
                            8 weeks, 2 days ago
                        </customfieldvalues>
                    </customfield>
                                                                                                                                                                                                            <customfield id="customfield_12311820" key="com.pyxis.greenhopper.jira:gh-lexo-rank">
                        <customfieldname>Rank</customfieldname>
                        <customfieldvalues>
                            <customfieldvalue>0|z09pbk:</customfieldvalue>

                        </customfieldvalues>
                    </customfield>
                                                                <customfield id="customfield_12310920" key="com.pyxis.greenhopper.jira:gh-global-rank">
                        <customfieldname>Rank (Obsolete)</customfieldname>
                        <customfieldvalues>
                            <customfieldvalue>9223372036854775807</customfieldvalue>
                        </customfieldvalues>
                    </customfield>
                                                                                                                                                                                                                                                                                                                                                                                                                                                                                                                                                                                                                                                                            <customfield id="customfield_12310222" key="com.atlassian.jira.ext.charting:timeinstatus">
                        <customfieldname>Time in Status</customfieldname>
                        <customfieldvalues>
                            
                        </customfieldvalues>
                    </customfield>
                                                                                            </customfields>
    </item>


<item>
            <title>[WICKET-6715] FileUpload class should not  implement IClusterable</title>
                <link>https://issues.apache.org/jira/browse/WICKET-6715</link>
                <project id="12310561" key="WICKET">Wicket</project>
                    <description>&lt;p&gt;&lt;font color=&quot;#222222&quot;&gt;FileUpload class still implements IClusterable but it contains a field of type FileItem: which is no longer Serializable, Drop IClusterable.&lt;/font&gt;&lt;/p&gt;</description>
                <environment></environment>
        <key id="13272153">WICKET-6715</key>
            <summary>FileUpload class should not  implement IClusterable</summary>
                <type id="1" iconUrl="https://issues.apache.org/jira/secure/viewavatar?size=xsmall&amp;avatarId=21133&amp;avatarType=issuetype">Bug</type>
                                            <priority id="5" iconUrl="https://issues.apache.org/jira/images/icons/priorities/trivial.svg">Trivial</priority>
                        <status id="1" iconUrl="https://issues.apache.org/jira/images/icons/statuses/open.png" description="The issue is open and ready for the assignee to start work on it.">Open</status>
                    <statusCategory id="2" key="new" colorName="blue-gray"/>
                                    <resolution id="-1">Unresolved</resolution>
                                        <assignee username="-1">Unassigned</assignee>
                                    <reporter username="reiern70">Ernesto Reinaldo Barreiro</reporter>
                        <labels>
                    </labels>
                <created>Wed, 4 Dec 2019 08:47:58 +0000</created>
                <updated>Wed, 4 Dec 2019 17:44:59 +0000</updated>
                                            <version>8.6.1</version>
                    <version>9.0.0-M3</version>
                                                    <component>wicket</component>
                        <due></due>
                            <votes>0</votes>
                                    <watches>2</watches>
                                                                <comments>
                            <comment id="16988041" author="jira-bot" created="Wed, 4 Dec 2019 17:44:59 +0000"  >&lt;p&gt;Commit 2248fa439145171e56c52dd914e6c6e7b9eed464 in wicket&apos;s branch refs/heads/master from reiern70&lt;br/&gt;
[ &lt;a href=&quot;https://gitbox.apache.org/repos/asf?p=wicket.git;h=2248fa4&quot; class=&quot;external-link&quot; rel=&quot;nofollow&quot;&gt;https://gitbox.apache.org/repos/asf?p=wicket.git;h=2248fa4&lt;/a&gt; ]&lt;/p&gt;

&lt;p&gt;&lt;a href=&quot;https://issues.apache.org/jira/browse/WICKET-6715&quot; title=&quot;FileUpload class should not  implement IClusterable&quot; class=&quot;issue-link&quot; data-issue-key=&quot;WICKET-6715&quot;&gt;WICKET-6715&lt;/a&gt; FileUpload should not implement IClusterable as class is not longer Serializable&lt;/p&gt;</comment>
                    </comments>
                    <attachments>
                    </attachments>
                <subtasks>
                    </subtasks>
                <customfields>
                                                                            <customfield id="customfield_12310310" key="com.atlassian.jira.toolkit:attachments">
                        <customfieldname>Attachment count</customfieldname>
                        <customfieldvalues>
                            <customfieldvalue>0.0</customfieldvalue>
                        </customfieldvalues>
                    </customfield>
                                                                                                                                                                                                                                                                                                                                                                                                                                                                                                                                                                                                                                                                                                        <customfield id="customfield_12310220" key="com.atlassian.jira.ext.charting:firstresponsedate">
                        <customfieldname>Date of First Response</customfieldname>
                        <customfieldvalues>
                            <customfieldvalue>Wed, 4 Dec 2019 17:44:59 +0000</customfieldvalue>

                        </customfieldvalues>
                    </customfield>
                                                                <customfield id="customfield_12314020" key="com.atlassian.jira.plugins.jira-development-integration-plugin:devsummary">
                        <customfieldname>Development</customfieldname>
                        <customfieldvalues>
                            
                        </customfieldvalues>
                    </customfield>
                                                                                                                        <customfield id="customfield_12313422" key="com.atlassian.jirafisheyeplugin:jobcheckbox">
                        <customfieldname>Enable Automatic Patch Review</customfieldname>
                        <customfieldvalues>
                            <customfieldvalue><![CDATA[false]]></customfieldvalue>

                        </customfieldvalues>
                    </customfield>
                                                                                                                                                                                                                                                                                                                                                                                                                                                                                                                                                                                                                    <customfield id="customfield_12310420" key="com.pyxis.greenhopper.jira:gh-global-rank">
                        <customfieldname>Global Rank</customfieldname>
                        <customfieldvalues>
                            <customfieldvalue>9223372036854775807</customfieldvalue>
                        </customfieldvalues>
                    </customfield>
                                                                                                                                                                                                            <customfield id="customfield_12312521" key="com.atlassian.jira.toolkit:LastCommentDate">
                        <customfieldname>Last public comment date</customfieldname>
                        <customfieldvalues>
                            10 weeks, 3 days ago
                        </customfieldvalues>
                    </customfield>
                                                                                                                                                                                                            <customfield id="customfield_12311820" key="com.pyxis.greenhopper.jira:gh-lexo-rank">
                        <customfieldname>Rank</customfieldname>
                        <customfieldvalues>
                            <customfieldvalue>0|z099qg:</customfieldvalue>

                        </customfieldvalues>
                    </customfield>
                                                                <customfield id="customfield_12310920" key="com.pyxis.greenhopper.jira:gh-global-rank">
                        <customfieldname>Rank (Obsolete)</customfieldname>
                        <customfieldvalues>
                            <customfieldvalue>9223372036854775807</customfieldvalue>
                        </customfieldvalues>
                    </customfield>
                                                                                                                                                                                                                                                                                                                                                                                                                                                                                                                                                                                                                                                                                                                                    </customfields>
    </item>
</channel>
</rss>