<!--
RSS generated by JIRA (7.6.3#76005-sha1:8a4e38d34af948780dbf52044e7aafb13a7cae58) at Mon Apr 08 11:27:33 UTC 2019

It is possible to restrict the fields that are returned in this document by specifying the 'field' parameter in your request.
For example, to request only the issue key and summary append 'field=key&field=summary' to the URL of your request.
-->
<!-- If you wish to do custom client-side styling of RSS, uncomment this:
<?xml-stylesheet href="https://issues.apache.org/jira/styles/jiraxml2html.xsl" type="text/xsl"?>
-->
<rss version="0.92">
    <channel>
        <title>ASF JIRA</title>
        <link>https://issues.apache.org/jira/issues/?jql=project+%3D+WICKET+AND+issuetype+%3D+Bug+AND+created+%3E%3D+2019-03-01+AND+created+%3C%3D+2019-04-01</link>
        <description>An XML representation of a search request</description>
                <language>en-uk</language>
                        <issue start="0" end="2" total="2"/>
                <build-info>
            <version>7.6.3</version>
            <build-number>76005</build-number>
            <build-date>09-01-2018</build-date>
        </build-info>

<item>
            <title>[WICKET-6645] Concurrent web socket response message processing on the client</title>
                <link>https://issues.apache.org/jira/browse/WICKET-6645</link>
                <project id="12310561" key="WICKET">Wicket</project>
                    <description>&lt;p&gt;In some circumstances it is possible that the order in which WebSocketProcesses are getting processed causes trouble.&lt;/p&gt;

&lt;p&gt;In our case we have multiple items using a JS resource on a page. Each item has its own thread for WebSockets. The first arriving thread starts loading the JS, the next one may arrive before the resource has been loaded completely but will act like it is and call undefined functions. So the problem is the paralell processing where a resource is mistaken to be available.&lt;/p&gt;

&lt;p&gt;I created a quickstart to reproduce the error, overriding the default WebSocketPushMessageExecuter, WebSocketPushMessage and implemented a Runnable. The page will try to load two images, executing a JS setting the src to a base64 encoded wicket logo (to increase size of the resource). One of the images will be displayed, the other one will fail to load. After it has been loaded, refreshing the site may result in both images beeing displayed, depending on your browser settings.&lt;/p&gt;

&lt;p&gt;A workaround to make this work would be to use the Wicket.channelManager schedule to process. I provided the changed wicket-websocket-jquery.js where it is implemented. I had to pull the FunctionsExecuter into this file, because access in wicket-ajax-jquery.js is private.&lt;/p&gt;

&lt;p&gt;I reproduced it for wicket 7.12.0 but it doesn&apos;t seem like this has been touched since then, so this might (or should) affect all versions since then.&lt;/p&gt;</description>
                <environment></environment>
        <key id="13220843">WICKET-6645</key>
            <summary>Concurrent web socket response message processing on the client</summary>
                <type id="1" iconUrl="https://issues.apache.org/jira/secure/viewavatar?size=xsmall&amp;avatarId=21133&amp;avatarType=issuetype">Bug</type>
                                            <priority id="3" iconUrl="https://issues.apache.org/jira/images/icons/priorities/major.svg">Major</priority>
                        <status id="5" iconUrl="https://issues.apache.org/jira/images/icons/statuses/resolved.png" description="A resolution has been taken, and it is awaiting verification by reporter. From here issues are either reopened, or are closed.">Resolved</status>
                    <statusCategory id="3" key="done" colorName="green"/>
                                    <resolution id="1">Fixed</resolution>
                                        <assignee username="mgrigorov">Martin Grigorov</assignee>
                                    <reporter username="m_johnson">Marc Johnson</reporter>
                        <labels>
                    </labels>
                <created>Mon, 11 Mar 2019 13:11:02 +0000</created>
                <updated>Fri, 15 Mar 2019 07:22:12 +0000</updated>
                            <resolved>Fri, 15 Mar 2019 07:21:53 +0000</resolved>
                                    <version>7.12.0</version>
                                    <fixVersion>9.0.0</fixVersion>
                    <fixVersion>8.4.0</fixVersion>
                    <fixVersion>7.13.0</fixVersion>
                                    <component>wicket-native-websocket</component>
                        <due></due>
                            <votes>0</votes>
                                    <watches>2</watches>
                                                                <comments>
                            <comment id="16793374" author="jira-bot" created="Fri, 15 Mar 2019 06:52:34 +0000"  >&lt;p&gt;Commit 17e8451b1440f16163dd3cf7a0a5ffefe89b9ff9 in wicket&apos;s branch refs/heads/wicket-7.x from Martin Tzvetanov Grigorov&lt;br/&gt;
[ &lt;a href=&quot;https://gitbox.apache.org/repos/asf?p=wicket.git;h=17e8451&quot; class=&quot;external-link&quot; rel=&quot;nofollow&quot;&gt;https://gitbox.apache.org/repos/asf?p=wicket.git;h=17e8451&lt;/a&gt; ]&lt;/p&gt;

&lt;p&gt;&lt;a href=&quot;https://issues.apache.org/jira/browse/WICKET-6645&quot; title=&quot;Concurrent web socket response message processing on the client&quot; class=&quot;issue-link&quot; data-issue-key=&quot;WICKET-6645&quot;&gt;&lt;del&gt;WICKET-6645&lt;/del&gt;&lt;/a&gt; Replace double quotes with single quotes&lt;/p&gt;

&lt;p&gt;To make their usage consistent in the file, and to make it easier to apply the next changes from the &quot;patch&quot; in &lt;a href=&quot;https://issues.apache.org/jira/browse/WICKET-6645&quot; title=&quot;Concurrent web socket response message processing on the client&quot; class=&quot;issue-link&quot; data-issue-key=&quot;WICKET-6645&quot;&gt;&lt;del&gt;WICKET-6645&lt;/del&gt;&lt;/a&gt;&lt;/p&gt;</comment>
                            <comment id="16793375" author="jira-bot" created="Fri, 15 Mar 2019 06:52:35 +0000"  >&lt;p&gt;Commit 17e8451b1440f16163dd3cf7a0a5ffefe89b9ff9 in wicket&apos;s branch refs/heads/wicket-7.x from Martin Tzvetanov Grigorov&lt;br/&gt;
[ &lt;a href=&quot;https://gitbox.apache.org/repos/asf?p=wicket.git;h=17e8451&quot; class=&quot;external-link&quot; rel=&quot;nofollow&quot;&gt;https://gitbox.apache.org/repos/asf?p=wicket.git;h=17e8451&lt;/a&gt; ]&lt;/p&gt;

&lt;p&gt;&lt;a href=&quot;https://issues.apache.org/jira/browse/WICKET-6645&quot; title=&quot;Concurrent web socket response message processing on the client&quot; class=&quot;issue-link&quot; data-issue-key=&quot;WICKET-6645&quot;&gt;&lt;del&gt;WICKET-6645&lt;/del&gt;&lt;/a&gt; Replace double quotes with single quotes&lt;/p&gt;

&lt;p&gt;To make their usage consistent in the file, and to make it easier to apply the next changes from the &quot;patch&quot; in &lt;a href=&quot;https://issues.apache.org/jira/browse/WICKET-6645&quot; title=&quot;Concurrent web socket response message processing on the client&quot; class=&quot;issue-link&quot; data-issue-key=&quot;WICKET-6645&quot;&gt;&lt;del&gt;WICKET-6645&lt;/del&gt;&lt;/a&gt;&lt;/p&gt;</comment>
                            <comment id="16793396" author="jira-bot" created="Fri, 15 Mar 2019 07:18:29 +0000"  >&lt;p&gt;Commit 8092152b2ace0794e80366ca88c96434d9f2406e in wicket&apos;s branch refs/heads/wicket-7.x from Martin Tzvetanov Grigorov&lt;br/&gt;
[ &lt;a href=&quot;https://gitbox.apache.org/repos/asf?p=wicket.git;h=8092152&quot; class=&quot;external-link&quot; rel=&quot;nofollow&quot;&gt;https://gitbox.apache.org/repos/asf?p=wicket.git;h=8092152&lt;/a&gt; ]&lt;/p&gt;

&lt;p&gt;&lt;a href=&quot;https://issues.apache.org/jira/browse/WICKET-6645&quot; title=&quot;Concurrent web socket response message processing on the client&quot; class=&quot;issue-link&quot; data-issue-key=&quot;WICKET-6645&quot;&gt;&lt;del&gt;WICKET-6645&lt;/del&gt;&lt;/a&gt; Concurrent web socket response message processing on the client&lt;/p&gt;

&lt;p&gt;Execute the Wicket WebSocket messages (the ones inside &amp;lt;ajax-document&amp;gt; XML envelope) with FunctionsExecuter with AjaxChannel.QUEUE, so that they follow their order&lt;/p&gt;</comment>
                            <comment id="16793398" author="jira-bot" created="Fri, 15 Mar 2019 07:20:26 +0000"  >&lt;p&gt;Commit 59510077548215b403eaef8b60c75aea78ebf4dd in wicket&apos;s branch refs/heads/wicket-8.x from Martin Tzvetanov Grigorov&lt;br/&gt;
[ &lt;a href=&quot;https://gitbox.apache.org/repos/asf?p=wicket.git;h=5951007&quot; class=&quot;external-link&quot; rel=&quot;nofollow&quot;&gt;https://gitbox.apache.org/repos/asf?p=wicket.git;h=5951007&lt;/a&gt; ]&lt;/p&gt;

&lt;p&gt;&lt;a href=&quot;https://issues.apache.org/jira/browse/WICKET-6645&quot; title=&quot;Concurrent web socket response message processing on the client&quot; class=&quot;issue-link&quot; data-issue-key=&quot;WICKET-6645&quot;&gt;&lt;del&gt;WICKET-6645&lt;/del&gt;&lt;/a&gt; Replace double quotes with single quotes&lt;/p&gt;

&lt;p&gt;To make their usage consistent in the file, and to make it easier to apply the next changes from the &quot;patch&quot; in &lt;a href=&quot;https://issues.apache.org/jira/browse/WICKET-6645&quot; title=&quot;Concurrent web socket response message processing on the client&quot; class=&quot;issue-link&quot; data-issue-key=&quot;WICKET-6645&quot;&gt;&lt;del&gt;WICKET-6645&lt;/del&gt;&lt;/a&gt;&lt;/p&gt;

&lt;p&gt;(cherry picked from commit 17e8451b1440f16163dd3cf7a0a5ffefe89b9ff9)&lt;/p&gt;</comment>
                            <comment id="16793399" author="jira-bot" created="Fri, 15 Mar 2019 07:20:27 +0000"  >&lt;p&gt;Commit 59510077548215b403eaef8b60c75aea78ebf4dd in wicket&apos;s branch refs/heads/wicket-8.x from Martin Tzvetanov Grigorov&lt;br/&gt;
[ &lt;a href=&quot;https://gitbox.apache.org/repos/asf?p=wicket.git;h=5951007&quot; class=&quot;external-link&quot; rel=&quot;nofollow&quot;&gt;https://gitbox.apache.org/repos/asf?p=wicket.git;h=5951007&lt;/a&gt; ]&lt;/p&gt;

&lt;p&gt;&lt;a href=&quot;https://issues.apache.org/jira/browse/WICKET-6645&quot; title=&quot;Concurrent web socket response message processing on the client&quot; class=&quot;issue-link&quot; data-issue-key=&quot;WICKET-6645&quot;&gt;&lt;del&gt;WICKET-6645&lt;/del&gt;&lt;/a&gt; Replace double quotes with single quotes&lt;/p&gt;

&lt;p&gt;To make their usage consistent in the file, and to make it easier to apply the next changes from the &quot;patch&quot; in &lt;a href=&quot;https://issues.apache.org/jira/browse/WICKET-6645&quot; title=&quot;Concurrent web socket response message processing on the client&quot; class=&quot;issue-link&quot; data-issue-key=&quot;WICKET-6645&quot;&gt;&lt;del&gt;WICKET-6645&lt;/del&gt;&lt;/a&gt;&lt;/p&gt;

&lt;p&gt;(cherry picked from commit 17e8451b1440f16163dd3cf7a0a5ffefe89b9ff9)&lt;/p&gt;</comment>
                            <comment id="16793400" author="jira-bot" created="Fri, 15 Mar 2019 07:20:28 +0000"  >&lt;p&gt;Commit 4840b38f961bc959aa9bb36b5b157730936af8c1 in wicket&apos;s branch refs/heads/wicket-8.x from Martin Tzvetanov Grigorov&lt;br/&gt;
[ &lt;a href=&quot;https://gitbox.apache.org/repos/asf?p=wicket.git;h=4840b38&quot; class=&quot;external-link&quot; rel=&quot;nofollow&quot;&gt;https://gitbox.apache.org/repos/asf?p=wicket.git;h=4840b38&lt;/a&gt; ]&lt;/p&gt;

&lt;p&gt;&lt;a href=&quot;https://issues.apache.org/jira/browse/WICKET-6645&quot; title=&quot;Concurrent web socket response message processing on the client&quot; class=&quot;issue-link&quot; data-issue-key=&quot;WICKET-6645&quot;&gt;&lt;del&gt;WICKET-6645&lt;/del&gt;&lt;/a&gt; Concurrent web socket response message processing on the client&lt;/p&gt;

&lt;p&gt;Execute the Wicket WebSocket messages (the ones inside &amp;lt;ajax-document&amp;gt; XML envelope) with FunctionsExecuter with AjaxChannel.QUEUE, so that they follow their order&lt;/p&gt;

&lt;p&gt;(cherry picked from commit 8092152b2ace0794e80366ca88c96434d9f2406e)&lt;/p&gt;</comment>
                            <comment id="16793401" author="mgrigorov" created="Fri, 15 Mar 2019 07:21:54 +0000"  >&lt;p&gt;Thank you, &lt;a href=&quot;https://issues.apache.org/jira/secure/ViewProfile.jspa?name=m_johnson&quot; class=&quot;user-hover&quot; rel=&quot;m_johnson&quot;&gt;Marc Johnson&lt;/a&gt;!&lt;/p&gt;

&lt;p&gt;It seems you understand quite good Wicket Ajax and WebSocket internals! Kudos!&lt;/p&gt;</comment>
                            <comment id="16793402" author="jira-bot" created="Fri, 15 Mar 2019 07:22:10 +0000"  >&lt;p&gt;Commit 41e9eb2e36dd6b6379abf5ed54cf28c3936ff131 in wicket&apos;s branch refs/heads/master from Martin Tzvetanov Grigorov&lt;br/&gt;
[ &lt;a href=&quot;https://gitbox.apache.org/repos/asf?p=wicket.git;h=41e9eb2&quot; class=&quot;external-link&quot; rel=&quot;nofollow&quot;&gt;https://gitbox.apache.org/repos/asf?p=wicket.git;h=41e9eb2&lt;/a&gt; ]&lt;/p&gt;

&lt;p&gt;&lt;a href=&quot;https://issues.apache.org/jira/browse/WICKET-6645&quot; title=&quot;Concurrent web socket response message processing on the client&quot; class=&quot;issue-link&quot; data-issue-key=&quot;WICKET-6645&quot;&gt;&lt;del&gt;WICKET-6645&lt;/del&gt;&lt;/a&gt; Replace double quotes with single quotes&lt;/p&gt;

&lt;p&gt;To make their usage consistent in the file, and to make it easier to apply the next changes from the &quot;patch&quot; in &lt;a href=&quot;https://issues.apache.org/jira/browse/WICKET-6645&quot; title=&quot;Concurrent web socket response message processing on the client&quot; class=&quot;issue-link&quot; data-issue-key=&quot;WICKET-6645&quot;&gt;&lt;del&gt;WICKET-6645&lt;/del&gt;&lt;/a&gt;&lt;/p&gt;

&lt;p&gt;(cherry picked from commit 17e8451b1440f16163dd3cf7a0a5ffefe89b9ff9)&lt;/p&gt;</comment>
                            <comment id="16793403" author="jira-bot" created="Fri, 15 Mar 2019 07:22:11 +0000"  >&lt;p&gt;Commit 41e9eb2e36dd6b6379abf5ed54cf28c3936ff131 in wicket&apos;s branch refs/heads/master from Martin Tzvetanov Grigorov&lt;br/&gt;
[ &lt;a href=&quot;https://gitbox.apache.org/repos/asf?p=wicket.git;h=41e9eb2&quot; class=&quot;external-link&quot; rel=&quot;nofollow&quot;&gt;https://gitbox.apache.org/repos/asf?p=wicket.git;h=41e9eb2&lt;/a&gt; ]&lt;/p&gt;

&lt;p&gt;&lt;a href=&quot;https://issues.apache.org/jira/browse/WICKET-6645&quot; title=&quot;Concurrent web socket response message processing on the client&quot; class=&quot;issue-link&quot; data-issue-key=&quot;WICKET-6645&quot;&gt;&lt;del&gt;WICKET-6645&lt;/del&gt;&lt;/a&gt; Replace double quotes with single quotes&lt;/p&gt;

&lt;p&gt;To make their usage consistent in the file, and to make it easier to apply the next changes from the &quot;patch&quot; in &lt;a href=&quot;https://issues.apache.org/jira/browse/WICKET-6645&quot; title=&quot;Concurrent web socket response message processing on the client&quot; class=&quot;issue-link&quot; data-issue-key=&quot;WICKET-6645&quot;&gt;&lt;del&gt;WICKET-6645&lt;/del&gt;&lt;/a&gt;&lt;/p&gt;

&lt;p&gt;(cherry picked from commit 17e8451b1440f16163dd3cf7a0a5ffefe89b9ff9)&lt;/p&gt;</comment>
                            <comment id="16793404" author="jira-bot" created="Fri, 15 Mar 2019 07:22:12 +0000"  >&lt;p&gt;Commit 69e402505a7cbe5516319cbeaa4787abea27c54a in wicket&apos;s branch refs/heads/master from Martin Tzvetanov Grigorov&lt;br/&gt;
[ &lt;a href=&quot;https://gitbox.apache.org/repos/asf?p=wicket.git;h=69e4025&quot; class=&quot;external-link&quot; rel=&quot;nofollow&quot;&gt;https://gitbox.apache.org/repos/asf?p=wicket.git;h=69e4025&lt;/a&gt; ]&lt;/p&gt;

&lt;p&gt;&lt;a href=&quot;https://issues.apache.org/jira/browse/WICKET-6645&quot; title=&quot;Concurrent web socket response message processing on the client&quot; class=&quot;issue-link&quot; data-issue-key=&quot;WICKET-6645&quot;&gt;&lt;del&gt;WICKET-6645&lt;/del&gt;&lt;/a&gt; Concurrent web socket response message processing on the client&lt;/p&gt;

&lt;p&gt;Execute the Wicket WebSocket messages (the ones inside &amp;lt;ajax-document&amp;gt; XML envelope) with FunctionsExecuter with AjaxChannel.QUEUE, so that they follow their order&lt;/p&gt;

&lt;p&gt;(cherry picked from commit 8092152b2ace0794e80366ca88c96434d9f2406e)&lt;/p&gt;</comment>
                    </comments>
                    <attachments>
                            <attachment id="12961981" name="quickstart.zip" size="570347" author="m_johnson" created="Mon, 11 Mar 2019 13:08:52 +0000"/>
                            <attachment id="12961980" name="wicket-websocket-jquery.js" size="10806" author="m_johnson" created="Mon, 11 Mar 2019 13:09:50 +0000"/>
                    </attachments>
                <subtasks>
                    </subtasks>
                <customfields>
                                                <customfield id="customfield_12310310" key="com.atlassian.jira.toolkit:attachments">
                        <customfieldname>Attachment count</customfieldname>
                        <customfieldvalues>
                            <customfieldvalue>2.0</customfieldvalue>
                        </customfieldvalues>
                    </customfield>
                                                                                                                                                                                                                                                                                                                                                                                                                                                                                                                                                                                        <customfield id="customfield_12310220" key="com.atlassian.jira.ext.charting:firstresponsedate">
                        <customfieldname>Date of First Response</customfieldname>
                        <customfieldvalues>
                            <customfieldvalue>Fri, 15 Mar 2019 06:52:34 +0000</customfieldvalue>

                        </customfieldvalues>
                    </customfield>
                                                                                                                        <customfield id="customfield_12313422" key="com.atlassian.jirafisheyeplugin:jobcheckbox">
                        <customfieldname>Enable Automatic Patch Review</customfieldname>
                        <customfieldvalues>
                            <customfieldvalue><![CDATA[false]]></customfieldvalue>

                        </customfieldvalues>
                    </customfield>
                                                                                                                                                                                                                                                                                                                                                                                                                                                                        <customfield id="customfield_12310420" key="com.pyxis.greenhopper.jira:gh-global-rank">
                        <customfieldname>Global Rank</customfieldname>
                        <customfieldvalues>
                            <customfieldvalue>9223372036854775807</customfieldvalue>
                        </customfieldvalues>
                    </customfield>
                                                                                                                        <customfield id="customfield_12312521" key="com.atlassian.jira.toolkit:LastCommentDate">
                        <customfieldname>Last public comment date</customfieldname>
                        <customfieldvalues>
                            3 weeks, 3 days ago
                        </customfieldvalues>
                    </customfield>
                                                                                                                                                    <customfield id="customfield_12311820" key="com.pyxis.greenhopper.jira:gh-lexo-rank">
                        <customfieldname>Rank</customfieldname>
                        <customfieldvalues>
                            <customfieldvalue>0|z00kco:</customfieldvalue>

                        </customfieldvalues>
                    </customfield>
                                                                <customfield id="customfield_12310920" key="com.pyxis.greenhopper.jira:gh-global-rank">
                        <customfieldname>Rank (Obsolete)</customfieldname>
                        <customfieldvalues>
                            <customfieldvalue>9223372036854775807</customfieldvalue>
                        </customfieldvalues>
                    </customfield>
                                                                                                                                                                                                                                                                                                                            <customfield id="customfield_12310222" key="com.atlassian.jira.ext.charting:timeinstatus">
                        <customfieldname>Time in Status</customfieldname>
                        <customfieldvalues>
                            
                        </customfieldvalues>
                    </customfield>
                                    </customfields>
    </item>


<item>
            <title>[WICKET-6642] Form.findSubmittingComponent returns null instead of SubmitLink</title>
                <link>https://issues.apache.org/jira/browse/WICKET-6642</link>
                <project id="12310561" key="WICKET">Wicket</project>
                    <description>&lt;p&gt;When a form is submitted by a SubmitLink, you can no longer find the submitting component using Form.findSubmittingComponent.&lt;/p&gt;

&lt;p&gt;This was probably introduced by &lt;a href=&quot;https://issues.apache.org/jira/browse/WICKET-6348&quot; title=&quot;New FormComponentUpdatingBehavior to replace wantOnSelectionChangedNotifications()&quot; class=&quot;issue-link&quot; data-issue-key=&quot;WICKET-6348&quot;&gt;&lt;del&gt;WICKET-6348&lt;/del&gt;&lt;/a&gt;. I&apos;ve attached a quickstart with the problem. I can confirm that it was introduced between 8.0.0 M5 and M6/&lt;/p&gt;</description>
                <environment></environment>
        <key id="13219598">WICKET-6642</key>
            <summary>Form.findSubmittingComponent returns null instead of SubmitLink</summary>
                <type id="1" iconUrl="https://issues.apache.org/jira/secure/viewavatar?size=xsmall&amp;avatarId=21133&amp;avatarType=issuetype">Bug</type>
                                            <priority id="3" iconUrl="https://issues.apache.org/jira/images/icons/priorities/major.svg">Major</priority>
                        <status id="5" iconUrl="https://issues.apache.org/jira/images/icons/statuses/resolved.png" description="A resolution has been taken, and it is awaiting verification by reporter. From here issues are either reopened, or are closed.">Resolved</status>
                    <statusCategory id="3" key="done" colorName="green"/>
                                    <resolution id="1">Fixed</resolution>
                                        <assignee username="svenmeier">Sven Meier</assignee>
                                    <reporter username="papegaaij">Emond Papegaaij</reporter>
                        <labels>
                    </labels>
                <created>Tue, 5 Mar 2019 16:34:09 +0000</created>
                <updated>Mon, 11 Mar 2019 13:24:29 +0000</updated>
                            <resolved>Mon, 11 Mar 2019 13:24:29 +0000</resolved>
                                    <version>8.0.0</version>
                    <version>8.0.0-M6</version>
                    <version>8.0.0-M7</version>
                    <version>8.0.0-M8</version>
                    <version>8.0.0-M9</version>
                    <version>8.1.0</version>
                    <version>8.2.0</version>
                    <version>8.3.0</version>
                                    <fixVersion>9.0.0</fixVersion>
                    <fixVersion>8.4.0</fixVersion>
                                    <component>wicket</component>
                        <due></due>
                            <votes>0</votes>
                                    <watches>5</watches>
                                                                <comments>
                            <comment id="16785396" author="mgrigorov" created="Wed, 6 Mar 2019 08:14:09 +0000"  >&lt;p&gt;Is this fixed by &lt;a href=&quot;https://github.com/apache/wicket/pull/348&quot; class=&quot;external-link&quot; rel=&quot;nofollow&quot;&gt;https://github.com/apache/wicket/pull/348&lt;/a&gt;&#160;?&lt;/p&gt;

&lt;p&gt;&#160;&lt;/p&gt;

&lt;p&gt;&lt;b&gt;Update:&lt;/b&gt; now I noticed that this issue is linked to the PR, so it must be the same.&lt;/p&gt;</comment>
                            <comment id="16785406" author="svenmeier" created="Wed, 6 Mar 2019 08:27:47 +0000"  >&lt;p&gt;SubmitLink no longer uses a hidden field to submit the form, but changes the forms action instead (as FormComponentUpdatingBehavior does it too).&lt;/p&gt;</comment>
                            <comment id="16785408" author="svenmeier" created="Wed, 6 Mar 2019 08:35:44 +0000"  >&lt;p&gt;Prior to 8.x you could indeed &apos;find&apos; the submitting SubmitLink.&lt;/p&gt;

&lt;p&gt;I wonder what you need that for though: the form is correctly processed, as it is with other components calling Form.onFormSubmitted(IFormSubmitter), e.g. AjaxFormSubmitBehavior.&lt;/p&gt;

&lt;p&gt;Why do you need to find the submitter when it is already identified?&lt;/p&gt;</comment>
                            <comment id="16785449" author="papegaaij" created="Wed, 6 Mar 2019 09:32:59 +0000"  >&lt;p&gt;We need it because it was there. Someone thought it was a good idea to do all form processing in Form.onSubmit, but differentiate on the button that actually caused the submit. I do not agree with this way of performing a submit, but it&apos;s there and it used to work. I don&apos;t mind if this method is dropped for 9, but in 8 it should work.&lt;/p&gt;

&lt;p&gt;I&apos;ve tested the PR and it fixes the quickstart. I&apos;ve also tested with an AjaxSubmitLink, and that works as well. I&apos;m not sure if other submitting components need this same fix though.&lt;/p&gt;</comment>
                            <comment id="16785585" author="svenmeier" created="Wed, 6 Mar 2019 12:40:57 +0000"  >&lt;p&gt;I was wondering how it works for AjaxSubmitLink too. Apparently it sends an additional parameter for this as well, see AjaxRequestAttributes#submittingComponentName.&lt;/p&gt;

&lt;p&gt;&#160;&lt;/p&gt;</comment>
                            <comment id="16785859" author="tiagostn" created="Wed, 6 Mar 2019 16:58:08 +0000"  >&lt;p&gt;Hi, guys. I submited the PR. I just wanna contribute so a picked up an issue to resolve. I tested AjaxSubmitLink too and, just like Sven Meier&#160;said, the&#160;&#160;AjaxSubmitLink&#160;uses a&#160;AbstractDefaultAjaxBehavior atribute AjaxAttributeName.SUBMITTING_COMPONENT_NAME. Let me know if I can do more.&lt;/p&gt;</comment>
                            <comment id="16786419" author="mgrigorov" created="Thu, 7 Mar 2019 06:04:23 +0000"  >&lt;p&gt;Thank you for helping us, &lt;a href=&quot;https://issues.apache.org/jira/secure/ViewProfile.jspa?name=tiagostn&quot; class=&quot;user-hover&quot; rel=&quot;tiagostn&quot;&gt;Tiago Sant&#180;Ana&lt;/a&gt; !&lt;/p&gt;</comment>
                            <comment id="16786994" author="tiagostn" created="Thu, 7 Mar 2019 17:14:55 +0000"  >&lt;p&gt;If you have more issues I&apos;m available to help. I&apos;m using wicket for almost 8 years now and I have 4 softwares in production developed with Wicket. They&apos;re using Wicket 6 and 8. I&apos;d love to contribute more. Fill free to assign me for others issues and for this one too.&lt;/p&gt;</comment>
                            <comment id="16787836" author="mgrigorov" created="Fri, 8 Mar 2019 12:14:24 +0000"  >&lt;p&gt;Only members of the Wicket team could be assigned to Jira issues.&lt;/p&gt;

&lt;p&gt;But you are welcome to pick any of the open issues and work on it. Just add a comment that you start working on it.&lt;/p&gt;

&lt;p&gt;You can discuss anything about the issue at &lt;span class=&quot;nobr&quot;&gt;&lt;a href=&quot;mailto:dev@wicket.apache.org.&quot; class=&quot;external-link&quot; rel=&quot;nofollow&quot;&gt;dev@wicket.apache.org.&lt;sup&gt;&lt;img class=&quot;rendericon&quot; src=&quot;https://issues.apache.org/jira/images/icons/mail_small.gif&quot; height=&quot;12&quot; width=&quot;13&quot; align=&quot;absmiddle&quot; alt=&quot;&quot; border=&quot;0&quot;/&gt;&lt;/sup&gt;&lt;/a&gt;&lt;/span&gt;&lt;/p&gt;

&lt;p&gt;At the end just create a Pull Request at GitHub, as you did for this one, and we will merge it!&lt;/p&gt;

&lt;p&gt;If you do this for some time then eventually you will be invited to join our team! &lt;img class=&quot;emoticon&quot; src=&quot;https://issues.apache.org/jira/images/icons/emoticons/smile.png&quot; height=&quot;16&quot; width=&quot;16&quot; align=&quot;absmiddle&quot; alt=&quot;&quot; border=&quot;0&quot;/&gt;&lt;/p&gt;</comment>
                            <comment id="16789460" author="jira-bot" created="Mon, 11 Mar 2019 12:02:49 +0000"  >&lt;p&gt;Commit 2298bdff67c39d5a4d61b6415e2502d0bab231ca in wicket&apos;s branch refs/heads/wicket-8.x from Sven Meier&lt;br/&gt;
[ &lt;a href=&quot;https://gitbox.apache.org/repos/asf?p=wicket.git;h=2298bdf&quot; class=&quot;external-link&quot; rel=&quot;nofollow&quot;&gt;https://gitbox.apache.org/repos/asf?p=wicket.git;h=2298bdf&lt;/a&gt; ]&lt;/p&gt;

&lt;p&gt;&lt;a href=&quot;https://issues.apache.org/jira/browse/WICKET-6642&quot; title=&quot;Form.findSubmittingComponent returns null instead of SubmitLink&quot; class=&quot;issue-link&quot; data-issue-key=&quot;WICKET-6642&quot;&gt;&lt;del&gt;WICKET-6642&lt;/del&gt;&lt;/a&gt; revert SubmitLink to request Form url&lt;/p&gt;

&lt;p&gt;and use findSubmittingButton once again&lt;/p&gt;</comment>
                            <comment id="16789530" author="jira-bot" created="Mon, 11 Mar 2019 13:08:39 +0000"  >&lt;p&gt;Commit 4a8b25c3693dbd28ff79256bcabb331294f2294a in wicket&apos;s branch refs/heads/master from Sven Meier&lt;br/&gt;
[ &lt;a href=&quot;https://gitbox.apache.org/repos/asf?p=wicket.git;h=4a8b25c&quot; class=&quot;external-link&quot; rel=&quot;nofollow&quot;&gt;https://gitbox.apache.org/repos/asf?p=wicket.git;h=4a8b25c&lt;/a&gt; ]&lt;/p&gt;

&lt;p&gt;&lt;a href=&quot;https://issues.apache.org/jira/browse/WICKET-6642&quot; title=&quot;Form.findSubmittingComponent returns null instead of SubmitLink&quot; class=&quot;issue-link&quot; data-issue-key=&quot;WICKET-6642&quot;&gt;&lt;del&gt;WICKET-6642&lt;/del&gt;&lt;/a&gt; revert SubmitLink to request Form url&lt;/p&gt;

&lt;p&gt;and use findSubmittingButton once again&lt;/p&gt;</comment>
                            <comment id="16789552" author="svenmeier" created="Mon, 11 Mar 2019 13:24:29 +0000"  >&lt;p&gt;I&apos;ve reverted part of &lt;a href=&quot;https://issues.apache.org/jira/browse/WICKET-6348&quot; title=&quot;New FormComponentUpdatingBehavior to replace wantOnSelectionChangedNotifications()&quot; class=&quot;issue-link&quot; data-issue-key=&quot;WICKET-6348&quot;&gt;&lt;del&gt;WICKET-6348&lt;/del&gt;&lt;/a&gt;, which changed how a SubmitLink submits the form. This way it will be closer once again to how normal Buttons work, i.e. the form receives the request and then identifies the actual submitter via a request parameter.&lt;/p&gt;

&lt;p&gt;#findSubmittingButton() works again so projects can use it as before.&lt;br/&gt;
I&apos;ve marked the method as INTERNAL though, so developers will be discouraged to use it, since for AjaxButtons it might report a different button than that which actually submitted the form.&lt;/p&gt;

&lt;p&gt;Thanks to &lt;a href=&quot;https://issues.apache.org/jira/secure/ViewProfile.jspa?name=tiagostn&quot; class=&quot;user-hover&quot; rel=&quot;tiagostn&quot;&gt;Tiago Sant&#180;Ana&lt;/a&gt; for helping here!&lt;/p&gt;</comment>
                    </comments>
                <issuelinks>
                            <issuelinktype id="12310560">
                    <name>Problem/Incident</name>
                                                                <inwardlinks description="is caused by">
                                        <issuelink>
            <issuekey id="13059975">WICKET-6348</issuekey>
        </issuelink>
                            </inwardlinks>
                                    </issuelinktype>
                    </issuelinks>
                <attachments>
                            <attachment id="12961195" name="myproject.tar.gz" size="21406" author="papegaaij" created="Tue, 5 Mar 2019 16:34:25 +0000"/>
                    </attachments>
                <subtasks>
                    </subtasks>
                <customfields>
                                                <customfield id="customfield_12310310" key="com.atlassian.jira.toolkit:attachments">
                        <customfieldname>Attachment count</customfieldname>
                        <customfieldvalues>
                            <customfieldvalue>1.0</customfieldvalue>
                        </customfieldvalues>
                    </customfield>
                                                                                                                                                                                                                                                                                                                                                                                                                                                                                                                                                                                        <customfield id="customfield_12310220" key="com.atlassian.jira.ext.charting:firstresponsedate">
                        <customfieldname>Date of First Response</customfieldname>
                        <customfieldvalues>
                            <customfieldvalue>Wed, 6 Mar 2019 08:14:09 +0000</customfieldvalue>

                        </customfieldvalues>
                    </customfield>
                                                                                                                        <customfield id="customfield_12313422" key="com.atlassian.jirafisheyeplugin:jobcheckbox">
                        <customfieldname>Enable Automatic Patch Review</customfieldname>
                        <customfieldvalues>
                            <customfieldvalue><![CDATA[false]]></customfieldvalue>

                        </customfieldvalues>
                    </customfield>
                                                                                                                                                                                                                                                                                                                                                                                                                                                                        <customfield id="customfield_12310420" key="com.pyxis.greenhopper.jira:gh-global-rank">
                        <customfieldname>Global Rank</customfieldname>
                        <customfieldvalues>
                            <customfieldvalue>9223372036854775807</customfieldvalue>
                        </customfieldvalues>
                    </customfield>
                                                                                                                        <customfield id="customfield_12312521" key="com.atlassian.jira.toolkit:LastCommentDate">
                        <customfieldname>Last public comment date</customfieldname>
                        <customfieldvalues>
                            3 weeks, 6 days ago
                        </customfieldvalues>
                    </customfield>
                                                                                                                                                    <customfield id="customfield_12311820" key="com.pyxis.greenhopper.jira:gh-lexo-rank">
                        <customfieldname>Rank</customfieldname>
                        <customfieldvalues>
                            <customfieldvalue>0|z00cq0:</customfieldvalue>

                        </customfieldvalues>
                    </customfield>
                                                                <customfield id="customfield_12310920" key="com.pyxis.greenhopper.jira:gh-global-rank">
                        <customfieldname>Rank (Obsolete)</customfieldname>
                        <customfieldvalues>
                            <customfieldvalue>9223372036854775807</customfieldvalue>
                        </customfieldvalues>
                    </customfield>
                                                                                                                                                                                                                                                                                                                            <customfield id="customfield_12310222" key="com.atlassian.jira.ext.charting:timeinstatus">
                        <customfieldname>Time in Status</customfieldname>
                        <customfieldvalues>
                            
                        </customfieldvalues>
                    </customfield>
                                    </customfields>
    </item>
</channel>
</rss>