<!--
RSS generated by JIRA (7.6.3#76005-sha1:8a4e38d34af948780dbf52044e7aafb13a7cae58) at Mon Apr 08 11:26:58 UTC 2019

It is possible to restrict the fields that are returned in this document by specifying the 'field' parameter in your request.
For example, to request only the issue key and summary append 'field=key&field=summary' to the URL of your request.
-->
<!-- If you wish to do custom client-side styling of RSS, uncomment this:
<?xml-stylesheet href="https://issues.apache.org/jira/styles/jiraxml2html.xsl" type="text/xsl"?>
-->
<rss version="0.92">
    <channel>
        <title>ASF JIRA</title>
        <link>https://issues.apache.org/jira/issues/?jql=project+%3D+WICKET+AND+issuetype+%3D+Bug+AND+created+%3E%3D+2018-04-01+AND+created+%3C%3D+2018-05-01</link>
        <description>An XML representation of a search request</description>
                <language>en-uk</language>
                        <issue start="0" end="2" total="2"/>
                <build-info>
            <version>7.6.3</version>
            <build-number>76005</build-number>
            <build-date>09-01-2018</build-date>
        </build-info>

<item>
            <title>[WICKET-6551] LazyInitProxyFactory doesn&apos;t work correctly at Weblogic</title>
                <link>https://issues.apache.org/jira/browse/WICKET-6551</link>
                <project id="12310561" key="WICKET">Wicket</project>
                    <description>&lt;p&gt;When weblogic serializes HTTP session then it&apos;s not an Wicket Application thread and Thread.currentThread().getClassLoader() can return different NOT-application classloader... which ends in LazyInitProxyFactory.readResolve() ClassNotFoundException crash...This ends in Wicket&apos;s WebSession being not saved into HTTP session which is fatal consequence....&lt;/p&gt;

&lt;p&gt;We have sucessfully tested following patch of LazyInitProxyFactory:&lt;/p&gt;

&lt;p&gt;&#160;&lt;/p&gt;
&lt;div class=&quot;code panel&quot; style=&quot;border-width: 1px;&quot;&gt;&lt;div class=&quot;codeContent panelContent&quot;&gt;
&lt;pre class=&quot;code-java&quot;&gt;
&lt;span class=&quot;code-keyword&quot;&gt;static&lt;/span&gt; &lt;span class=&quot;code-keyword&quot;&gt;class &lt;/span&gt;ProxyReplacement &lt;span class=&quot;code-keyword&quot;&gt;implements&lt;/span&gt; IClusterable
 {
 &lt;span class=&quot;code-keyword&quot;&gt;private&lt;/span&gt; &lt;span class=&quot;code-keyword&quot;&gt;static&lt;/span&gt; &lt;span class=&quot;code-keyword&quot;&gt;final&lt;/span&gt; &lt;span class=&quot;code-object&quot;&gt;long&lt;/span&gt; serialVersionUID = 1L;

&lt;span class=&quot;code-keyword&quot;&gt;private&lt;/span&gt; &lt;span class=&quot;code-keyword&quot;&gt;final&lt;/span&gt; IProxyTargetLocator locator;

&lt;span class=&quot;code-keyword&quot;&gt;private&lt;/span&gt; &lt;span class=&quot;code-keyword&quot;&gt;final&lt;/span&gt; &lt;span class=&quot;code-object&quot;&gt;String&lt;/span&gt; type;

/**
 * Constructor
 * 
 * @param type
 * @param locator
 */
 &lt;span class=&quot;code-keyword&quot;&gt;public&lt;/span&gt; ProxyReplacement(&lt;span class=&quot;code-keyword&quot;&gt;final&lt;/span&gt; &lt;span class=&quot;code-object&quot;&gt;String&lt;/span&gt; type, &lt;span class=&quot;code-keyword&quot;&gt;final&lt;/span&gt; IProxyTargetLocator locator) \{ &lt;span class=&quot;code-keyword&quot;&gt;this&lt;/span&gt;.type = type; &lt;span class=&quot;code-keyword&quot;&gt;this&lt;/span&gt;.locator = locator; }

&lt;span class=&quot;code-keyword&quot;&gt;private&lt;/span&gt; &lt;span class=&quot;code-object&quot;&gt;Object&lt;/span&gt; readResolve() &lt;span class=&quot;code-keyword&quot;&gt;throws&lt;/span&gt; ObjectStreamException
 {
 &lt;span class=&quot;code-object&quot;&gt;Class&lt;/span&gt;&amp;lt;?&amp;gt; clazz = WicketObjects.resolveClass(type);
 &lt;span class=&quot;code-keyword&quot;&gt;if&lt;/span&gt; (clazz == &lt;span class=&quot;code-keyword&quot;&gt;null&lt;/span&gt;)
 {
 &lt;span class=&quot;code-keyword&quot;&gt;try&lt;/span&gt;

{ clazz = &lt;span class=&quot;code-object&quot;&gt;Class&lt;/span&gt;.forName(type, &lt;span class=&quot;code-keyword&quot;&gt;false&lt;/span&gt;, WicketObjects.&lt;span class=&quot;code-keyword&quot;&gt;class.&lt;/span&gt;getClassLoader()); &lt;span class=&quot;code-object&quot;&gt;System&lt;/span&gt;.out.println(&lt;span class=&quot;code-quote&quot;&gt;&quot;Clazz resolved through application classloade&quot;&lt;/span&gt;); }

&lt;span class=&quot;code-keyword&quot;&gt;catch&lt;/span&gt; (ClassNotFoundException e)

{ ClassNotFoundException cause = &lt;span class=&quot;code-keyword&quot;&gt;new&lt;/span&gt; ClassNotFoundException( &lt;span class=&quot;code-quote&quot;&gt;&quot;Could not resolve type [&quot;&lt;/span&gt; + type + &lt;span class=&quot;code-quote&quot;&gt;&quot;] with the currently configured org.apache.wicket.application.IClassResolver&quot;&lt;/span&gt;); &lt;span class=&quot;code-keyword&quot;&gt;throw&lt;/span&gt; &lt;span class=&quot;code-keyword&quot;&gt;new&lt;/span&gt; WicketRuntimeException(cause); }

}
 &lt;span class=&quot;code-keyword&quot;&gt;return&lt;/span&gt; LazyInitProxyFactory.createProxy(clazz, locator);
 }
}
&lt;/pre&gt;
&lt;/div&gt;&lt;/div&gt;
&lt;p&gt;With this patched LazyInitProxyFactory class problem went away. Can you please accomodate this fix into Wicket 6.x line?&lt;/p&gt;

&lt;p&gt;&#160;&lt;/p&gt;

&lt;p&gt;Forum link:&#160;&lt;a href=&quot;http://apache-wicket.1842946.n4.nabble.com/Wicket-s-LazyInitProxyFactory-runs-incorrectly-at-WebLogic-td4680236.html&quot; class=&quot;external-link&quot; rel=&quot;nofollow&quot;&gt;http://apache-wicket.1842946.n4.nabble.com/Wicket-s-LazyInitProxyFactory-runs-incorrectly-at-WebLogic-td4680236.html&lt;/a&gt;&lt;/p&gt;

&lt;p&gt;&#160;&lt;/p&gt;

&lt;p&gt;&#160;&lt;/p&gt;</description>
                <environment></environment>
        <key id="13153947">WICKET-6551</key>
            <summary>LazyInitProxyFactory doesn&apos;t work correctly at Weblogic</summary>
                <type id="1" iconUrl="https://issues.apache.org/jira/secure/viewavatar?size=xsmall&amp;avatarId=21133&amp;avatarType=issuetype">Bug</type>
                                            <priority id="2" iconUrl="https://issues.apache.org/jira/images/icons/priorities/critical.svg">Critical</priority>
                        <status id="5" iconUrl="https://issues.apache.org/jira/images/icons/statuses/resolved.png" description="A resolution has been taken, and it is awaiting verification by reporter. From here issues are either reopened, or are closed.">Resolved</status>
                    <statusCategory id="3" key="done" colorName="green"/>
                                    <resolution id="1">Fixed</resolution>
                                        <assignee username="mgrigorov">Martin Grigorov</assignee>
                                    <reporter username="tomask79">Tomas Kloucek</reporter>
                        <labels>
                    </labels>
                <created>Fri, 20 Apr 2018 06:44:29 +0000</created>
                <updated>Sat, 26 May 2018 12:21:43 +0000</updated>
                            <resolved>Sat, 26 May 2018 12:21:43 +0000</resolved>
                                    <version>6.21.0</version>
                                    <fixVersion>7.11.0</fixVersion>
                    <fixVersion>8.1.0</fixVersion>
                    <fixVersion>6.30.0</fixVersion>
                                    <component>wicket</component>
                    <component>wicket-spring</component>
                        <due></due>
                            <votes>0</votes>
                                    <watches>2</watches>
                                                                <comments>
                            <comment id="16491631" author="jira-bot" created="Sat, 26 May 2018 12:20:06 +0000"  >&lt;p&gt;Commit 6a7b097ff682e261608ebe58e8ca1f0c63f3b472 in wicket&apos;s branch refs/heads/wicket-6.x from &lt;a href=&quot;https://issues.apache.org/jira/secure/ViewProfile.jspa?name=mgrigorov&quot; class=&quot;user-hover&quot; rel=&quot;mgrigorov&quot;&gt;Martin Grigorov&lt;/a&gt;&lt;br/&gt;
[ &lt;a href=&quot;https://git-wip-us.apache.org/repos/asf?p=wicket.git;h=6a7b097&quot; class=&quot;external-link&quot; rel=&quot;nofollow&quot;&gt;https://git-wip-us.apache.org/repos/asf?p=wicket.git;h=6a7b097&lt;/a&gt; ]&lt;/p&gt;

&lt;p&gt;&lt;a href=&quot;https://issues.apache.org/jira/browse/WICKET-6551&quot; title=&quot;LazyInitProxyFactory doesn&amp;#39;t work correctly at Weblogic&quot; class=&quot;issue-link&quot; data-issue-key=&quot;WICKET-6551&quot;&gt;&lt;del&gt;WICKET-6551&lt;/del&gt;&lt;/a&gt; LazyInitProxyFactory doesn&apos;t work correctly at Weblogic&lt;/p&gt;

&lt;p&gt;Try to load the class with the thread&apos;s context class loader and Wicket&apos;s classes loader as a fallbacks&lt;/p&gt;</comment>
                            <comment id="16491632" author="jira-bot" created="Sat, 26 May 2018 12:20:30 +0000"  >&lt;p&gt;Commit 7b46091afacf5f29ca8e54b908d64f42f16a0fe6 in wicket&apos;s branch refs/heads/wicket-7.x from &lt;a href=&quot;https://issues.apache.org/jira/secure/ViewProfile.jspa?name=mgrigorov&quot; class=&quot;user-hover&quot; rel=&quot;mgrigorov&quot;&gt;Martin Grigorov&lt;/a&gt;&lt;br/&gt;
[ &lt;a href=&quot;https://git-wip-us.apache.org/repos/asf?p=wicket.git;h=7b46091&quot; class=&quot;external-link&quot; rel=&quot;nofollow&quot;&gt;https://git-wip-us.apache.org/repos/asf?p=wicket.git;h=7b46091&lt;/a&gt; ]&lt;/p&gt;

&lt;p&gt;&lt;a href=&quot;https://issues.apache.org/jira/browse/WICKET-6551&quot; title=&quot;LazyInitProxyFactory doesn&amp;#39;t work correctly at Weblogic&quot; class=&quot;issue-link&quot; data-issue-key=&quot;WICKET-6551&quot;&gt;&lt;del&gt;WICKET-6551&lt;/del&gt;&lt;/a&gt; LazyInitProxyFactory doesn&apos;t work correctly at Weblogic&lt;/p&gt;

&lt;p&gt;Try to load the class with the thread&apos;s context class loader and Wicket&apos;s classes loader as a fallbacks&lt;/p&gt;

&lt;p&gt;(cherry picked from commit 6a7b097ff682e261608ebe58e8ca1f0c63f3b472)&lt;/p&gt;</comment>
                            <comment id="16491633" author="jira-bot" created="Sat, 26 May 2018 12:20:47 +0000"  >&lt;p&gt;Commit efa51293df700bee3726571fb7cfef5c23c4fb41 in wicket&apos;s branch refs/heads/wicket-8.x from &lt;a href=&quot;https://issues.apache.org/jira/secure/ViewProfile.jspa?name=mgrigorov&quot; class=&quot;user-hover&quot; rel=&quot;mgrigorov&quot;&gt;Martin Grigorov&lt;/a&gt;&lt;br/&gt;
[ &lt;a href=&quot;https://git-wip-us.apache.org/repos/asf?p=wicket.git;h=efa5129&quot; class=&quot;external-link&quot; rel=&quot;nofollow&quot;&gt;https://git-wip-us.apache.org/repos/asf?p=wicket.git;h=efa5129&lt;/a&gt; ]&lt;/p&gt;

&lt;p&gt;&lt;a href=&quot;https://issues.apache.org/jira/browse/WICKET-6551&quot; title=&quot;LazyInitProxyFactory doesn&amp;#39;t work correctly at Weblogic&quot; class=&quot;issue-link&quot; data-issue-key=&quot;WICKET-6551&quot;&gt;&lt;del&gt;WICKET-6551&lt;/del&gt;&lt;/a&gt; LazyInitProxyFactory doesn&apos;t work correctly at Weblogic&lt;/p&gt;

&lt;p&gt;Try to load the class with the thread&apos;s context class loader and Wicket&apos;s classes loader as a fallbacks&lt;/p&gt;

&lt;p&gt;(cherry picked from commit 6a7b097ff682e261608ebe58e8ca1f0c63f3b472)&lt;/p&gt;</comment>
                            <comment id="16491634" author="jira-bot" created="Sat, 26 May 2018 12:21:06 +0000"  >&lt;p&gt;Commit 4d4a69062dc34be29bf61a152b34d2dcf2b76a21 in wicket&apos;s branch refs/heads/master from &lt;a href=&quot;https://issues.apache.org/jira/secure/ViewProfile.jspa?name=mgrigorov&quot; class=&quot;user-hover&quot; rel=&quot;mgrigorov&quot;&gt;Martin Grigorov&lt;/a&gt;&lt;br/&gt;
[ &lt;a href=&quot;https://git-wip-us.apache.org/repos/asf?p=wicket.git;h=4d4a690&quot; class=&quot;external-link&quot; rel=&quot;nofollow&quot;&gt;https://git-wip-us.apache.org/repos/asf?p=wicket.git;h=4d4a690&lt;/a&gt; ]&lt;/p&gt;

&lt;p&gt;&lt;a href=&quot;https://issues.apache.org/jira/browse/WICKET-6551&quot; title=&quot;LazyInitProxyFactory doesn&amp;#39;t work correctly at Weblogic&quot; class=&quot;issue-link&quot; data-issue-key=&quot;WICKET-6551&quot;&gt;&lt;del&gt;WICKET-6551&lt;/del&gt;&lt;/a&gt; LazyInitProxyFactory doesn&apos;t work correctly at Weblogic&lt;/p&gt;

&lt;p&gt;Try to load the class with the thread&apos;s context class loader and Wicket&apos;s classes loader as a fallbacks&lt;/p&gt;

&lt;p&gt;(cherry picked from commit 6a7b097ff682e261608ebe58e8ca1f0c63f3b472)&lt;/p&gt;</comment>
                    </comments>
                    <attachments>
                    </attachments>
                <subtasks>
                    </subtasks>
                <customfields>
                                                <customfield id="customfield_12310310" key="com.atlassian.jira.toolkit:attachments">
                        <customfieldname>Attachment count</customfieldname>
                        <customfieldvalues>
                            <customfieldvalue>0.0</customfieldvalue>
                        </customfieldvalues>
                    </customfield>
                                                                                                                                                                                                                                                                                                                                                                                                                                                                                                                                                                                        <customfield id="customfield_12310220" key="com.atlassian.jira.ext.charting:firstresponsedate">
                        <customfieldname>Date of First Response</customfieldname>
                        <customfieldvalues>
                            <customfieldvalue>Sat, 26 May 2018 12:20:06 +0000</customfieldvalue>

                        </customfieldvalues>
                    </customfield>
                                                                                                                        <customfield id="customfield_12313422" key="com.atlassian.jirafisheyeplugin:jobcheckbox">
                        <customfieldname>Enable Automatic Patch Review</customfieldname>
                        <customfieldvalues>
                            <customfieldvalue><![CDATA[false]]></customfieldvalue>

                        </customfieldvalues>
                    </customfield>
                                                                                                                                                                                                            <customfield id="customfield_12310250" key="com.atlassian.jira.plugin.system.customfieldtypes:multicheckboxes">
                        <customfieldname>Flags</customfieldname>
                        <customfieldvalues>
                                <customfieldvalue key="10431"><![CDATA[Important]]></customfieldvalue>
    
                        </customfieldvalues>
                    </customfield>
                                                                                                                                                                                                                                                                                                <customfield id="customfield_12310420" key="com.pyxis.greenhopper.jira:gh-global-rank">
                        <customfieldname>Global Rank</customfieldname>
                        <customfieldvalues>
                            <customfieldvalue>9223372036854775807</customfieldvalue>
                        </customfieldvalues>
                    </customfield>
                                                                                                                        <customfield id="customfield_12312521" key="com.atlassian.jira.toolkit:LastCommentDate">
                        <customfieldname>Last public comment date</customfieldname>
                        <customfieldvalues>
                            45 weeks, 1 day ago
                        </customfieldvalues>
                    </customfield>
                                                                                                                                                    <customfield id="customfield_12311820" key="com.pyxis.greenhopper.jira:gh-lexo-rank">
                        <customfieldname>Rank</customfieldname>
                        <customfieldvalues>
                            <customfieldvalue>0|i3st2v:</customfieldvalue>

                        </customfieldvalues>
                    </customfield>
                                                                <customfield id="customfield_12310920" key="com.pyxis.greenhopper.jira:gh-global-rank">
                        <customfieldname>Rank (Obsolete)</customfieldname>
                        <customfieldvalues>
                            <customfieldvalue>9223372036854775807</customfieldvalue>
                        </customfieldvalues>
                    </customfield>
                                                                                                                                                                                                                                                                                                                            <customfield id="customfield_12310222" key="com.atlassian.jira.ext.charting:timeinstatus">
                        <customfieldname>Time in Status</customfieldname>
                        <customfieldvalues>
                            
                        </customfieldvalues>
                    </customfield>
                                    </customfields>
    </item>


<item>
            <title>[WICKET-6549] Log4j JDBCAppender makes apache wicket form submit to fail</title>
                <link>https://issues.apache.org/jira/browse/WICKET-6549</link>
                <project id="12310561" key="WICKET">Wicket</project>
                    <description>&lt;p&gt;&lt;b&gt;&lt;ins&gt;Issue Description:&lt;/ins&gt;&lt;/b&gt;&lt;/p&gt;

&lt;p&gt;An error that occurs on form submit, needs to be logged in JDBCAppender log4j. &#160;But due to conversionPattern not being a database query, impacts all further users and other sessions when they go to the same form submit button, and apache wicket throws error.&lt;/p&gt;

&lt;p&gt;&#160;&lt;/p&gt;

&lt;p&gt;&#160;&lt;b&gt;&lt;ins&gt;Apache Softwares:&lt;/ins&gt;&lt;/b&gt;&lt;/p&gt;

&lt;p&gt;Apache Wicket Version: 6.20.0&lt;/p&gt;

&lt;p&gt;slf4j.version: 1.7.10&lt;/p&gt;

&lt;p&gt;log4j.version: 1.2.17&lt;/p&gt;

&lt;p&gt;&#160;&lt;/p&gt;

&lt;p&gt;&#160;&lt;b&gt;&lt;ins&gt;Below are the steps to reproduce:&lt;/ins&gt;&lt;/b&gt;&lt;/p&gt;
&lt;ol&gt;
	&lt;li&gt;On submit of a form button, there was an error - nested exception is java.sql.SQLException: ORA-12899: value too large for column&lt;/li&gt;
	&lt;li&gt;The above error needs to be logged into JDBCAppender.&lt;/li&gt;
	&lt;li&gt;The error log fails to log into JDBCAppender due to the conversionPattern not being a database query.&lt;/li&gt;
	&lt;li&gt;All other users, when they go through the application journey, they submit the same form button as above.&lt;/li&gt;
	&lt;li&gt;The apache wicket throws error, and restricts the application flow to complete.&lt;/li&gt;
	&lt;li&gt;An error in JDBCAppender log4j due to conversionPattern not being a database query, impacts all further users and other sessions, wherein when they go to the same form submit button, apache wicket throws error.&lt;/li&gt;
&lt;/ol&gt;


&lt;p&gt;&#160;&lt;/p&gt;

&lt;p&gt;&lt;b&gt;&lt;ins&gt;Log4j.xml:&lt;/ins&gt;&lt;/b&gt;&lt;/p&gt;

&lt;p&gt;&amp;lt;appender name=&quot;DB&quot; class=&quot;org.apache.log4j.jdbc.JDBCAppender&quot;&amp;gt;&lt;/p&gt;

&lt;p&gt;&#160;&#160;&#160;&#160;&#160;&#160;&#160;&#160;&#160;&#160;&#160;&#160;&#160;&#160;&#160; &#160;&#160;&#160; &amp;lt;param name=&quot;URL&quot; value=&quot;${boarding.log4j.dbappender.url}&quot;/&amp;gt;&lt;/p&gt;

&lt;p&gt;&#160;&#160;&#160;&#160;&#160;&#160;&#160;&#160;&#160;&#160;&#160;&#160;&#160;&#160;&#160; &#160;&#160;&#160; &amp;lt;param name=&quot;Driver&quot; value=&quot;${boarding.log4j.dbappender.driverClassName}&quot; /&amp;gt;&lt;/p&gt;

&lt;p&gt;&#160;&#160;&#160;&#160;&#160;&#160;&#160;&#160;&#160;&#160;&#160;&#160;&#160;&#160;&#160; &#160;&#160;&#160; &amp;lt;param name=&quot;User&quot; value=&quot;${boarding.log4j.dbappender.username}&quot; /&amp;gt;&lt;/p&gt;

&lt;p&gt;&#160;&#160;&#160;&#160;&#160;&#160;&#160;&#160;&#160;&#160;&#160;&#160;&#160;&#160;&#160; &#160;&#160;&#160; &amp;lt;filter class=&quot;org.apache.log4j.varia.LevelMatchFilter&quot;&amp;gt;&lt;/p&gt;

&lt;p&gt;&#160;&#160;&#160;&#160;&#160;&#160;&#160;&#160;&#160;&#160;&#160;&#160;&#160;&#160;&#160; &#160;&#160;&#160;&#160;&#160;&#160;&#160; &amp;lt;param name=&quot;LevelToMatch&quot; value=&quot;error&quot; /&amp;gt;&lt;/p&gt;

&lt;p&gt;&#160;&#160;&#160;&#160;&#160;&#160;&#160;&#160;&#160;&#160;&#160;&#160;&#160;&#160;&#160; &#160;&#160;&#160;&#160;&#160;&#160;&#160; &amp;lt;param name=&quot;AcceptOnMatch&quot; value=&quot;true&quot; /&amp;gt;&lt;/p&gt;

&lt;p&gt;&#160;&#160;&#160;&#160;&#160;&#160;&#160;&#160;&#160;&#160;&#160;&#160;&#160;&#160;&#160; &#160;&#160;&#160; &amp;lt;/filter&amp;gt;&lt;/p&gt;

&lt;p&gt;&#160;&#160;&#160;&#160;&#160;&#160;&#160;&#160;&#160;&#160;&#160;&#160;&#160;&#160;&#160; &#160;&#160;&#160; &amp;lt;filter class=&quot;org.apache.log4j.varia.DenyAllFilter&quot;/&amp;gt;&lt;/p&gt;

&lt;p&gt;&#160;&#160;&#160;&#160;&#160;&#160;&#160;&#160;&#160;&#160;&#160;&#160;&#160;&#160;&#160; &#160;&#160;&#160; &amp;lt;param name=&quot;Password&quot; value=&quot;${boarding.log4j.dbappender.password}&quot; /&amp;gt;&lt;/p&gt;

&lt;p&gt;&#160;&#160;&#160;&#160;&#160;&#160;&#160;&#160;&#160;&#160;&#160;&#160;&#160;&#160;&#160; &#160;&#160;&#160;&#160;&#160;&#160;&#160; &amp;lt;layout class=&quot;org.apache.log4j.EnhancedPatternLayout&quot;&amp;gt;&lt;/p&gt;

&lt;p&gt;&#160;&#160;&#160;&#160;&#160;&#160;&#160;&#160;&#160;&#160;&#160;&#160;&#160;&#160;&#160; &#160;&#160;&#160;&#160;&#160;&#160;&#160;&#160;&#160;&#160;&#160; &amp;lt;param name=&quot;ConversionPattern&quot;&#160; value=&quot;%m,%n &quot;/&amp;gt;&lt;/p&gt;

&lt;p&gt;&#160;&#160;&#160;&#160;&#160;&#160;&#160;&#160;&#160;&#160;&#160;&#160;&#160;&#160;&#160; &#160;&#160;&#160;&#160;&#160;&#160;&#160;&#160; &amp;lt;/layout&amp;gt;&lt;/p&gt;

&lt;p&gt;&#160;&amp;lt;/appender&amp;gt;&lt;/p&gt;

&lt;p&gt;&#160;&lt;/p&gt;

&lt;p&gt;Points to note:&lt;/p&gt;

&lt;p&gt;Trigger for the error to be logged into JDBCAppender - nested exception is java.sql.SQLException: ORA-12899: value too large for column&lt;/p&gt;

&lt;p&gt;This error is not logged into JDBCAppender due to ConversionPattern not being a database query.&lt;/p&gt;

&lt;p&gt;&#160;&lt;/p&gt;

&lt;p&gt;Below are the stack trace of exceptions from apache wicket, whenever the form is submitted, post the jdbcappender log issue.&lt;/p&gt;

&lt;p&gt;&lt;b&gt;&lt;ins&gt;Apache Wicket logs:&lt;/ins&gt;&lt;/b&gt;&lt;/p&gt;

&lt;p&gt;org.apache.wicket.WicketRuntimeException: Method onFormSubmitted of interface org.apache.wicket.markup.html.form.IFormSubmitListener targeted at [BoardingApplicationForm &lt;span class=&quot;error&quot;&gt;&amp;#91;Component id = form&amp;#93;&lt;/span&gt;] on component [BoardingApplicationForm &lt;span class=&quot;error&quot;&gt;&amp;#91;Component id = form&amp;#93;&lt;/span&gt;] threw an exception&lt;/p&gt;

&lt;p&gt;&#160;&#160;&#160;&#160;&#160;&#160;&#160; at org.apache.wicket.RequestListenerInterface.internalInvoke(RequestListenerInterface.java:268)&lt;/p&gt;

&lt;p&gt;&#160;&#160;&#160;&#160;&#160;&#160;&#160; at org.apache.wicket.RequestListenerInterface.invoke(RequestListenerInterface.java:216)&lt;/p&gt;

&lt;p&gt;&#160;&#160; &#160;&#160;&#160;&#160;&#160;at org.apache.wicket.core.request.handler.ListenerInterfaceRequestHandler.invokeListener(ListenerInterfaceRequestHandler.java:243)&lt;/p&gt;

&lt;p&gt;&#160;&#160;&#160;&#160;&#160;&#160;&#160; at org.apache.wicket.core.request.handler.ListenerInterfaceRequestHandler.respond(ListenerInterfaceRequestHandler.java:236)&lt;/p&gt;

&lt;p&gt;&#160;&#160;&#160;&#160;&#160;&#160;&#160; at org.apache.wicket.request.cycle.RequestCycle$HandlerExecutor.respond(RequestCycle.java:890)&lt;/p&gt;

&lt;p&gt;&#160;&#160;&#160;&#160;&#160;&#160;&#160; at org.apache.wicket.request.RequestHandlerStack.execute(RequestHandlerStack.java:64)&lt;/p&gt;

&lt;p&gt;&#160;&#160;&#160;&#160;&#160;&#160;&#160; at org.apache.wicket.request.cycle.RequestCycle.execute(RequestCycle.java:261)&lt;/p&gt;

&lt;p&gt;&#160;&#160;&#160;&#160;&#160;&#160;&#160; at org.apache.wicket.request.cycle.RequestCycle.processRequest(RequestCycle.java:218)&lt;/p&gt;

&lt;p&gt;&#160;&#160;&#160;&#160;&#160;&#160;&#160; at org.apache.wicket.request.cycle.RequestCycle.processRequestAndDetach(RequestCycle.java:289)&lt;/p&gt;

&lt;p&gt;&#160;&#160;&#160;&#160;&#160;&#160;&#160; at org.apache.wicket.protocol.http.WicketFilter.processRequestCycle(WicketFilter.java:259)&lt;/p&gt;

&lt;p&gt;&#160;&#160;&#160;&#160;&#160;&#160;&#160; at org.apache.wicket.protocol.http.WicketFilter.processRequest(WicketFilter.java:201)&lt;/p&gt;

&lt;p&gt;&#160;&#160;&#160;&#160;&#160;&#160;&#160; at org.apache.wicket.protocol.http.WicketFilter.doFilter(WicketFilter.java:282)&lt;/p&gt;

&lt;p&gt;&#160;&#160;&#160;&#160;&#160;&#160;&#160; at org.apache.catalina.core.ApplicationFilterChain.internalDoFilter(ApplicationFilterChain.java:246)&lt;/p&gt;

&lt;p&gt;&#160;&#160;&#160;&#160;&#160;&#160;&#160; at org.apache.catalina.core.ApplicationFilterChain.doFilter(ApplicationFilterChain.java:214)&lt;/p&gt;

&lt;p&gt;&#160;&#160;&#160;&#160;&#160;&#160;&#160; at com.fdc.boarding.web.filter.ClickjackFilter.doFilter(ClickjackFilter.java:31)&lt;/p&gt;

&lt;p&gt;&#160;&#160;&#160;&#160;&#160;&#160;&#160; at org.apache.catalina.core.ApplicationFilterChain.internalDoFilter(ApplicationFilterChain.java:246)&lt;/p&gt;

&lt;p&gt;&#160;&#160;&#160;&#160;&#160;&#160;&#160; at org.apache.catalina.core.ApplicationFilterChain.doFilter(ApplicationFilterChain.java:214)&lt;/p&gt;

&lt;p&gt;&#160;&#160;&#160;&#160;&#160;&#160;&#160; at com.fdc.boarding.web.ui.DisableUrlSessionFilter.doFilter(DisableUrlSessionFilter.java:61)&lt;/p&gt;

&lt;p&gt;&#160;&#160;&#160;&#160;&#160;&#160;&#160; at org.apache.catalina.core.ApplicationFilterChain.internalDoFilter(ApplicationFilterChain.java:246)&lt;/p&gt;

&lt;p&gt;&#160;&#160;&#160;&#160;&#160;&#160;&#160; at org.apache.catalina.core.ApplicationFilterChain.doFilter(ApplicationFilterChain.java:214)&lt;/p&gt;

&lt;p&gt;&#160;&#160;&#160;&#160;&#160;&#160;&#160; at org.apache.catalina.core.StandardWrapperValve.invoke(StandardWrapperValve.java:231)&lt;/p&gt;

&lt;p&gt;&#160;&#160;&#160;&#160;&#160;&#160;&#160; at org.apache.catalina.core.StandardContextValve.invoke(StandardContextValve.java:149)&lt;/p&gt;

&lt;p&gt;&#160;&#160;&#160;&#160;&#160;&#160;&#160; at org.jboss.as.web.security.SecurityContextAssociationValve.invoke(SecurityContextAssociationValve.java:169)&lt;/p&gt;

&lt;p&gt;&#160;&#160;&#160;&#160;&#160;&#160;&#160; at org.apache.catalina.core.StandardHostValve.invoke(StandardHostValve.java:145)&lt;/p&gt;

&lt;p&gt;&#160;&#160;&#160;&#160;&#160;&#160;&#160; at org.apache.catalina.valves.ErrorReportValve.invoke(ErrorReportValve.java:97)&lt;/p&gt;

&lt;p&gt;&#160;&#160;&#160;&#160;&#160;&#160;&#160; at org.apache.catalina.authenticator.SingleSignOn.invoke(SingleSignOn.java:395)&lt;/p&gt;

&lt;p&gt;&#160;&#160;&#160;&#160;&#160;&#160;&#160; at org.apache.catalina.valves.AccessLogValve.invoke(AccessLogValve.java:559)&lt;/p&gt;

&lt;p&gt;&#160;&#160;&#160;&#160;&#160;&#160;&#160; at org.apache.catalina.core.StandardEngineValve.invoke(StandardEngineValve.java:102)&lt;/p&gt;

&lt;p&gt;&#160;&#160;&#160;&#160;&#160;&#160;&#160; at org.apache.catalina.connector.CoyoteAdapter.service(CoyoteAdapter.java:344)&lt;/p&gt;

&lt;p&gt;&#160;&#160;&#160;&#160;&#160;&#160;&#160; at org.apache.coyote.http11.Http11Processor.process(Http11Processor.java:856)&lt;/p&gt;

&lt;p&gt;&#160;&#160;&#160;&#160;&#160;&#160;&#160; at org.apache.coyote.http11.Http11Protocol$Http11ConnectionHandler.process(Http11Protocol.java:653)&lt;/p&gt;

&lt;p&gt;&#160;&#160;&#160;&#160;&#160;&#160;&#160; at org.apache.tomcat.util.net.JIoEndpoint$Worker.run(JIoEndpoint.java:926)&lt;/p&gt;

&lt;p&gt;&#160;&#160;&#160;&#160;&#160;&#160;&#160; at java.lang.Thread.run(Thread.java:745)&lt;/p&gt;

&lt;p&gt;Caused by: java.lang.reflect.InvocationTargetException&lt;/p&gt;

&lt;p&gt;&#160;&#160;&#160;&#160;&#160;&#160;&#160; at sun.reflect.GeneratedMethodAccessor274.invoke(Unknown Source)&lt;/p&gt;

&lt;p&gt;&#160;&#160;&#160;&#160;&#160;&#160;&#160; at sun.reflect.DelegatingMethodAccessorImpl.invoke(DelegatingMethodAccessorImpl.java:43)&lt;/p&gt;

&lt;p&gt;&#160;&#160;&#160;&#160;&#160;&#160;&#160; at java.lang.reflect.Method.invoke(Method.java:606)&lt;/p&gt;

&lt;p&gt;&#160;&#160;&#160;&#160;&#160;&#160;&#160; at org.apache.wicket.RequestListenerInterface.internalInvoke(RequestListenerInterface.java:258)&lt;/p&gt;

&lt;p&gt;&#160;&#160;&#160;&#160;&#160;&#160;&#160; ... 32 more&lt;/p&gt;

&lt;p&gt;Caused by: java.lang.ArrayIndexOutOfBoundsException&lt;/p&gt;

&lt;p&gt;&#160;&lt;/p&gt;</description>
                <environment>Linux, Java 1.7</environment>
        <key id="13152762">WICKET-6549</key>
            <summary>Log4j JDBCAppender makes apache wicket form submit to fail</summary>
                <type id="1" iconUrl="https://issues.apache.org/jira/secure/viewavatar?size=xsmall&amp;avatarId=21133&amp;avatarType=issuetype">Bug</type>
                                            <priority id="2" iconUrl="https://issues.apache.org/jira/images/icons/priorities/critical.svg">Critical</priority>
                        <status id="5" iconUrl="https://issues.apache.org/jira/images/icons/statuses/resolved.png" description="A resolution has been taken, and it is awaiting verification by reporter. From here issues are either reopened, or are closed.">Resolved</status>
                    <statusCategory id="3" key="done" colorName="green"/>
                                    <resolution id="5">Cannot Reproduce</resolution>
                                        <assignee username="-1">Unassigned</assignee>
                                    <reporter username="babkrish">Babu Krishnamurthy</reporter>
                        <labels>
                    </labels>
                <created>Mon, 16 Apr 2018 16:08:07 +0000</created>
                <updated>Thu, 19 Apr 2018 05:40:37 +0000</updated>
                            <resolved>Thu, 19 Apr 2018 05:40:37 +0000</resolved>
                                    <version>6.20.0</version>
                                                    <component>wicket</component>
                        <due></due>
                            <votes>0</votes>
                                    <watches>2</watches>
                                                                <comments>
                            <comment id="16440429" author="mgrigorov" created="Tue, 17 Apr 2018 05:53:31 +0000"  >&lt;p&gt;The most important part of the stacktrace is missing. What is failing with java.lang.ArrayIndexOutOfBoundsException ?&lt;br/&gt;
There must be few more lines below it.&lt;/p&gt;

&lt;p&gt;I see no way how such kind of error can lead to problems for all users/sessions. &lt;br/&gt;
Can you please provide a small application that demonstrates the problem ? For example with embedded database.&lt;/p&gt;</comment>
                            <comment id="16440626" author="babkrish" created="Tue, 17 Apr 2018 08:55:13 +0000"  >&lt;p&gt;That is all the stack trace we have in the logs. There are no more lines below it.&lt;/p&gt;</comment>
                            <comment id="16440636" author="mgrigorov" created="Tue, 17 Apr 2018 09:02:54 +0000"  >&lt;p&gt;Well, we cannot help more you with the provided information.&lt;br/&gt;
It is not clear what exactly is failing with ArrayIndexOutOfBoundsException and there is no reproducible test case.&lt;/p&gt;</comment>
                            <comment id="16443595" author="mgrigorov" created="Thu, 19 Apr 2018 05:40:37 +0000"  >&lt;p&gt;Closing as &quot;Cannot reproduce&quot;.&lt;br/&gt;
We will reopen if more information or a demo application is provided!&lt;/p&gt;</comment>
                    </comments>
                    <attachments>
                    </attachments>
                <subtasks>
                    </subtasks>
                <customfields>
                                                <customfield id="customfield_12310310" key="com.atlassian.jira.toolkit:attachments">
                        <customfieldname>Attachment count</customfieldname>
                        <customfieldvalues>
                            <customfieldvalue>0.0</customfieldvalue>
                        </customfieldvalues>
                    </customfield>
                                                                                                                                                                                                                                                                                                                                                                                                                                                                                                                                                                                        <customfield id="customfield_12310220" key="com.atlassian.jira.ext.charting:firstresponsedate">
                        <customfieldname>Date of First Response</customfieldname>
                        <customfieldvalues>
                            <customfieldvalue>Tue, 17 Apr 2018 05:53:31 +0000</customfieldvalue>

                        </customfieldvalues>
                    </customfield>
                                                                                                                        <customfield id="customfield_12313422" key="com.atlassian.jirafisheyeplugin:jobcheckbox">
                        <customfieldname>Enable Automatic Patch Review</customfieldname>
                        <customfieldvalues>
                            <customfieldvalue><![CDATA[false]]></customfieldvalue>

                        </customfieldvalues>
                    </customfield>
                                                                                                                                                                                                                                                                                                                                                                                                                                                                        <customfield id="customfield_12310420" key="com.pyxis.greenhopper.jira:gh-global-rank">
                        <customfieldname>Global Rank</customfieldname>
                        <customfieldvalues>
                            <customfieldvalue>9223372036854775807</customfieldvalue>
                        </customfieldvalues>
                    </customfield>
                                                                                                                        <customfield id="customfield_12312521" key="com.atlassian.jira.toolkit:LastCommentDate">
                        <customfieldname>Last public comment date</customfieldname>
                        <customfieldvalues>
                            50 weeks, 4 days ago
                        </customfieldvalues>
                    </customfield>
                                                                                                                                                    <customfield id="customfield_12311820" key="com.pyxis.greenhopper.jira:gh-lexo-rank">
                        <customfieldname>Rank</customfieldname>
                        <customfieldvalues>
                            <customfieldvalue>0|i3sltz:</customfieldvalue>

                        </customfieldvalues>
                    </customfield>
                                                                <customfield id="customfield_12310920" key="com.pyxis.greenhopper.jira:gh-global-rank">
                        <customfieldname>Rank (Obsolete)</customfieldname>
                        <customfieldvalues>
                            <customfieldvalue>9223372036854775807</customfieldvalue>
                        </customfieldvalues>
                    </customfield>
                                                                                                                                                                                                                                                                                                                            <customfield id="customfield_12310222" key="com.atlassian.jira.ext.charting:timeinstatus">
                        <customfieldname>Time in Status</customfieldname>
                        <customfieldvalues>
                            
                        </customfieldvalues>
                    </customfield>
                                    </customfields>
    </item>
</channel>
</rss>