<!--
RSS generated by JIRA (7.6.3#76005-sha1:8a4e38d34af948780dbf52044e7aafb13a7cae58) at Mon Apr 08 11:27:27 UTC 2019

It is possible to restrict the fields that are returned in this document by specifying the 'field' parameter in your request.
For example, to request only the issue key and summary append 'field=key&field=summary' to the URL of your request.
-->
<!-- If you wish to do custom client-side styling of RSS, uncomment this:
<?xml-stylesheet href="https://issues.apache.org/jira/styles/jiraxml2html.xsl" type="text/xsl"?>
-->
<rss version="0.92">
    <channel>
        <title>ASF JIRA</title>
        <link>https://issues.apache.org/jira/issues/?jql=project+%3D+WICKET+AND+issuetype+%3D+Bug+AND+created+%3E%3D+2019-01-01+AND+created+%3C%3D+2019-02-01</link>
        <description>An XML representation of a search request</description>
                <language>en-uk</language>
                        <issue start="0" end="5" total="5"/>
                <build-info>
            <version>7.6.3</version>
            <build-number>76005</build-number>
            <build-date>09-01-2018</build-date>
        </build-info>

<item>
            <title>[WICKET-6633] Adding CryptoMapper as RootRequestMapper results in OutOfMemoryError.</title>
                <link>https://issues.apache.org/jira/browse/WICKET-6633</link>
                <project id="12310561" key="WICKET">Wicket</project>
                    <description>&lt;p&gt;I created a simple Wicket reproducer, starting from a Wicket Quickstart.&lt;/p&gt;

&lt;p&gt;The reproducer consists of the following:&lt;/p&gt;
&lt;ul class=&quot;alternate&quot; type=&quot;square&quot;&gt;
	&lt;li&gt;HomePage&lt;/li&gt;
	&lt;li&gt;stylesheet.css, used in HomePage via response.render(CssHeaderItem.forReference(...)).&lt;/li&gt;
	&lt;li&gt;MimicBrowserPageLoads: a simple java application (main method) that mimics browser requests to HomePage: it does 1 GET request for the html, and 1 GET for the css. It does this 100.000 times, clearing the cookies after each &apos;page load&apos;.&lt;/li&gt;
&lt;/ul&gt;


&lt;h2&gt;&lt;a name=&quot;Theproblem&quot;&gt;&lt;/a&gt;The problem&lt;/h2&gt;

&lt;p&gt;When I remove the CryptoMapper and start jetty using the quickstart&apos;s code, adding -Xms64m -Xmx64m, all works fine: I can run MimicBrowserPageLoads, and no problems arise.&lt;br/&gt;
 However, when I configure CryptoMapper as the application&apos;s RootRequestMapper and start jetty, again&#160;adding -Xms64m -Xmx64m, starting MimicBrowserPageLoads will, after some time, result in OutOfMemoryError for the jetty process.&lt;/p&gt;

&lt;p&gt;The reproducer can be found here: &lt;a href=&quot;https://github.com/jvanheesch/cryptomapper-outofmemoryerror&quot; class=&quot;external-link&quot; rel=&quot;nofollow&quot;&gt;https://github.com/jvanheesch/cryptomapper-outofmemoryerror&lt;/a&gt;&lt;/p&gt;

&lt;p&gt;The same problem occurs when deploying with Tomcat 9.0.14.&lt;/p&gt;</description>
                <environment></environment>
        <key id="13212555">WICKET-6633</key>
            <summary>Adding CryptoMapper as RootRequestMapper results in OutOfMemoryError.</summary>
                <type id="1" iconUrl="https://issues.apache.org/jira/secure/viewavatar?size=xsmall&amp;avatarId=21133&amp;avatarType=issuetype">Bug</type>
                                            <priority id="3" iconUrl="https://issues.apache.org/jira/images/icons/priorities/major.svg">Major</priority>
                        <status id="5" iconUrl="https://issues.apache.org/jira/images/icons/statuses/resolved.png" description="A resolution has been taken, and it is awaiting verification by reporter. From here issues are either reopened, or are closed.">Resolved</status>
                    <statusCategory id="3" key="done" colorName="green"/>
                                    <resolution id="8">Not A Problem</resolution>
                                        <assignee username="mgrigorov">Martin Grigorov</assignee>
                                    <reporter username="jvanheesch">Joris van Heesch</reporter>
                        <labels>
                    </labels>
                <created>Tue, 29 Jan 2019 14:10:51 +0000</created>
                <updated>Thu, 31 Jan 2019 08:31:06 +0000</updated>
                            <resolved>Thu, 31 Jan 2019 08:04:30 +0000</resolved>
                                    <version>8.2.0</version>
                                                    <component>wicket-core</component>
                        <due></due>
                            <votes>0</votes>
                                    <watches>3</watches>
                                                                <comments>
                            <comment id="16755404" author="mgrigorov" created="Tue, 29 Jan 2019 21:38:16 +0000"  >&lt;p&gt;The problem is not related to CryptoMapper. The problem is session creation.&lt;br/&gt;
When using CryptoMapper Wicket uses by default KeyInSessionSunJceCryptFactory to create an ICrypt instance and stores it in the web session for the user. See org.apache.wicket.core.util.crypt.KeyInSessionSunJceCryptFactory#newCrypt - it calls Session#bind() method.&lt;br/&gt;
Since you remove the cookies (and do not use jsessionid in the url) a new http session is created for each request.&lt;br/&gt;
By default the session lifetime is 30 mins (you do not specify a custom one it in web.xml!) so the number of sessions just grows and obviously 64M is not enough for 100K sessions.&lt;/p&gt;

&lt;p&gt;To verify I&apos;ve made the following change to you code:&lt;/p&gt;

&lt;div class=&quot;code panel&quot; style=&quot;border-width: 1px;&quot;&gt;&lt;div class=&quot;codeContent panelContent&quot;&gt;
&lt;pre class=&quot;code-java&quot;&gt;
diff --git src/main/java/com/github/jvanheesch/wicket/HomePage.java src/main/java/com/github/jvanheesch/wicket/HomePage.java
index 6c2bf87..fc2cb5f 100644
--- src/main/java/com/github/jvanheesch/wicket/HomePage.java
+++ src/main/java/com/github/jvanheesch/wicket/HomePage.java
@@ -14,6 +14,8 @@ &lt;span class=&quot;code-keyword&quot;&gt;public&lt;/span&gt; &lt;span class=&quot;code-keyword&quot;&gt;class &lt;/span&gt;HomePage &lt;span class=&quot;code-keyword&quot;&gt;extends&lt;/span&gt; WebPage {
         &lt;span class=&quot;code-keyword&quot;&gt;super&lt;/span&gt;.onInitialize();
 
         &lt;span class=&quot;code-keyword&quot;&gt;this&lt;/span&gt;.add(&lt;span class=&quot;code-keyword&quot;&gt;new&lt;/span&gt; Label(&lt;span class=&quot;code-quote&quot;&gt;&quot;styledLabel&quot;&lt;/span&gt;, &lt;span class=&quot;code-quote&quot;&gt;&quot;styledLabel&quot;&lt;/span&gt;));
+
+        getSession().bind();

+       &lt;span class=&quot;code-comment&quot;&gt;// ((javax.servlet.http.HttpServletRequest)getRequest().getContainerRequest()).getSession().setMaxInactiveInterval(1);
&lt;/span&gt;     }
 
     @Override
diff --git src/main/java/com/github/jvanheesch/wicket/WicketApplication.java src/main/java/com/github/jvanheesch/wicket/WicketApplication.java
index 420061d..76e665e 100644
--- src/main/java/com/github/jvanheesch/wicket/WicketApplication.java
+++ src/main/java/com/github/jvanheesch/wicket/WicketApplication.java
@@ -27,6 +27,6 @@ &lt;span class=&quot;code-keyword&quot;&gt;public&lt;/span&gt; &lt;span class=&quot;code-keyword&quot;&gt;class &lt;/span&gt;WicketApplication &lt;span class=&quot;code-keyword&quot;&gt;extends&lt;/span&gt; WebApplication {
         &lt;span class=&quot;code-keyword&quot;&gt;super&lt;/span&gt;.init();
 
         &lt;span class=&quot;code-comment&quot;&gt;// add your configuration here
&lt;/span&gt;-        &lt;span class=&quot;code-keyword&quot;&gt;this&lt;/span&gt;.setRootRequestMapper(&lt;span class=&quot;code-keyword&quot;&gt;new&lt;/span&gt; CryptoMapper(&lt;span class=&quot;code-keyword&quot;&gt;this&lt;/span&gt;.getRootRequestMapper(), &lt;span class=&quot;code-keyword&quot;&gt;this&lt;/span&gt;));
+&lt;span class=&quot;code-comment&quot;&gt;//        &lt;span class=&quot;code-keyword&quot;&gt;this&lt;/span&gt;.setRootRequestMapper(&lt;span class=&quot;code-keyword&quot;&gt;new&lt;/span&gt; CryptoMapper(&lt;span class=&quot;code-keyword&quot;&gt;this&lt;/span&gt;.getRootRequestMapper(), &lt;span class=&quot;code-keyword&quot;&gt;this&lt;/span&gt;));
&lt;/span&gt;     }
&lt;/pre&gt;
&lt;/div&gt;&lt;/div&gt;

&lt;p&gt;and it fails with OOM just as the original version with CryptoMapper.&lt;/p&gt;

&lt;p&gt;With getSession().setMaxInactiveInterval(1) the issue changes to &quot;OutOfMemoryError: GC overhead limit exceeded&quot;.&lt;/p&gt;

&lt;p&gt;In my opinion this ticket can be closed as &quot;Not a problem&quot;&lt;/p&gt;</comment>
                            <comment id="16756978" author="svenmeier" created="Thu, 31 Jan 2019 07:40:57 +0000"  >&lt;p&gt;&lt;a href=&quot;https://issues.apache.org/jira/secure/ViewProfile.jspa?name=mgrigorov&quot; class=&quot;user-hover&quot; rel=&quot;mgrigorov&quot;&gt;Martin Grigorov&lt;/a&gt; yes, that&apos;s my finding too.&lt;/p&gt;</comment>
                            <comment id="16757011" author="jvanheesch" created="Thu, 31 Jan 2019 08:31:06 +0000"  >&lt;p&gt;Didn&apos;t know about the Session.bind() - it seems not an issue indeed.&lt;br/&gt;
Thank you guys for the quick and informative response.&lt;/p&gt;</comment>
                    </comments>
                    <attachments>
                    </attachments>
                <subtasks>
                    </subtasks>
                <customfields>
                                                <customfield id="customfield_12310310" key="com.atlassian.jira.toolkit:attachments">
                        <customfieldname>Attachment count</customfieldname>
                        <customfieldvalues>
                            <customfieldvalue>0.0</customfieldvalue>
                        </customfieldvalues>
                    </customfield>
                                                                                                                                                                                                                                                                                                                                                                                                                                                                                                                                                                                        <customfield id="customfield_12310220" key="com.atlassian.jira.ext.charting:firstresponsedate">
                        <customfieldname>Date of First Response</customfieldname>
                        <customfieldvalues>
                            <customfieldvalue>Tue, 29 Jan 2019 21:38:16 +0000</customfieldvalue>

                        </customfieldvalues>
                    </customfield>
                                                                                                                        <customfield id="customfield_12313422" key="com.atlassian.jirafisheyeplugin:jobcheckbox">
                        <customfieldname>Enable Automatic Patch Review</customfieldname>
                        <customfieldvalues>
                            <customfieldvalue><![CDATA[false]]></customfieldvalue>

                        </customfieldvalues>
                    </customfield>
                                                                                                                                                                                                                                                                                                                                                                                                                                                                        <customfield id="customfield_12310420" key="com.pyxis.greenhopper.jira:gh-global-rank">
                        <customfieldname>Global Rank</customfieldname>
                        <customfieldvalues>
                            <customfieldvalue>9223372036854775807</customfieldvalue>
                        </customfieldvalues>
                    </customfield>
                                                                                                                        <customfield id="customfield_12312521" key="com.atlassian.jira.toolkit:LastCommentDate">
                        <customfieldname>Last public comment date</customfieldname>
                        <customfieldvalues>
                            9 weeks, 4 days ago
                        </customfieldvalues>
                    </customfield>
                                                                                                                                                    <customfield id="customfield_12311820" key="com.pyxis.greenhopper.jira:gh-lexo-rank">
                        <customfieldname>Rank</customfieldname>
                        <customfieldvalues>
                            <customfieldvalue>0|yi0fs8:</customfieldvalue>

                        </customfieldvalues>
                    </customfield>
                                                                <customfield id="customfield_12310920" key="com.pyxis.greenhopper.jira:gh-global-rank">
                        <customfieldname>Rank (Obsolete)</customfieldname>
                        <customfieldvalues>
                            <customfieldvalue>9223372036854775807</customfieldvalue>
                        </customfieldvalues>
                    </customfield>
                                                                                                                                                                                                                                                                                                                            <customfield id="customfield_12310222" key="com.atlassian.jira.ext.charting:timeinstatus">
                        <customfieldname>Time in Status</customfieldname>
                        <customfieldvalues>
                            
                        </customfieldvalues>
                    </customfield>
                                    </customfields>
    </item>


<item>
            <title>[WICKET-6631] AnnotProxyFieldValueFactory does not cache beanNames</title>
                <link>https://issues.apache.org/jira/browse/WICKET-6631</link>
                <project id="12310561" key="WICKET">Wicket</project>
                    <description>&lt;p&gt;AnnotProxyFieldValueFactory uses the wrong cache key, effectively disabling the intented caching of expensive bean name generation.&lt;/p&gt;</description>
                <environment></environment>
        <key id="13209917">WICKET-6631</key>
            <summary>AnnotProxyFieldValueFactory does not cache beanNames</summary>
                <type id="1" iconUrl="https://issues.apache.org/jira/secure/viewavatar?size=xsmall&amp;avatarId=21133&amp;avatarType=issuetype">Bug</type>
                                            <priority id="3" iconUrl="https://issues.apache.org/jira/images/icons/priorities/major.svg">Major</priority>
                        <status id="5" iconUrl="https://issues.apache.org/jira/images/icons/statuses/resolved.png" description="A resolution has been taken, and it is awaiting verification by reporter. From here issues are either reopened, or are closed.">Resolved</status>
                    <statusCategory id="3" key="done" colorName="green"/>
                                    <resolution id="1">Fixed</resolution>
                                        <assignee username="svenmeier">Sven Meier</assignee>
                                    <reporter username="svenmeier">Sven Meier</reporter>
                        <labels>
                    </labels>
                <created>Wed, 16 Jan 2019 14:31:54 +0000</created>
                <updated>Thu, 17 Jan 2019 10:57:00 +0000</updated>
                            <resolved>Thu, 17 Jan 2019 10:57:00 +0000</resolved>
                                    <version>7.11.0</version>
                    <version>8.2.0</version>
                                    <fixVersion>8.3.0</fixVersion>
                    <fixVersion>9.0.0</fixVersion>
                    <fixVersion>7.12.0</fixVersion>
                                    <component>wicket-spring</component>
                        <due></due>
                            <votes>1</votes>
                                    <watches>3</watches>
                                                                <comments>
                            <comment id="16744842" author="jira-bot" created="Thu, 17 Jan 2019 09:54:44 +0000"  >&lt;p&gt;Commit 15eba0723ce6ac85cf98ea99bcada4940d6488b2 in wicket&apos;s branch refs/heads/wicket-7.x from Sven Meier&lt;br/&gt;
[ &lt;a href=&quot;https://gitbox.apache.org/repos/asf?p=wicket.git;h=15eba07&quot; class=&quot;external-link&quot; rel=&quot;nofollow&quot;&gt;https://gitbox.apache.org/repos/asf?p=wicket.git;h=15eba07&lt;/a&gt; ]&lt;/p&gt;

&lt;p&gt;&lt;a href=&quot;https://issues.apache.org/jira/browse/WICKET-6631&quot; title=&quot;AnnotProxyFieldValueFactory does not cache beanNames&quot; class=&quot;issue-link&quot; data-issue-key=&quot;WICKET-6631&quot;&gt;&lt;del&gt;WICKET-6631&lt;/del&gt;&lt;/a&gt; corrected cache key&lt;/p&gt;</comment>
                            <comment id="16744845" author="jira-bot" created="Thu, 17 Jan 2019 09:56:56 +0000"  >&lt;p&gt;Commit 95bd386295428af5f865c1055a1f0228dd053375 in wicket&apos;s branch refs/heads/master from Sven Meier&lt;br/&gt;
[ &lt;a href=&quot;https://gitbox.apache.org/repos/asf?p=wicket.git;h=95bd386&quot; class=&quot;external-link&quot; rel=&quot;nofollow&quot;&gt;https://gitbox.apache.org/repos/asf?p=wicket.git;h=95bd386&lt;/a&gt; ]&lt;/p&gt;

&lt;p&gt;&lt;a href=&quot;https://issues.apache.org/jira/browse/WICKET-6631&quot; title=&quot;AnnotProxyFieldValueFactory does not cache beanNames&quot; class=&quot;issue-link&quot; data-issue-key=&quot;WICKET-6631&quot;&gt;&lt;del&gt;WICKET-6631&lt;/del&gt;&lt;/a&gt; corrected cache key&lt;/p&gt;</comment>
                            <comment id="16744889" author="jira-bot" created="Thu, 17 Jan 2019 10:55:00 +0000"  >&lt;p&gt;Commit ff7543a9db67afc4c927c150f00c0b5f72b05037 in wicket&apos;s branch refs/heads/wicket-8.x from Sven Meier&lt;br/&gt;
[ &lt;a href=&quot;https://gitbox.apache.org/repos/asf?p=wicket.git;h=ff7543a&quot; class=&quot;external-link&quot; rel=&quot;nofollow&quot;&gt;https://gitbox.apache.org/repos/asf?p=wicket.git;h=ff7543a&lt;/a&gt; ]&lt;/p&gt;

&lt;p&gt;&lt;a href=&quot;https://issues.apache.org/jira/browse/WICKET-6631&quot; title=&quot;AnnotProxyFieldValueFactory does not cache beanNames&quot; class=&quot;issue-link&quot; data-issue-key=&quot;WICKET-6631&quot;&gt;&lt;del&gt;WICKET-6631&lt;/del&gt;&lt;/a&gt; corrected cache key&lt;/p&gt;</comment>
                            <comment id="16744893" author="svenmeier" created="Thu, 17 Jan 2019 10:57:00 +0000"  >&lt;p&gt;Many thanks to pschwarzer-tt for spotting this bug.&lt;/p&gt;</comment>
                    </comments>
                <issuelinks>
                            <issuelinktype id="12310560">
                    <name>Problem/Incident</name>
                                                                <inwardlinks description="is caused by">
                                        <issuelink>
            <issuekey id="12954656">WICKET-6133</issuekey>
        </issuelink>
                            </inwardlinks>
                                    </issuelinktype>
                    </issuelinks>
                <attachments>
                    </attachments>
                <subtasks>
                    </subtasks>
                <customfields>
                                                <customfield id="customfield_12310310" key="com.atlassian.jira.toolkit:attachments">
                        <customfieldname>Attachment count</customfieldname>
                        <customfieldvalues>
                            <customfieldvalue>0.0</customfieldvalue>
                        </customfieldvalues>
                    </customfield>
                                                                                                                                                                                                                                                                                                                                                                                                                                                                                                                                                                                        <customfield id="customfield_12310220" key="com.atlassian.jira.ext.charting:firstresponsedate">
                        <customfieldname>Date of First Response</customfieldname>
                        <customfieldvalues>
                            <customfieldvalue>Thu, 17 Jan 2019 09:54:44 +0000</customfieldvalue>

                        </customfieldvalues>
                    </customfield>
                                                                                                                        <customfield id="customfield_12313422" key="com.atlassian.jirafisheyeplugin:jobcheckbox">
                        <customfieldname>Enable Automatic Patch Review</customfieldname>
                        <customfieldvalues>
                            <customfieldvalue><![CDATA[false]]></customfieldvalue>

                        </customfieldvalues>
                    </customfield>
                                                                                                                                                                                                                                                                                                                                                                                                                                                                        <customfield id="customfield_12310420" key="com.pyxis.greenhopper.jira:gh-global-rank">
                        <customfieldname>Global Rank</customfieldname>
                        <customfieldvalues>
                            <customfieldvalue>9223372036854775807</customfieldvalue>
                        </customfieldvalues>
                    </customfield>
                                                                                                                        <customfield id="customfield_12312521" key="com.atlassian.jira.toolkit:LastCommentDate">
                        <customfieldname>Last public comment date</customfieldname>
                        <customfieldvalues>
                            11 weeks, 4 days ago
                        </customfieldvalues>
                    </customfield>
                                                                                                                                                    <customfield id="customfield_12311820" key="com.pyxis.greenhopper.jira:gh-lexo-rank">
                        <customfieldname>Rank</customfieldname>
                        <customfieldvalues>
                            <customfieldvalue>0|y002mg:</customfieldvalue>

                        </customfieldvalues>
                    </customfield>
                                                                <customfield id="customfield_12310920" key="com.pyxis.greenhopper.jira:gh-global-rank">
                        <customfieldname>Rank (Obsolete)</customfieldname>
                        <customfieldvalues>
                            <customfieldvalue>9223372036854775807</customfieldvalue>
                        </customfieldvalues>
                    </customfield>
                                                                                                                                                                                                                                                                                                                            <customfield id="customfield_12310222" key="com.atlassian.jira.ext.charting:timeinstatus">
                        <customfieldname>Time in Status</customfieldname>
                        <customfieldvalues>
                            
                        </customfieldvalues>
                    </customfield>
                                    </customfields>
    </item>


<item>
            <title>[WICKET-6630] FileUpload.writeToTempFile() fails with commons-fileupload 1.4</title>
                <link>https://issues.apache.org/jira/browse/WICKET-6630</link>
                <project id="12310561" key="WICKET">Wicket</project>
                    <description>&lt;p&gt;FileUpload.writeToTempFile() fails with commons-fileupload 1.4&lt;/p&gt;

&lt;p&gt;As of commons-fileupload 1.4, writing the uploaded file to a temp file with &lt;tt&gt;fileUpload.writeToTempFile()&lt;/tt&gt; fails with the following exception:&lt;/p&gt;
&lt;div class=&quot;preformatted panel&quot; style=&quot;border-width: 1px;&quot;&gt;&lt;div class=&quot;preformattedContent panelContent&quot;&gt;
&lt;pre&gt;org.apache.commons.io.FileExistsException: Destination &apos;/var/folders/4y/_1z4yp3d7jv553km1yqc5v2r0000gn/T/null_15476330054763883202739767876103field&apos; already exists
at org.apache.commons.io.FileUtils.moveFile(FileUtils.java:2986)
at org.apache.commons.fileupload.disk.DiskFileItem.write(DiskFileItem.java:405)
at org.apache.wicket.markup.html.form.upload.FileUload.wripteTo(FileUpload.java:234)
at org.apache.wicket.markup.html.form.upload.FileUpload.writeToTempFile(FileUpload.java:254)
&lt;/pre&gt;
&lt;/div&gt;&lt;/div&gt;
&lt;p&gt;This only happens when the file is larger than the size threshold of 10 kB (by default). In that case the uploaded content is already in a temp file and will be moved to the newly created temp file. Commons-fileupload 1.3.3 used &lt;tt&gt;File.rename()&lt;/tt&gt; for this; in 1.4 the implementation has been changed to &lt;tt&gt;FileUtils.moveFile()&lt;/tt&gt;, which does not allow the destination to be present.&lt;/p&gt;

&lt;p&gt;To be functionally compatible with the old situation, &lt;tt&gt;FileUload.writeTo()&lt;/tt&gt; should delete the provided file, if present, before writing.&lt;/p&gt;

&lt;p&gt;See the provided test case.&lt;/p&gt;</description>
                <environment></environment>
        <key id="13209906">WICKET-6630</key>
            <summary>FileUpload.writeToTempFile() fails with commons-fileupload 1.4</summary>
                <type id="1" iconUrl="https://issues.apache.org/jira/secure/viewavatar?size=xsmall&amp;avatarId=21133&amp;avatarType=issuetype">Bug</type>
                                            <priority id="3" iconUrl="https://issues.apache.org/jira/images/icons/priorities/major.svg">Major</priority>
                        <status id="5" iconUrl="https://issues.apache.org/jira/images/icons/statuses/resolved.png" description="A resolution has been taken, and it is awaiting verification by reporter. From here issues are either reopened, or are closed.">Resolved</status>
                    <statusCategory id="3" key="done" colorName="green"/>
                                    <resolution id="1">Fixed</resolution>
                                        <assignee username="mgrigorov">Martin Grigorov</assignee>
                                    <reporter username="laurenshop">Laurens Hop</reporter>
                        <labels>
                    </labels>
                <created>Wed, 16 Jan 2019 13:41:05 +0000</created>
                <updated>Thu, 17 Jan 2019 12:30:23 +0000</updated>
                            <resolved>Thu, 17 Jan 2019 12:30:23 +0000</resolved>
                                    <version>8.2.0</version>
                    <version>8.3.0</version>
                                    <fixVersion>8.3.0</fixVersion>
                    <fixVersion>9.0.0</fixVersion>
                    <fixVersion>7.12.0</fixVersion>
                                    <component>wicket-core</component>
                        <due></due>
                            <votes>0</votes>
                                    <watches>2</watches>
                                                                <comments>
                            <comment id="16744210" author="laurenshop" created="Wed, 16 Jan 2019 16:15:28 +0000"  >&lt;p&gt;Provided a testcase for 8.3-SNAPSHOT (&lt;span class=&quot;nobr&quot;&gt;&lt;a href=&quot;https://issues.apache.org/jira/secure/attachment/12955112/12955112_uploadtest-8.3-SNAPSHOT.zip&quot; title=&quot;uploadtest-8.3-SNAPSHOT.zip attached to WICKET-6630&quot;&gt;uploadtest-8.3-SNAPSHOT.zip&lt;sup&gt;&lt;img class=&quot;rendericon&quot; src=&quot;https://issues.apache.org/jira/images/icons/link_attachment_7.gif&quot; height=&quot;7&quot; width=&quot;7&quot; align=&quot;absmiddle&quot; alt=&quot;&quot; border=&quot;0&quot;/&gt;&lt;/sup&gt;&lt;/a&gt;&lt;/span&gt;) and a PR with a possible solution (&lt;a href=&quot;https://github.com/apache/wicket/pull/346&quot; class=&quot;external-link&quot; rel=&quot;nofollow&quot;&gt;https://github.com/apache/wicket/pull/346&lt;/a&gt;).&lt;/p&gt;</comment>
                            <comment id="16744977" author="jira-bot" created="Thu, 17 Jan 2019 12:19:58 +0000"  >&lt;p&gt;Commit d66a7c361f726ee43d249145329fbe986c02d7d9 in wicket&apos;s branch refs/heads/wicket-8.x from Laurens Hop&lt;br/&gt;
[ &lt;a href=&quot;https://gitbox.apache.org/repos/asf?p=wicket.git;h=d66a7c3&quot; class=&quot;external-link&quot; rel=&quot;nofollow&quot;&gt;https://gitbox.apache.org/repos/asf?p=wicket.git;h=d66a7c3&lt;/a&gt; ]&lt;/p&gt;

&lt;p&gt;&lt;a href=&quot;https://issues.apache.org/jira/browse/WICKET-6630&quot; title=&quot;FileUpload.writeToTempFile() fails with commons-fileupload 1.4&quot; class=&quot;issue-link&quot; data-issue-key=&quot;WICKET-6630&quot;&gt;&lt;del&gt;WICKET-6630&lt;/del&gt;&lt;/a&gt; Delete (temp) file before writing to it&lt;/p&gt;

&lt;p&gt;As of commons-fileupload 1.4, FileUtils.moveFile() is used to write the uploaded contents to the provided file. This implementation does not allow the destination to be present.&lt;/p&gt;</comment>
                            <comment id="16744978" author="jira-bot" created="Thu, 17 Jan 2019 12:19:59 +0000"  >&lt;p&gt;Commit 8e170dce9ae76cac91de1b1bd05d3e839bde179e in wicket&apos;s branch refs/heads/wicket-8.x from Martin Grigorov&lt;br/&gt;
[ &lt;a href=&quot;https://gitbox.apache.org/repos/asf?p=wicket.git;h=8e170dc&quot; class=&quot;external-link&quot; rel=&quot;nofollow&quot;&gt;https://gitbox.apache.org/repos/asf?p=wicket.git;h=8e170dc&lt;/a&gt; ]&lt;/p&gt;

&lt;p&gt;Merge pull request #346 from laurenshop/&lt;a href=&quot;https://issues.apache.org/jira/browse/WICKET-6630&quot; title=&quot;FileUpload.writeToTempFile() fails with commons-fileupload 1.4&quot; class=&quot;issue-link&quot; data-issue-key=&quot;WICKET-6630&quot;&gt;&lt;del&gt;WICKET-6630&lt;/del&gt;&lt;/a&gt;&lt;/p&gt;

&lt;p&gt;&lt;a href=&quot;https://issues.apache.org/jira/browse/WICKET-6630&quot; title=&quot;FileUpload.writeToTempFile() fails with commons-fileupload 1.4&quot; class=&quot;issue-link&quot; data-issue-key=&quot;WICKET-6630&quot;&gt;&lt;del&gt;WICKET-6630&lt;/del&gt;&lt;/a&gt; Delete (temp) file before writing to it&lt;/p&gt;</comment>
                            <comment id="16744979" author="jira-bot" created="Thu, 17 Jan 2019 12:19:59 +0000"  >&lt;p&gt;Commit 8e170dce9ae76cac91de1b1bd05d3e839bde179e in wicket&apos;s branch refs/heads/wicket-8.x from Martin Grigorov&lt;br/&gt;
[ &lt;a href=&quot;https://gitbox.apache.org/repos/asf?p=wicket.git;h=8e170dc&quot; class=&quot;external-link&quot; rel=&quot;nofollow&quot;&gt;https://gitbox.apache.org/repos/asf?p=wicket.git;h=8e170dc&lt;/a&gt; ]&lt;/p&gt;

&lt;p&gt;Merge pull request #346 from laurenshop/&lt;a href=&quot;https://issues.apache.org/jira/browse/WICKET-6630&quot; title=&quot;FileUpload.writeToTempFile() fails with commons-fileupload 1.4&quot; class=&quot;issue-link&quot; data-issue-key=&quot;WICKET-6630&quot;&gt;&lt;del&gt;WICKET-6630&lt;/del&gt;&lt;/a&gt;&lt;/p&gt;

&lt;p&gt;&lt;a href=&quot;https://issues.apache.org/jira/browse/WICKET-6630&quot; title=&quot;FileUpload.writeToTempFile() fails with commons-fileupload 1.4&quot; class=&quot;issue-link&quot; data-issue-key=&quot;WICKET-6630&quot;&gt;&lt;del&gt;WICKET-6630&lt;/del&gt;&lt;/a&gt; Delete (temp) file before writing to it&lt;/p&gt;</comment>
                            <comment id="16744984" author="jira-bot" created="Thu, 17 Jan 2019 12:23:52 +0000"  >&lt;p&gt;Commit cd7b54e7aad062a18fb9cd7723668e178f28e1cb in wicket&apos;s branch refs/heads/wicket-8.x from Martin Tzvetanov Grigorov&lt;br/&gt;
[ &lt;a href=&quot;https://gitbox.apache.org/repos/asf?p=wicket.git;h=cd7b54e&quot; class=&quot;external-link&quot; rel=&quot;nofollow&quot;&gt;https://gitbox.apache.org/repos/asf?p=wicket.git;h=cd7b54e&lt;/a&gt; ]&lt;/p&gt;

&lt;p&gt;&lt;a href=&quot;https://issues.apache.org/jira/browse/WICKET-6630&quot; title=&quot;FileUpload.writeToTempFile() fails with commons-fileupload 1.4&quot; class=&quot;issue-link&quot; data-issue-key=&quot;WICKET-6630&quot;&gt;&lt;del&gt;WICKET-6630&lt;/del&gt;&lt;/a&gt; Delete (temp) file before writing to it&lt;/p&gt;

&lt;p&gt;Use wicket-util Files to remove the file. It checks whether it is an existing file and retries on error&lt;/p&gt;</comment>
                            <comment id="16744985" author="jira-bot" created="Thu, 17 Jan 2019 12:24:53 +0000"  >&lt;p&gt;Commit bbabd992795dfb143b9f376e455dfcb7743a99ac in wicket&apos;s branch refs/heads/master from Laurens Hop&lt;br/&gt;
[ &lt;a href=&quot;https://gitbox.apache.org/repos/asf?p=wicket.git;h=bbabd99&quot; class=&quot;external-link&quot; rel=&quot;nofollow&quot;&gt;https://gitbox.apache.org/repos/asf?p=wicket.git;h=bbabd99&lt;/a&gt; ]&lt;/p&gt;

&lt;p&gt;&lt;a href=&quot;https://issues.apache.org/jira/browse/WICKET-6630&quot; title=&quot;FileUpload.writeToTempFile() fails with commons-fileupload 1.4&quot; class=&quot;issue-link&quot; data-issue-key=&quot;WICKET-6630&quot;&gt;&lt;del&gt;WICKET-6630&lt;/del&gt;&lt;/a&gt; Delete (temp) file before writing to it&lt;/p&gt;

&lt;p&gt;As of commons-fileupload 1.4, FileUtils.moveFile() is used to write the uploaded contents to the provided file. This implementation does not allow the destination to be present.&lt;/p&gt;

&lt;p&gt;(cherry picked from commit d66a7c361f726ee43d249145329fbe986c02d7d9)&lt;/p&gt;</comment>
                            <comment id="16744986" author="jira-bot" created="Thu, 17 Jan 2019 12:24:54 +0000"  >&lt;p&gt;Commit a2386f00762824bbd572fcf264cf162a360a51c8 in wicket&apos;s branch refs/heads/master from Martin Tzvetanov Grigorov&lt;br/&gt;
[ &lt;a href=&quot;https://gitbox.apache.org/repos/asf?p=wicket.git;h=a2386f0&quot; class=&quot;external-link&quot; rel=&quot;nofollow&quot;&gt;https://gitbox.apache.org/repos/asf?p=wicket.git;h=a2386f0&lt;/a&gt; ]&lt;/p&gt;

&lt;p&gt;&lt;a href=&quot;https://issues.apache.org/jira/browse/WICKET-6630&quot; title=&quot;FileUpload.writeToTempFile() fails with commons-fileupload 1.4&quot; class=&quot;issue-link&quot; data-issue-key=&quot;WICKET-6630&quot;&gt;&lt;del&gt;WICKET-6630&lt;/del&gt;&lt;/a&gt; Delete (temp) file before writing to it&lt;/p&gt;

&lt;p&gt;Use wicket-util Files to remove the file. It checks whether it is an existing file and retries on error&lt;/p&gt;

&lt;p&gt;(cherry picked from commit cd7b54e7aad062a18fb9cd7723668e178f28e1cb)&lt;/p&gt;</comment>
                            <comment id="16744988" author="jira-bot" created="Thu, 17 Jan 2019 12:25:26 +0000"  >&lt;p&gt;Commit 50e2ef20760b2cad542602245d8e613fd3503b44 in wicket&apos;s branch refs/heads/wicket-7.x from Laurens Hop&lt;br/&gt;
[ &lt;a href=&quot;https://gitbox.apache.org/repos/asf?p=wicket.git;h=50e2ef2&quot; class=&quot;external-link&quot; rel=&quot;nofollow&quot;&gt;https://gitbox.apache.org/repos/asf?p=wicket.git;h=50e2ef2&lt;/a&gt; ]&lt;/p&gt;

&lt;p&gt;&lt;a href=&quot;https://issues.apache.org/jira/browse/WICKET-6630&quot; title=&quot;FileUpload.writeToTempFile() fails with commons-fileupload 1.4&quot; class=&quot;issue-link&quot; data-issue-key=&quot;WICKET-6630&quot;&gt;&lt;del&gt;WICKET-6630&lt;/del&gt;&lt;/a&gt; Delete (temp) file before writing to it&lt;/p&gt;

&lt;p&gt;As of commons-fileupload 1.4, FileUtils.moveFile() is used to write the uploaded contents to the provided file. This implementation does not allow the destination to be present.&lt;/p&gt;

&lt;p&gt;(cherry picked from commit d66a7c361f726ee43d249145329fbe986c02d7d9)&lt;/p&gt;</comment>
                            <comment id="16744989" author="jira-bot" created="Thu, 17 Jan 2019 12:25:27 +0000"  >&lt;p&gt;Commit 03082b53736f0089d3ab0b073ab0b88d09ddb646 in wicket&apos;s branch refs/heads/wicket-7.x from Martin Tzvetanov Grigorov&lt;br/&gt;
[ &lt;a href=&quot;https://gitbox.apache.org/repos/asf?p=wicket.git;h=03082b5&quot; class=&quot;external-link&quot; rel=&quot;nofollow&quot;&gt;https://gitbox.apache.org/repos/asf?p=wicket.git;h=03082b5&lt;/a&gt; ]&lt;/p&gt;

&lt;p&gt;&lt;a href=&quot;https://issues.apache.org/jira/browse/WICKET-6630&quot; title=&quot;FileUpload.writeToTempFile() fails with commons-fileupload 1.4&quot; class=&quot;issue-link&quot; data-issue-key=&quot;WICKET-6630&quot;&gt;&lt;del&gt;WICKET-6630&lt;/del&gt;&lt;/a&gt; Delete (temp) file before writing to it&lt;/p&gt;

&lt;p&gt;Use wicket-util Files to remove the file. It checks whether it is an existing file and retries on error&lt;/p&gt;

&lt;p&gt;(cherry picked from commit cd7b54e7aad062a18fb9cd7723668e178f28e1cb)&lt;/p&gt;</comment>
                            <comment id="16744993" author="mgrigorov" created="Thu, 17 Jan 2019 12:30:23 +0000"  >&lt;p&gt;Thank you, &lt;a href=&quot;https://issues.apache.org/jira/secure/ViewProfile.jspa?name=laurenshop&quot; class=&quot;user-hover&quot; rel=&quot;laurenshop&quot;&gt;Laurens Hop&lt;/a&gt;!&lt;/p&gt;</comment>
                    </comments>
                    <attachments>
                            <attachment id="12955112" name="uploadtest-8.3-SNAPSHOT.zip" size="10353" author="laurenshop" created="Wed, 16 Jan 2019 16:13:36 +0000"/>
                            <attachment id="12955096" name="uploadtest.zip" size="10396" author="laurenshop" created="Wed, 16 Jan 2019 13:40:12 +0000"/>
                    </attachments>
                <subtasks>
                    </subtasks>
                <customfields>
                                                <customfield id="customfield_12310310" key="com.atlassian.jira.toolkit:attachments">
                        <customfieldname>Attachment count</customfieldname>
                        <customfieldvalues>
                            <customfieldvalue>2.0</customfieldvalue>
                        </customfieldvalues>
                    </customfield>
                                                                                                                                                                                                                                                                                                                                                                                                                                                                                                                                                                                        <customfield id="customfield_12310220" key="com.atlassian.jira.ext.charting:firstresponsedate">
                        <customfieldname>Date of First Response</customfieldname>
                        <customfieldvalues>
                            <customfieldvalue>Thu, 17 Jan 2019 12:19:58 +0000</customfieldvalue>

                        </customfieldvalues>
                    </customfield>
                                                                                                                        <customfield id="customfield_12313422" key="com.atlassian.jirafisheyeplugin:jobcheckbox">
                        <customfieldname>Enable Automatic Patch Review</customfieldname>
                        <customfieldvalues>
                            <customfieldvalue><![CDATA[false]]></customfieldvalue>

                        </customfieldvalues>
                    </customfield>
                                                                                                                                                                                                                                                                                                                                                                                                                                                                        <customfield id="customfield_12310420" key="com.pyxis.greenhopper.jira:gh-global-rank">
                        <customfieldname>Global Rank</customfieldname>
                        <customfieldvalues>
                            <customfieldvalue>9223372036854775807</customfieldvalue>
                        </customfieldvalues>
                    </customfield>
                                                                                                                        <customfield id="customfield_12312521" key="com.atlassian.jira.toolkit:LastCommentDate">
                        <customfieldname>Last public comment date</customfieldname>
                        <customfieldvalues>
                            11 weeks, 3 days ago
                        </customfieldvalues>
                    </customfield>
                                                                                                                                                    <customfield id="customfield_12311820" key="com.pyxis.greenhopper.jira:gh-lexo-rank">
                        <customfieldname>Rank</customfieldname>
                        <customfieldvalues>
                            <customfieldvalue>0|y002k0:</customfieldvalue>

                        </customfieldvalues>
                    </customfield>
                                                                <customfield id="customfield_12310920" key="com.pyxis.greenhopper.jira:gh-global-rank">
                        <customfieldname>Rank (Obsolete)</customfieldname>
                        <customfieldvalues>
                            <customfieldvalue>9223372036854775807</customfieldvalue>
                        </customfieldvalues>
                    </customfield>
                                                                                                                                                                                                                                                                                                                            <customfield id="customfield_12310222" key="com.atlassian.jira.ext.charting:timeinstatus">
                        <customfieldname>Time in Status</customfieldname>
                        <customfieldvalues>
                            
                        </customfieldvalues>
                    </customfield>
                                    </customfields>
    </item>


<item>
            <title>[WICKET-6629] OOM (and disk) in AsynchronousPageStore</title>
                <link>https://issues.apache.org/jira/browse/WICKET-6629</link>
                <project id="12310561" key="WICKET">Wicket</project>
                    <description>&lt;p&gt;Symptoms:&lt;/p&gt;
&lt;ol&gt;
	&lt;li&gt;Out of memory on DiskDataStore.sessionEntryMap, map contains tens of thousands of DiskDataStore$SessionEntry&apos;s&lt;/li&gt;
	&lt;li&gt;The vm only contains a few hundred PageStoreManager$SessionEntry&apos;s. This is expected, but not consistent with the number of DiskDataStore$SessionEntry&apos;s&lt;/li&gt;
	&lt;li&gt;Slowly growing disk usage, the Wicket filestore contains millions of directories, up to the point where even ls becomes unusable.&lt;/li&gt;
&lt;/ol&gt;


&lt;p&gt;&#160;&lt;/p&gt;

&lt;p&gt;Snippet from our productions logs (Wicket 8.2.0):&lt;/p&gt;
&lt;div class=&quot;code panel&quot; style=&quot;border-width: 1px;&quot;&gt;&lt;div class=&quot;codeContent panelContent&quot;&gt;
&lt;pre class=&quot;code-java&quot;&gt;
2019-01-09 17:09:40,662 DEBUG [org.apache.wicket.session.HttpSessionStore] (&lt;span class=&quot;code-keyword&quot;&gt;default&lt;/span&gt; task-2513) Session unbound: 5nSIPXlkpRkGu5Oo3_wuwf801Y6TM3K1_k-95uIi
2019-01-09 17:09:40,662 DEBUG [org.apache.wicket.pageStore.DiskDataStore] (&lt;span class=&quot;code-keyword&quot;&gt;default&lt;/span&gt; task-2513) Removing data &lt;span class=&quot;code-keyword&quot;&gt;for&lt;/span&gt; pages in session with id &lt;span class=&quot;code-quote&quot;&gt;&apos;5nSIPXlkpRkGu5Oo3_wuwf801Y6TM3K1_k-95uIi&apos;&lt;/span&gt;
2019-01-09 17:09:40,663 DEBUG [org.apache.wicket.pageStore.AsynchronousDataStore] (Wicket-AsyncDataStore-PageSavingThread) PageSavingRunnable:: Saving asynchronously: Entry [sessionId=5nSIPXlkpRkGu5Oo3_wuwf801Y6TM3K1_k-95uIi, pageId=2]...
2019-01-09 17:09:40,663 DEBUG [org.apache.wicket.pageStore.DiskDataStore] (Wicket-AsyncDataStore-PageSavingThread) Storing data &lt;span class=&quot;code-keyword&quot;&gt;for&lt;/span&gt; page with id &lt;span class=&quot;code-quote&quot;&gt;&apos;2&apos;&lt;/span&gt; in session with id &lt;span class=&quot;code-quote&quot;&gt;&apos;5nSIPXlkpRkGu5Oo3_wuwf801Y6TM3K1_k-95uIi&apos;&lt;/span&gt;
&lt;/pre&gt;
&lt;/div&gt;&lt;/div&gt;

&lt;p&gt;Problem (as far as I can tell) &lt;br/&gt;
The PageSavingRunnable of the AsynchronousPageStore saves entries to the DiskDataStore after the corresponding session has been invalidated and its DiskDataStore has been cleaned. Because the session is destroyed according to the container and Wicket session handling there is nothing triggering a cleanup for this session anymore.&lt;/p&gt;

&lt;p&gt;&#160;&lt;/p&gt;

&lt;p&gt;Attached is a testcase (master branch) to showcase what is happening. Because it is a timing issue I &apos;faked&apos; the testcase and temporarily stopped the PageSavingRunnable to create a scenario where the PageSavingRunnable would save an entry for an already invalidated session.&lt;/p&gt;

&lt;p&gt;&#160;&lt;/p&gt;</description>
                <environment></environment>
        <key id="13208809">WICKET-6629</key>
            <summary>OOM (and disk) in AsynchronousPageStore</summary>
                <type id="1" iconUrl="https://issues.apache.org/jira/secure/viewavatar?size=xsmall&amp;avatarId=21133&amp;avatarType=issuetype">Bug</type>
                                            <priority id="3" iconUrl="https://issues.apache.org/jira/images/icons/priorities/major.svg">Major</priority>
                        <status id="5" iconUrl="https://issues.apache.org/jira/images/icons/statuses/resolved.png" description="A resolution has been taken, and it is awaiting verification by reporter. From here issues are either reopened, or are closed.">Resolved</status>
                    <statusCategory id="3" key="done" colorName="green"/>
                                    <resolution id="1">Fixed</resolution>
                                        <assignee username="mgrigorov">Martin Grigorov</assignee>
                                    <reporter username="sboschman">Sverre Boschman</reporter>
                        <labels>
                            <label>serialization</label>
                    </labels>
                <created>Thu, 10 Jan 2019 15:24:58 +0000</created>
                <updated>Sun, 20 Jan 2019 17:29:18 +0000</updated>
                            <resolved>Fri, 11 Jan 2019 12:05:48 +0000</resolved>
                                    <version>8.2.0</version>
                    <version>9.0.0</version>
                                    <fixVersion>8.3.0</fixVersion>
                    <fixVersion>9.0.0</fixVersion>
                                    <component>wicket</component>
                        <due></due>
                            <votes>0</votes>
                                    <watches>4</watches>
                                                                <comments>
                            <comment id="16740309" author="mgrigorov" created="Fri, 11 Jan 2019 11:41:01 +0000"  >&lt;p&gt;The attached test case fails for me with:&lt;/p&gt;

&lt;div class=&quot;code panel&quot; style=&quot;border-width: 1px;&quot;&gt;&lt;div class=&quot;codeContent panelContent&quot;&gt;
&lt;pre class=&quot;code-java&quot;&gt;
java.lang.AssertionError: expected &lt;span class=&quot;code-keyword&quot;&gt;null&lt;/span&gt;, but was:&amp;lt;[B@5c90e579&amp;gt;

	at org.junit.Assert.fail(Assert.java:88)
	at org.junit.Assert.failNotNull(Assert.java:755)
	at org.junit.Assert.assertNull(Assert.java:737)
	at org.junit.Assert.assertNull(Assert.java:747)
	at org.apache.wicket.pageStore.AsyncPageStoreManagerTest.invalidateSessionBeforeSave(AsyncPageStoreManagerTest.java:112)
&lt;/pre&gt;
&lt;/div&gt;&lt;/div&gt;

&lt;p&gt;&lt;b&gt;Update&lt;/b&gt;: I see that actually failing is the expected behavior. All is clear! &lt;/p&gt;
</comment>
                            <comment id="16740322" author="jira-bot" created="Fri, 11 Jan 2019 11:58:04 +0000"  >&lt;p&gt;Commit 5cf4f6c8936aaf01bb5a3cae1c392bf2545cf9a0 in wicket&apos;s branch refs/heads/master from Martin Tzvetanov Grigorov&lt;br/&gt;
[ &lt;a href=&quot;https://gitbox.apache.org/repos/asf?p=wicket.git;h=5cf4f6c&quot; class=&quot;external-link&quot; rel=&quot;nofollow&quot;&gt;https://gitbox.apache.org/repos/asf?p=wicket.git;h=5cf4f6c&lt;/a&gt; ]&lt;/p&gt;

&lt;p&gt;&lt;a href=&quot;https://issues.apache.org/jira/browse/WICKET-6629&quot; title=&quot;OOM (and disk) in AsynchronousPageStore&quot; class=&quot;issue-link&quot; data-issue-key=&quot;WICKET-6629&quot;&gt;&lt;del&gt;WICKET-6629&lt;/del&gt;&lt;/a&gt; OOM (and disk) in AsynchronousPageStore&lt;/p&gt;

&lt;p&gt;Clear the AsynchronousPageStore&apos;s entries for expired sessions&lt;/p&gt;</comment>
                            <comment id="16740325" author="jira-bot" created="Fri, 11 Jan 2019 12:00:21 +0000"  >&lt;p&gt;Commit e5b1290a1e7f4954cf76f7e4e47c4b1569d7edea in wicket&apos;s branch refs/heads/wicket-8.x from Martin Tzvetanov Grigorov&lt;br/&gt;
[ &lt;a href=&quot;https://gitbox.apache.org/repos/asf?p=wicket.git;h=e5b1290&quot; class=&quot;external-link&quot; rel=&quot;nofollow&quot;&gt;https://gitbox.apache.org/repos/asf?p=wicket.git;h=e5b1290&lt;/a&gt; ]&lt;/p&gt;

&lt;p&gt;&lt;a href=&quot;https://issues.apache.org/jira/browse/WICKET-6629&quot; title=&quot;OOM (and disk) in AsynchronousPageStore&quot; class=&quot;issue-link&quot; data-issue-key=&quot;WICKET-6629&quot;&gt;&lt;del&gt;WICKET-6629&lt;/del&gt;&lt;/a&gt; OOM (and disk) in AsynchronousPageStore&lt;/p&gt;

&lt;p&gt;Clear the AsynchronousPageStore&apos;s entries for expired sessions&lt;/p&gt;

&lt;p&gt;(cherry picked from commit 5cf4f6c8936aaf01bb5a3cae1c392bf2545cf9a0)&lt;/p&gt;</comment>
                            <comment id="16740326" author="jira-bot" created="Fri, 11 Jan 2019 12:00:22 +0000"  >&lt;p&gt;Commit e9d5f4741923c31cabeb52214a59a57baa276678 in wicket&apos;s branch refs/heads/wicket-8.x from Martin Tzvetanov Grigorov&lt;br/&gt;
[ &lt;a href=&quot;https://gitbox.apache.org/repos/asf?p=wicket.git;h=e9d5f47&quot; class=&quot;external-link&quot; rel=&quot;nofollow&quot;&gt;https://gitbox.apache.org/repos/asf?p=wicket.git;h=e9d5f47&lt;/a&gt; ]&lt;/p&gt;

&lt;p&gt;&lt;a href=&quot;https://issues.apache.org/jira/browse/WICKET-6629&quot; title=&quot;OOM (and disk) in AsynchronousPageStore&quot; class=&quot;issue-link&quot; data-issue-key=&quot;WICKET-6629&quot;&gt;&lt;del&gt;WICKET-6629&lt;/del&gt;&lt;/a&gt; OOM (and disk) in AsynchronousPageStore&lt;/p&gt;

&lt;p&gt;JUnit 4&lt;/p&gt;</comment>
                            <comment id="16740332" author="mgrigorov" created="Fri, 11 Jan 2019 12:05:49 +0000"  >&lt;p&gt;org.apache.wicket.pageStore.AsynchronousPageStore has been introduced in 8.0.0 so earlier versions do not have this problem.&lt;/p&gt;</comment>
                            <comment id="16740334" author="jira-bot" created="Fri, 11 Jan 2019 12:08:18 +0000"  >&lt;p&gt;Commit 0108d09438d1b2f6bd8c04445955490ac1d4d5f1 in wicket&apos;s branch refs/heads/wicket-8.x from Martin Tzvetanov Grigorov&lt;br/&gt;
[ &lt;a href=&quot;https://gitbox.apache.org/repos/asf?p=wicket.git;h=0108d09&quot; class=&quot;external-link&quot; rel=&quot;nofollow&quot;&gt;https://gitbox.apache.org/repos/asf?p=wicket.git;h=0108d09&lt;/a&gt; ]&lt;/p&gt;

&lt;p&gt;&lt;a href=&quot;https://issues.apache.org/jira/browse/WICKET-6629&quot; title=&quot;OOM (and disk) in AsynchronousPageStore&quot; class=&quot;issue-link&quot; data-issue-key=&quot;WICKET-6629&quot;&gt;&lt;del&gt;WICKET-6629&lt;/del&gt;&lt;/a&gt; OOM (and disk) in AsynchronousPageStore&lt;/p&gt;

&lt;p&gt;Move to the correct package. I&apos;ve pasted it in the wrond one by mistake&lt;/p&gt;</comment>
                            <comment id="16740335" author="jira-bot" created="Fri, 11 Jan 2019 12:08:37 +0000"  >&lt;p&gt;Commit a17af33c524a21026b464e185746fee07904b2b1 in wicket&apos;s branch refs/heads/master from Martin Tzvetanov Grigorov&lt;br/&gt;
[ &lt;a href=&quot;https://gitbox.apache.org/repos/asf?p=wicket.git;h=a17af33&quot; class=&quot;external-link&quot; rel=&quot;nofollow&quot;&gt;https://gitbox.apache.org/repos/asf?p=wicket.git;h=a17af33&lt;/a&gt; ]&lt;/p&gt;

&lt;p&gt;&lt;a href=&quot;https://issues.apache.org/jira/browse/WICKET-6629&quot; title=&quot;OOM (and disk) in AsynchronousPageStore&quot; class=&quot;issue-link&quot; data-issue-key=&quot;WICKET-6629&quot;&gt;&lt;del&gt;WICKET-6629&lt;/del&gt;&lt;/a&gt; OOM (and disk) in AsynchronousPageStore&lt;/p&gt;

&lt;p&gt;Move to the correct package. I&apos;ve pasted it in the wrond one by mistake&lt;/p&gt;

&lt;p&gt;(cherry picked from commit 0108d09438d1b2f6bd8c04445955490ac1d4d5f1)&lt;/p&gt;</comment>
                            <comment id="16740544" author="svenmeier" created="Fri, 11 Jan 2019 16:40:26 +0000"  >&lt;p&gt;What about AsynchronousDataStore? It works identically to AsynchronousPageStore.&lt;/p&gt;

&lt;p&gt;What happens in the following case?&lt;/p&gt;
&lt;ul&gt;
	&lt;li&gt;PageSavingRunnable polls an entry&lt;/li&gt;
	&lt;li&gt;that entry&apos;s session is invalidated (nothing to remove from entries), unbind is delegated to the disk storage&lt;/li&gt;
	&lt;li&gt;PageSavingRunnable now delegates the entry&apos;s page to the disk storage&lt;/li&gt;
&lt;/ul&gt;
</comment>
                            <comment id="16741820" author="mgrigorov" created="Mon, 14 Jan 2019 07:13:33 +0000"  >&lt;p&gt;I think AsynchronousDataStore does not have this problem but I will check again these days.&lt;/p&gt;</comment>
                            <comment id="16745894" author="mgrigorov" created="Fri, 18 Jan 2019 08:33:01 +0000"  >&lt;p&gt;AsynchronousDataStore has this code:&lt;/p&gt;

&lt;div class=&quot;code panel&quot; style=&quot;border-width: 1px;&quot;&gt;&lt;div class=&quot;codeContent panelContent&quot;&gt;
&lt;pre class=&quot;code-java&quot;&gt;
@Override
	&lt;span class=&quot;code-keyword&quot;&gt;public&lt;/span&gt; void removeData(&lt;span class=&quot;code-keyword&quot;&gt;final&lt;/span&gt; &lt;span class=&quot;code-object&quot;&gt;String&lt;/span&gt; sessionId)
	{
		&lt;span class=&quot;code-keyword&quot;&gt;for&lt;/span&gt; (Iterator&amp;lt;Entry&amp;gt; itor = entries.iterator(); itor.hasNext();)
		{
			Entry entry = itor.next();
			&lt;span class=&quot;code-keyword&quot;&gt;if&lt;/span&gt; (entry != &lt;span class=&quot;code-keyword&quot;&gt;null&lt;/span&gt;) &lt;span class=&quot;code-comment&quot;&gt;// &lt;span class=&quot;code-keyword&quot;&gt;this&lt;/span&gt; check is not needed in JDK6
&lt;/span&gt;			{
				&lt;span class=&quot;code-object&quot;&gt;String&lt;/span&gt; entrySessionId = entry.sessionId;

				&lt;span class=&quot;code-keyword&quot;&gt;if&lt;/span&gt; (sessionId.equals(entrySessionId))
				{
					entryMap.remove(getKey(entry));
					itor.remove();
				}
			}
		}

		dataStore.removeData(sessionId);
	}
&lt;/pre&gt;
&lt;/div&gt;&lt;/div&gt;

&lt;p&gt;&lt;a href=&quot;https://github.com/apache/wicket/blob/wicket-8.x/wicket-core/src/main/java/org/apache/wicket/pageStore/AsynchronousDataStore.java#L158-L166&quot; class=&quot;external-link&quot; rel=&quot;nofollow&quot;&gt;https://github.com/apache/wicket/blob/wicket-8.x/wicket-core/src/main/java/org/apache/wicket/pageStore/AsynchronousDataStore.java#L158-L166&lt;/a&gt;&lt;/p&gt;

&lt;p&gt;which is the more verbose version of `entries.removeIf()` that I used in AsynchronousPageStore.&lt;/p&gt;</comment>
                            <comment id="16747503" author="svenmeier" created="Sun, 20 Jan 2019 17:29:18 +0000"  >&lt;p&gt;Yes, you&apos;re right&#160; - I was looking for #unbind() in AsynchronousDataStore o_O&lt;/p&gt;</comment>
                    </comments>
                    <attachments>
                            <attachment id="12954439" name="AsyncPageStoreManagerTest.java" size="5126" author="sboschman" created="Thu, 10 Jan 2019 15:11:09 +0000"/>
                    </attachments>
                <subtasks>
                    </subtasks>
                <customfields>
                                                <customfield id="customfield_12310310" key="com.atlassian.jira.toolkit:attachments">
                        <customfieldname>Attachment count</customfieldname>
                        <customfieldvalues>
                            <customfieldvalue>1.0</customfieldvalue>
                        </customfieldvalues>
                    </customfield>
                                                                                                                                                                                                                                                                                                                                                                                                                                                                                                                                                                                        <customfield id="customfield_12310220" key="com.atlassian.jira.ext.charting:firstresponsedate">
                        <customfieldname>Date of First Response</customfieldname>
                        <customfieldvalues>
                            <customfieldvalue>Fri, 11 Jan 2019 11:41:01 +0000</customfieldvalue>

                        </customfieldvalues>
                    </customfield>
                                                                                                                        <customfield id="customfield_12313422" key="com.atlassian.jirafisheyeplugin:jobcheckbox">
                        <customfieldname>Enable Automatic Patch Review</customfieldname>
                        <customfieldvalues>
                            <customfieldvalue><![CDATA[false]]></customfieldvalue>

                        </customfieldvalues>
                    </customfield>
                                                                                                                                                    <customfield id="customfield_12311020" key="com.atlassian.jira.plugin.system.customfieldtypes:url">
                        <customfieldname>External issue URL</customfieldname>
                        <customfieldvalues>
                            <customfieldvalue><![CDATA[https://issues.apache.org/jira/browse/WICKET-6177]]></customfieldvalue>

                        </customfieldvalues>
                    </customfield>
                                                                                                                                                                                                                                                                                                                                                        <customfield id="customfield_12310420" key="com.pyxis.greenhopper.jira:gh-global-rank">
                        <customfieldname>Global Rank</customfieldname>
                        <customfieldvalues>
                            <customfieldvalue>9223372036854775807</customfieldvalue>
                        </customfieldvalues>
                    </customfield>
                                                                                                                        <customfield id="customfield_12312521" key="com.atlassian.jira.toolkit:LastCommentDate">
                        <customfieldname>Last public comment date</customfieldname>
                        <customfieldvalues>
                            11 weeks ago
                        </customfieldvalues>
                    </customfield>
                                                                                                                                                    <customfield id="customfield_12311820" key="com.pyxis.greenhopper.jira:gh-lexo-rank">
                        <customfieldname>Rank</customfieldname>
                        <customfieldvalues>
                            <customfieldvalue>0|u00pns:</customfieldvalue>

                        </customfieldvalues>
                    </customfield>
                                                                <customfield id="customfield_12310920" key="com.pyxis.greenhopper.jira:gh-global-rank">
                        <customfieldname>Rank (Obsolete)</customfieldname>
                        <customfieldvalues>
                            <customfieldvalue>9223372036854775807</customfieldvalue>
                        </customfieldvalues>
                    </customfield>
                                                                                                                                                                                                                                                                                                                            <customfield id="customfield_12310222" key="com.atlassian.jira.ext.charting:timeinstatus">
                        <customfieldname>Time in Status</customfieldname>
                        <customfieldvalues>
                            
                        </customfieldvalues>
                    </customfield>
                                    </customfields>
    </item>


<item>
            <title>[WICKET-6628] wicket-ioc needs to use ASM 7 and CGLIB 3.2.10 to be compatible with JDK11</title>
                <link>https://issues.apache.org/jira/browse/WICKET-6628</link>
                <project id="12310561" key="WICKET">Wicket</project>
                    <description>&lt;p&gt;Trying to use Wicket 8.2. (more specificially, wicket-ioc 8.2 and the @SpringBean annotation) on OpenJDK 11 crashes when the application was also compiled to JDK11 bytecode (but works fine when compiling with --target 10 and running on OpenJDK 11).&lt;/p&gt;

&lt;p&gt;Java version:&lt;/p&gt;


&lt;div class=&quot;code panel&quot; style=&quot;border-width: 1px;&quot;&gt;&lt;div class=&quot;codeContent panelContent&quot;&gt;
&lt;pre class=&quot;code-java&quot;&gt;
openjdk version &lt;span class=&quot;code-quote&quot;&gt;&quot;11&quot;&lt;/span&gt; 2018-09-25
OpenJDK &lt;span class=&quot;code-object&quot;&gt;Runtime&lt;/span&gt; Environment 18.9 (build 11+28)
OpenJDK 64-Bit Server VM 18.9 (build 11+28, mixed mode)
&lt;/pre&gt;
&lt;/div&gt;&lt;/div&gt;
&lt;p&gt;&#160;&lt;/p&gt;

&lt;p&gt;Crash caused by outdated asm-utils version:&lt;/p&gt;
&lt;div class=&quot;code panel&quot; style=&quot;border-width: 1px;&quot;&gt;&lt;div class=&quot;codeContent panelContent&quot;&gt;
&lt;pre class=&quot;code-java&quot;&gt;
&#160;&#160;&#160; java.lang.UnsupportedOperationException
&#160;&#160;&#160;&#160;&#160;&#160;&#160;&#160;&#160;&#160;&#160; at org.objectweb.asm.ClassVisitor.visitNestMemberExperimental(ClassVisitor.java:248)
&#160;&#160;&#160;&#160;&#160;&#160;&#160;&#160;&#160;&#160;&#160; at org.objectweb.asm.ClassReader.accept(ClassReader.java:651)
&#160;&#160;&#160;&#160;&#160;&#160;&#160;&#160;&#160;&#160;&#160; at org.objectweb.asm.ClassReader.accept(ClassReader.java:391)
&#160;&#160;&#160;&#160;&#160;&#160;&#160;&#160;&#160;&#160;&#160; at net.sf.cglib.proxy.BridgeMethodResolver.resolveAll(BridgeMethodResolver.java:70)
&#160;&#160;&#160;&#160;&#160;&#160;&#160;&#160;&#160;&#160;&#160; at net.sf.cglib.proxy.Enhancer.emitMethods(Enhancer.java:1132)
&#160;&#160;&#160;&#160;&#160;&#160;&#160;&#160;&#160;&#160;&#160; at net.sf.cglib.proxy.Enhancer.generateClass(Enhancer.java:630)
&#160;&#160;&#160;&#160;&#160;&#160;&#160;&#160;&#160;&#160;&#160; at net.sf.cglib.core.DefaultGeneratorStrategy.generate(DefaultGeneratorStrategy.java:25)
&#160;&#160;&#160;&#160;&#160;&#160;&#160;&#160;&#160;&#160;&#160; at net.sf.cglib.core.AbstractClassGenerator.generate(AbstractClassGenerator.java:329)
&#160;&#160;&#160;&#160;&#160;&#160;&#160;&#160;&#160;&#160;&#160; at net.sf.cglib.proxy.Enhancer.generate(Enhancer.java:492)
&#160;&#160;&#160;&#160;&#160;&#160;&#160;&#160;&#160;&#160;&#160; at net.sf.cglib.core.AbstractClassGenerator$ClassLoaderData$3.apply(AbstractClassGenerator.java:93)
&#160;&#160;&#160;&#160;&#160;&#160;&#160;&#160;&#160;&#160;&#160; at net.sf.cglib.core.AbstractClassGenerator$ClassLoaderData$3.apply(AbstractClassGenerator.java:91)
&#160;&#160;&#160;&#160;&#160;&#160;&#160;&#160;&#160;&#160;&#160; at net.sf.cglib.core.internal.LoadingCache$2.call(LoadingCache.java:54)
&#160;&#160;&#160;&#160;&#160;&#160;&#160;&#160;&#160;&#160;&#160; at java.base/java.util.concurrent.FutureTask.run(FutureTask.java:264)
&#160;&#160;&#160;&#160;&#160;&#160;&#160;&#160;&#160;&#160;&#160; at net.sf.cglib.core.internal.LoadingCache.createEntry(LoadingCache.java:61)
&#160;&#160;&#160;&#160;&#160;&#160;&#160;&#160;&#160;&#160;&#160; at net.sf.cglib.core.internal.LoadingCache.get(LoadingCache.java:34)
&#160;&#160;&#160;&#160;&#160;&#160;&#160;&#160;&#160;&#160;&#160; at net.sf.cglib.core.AbstractClassGenerator$ClassLoaderData.get(AbstractClassGenerator.java:116)
&#160;&#160;&#160;&#160;&#160;&#160;&#160;&#160;&#160;&#160;&#160; at net.sf.cglib.core.AbstractClassGenerator.create(AbstractClassGenerator.java:291)
&#160;&#160;&#160;&#160;&#160;&#160;&#160;&#160;&#160;&#160;&#160; at net.sf.cglib.proxy.Enhancer.createHelper(Enhancer.java:480)
&#160;&#160;&#160;&#160;&#160;&#160;&#160;&#160;&#160;&#160;&#160; at net.sf.cglib.proxy.Enhancer.create(Enhancer.java:305)
&#160;&#160;&#160;&#160;&#160;&#160;&#160;&#160;&#160;&#160;&#160; at org.apache.wicket.proxy.LazyInitProxyFactory.createProxy(LazyInitProxyFactory.java:192)
&lt;/pre&gt;
&lt;/div&gt;&lt;/div&gt;
&lt;p&gt;After upgrading to asm-utils 7.0 we still got another crash caused by the outdated cglib dependency:&lt;/p&gt;
&lt;div class=&quot;code panel&quot; style=&quot;border-width: 1px;&quot;&gt;&lt;div class=&quot;codeContent panelContent&quot;&gt;
&lt;pre class=&quot;code-java&quot;&gt;
java.lang.UnsupportedOperationException: This feature requires ASM7
at org.objectweb.asm.ClassVisitor.visitNestMember(ClassVisitor.java:236)
at org.objectweb.asm.ClassReader.accept(ClassReader.java:651)
at org.objectweb.asm.ClassReader.accept(ClassReader.java:391)
at net.sf.cglib.proxy.BridgeMethodResolver.resolveAll(BridgeMethodResolver.java:70)
at net.sf.cglib.proxy.Enhancer.emitMethods(Enhancer.java:1132)
at net.sf.cglib.proxy.Enhancer.generateClass(Enhancer.java:630)
at net.sf.cglib.core.DefaultGeneratorStrategy.generate(DefaultGeneratorStrategy.java:25)
at net.sf.cglib.core.AbstractClassGenerator.generate(AbstractClassGenerator.java:329)
at net.sf.cglib.proxy.Enhancer.generate(Enhancer.java:492)
at net.sf.cglib.core.AbstractClassGenerator$ClassLoaderData$3.apply(AbstractClassGenerator.java:93)
at net.sf.cglib.core.AbstractClassGenerator$ClassLoaderData$3.apply(AbstractClassGenerator.java:91)
at net.sf.cglib.core.internal.LoadingCache$2.call(LoadingCache.java:54)
at java.base/java.util.concurrent.FutureTask.run(FutureTask.java:264)
at net.sf.cglib.core.internal.LoadingCache.createEntry(LoadingCache.java:61)
at net.sf.cglib.core.internal.LoadingCache.get(LoadingCache.java:34)
at net.sf.cglib.core.AbstractClassGenerator$ClassLoaderData.get(AbstractClassGenerator.java:116)
at net.sf.cglib.core.AbstractClassGenerator.create(AbstractClassGenerator.java:291)
at net.sf.cglib.proxy.Enhancer.createHelper(Enhancer.java:480)
at net.sf.cglib.proxy.Enhancer.create(Enhancer.java:305)
at org.apache.wicket.proxy.LazyInitProxyFactory.createProxy(LazyInitProxyFactory.java:191)&lt;/pre&gt;
&lt;/div&gt;&lt;/div&gt;
&lt;p&gt;Adding the following to our pom.xml fixed the crashes:&lt;/p&gt;
&lt;div class=&quot;code panel&quot; style=&quot;border-width: 1px;&quot;&gt;&lt;div class=&quot;codeContent panelContent&quot;&gt;
&lt;pre class=&quot;code-java&quot;&gt;
&#160;&#160;&#160; &amp;lt;dependency&amp;gt;
&#160;&#160;&#160;&#160;&#160; &amp;lt;groupId&amp;gt;org.ow2.asm&amp;lt;/groupId&amp;gt;
&#160;&#160;&#160;&#160;&#160; &amp;lt;artifactId&amp;gt;asm-util&amp;lt;/artifactId&amp;gt;
&#160;&#160;&#160;&#160;&#160; &amp;lt;version&amp;gt;7.0&amp;lt;/version&amp;gt;
&#160;&#160;&#160; &amp;lt;/dependency&amp;gt;
    &amp;lt;dependency&amp;gt;
&#160;&#160;&#160;   &amp;lt;groupId&amp;gt;cglib&amp;lt;/groupId&amp;gt;
  &#160;&#160;&#160; &amp;lt;artifactId&amp;gt;cglib&amp;lt;/artifactId&amp;gt;
  &#160;&#160;&#160; &amp;lt;version&amp;gt;3.2.10&amp;lt;/version&amp;gt;
    &amp;lt;/dependency&amp;gt;
&lt;/pre&gt;
&lt;/div&gt;&lt;/div&gt;
&lt;p&gt;&#160;&lt;/p&gt;</description>
                <environment></environment>
        <key id="13208242">WICKET-6628</key>
            <summary>wicket-ioc needs to use ASM 7 and CGLIB 3.2.10 to be compatible with JDK11</summary>
                <type id="1" iconUrl="https://issues.apache.org/jira/secure/viewavatar?size=xsmall&amp;avatarId=21133&amp;avatarType=issuetype">Bug</type>
                                            <priority id="3" iconUrl="https://issues.apache.org/jira/images/icons/priorities/major.svg">Major</priority>
                        <status id="5" iconUrl="https://issues.apache.org/jira/images/icons/statuses/resolved.png" description="A resolution has been taken, and it is awaiting verification by reporter. From here issues are either reopened, or are closed.">Resolved</status>
                    <statusCategory id="3" key="done" colorName="green"/>
                                    <resolution id="1">Fixed</resolution>
                                        <assignee username="mgrigorov">Martin Grigorov</assignee>
                                    <reporter username="tgierke2342">Tobias Gierke</reporter>
                        <labels>
                    </labels>
                <created>Tue, 8 Jan 2019 08:53:01 +0000</created>
                <updated>Tue, 8 Jan 2019 11:57:50 +0000</updated>
                            <resolved>Tue, 8 Jan 2019 11:57:50 +0000</resolved>
                                    <version>8.2.0</version>
                                    <fixVersion>8.3.0</fixVersion>
                                    <component>wicket-ioc</component>
                        <due></due>
                            <votes>0</votes>
                                    <watches>4</watches>
                                                                <comments>
                            <comment id="16736931" author="idevai" created="Tue, 8 Jan 2019 09:42:38 +0000"  >&lt;p&gt;LOL &lt;img class=&quot;emoticon&quot; src=&quot;https://issues.apache.org/jira/images/icons/emoticons/smile.png&quot; height=&quot;16&quot; width=&quot;16&quot; align=&quot;absmiddle&quot; alt=&quot;&quot; border=&quot;0&quot;/&gt; just wanted to raise the same issue. On our side, simply upgrading to cglib 3.2.10 was enough to fix the issue, no upgrade to asm was needed (according to maven it is version 6.2).&lt;/p&gt;

&lt;p&gt;Java version on our side:&lt;/p&gt;
&lt;div class=&quot;code panel&quot; style=&quot;border-width: 1px;&quot;&gt;&lt;div class=&quot;codeContent panelContent&quot;&gt;
&lt;pre class=&quot;code-java&quot;&gt;
openjdk version &lt;span class=&quot;code-quote&quot;&gt;&quot;11.0.1&quot;&lt;/span&gt; 2018-10-16
OpenJDK &lt;span class=&quot;code-object&quot;&gt;Runtime&lt;/span&gt; Environment 18.9 (build 11.0.1+13)
OpenJDK 64-Bit Server VM 18.9 (build 11.0.1+13, mixed mode)
&lt;/pre&gt;
&lt;/div&gt;&lt;/div&gt;</comment>
                            <comment id="16736990" author="tgierke2342" created="Tue, 8 Jan 2019 10:39:46 +0000"  >&lt;p&gt;I first thought it was just an ASM issue so I tried upgrading only asm-util first and only later (when I got a different exception) realized that there&apos;s more to it. Overriding just the CGLIB dependency is actually enough as it will pull in the later ASM version which in turn will also override the asm-util dependency from wicket-ioc.&lt;/p&gt;

&lt;p&gt;Anyway, to properly fix wicket-ioc both (cglib version and the asm-util dependency that wicket-ioc itself has) need to be upgraded.&lt;/p&gt;</comment>
                            <comment id="16737043" author="jira-bot" created="Tue, 8 Jan 2019 11:55:17 +0000"  >&lt;p&gt;Commit cf1b1bab3228d302cd2203fa7f4eddd1317072fd in wicket&apos;s branch refs/heads/wicket-8.x from Martin Tzvetanov Grigorov&lt;br/&gt;
[ &lt;a href=&quot;https://gitbox.apache.org/repos/asf?p=wicket.git;h=cf1b1ba&quot; class=&quot;external-link&quot; rel=&quot;nofollow&quot;&gt;https://gitbox.apache.org/repos/asf?p=wicket.git;h=cf1b1ba&lt;/a&gt; ]&lt;/p&gt;

&lt;p&gt;&lt;a href=&quot;https://issues.apache.org/jira/browse/WICKET-6628&quot; title=&quot;wicket-ioc needs to use ASM 7 and CGLIB 3.2.10 to be compatible with JDK11&quot; class=&quot;issue-link&quot; data-issue-key=&quot;WICKET-6628&quot;&gt;&lt;del&gt;WICKET-6628&lt;/del&gt;&lt;/a&gt; wicket-ioc needs to use ASM 7 and CGLIB 3.2.10 to be compatible with JDK11&lt;/p&gt;</comment>
                            <comment id="16737048" author="mgrigorov" created="Tue, 8 Jan 2019 11:57:35 +0000"  >&lt;p&gt;Recently we discussed whether to release Wicket 9 for better JDK 11 compatibility but some of the devs wanted to add some more Wicket related features for a major release.&lt;br/&gt;
So I agree that making Wicket 8.x friendlier to JDK 9+ is a good mid-term solution!&lt;/p&gt;</comment>
                    </comments>
                    <attachments>
                    </attachments>
                <subtasks>
                    </subtasks>
                <customfields>
                                                <customfield id="customfield_12310310" key="com.atlassian.jira.toolkit:attachments">
                        <customfieldname>Attachment count</customfieldname>
                        <customfieldvalues>
                            <customfieldvalue>0.0</customfieldvalue>
                        </customfieldvalues>
                    </customfield>
                                                                                                                                                                                                                                                                                                                                                                                                                                                                                                                                                                                        <customfield id="customfield_12310220" key="com.atlassian.jira.ext.charting:firstresponsedate">
                        <customfieldname>Date of First Response</customfieldname>
                        <customfieldvalues>
                            <customfieldvalue>Tue, 8 Jan 2019 09:42:38 +0000</customfieldvalue>

                        </customfieldvalues>
                    </customfield>
                                                                                                                        <customfield id="customfield_12313422" key="com.atlassian.jirafisheyeplugin:jobcheckbox">
                        <customfieldname>Enable Automatic Patch Review</customfieldname>
                        <customfieldvalues>
                            <customfieldvalue><![CDATA[false]]></customfieldvalue>

                        </customfieldvalues>
                    </customfield>
                                                                                                                                                                                                                                                                                                                                                                                                                                                                        <customfield id="customfield_12310420" key="com.pyxis.greenhopper.jira:gh-global-rank">
                        <customfieldname>Global Rank</customfieldname>
                        <customfieldvalues>
                            <customfieldvalue>9223372036854775807</customfieldvalue>
                        </customfieldvalues>
                    </customfield>
                                                                                                                        <customfield id="customfield_12312521" key="com.atlassian.jira.toolkit:LastCommentDate">
                        <customfieldname>Last public comment date</customfieldname>
                        <customfieldvalues>
                            12 weeks, 5 days ago
                        </customfieldvalues>
                    </customfield>
                                                                                                                                                    <customfield id="customfield_12311820" key="com.pyxis.greenhopper.jira:gh-lexo-rank">
                        <customfieldname>Rank</customfieldname>
                        <customfieldvalues>
                            <customfieldvalue>0|u00m68:</customfieldvalue>

                        </customfieldvalues>
                    </customfield>
                                                                <customfield id="customfield_12310920" key="com.pyxis.greenhopper.jira:gh-global-rank">
                        <customfieldname>Rank (Obsolete)</customfieldname>
                        <customfieldvalues>
                            <customfieldvalue>9223372036854775807</customfieldvalue>
                        </customfieldvalues>
                    </customfield>
                                                                                                                                                                                                                                                                                                                            <customfield id="customfield_12310222" key="com.atlassian.jira.ext.charting:timeinstatus">
                        <customfieldname>Time in Status</customfieldname>
                        <customfieldvalues>
                            
                        </customfieldvalues>
                    </customfield>
                                    </customfields>
    </item>
</channel>
</rss>