<!--
RSS generated by JIRA (7.6.3#76005-sha1:8a4e38d34af948780dbf52044e7aafb13a7cae58) at Mon Apr 08 11:27:30 UTC 2019

It is possible to restrict the fields that are returned in this document by specifying the 'field' parameter in your request.
For example, to request only the issue key and summary append 'field=key&field=summary' to the URL of your request.
-->
<!-- If you wish to do custom client-side styling of RSS, uncomment this:
<?xml-stylesheet href="https://issues.apache.org/jira/styles/jiraxml2html.xsl" type="text/xsl"?>
-->
<rss version="0.92">
    <channel>
        <title>ASF JIRA</title>
        <link>https://issues.apache.org/jira/issues/?jql=project+%3D+WICKET+AND+issuetype+%3D+Bug+AND+created+%3E%3D+2019-02-01+AND+created+%3C%3D+2019-03-01</link>
        <description>An XML representation of a search request</description>
                <language>en-uk</language>
                        <issue start="0" end="2" total="2"/>
                <build-info>
            <version>7.6.3</version>
            <build-number>76005</build-number>
            <build-date>09-01-2018</build-date>
        </build-info>

<item>
            <title>[WICKET-6639] PageStoreManager$SessionEntry.clear produces NullPointerException</title>
                <link>https://issues.apache.org/jira/browse/WICKET-6639</link>
                <project id="12310561" key="WICKET">Wicket</project>
                    <description>&lt;p&gt;Sometimes when I return to my website after some period I see the following exception:&lt;/p&gt;
&lt;div class=&quot;preformatted panel&quot; style=&quot;border-width: 1px;&quot;&gt;&lt;div class=&quot;preformattedContent panelContent&quot;&gt;
&lt;pre&gt;java.lang.NullPointerException
 at org.apache.wicket.page.PageStoreManager$SessionEntry.clear(PageStoreManager.java:365)
 at org.apache.wicket.page.PageStoreManager$SessionEntry.valueUnbound(PageStoreManager.java:353)
 at org.apache.catalina.session.StandardSession.removeAttributeInternal(StandardSession.java:1784)
 at org.apache.catalina.session.StandardSession.expire(StandardSession.java:856)
 at org.apache.catalina.session.StandardSession.isValid(StandardSession.java:659)
 at org.apache.catalina.session.ManagerBase.processExpires(ManagerBase.java:573)
 at org.apache.catalina.session.ManagerBase.backgroundProcess(ManagerBase.java:558)
 at org.apache.catalina.core.StandardContext.backgroundProcess(StandardContext.java:5496)
 at org.apache.catalina.core.ContainerBase$ContainerBackgroundProcessor.processChildren(ContainerBase.java:1351)
 at org.apache.catalina.core.ContainerBase$ContainerBackgroundProcessor.processChildren(ContainerBase.java:1355)
 at org.apache.catalina.core.ContainerBase$ContainerBackgroundProcessor.processChildren(ContainerBase.java:1355)
 at org.apache.catalina.core.ContainerBase$ContainerBackgroundProcessor.run(ContainerBase.java:1333)&lt;/pre&gt;
&lt;/div&gt;&lt;/div&gt;
&lt;p&gt;&#160;&lt;/p&gt;

&lt;p&gt;This is very hard to investigate what is the reason for this bug from my side because I do not have a stable reproducer , but I believe&#160;one of the following 1-line fixes in Wicket&lt;/p&gt;
&lt;ol&gt;
	&lt;li&gt;Adding a null check for&#160;sessionCache before&#160;using it&lt;/li&gt;
	&lt;li&gt;Making&#160;sessionCache field never null&lt;/li&gt;
&lt;/ol&gt;


&lt;p&gt;can resolve this problem.&lt;/p&gt;

&lt;p&gt;&#160;&lt;/p&gt;</description>
                <environment></environment>
        <key id="13218733">WICKET-6639</key>
            <summary>PageStoreManager$SessionEntry.clear produces NullPointerException</summary>
                <type id="1" iconUrl="https://issues.apache.org/jira/secure/viewavatar?size=xsmall&amp;avatarId=21133&amp;avatarType=issuetype">Bug</type>
                                            <priority id="3" iconUrl="https://issues.apache.org/jira/images/icons/priorities/major.svg">Major</priority>
                        <status id="5" iconUrl="https://issues.apache.org/jira/images/icons/statuses/resolved.png" description="A resolution has been taken, and it is awaiting verification by reporter. From here issues are either reopened, or are closed.">Resolved</status>
                    <statusCategory id="3" key="done" colorName="green"/>
                                    <resolution id="1">Fixed</resolution>
                                        <assignee username="mgrigorov">Martin Grigorov</assignee>
                                    <reporter username="mfursov">Mikhail Fursov</reporter>
                        <labels>
                    </labels>
                <created>Thu, 28 Feb 2019 19:36:00 +0000</created>
                <updated>Sat, 2 Mar 2019 21:51:06 +0000</updated>
                            <resolved>Sat, 2 Mar 2019 21:51:06 +0000</resolved>
                                    <version>8.3.0</version>
                                    <fixVersion>9.0.0</fixVersion>
                    <fixVersion>8.4.0</fixVersion>
                                    <component>wicket</component>
                        <due></due>
                            <votes>0</votes>
                                    <watches>2</watches>
                                    <timeoriginalestimate seconds="3600">1h</timeoriginalestimate>
                            <timeestimate seconds="3600">1h</timeestimate>
                                        <comments>
                            <comment id="16782541" author="jira-bot" created="Sat, 2 Mar 2019 21:46:19 +0000"  >&lt;p&gt;Commit 116a7c57af87bbe515eb710664c7e28745ca0642 in wicket&apos;s branch refs/heads/wicket-8.x from Martin Tzvetanov Grigorov&lt;br/&gt;
[ &lt;a href=&quot;https://gitbox.apache.org/repos/asf?p=wicket.git;h=116a7c5&quot; class=&quot;external-link&quot; rel=&quot;nofollow&quot;&gt;https://gitbox.apache.org/repos/asf?p=wicket.git;h=116a7c5&lt;/a&gt; ]&lt;/p&gt;

&lt;p&gt;&lt;a href=&quot;https://issues.apache.org/jira/browse/WICKET-6639&quot; title=&quot;PageStoreManager$SessionEntry.clear produces NullPointerException&quot; class=&quot;issue-link&quot; data-issue-key=&quot;WICKET-6639&quot;&gt;&lt;del&gt;WICKET-6639&lt;/del&gt;&lt;/a&gt; PageStoreManager$SessionEntry.clear produces NullPointerException&lt;/p&gt;

&lt;p&gt;Add some checks for sessionCache being null&lt;/p&gt;</comment>
                            <comment id="16782543" author="jira-bot" created="Sat, 2 Mar 2019 21:50:44 +0000"  >&lt;p&gt;Commit 8fe2ef1a799ef2e6ae6c56687077ac795caf98e1 in wicket&apos;s branch refs/heads/master from Martin Tzvetanov Grigorov&lt;br/&gt;
[ &lt;a href=&quot;https://gitbox.apache.org/repos/asf?p=wicket.git;h=8fe2ef1&quot; class=&quot;external-link&quot; rel=&quot;nofollow&quot;&gt;https://gitbox.apache.org/repos/asf?p=wicket.git;h=8fe2ef1&lt;/a&gt; ]&lt;/p&gt;

&lt;p&gt;&lt;a href=&quot;https://issues.apache.org/jira/browse/WICKET-6639&quot; title=&quot;PageStoreManager$SessionEntry.clear produces NullPointerException&quot; class=&quot;issue-link&quot; data-issue-key=&quot;WICKET-6639&quot;&gt;&lt;del&gt;WICKET-6639&lt;/del&gt;&lt;/a&gt; PageStoreManager$SessionEntry.clear produces NullPointerException&lt;/p&gt;

&lt;p&gt;Add some checks for sessionCache being null&lt;/p&gt;</comment>
                            <comment id="16782544" author="mgrigorov" created="Sat, 2 Mar 2019 21:51:06 +0000"  >&lt;p&gt;Added some non-null checks where needed.&lt;/p&gt;</comment>
                    </comments>
                    <attachments>
                    </attachments>
                <subtasks>
                    </subtasks>
                <customfields>
                                                <customfield id="customfield_12310310" key="com.atlassian.jira.toolkit:attachments">
                        <customfieldname>Attachment count</customfieldname>
                        <customfieldvalues>
                            <customfieldvalue>0.0</customfieldvalue>
                        </customfieldvalues>
                    </customfield>
                                                                                                                                                                                                                                                                                                                                                                                                                                                                                                                                                                                        <customfield id="customfield_12310220" key="com.atlassian.jira.ext.charting:firstresponsedate">
                        <customfieldname>Date of First Response</customfieldname>
                        <customfieldvalues>
                            <customfieldvalue>Sat, 2 Mar 2019 21:46:19 +0000</customfieldvalue>

                        </customfieldvalues>
                    </customfield>
                                                                                                                        <customfield id="customfield_12313422" key="com.atlassian.jirafisheyeplugin:jobcheckbox">
                        <customfieldname>Enable Automatic Patch Review</customfieldname>
                        <customfieldvalues>
                            <customfieldvalue><![CDATA[false]]></customfieldvalue>

                        </customfieldvalues>
                    </customfield>
                                                                                                                                                                                                                                                                                                                                                                                                                                                                        <customfield id="customfield_12310420" key="com.pyxis.greenhopper.jira:gh-global-rank">
                        <customfieldname>Global Rank</customfieldname>
                        <customfieldvalues>
                            <customfieldvalue>9223372036854775807</customfieldvalue>
                        </customfieldvalues>
                    </customfield>
                                                                                                                        <customfield id="customfield_12312521" key="com.atlassian.jira.toolkit:LastCommentDate">
                        <customfieldname>Last public comment date</customfieldname>
                        <customfieldvalues>
                            5 weeks, 1 day ago
                        </customfieldvalues>
                    </customfield>
                                                                                                                                                    <customfield id="customfield_12311820" key="com.pyxis.greenhopper.jira:gh-lexo-rank">
                        <customfieldname>Rank</customfieldname>
                        <customfieldvalues>
                            <customfieldvalue>0|z007eg:</customfieldvalue>

                        </customfieldvalues>
                    </customfield>
                                                                <customfield id="customfield_12310920" key="com.pyxis.greenhopper.jira:gh-global-rank">
                        <customfieldname>Rank (Obsolete)</customfieldname>
                        <customfieldvalues>
                            <customfieldvalue>9223372036854775807</customfieldvalue>
                        </customfieldvalues>
                    </customfield>
                                                                                                                                                                                                                                                                                                                            <customfield id="customfield_12310222" key="com.atlassian.jira.ext.charting:timeinstatus">
                        <customfieldname>Time in Status</customfieldname>
                        <customfieldvalues>
                            
                        </customfieldvalues>
                    </customfield>
                                    </customfields>
    </item>


<item>
            <title>[WICKET-6637] Handling exception Wicket 8</title>
                <link>https://issues.apache.org/jira/browse/WICKET-6637</link>
                <project id="12310561" key="WICKET">Wicket</project>
                    <description>&lt;p&gt;Hi,&lt;/p&gt;

&lt;p&gt;&#160;&lt;/p&gt;

&lt;p&gt;recently we have upgraded our application, from wicket 7.11 to wicket 8.3.0.&lt;/p&gt;

&lt;p&gt;With wicket 7 everything seemed to be fine, however in wicket 8 we have an issue&lt;/p&gt;

&lt;p&gt;with handling exception.&lt;/p&gt;

&lt;p&gt;In Application we have in init() method:&lt;/p&gt;
&lt;div class=&quot;code panel&quot; style=&quot;border-width: 1px;&quot;&gt;&lt;div class=&quot;codeContent panelContent&quot;&gt;
&lt;pre class=&quot;code-java&quot;&gt;
&#160;&#160; getRequestCycleListeners().add(&lt;span class=&quot;code-keyword&quot;&gt;new&lt;/span&gt; MyRequestCycleListener());&#160;&lt;/pre&gt;
&lt;/div&gt;&lt;/div&gt;
&lt;p&gt;MyRequestCycleListener implements IRequestCycleListener and override method&lt;/p&gt;

&lt;p&gt;&#160;&lt;/p&gt;
&lt;div class=&quot;code panel&quot; style=&quot;border-width: 1px;&quot;&gt;&lt;div class=&quot;codeContent panelContent&quot;&gt;
&lt;pre class=&quot;code-java&quot;&gt;
&#160;&#160;&#160;&#160;&#160; @Override

&#160; &lt;span class=&quot;code-keyword&quot;&gt;public&lt;/span&gt; IRequestHandler onException(RequestCycle cycle, Exception ex) {

&#160;&#160;Optional&amp;lt;AjaxRequestTarget&amp;gt; target = cycle.find(AjaxRequestTarget.class);

&#160; &lt;span class=&quot;code-comment&quot;&gt;//&lt;span class=&quot;code-keyword&quot;&gt;this&lt;/span&gt; part stopped working since it &lt;span class=&quot;code-keyword&quot;&gt;return&lt;/span&gt; Optional.empty(), because active RequestHandler
&lt;/span&gt;
&#160; &lt;span class=&quot;code-comment&quot;&gt;//and RequestHandlerScheduledAfterCurrent are both &lt;span class=&quot;code-keyword&quot;&gt;null&lt;/span&gt;
&lt;/span&gt;
&#160;&#160;&#160;&#160;&#160;&#160;&#160; &lt;span class=&quot;code-keyword&quot;&gt;if&lt;/span&gt; (target.isPresent()) {

&#160;&#160;&#160;&#160;&#160;&#160;&#160;&#160;&#160;&#160;&#160; &lt;span class=&quot;code-keyword&quot;&gt;return&lt;/span&gt; target.get();

&#160;&#160;&#160;&#160;&#160;&#160;&#160; }

&#160;&#160;&#160;&#160;&#160;&#160;&#160; IPageRequestHandler last = PageRequestHandlerTracker.getLastHandler(RequestCycle.get());

&#160;&#160;&#160;&#160;&#160;&#160; &#160;WebPage page = (WebPage) (last.getPage());

&#160;&#160;&#160;&#160;&#160;&#160;&#160; &lt;span class=&quot;code-keyword&quot;&gt;return&lt;/span&gt; &lt;span class=&quot;code-keyword&quot;&gt;new&lt;/span&gt; RenderPageRequestHandler(&lt;span class=&quot;code-keyword&quot;&gt;new&lt;/span&gt; PageProvider(currentPage));

&#160;&#160;}
&lt;/pre&gt;
&lt;/div&gt;&lt;/div&gt;
&lt;p&gt;Is this a wicket bug or it was intention to work like this? If it was intentended, is there&lt;/p&gt;

&lt;p&gt;any workaround to get the AjaxRequestTarget? Or the approach has changed in wicket 8? Any other ideas?&lt;/p&gt;

&lt;p&gt;We think, that this might be caused by &lt;a href=&quot;https://issues.apache.org/jira/browse/WICKET-6129&quot; class=&quot;external-link&quot; rel=&quot;nofollow&quot;&gt;https://issues.apache.org/jira/browse/WICKET-6129&lt;/a&gt;&lt;/p&gt;

&lt;p&gt;Please see attached quisckstart, it worked fine with wicket 7.12&lt;/p&gt;

&lt;p&gt;&#160;&lt;/p&gt;</description>
                <environment></environment>
        <key id="13216410">WICKET-6637</key>
            <summary>Handling exception Wicket 8</summary>
                <type id="1" iconUrl="https://issues.apache.org/jira/secure/viewavatar?size=xsmall&amp;avatarId=21133&amp;avatarType=issuetype">Bug</type>
                                            <priority id="3" iconUrl="https://issues.apache.org/jira/images/icons/priorities/major.svg">Major</priority>
                        <status id="5" iconUrl="https://issues.apache.org/jira/images/icons/statuses/resolved.png" description="A resolution has been taken, and it is awaiting verification by reporter. From here issues are either reopened, or are closed.">Resolved</status>
                    <statusCategory id="3" key="done" colorName="green"/>
                                    <resolution id="1">Fixed</resolution>
                                        <assignee username="svenmeier">Sven Meier</assignee>
                                    <reporter username="n0n0t">Matus</reporter>
                        <labels>
                            <label>AjaxRequestTarget</label>
                            <label>IRequestCycleListener</label>
                            <label>onException</label>
                    </labels>
                <created>Mon, 18 Feb 2019 14:10:18 +0000</created>
                <updated>Mon, 18 Feb 2019 20:02:29 +0000</updated>
                            <resolved>Mon, 18 Feb 2019 20:02:29 +0000</resolved>
                                    <version>8.3.0</version>
                                    <fixVersion>9.0.0</fixVersion>
                    <fixVersion>8.4.0</fixVersion>
                                    <component>wicket</component>
                        <due></due>
                            <votes>0</votes>
                                    <watches>3</watches>
                                                                <comments>
                            <comment id="16771296" author="svenmeier" created="Mon, 18 Feb 2019 18:45:51 +0000"  >&lt;p&gt;This was broken by my changes for &lt;a href=&quot;https://issues.apache.org/jira/browse/WICKET-6129&quot; title=&quot;IRequestCycleListener not notified of all executed handlers&quot; class=&quot;issue-link&quot; data-issue-key=&quot;WICKET-6129&quot;&gt;&lt;del&gt;WICKET-6129&lt;/del&gt;&lt;/a&gt;: The scheduled handler must not be cleared before the listeners were notified.&lt;/p&gt;</comment>
                            <comment id="16771298" author="jira-bot" created="Mon, 18 Feb 2019 18:51:55 +0000"  >&lt;p&gt;Commit d76695ed9561aac21059d7c11ed69a12a9defe58 in wicket&apos;s branch refs/heads/wicket-8.x from Sven Meier&lt;br/&gt;
[ &lt;a href=&quot;https://gitbox.apache.org/repos/asf?p=wicket.git;h=d76695e&quot; class=&quot;external-link&quot; rel=&quot;nofollow&quot;&gt;https://gitbox.apache.org/repos/asf?p=wicket.git;h=d76695e&lt;/a&gt; ]&lt;/p&gt;

&lt;p&gt;&lt;a href=&quot;https://issues.apache.org/jira/browse/WICKET-6637&quot; title=&quot;Handling exception Wicket 8&quot; class=&quot;issue-link&quot; data-issue-key=&quot;WICKET-6637&quot;&gt;&lt;del&gt;WICKET-6637&lt;/del&gt;&lt;/a&gt; clear scheduled handler&lt;/p&gt;

&lt;p&gt;after resolving handler&lt;/p&gt;</comment>
                            <comment id="16771314" author="jira-bot" created="Mon, 18 Feb 2019 19:14:45 +0000"  >&lt;p&gt;Commit 3704144b73521c6b10de5fa7864773230762e86c in wicket&apos;s branch refs/heads/master from Sven Meier&lt;br/&gt;
[ &lt;a href=&quot;https://gitbox.apache.org/repos/asf?p=wicket.git;h=3704144&quot; class=&quot;external-link&quot; rel=&quot;nofollow&quot;&gt;https://gitbox.apache.org/repos/asf?p=wicket.git;h=3704144&lt;/a&gt; ]&lt;/p&gt;

&lt;p&gt;&lt;a href=&quot;https://issues.apache.org/jira/browse/WICKET-6637&quot; title=&quot;Handling exception Wicket 8&quot; class=&quot;issue-link&quot; data-issue-key=&quot;WICKET-6637&quot;&gt;&lt;del&gt;WICKET-6637&lt;/del&gt;&lt;/a&gt; clear scheduled handler&lt;/p&gt;

&lt;p&gt;after resolving handler&lt;/p&gt;</comment>
                            <comment id="16771351" author="svenmeier" created="Mon, 18 Feb 2019 20:02:29 +0000"  >&lt;p&gt;Many thanks &lt;a href=&quot;https://issues.apache.org/jira/secure/ViewProfile.jspa?name=n0n0t&quot; class=&quot;user-hover&quot; rel=&quot;n0n0t&quot;&gt;Matus&lt;/a&gt; for spotting this regression!&lt;/p&gt;</comment>
                    </comments>
                <issuelinks>
                            <issuelinktype id="12310560">
                    <name>Problem/Incident</name>
                                                                <inwardlinks description="is caused by">
                                        <issuelink>
            <issuekey id="12952463">WICKET-6129</issuekey>
        </issuelink>
                            </inwardlinks>
                                    </issuelinktype>
                    </issuelinks>
                <attachments>
                            <attachment id="12959122" name="handlingexception.zip" size="61836" author="n0n0t" created="Mon, 18 Feb 2019 14:02:52 +0000"/>
                    </attachments>
                <subtasks>
                    </subtasks>
                <customfields>
                                                <customfield id="customfield_12310310" key="com.atlassian.jira.toolkit:attachments">
                        <customfieldname>Attachment count</customfieldname>
                        <customfieldvalues>
                            <customfieldvalue>1.0</customfieldvalue>
                        </customfieldvalues>
                    </customfield>
                                                                                                                                                                                                                                                                                                                                                                                                                                                                                                                                                                                        <customfield id="customfield_12310220" key="com.atlassian.jira.ext.charting:firstresponsedate">
                        <customfieldname>Date of First Response</customfieldname>
                        <customfieldvalues>
                            <customfieldvalue>Mon, 18 Feb 2019 18:45:51 +0000</customfieldvalue>

                        </customfieldvalues>
                    </customfield>
                                                                                                                        <customfield id="customfield_12313422" key="com.atlassian.jirafisheyeplugin:jobcheckbox">
                        <customfieldname>Enable Automatic Patch Review</customfieldname>
                        <customfieldvalues>
                            <customfieldvalue><![CDATA[false]]></customfieldvalue>

                        </customfieldvalues>
                    </customfield>
                                                                                                                                                                                                                                                                                                                                                                                                                                                                        <customfield id="customfield_12310420" key="com.pyxis.greenhopper.jira:gh-global-rank">
                        <customfieldname>Global Rank</customfieldname>
                        <customfieldvalues>
                            <customfieldvalue>9223372036854775807</customfieldvalue>
                        </customfieldvalues>
                    </customfield>
                                                                                                                        <customfield id="customfield_12312521" key="com.atlassian.jira.toolkit:LastCommentDate">
                        <customfieldname>Last public comment date</customfieldname>
                        <customfieldvalues>
                            6 weeks, 6 days ago
                        </customfieldvalues>
                    </customfield>
                                                                                                                                                    <customfield id="customfield_12311820" key="com.pyxis.greenhopper.jira:gh-lexo-rank">
                        <customfieldname>Rank</customfieldname>
                        <customfieldvalues>
                            <customfieldvalue>0|yi13hk:</customfieldvalue>

                        </customfieldvalues>
                    </customfield>
                                                                <customfield id="customfield_12310920" key="com.pyxis.greenhopper.jira:gh-global-rank">
                        <customfieldname>Rank (Obsolete)</customfieldname>
                        <customfieldvalues>
                            <customfieldvalue>9223372036854775807</customfieldvalue>
                        </customfieldvalues>
                    </customfield>
                                                                                                                                                                                                                                                                                                                            <customfield id="customfield_12310222" key="com.atlassian.jira.ext.charting:timeinstatus">
                        <customfieldname>Time in Status</customfieldname>
                        <customfieldvalues>
                            
                        </customfieldvalues>
                    </customfield>
                                    </customfields>
    </item>
</channel>
</rss>