<!--
RSS generated by JIRA (7.6.3#76005-sha1:8a4e38d34af948780dbf52044e7aafb13a7cae58) at Mon Apr 08 11:26:14 UTC 2019

It is possible to restrict the fields that are returned in this document by specifying the 'field' parameter in your request.
For example, to request only the issue key and summary append 'field=key&field=summary' to the URL of your request.
-->
<!-- If you wish to do custom client-side styling of RSS, uncomment this:
<?xml-stylesheet href="https://issues.apache.org/jira/styles/jiraxml2html.xsl" type="text/xsl"?>
-->
<rss version="0.92">
    <channel>
        <title>ASF JIRA</title>
        <link>https://issues.apache.org/jira/issues/?jql=project+%3D+WICKET+AND+issuetype+%3D+Bug+AND+created+%3E%3D+2017-02-01+AND+created+%3C%3D+2017-03-01</link>
        <description>An XML representation of a search request</description>
                <language>en-uk</language>
                        <issue start="0" end="8" total="8"/>
                <build-info>
            <version>7.6.3</version>
            <build-number>76005</build-number>
            <build-date>09-01-2018</build-date>
        </build-info>

<item>
            <title>[WICKET-6330] Could not resolve class [net.sf.wicketautodao.model.AutoDaoFinder]</title>
                <link>https://issues.apache.org/jira/browse/WICKET-6330</link>
                <project id="12310561" key="WICKET">Wicket</project>
                    <description>&lt;p&gt;Hello!&lt;br/&gt;
When I am refreshing page with native websocket  I get the next message:&lt;/p&gt;

&lt;p&gt;java.lang.ClassNotFoundException: net.sf.wicketautodao.model.AutoDaoFinder&lt;br/&gt;
	at org.codehaus.plexus.classworlds.strategy.SelfFirstStrategy.loadClass(SelfFirstStrategy.java:50) ~&lt;span class=&quot;error&quot;&gt;&amp;#91;plexus-classworlds-2.5.2.jar:na&amp;#93;&lt;/span&gt;&lt;br/&gt;
	at org.codehaus.plexus.classworlds.realm.ClassRealm.unsynchronizedLoadClass(ClassRealm.java:271) ~&lt;span class=&quot;error&quot;&gt;&amp;#91;plexus-classworlds-2.5.2.jar:na&amp;#93;&lt;/span&gt;&lt;br/&gt;
	at org.codehaus.plexus.classworlds.realm.ClassRealm.loadClass(ClassRealm.java:247) ~&lt;span class=&quot;error&quot;&gt;&amp;#91;plexus-classworlds-2.5.2.jar:na&amp;#93;&lt;/span&gt;&lt;br/&gt;
	at org.codehaus.plexus.classworlds.realm.ClassRealm.loadClass(ClassRealm.java:239) ~&lt;span class=&quot;error&quot;&gt;&amp;#91;plexus-classworlds-2.5.2.jar:na&amp;#93;&lt;/span&gt;&lt;br/&gt;
	at java.lang.Class.forName0(Native Method) ~&lt;span class=&quot;error&quot;&gt;&amp;#91;na:1.8.0_112&amp;#93;&lt;/span&gt;&lt;br/&gt;
	at java.lang.Class.forName(Class.java:348) ~&lt;span class=&quot;error&quot;&gt;&amp;#91;na:1.8.0_112&amp;#93;&lt;/span&gt;&lt;br/&gt;
	at org.apache.wicket.application.AbstractClassResolver.resolveClass(AbstractClassResolver.java:101) ~&lt;span class=&quot;error&quot;&gt;&amp;#91;wicket-core-7.6.0.jar:7.6.0&amp;#93;&lt;/span&gt;&lt;br/&gt;
	at org.apache.wicket.core.util.lang.WicketObjects.resolveClass(WicketObjects.java:71) ~&lt;span class=&quot;error&quot;&gt;&amp;#91;wicket-core-7.6.0.jar:7.6.0&amp;#93;&lt;/span&gt;&lt;br/&gt;
	at org.apache.wicket.proxy.LazyInitProxyFactory$ProxyReplacement.readResolve(LazyInitProxyFactory.java:262) &lt;span class=&quot;error&quot;&gt;&amp;#91;wicket-ioc-7.6.0.jar:7.6.0&amp;#93;&lt;/span&gt;&lt;br/&gt;
	at sun.reflect.NativeMethodAccessorImpl.invoke0(Native Method) ~&lt;span class=&quot;error&quot;&gt;&amp;#91;na:1.8.0_112&amp;#93;&lt;/span&gt;&lt;br/&gt;
	at sun.reflect.NativeMethodAccessorImpl.invoke(NativeMethodAccessorImpl.java:62) ~&lt;span class=&quot;error&quot;&gt;&amp;#91;na:1.8.0_112&amp;#93;&lt;/span&gt;&lt;br/&gt;
	at sun.reflect.DelegatingMethodAccessorImpl.invoke(DelegatingMethodAccessorImpl.java:43) ~&lt;span class=&quot;error&quot;&gt;&amp;#91;na:1.8.0_112&amp;#93;&lt;/span&gt;&lt;br/&gt;
	at java.lang.reflect.Method.invoke(Method.java:498) ~&lt;span class=&quot;error&quot;&gt;&amp;#91;na:1.8.0_112&amp;#93;&lt;/span&gt;&lt;br/&gt;
	at java.io.ObjectStreamClass.invokeReadResolve(ObjectStreamClass.java:1148) &lt;span class=&quot;error&quot;&gt;&amp;#91;na:1.8.0_112&amp;#93;&lt;/span&gt;&lt;/p&gt;

&lt;p&gt;Why are you using non-standard classloader  in AbstractClassResolver.java:101  ? &lt;/p&gt;


&lt;p&gt;full log attached in log.txt&lt;/p&gt;</description>
                <environment>Jetty 9.2.6 ; wicket 7.6.0 ; spring 4.2.4 ; javax.servlet 3.0.1 </environment>
        <key id="13046915">WICKET-6330</key>
            <summary>Could not resolve class [net.sf.wicketautodao.model.AutoDaoFinder]</summary>
                <type id="1" iconUrl="https://issues.apache.org/jira/secure/viewavatar?size=xsmall&amp;avatarId=21133&amp;avatarType=issuetype">Bug</type>
                                            <priority id="3" iconUrl="https://issues.apache.org/jira/images/icons/priorities/major.svg">Major</priority>
                        <status id="6" iconUrl="https://issues.apache.org/jira/images/icons/statuses/closed.png" description="The issue is considered finished, the resolution is correct. Issues which are not closed can be reopened.">Closed</status>
                    <statusCategory id="3" key="done" colorName="green"/>
                                    <resolution id="8">Not A Problem</resolution>
                                        <assignee username="mgrigorov">Martin Grigorov</assignee>
                                    <reporter username="m.kim">Mikhail Kim</reporter>
                        <labels>
                    </labels>
                <created>Tue, 28 Feb 2017 09:46:32 +0000</created>
                <updated>Tue, 7 Mar 2017 10:33:09 +0000</updated>
                            <resolved>Mon, 6 Mar 2017 20:56:10 +0000</resolved>
                                    <version>7.6.0</version>
                                                    <component>wicket</component>
                    <component>wicket-native-websocket</component>
                        <due></due>
                            <votes>0</votes>
                                    <watches>2</watches>
                                                                <comments>
                            <comment id="15887697" author="mgrigorov" created="Tue, 28 Feb 2017 09:55:58 +0000"  >&lt;p&gt;We don&apos;t use non-standard class loaders.&lt;br/&gt;
Your application sets it either in YourApplication#init() or via IInitializer implementation. &lt;br/&gt;
Put a breakpoint at org.apache.wicket.settings.ApplicationSettings#setClassResolver() and see what happens.&lt;/p&gt;

&lt;p&gt;Please use the users@ mailing list for help!&lt;br/&gt;
Thank you!&lt;/p&gt;</comment>
                            <comment id="15888345" author="m.kim" created="Tue, 28 Feb 2017 16:13:51 +0000"  >&lt;p&gt;Hello! I was put a breakpoint at ApplicationSettings #setClassResolver(), but happens nothing.  &lt;/p&gt;</comment>
                            <comment id="15889732" author="mgrigorov" created="Wed, 1 Mar 2017 08:18:13 +0000"  >&lt;p&gt;Did you restart your application? &lt;/p&gt;

&lt;p&gt;Please provide a quickstart application that demonstrates the issue and we will reopen the ticket.&lt;/p&gt;</comment>
                            <comment id="15897518" author="m.kim" created="Mon, 6 Mar 2017 15:36:41 +0000"  >&lt;p&gt;Steps to reproduce:&lt;br/&gt;
1. Start application&lt;br/&gt;
2. Open &lt;a href=&quot;http://localhost:8080&quot; class=&quot;external-link&quot; rel=&quot;nofollow&quot;&gt;http://localhost:8080&lt;/a&gt;&lt;br/&gt;
3. Refresh page &lt;/p&gt;
</comment>
                            <comment id="15898075" author="mgrigorov" created="Mon, 6 Mar 2017 20:52:26 +0000"  >&lt;p&gt;I cannot reproduce the reported issue!&lt;/p&gt;

&lt;p&gt;Following your steps I only get:&lt;/p&gt;
&lt;div class=&quot;code panel&quot; style=&quot;border-width: 1px;&quot;&gt;&lt;div class=&quot;codeContent panelContent&quot;&gt;
&lt;pre class=&quot;code-java&quot;&gt;21:50:27.993 [http-nio-8080-exec-10] ERROR o.a.w.p.w.j.WicketEndpoint - An error occurred in web socket connection with id : 0
java.io.IOException: java.io.IOException: Broken pipe
	at org.apache.tomcat.websocket.WsRemoteEndpointImplBase.sendMessageBlock(WsRemoteEndpointImplBase.java:315) ~[tomcat-websocket.jar:8.5.11]
	at org.apache.tomcat.websocket.WsRemoteEndpointImplBase.sendMessageBlock(WsRemoteEndpointImplBase.java:258) ~[tomcat-websocket.jar:8.5.11]
	at org.apache.tomcat.websocket.WsSession.sendCloseMessage(WsSession.java:606) [tomcat-websocket.jar:8.5.11]
	at org.apache.tomcat.websocket.WsSession.onClose(WsSession.java:526) [tomcat-websocket.jar:8.5.11]
	at org.apache.tomcat.websocket.WsFrameBase.processDataControl(WsFrameBase.java:348) [tomcat-websocket.jar:8.5.11]
	at org.apache.tomcat.websocket.WsFrameBase.processData(WsFrameBase.java:290) [tomcat-websocket.jar:8.5.11]
	at org.apache.tomcat.websocket.WsFrameBase.processInputBuffer(WsFrameBase.java:130) [tomcat-websocket.jar:8.5.11]
	at org.apache.tomcat.websocket.server.WsFrameServer.onDataAvailable(WsFrameServer.java:73) [tomcat-websocket.jar:8.5.11]
	at org.apache.tomcat.websocket.server.WsHttpUpgradeHandler.upgradeDispatch(WsHttpUpgradeHandler.java:148) [tomcat-websocket.jar:8.5.11]
	at org.apache.coyote.http11.upgrade.UpgradeProcessorInternal.dispatch(UpgradeProcessorInternal.java:54) [tomcat-coyote.jar:8.5.11]
	at org.apache.coyote.AbstractProcessorLight.process(AbstractProcessorLight.java:53) [tomcat-coyote.jar:8.5.11]
	at org.apache.coyote.AbstractProtocol$ConnectionHandler.process(AbstractProtocol.java:798) [tomcat-coyote.jar:8.5.11]
	at org.apache.tomcat.util.net.NioEndpoint$SocketProcessor.doRun(NioEndpoint.java:1434) [tomcat-coyote.jar:8.5.11]
	at org.apache.tomcat.util.net.SocketProcessorBase.run(SocketProcessorBase.java:49) [tomcat-coyote.jar:8.5.11]
	at java.util.concurrent.ThreadPoolExecutor.runWorker(ThreadPoolExecutor.java:1142) [na:1.8.0_91]
	at java.util.concurrent.ThreadPoolExecutor$Worker.run(ThreadPoolExecutor.java:617) [na:1.8.0_91]
	at org.apache.tomcat.util.threads.TaskThread$WrappingRunnable.run(TaskThread.java:61) [tomcat-util.jar:8.5.11]
	at java.lang.&lt;span class=&quot;code-object&quot;&gt;Thread&lt;/span&gt;.run(&lt;span class=&quot;code-object&quot;&gt;Thread&lt;/span&gt;.java:745) [na:1.8.0_91]
Caused by: java.io.IOException: Broken pipe
	at sun.nio.ch.FileDispatcherImpl.write0(Native Method) ~[na:1.8.0_91]
	at sun.nio.ch.SocketDispatcher.write(SocketDispatcher.java:47) ~[na:1.8.0_91]
	at sun.nio.ch.IOUtil.writeFromNativeBuffer(IOUtil.java:93) ~[na:1.8.0_91]
	at sun.nio.ch.IOUtil.write(IOUtil.java:65) ~[na:1.8.0_91]
	at sun.nio.ch.SocketChannelImpl.write(SocketChannelImpl.java:471) ~[na:1.8.0_91]
	at org.apache.tomcat.util.net.NioChannel.write(NioChannel.java:134) ~[tomcat-coyote.jar:8.5.11]
	at org.apache.tomcat.util.net.NioBlockingSelector.write(NioBlockingSelector.java:101) ~[tomcat-coyote.jar:8.5.11]
	at org.apache.tomcat.util.net.NioSelectorPool.write(NioSelectorPool.java:157) ~[tomcat-coyote.jar:8.5.11]
	at org.apache.tomcat.util.net.NioEndpoint$NioSocketWrapper.doWrite(NioEndpoint.java:1238) ~[tomcat-coyote.jar:8.5.11]
	at org.apache.tomcat.util.net.SocketWrapperBase.doWrite(SocketWrapperBase.java:670) ~[tomcat-coyote.jar:8.5.11]
	at org.apache.tomcat.util.net.SocketWrapperBase.flushBlocking(SocketWrapperBase.java:607) ~[tomcat-coyote.jar:8.5.11]
	at org.apache.tomcat.util.net.SocketWrapperBase.flush(SocketWrapperBase.java:597) ~[tomcat-coyote.jar:8.5.11]
	at org.apache.tomcat.websocket.server.WsRemoteEndpointImplServer.doWrite(WsRemoteEndpointImplServer.java:95) ~[tomcat-websocket.jar:8.5.11]
	at org.apache.tomcat.websocket.WsRemoteEndpointImplBase.writeMessagePart(WsRemoteEndpointImplBase.java:494) ~[tomcat-websocket.jar:8.5.11]
	at org.apache.tomcat.websocket.WsRemoteEndpointImplBase.sendMessageBlock(WsRemoteEndpointImplBase.java:309) ~[tomcat-websocket.jar:8.5.11]
	... 17 common frames omitted
&lt;/pre&gt;
&lt;/div&gt;&lt;/div&gt;
&lt;p&gt;.&lt;/p&gt;

&lt;p&gt;You have removed the Jetty started from Wicket Quickstart, so I used Tomcat 8.5.11.&lt;/p&gt;</comment>
                            <comment id="15898081" author="mgrigorov" created="Mon, 6 Mar 2017 20:55:57 +0000"  >&lt;p&gt;OK. I see.&lt;br/&gt;
I was supposed to use &apos;mvn jetty:run&apos; from the command line.&lt;br/&gt;
Now I am able to reproduce the problem.&lt;br/&gt;
I am afraid this is a Jetty + Maven configuration issue and Wicket cannot help you with it.&lt;br/&gt;
Either deploy your app in a standalone web container or ask in Maven/Jetty forums for help.&lt;/p&gt;</comment>
                            <comment id="15899195" author="m.kim" created="Tue, 7 Mar 2017 10:32:26 +0000"  >&lt;p&gt;Thanks for the answer! We found that this problem disappear in Jetty 9.3 or later. &lt;/p&gt;</comment>
                    </comments>
                    <attachments>
                            <attachment id="12855103" name="log.txt" size="13878" author="m.kim" created="Tue, 28 Feb 2017 09:46:32 +0000"/>
                            <attachment id="12856297" name="quickStartApp.zip" size="24496" author="m.kim" created="Mon, 6 Mar 2017 15:36:41 +0000"/>
                    </attachments>
                <subtasks>
                    </subtasks>
                <customfields>
                                                <customfield id="customfield_12310310" key="com.atlassian.jira.toolkit:attachments">
                        <customfieldname>Attachment count</customfieldname>
                        <customfieldvalues>
                            <customfieldvalue>2.0</customfieldvalue>
                        </customfieldvalues>
                    </customfield>
                                                                                                                                                                                                                                                                                                                                                                                                                                                                                                                                                                                        <customfield id="customfield_12310220" key="com.atlassian.jira.ext.charting:firstresponsedate">
                        <customfieldname>Date of First Response</customfieldname>
                        <customfieldvalues>
                            <customfieldvalue>Tue, 28 Feb 2017 09:55:58 +0000</customfieldvalue>

                        </customfieldvalues>
                    </customfield>
                                                                                                                        <customfield id="customfield_12313422" key="com.atlassian.jirafisheyeplugin:jobcheckbox">
                        <customfieldname>Enable Automatic Patch Review</customfieldname>
                        <customfieldvalues>
                            <customfieldvalue><![CDATA[false]]></customfieldvalue>

                        </customfieldvalues>
                    </customfield>
                                                                                                                                                                                                                                                                                                                                                                                                                                                                        <customfield id="customfield_12310420" key="com.pyxis.greenhopper.jira:gh-global-rank">
                        <customfieldname>Global Rank</customfieldname>
                        <customfieldvalues>
                            <customfieldvalue>9223372036854775807</customfieldvalue>
                        </customfieldvalues>
                    </customfield>
                                                                                                                        <customfield id="customfield_12312521" key="com.atlassian.jira.toolkit:LastCommentDate">
                        <customfieldname>Last public comment date</customfieldname>
                        <customfieldvalues>
                            2 years, 4 weeks, 6 days ago
                        </customfieldvalues>
                    </customfield>
                                                                                                                                                    <customfield id="customfield_12311820" key="com.pyxis.greenhopper.jira:gh-lexo-rank">
                        <customfieldname>Rank</customfieldname>
                        <customfieldvalues>
                            <customfieldvalue>0|i3aq0n:</customfieldvalue>

                        </customfieldvalues>
                    </customfield>
                                                                <customfield id="customfield_12310920" key="com.pyxis.greenhopper.jira:gh-global-rank">
                        <customfieldname>Rank (Obsolete)</customfieldname>
                        <customfieldvalues>
                            <customfieldvalue>9223372036854775807</customfieldvalue>
                        </customfieldvalues>
                    </customfield>
                                                                                                                                                                                                                                                                                                                            <customfield id="customfield_12310222" key="com.atlassian.jira.ext.charting:timeinstatus">
                        <customfieldname>Time in Status</customfieldname>
                        <customfieldvalues>
                            
                        </customfieldvalues>
                    </customfield>
                                    </customfields>
    </item>


<item>
            <title>[WICKET-6329] org.json migration issue</title>
                <link>https://issues.apache.org/jira/browse/WICKET-6329</link>
                <project id="12310561" key="WICKET">Wicket</project>
                    <description>&lt;p&gt;My project uses both Wicket and Google Firebase.&lt;/p&gt;

&lt;p&gt;After migrating to Wicket8 M4 I have this issue:&lt;/p&gt;

&lt;p&gt;java.lang.NoSuchMethodError: org.json.JSONStringer.object()Lorg/json/JSONWriter;&lt;br/&gt;
	at com.google.firebase.database.util.JsonMapper.serializeJsonValue(JsonMapper.java:56)&lt;br/&gt;
	at com.google.firebase.database.util.JsonMapper.serializeJsonValue(JsonMapper.java:45)&lt;br/&gt;
	at com.google.firebase.database.util.JsonMapper.serializeJson(JsonMapper.java:25)&lt;br/&gt;
	at com.google.firebase.database.util.GAuthToken.serializeToString(GAuthToken.java:53)&lt;br/&gt;
	at com.google.firebase.database.core.JvmAuthTokenProvider$1.onComplete(JvmAuthTokenProvider.java:40)&lt;br/&gt;
	at com.google.firebase.tasks.OnCompleteCompletionListener$1.run(OnCompleteCompletionListener.java:37)&lt;/p&gt;


&lt;p&gt;Reason: Google libraries uses one library and Wicket uses another by the same name. These 2 libraries are in conflict.&lt;/p&gt;

</description>
                <environment></environment>
        <key id="13046849">WICKET-6329</key>
            <summary>org.json migration issue</summary>
                <type id="1" iconUrl="https://issues.apache.org/jira/secure/viewavatar?size=xsmall&amp;avatarId=21133&amp;avatarType=issuetype">Bug</type>
                                            <priority id="2" iconUrl="https://issues.apache.org/jira/images/icons/priorities/critical.svg">Critical</priority>
                        <status id="5" iconUrl="https://issues.apache.org/jira/images/icons/statuses/resolved.png" description="A resolution has been taken, and it is awaiting verification by reporter. From here issues are either reopened, or are closed.">Resolved</status>
                    <statusCategory id="3" key="done" colorName="green"/>
                                    <resolution id="1">Fixed</resolution>
                                        <assignee username="mgrigorov">Martin Grigorov</assignee>
                                    <reporter username="mfursov">Mikhail Fursov</reporter>
                        <labels>
                    </labels>
                <created>Tue, 28 Feb 2017 03:18:36 +0000</created>
                <updated>Mon, 6 Mar 2017 20:46:23 +0000</updated>
                            <resolved>Mon, 6 Mar 2017 20:46:23 +0000</resolved>
                                    <version>8.0.0-M4</version>
                                    <fixVersion>8.0.0-M5</fixVersion>
                                    <component>wicket</component>
                        <due></due>
                            <votes>0</votes>
                                    <watches>3</watches>
                                                                <comments>
                            <comment id="15887197" author="mfursov" created="Tue, 28 Feb 2017 03:41:33 +0000"  >&lt;p&gt;I believe that keeping the old version of JSON library in Wicket is a safier move.&lt;/p&gt;</comment>
                            <comment id="15887424" author="mgrigorov" created="Tue, 28 Feb 2017 06:51:52 +0000"  >&lt;p&gt;The old version (or more correctly the library with Maven groupId=org.json) has been banned by Apache Legal: &lt;a href=&quot;https://www.apache.org/legal/resolved#json&quot; class=&quot;external-link&quot; rel=&quot;nofollow&quot;&gt;https://www.apache.org/legal/resolved#json&lt;/a&gt;.&lt;br/&gt;
It has been replaced with &lt;a href=&quot;https://github.com/tdunning/open-json&quot; class=&quot;external-link&quot; rel=&quot;nofollow&quot;&gt;https://github.com/tdunning/open-json&lt;/a&gt; but the problem is that both use org.json as package name.&lt;br/&gt;
AFAIK OpenJson tries to provide the same APIs but with Apache friendly licence. IMO an issue should be opened at &lt;a href=&quot;https://github.com/tdunning/open-json&quot; class=&quot;external-link&quot; rel=&quot;nofollow&quot;&gt;https://github.com/tdunning/open-json&lt;/a&gt;.&lt;/p&gt;</comment>
                            <comment id="15887427" author="mgrigorov" created="Tue, 28 Feb 2017 06:52:25 +0000"  >&lt;p&gt;Now I see you actually already reported it there: &lt;a href=&quot;https://github.com/tdunning/open-json/issues/11&quot; class=&quot;external-link&quot; rel=&quot;nofollow&quot;&gt;https://github.com/tdunning/open-json/issues/11&lt;/a&gt;&lt;/p&gt;</comment>
                            <comment id="15888603" author="mfursov" created="Tue, 28 Feb 2017 18:31:16 +0000"  >&lt;p&gt;I know this is not the best option, but I believe it is better than having a package name conflict:&lt;/p&gt;

&lt;ul class=&quot;alternate&quot; type=&quot;square&quot;&gt;
	&lt;li&gt;If the only problem with old &apos;org.apache.wicket.ajax.json&apos; is a license of original code why not replacing the code with open-json implementation and keeping the package name within wicket namespace&apos;? Most customers will not notice the change. Those who do  (like users of XML class) will have an option to migrate to any version they want without conflict.&lt;/li&gt;
&lt;/ul&gt;
</comment>
                            <comment id="15889730" author="mgrigorov" created="Wed, 1 Mar 2017 08:16:49 +0000"  >&lt;p&gt;I agree with you!&lt;br/&gt;
I&apos;ve started a thread at dev@wicket.apache.org suggesting this change.&lt;br/&gt;
Thank you!&lt;/p&gt;</comment>
                            <comment id="15890656" author="mfursov" created="Wed, 1 Mar 2017 17:46:11 +0000"  >&lt;p&gt;This is an example of working alternative solution (spent less than 1 hour setting up this repository and pushing it&apos;s artifact to maven)&lt;/p&gt;

&lt;p&gt;&lt;a href=&quot;https://github.com/openjson/openjson&quot; class=&quot;external-link&quot; rel=&quot;nofollow&quot;&gt;https://github.com/openjson/openjson&lt;/a&gt;&lt;/p&gt;

&lt;p&gt;(Invited Martin, Ted Dunning and Max Solodovnik as owners, I can also give up my rights for this org)&lt;/p&gt;</comment>
                            <comment id="15895544" author="mfursov" created="Sat, 4 Mar 2017 06:43:43 +0000"  >&lt;p&gt;Some details about com.github.openjson activity:&lt;/p&gt;

&lt;p&gt;First, I wanted to align it&apos;s interface with org.json classes: I collected all methods missed, added Iterable to JSONArray (committed) and next I added BigDecimal/BigInteger support (not commited).&lt;/p&gt;

&lt;p&gt;But when I started writing tests for BigDecimals I found that there are a lot of uncertanty with this type support in org.json. This type is just not native for JSON. I also found that the current minimal state of the openjson is very clever: it does what it&apos;s expected to do and has no bloated, unnecessary and ambiguos utils.&lt;/p&gt;

&lt;p&gt;So I reverted my changes and do not plan to add anything new to the package except tests (that are already at 95% according to converage reports).&lt;/p&gt;</comment>
                            <comment id="15898064" author="jira-bot" created="Mon, 6 Mar 2017 20:46:15 +0000"  >&lt;p&gt;Commit f25687ade198b8e9dedf91d120c7f0d3ec0f1039 in wicket&apos;s branch refs/heads/master from &lt;a href=&quot;https://issues.apache.org/jira/secure/ViewProfile.jspa?name=mgrigorov&quot; class=&quot;user-hover&quot; rel=&quot;mgrigorov&quot;&gt;Martin Grigorov&lt;/a&gt;&lt;br/&gt;
[ &lt;a href=&quot;https://git-wip-us.apache.org/repos/asf?p=wicket.git;h=f25687a&quot; class=&quot;external-link&quot; rel=&quot;nofollow&quot;&gt;https://git-wip-us.apache.org/repos/asf?p=wicket.git;h=f25687a&lt;/a&gt; ]&lt;/p&gt;

&lt;p&gt;&lt;a href=&quot;https://issues.apache.org/jira/browse/WICKET-6329&quot; title=&quot;org.json migration issue&quot; class=&quot;issue-link&quot; data-issue-key=&quot;WICKET-6329&quot;&gt;&lt;del&gt;WICKET-6329&lt;/del&gt;&lt;/a&gt; org.json migration issue&lt;/p&gt;

&lt;p&gt;Switch from com.tdunning:json to com.github.openjson:openjson&lt;/p&gt;</comment>
                            <comment id="15898065" author="mgrigorov" created="Mon, 6 Mar 2017 20:46:23 +0000"  >&lt;p&gt;Thank you &lt;a href=&quot;https://issues.apache.org/jira/secure/ViewProfile.jspa?name=mfursov&quot; class=&quot;user-hover&quot; rel=&quot;mfursov&quot;&gt;Mikhail Fursov&lt;/a&gt; !&lt;/p&gt;</comment>
                    </comments>
                    <attachments>
                    </attachments>
                <subtasks>
                    </subtasks>
                <customfields>
                                                <customfield id="customfield_12310310" key="com.atlassian.jira.toolkit:attachments">
                        <customfieldname>Attachment count</customfieldname>
                        <customfieldvalues>
                            <customfieldvalue>0.0</customfieldvalue>
                        </customfieldvalues>
                    </customfield>
                                                                                                                                                                                                                                                                                                                                                                                                                                                                                                                                                                                        <customfield id="customfield_12310220" key="com.atlassian.jira.ext.charting:firstresponsedate">
                        <customfieldname>Date of First Response</customfieldname>
                        <customfieldvalues>
                            <customfieldvalue>Tue, 28 Feb 2017 06:51:52 +0000</customfieldvalue>

                        </customfieldvalues>
                    </customfield>
                                                                                                                        <customfield id="customfield_12313422" key="com.atlassian.jirafisheyeplugin:jobcheckbox">
                        <customfieldname>Enable Automatic Patch Review</customfieldname>
                        <customfieldvalues>
                            <customfieldvalue><![CDATA[false]]></customfieldvalue>

                        </customfieldvalues>
                    </customfield>
                                                                                                                                                                                                                                                                                                                                                                                                                                                                        <customfield id="customfield_12310420" key="com.pyxis.greenhopper.jira:gh-global-rank">
                        <customfieldname>Global Rank</customfieldname>
                        <customfieldvalues>
                            <customfieldvalue>9223372036854775807</customfieldvalue>
                        </customfieldvalues>
                    </customfield>
                                                                                                                        <customfield id="customfield_12312521" key="com.atlassian.jira.toolkit:LastCommentDate">
                        <customfieldname>Last public comment date</customfieldname>
                        <customfieldvalues>
                            2 years, 4 weeks, 6 days ago
                        </customfieldvalues>
                    </customfield>
                                                                                                                                                    <customfield id="customfield_12311820" key="com.pyxis.greenhopper.jira:gh-lexo-rank">
                        <customfieldname>Rank</customfieldname>
                        <customfieldvalues>
                            <customfieldvalue>0|i3aplz:</customfieldvalue>

                        </customfieldvalues>
                    </customfield>
                                                                <customfield id="customfield_12310920" key="com.pyxis.greenhopper.jira:gh-global-rank">
                        <customfieldname>Rank (Obsolete)</customfieldname>
                        <customfieldvalues>
                            <customfieldvalue>9223372036854775807</customfieldvalue>
                        </customfieldvalues>
                    </customfield>
                                                                                                                                                                                                                                                                                                                            <customfield id="customfield_12310222" key="com.atlassian.jira.ext.charting:timeinstatus">
                        <customfieldname>Time in Status</customfieldname>
                        <customfieldvalues>
                            
                        </customfieldvalues>
                    </customfield>
                                    </customfields>
    </item>


<item>
            <title>[WICKET-6327] PropertyResover doesn&apos;t resolve a property expression to its field if it&apos;s in a Map object</title>
                <link>https://issues.apache.org/jira/browse/WICKET-6327</link>
                <project id="12310561" key="WICKET">Wicket</project>
                    <description>&lt;p&gt;Property resolver will always resolve a property expression to a map key, even if it isn&apos;t using the map&lt;span class=&quot;error&quot;&gt;&amp;#91;key&amp;#93;&lt;/span&gt; syntax. e.g.&lt;/p&gt;

&lt;p&gt;class MyMap implements Map{&lt;br/&gt;
  public Object myProperty;&lt;br/&gt;
}&lt;/p&gt;

&lt;p&gt;in this case PropertyResolver.getValue(&quot;map&lt;span class=&quot;error&quot;&gt;&amp;#91;myProperty&amp;#93;&lt;/span&gt;&quot;, this) will work fine, but any attempt to access &quot;myProperty&quot; using a property expression will fail since PropertyResolver.getValue(&quot;map.myProperty&quot;, this) will resolve &quot;myProperty&quot; to a map key.&lt;/p&gt;</description>
                <environment></environment>
        <key id="13046542">WICKET-6327</key>
            <summary>PropertyResover doesn&apos;t resolve a property expression to its field if it&apos;s in a Map object</summary>
                <type id="1" iconUrl="https://issues.apache.org/jira/secure/viewavatar?size=xsmall&amp;avatarId=21133&amp;avatarType=issuetype">Bug</type>
                                            <priority id="4" iconUrl="https://issues.apache.org/jira/images/icons/priorities/minor.svg">Minor</priority>
                        <status id="1" iconUrl="https://issues.apache.org/jira/images/icons/statuses/open.png" description="The issue is open and ready for the assignee to start work on it.">Open</status>
                    <statusCategory id="2" key="new" colorName="blue-gray"/>
                                    <resolution id="-1">Unresolved</resolution>
                                        <assignee username="-1">Unassigned</assignee>
                                    <reporter username="pedrosans">Pedro Santos</reporter>
                        <labels>
                    </labels>
                <created>Mon, 27 Feb 2017 05:13:55 +0000</created>
                <updated>Mon, 27 Feb 2017 05:13:55 +0000</updated>
                                            <version>7.6.0</version>
                    <version>8.0.0-M3</version>
                    <version>6.26.0</version>
                                                        <due></due>
                            <votes>0</votes>
                                    <watches>1</watches>
                                                                        <attachments>
                    </attachments>
                <subtasks>
                    </subtasks>
                <customfields>
                                                <customfield id="customfield_12310310" key="com.atlassian.jira.toolkit:attachments">
                        <customfieldname>Attachment count</customfieldname>
                        <customfieldvalues>
                            <customfieldvalue>0.0</customfieldvalue>
                        </customfieldvalues>
                    </customfield>
                                                                                                                                                                                                                                                                                                                                                                                                                                                                                                                                                                                                                                                                            <customfield id="customfield_12313422" key="com.atlassian.jirafisheyeplugin:jobcheckbox">
                        <customfieldname>Enable Automatic Patch Review</customfieldname>
                        <customfieldvalues>
                            <customfieldvalue><![CDATA[false]]></customfieldvalue>

                        </customfieldvalues>
                    </customfield>
                                                                                                                                                                                                                                                                                                                                                                                                                                                                        <customfield id="customfield_12310420" key="com.pyxis.greenhopper.jira:gh-global-rank">
                        <customfieldname>Global Rank</customfieldname>
                        <customfieldvalues>
                            <customfieldvalue>9223372036854775807</customfieldvalue>
                        </customfieldvalues>
                    </customfield>
                                                                                                                        <customfield id="customfield_12312521" key="com.atlassian.jira.toolkit:LastCommentDate">
                        <customfieldname>Last public comment date</customfieldname>
                        <customfieldvalues>
                            2 years, 6 weeks ago
                        </customfieldvalues>
                    </customfield>
                                                                                                                                                    <customfield id="customfield_12311820" key="com.pyxis.greenhopper.jira:gh-lexo-rank">
                        <customfieldname>Rank</customfieldname>
                        <customfieldvalues>
                            <customfieldvalue>0|i3anpr:</customfieldvalue>

                        </customfieldvalues>
                    </customfield>
                                                                <customfield id="customfield_12310920" key="com.pyxis.greenhopper.jira:gh-global-rank">
                        <customfieldname>Rank (Obsolete)</customfieldname>
                        <customfieldvalues>
                            <customfieldvalue>9223372036854775807</customfieldvalue>
                        </customfieldvalues>
                    </customfield>
                                                                                                                                                                                                                                                                                                                            </customfields>
    </item>


<item>
            <title>[WICKET-6325] AbstractTree#updateBranch() and #updateNode() make AjaxRequestTarget mandatory</title>
                <link>https://issues.apache.org/jira/browse/WICKET-6325</link>
                <project id="12310561" key="WICKET">Wicket</project>
                    <description>&lt;p&gt;With the new Optional&amp;lt;AjaxRequestTarget&amp;gt; spreading over Wickets code base, AbstractTree#updateBranch() and #updateNode() were changed (by me) to get an optional ART.&lt;/p&gt;

&lt;p&gt;Further examination shows, that this was a wrong decision:&lt;/p&gt;
&lt;ul class=&quot;alternate&quot; type=&quot;square&quot;&gt;
	&lt;li&gt;most Java experts argue against optional method parameters&lt;/li&gt;
	&lt;li&gt;there are cases now where an existing ART must be wrapped in an optional just to pass it into the methods.&lt;/li&gt;
&lt;/ul&gt;


&lt;p&gt;The former solution to check the parameter against null isn&apos;t feasible now either, since you have to use optional#orElse(null) if you happen to have an Optional&amp;lt;ART&amp;gt; only.&lt;/p&gt;

&lt;p&gt;Thus it is better to just make the ART parameter mandatory.&lt;/p&gt;</description>
                <environment></environment>
        <key id="13045636">WICKET-6325</key>
            <summary>AbstractTree#updateBranch() and #updateNode() make AjaxRequestTarget mandatory</summary>
                <type id="1" iconUrl="https://issues.apache.org/jira/secure/viewavatar?size=xsmall&amp;avatarId=21133&amp;avatarType=issuetype">Bug</type>
                                            <priority id="4" iconUrl="https://issues.apache.org/jira/images/icons/priorities/minor.svg">Minor</priority>
                        <status id="5" iconUrl="https://issues.apache.org/jira/images/icons/statuses/resolved.png" description="A resolution has been taken, and it is awaiting verification by reporter. From here issues are either reopened, or are closed.">Resolved</status>
                    <statusCategory id="3" key="done" colorName="green"/>
                                    <resolution id="1">Fixed</resolution>
                                        <assignee username="svenmeier">Sven Meier</assignee>
                                    <reporter username="svenmeier">Sven Meier</reporter>
                        <labels>
                    </labels>
                <created>Thu, 23 Feb 2017 14:34:42 +0000</created>
                <updated>Thu, 23 Feb 2017 14:36:21 +0000</updated>
                            <resolved>Thu, 23 Feb 2017 14:36:21 +0000</resolved>
                                    <version>8.0.0-M3</version>
                                    <fixVersion>8.0.0-M4</fixVersion>
                                    <component>wicket-extensions</component>
                        <due></due>
                            <votes>0</votes>
                                    <watches>2</watches>
                                                                <comments>
                            <comment id="15880539" author="jira-bot" created="Thu, 23 Feb 2017 14:35:41 +0000"  >&lt;p&gt;Commit 3bb858f96b2754f3386055f6b21e30c56d79b9be in wicket&apos;s branch refs/heads/master from &lt;a href=&quot;https://issues.apache.org/jira/secure/ViewProfile.jspa?name=svenmeier&quot; class=&quot;user-hover&quot; rel=&quot;svenmeier&quot;&gt;Sven Meier&lt;/a&gt;&lt;br/&gt;
[ &lt;a href=&quot;https://git-wip-us.apache.org/repos/asf?p=wicket.git;h=3bb858f&quot; class=&quot;external-link&quot; rel=&quot;nofollow&quot;&gt;https://git-wip-us.apache.org/repos/asf?p=wicket.git;h=3bb858f&lt;/a&gt; ]&lt;/p&gt;

&lt;p&gt;&lt;a href=&quot;https://issues.apache.org/jira/browse/WICKET-6325&quot; title=&quot;AbstractTree#updateBranch() and #updateNode() make AjaxRequestTarget mandatory&quot; class=&quot;issue-link&quot; data-issue-key=&quot;WICKET-6325&quot;&gt;&lt;del&gt;WICKET-6325&lt;/del&gt;&lt;/a&gt; ART is a mandatory parameter now&lt;/p&gt;</comment>
                    </comments>
                    <attachments>
                    </attachments>
                <subtasks>
                    </subtasks>
                <customfields>
                                                <customfield id="customfield_12310310" key="com.atlassian.jira.toolkit:attachments">
                        <customfieldname>Attachment count</customfieldname>
                        <customfieldvalues>
                            <customfieldvalue>0.0</customfieldvalue>
                        </customfieldvalues>
                    </customfield>
                                                                                                                                                                                                                                                                                                                                                                                                                                                                                                                                                                                        <customfield id="customfield_12310220" key="com.atlassian.jira.ext.charting:firstresponsedate">
                        <customfieldname>Date of First Response</customfieldname>
                        <customfieldvalues>
                            <customfieldvalue>Thu, 23 Feb 2017 14:35:41 +0000</customfieldvalue>

                        </customfieldvalues>
                    </customfield>
                                                                                                                        <customfield id="customfield_12313422" key="com.atlassian.jirafisheyeplugin:jobcheckbox">
                        <customfieldname>Enable Automatic Patch Review</customfieldname>
                        <customfieldvalues>
                            <customfieldvalue><![CDATA[false]]></customfieldvalue>

                        </customfieldvalues>
                    </customfield>
                                                                                                                                                                                                                                                                                                                                                                                                                                                                        <customfield id="customfield_12310420" key="com.pyxis.greenhopper.jira:gh-global-rank">
                        <customfieldname>Global Rank</customfieldname>
                        <customfieldvalues>
                            <customfieldvalue>9223372036854775807</customfieldvalue>
                        </customfieldvalues>
                    </customfield>
                                                                                                                        <customfield id="customfield_12312521" key="com.atlassian.jira.toolkit:LastCommentDate">
                        <customfieldname>Last public comment date</customfieldname>
                        <customfieldvalues>
                            2 years, 6 weeks, 3 days ago
                        </customfieldvalues>
                    </customfield>
                                                                                                                                                    <customfield id="customfield_12311820" key="com.pyxis.greenhopper.jira:gh-lexo-rank">
                        <customfieldname>Rank</customfieldname>
                        <customfieldvalues>
                            <customfieldvalue>0|i3aij3:</customfieldvalue>

                        </customfieldvalues>
                    </customfield>
                                                                <customfield id="customfield_12310920" key="com.pyxis.greenhopper.jira:gh-global-rank">
                        <customfieldname>Rank (Obsolete)</customfieldname>
                        <customfieldvalues>
                            <customfieldvalue>9223372036854775807</customfieldvalue>
                        </customfieldvalues>
                    </customfield>
                                                                                                                                                                                                                                                                                                                            <customfield id="customfield_12310222" key="com.atlassian.jira.ext.charting:timeinstatus">
                        <customfieldname>Time in Status</customfieldname>
                        <customfieldvalues>
                            
                        </customfieldvalues>
                    </customfield>
                                    </customfields>
    </item>


<item>
            <title>[WICKET-6324] AjaxFallbackButton#onError parameter type should be Optional&lt;AjaxRequestTarget&gt;</title>
                <link>https://issues.apache.org/jira/browse/WICKET-6324</link>
                <project id="12310561" key="WICKET">Wicket</project>
                    <description>&lt;p&gt;The parameter for AjaxFallbackButton#onSubmit is Optional&amp;lt;AjaxRequestTarget&amp;gt; because the AjaxRequestTarget can be null.  However, the parameter for AjaxFallbackButton#onError is AjaxRequestTarget.  The AjaxRequestTarget can be null so the parameter to #onError should follow #onSubmit and also be Optional.&lt;/p&gt;</description>
                <environment></environment>
        <key id="13044924">WICKET-6324</key>
            <summary>AjaxFallbackButton#onError parameter type should be Optional&lt;AjaxRequestTarget&gt;</summary>
                <type id="1" iconUrl="https://issues.apache.org/jira/secure/viewavatar?size=xsmall&amp;avatarId=21133&amp;avatarType=issuetype">Bug</type>
                                            <priority id="4" iconUrl="https://issues.apache.org/jira/images/icons/priorities/minor.svg">Minor</priority>
                        <status id="5" iconUrl="https://issues.apache.org/jira/images/icons/statuses/resolved.png" description="A resolution has been taken, and it is awaiting verification by reporter. From here issues are either reopened, or are closed.">Resolved</status>
                    <statusCategory id="3" key="done" colorName="green"/>
                                    <resolution id="1">Fixed</resolution>
                                        <assignee username="svenmeier">Sven Meier</assignee>
                                    <reporter username="ageery">Andrew Geery</reporter>
                        <labels>
                    </labels>
                <created>Tue, 21 Feb 2017 18:41:37 +0000</created>
                <updated>Fri, 24 Mar 2017 13:16:53 +0000</updated>
                            <resolved>Thu, 23 Feb 2017 11:59:10 +0000</resolved>
                                    <version>8.0.0-M3</version>
                                    <fixVersion>8.0.0-M4</fixVersion>
                                    <component>wicket</component>
                        <due></due>
                            <votes>0</votes>
                                    <watches>4</watches>
                                                                <comments>
                            <comment id="15880302" author="jira-bot" created="Thu, 23 Feb 2017 11:46:20 +0000"  >&lt;p&gt;Commit 1d8a9c780756130fad77135aa54717552bdd41c9 in wicket&apos;s branch refs/heads/master from &lt;a href=&quot;https://issues.apache.org/jira/secure/ViewProfile.jspa?name=svenmeier&quot; class=&quot;user-hover&quot; rel=&quot;svenmeier&quot;&gt;Sven Meier&lt;/a&gt;&lt;br/&gt;
[ &lt;a href=&quot;https://git-wip-us.apache.org/repos/asf?p=wicket.git;h=1d8a9c7&quot; class=&quot;external-link&quot; rel=&quot;nofollow&quot;&gt;https://git-wip-us.apache.org/repos/asf?p=wicket.git;h=1d8a9c7&lt;/a&gt; ]&lt;/p&gt;

&lt;p&gt;&lt;a href=&quot;https://issues.apache.org/jira/browse/WICKET-6324&quot; title=&quot;AjaxFallbackButton#onError parameter type should be Optional&amp;lt;AjaxRequestTarget&amp;gt;&quot; class=&quot;issue-link&quot; data-issue-key=&quot;WICKET-6324&quot;&gt;&lt;del&gt;WICKET-6324&lt;/del&gt;&lt;/a&gt; optional for all callbacks&lt;/p&gt;</comment>
                            <comment id="15880311" author="svenmeier" created="Thu, 23 Feb 2017 11:59:10 +0000"  >&lt;p&gt;Thanks, I fixed some other callback methods too.&lt;/p&gt;</comment>
                            <comment id="15940276" author="mgrigorov" created="Fri, 24 Mar 2017 13:05:22 +0000"  >&lt;p&gt;&lt;a href=&quot;https://issues.apache.org/jira/secure/ViewProfile.jspa?name=svenmeier&quot; class=&quot;user-hover&quot; rel=&quot;svenmeier&quot;&gt;Sven Meier&lt;/a&gt;&lt;br/&gt;
Why did you make this change:&lt;/p&gt;
&lt;div class=&quot;code panel&quot; style=&quot;border-width: 1px;&quot;&gt;&lt;div class=&quot;codeContent panelContent&quot;&gt;
&lt;pre class=&quot;code-java&quot;&gt;diff --git a/wicket-core/src/main/java/org/apache/wicket/ajax/markup/html/form/AjaxFallbackButton.java b/wicket-core/src/main/java/org/apache/wicket/ajax/markup/html/form/AjaxFallbackButton.java
index 8fd7ad8..f24dd22 100644
--- a/wicket-core/src/main/java/org/apache/wicket/ajax/markup/html/form/AjaxFallbackButton.java
+++ b/wicket-core/src/main/java/org/apache/wicket/ajax/markup/html/form/AjaxFallbackButton.java
@@ -73,19 +73,19 @@ &lt;span class=&quot;code-keyword&quot;&gt;public&lt;/span&gt; &lt;span class=&quot;code-keyword&quot;&gt;abstract&lt;/span&gt; &lt;span class=&quot;code-keyword&quot;&gt;class &lt;/span&gt;AjaxFallbackButton &lt;span class=&quot;code-keyword&quot;&gt;extends&lt;/span&gt; Button
                        @Override
                        &lt;span class=&quot;code-keyword&quot;&gt;protected&lt;/span&gt; void onSubmit(AjaxRequestTarget target)
                        {
-                               AjaxFallbackButton.&lt;span class=&quot;code-keyword&quot;&gt;this&lt;/span&gt;.onSubmit(Optional.ofNullable(target));
+                               AjaxFallbackButton.&lt;span class=&quot;code-keyword&quot;&gt;this&lt;/span&gt;.onSubmit(Optional.of(target));
&lt;/pre&gt;
&lt;/div&gt;&lt;/div&gt;

&lt;p&gt;`target` may be null and then this will break at :&lt;/p&gt;

&lt;div class=&quot;code panel&quot; style=&quot;border-width: 1px;&quot;&gt;&lt;div class=&quot;codeContent panelContent&quot;&gt;
&lt;pre class=&quot;code-java&quot;&gt;&lt;span class=&quot;code-keyword&quot;&gt;private&lt;/span&gt; Optional(T value) {
       &lt;span class=&quot;code-keyword&quot;&gt;this&lt;/span&gt;.value = Objects.requireNonNull(value);
}
&lt;/pre&gt;
&lt;/div&gt;&lt;/div&gt;</comment>
                            <comment id="15940300" author="svenmeier" created="Fri, 24 Mar 2017 13:16:53 +0000"  >&lt;p&gt;Thanks for asking:&lt;/p&gt;

&lt;p&gt;The target cannot - nor should it - be null, at that moment. So Optional#of() assures that this assumption holds.&lt;/p&gt;</comment>
                    </comments>
                    <attachments>
                    </attachments>
                <subtasks>
                    </subtasks>
                <customfields>
                                                <customfield id="customfield_12310310" key="com.atlassian.jira.toolkit:attachments">
                        <customfieldname>Attachment count</customfieldname>
                        <customfieldvalues>
                            <customfieldvalue>0.0</customfieldvalue>
                        </customfieldvalues>
                    </customfield>
                                                                                                                                                                                                                                                                                                                                                                                                                                                                                                                                                                                        <customfield id="customfield_12310220" key="com.atlassian.jira.ext.charting:firstresponsedate">
                        <customfieldname>Date of First Response</customfieldname>
                        <customfieldvalues>
                            <customfieldvalue>Thu, 23 Feb 2017 11:46:20 +0000</customfieldvalue>

                        </customfieldvalues>
                    </customfield>
                                                                                                                        <customfield id="customfield_12313422" key="com.atlassian.jirafisheyeplugin:jobcheckbox">
                        <customfieldname>Enable Automatic Patch Review</customfieldname>
                        <customfieldvalues>
                            <customfieldvalue><![CDATA[false]]></customfieldvalue>

                        </customfieldvalues>
                    </customfield>
                                                                                                                                                                                                                                                                                                                                                                                                                                                                        <customfield id="customfield_12310420" key="com.pyxis.greenhopper.jira:gh-global-rank">
                        <customfieldname>Global Rank</customfieldname>
                        <customfieldvalues>
                            <customfieldvalue>9223372036854775807</customfieldvalue>
                        </customfieldvalues>
                    </customfield>
                                                                                                                        <customfield id="customfield_12312521" key="com.atlassian.jira.toolkit:LastCommentDate">
                        <customfieldname>Last public comment date</customfieldname>
                        <customfieldvalues>
                            2 years, 2 weeks, 2 days ago
                        </customfieldvalues>
                    </customfield>
                                                                                                                                                    <customfield id="customfield_12311820" key="com.pyxis.greenhopper.jira:gh-lexo-rank">
                        <customfieldname>Rank</customfieldname>
                        <customfieldvalues>
                            <customfieldvalue>0|i3ae5r:</customfieldvalue>

                        </customfieldvalues>
                    </customfield>
                                                                <customfield id="customfield_12310920" key="com.pyxis.greenhopper.jira:gh-global-rank">
                        <customfieldname>Rank (Obsolete)</customfieldname>
                        <customfieldvalues>
                            <customfieldvalue>9223372036854775807</customfieldvalue>
                        </customfieldvalues>
                    </customfield>
                                                                                                                                                                                                                                                                                                                            <customfield id="customfield_12310222" key="com.atlassian.jira.ext.charting:timeinstatus">
                        <customfieldname>Time in Status</customfieldname>
                        <customfieldvalues>
                            
                        </customfieldvalues>
                    </customfield>
                                    </customfields>
    </item>


<item>
            <title>[WICKET-6319] AutoCompleteTextField: popup is hidden when clicking on scrollbar in IE</title>
                <link>https://issues.apache.org/jira/browse/WICKET-6319</link>
                <project id="12310561" key="WICKET">Wicket</project>
                    <description>&lt;p&gt;When the user clicks into the text field, a list with suggestions is opened in a popup. When the user scrolls this list by clicking on the vertical scrollbar, the popup disappears.&lt;/p&gt;

&lt;p&gt;Affects IE11 and Edge, not affected is Chrome.&lt;/p&gt;

&lt;p&gt;this seems similar to &lt;a href=&quot;https://issues.apache.org/jira/browse/WICKET-5882&quot; title=&quot;AutoComplete suggestion list disappear when I click on autoComplete scrollbar in IE&quot; class=&quot;issue-link&quot; data-issue-key=&quot;WICKET-5882&quot;&gt;&lt;del&gt;WICKET-5882&lt;/del&gt;&lt;/a&gt;&lt;/p&gt;

&lt;p&gt;I have resolved the issue by replacing lines 91+ in wicket-autcomplete.js with the following code:&lt;/p&gt;

&lt;div class=&quot;code panel&quot; style=&quot;border-width: 1px;&quot;&gt;&lt;div class=&quot;codeContent panelContent&quot;&gt;
&lt;pre class=&quot;code-java&quot;&gt;Wicket.Event.add(obj, &lt;span class=&quot;code-quote&quot;&gt;&apos;blur&apos;&lt;/span&gt;, function (jqEvent) {
        &lt;span class=&quot;code-keyword&quot;&gt;var&lt;/span&gt; menuId=getMenuId();

        &lt;span class=&quot;code-comment&quot;&gt;//workaround &lt;span class=&quot;code-keyword&quot;&gt;for&lt;/span&gt; IE. Clicks on scrollbar trigger
&lt;/span&gt;        &lt;span class=&quot;code-comment&quot;&gt;//&lt;span class=&quot;code-quote&quot;&gt;&apos;blur&apos;&lt;/span&gt; event on input field. (See https://issues.apache.org/jira/browse/WICKET-5882)
&lt;/span&gt;        &lt;span class=&quot;code-keyword&quot;&gt;if&lt;/span&gt; (menuId !== document.activeElement.id &amp;amp;&amp;amp; (menuId + &lt;span class=&quot;code-quote&quot;&gt;&quot;-container&quot;&lt;/span&gt;) !== document.activeElement.id) {
          window.setTimeout(hideAutoComplete, 500);
        } &lt;span class=&quot;code-keyword&quot;&gt;else&lt;/span&gt; {
          jQuery(&lt;span class=&quot;code-keyword&quot;&gt;this&lt;/span&gt;).trigger(&lt;span class=&quot;code-quote&quot;&gt;&quot;focus&quot;&lt;/span&gt;);
        }
      });
&lt;/pre&gt;
&lt;/div&gt;&lt;/div&gt;

&lt;p&gt;quickstart attached&lt;/p&gt;</description>
                <environment></environment>
        <key id="13043261">WICKET-6319</key>
            <summary>AutoCompleteTextField: popup is hidden when clicking on scrollbar in IE</summary>
                <type id="1" iconUrl="https://issues.apache.org/jira/secure/viewavatar?size=xsmall&amp;avatarId=21133&amp;avatarType=issuetype">Bug</type>
                                            <priority id="3" iconUrl="https://issues.apache.org/jira/images/icons/priorities/major.svg">Major</priority>
                        <status id="5" iconUrl="https://issues.apache.org/jira/images/icons/statuses/resolved.png" description="A resolution has been taken, and it is awaiting verification by reporter. From here issues are either reopened, or are closed.">Resolved</status>
                    <statusCategory id="3" key="done" colorName="green"/>
                                    <resolution id="1">Fixed</resolution>
                                        <assignee username="mgrigorov">Martin Grigorov</assignee>
                                    <reporter username="aka">Andreas Kappler</reporter>
                        <labels>
                    </labels>
                <created>Wed, 15 Feb 2017 13:31:42 +0000</created>
                <updated>Mon, 6 Mar 2017 21:02:40 +0000</updated>
                            <resolved>Mon, 6 Mar 2017 21:02:28 +0000</resolved>
                                    <version>7.5.0</version>
                    <version>7.6.0</version>
                                    <fixVersion>7.7.0</fixVersion>
                    <fixVersion>8.0.0-M5</fixVersion>
                                    <component>wicket-extensions</component>
                        <due></due>
                            <votes>0</votes>
                                    <watches>3</watches>
                                                                <comments>
                            <comment id="15875759" author="aka" created="Tue, 21 Feb 2017 10:40:13 +0000"  >&lt;p&gt;here is the quickstart. thanks!&lt;/p&gt;</comment>
                            <comment id="15898090" author="jira-bot" created="Mon, 6 Mar 2017 21:01:45 +0000"  >&lt;p&gt;Commit befa7f0f7f29bdd43f19c2bd103fb9e92dfc8a11 in wicket&apos;s branch refs/heads/master from &lt;a href=&quot;https://issues.apache.org/jira/secure/ViewProfile.jspa?name=mgrigorov&quot; class=&quot;user-hover&quot; rel=&quot;mgrigorov&quot;&gt;Martin Grigorov&lt;/a&gt;&lt;br/&gt;
[ &lt;a href=&quot;https://git-wip-us.apache.org/repos/asf?p=wicket.git;h=befa7f0&quot; class=&quot;external-link&quot; rel=&quot;nofollow&quot;&gt;https://git-wip-us.apache.org/repos/asf?p=wicket.git;h=befa7f0&lt;/a&gt; ]&lt;/p&gt;

&lt;p&gt;&lt;a href=&quot;https://issues.apache.org/jira/browse/WICKET-6319&quot; title=&quot;AutoCompleteTextField: popup is hidden when clicking on scrollbar in IE&quot; class=&quot;issue-link&quot; data-issue-key=&quot;WICKET-6319&quot;&gt;&lt;del&gt;WICKET-6319&lt;/del&gt;&lt;/a&gt; AutoCompleteTextField: popup is hidden when clicking on scrollbar in IE&lt;/p&gt;</comment>
                            <comment id="15898093" author="mgrigorov" created="Mon, 6 Mar 2017 21:02:28 +0000"  >&lt;p&gt;Thank you for the fix, &lt;a href=&quot;https://issues.apache.org/jira/secure/ViewProfile.jspa?name=aka&quot; class=&quot;user-hover&quot; rel=&quot;aka&quot;&gt;Andreas Kappler&lt;/a&gt;!&lt;/p&gt;</comment>
                            <comment id="15898094" author="jira-bot" created="Mon, 6 Mar 2017 21:02:40 +0000"  >&lt;p&gt;Commit 3343025604ee226fd0e09efa52ca92c8d2ed3c84 in wicket&apos;s branch refs/heads/wicket-7.x from &lt;a href=&quot;https://issues.apache.org/jira/secure/ViewProfile.jspa?name=mgrigorov&quot; class=&quot;user-hover&quot; rel=&quot;mgrigorov&quot;&gt;Martin Grigorov&lt;/a&gt;&lt;br/&gt;
[ &lt;a href=&quot;https://git-wip-us.apache.org/repos/asf?p=wicket.git;h=3343025&quot; class=&quot;external-link&quot; rel=&quot;nofollow&quot;&gt;https://git-wip-us.apache.org/repos/asf?p=wicket.git;h=3343025&lt;/a&gt; ]&lt;/p&gt;

&lt;p&gt;&lt;a href=&quot;https://issues.apache.org/jira/browse/WICKET-6319&quot; title=&quot;AutoCompleteTextField: popup is hidden when clicking on scrollbar in IE&quot; class=&quot;issue-link&quot; data-issue-key=&quot;WICKET-6319&quot;&gt;&lt;del&gt;WICKET-6319&lt;/del&gt;&lt;/a&gt; AutoCompleteTextField: popup is hidden when clicking on scrollbar in IE&lt;/p&gt;</comment>
                    </comments>
                    <attachments>
                            <attachment id="12853720" name="wicket-autocomplete-ie.tar.gz" size="22007" author="aka" created="Tue, 21 Feb 2017 10:40:13 +0000"/>
                    </attachments>
                <subtasks>
                    </subtasks>
                <customfields>
                                                <customfield id="customfield_12310310" key="com.atlassian.jira.toolkit:attachments">
                        <customfieldname>Attachment count</customfieldname>
                        <customfieldvalues>
                            <customfieldvalue>1.0</customfieldvalue>
                        </customfieldvalues>
                    </customfield>
                                                                                                                                                                                                                                                                                                                                                                                                                                                                                                                                                                                        <customfield id="customfield_12310220" key="com.atlassian.jira.ext.charting:firstresponsedate">
                        <customfieldname>Date of First Response</customfieldname>
                        <customfieldvalues>
                            <customfieldvalue>Mon, 6 Mar 2017 21:01:45 +0000</customfieldvalue>

                        </customfieldvalues>
                    </customfield>
                                                                                                                        <customfield id="customfield_12313422" key="com.atlassian.jirafisheyeplugin:jobcheckbox">
                        <customfieldname>Enable Automatic Patch Review</customfieldname>
                        <customfieldvalues>
                            <customfieldvalue><![CDATA[false]]></customfieldvalue>

                        </customfieldvalues>
                    </customfield>
                                                                                                                                                                                                                                                                                                                                                                                                                                                                        <customfield id="customfield_12310420" key="com.pyxis.greenhopper.jira:gh-global-rank">
                        <customfieldname>Global Rank</customfieldname>
                        <customfieldvalues>
                            <customfieldvalue>9223372036854775807</customfieldvalue>
                        </customfieldvalues>
                    </customfield>
                                                                                                                        <customfield id="customfield_12312521" key="com.atlassian.jira.toolkit:LastCommentDate">
                        <customfieldname>Last public comment date</customfieldname>
                        <customfieldvalues>
                            2 years, 4 weeks, 6 days ago
                        </customfieldvalues>
                    </customfield>
                                                                                                                                                    <customfield id="customfield_12311820" key="com.pyxis.greenhopper.jira:gh-lexo-rank">
                        <customfieldname>Rank</customfieldname>
                        <customfieldvalues>
                            <customfieldvalue>0|i3a43z:</customfieldvalue>

                        </customfieldvalues>
                    </customfield>
                                                                <customfield id="customfield_12310920" key="com.pyxis.greenhopper.jira:gh-global-rank">
                        <customfieldname>Rank (Obsolete)</customfieldname>
                        <customfieldvalues>
                            <customfieldvalue>9223372036854775807</customfieldvalue>
                        </customfieldvalues>
                    </customfield>
                                                                                                                                                                                                                                                                                                                            <customfield id="customfield_12310222" key="com.atlassian.jira.ext.charting:timeinstatus">
                        <customfieldname>Time in Status</customfieldname>
                        <customfieldvalues>
                            
                        </customfieldvalues>
                    </customfield>
                                    </customfields>
    </item>


<item>
            <title>[WICKET-6317] AuthenticatedWebSession#signOut() calls twice after session invalidation</title>
                <link>https://issues.apache.org/jira/browse/WICKET-6317</link>
                <project id="12310561" key="WICKET">Wicket</project>
                    <description>&lt;p&gt;When the user wants to log out, I call AuthenticatedWebSession#invalidate(), which, in turn, calls AuthenticatedWebSession#signOut() and sets Session#sessionInvalidated to true.&lt;/p&gt;

&lt;p&gt;After that, at the end of request processing, RequestCycle#onDetach() is called, which in turn calls Session#detach(). The last method checks Session#sessionInvalidated state, and because it is true, invalidates session again with Session#invalidateNow().&lt;/p&gt;

&lt;p&gt;So, if I place some business logic code in #signOut() (as in example class BasicAuthenticationSession from &lt;a href=&quot;https://ci.apache.org/projects/wicket/guide/7.x/single.html#_using_roles_with_metadata&quot; class=&quot;external-link&quot; rel=&quot;nofollow&quot;&gt;official guide&lt;/a&gt;), this code also calls twice, which may be inappropriate in some cases.&lt;/p&gt;

&lt;p&gt;I know about &lt;a href=&quot;https://issues.apache.org/jira/browse/WICKET-6228&quot; title=&quot;Hide AuthenticatedWebSession#signOut() from the public API&quot; class=&quot;issue-link&quot; data-issue-key=&quot;WICKET-6228&quot;&gt;&lt;del&gt;WICKET-6228&lt;/del&gt;&lt;/a&gt; ticket - now #invalidate() doesn&apos;t call #signOut(), and this can be solution for issue, but that changes not ported to Wicket 7 branch.&lt;/p&gt;</description>
                <environment></environment>
        <key id="13040950">WICKET-6317</key>
            <summary>AuthenticatedWebSession#signOut() calls twice after session invalidation</summary>
                <type id="1" iconUrl="https://issues.apache.org/jira/secure/viewavatar?size=xsmall&amp;avatarId=21133&amp;avatarType=issuetype">Bug</type>
                                            <priority id="3" iconUrl="https://issues.apache.org/jira/images/icons/priorities/major.svg">Major</priority>
                        <status id="5" iconUrl="https://issues.apache.org/jira/images/icons/statuses/resolved.png" description="A resolution has been taken, and it is awaiting verification by reporter. From here issues are either reopened, or are closed.">Resolved</status>
                    <statusCategory id="3" key="done" colorName="green"/>
                                    <resolution id="1">Fixed</resolution>
                                        <assignee username="mgrigorov">Martin Grigorov</assignee>
                                    <reporter username="mitring">Alexey Prudnikov</reporter>
                        <labels>
                    </labels>
                <created>Tue, 7 Feb 2017 11:39:54 +0000</created>
                <updated>Sun, 5 Mar 2017 20:57:45 +0000</updated>
                            <resolved>Sun, 5 Mar 2017 20:57:45 +0000</resolved>
                                    <version>7.6.0</version>
                                    <fixVersion>7.7.0</fixVersion>
                    <fixVersion>8.0.0-M5</fixVersion>
                                    <component>wicket</component>
                    <component>wicket-auth-roles</component>
                        <due></due>
                            <votes>0</votes>
                                    <watches>3</watches>
                                                                <comments>
                            <comment id="15855848" author="mgrigorov" created="Tue, 7 Feb 2017 12:04:16 +0000"  >&lt;p&gt;&lt;a href=&quot;https://issues.apache.org/jira/browse/WICKET-6228&quot; title=&quot;Hide AuthenticatedWebSession#signOut() from the public API&quot; class=&quot;issue-link&quot; data-issue-key=&quot;WICKET-6228&quot;&gt;&lt;del&gt;WICKET-6228&lt;/del&gt;&lt;/a&gt; is not applied to 7.x because it might break (silently) applications in production.&lt;br/&gt;
There is an entry in the migration guide for 8.x about it so hopefully the developers will take it into account.&lt;/p&gt;

&lt;p&gt;We should definitely improve the example in the guide!&lt;/p&gt;

&lt;p&gt;Thank you!&lt;/p&gt;</comment>
                            <comment id="15855869" author="mitring" created="Tue, 7 Feb 2017 12:20:04 +0000"  >&lt;p&gt;Thank you for quick response!&lt;/p&gt;

&lt;p&gt;I realize that changes from &lt;a href=&quot;https://issues.apache.org/jira/browse/WICKET-6228&quot; title=&quot;Hide AuthenticatedWebSession#signOut() from the public API&quot; class=&quot;issue-link&quot; data-issue-key=&quot;WICKET-6228&quot;&gt;&lt;del&gt;WICKET-6228&lt;/del&gt;&lt;/a&gt; is API break, no doubt about it.&lt;/p&gt;

&lt;p&gt;But I didn&apos;t understand about 7.x branch - it is my incorrect implementation (probably because of the mistake in documentation) or bug? If it is the incorrect implementation, what is the right way to process user logout with some application-specific business rules?&lt;/p&gt;</comment>
                            <comment id="15855884" author="mgrigorov" created="Tue, 7 Feb 2017 12:27:48 +0000"  >&lt;p&gt;OK, I see. We should not call invalidate() in invalidateNow() if the session is already invalidated.&lt;br/&gt;
You can do the same in your signOut() in the meantime, just wrap your logic with &quot;if (!isSessionInvalidated()) &lt;/p&gt;
{ your logic here }
&lt;p&gt;&quot;.&lt;/p&gt;</comment>
                            <comment id="15855908" author="mitring" created="Tue, 7 Feb 2017 12:42:36 +0000"  >&lt;p&gt;Martin, thank you! I already refactor my business code so it doesn&apos;t afraid of multiple signOut() calls now, but your tip still very useful!&lt;/p&gt;</comment>
                            <comment id="15896545" author="jira-bot" created="Sun, 5 Mar 2017 20:57:21 +0000"  >&lt;p&gt;Commit 237a830f4f412276cc31b236d46f67cec7498dd8 in wicket&apos;s branch refs/heads/wicket-7.x from &lt;a href=&quot;https://issues.apache.org/jira/secure/ViewProfile.jspa?name=mgrigorov&quot; class=&quot;user-hover&quot; rel=&quot;mgrigorov&quot;&gt;Martin Grigorov&lt;/a&gt;&lt;br/&gt;
[ &lt;a href=&quot;https://git-wip-us.apache.org/repos/asf?p=wicket.git;h=237a830&quot; class=&quot;external-link&quot; rel=&quot;nofollow&quot;&gt;https://git-wip-us.apache.org/repos/asf?p=wicket.git;h=237a830&lt;/a&gt; ]&lt;/p&gt;

&lt;p&gt;&lt;a href=&quot;https://issues.apache.org/jira/browse/WICKET-6317&quot; title=&quot;AuthenticatedWebSession#signOut() calls twice after session invalidation&quot; class=&quot;issue-link&quot; data-issue-key=&quot;WICKET-6317&quot;&gt;&lt;del&gt;WICKET-6317&lt;/del&gt;&lt;/a&gt; AuthenticatedWebSession#signOut() calls twice after session invalidation&lt;/p&gt;

&lt;p&gt;Do not call #invalidate() inside #invalidateNow() if the session is already invalidated.&lt;/p&gt;</comment>
                            <comment id="15896546" author="jira-bot" created="Sun, 5 Mar 2017 20:57:41 +0000"  >&lt;p&gt;Commit 21ae5a9fb26eba66e593bf8566004c9296548001 in wicket&apos;s branch refs/heads/master from &lt;a href=&quot;https://issues.apache.org/jira/secure/ViewProfile.jspa?name=mgrigorov&quot; class=&quot;user-hover&quot; rel=&quot;mgrigorov&quot;&gt;Martin Grigorov&lt;/a&gt;&lt;br/&gt;
[ &lt;a href=&quot;https://git-wip-us.apache.org/repos/asf?p=wicket.git;h=21ae5a9&quot; class=&quot;external-link&quot; rel=&quot;nofollow&quot;&gt;https://git-wip-us.apache.org/repos/asf?p=wicket.git;h=21ae5a9&lt;/a&gt; ]&lt;/p&gt;

&lt;p&gt;&lt;a href=&quot;https://issues.apache.org/jira/browse/WICKET-6317&quot; title=&quot;AuthenticatedWebSession#signOut() calls twice after session invalidation&quot; class=&quot;issue-link&quot; data-issue-key=&quot;WICKET-6317&quot;&gt;&lt;del&gt;WICKET-6317&lt;/del&gt;&lt;/a&gt; AuthenticatedWebSession#signOut() calls twice after session invalidation&lt;/p&gt;

&lt;p&gt;Do not call #invalidate() inside #invalidateNow() if the session is already invalidated.&lt;/p&gt;</comment>
                    </comments>
                    <attachments>
                    </attachments>
                <subtasks>
                    </subtasks>
                <customfields>
                                                <customfield id="customfield_12310310" key="com.atlassian.jira.toolkit:attachments">
                        <customfieldname>Attachment count</customfieldname>
                        <customfieldvalues>
                            <customfieldvalue>0.0</customfieldvalue>
                        </customfieldvalues>
                    </customfield>
                                                                                                                                                                                                                                                                                                                                                                                                                                                                                                                                                                                        <customfield id="customfield_12310220" key="com.atlassian.jira.ext.charting:firstresponsedate">
                        <customfieldname>Date of First Response</customfieldname>
                        <customfieldvalues>
                            <customfieldvalue>Tue, 7 Feb 2017 12:04:16 +0000</customfieldvalue>

                        </customfieldvalues>
                    </customfield>
                                                                                                                        <customfield id="customfield_12313422" key="com.atlassian.jirafisheyeplugin:jobcheckbox">
                        <customfieldname>Enable Automatic Patch Review</customfieldname>
                        <customfieldvalues>
                            <customfieldvalue><![CDATA[false]]></customfieldvalue>

                        </customfieldvalues>
                    </customfield>
                                                                                                                                                                                                                                                                                                                                                                                                                                                                        <customfield id="customfield_12310420" key="com.pyxis.greenhopper.jira:gh-global-rank">
                        <customfieldname>Global Rank</customfieldname>
                        <customfieldvalues>
                            <customfieldvalue>9223372036854775807</customfieldvalue>
                        </customfieldvalues>
                    </customfield>
                                                                                                                        <customfield id="customfield_12312521" key="com.atlassian.jira.toolkit:LastCommentDate">
                        <customfieldname>Last public comment date</customfieldname>
                        <customfieldvalues>
                            2 years, 5 weeks ago
                        </customfieldvalues>
                    </customfield>
                                                                                                                                                    <customfield id="customfield_12311820" key="com.pyxis.greenhopper.jira:gh-lexo-rank">
                        <customfieldname>Rank</customfieldname>
                        <customfieldvalues>
                            <customfieldvalue>0|i39puv:</customfieldvalue>

                        </customfieldvalues>
                    </customfield>
                                                                <customfield id="customfield_12310920" key="com.pyxis.greenhopper.jira:gh-global-rank">
                        <customfieldname>Rank (Obsolete)</customfieldname>
                        <customfieldvalues>
                            <customfieldvalue>9223372036854775807</customfieldvalue>
                        </customfieldvalues>
                    </customfield>
                                                                                                                                                                                                                                                                                                                            <customfield id="customfield_12310222" key="com.atlassian.jira.ext.charting:timeinstatus">
                        <customfieldname>Time in Status</customfieldname>
                        <customfieldvalues>
                            
                        </customfieldvalues>
                    </customfield>
                                    </customfields>
    </item>


<item>
            <title>[WICKET-6316] Wicket tester encodes page id for stateless links in stateless pages</title>
                <link>https://issues.apache.org/jira/browse/WICKET-6316</link>
                <project id="12310561" key="WICKET">Wicket</project>
                    <description>&lt;p&gt;The stateless link URL encoded for the request at tester#executeListener contains the page id even in a stateless page.&lt;/p&gt;</description>
                <environment></environment>
        <key id="13040296">WICKET-6316</key>
            <summary>Wicket tester encodes page id for stateless links in stateless pages</summary>
                <type id="1" iconUrl="https://issues.apache.org/jira/secure/viewavatar?size=xsmall&amp;avatarId=21133&amp;avatarType=issuetype">Bug</type>
                                            <priority id="4" iconUrl="https://issues.apache.org/jira/images/icons/priorities/minor.svg">Minor</priority>
                        <status id="5" iconUrl="https://issues.apache.org/jira/images/icons/statuses/resolved.png" description="A resolution has been taken, and it is awaiting verification by reporter. From here issues are either reopened, or are closed.">Resolved</status>
                    <statusCategory id="3" key="done" colorName="green"/>
                                    <resolution id="1">Fixed</resolution>
                                        <assignee username="pedrosans">Pedro Santos</assignee>
                                    <reporter username="pedrosans">Pedro Santos</reporter>
                        <labels>
                    </labels>
                <created>Sat, 4 Feb 2017 01:48:56 +0000</created>
                <updated>Sat, 4 Feb 2017 21:12:39 +0000</updated>
                            <resolved>Sat, 4 Feb 2017 21:12:39 +0000</resolved>
                                    <version>7.6.0</version>
                    <version>8.0.0-M3</version>
                    <version>6.26.0</version>
                                    <fixVersion>6.27.0</fixVersion>
                    <fixVersion>7.7.0</fixVersion>
                    <fixVersion>8.0.0-M4</fixVersion>
                                        <due></due>
                            <votes>0</votes>
                                    <watches>2</watches>
                                                                <comments>
                            <comment id="15852613" author="jira-bot" created="Sat, 4 Feb 2017 05:57:59 +0000"  >&lt;p&gt;Commit 5c9e27c6ec262d9ec4a0878bc74c594f12303558 in wicket&apos;s branch refs/heads/master from Pedro Henrique Oliveira dos Santos&lt;br/&gt;
[ &lt;a href=&quot;https://git-wip-us.apache.org/repos/asf?p=wicket.git;h=5c9e27c&quot; class=&quot;external-link&quot; rel=&quot;nofollow&quot;&gt;https://git-wip-us.apache.org/repos/asf?p=wicket.git;h=5c9e27c&lt;/a&gt; ]&lt;/p&gt;

&lt;p&gt;&lt;a href=&quot;https://issues.apache.org/jira/browse/WICKET-6316&quot; title=&quot;Wicket tester encodes page id for stateless links in stateless pages&quot; class=&quot;issue-link&quot; data-issue-key=&quot;WICKET-6316&quot;&gt;&lt;del&gt;WICKET-6316&lt;/del&gt;&lt;/a&gt; encoding bookmarkable URLs for stateless pages in wicket tester&lt;/p&gt;</comment>
                            <comment id="15852930" author="jira-bot" created="Sat, 4 Feb 2017 21:04:20 +0000"  >&lt;p&gt;Commit dc6b2f4f5dbfb262a52f5ff403ec04e2c73ba82f in wicket&apos;s branch refs/heads/wicket-6.x from Pedro Henrique Oliveira dos Santos&lt;br/&gt;
[ &lt;a href=&quot;https://git-wip-us.apache.org/repos/asf?p=wicket.git;h=dc6b2f4&quot; class=&quot;external-link&quot; rel=&quot;nofollow&quot;&gt;https://git-wip-us.apache.org/repos/asf?p=wicket.git;h=dc6b2f4&lt;/a&gt; ]&lt;/p&gt;

&lt;p&gt;&lt;a href=&quot;https://issues.apache.org/jira/browse/WICKET-6316&quot; title=&quot;Wicket tester encodes page id for stateless links in stateless pages&quot; class=&quot;issue-link&quot; data-issue-key=&quot;WICKET-6316&quot;&gt;&lt;del&gt;WICKET-6316&lt;/del&gt;&lt;/a&gt; encoding bookmarkable URLs for stateless pages in wicket tester&lt;/p&gt;</comment>
                            <comment id="15852933" author="jira-bot" created="Sat, 4 Feb 2017 21:12:04 +0000"  >&lt;p&gt;Commit da4f51fba485fde0ed82ced19fe6ae0ac02513f8 in wicket&apos;s branch refs/heads/wicket-7.x from Pedro Henrique Oliveira dos Santos&lt;br/&gt;
[ &lt;a href=&quot;https://git-wip-us.apache.org/repos/asf?p=wicket.git;h=da4f51f&quot; class=&quot;external-link&quot; rel=&quot;nofollow&quot;&gt;https://git-wip-us.apache.org/repos/asf?p=wicket.git;h=da4f51f&lt;/a&gt; ]&lt;/p&gt;

&lt;p&gt;&lt;a href=&quot;https://issues.apache.org/jira/browse/WICKET-6316&quot; title=&quot;Wicket tester encodes page id for stateless links in stateless pages&quot; class=&quot;issue-link&quot; data-issue-key=&quot;WICKET-6316&quot;&gt;&lt;del&gt;WICKET-6316&lt;/del&gt;&lt;/a&gt; encoding bookmarkable URLs for stateless pages in wicket tester&lt;/p&gt;</comment>
                    </comments>
                    <attachments>
                    </attachments>
                <subtasks>
                    </subtasks>
                <customfields>
                                                <customfield id="customfield_12310310" key="com.atlassian.jira.toolkit:attachments">
                        <customfieldname>Attachment count</customfieldname>
                        <customfieldvalues>
                            <customfieldvalue>0.0</customfieldvalue>
                        </customfieldvalues>
                    </customfield>
                                                                                                                                                                                                                                                                                                                                                                                                                                                                                                                                                                                        <customfield id="customfield_12310220" key="com.atlassian.jira.ext.charting:firstresponsedate">
                        <customfieldname>Date of First Response</customfieldname>
                        <customfieldvalues>
                            <customfieldvalue>Sat, 4 Feb 2017 05:57:59 +0000</customfieldvalue>

                        </customfieldvalues>
                    </customfield>
                                                                                                                        <customfield id="customfield_12313422" key="com.atlassian.jirafisheyeplugin:jobcheckbox">
                        <customfieldname>Enable Automatic Patch Review</customfieldname>
                        <customfieldvalues>
                            <customfieldvalue><![CDATA[false]]></customfieldvalue>

                        </customfieldvalues>
                    </customfield>
                                                                                                                                                                                                                                                                                                                                                                                                                                                                        <customfield id="customfield_12310420" key="com.pyxis.greenhopper.jira:gh-global-rank">
                        <customfieldname>Global Rank</customfieldname>
                        <customfieldvalues>
                            <customfieldvalue>9223372036854775807</customfieldvalue>
                        </customfieldvalues>
                    </customfield>
                                                                                                                        <customfield id="customfield_12312521" key="com.atlassian.jira.toolkit:LastCommentDate">
                        <customfieldname>Last public comment date</customfieldname>
                        <customfieldvalues>
                            2 years, 9 weeks, 1 day ago
                        </customfieldvalues>
                    </customfield>
                                                                                                                                                    <customfield id="customfield_12311820" key="com.pyxis.greenhopper.jira:gh-lexo-rank">
                        <customfieldname>Rank</customfieldname>
                        <customfieldvalues>
                            <customfieldvalue>0|i39lw7:</customfieldvalue>

                        </customfieldvalues>
                    </customfield>
                                                                <customfield id="customfield_12310920" key="com.pyxis.greenhopper.jira:gh-global-rank">
                        <customfieldname>Rank (Obsolete)</customfieldname>
                        <customfieldvalues>
                            <customfieldvalue>9223372036854775807</customfieldvalue>
                        </customfieldvalues>
                    </customfield>
                                                                                                                                                                                                                                                                                                                            <customfield id="customfield_12310222" key="com.atlassian.jira.ext.charting:timeinstatus">
                        <customfieldname>Time in Status</customfieldname>
                        <customfieldvalues>
                            
                        </customfieldvalues>
                    </customfield>
                                    </customfields>
    </item>
</channel>
</rss>