<!--
RSS generated by JIRA (8.3.4#803005-sha1:1f96e09b3c60279a408a2ae47be3c745f571388b) at Sat Nov 09 15:35:15 UTC 2019

It is possible to restrict the fields that are returned in this document by specifying the 'field' parameter in your request.
For example, to request only the issue key and summary append 'field=key&field=summary' to the URL of your request.
-->
<!-- If you wish to do custom client-side styling of RSS, uncomment this:
<?xml-stylesheet href="https://issues.apache.org/jira/styles/jiraxml2html.xsl" type="text/xsl"?>
-->
<rss version="0.92">
    <channel>
        <title>ASF JIRA</title>
        <link>https://issues.apache.org/jira/issues/?jql=project+%3D+WICKET+AND+issuetype+%3D+Bug+AND+created+%3E%3D+2019-06-01+AND+created+%3C%3D+2019-07-01</link>
        <description>An XML representation of a search request</description>
                <language>en-uk</language>
                        <issue start="0" end="5" total="5"/>
                <build-info>
            <version>8.3.4</version>
            <build-number>803005</build-number>
            <build-date>13-09-2019</build-date>
        </build-info>

<item>
            <title>[WICKET-6680] JavaScriptStripper chokes on template literals that contain two forward slashes</title>
                <link>https://issues.apache.org/jira/browse/WICKET-6680</link>
                <project id="12310561" key="WICKET">Wicket</project>
                    <description>&lt;p&gt;The DefaultJavaScriptCompressor uses the JavaScriptStripper to strip&#160;comments and whitespace from javascript code when running in production mode, but it has no&#160;support for / understanding of&#160;&lt;a href=&quot;https://developer.mozilla.org/en-US/docs/Web/JavaScript/Reference/Template_literals&quot; class=&quot;external-link&quot; rel=&quot;nofollow&quot;&gt;template literals&lt;/a&gt;.&#160;As such, it chokes on the following snippet&lt;/p&gt;
&lt;div class=&quot;code panel&quot; style=&quot;border-width: 1px;&quot;&gt;&lt;div class=&quot;codeContent panelContent&quot;&gt;
&lt;pre class=&quot;code-java&quot;&gt;
&lt;span class=&quot;code-keyword&quot;&gt;const&lt;/span&gt; url = `${protocol}&lt;span class=&quot;code-comment&quot;&gt;//${hostname}:${port}`;&lt;/span&gt;&lt;/pre&gt;
&lt;/div&gt;&lt;/div&gt;
&lt;p&gt;&#160;as it&#160;identifies the two forward slashes as the beginning of a single-line comment, and removes the code after it, breaking the javascript.&lt;/p&gt;</description>
                <environment></environment>
        <key id="13242175">WICKET-6680</key>
            <summary>JavaScriptStripper chokes on template literals that contain two forward slashes</summary>
                <type id="1" iconUrl="https://issues.apache.org/jira/secure/viewavatar?size=xsmall&amp;avatarId=21133&amp;avatarType=issuetype">Bug</type>
                                            <priority id="3" iconUrl="https://issues.apache.org/jira/images/icons/priorities/major.svg">Major</priority>
                        <status id="5" iconUrl="https://issues.apache.org/jira/images/icons/statuses/resolved.png" description="A resolution has been taken, and it is awaiting verification by reporter. From here issues are either reopened, or are closed.">Resolved</status>
                    <statusCategory id="3" key="done" colorName="green"/>
                                    <resolution id="1">Fixed</resolution>
                                        <assignee username="mgrigorov">Martin Tzvetanov Grigorov</assignee>
                                    <reporter username="a.bogaart">Arthur Bogaart</reporter>
                        <labels>
                    </labels>
                <created>Fri, 28 Jun 2019 14:51:32 +0000</created>
                <updated>Mon, 1 Jul 2019 12:59:39 +0000</updated>
                            <resolved>Mon, 1 Jul 2019 12:30:36 +0000</resolved>
                                    <version>8.5.0</version>
                    <version>9.0.0-M2</version>
                    <version>7.14.0</version>
                                    <fixVersion>8.6.1</fixVersion>
                    <fixVersion>7.15.0</fixVersion>
                    <fixVersion>9.0.0-M3</fixVersion>
                                    <component>wicket-core</component>
                        <due></due>
                            <votes>0</votes>
                                    <watches>2</watches>
                                                                <comments>
                            <comment id="16874977" author="a.bogaart" created="Fri, 28 Jun 2019 14:57:25 +0000"  >&lt;p&gt;I&apos;ve added a PR:&#160;&lt;a href=&quot;https://github.com/apache/wicket/pull/372&quot; class=&quot;external-link&quot; rel=&quot;nofollow&quot;&gt;https://github.com/apache/wicket/pull/372&lt;/a&gt;&lt;/p&gt;</comment>
                            <comment id="16876154" author="jira-bot" created="Mon, 1 Jul 2019 12:29:54 +0000"  >&lt;p&gt;Commit 6d11cb6e8dd138d23111c7d54ae6b48bb87006df in wicket&apos;s branch refs/heads/wicket-8.x from Arthur Bogaart&lt;br/&gt;
[ &lt;a href=&quot;https://gitbox.apache.org/repos/asf?p=wicket.git;h=6d11cb6&quot; class=&quot;external-link&quot; rel=&quot;nofollow&quot;&gt;https://gitbox.apache.org/repos/asf?p=wicket.git;h=6d11cb6&lt;/a&gt; ]&lt;/p&gt;

&lt;p&gt;&lt;a href=&quot;https://issues.apache.org/jira/browse/WICKET-6680&quot; title=&quot;JavaScriptStripper chokes on template literals that contain two forward slashes&quot; class=&quot;issue-link&quot; data-issue-key=&quot;WICKET-6680&quot;&gt;&lt;del&gt;WICKET-6680&lt;/del&gt;&lt;/a&gt; Identify javascript template literals to prevent stripping too mamy characters&lt;/p&gt;

&lt;p&gt;(cherry picked from commit 1e42bb3ba689b3c1584b5b57f6e72211d2978934)&lt;/p&gt;</comment>
                            <comment id="16876156" author="jira-bot" created="Mon, 1 Jul 2019 12:30:16 +0000"  >&lt;p&gt;Commit 6b0969a19173ff0764234ee818dd24337f24b715 in wicket&apos;s branch refs/heads/wicket-7.x from Arthur Bogaart&lt;br/&gt;
[ &lt;a href=&quot;https://gitbox.apache.org/repos/asf?p=wicket.git;h=6b0969a&quot; class=&quot;external-link&quot; rel=&quot;nofollow&quot;&gt;https://gitbox.apache.org/repos/asf?p=wicket.git;h=6b0969a&lt;/a&gt; ]&lt;/p&gt;

&lt;p&gt;&lt;a href=&quot;https://issues.apache.org/jira/browse/WICKET-6680&quot; title=&quot;JavaScriptStripper chokes on template literals that contain two forward slashes&quot; class=&quot;issue-link&quot; data-issue-key=&quot;WICKET-6680&quot;&gt;&lt;del&gt;WICKET-6680&lt;/del&gt;&lt;/a&gt; Identify javascript template literals to prevent stripping too mamy characters&lt;/p&gt;

&lt;p&gt;(cherry picked from commit 1e42bb3ba689b3c1584b5b57f6e72211d2978934)&lt;br/&gt;
(cherry picked from commit 6d11cb6e8dd138d23111c7d54ae6b48bb87006df)&lt;/p&gt;</comment>
                            <comment id="16876167" author="jira-bot" created="Mon, 1 Jul 2019 12:59:22 +0000"  >&lt;p&gt;Commit d97831d7eb6653aefe3e87adffa2fee51a171f11 in wicket&apos;s branch refs/heads/wicket-8.x from Martin Tzvetanov Grigorov&lt;br/&gt;
[ &lt;a href=&quot;https://gitbox.apache.org/repos/asf?p=wicket.git;h=d97831d&quot; class=&quot;external-link&quot; rel=&quot;nofollow&quot;&gt;https://gitbox.apache.org/repos/asf?p=wicket.git;h=d97831d&lt;/a&gt; ]&lt;/p&gt;

&lt;p&gt;&lt;a href=&quot;https://issues.apache.org/jira/browse/WICKET-6680&quot; title=&quot;JavaScriptStripper chokes on template literals that contain two forward slashes&quot; class=&quot;issue-link&quot; data-issue-key=&quot;WICKET-6680&quot;&gt;&lt;del&gt;WICKET-6680&lt;/del&gt;&lt;/a&gt; JUnit 4.x requires @Test methods to be public&lt;/p&gt;</comment>
                            <comment id="16876168" author="jira-bot" created="Mon, 1 Jul 2019 12:59:39 +0000"  >&lt;p&gt;Commit d7ea8f15d7f8585c41740229ea06466c62bc1d1d in wicket&apos;s branch refs/heads/wicket-7.x from Martin Tzvetanov Grigorov&lt;br/&gt;
[ &lt;a href=&quot;https://gitbox.apache.org/repos/asf?p=wicket.git;h=d7ea8f1&quot; class=&quot;external-link&quot; rel=&quot;nofollow&quot;&gt;https://gitbox.apache.org/repos/asf?p=wicket.git;h=d7ea8f1&lt;/a&gt; ]&lt;/p&gt;

&lt;p&gt;&lt;a href=&quot;https://issues.apache.org/jira/browse/WICKET-6680&quot; title=&quot;JavaScriptStripper chokes on template literals that contain two forward slashes&quot; class=&quot;issue-link&quot; data-issue-key=&quot;WICKET-6680&quot;&gt;&lt;del&gt;WICKET-6680&lt;/del&gt;&lt;/a&gt; JUnit 4.x requires @Test methods to be public&lt;/p&gt;

&lt;p&gt;(cherry picked from commit d97831d7eb6653aefe3e87adffa2fee51a171f11)&lt;/p&gt;</comment>
                    </comments>
                    <attachments>
                    </attachments>
                <subtasks>
                    </subtasks>
                <customfields>
                                                <customfield id="customfield_12310310" key="com.atlassian.jira.toolkit:attachments">
                        <customfieldname>Attachment count</customfieldname>
                        <customfieldvalues>
                            <customfieldvalue>0.0</customfieldvalue>
                        </customfieldvalues>
                    </customfield>
                                                                                                                                                                                                                                                                                                                                                                                                                                                                                                                                                                                                                    <customfield id="customfield_12310220" key="com.atlassian.jira.ext.charting:firstresponsedate">
                        <customfieldname>Date of First Response</customfieldname>
                        <customfieldvalues>
                            <customfieldvalue>Mon, 1 Jul 2019 12:29:54 +0000</customfieldvalue>

                        </customfieldvalues>
                    </customfield>
                                                                <customfield id="customfield_12314020" key="com.atlassian.jira.plugins.jira-development-integration-plugin:devsummary">
                        <customfieldname>Development</customfieldname>
                        <customfieldvalues>
                            
                        </customfieldvalues>
                    </customfield>
                                                                                                                        <customfield id="customfield_12313422" key="com.atlassian.jirafisheyeplugin:jobcheckbox">
                        <customfieldname>Enable Automatic Patch Review</customfieldname>
                        <customfieldvalues>
                            <customfieldvalue><![CDATA[false]]></customfieldvalue>

                        </customfieldvalues>
                    </customfield>
                                                                                                                                                                                                                                                                                                                                                                                                                                                                        <customfield id="customfield_12310420" key="com.pyxis.greenhopper.jira:gh-global-rank">
                        <customfieldname>Global Rank</customfieldname>
                        <customfieldvalues>
                            <customfieldvalue>9223372036854775807</customfieldvalue>
                        </customfieldvalues>
                    </customfield>
                                                                                                                        <customfield id="customfield_12312521" key="com.atlassian.jira.toolkit:LastCommentDate">
                        <customfieldname>Last public comment date</customfieldname>
                        <customfieldvalues>
                            18 weeks, 5 days ago
                        </customfieldvalues>
                    </customfield>
                                                                                                                                                    <customfield id="customfield_12311820" key="com.pyxis.greenhopper.jira:gh-lexo-rank">
                        <customfieldname>Rank</customfieldname>
                        <customfieldvalues>
                            <customfieldvalue>0|z0479s:</customfieldvalue>

                        </customfieldvalues>
                    </customfield>
                                                                <customfield id="customfield_12310920" key="com.pyxis.greenhopper.jira:gh-global-rank">
                        <customfieldname>Rank (Obsolete)</customfieldname>
                        <customfieldvalues>
                            <customfieldvalue>9223372036854775807</customfieldvalue>
                        </customfieldvalues>
                    </customfield>
                                                                                                                                                                                                                                                                                                                                                        <customfield id="customfield_12310222" key="com.atlassian.jira.ext.charting:timeinstatus">
                        <customfieldname>Time in Status</customfieldname>
                        <customfieldvalues>
                            
                        </customfieldvalues>
                    </customfield>
                                                                </customfields>
    </item>


<item>
            <title>[WICKET-6679] Fast2WicketSerializer StackOverflowError</title>
                <link>https://issues.apache.org/jira/browse/WICKET-6679</link>
                <project id="12310561" key="WICKET">Wicket</project>
                    <description>&lt;p&gt;Wicket version 9.0.0.M2 and 8.xx with Fast2WicketSerializer&lt;/p&gt;

&lt;p&gt;When Session.get() is called in a non serialized object&lt;br/&gt;
 and session.getMetaData(MetaDataKey) is in a serialized object&lt;br/&gt;
 there is a StackOverflowError&lt;/p&gt;

&lt;p&gt;Will produce a StackOverflowError:&lt;/p&gt;
&lt;div class=&quot;code panel&quot; style=&quot;border-width: 1px;&quot;&gt;&lt;div class=&quot;codeContent panelContent&quot;&gt;
&lt;pre class=&quot;code-java&quot;&gt;
@Override
&lt;span class=&quot;code-keyword&quot;&gt;protected&lt;/span&gt; void onInitialize() {
  &lt;span class=&quot;code-keyword&quot;&gt;super&lt;/span&gt;.onInitialize();

  Session session = Session.get();

  add(&lt;span class=&quot;code-keyword&quot;&gt;new&lt;/span&gt; AjaxLink&amp;lt;&lt;span class=&quot;code-object&quot;&gt;Void&lt;/span&gt;&amp;gt;(&lt;span class=&quot;code-quote&quot;&gt;&quot;link&quot;&lt;/span&gt;) {
    @Override
    &lt;span class=&quot;code-keyword&quot;&gt;public&lt;/span&gt; void onClick(AjaxRequestTarget target) {
      &lt;span class=&quot;code-object&quot;&gt;Boolean&lt;/span&gt; showgrid = session.getMetaData(KeyGrid);
      &lt;span class=&quot;code-comment&quot;&gt;// ....
&lt;/span&gt;    }
  });
}&lt;/pre&gt;
&lt;/div&gt;&lt;/div&gt;
&lt;p&gt;&#160;&lt;/p&gt;

&lt;p&gt;Will not produce:&lt;/p&gt;
&lt;div class=&quot;code panel&quot; style=&quot;border-width: 1px;&quot;&gt;&lt;div class=&quot;codeContent panelContent&quot;&gt;
&lt;pre class=&quot;code-java&quot;&gt;
@Override
&lt;span class=&quot;code-keyword&quot;&gt;protected&lt;/span&gt; void onInitialize() {
  &lt;span class=&quot;code-keyword&quot;&gt;super&lt;/span&gt;.onInitialize();

  add(&lt;span class=&quot;code-keyword&quot;&gt;new&lt;/span&gt; AjaxLink&amp;lt;&lt;span class=&quot;code-object&quot;&gt;Void&lt;/span&gt;&amp;gt;(&lt;span class=&quot;code-quote&quot;&gt;&quot;link&quot;&lt;/span&gt;) {
    @Override
    &lt;span class=&quot;code-keyword&quot;&gt;public&lt;/span&gt; void onClick(AjaxRequestTarget target) {
      &lt;span class=&quot;code-object&quot;&gt;Boolean&lt;/span&gt; showgrid = Session.get().getMetaData(KeyGrid);
      &lt;span class=&quot;code-comment&quot;&gt;// ....
&lt;/span&gt;    }
  });
}&lt;/pre&gt;
&lt;/div&gt;&lt;/div&gt;
&lt;p&gt;&#160;&lt;/p&gt;</description>
                <environment></environment>
        <key id="13240858">WICKET-6679</key>
            <summary>Fast2WicketSerializer StackOverflowError</summary>
                <type id="1" iconUrl="https://issues.apache.org/jira/secure/viewavatar?size=xsmall&amp;avatarId=21133&amp;avatarType=issuetype">Bug</type>
                                            <priority id="4" iconUrl="https://issues.apache.org/jira/images/icons/priorities/minor.svg">Minor</priority>
                        <status id="5" iconUrl="https://issues.apache.org/jira/images/icons/statuses/resolved.png" description="A resolution has been taken, and it is awaiting verification by reporter. From here issues are either reopened, or are closed.">Resolved</status>
                    <statusCategory id="3" key="done" colorName="green"/>
                                    <resolution id="8">Not A Problem</resolution>
                                        <assignee username="svenmeier">Sven Meier</assignee>
                                    <reporter username="francois">Francois</reporter>
                        <labels>
                    </labels>
                <created>Fri, 21 Jun 2019 12:37:37 +0000</created>
                <updated>Sat, 22 Jun 2019 17:17:59 +0000</updated>
                            <resolved>Sat, 22 Jun 2019 17:17:59 +0000</resolved>
                                    <version>8.5.0</version>
                    <version>9.0.0-M2</version>
                                                    <component>wicket-core</component>
                    <component>wicket-extensions</component>
                        <due></due>
                            <votes>0</votes>
                                    <watches>2</watches>
                                                                <comments>
                            <comment id="16869647" author="svenmeier" created="Fri, 21 Jun 2019 16:20:18 +0000"  >&lt;p&gt;Before looking any deeper into this:&lt;/p&gt;

&lt;p&gt;Your first usage is plain wrong: you &lt;b&gt;must not&lt;/b&gt; to keep a reference to the session in your components.&lt;/p&gt;

&lt;p&gt;Do I understand you correctly that the second code snippet works fine?&lt;/p&gt;</comment>
                            <comment id="16869699" author="francois" created="Fri, 21 Jun 2019 17:08:00 +0000"  >&lt;p&gt;yes the second works fine&lt;/p&gt;

&lt;p&gt;Fran&#231;ois&lt;/p&gt;


</comment>
                            <comment id="16869800" author="svenmeier" created="Fri, 21 Jun 2019 18:49:50 +0000"  >&lt;p&gt;Fast2WicketSerializer is in wicketstuff actually, when you think that this case should be handled more gracefully you should create an issues there: &lt;a href=&quot;https://github.com/wicketstuff/core/issues&quot; class=&quot;external-link&quot; rel=&quot;nofollow&quot;&gt;https://github.com/wicketstuff/core/issues&lt;/a&gt;&lt;/p&gt;</comment>
                            <comment id="16870310" author="francois" created="Sat, 22 Jun 2019 16:56:19 +0000"  >&lt;p&gt;damned ! of course ! thanks&lt;/p&gt;</comment>
                    </comments>
                    <attachments>
                            <attachment id="12972444" name="quickstart_serialization.zip" size="40883" author="francois" created="Fri, 21 Jun 2019 12:37:20 +0000"/>
                    </attachments>
                <subtasks>
                    </subtasks>
                <customfields>
                                                <customfield id="customfield_12310310" key="com.atlassian.jira.toolkit:attachments">
                        <customfieldname>Attachment count</customfieldname>
                        <customfieldvalues>
                            <customfieldvalue>1.0</customfieldvalue>
                        </customfieldvalues>
                    </customfield>
                                                                                                                                                                                                                                                                                                                                                                                                                                                                                                                                                                                                                    <customfield id="customfield_12310220" key="com.atlassian.jira.ext.charting:firstresponsedate">
                        <customfieldname>Date of First Response</customfieldname>
                        <customfieldvalues>
                            <customfieldvalue>Fri, 21 Jun 2019 16:20:18 +0000</customfieldvalue>

                        </customfieldvalues>
                    </customfield>
                                                                <customfield id="customfield_12314020" key="com.atlassian.jira.plugins.jira-development-integration-plugin:devsummary">
                        <customfieldname>Development</customfieldname>
                        <customfieldvalues>
                            
                        </customfieldvalues>
                    </customfield>
                                                                                                                        <customfield id="customfield_12313422" key="com.atlassian.jirafisheyeplugin:jobcheckbox">
                        <customfieldname>Enable Automatic Patch Review</customfieldname>
                        <customfieldvalues>
                            <customfieldvalue><![CDATA[false]]></customfieldvalue>

                        </customfieldvalues>
                    </customfield>
                                                                                                                                                                                                                                                                                                                                                                                                                                                                        <customfield id="customfield_12310420" key="com.pyxis.greenhopper.jira:gh-global-rank">
                        <customfieldname>Global Rank</customfieldname>
                        <customfieldvalues>
                            <customfieldvalue>9223372036854775807</customfieldvalue>
                        </customfieldvalues>
                    </customfield>
                                                                                                                        <customfield id="customfield_12312521" key="com.atlassian.jira.toolkit:LastCommentDate">
                        <customfieldname>Last public comment date</customfieldname>
                        <customfieldvalues>
                            19 weeks, 6 days ago
                        </customfieldvalues>
                    </customfield>
                                                                                                                                                    <customfield id="customfield_12311820" key="com.pyxis.greenhopper.jira:gh-lexo-rank">
                        <customfieldname>Rank</customfieldname>
                        <customfieldvalues>
                            <customfieldvalue>0|z03z5c:</customfieldvalue>

                        </customfieldvalues>
                    </customfield>
                                                                <customfield id="customfield_12310920" key="com.pyxis.greenhopper.jira:gh-global-rank">
                        <customfieldname>Rank (Obsolete)</customfieldname>
                        <customfieldvalues>
                            <customfieldvalue>9223372036854775807</customfieldvalue>
                        </customfieldvalues>
                    </customfield>
                                                                                                                                                                                                                                                                                                                                                        <customfield id="customfield_12310222" key="com.atlassian.jira.ext.charting:timeinstatus">
                        <customfieldname>Time in Status</customfieldname>
                        <customfieldvalues>
                            
                        </customfieldvalues>
                    </customfield>
                                                                </customfields>
    </item>


<item>
            <title>[WICKET-6678] Instant : Unsupported field: YearOfEra when cookieUtils.cookieToDebugString() is called</title>
                <link>https://issues.apache.org/jira/browse/WICKET-6678</link>
                <project id="12310561" key="WICKET">Wicket</project>
                    <description>&lt;p&gt;Calling cookieUtils.save(xxx) with log.isDebugEnabled() = true produce this exception&lt;/p&gt;

&lt;p&gt;java.time.temporal.UnsupportedTemporalTypeException: Unsupported field: YearOfEra&lt;br/&gt;
 at java.base/java.time.Instant.getLong(Instant.java:602)&lt;br/&gt;
 at java.base/java.time.format.DateTimePrintContext.getValue(DateTimePrintContext.java:308)&lt;br/&gt;
 at java.base/java.time.format.DateTimeFormatterBuilder$NumberPrinterParser.format(DateTimeFormatterBuilder.java:2696)&lt;br/&gt;
 at java.base/java.time.format.DateTimeFormatterBuilder$CompositePrinterParser.format(DateTimeFormatterBuilder.java:2335)&lt;br/&gt;
 at java.base/java.time.format.DateTimeFormatter.formatTo(DateTimeFormatter.java:1843)&lt;br/&gt;
 at java.base/java.time.format.DateTimeFormatter.format(DateTimeFormatter.java:1817)&lt;br/&gt;
 at org.apache.wicket.util.cookies.CookieUtils.cookieToDebugString(CookieUtils.java:373)&lt;br/&gt;
 at org.apache.wicket.util.cookies.CookieUtils.save(CookieUtils.java:298)&lt;br/&gt;
 at org.apache.wicket.util.cookies.CookieUtils.save(CookieUtils.java:166)&lt;/p&gt;

&lt;p&gt;Instants.localDateFormatter uses an incompatible pattern for Instant.&lt;/p&gt;</description>
                <environment></environment>
        <key id="13240823">WICKET-6678</key>
            <summary>Instant : Unsupported field: YearOfEra when cookieUtils.cookieToDebugString() is called</summary>
                <type id="1" iconUrl="https://issues.apache.org/jira/secure/viewavatar?size=xsmall&amp;avatarId=21133&amp;avatarType=issuetype">Bug</type>
                                            <priority id="4" iconUrl="https://issues.apache.org/jira/images/icons/priorities/minor.svg">Minor</priority>
                        <status id="5" iconUrl="https://issues.apache.org/jira/images/icons/statuses/resolved.png" description="A resolution has been taken, and it is awaiting verification by reporter. From here issues are either reopened, or are closed.">Resolved</status>
                    <statusCategory id="3" key="done" colorName="green"/>
                                    <resolution id="1">Fixed</resolution>
                                        <assignee username="mgrigorov">Martin Tzvetanov Grigorov</assignee>
                                    <reporter username="francois">Francois</reporter>
                        <labels>
                    </labels>
                <created>Fri, 21 Jun 2019 09:51:06 +0000</created>
                <updated>Wed, 26 Jun 2019 05:41:57 +0000</updated>
                            <resolved>Tue, 25 Jun 2019 20:53:30 +0000</resolved>
                                    <version>9.0.0-M2</version>
                                    <fixVersion>9.0.0-M3</fixVersion>
                                    <component>wicket-core</component>
                        <due></due>
                            <votes>0</votes>
                                    <watches>2</watches>
                                                                <comments>
                            <comment id="16872703" author="jira-bot" created="Tue, 25 Jun 2019 20:53:20 +0000"  >&lt;p&gt;Commit 20c5e057ac9326b20ad5fdaddc46c72e5c3d9141 in wicket&apos;s branch refs/heads/master from Martin Tzvetanov Grigorov&lt;br/&gt;
[ &lt;a href=&quot;https://gitbox.apache.org/repos/asf?p=wicket.git;h=20c5e05&quot; class=&quot;external-link&quot; rel=&quot;nofollow&quot;&gt;https://gitbox.apache.org/repos/asf?p=wicket.git;h=20c5e05&lt;/a&gt; ]&lt;/p&gt;

&lt;p&gt;&lt;a href=&quot;https://issues.apache.org/jira/browse/WICKET-6678&quot; title=&quot;Instant : Unsupported field: YearOfEra when cookieUtils.cookieToDebugString() is called&quot; class=&quot;issue-link&quot; data-issue-key=&quot;WICKET-6678&quot;&gt;&lt;del&gt;WICKET-6678&lt;/del&gt;&lt;/a&gt; Instant : Unsupported field: YearOfEra when cookieUtils.cookieToDebugString() is called&lt;/p&gt;

&lt;p&gt;Rename constants to follow Java naming conventions.&lt;br/&gt;
Delete a constant introduced in Wicket 9.0.0-M2 that is used only in a debug log in CookieUtils. There is no need of this special date format for a log message.&lt;/p&gt;</comment>
                            <comment id="16872704" author="jira-bot" created="Tue, 25 Jun 2019 20:53:22 +0000"  >&lt;p&gt;Commit 6ad8f8d0933c4036588323fbc9d419686b1cf3c2 in wicket&apos;s branch refs/heads/master from Martin Tzvetanov Grigorov&lt;br/&gt;
[ &lt;a href=&quot;https://gitbox.apache.org/repos/asf?p=wicket.git;h=6ad8f8d&quot; class=&quot;external-link&quot; rel=&quot;nofollow&quot;&gt;https://gitbox.apache.org/repos/asf?p=wicket.git;h=6ad8f8d&lt;/a&gt; ]&lt;/p&gt;

&lt;p&gt;&lt;a href=&quot;https://issues.apache.org/jira/browse/WICKET-6678&quot; title=&quot;Instant : Unsupported field: YearOfEra when cookieUtils.cookieToDebugString() is called&quot; class=&quot;issue-link&quot; data-issue-key=&quot;WICKET-6678&quot;&gt;&lt;del&gt;WICKET-6678&lt;/del&gt;&lt;/a&gt; Instant : Unsupported field: YearOfEra when cookieUtils.cookieToDebugString() is called&lt;/p&gt;

&lt;p&gt;Create a LocalDate out of the max-age millis and print it in the debug message.&lt;/p&gt;</comment>
                            <comment id="16872939" author="jira-bot" created="Wed, 26 Jun 2019 05:41:57 +0000"  >&lt;p&gt;Commit 175e820f2d6fb43ebbf942e42703aff45735af53 in wicket&apos;s branch refs/heads/master from Martin Tzvetanov Grigorov&lt;br/&gt;
[ &lt;a href=&quot;https://gitbox.apache.org/repos/asf?p=wicket.git;h=175e820&quot; class=&quot;external-link&quot; rel=&quot;nofollow&quot;&gt;https://gitbox.apache.org/repos/asf?p=wicket.git;h=175e820&lt;/a&gt; ]&lt;/p&gt;

&lt;p&gt;&lt;a href=&quot;https://issues.apache.org/jira/browse/WICKET-6678&quot; title=&quot;Instant : Unsupported field: YearOfEra when cookieUtils.cookieToDebugString() is called&quot; class=&quot;issue-link&quot; data-issue-key=&quot;WICKET-6678&quot;&gt;&lt;del&gt;WICKET-6678&lt;/del&gt;&lt;/a&gt; Instant : Unsupported field: YearOfEra when cookieUtils.cookieToDebugString() is called&lt;/p&gt;

&lt;p&gt;Convert the max-age millis to LocalDateTime for easier debugging.&lt;/p&gt;</comment>
                    </comments>
                    <attachments>
                    </attachments>
                <subtasks>
                    </subtasks>
                <customfields>
                                                <customfield id="customfield_12310310" key="com.atlassian.jira.toolkit:attachments">
                        <customfieldname>Attachment count</customfieldname>
                        <customfieldvalues>
                            <customfieldvalue>0.0</customfieldvalue>
                        </customfieldvalues>
                    </customfield>
                                                                                                                                                                                                                                                                                                                                                                                                                                                                                                                                                                                                                    <customfield id="customfield_12310220" key="com.atlassian.jira.ext.charting:firstresponsedate">
                        <customfieldname>Date of First Response</customfieldname>
                        <customfieldvalues>
                            <customfieldvalue>Tue, 25 Jun 2019 20:53:20 +0000</customfieldvalue>

                        </customfieldvalues>
                    </customfield>
                                                                <customfield id="customfield_12314020" key="com.atlassian.jira.plugins.jira-development-integration-plugin:devsummary">
                        <customfieldname>Development</customfieldname>
                        <customfieldvalues>
                            
                        </customfieldvalues>
                    </customfield>
                                                                                                                        <customfield id="customfield_12313422" key="com.atlassian.jirafisheyeplugin:jobcheckbox">
                        <customfieldname>Enable Automatic Patch Review</customfieldname>
                        <customfieldvalues>
                            <customfieldvalue><![CDATA[false]]></customfieldvalue>

                        </customfieldvalues>
                    </customfield>
                                                                                                                                                                                                                                                                                                                                                                                                                                                                        <customfield id="customfield_12310420" key="com.pyxis.greenhopper.jira:gh-global-rank">
                        <customfieldname>Global Rank</customfieldname>
                        <customfieldvalues>
                            <customfieldvalue>9223372036854775807</customfieldvalue>
                        </customfieldvalues>
                    </customfield>
                                                                                                                        <customfield id="customfield_12312521" key="com.atlassian.jira.toolkit:LastCommentDate">
                        <customfieldname>Last public comment date</customfieldname>
                        <customfieldvalues>
                            19 weeks, 3 days ago
                        </customfieldvalues>
                    </customfield>
                                                                                                                                                    <customfield id="customfield_12311820" key="com.pyxis.greenhopper.jira:gh-lexo-rank">
                        <customfieldname>Rank</customfieldname>
                        <customfieldvalues>
                            <customfieldvalue>0|z03yy0:</customfieldvalue>

                        </customfieldvalues>
                    </customfield>
                                                                <customfield id="customfield_12310920" key="com.pyxis.greenhopper.jira:gh-global-rank">
                        <customfieldname>Rank (Obsolete)</customfieldname>
                        <customfieldvalues>
                            <customfieldvalue>9223372036854775807</customfieldvalue>
                        </customfieldvalues>
                    </customfield>
                                                                                                                                                                                                                                                                                                                                                        <customfield id="customfield_12310222" key="com.atlassian.jira.ext.charting:timeinstatus">
                        <customfieldname>Time in Status</customfieldname>
                        <customfieldvalues>
                            
                        </customfieldvalues>
                    </customfield>
                                                                </customfields>
    </item>


<item>
            <title>[WICKET-6676] Quickstart application won&apos;t deploy to GlassFish</title>
                <link>https://issues.apache.org/jira/browse/WICKET-6676</link>
                <project id="12310561" key="WICKET">Wicket</project>
                    <description>&lt;p&gt;&lt;b&gt;Steps to replicate&lt;/b&gt;&lt;/p&gt;
&lt;ul&gt;
	&lt;li&gt;Create a new Wicket Quickstart application (8.x.x as GlassFish JDK8 only...)&lt;/li&gt;
	&lt;li&gt;Try to deploy to GlassFish instance via the Admin console&lt;/li&gt;
	&lt;li&gt;GlassFish will fail to deploy the application with the following error:&lt;/li&gt;
&lt;/ul&gt;


&lt;blockquote&gt;&lt;p&gt;Error occurred during deployment: Exception while deploying the app &lt;span class=&quot;error&quot;&gt;&amp;#91;myproject-1.0-SNAPSHOT&amp;#93;&lt;/span&gt; : org.xml.sax.SAXParseExceptionpublicId: &lt;a href=&quot;file:///C:/apps/glassfish51/glassfish/lib/schemas/web-app_3_1.xsd&quot; class=&quot;external-link&quot; rel=&quot;nofollow&quot;&gt;file:/C:/apps/glassfish51/glassfish/lib/schemas/web-app_3_1.xsd&lt;/a&gt;; lineNumber: 26; columnNumber: 27; Deployment descriptor file WEB-INF/web.xml in archive &lt;span class=&quot;error&quot;&gt;&amp;#91;myproject-1.0-SNAPSHOT&amp;#93;&lt;/span&gt;. TargetNamespace.1: Expecting namespace &apos;http://java.sun.com/xml/ns/javaee&apos;, but the target namespace of the schema document is &apos;http://xmlns.jcp.org/xml/ns/javaee&apos;.. Please see server.log for more details.&lt;/p&gt;&lt;/blockquote&gt;
&lt;p&gt;&#160;&lt;/p&gt;

&lt;p&gt;&lt;b&gt;Root Cause&lt;/b&gt;&lt;/p&gt;

&lt;p&gt;The namespace in the &lt;em&gt;web.xml&lt;/em&gt; generated by Quickstart is:&lt;/p&gt;

&lt;p&gt;&lt;a href=&quot;http://java.sun.com/xml/ns/javaee&quot; class=&quot;external-link&quot; rel=&quot;nofollow&quot;&gt;http://java.sun.com/xml/ns/javaee&lt;/a&gt;&lt;/p&gt;

&lt;p&gt;&#160;&lt;/p&gt;

&lt;p&gt;As per&#160;&lt;a href=&quot;https://www.oracle.com/webfolder/technetwork/jsc/xml/ns/javaee/index.html&quot; class=&quot;external-link&quot; rel=&quot;nofollow&quot;&gt;https://www.oracle.com/webfolder/technetwork/jsc/xml/ns/javaee/index.html&lt;/a&gt;&#160;&lt;/p&gt;

&lt;p&gt;&lt;tt&gt;All new schemas are in the&#160;&lt;a href=&quot;http://xmlns.jcp.org/xml/ns/javaee/&quot; class=&quot;external-link&quot; rel=&quot;nofollow&quot;&gt;http://xmlns.jcp.org/xml/ns/javaee/&lt;/a&gt;&#160;namespace. Most older schemas remain in the&#160;&lt;a href=&quot;http://java.sun.com/xml/ns/javaee/&quot; class=&quot;external-link&quot; rel=&quot;nofollow&quot;&gt;http://java.sun.com/xml/ns/javaee/&lt;/a&gt;&#160;namespace.&lt;/tt&gt;&lt;/p&gt;

&lt;p&gt;&#160;&lt;/p&gt;

&lt;p&gt;The &lt;em&gt;web_app_3_1.xsd&lt;/em&gt; referenced in the QuickStart &lt;em&gt;web.xml&lt;/em&gt; uses the newer&#160;&lt;a href=&quot;http://xmlns.jcp.org/xml/ns/javaee/&quot; class=&quot;external-link&quot; rel=&quot;nofollow&quot;&gt;http://xmlns.jcp.org/xml/ns/javaee/&lt;/a&gt;&#160;namespace, so when GlassFish validates the XML, the validation fails.&lt;/p&gt;

&lt;p&gt;&#160;&lt;/p&gt;

&lt;p&gt;&lt;b&gt;Proposed solution&lt;/b&gt;&lt;/p&gt;

&lt;p&gt;Update the quickstart &lt;em&gt;web.xml&lt;/em&gt;&#160;to the following:&lt;/p&gt;

&lt;p&gt;&lt;tt&gt;&amp;lt;web-app xmlns=&quot;http://xmlns.jcp.org/xml/ns/javaee&quot; xmlns:xsi=&quot;http://www.w3.org/2001/XMLSchema-instance&quot;&lt;/tt&gt;&lt;br/&gt;
&#160;xsi:schemaLocation=&quot;http://xmlns.jcp.org/xml/ns/javaee &lt;a href=&quot;http://www.oracle.com/webfolder/technetwork/jsc/xml/ns/javaee/web-app_3_1.xsd&quot; class=&quot;external-link&quot; rel=&quot;nofollow&quot;&gt;http://www.oracle.com/webfolder/technetwork/jsc/xml/ns/javaee/web-app_3_1.xsd&lt;/a&gt;&quot;&lt;br/&gt;
version=&quot;3.1&quot;&amp;gt;&lt;/p&gt;

&lt;p&gt;&#160;&lt;/p&gt;

&lt;p&gt;&#160;&lt;/p&gt;

&lt;p&gt;&#160;&lt;/p&gt;

&lt;p&gt;&#160;&lt;/p&gt;

&lt;p&gt;&#160;&lt;/p&gt;</description>
                <environment></environment>
        <key id="13239305">WICKET-6676</key>
            <summary>Quickstart application won&apos;t deploy to GlassFish</summary>
                <type id="1" iconUrl="https://issues.apache.org/jira/secure/viewavatar?size=xsmall&amp;avatarId=21133&amp;avatarType=issuetype">Bug</type>
                                            <priority id="3" iconUrl="https://issues.apache.org/jira/images/icons/priorities/major.svg">Major</priority>
                        <status id="5" iconUrl="https://issues.apache.org/jira/images/icons/statuses/resolved.png" description="A resolution has been taken, and it is awaiting verification by reporter. From here issues are either reopened, or are closed.">Resolved</status>
                    <statusCategory id="3" key="done" colorName="green"/>
                                    <resolution id="1">Fixed</resolution>
                                        <assignee username="mgrigorov">Martin Tzvetanov Grigorov</assignee>
                                    <reporter username="peedeeboy">Pete Whelpton</reporter>
                        <labels>
                    </labels>
                <created>Thu, 13 Jun 2019 15:00:13 +0000</created>
                <updated>Sat, 15 Jun 2019 19:39:24 +0000</updated>
                            <resolved>Thu, 13 Jun 2019 20:40:12 +0000</resolved>
                                                    <fixVersion>8.6.1</fixVersion>
                    <fixVersion>9.0.0-M3</fixVersion>
                                    <component>wicket-quickstart</component>
                        <due></due>
                            <votes>0</votes>
                                    <watches>2</watches>
                                                                <comments>
                            <comment id="16863439" author="jira-bot" created="Thu, 13 Jun 2019 20:33:43 +0000"  >&lt;p&gt;Commit c41fb13e93f6a140d95cb08871df771aa52b9c7a in wicket&apos;s branch refs/heads/master from Pete Whelpton&lt;br/&gt;
[ &lt;a href=&quot;https://gitbox.apache.org/repos/asf?p=wicket.git;h=c41fb13&quot; class=&quot;external-link&quot; rel=&quot;nofollow&quot;&gt;https://gitbox.apache.org/repos/asf?p=wicket.git;h=c41fb13&lt;/a&gt; ]&lt;/p&gt;

&lt;p&gt;&lt;a href=&quot;https://issues.apache.org/jira/browse/WICKET-6676&quot; title=&quot;Quickstart application won&amp;#39;t deploy to GlassFish&quot; class=&quot;issue-link&quot; data-issue-key=&quot;WICKET-6676&quot;&gt;&lt;del&gt;WICKET-6676&lt;/del&gt;&lt;/a&gt; Fix for quickstart application not deploying to GlassFish (#370)&lt;/p&gt;
</comment>
                            <comment id="16863442" author="jira-bot" created="Thu, 13 Jun 2019 20:39:58 +0000"  >&lt;p&gt;Commit ac3e42bde411933ae2e67956910c5032e33bd5c0 in wicket&apos;s branch refs/heads/wicket-8.x from Pete Whelpton&lt;br/&gt;
[ &lt;a href=&quot;https://gitbox.apache.org/repos/asf?p=wicket.git;h=ac3e42b&quot; class=&quot;external-link&quot; rel=&quot;nofollow&quot;&gt;https://gitbox.apache.org/repos/asf?p=wicket.git;h=ac3e42b&lt;/a&gt; ]&lt;/p&gt;

&lt;p&gt;&lt;a href=&quot;https://issues.apache.org/jira/browse/WICKET-6676&quot; title=&quot;Quickstart application won&amp;#39;t deploy to GlassFish&quot; class=&quot;issue-link&quot; data-issue-key=&quot;WICKET-6676&quot;&gt;&lt;del&gt;WICKET-6676&lt;/del&gt;&lt;/a&gt; Fix for quickstart application not deploying to GlassFish (#370)&lt;/p&gt;


&lt;p&gt;(cherry picked from commit c41fb13e93f6a140d95cb08871df771aa52b9c7a)&lt;/p&gt;</comment>
                    </comments>
                    <attachments>
                    </attachments>
                <subtasks>
                    </subtasks>
                <customfields>
                                                <customfield id="customfield_12310310" key="com.atlassian.jira.toolkit:attachments">
                        <customfieldname>Attachment count</customfieldname>
                        <customfieldvalues>
                            <customfieldvalue>0.0</customfieldvalue>
                        </customfieldvalues>
                    </customfield>
                                                                                                                                                                                                                                                                                                                                                                                                                                                                                                                                                                                                                    <customfield id="customfield_12310220" key="com.atlassian.jira.ext.charting:firstresponsedate">
                        <customfieldname>Date of First Response</customfieldname>
                        <customfieldvalues>
                            <customfieldvalue>Thu, 13 Jun 2019 20:33:43 +0000</customfieldvalue>

                        </customfieldvalues>
                    </customfield>
                                                                <customfield id="customfield_12314020" key="com.atlassian.jira.plugins.jira-development-integration-plugin:devsummary">
                        <customfieldname>Development</customfieldname>
                        <customfieldvalues>
                            
                        </customfieldvalues>
                    </customfield>
                                                                                                                        <customfield id="customfield_12313422" key="com.atlassian.jirafisheyeplugin:jobcheckbox">
                        <customfieldname>Enable Automatic Patch Review</customfieldname>
                        <customfieldvalues>
                            <customfieldvalue><![CDATA[false]]></customfieldvalue>

                        </customfieldvalues>
                    </customfield>
                                                                                                                                                                                                                                                                                                                                                                                                                                                                        <customfield id="customfield_12310420" key="com.pyxis.greenhopper.jira:gh-global-rank">
                        <customfieldname>Global Rank</customfieldname>
                        <customfieldvalues>
                            <customfieldvalue>9223372036854775807</customfieldvalue>
                        </customfieldvalues>
                    </customfield>
                                                                                                                        <customfield id="customfield_12312521" key="com.atlassian.jira.toolkit:LastCommentDate">
                        <customfieldname>Last public comment date</customfieldname>
                        <customfieldvalues>
                            21 weeks, 1 day ago
                        </customfieldvalues>
                    </customfield>
                                                                                                                                                    <customfield id="customfield_12311820" key="com.pyxis.greenhopper.jira:gh-lexo-rank">
                        <customfieldname>Rank</customfieldname>
                        <customfieldvalues>
                            <customfieldvalue>0|z03plk:</customfieldvalue>

                        </customfieldvalues>
                    </customfield>
                                                                <customfield id="customfield_12310920" key="com.pyxis.greenhopper.jira:gh-global-rank">
                        <customfieldname>Rank (Obsolete)</customfieldname>
                        <customfieldvalues>
                            <customfieldvalue>9223372036854775807</customfieldvalue>
                        </customfieldvalues>
                    </customfield>
                                                                                                                                                                                                                                                                                                                                                        <customfield id="customfield_12310222" key="com.atlassian.jira.ext.charting:timeinstatus">
                        <customfieldname>Time in Status</customfieldname>
                        <customfieldvalues>
                            
                        </customfieldvalues>
                    </customfield>
                                                                </customfields>
    </item>


<item>
            <title>[WICKET-6674] FileUpload serialization error</title>
                <link>https://issues.apache.org/jira/browse/WICKET-6674</link>
                <project id="12310561" key="WICKET">Wicket</project>
                    <description>&lt;p&gt;When we use the component FileUpload we got the following exception on console after submit a file on screen.&lt;/p&gt;

&lt;p&gt;org.apache.wicket.core.util.objects.checker.CheckingObjectOutputStream$ObjectCheckException: The object type is not Serializable!&lt;/p&gt;

&lt;p&gt;Check it on full &lt;span class=&quot;nobr&quot;&gt;&lt;a href=&quot;https://issues.apache.org/jira/secure/attachment/12971087/12971087_stacktrace.txt&quot; title=&quot;stacktrace.txt attached to WICKET-6674&quot;&gt;stacktrace.txt&lt;sup&gt;&lt;img class=&quot;rendericon&quot; src=&quot;https://issues.apache.org/jira/images/icons/link_attachment_7.gif&quot; height=&quot;7&quot; width=&quot;7&quot; align=&quot;absmiddle&quot; alt=&quot;&quot; border=&quot;0&quot;/&gt;&lt;/sup&gt;&lt;/a&gt;&lt;/span&gt; the element that throws error.&lt;/p&gt;

&lt;p&gt;private final org.apache.commons.fileupload.FileItem org.apache.wicket.markup.html.form.upload.&lt;b&gt;FileUpload.item&lt;/b&gt; &lt;span class=&quot;error&quot;&gt;&amp;#91;class=org.apache.commons.fileupload.disk.DiskFileItem&amp;#93;&lt;/span&gt; &amp;lt;----- field that is causing the problem.&lt;/p&gt;</description>
                <environment>java 8, tomcat 9.0.20, linux mint</environment>
        <key id="13237996">WICKET-6674</key>
            <summary>FileUpload serialization error</summary>
                <type id="1" iconUrl="https://issues.apache.org/jira/secure/viewavatar?size=xsmall&amp;avatarId=21133&amp;avatarType=issuetype">Bug</type>
                                            <priority id="4" iconUrl="https://issues.apache.org/jira/images/icons/priorities/minor.svg">Minor</priority>
                        <status id="5" iconUrl="https://issues.apache.org/jira/images/icons/statuses/resolved.png" description="A resolution has been taken, and it is awaiting verification by reporter. From here issues are either reopened, or are closed.">Resolved</status>
                    <statusCategory id="3" key="done" colorName="green"/>
                                    <resolution id="10004">Not A Bug</resolution>
                                        <assignee username="-1">Unassigned</assignee>
                                    <reporter username="damghani">Alan Barboza</reporter>
                        <labels>
                            <label>easyfix</label>
                    </labels>
                <created>Thu, 6 Jun 2019 16:43:54 +0000</created>
                <updated>Sat, 8 Jun 2019 05:56:36 +0000</updated>
                            <resolved>Sat, 8 Jun 2019 05:56:36 +0000</resolved>
                                    <version>8.4.0</version>
                                                    <component>wicket-core</component>
                        <due></due>
                            <votes>0</votes>
                                    <watches>1</watches>
                                    <timeoriginalestimate seconds="3600">1h</timeoriginalestimate>
                            <timeestimate seconds="3600">1h</timeestimate>
                                        <comments>
                            <comment id="16859123" author="mgrigorov" created="Sat, 8 Jun 2019 05:56:36 +0000"  >&lt;p&gt;FileUpload is &lt;b&gt;not&lt;/b&gt; a Wicket Component!&lt;br/&gt;
You should not keep a hard reference to instances of it.&lt;br/&gt;
E.g. FileUploadField (a Component!) uses transient field: &lt;a href=&quot;https://github.com/apache/wicket/blob/2c25d28983c47c578624762321a4a6a6f3df7267/wicket-core/src/main/java/org/apache/wicket/markup/html/form/upload/FileUploadField.java#L50&quot; class=&quot;external-link&quot; rel=&quot;nofollow&quot;&gt;https://github.com/apache/wicket/blob/2c25d28983c47c578624762321a4a6a6f3df7267/wicket-core/src/main/java/org/apache/wicket/markup/html/form/upload/FileUploadField.java#L50&lt;/a&gt;&lt;/p&gt;</comment>
                    </comments>
                    <attachments>
                            <attachment id="12971087" name="stacktrace.txt" size="7164" author="damghani" created="Thu, 6 Jun 2019 16:36:53 +0000"/>
                    </attachments>
                <subtasks>
                    </subtasks>
                <customfields>
                                                <customfield id="customfield_12310310" key="com.atlassian.jira.toolkit:attachments">
                        <customfieldname>Attachment count</customfieldname>
                        <customfieldvalues>
                            <customfieldvalue>1.0</customfieldvalue>
                        </customfieldvalues>
                    </customfield>
                                                                                                                                                                                                                                                                                                                                                                                                                                                                                                                                                                                                                    <customfield id="customfield_12310220" key="com.atlassian.jira.ext.charting:firstresponsedate">
                        <customfieldname>Date of First Response</customfieldname>
                        <customfieldvalues>
                            <customfieldvalue>Sat, 8 Jun 2019 05:56:36 +0000</customfieldvalue>

                        </customfieldvalues>
                    </customfield>
                                                                <customfield id="customfield_12314020" key="com.atlassian.jira.plugins.jira-development-integration-plugin:devsummary">
                        <customfieldname>Development</customfieldname>
                        <customfieldvalues>
                            
                        </customfieldvalues>
                    </customfield>
                                                                                                                        <customfield id="customfield_12313422" key="com.atlassian.jirafisheyeplugin:jobcheckbox">
                        <customfieldname>Enable Automatic Patch Review</customfieldname>
                        <customfieldvalues>
                            <customfieldvalue><![CDATA[false]]></customfieldvalue>

                        </customfieldvalues>
                    </customfield>
                                                                                                                                                                                                                                                                                                                                                                                                                                                                        <customfield id="customfield_12310420" key="com.pyxis.greenhopper.jira:gh-global-rank">
                        <customfieldname>Global Rank</customfieldname>
                        <customfieldvalues>
                            <customfieldvalue>9223372036854775807</customfieldvalue>
                        </customfieldvalues>
                    </customfield>
                                                                                                                        <customfield id="customfield_12312521" key="com.atlassian.jira.toolkit:LastCommentDate">
                        <customfieldname>Last public comment date</customfieldname>
                        <customfieldvalues>
                            22 weeks ago
                        </customfieldvalues>
                    </customfield>
                                                                                                                                                    <customfield id="customfield_12311820" key="com.pyxis.greenhopper.jira:gh-lexo-rank">
                        <customfieldname>Rank</customfieldname>
                        <customfieldvalues>
                            <customfieldvalue>0|z03hk0:</customfieldvalue>

                        </customfieldvalues>
                    </customfield>
                                                                <customfield id="customfield_12310920" key="com.pyxis.greenhopper.jira:gh-global-rank">
                        <customfieldname>Rank (Obsolete)</customfieldname>
                        <customfieldvalues>
                            <customfieldvalue>9223372036854775807</customfieldvalue>
                        </customfieldvalues>
                    </customfield>
                                                                                                                                                                                                                                                                                                                                                        <customfield id="customfield_12310222" key="com.atlassian.jira.ext.charting:timeinstatus">
                        <customfieldname>Time in Status</customfieldname>
                        <customfieldvalues>
                            
                        </customfieldvalues>
                    </customfield>
                                                                </customfields>
    </item>
</channel>
</rss>