<!--
RSS generated by JIRA (8.3.4#803005-sha1:1f96e09b3c60279a408a2ae47be3c745f571388b) at Sun Feb 16 09:19:38 UTC 2020

It is possible to restrict the fields that are returned in this document by specifying the 'field' parameter in your request.
For example, to request only the issue key and summary append 'field=key&field=summary' to the URL of your request.
-->
<!-- If you wish to do custom client-side styling of RSS, uncomment this:
<?xml-stylesheet href="https://issues.apache.org/jira/styles/jiraxml2html.xsl" type="text/xsl"?>
-->
<rss version="0.92">
    <channel>
        <title>ASF JIRA</title>
        <link>https://issues.apache.org/jira/issues/?jql=project+%3D+WICKET+AND+issuetype+%3D+Bug+AND+created+%3E%3D+2019-11-01+AND+created+%3C%3D+2019-12-01</link>
        <description>An XML representation of a search request</description>
                <language>en-uk</language>
                        <issue start="0" end="1" total="1"/>
                <build-info>
            <version>8.3.4</version>
            <build-number>803005</build-number>
            <build-date>13-09-2019</build-date>
        </build-info>

<item>
            <title>[WICKET-6713] BaseWicketTester does not reset componentInPage field</title>
                <link>https://issues.apache.org/jira/browse/WICKET-6713</link>
                <project id="12310561" key="WICKET">Wicket</project>
                    <description>&lt;p&gt;There seems to be a bug in the BaseWicketTester, if you use the method &lt;tt&gt;startComponentInPage()&lt;/tt&gt; with its class signature (&lt;tt&gt;Class&amp;lt;C&amp;gt;&lt;/tt&gt;) instead of its instance signature (&lt;tt&gt;C component&lt;/tt&gt;).&lt;/p&gt;

&lt;p&gt;It will set the &lt;tt&gt;componentInPage&lt;/tt&gt; field with the wicketId &#8222;testObject&#8220;.&lt;/p&gt;

&lt;p&gt;If you then start another component in Page (passing a component instance) in the same WicketTester instance, all wicketPaths from &lt;tt&gt;getComponentFromLastRenderedPage()&lt;/tt&gt; of that second component will be prefixed with &#8222;testObject:&#8220;, because  method will use the id of the &lt;tt&gt;componentInPage&lt;/tt&gt; field. &lt;/p&gt;

&lt;p&gt;This results in false path assertions on the later component. &lt;br/&gt;
For example this test won&#8217;t succeed:&lt;/p&gt;

&lt;div class=&quot;code panel&quot; style=&quot;border-width: 1px;&quot;&gt;&lt;div class=&quot;codeContent panelContent&quot;&gt;
&lt;pre class=&quot;code-java&quot;&gt;@Test
&lt;span class=&quot;code-keyword&quot;&gt;public&lt;/span&gt; void testRender() {
  WicketTester tester = &lt;span class=&quot;code-keyword&quot;&gt;new&lt;/span&gt; WicketTester();
 
  tester.startComponentInPage(DummyPanel.class);
 
  tester.startComponentInPage(&lt;span class=&quot;code-keyword&quot;&gt;new&lt;/span&gt; DummyPanel(&#8222;panel&#8220;));
  tester.assertComponent(&lt;span class=&quot;code-quote&quot;&gt;&quot;panel&quot;&lt;/span&gt;, DummyPanel.class);
}&lt;/pre&gt;
&lt;/div&gt;&lt;/div&gt;

&lt;p&gt;The AssertionError is stated as follows:&lt;/p&gt;
&lt;div class=&quot;preformatted panel&quot; style=&quot;border-width: 1px;&quot;&gt;&lt;div class=&quot;preformattedContent panelContent&quot;&gt;
&lt;pre&gt;java.lang.AssertionError: path: &apos;testObject:panel&apos; does not exist for page: StartComponentInPage&lt;/pre&gt;
&lt;/div&gt;&lt;/div&gt;


&lt;p&gt;Without the line &#8222;tester.startComponentInPage(DummyPanel.class);&#8220; it will run smoothly.&lt;/p&gt;

&lt;p&gt;Usually one is not starting multiple components in one test. &lt;br/&gt;
But this issue can also have effects on other tests, if they are using the same WicketTester instance.&lt;/p&gt;

&lt;p&gt;Maybe &lt;tt&gt;startComponentInPage(final C component, IMarkupFragment pageMarkup)&lt;/tt&gt; should reset &lt;tt&gt;componentInPage&lt;/tt&gt;, if it is not called by &lt;tt&gt;startComponentInPage(final Class&amp;lt;C&amp;gt; componentClass, final IMarkupFragment pageMarkup)&lt;/tt&gt;.&lt;/p&gt;</description>
                <environment></environment>
        <key id="13268577">WICKET-6713</key>
            <summary>BaseWicketTester does not reset componentInPage field</summary>
                <type id="1" iconUrl="https://issues.apache.org/jira/secure/viewavatar?size=xsmall&amp;avatarId=21133&amp;avatarType=issuetype">Bug</type>
                                            <priority id="4" iconUrl="https://issues.apache.org/jira/images/icons/priorities/minor.svg">Minor</priority>
                        <status id="5" iconUrl="https://issues.apache.org/jira/images/icons/statuses/resolved.png" description="A resolution has been taken, and it is awaiting verification by reporter. From here issues are either reopened, or are closed.">Resolved</status>
                    <statusCategory id="3" key="done" colorName="green"/>
                                    <resolution id="1">Fixed</resolution>
                                        <assignee username="svenmeier">Sven Meier</assignee>
                                    <reporter username="skyYaga">Andreas M&#252;ller</reporter>
                        <labels>
                    </labels>
                <created>Fri, 15 Nov 2019 13:49:29 +0000</created>
                <updated>Sat, 16 Nov 2019 08:57:18 +0000</updated>
                            <resolved>Sat, 16 Nov 2019 08:57:17 +0000</resolved>
                                    <version>8.5.0</version>
                                    <fixVersion>8.7.0</fixVersion>
                    <fixVersion>9.0.0-M4</fixVersion>
                                    <component>wicket-core</component>
                        <due></due>
                            <votes>0</votes>
                                    <watches>2</watches>
                                                                <comments>
                            <comment id="16975635" author="jira-bot" created="Sat, 16 Nov 2019 08:41:18 +0000"  >&lt;p&gt;Commit cf99783fcf2a01936ea9d51bb34ab9db5fa6d6dc in wicket&apos;s branch refs/heads/wicket-8.x from Sven Meier&lt;br/&gt;
[ &lt;a href=&quot;https://gitbox.apache.org/repos/asf?p=wicket.git;h=cf99783&quot; class=&quot;external-link&quot; rel=&quot;nofollow&quot;&gt;https://gitbox.apache.org/repos/asf?p=wicket.git;h=cf99783&lt;/a&gt; ]&lt;/p&gt;

&lt;p&gt;&lt;a href=&quot;https://issues.apache.org/jira/browse/WICKET-6713&quot; title=&quot;BaseWicketTester does not reset componentInPage field&quot; class=&quot;issue-link&quot; data-issue-key=&quot;WICKET-6713&quot;&gt;&lt;del&gt;WICKET-6713&lt;/del&gt;&lt;/a&gt; start via class or instance&lt;/p&gt;

&lt;p&gt;on same tester&lt;/p&gt;</comment>
                            <comment id="16975636" author="jira-bot" created="Sat, 16 Nov 2019 08:41:40 +0000"  >&lt;p&gt;Commit ef1fe3da672b868dc134b6d16346fea94d46832b in wicket&apos;s branch refs/heads/master from Sven Meier&lt;br/&gt;
[ &lt;a href=&quot;https://gitbox.apache.org/repos/asf?p=wicket.git;h=ef1fe3d&quot; class=&quot;external-link&quot; rel=&quot;nofollow&quot;&gt;https://gitbox.apache.org/repos/asf?p=wicket.git;h=ef1fe3d&lt;/a&gt; ]&lt;/p&gt;

&lt;p&gt;&lt;a href=&quot;https://issues.apache.org/jira/browse/WICKET-6713&quot; title=&quot;BaseWicketTester does not reset componentInPage field&quot; class=&quot;issue-link&quot; data-issue-key=&quot;WICKET-6713&quot;&gt;&lt;del&gt;WICKET-6713&lt;/del&gt;&lt;/a&gt; start via class or instance&lt;/p&gt;

&lt;p&gt;on same tester&lt;/p&gt;</comment>
                    </comments>
                <issuelinks>
                            <issuelinktype id="10030">
                    <name>Reference</name>
                                            <outwardlinks description="relates to">
                                        <issuelink>
            <issuekey id="12514415">WICKET-3913</issuekey>
        </issuelink>
                            </outwardlinks>
                                                        </issuelinktype>
                    </issuelinks>
                <attachments>
                    </attachments>
                <subtasks>
                    </subtasks>
                <customfields>
                                                                            <customfield id="customfield_12310310" key="com.atlassian.jira.toolkit:attachments">
                        <customfieldname>Attachment count</customfieldname>
                        <customfieldvalues>
                            <customfieldvalue>0.0</customfieldvalue>
                        </customfieldvalues>
                    </customfield>
                                                                                                                                                                                                                                                                                                                                                                                                                                                                                                                                                                                                                                                                                                        <customfield id="customfield_12310220" key="com.atlassian.jira.ext.charting:firstresponsedate">
                        <customfieldname>Date of First Response</customfieldname>
                        <customfieldvalues>
                            <customfieldvalue>Sat, 16 Nov 2019 08:41:18 +0000</customfieldvalue>

                        </customfieldvalues>
                    </customfield>
                                                                <customfield id="customfield_12314020" key="com.atlassian.jira.plugins.jira-development-integration-plugin:devsummary">
                        <customfieldname>Development</customfieldname>
                        <customfieldvalues>
                            
                        </customfieldvalues>
                    </customfield>
                                                                                                                        <customfield id="customfield_12313422" key="com.atlassian.jirafisheyeplugin:jobcheckbox">
                        <customfieldname>Enable Automatic Patch Review</customfieldname>
                        <customfieldvalues>
                            <customfieldvalue><![CDATA[false]]></customfieldvalue>

                        </customfieldvalues>
                    </customfield>
                                                                                                                                                                                                                                                                                                                                                                                                                                                                                                                                                                                                                    <customfield id="customfield_12310420" key="com.pyxis.greenhopper.jira:gh-global-rank">
                        <customfieldname>Global Rank</customfieldname>
                        <customfieldvalues>
                            <customfieldvalue>9223372036854775807</customfieldvalue>
                        </customfieldvalues>
                    </customfield>
                                                                                                                                                                                                            <customfield id="customfield_12312521" key="com.atlassian.jira.toolkit:LastCommentDate">
                        <customfieldname>Last public comment date</customfieldname>
                        <customfieldvalues>
                            13 weeks, 1 day ago
                        </customfieldvalues>
                    </customfield>
                                                                                                                                                                                                            <customfield id="customfield_12311820" key="com.pyxis.greenhopper.jira:gh-lexo-rank">
                        <customfieldname>Rank</customfieldname>
                        <customfieldvalues>
                            <customfieldvalue>0|z08noo:</customfieldvalue>

                        </customfieldvalues>
                    </customfield>
                                                                <customfield id="customfield_12310920" key="com.pyxis.greenhopper.jira:gh-global-rank">
                        <customfieldname>Rank (Obsolete)</customfieldname>
                        <customfieldvalues>
                            <customfieldvalue>9223372036854775807</customfieldvalue>
                        </customfieldvalues>
                    </customfield>
                                                                                                                                                                                                                                                                                                                                                                                                                                                                                                                                                                                                                                                                            <customfield id="customfield_12310222" key="com.atlassian.jira.ext.charting:timeinstatus">
                        <customfieldname>Time in Status</customfieldname>
                        <customfieldvalues>
                            
                        </customfieldvalues>
                    </customfield>
                                                                                            </customfields>
    </item>
</channel>
</rss>