<!--
RSS generated by JIRA (6.3.4#6332-sha1:51bc225ef474afe3128b2f66878477f322397b16) at Sun Jan 25 03:23:58 UTC 2015

It is possible to restrict the fields that are returned in this document by specifying the 'field' parameter in your request.
For example, to request only the issue key and summary add field=key&field=summary to the URL of your request.
For example:
https://issues.apache.org/jira/sr/jira.issueviews:searchrequest-xml/temp/SearchRequest.xml?jqlQuery=project+%3D+WICKET+AND+issuetype+%3D+Bug+AND+created+%3E%3D+2013-12-1+AND+created+%3C%3D+2014-1-1+ORDER+BY+key+ASC&amp;tempMax=100&amp;field=key&amp;field=summary
-->
<!-- If you wish to do custom client-side styling of RSS, uncomment this:
<?xml-stylesheet href="https://issues.apache.org/jira/styles/jiraxml2html.xsl" type="text/xsl"?>
-->
<rss version="0.92">
    <channel>
        <title>ASF JIRA</title>
        <link>https://issues.apache.org/jira/secure/IssueNavigator.jspa?reset=true&amp;jqlQuery=project+%3D+WICKET+AND+issuetype+%3D+Bug+AND+created+%3E%3D+2013-12-1+AND+created+%3C%3D+2014-1-1+ORDER+BY+key+ASC</link>
        <description>An XML representation of a search request</description>
                <language>en-uk</language>
                        <issue start="0" end="13" total="13"/>
                <build-info>
            <version>6.3.4</version>
            <build-number>6332</build-number>
            <build-date>15-08-2014</build-date>
        </build-info>
<item>
            <title>[WICKET-5434] modal window is draggable</title>
                <link>https://issues.apache.org/jira/browse/WICKET-5434</link>
                <project id="12310561" key="WICKET">Wicket</project>
                    <description>&lt;p&gt;I want to fix the modal widow for all the browser window at center but i get failure in all browser window. &lt;/p&gt;

&lt;p&gt;so please tell me what is issue to fix the modal window at center of the browser.&lt;/p&gt;</description>
                <environment>java, wicket</environment>
        <key id="12682102">WICKET-5434</key>
            <summary>modal window is draggable</summary>
                <type id="1" iconUrl="https://issues.apache.org/jira/images/icons/issuetypes/bug.png">Bug</type>
                                            <priority id="3" iconUrl="https://issues.apache.org/jira/images/icons/priorities/major.png">Major</priority>
                        <status id="5" iconUrl="https://issues.apache.org/jira/images/icons/statuses/resolved.png" description="A resolution has been taken, and it is awaiting verification by reporter. From here issues are either reopened, or are closed.">Resolved</status>
                    <statusCategory id="3" key="done" colorName="green"/>
                                    <resolution id="6">Invalid</resolution>
                                        <assignee username="-1">Unassigned</assignee>
                                    <reporter username="shivamoist">shivam</reporter>
                        <labels>
                            <label>documentation</label>
                            <label>javascript</label>
                            <label>test</label>
                    </labels>
                <created>Mon, 2 Dec 2013 10:52:01 +0000</created>
                <updated>Mon, 2 Dec 2013 10:56:10 +0000</updated>
                            <resolved>Mon, 2 Dec 2013 10:56:10 +0000</resolved>
                                    <version>6.4.0</version>
                    <version>1.4.22</version>
                                                    <component>wicket</component>
                        <due></due>
                            <votes>0</votes>
                                    <watches>3</watches>
                                    <timeoriginalestimate seconds="172800">48h</timeoriginalestimate>
                            <timeestimate seconds="172800">48h</timeestimate>
                                        <comments>
                            <comment id="13836418" author="mgrigorov" created="Mon, 2 Dec 2013 10:56:10 +0000"  >&lt;p&gt;JIRA is not support forum.&lt;br/&gt;
Please use users@wicket.apache.org mailing list.&lt;/p&gt;</comment>
                    </comments>
                    <attachments>
                    </attachments>
                <subtasks>
                    </subtasks>
                <customfields>
                                                <customfield id="customfield_12310310" key="com.atlassian.jira.toolkit:attachments">
                        <customfieldname>Attachment count</customfieldname>
                        <customfieldvalues>
                            <customfieldvalue>0.0</customfieldvalue>
                        </customfieldvalues>
                    </customfield>
                                                                                                                        <customfield id="customfield_12310220" key="com.atlassian.jira.ext.charting:firstresponsedate">
                        <customfieldname>Date of First Response</customfieldname>
                        <customfieldvalues>
                            <customfieldvalue>Mon, 2 Dec 2013 10:56:10 +0000</customfieldvalue>

                        </customfieldvalues>
                    </customfield>
                                                                                                                                                    <customfield id="customfield_12310420" key="com.pyxis.greenhopper.jira:gh-global-rank">
                        <customfieldname>Global Rank</customfieldname>
                        <customfieldvalues>
                            <customfieldvalue>361359</customfieldvalue>
                        </customfieldvalues>
                    </customfield>
                                                                <customfield id="customfield_12311820" key="com.pyxis.greenhopper.jira:gh-lexo-rank">
                        <customfieldname>Rank</customfieldname>
                        <customfieldvalues>
                            <customfieldvalue>0|11q0eo:</customfieldvalue>

                        </customfieldvalues>
                    </customfield>
                                                                <customfield id="customfield_12310920" key="com.pyxis.greenhopper.jira:gh-global-rank">
                        <customfieldname>Rank (Obsolete)</customfieldname>
                        <customfieldvalues>
                            <customfieldvalue>361658</customfieldvalue>
                        </customfieldvalues>
                    </customfield>
                                                                                                                        <customfield id="customfield_12310222" key="com.atlassian.jira.ext.charting:timeinstatus">
                        <customfieldname>Time in Status</customfieldname>
                        <customfieldvalues>
                            
                        </customfieldvalues>
                    </customfield>
                                    </customfields>
    </item>

<item>
            <title>[WICKET-5437] When a ConversionException is thrown, its message is not used in the ValidationError</title>
                <link>https://issues.apache.org/jira/browse/WICKET-5437</link>
                <project id="12310561" key="WICKET">Wicket</project>
                    <description>&lt;p&gt;Probably affects 6.12 also, though haven&apos;t checked.&lt;/p&gt;

&lt;p&gt;As noted by Martin Grigorov in &lt;a href=&quot;https://issues.apache.org/jira/browse/ISIS-621&quot; title=&quot;Improve the Wicket viewer&amp;#39;s parsing of numbers &quot; class=&quot;issue-link&quot; data-issue-key=&quot;ISIS-621&quot;&gt;&lt;del&gt;ISIS-621&lt;/del&gt;&lt;/a&gt;:&lt;/p&gt;

&lt;p&gt;The code for creating a ValidationError is at&lt;br/&gt;
&lt;a href=&quot;https://github.com/apache/wicket/blob/master/wicket-core/src/main/java/org/apache/wicket/markup/html/form/FormComponent.java?source=c#L1219&quot; class=&quot;external-link&quot; rel=&quot;nofollow&quot;&gt;https://github.com/apache/wicket/blob/master/wicket-core/src/main/java/org/apache/wicket/markup/html/form/FormComponent.java?source=c#L1219&lt;/a&gt;&lt;/p&gt;

&lt;p&gt;As you can see the cause&apos;s message is not used :-/&lt;/p&gt;

&lt;p&gt;The problem is:&lt;br/&gt;
ValidationError error = new ValidationError();&lt;/p&gt;

&lt;p&gt;it should be:&lt;br/&gt;
ValidationError error = new ValidationError(cause.getMessage());&lt;/p&gt;

&lt;p&gt;Later at &lt;a href=&quot;https://github.com/apache/wicket/blob/master/wicket-core/src/main/java/org/apache/wicket/validation/ValidationError.java?source=c#L241&quot; class=&quot;external-link&quot; rel=&quot;nofollow&quot;&gt;https://github.com/apache/wicket/blob/master/wicket-core/src/main/java/org/apache/wicket/validation/ValidationError.java?source=c#L241&lt;/a&gt; Wicket will look for i18n keys and fallback to the message.&lt;/p&gt;</description>
                <environment></environment>
        <key id="12682926">WICKET-5437</key>
            <summary>When a ConversionException is thrown, its message is not used in the ValidationError</summary>
                <type id="1" iconUrl="https://issues.apache.org/jira/images/icons/issuetypes/bug.png">Bug</type>
                                            <priority id="4" iconUrl="https://issues.apache.org/jira/images/icons/priorities/minor.png">Minor</priority>
                        <status id="5" iconUrl="https://issues.apache.org/jira/images/icons/statuses/resolved.png" description="A resolution has been taken, and it is awaiting verification by reporter. From here issues are either reopened, or are closed.">Resolved</status>
                    <statusCategory id="3" key="done" colorName="green"/>
                                    <resolution id="1">Fixed</resolution>
                                        <assignee username="mgrigorov">Martin Grigorov</assignee>
                                    <reporter username="danhaywood">Dan Haywood</reporter>
                        <labels>
                    </labels>
                <created>Thu, 5 Dec 2013 15:41:56 +0000</created>
                <updated>Thu, 5 Dec 2013 16:33:38 +0000</updated>
                            <resolved>Thu, 5 Dec 2013 16:33:38 +0000</resolved>
                                    <version>6.11.0</version>
                                    <fixVersion>6.13.0</fixVersion>
                    <fixVersion>7.0.0-M1</fixVersion>
                                    <component>wicket</component>
                        <due></due>
                            <votes>0</votes>
                                    <watches>2</watches>
                                                                <comments>
                            <comment id="13840191" author="mgrigorov" created="Thu, 5 Dec 2013 15:45:13 +0000"  >&lt;p&gt;As I explained the message will be used as a fallback.&lt;br/&gt;
The recommended way is to use i18n resource bundle.&lt;/p&gt;</comment>
                            <comment id="13840241" author="mgrigorov" created="Thu, 5 Dec 2013 16:33:38 +0000"  >&lt;p&gt;I&apos;ve committed my suggestion.&lt;br/&gt;
Now if there are no i18n keys that match Wicket will use the message.&lt;/p&gt;

&lt;p&gt;But I think in your case there is some generic key that matches, no ?&lt;/p&gt;</comment>
                    </comments>
                    <attachments>
                    </attachments>
                <subtasks>
                    </subtasks>
                <customfields>
                                                <customfield id="customfield_12310310" key="com.atlassian.jira.toolkit:attachments">
                        <customfieldname>Attachment count</customfieldname>
                        <customfieldvalues>
                            <customfieldvalue>0.0</customfieldvalue>
                        </customfieldvalues>
                    </customfield>
                                                                                                                        <customfield id="customfield_12310220" key="com.atlassian.jira.ext.charting:firstresponsedate">
                        <customfieldname>Date of First Response</customfieldname>
                        <customfieldvalues>
                            <customfieldvalue>Thu, 5 Dec 2013 15:45:13 +0000</customfieldvalue>

                        </customfieldvalues>
                    </customfield>
                                                                                                                                                    <customfield id="customfield_12310420" key="com.pyxis.greenhopper.jira:gh-global-rank">
                        <customfieldname>Global Rank</customfieldname>
                        <customfieldvalues>
                            <customfieldvalue>362183</customfieldvalue>
                        </customfieldvalues>
                    </customfield>
                                                                <customfield id="customfield_12311820" key="com.pyxis.greenhopper.jira:gh-lexo-rank">
                        <customfieldname>Rank</customfieldname>
                        <customfieldvalues>
                            <customfieldvalue>0|11q5gw:</customfieldvalue>

                        </customfieldvalues>
                    </customfield>
                                                                <customfield id="customfield_12310920" key="com.pyxis.greenhopper.jira:gh-global-rank">
                        <customfieldname>Rank (Obsolete)</customfieldname>
                        <customfieldvalues>
                            <customfieldvalue>362478</customfieldvalue>
                        </customfieldvalues>
                    </customfield>
                                                                                                                        <customfield id="customfield_12310222" key="com.atlassian.jira.ext.charting:timeinstatus">
                        <customfieldname>Time in Status</customfieldname>
                        <customfieldvalues>
                            
                        </customfieldvalues>
                    </customfield>
                                    </customfields>
    </item>

<item>
            <title>[WICKET-5438] Empty page without error with missing markup in deployment mode</title>
                <link>https://issues.apache.org/jira/browse/WICKET-5438</link>
                <project id="12310561" key="WICKET">Wicket</project>
                    <description>&lt;p&gt;The attached test case dos not produce an error when run in deployment mode.&lt;/p&gt;

&lt;p&gt;May be it should have an error because the markup file is not found.&lt;/p&gt;

&lt;p&gt;I am getting used to the fact that Wicket is type safe with no runtime surprises.&lt;/p&gt;

&lt;p&gt;I was quite perplexed when I debugged the page constructor and while I did not realize that the markup file wasn&apos;t found. As the title says, this happens only in deployment mode.&lt;/p&gt;</description>
                <environment>Windows XP, JDK 1.7, Tomcat</environment>
        <key id="12683295">WICKET-5438</key>
            <summary>Empty page without error with missing markup in deployment mode</summary>
                <type id="1" iconUrl="https://issues.apache.org/jira/images/icons/issuetypes/bug.png">Bug</type>
                                            <priority id="3" iconUrl="https://issues.apache.org/jira/images/icons/priorities/major.png">Major</priority>
                        <status id="5" iconUrl="https://issues.apache.org/jira/images/icons/statuses/resolved.png" description="A resolution has been taken, and it is awaiting verification by reporter. From here issues are either reopened, or are closed.">Resolved</status>
                    <statusCategory id="3" key="done" colorName="green"/>
                                    <resolution id="6">Invalid</resolution>
                                        <assignee username="svenmeier">Sven Meier</assignee>
                                    <reporter username="bht@actrix.gen.nz">bernard</reporter>
                        <labels>
                    </labels>
                <created>Sat, 7 Dec 2013 19:58:13 +0000</created>
                <updated>Sun, 8 Dec 2013 00:29:51 +0000</updated>
                            <resolved>Sat, 7 Dec 2013 21:52:59 +0000</resolved>
                                    <version>6.12.0</version>
                                                    <component>wicket</component>
                        <due></due>
                            <votes>0</votes>
                                    <watches>2</watches>
                                                                <comments>
                            <comment id="13842313" author="bht@actrix.gen.nz" created="Sat, 7 Dec 2013 19:59:17 +0000"  >&lt;p&gt;Test case, quickstart&lt;/p&gt;</comment>
                            <comment id="13842340" author="svenmeier" created="Sat, 7 Dec 2013 21:52:59 +0000"  >&lt;p&gt;This isn&apos;t a problem of non-found markup:&lt;br/&gt;
With &amp;lt;wicket:child&amp;gt; in your BasePage&apos;s markup, subclasses can provide additional markup, but they don&apos;t have to.&lt;/p&gt;

&lt;p&gt;In development configuration Wicket rightfully reports the non-rendered component &quot;title&quot; for HomePage.&lt;br/&gt;
In deployment configuration, this check is not performed, see Application#configure(). You can change this default in your application&apos;s init() with IDebugSettings#setComponentUseCheck(true).&lt;/p&gt;</comment>
                            <comment id="13842356" author="bht@actrix.gen.nz" created="Sun, 8 Dec 2013 00:29:51 +0000"  >&lt;p&gt;Thanks Sven!&lt;/p&gt;</comment>
                    </comments>
                    <attachments>
                            <attachment id="12617584" name="quickstart.zip" size="11266" author="bht@actrix.gen.nz" created="Sat, 7 Dec 2013 19:59:17 +0000"/>
                    </attachments>
                <subtasks>
                    </subtasks>
                <customfields>
                                                <customfield id="customfield_12310310" key="com.atlassian.jira.toolkit:attachments">
                        <customfieldname>Attachment count</customfieldname>
                        <customfieldvalues>
                            <customfieldvalue>1.0</customfieldvalue>
                        </customfieldvalues>
                    </customfield>
                                                                                                                        <customfield id="customfield_12310220" key="com.atlassian.jira.ext.charting:firstresponsedate">
                        <customfieldname>Date of First Response</customfieldname>
                        <customfieldvalues>
                            <customfieldvalue>Sat, 7 Dec 2013 21:52:59 +0000</customfieldvalue>

                        </customfieldvalues>
                    </customfield>
                                                                                                                                                    <customfield id="customfield_12310420" key="com.pyxis.greenhopper.jira:gh-global-rank">
                        <customfieldname>Global Rank</customfieldname>
                        <customfieldvalues>
                            <customfieldvalue>362547</customfieldvalue>
                        </customfieldvalues>
                    </customfield>
                                                                <customfield id="customfield_12311820" key="com.pyxis.greenhopper.jira:gh-lexo-rank">
                        <customfieldname>Rank</customfieldname>
                        <customfieldvalues>
                            <customfieldvalue>0|11q7pk:</customfieldvalue>

                        </customfieldvalues>
                    </customfield>
                                                                <customfield id="customfield_12310920" key="com.pyxis.greenhopper.jira:gh-global-rank">
                        <customfieldname>Rank (Obsolete)</customfieldname>
                        <customfieldvalues>
                            <customfieldvalue>362841</customfieldvalue>
                        </customfieldvalues>
                    </customfield>
                                                                                                                        <customfield id="customfield_12310222" key="com.atlassian.jira.ext.charting:timeinstatus">
                        <customfieldname>Time in Status</customfieldname>
                        <customfieldvalues>
                            
                        </customfieldvalues>
                    </customfield>
                                    </customfields>
    </item>

<item>
            <title>[WICKET-5440] TransparentWebMarkupContainer makes resolving of fragment markup fail on child pages</title>
                <link>https://issues.apache.org/jira/browse/WICKET-5440</link>
                <project id="12310561" key="WICKET">Wicket</project>
                    <description>&lt;p&gt;I wanted to do this kind of page layout:&lt;br/&gt;
&amp;lt;div wicket:id=&quot;childContainer&quot;&amp;gt;&lt;br/&gt;
  &amp;lt;wicket:child /&amp;gt;&lt;br/&gt;
&amp;lt;/div&amp;gt;&lt;/p&gt;

&lt;p&gt;to add css classes to a child container in the parent page class. For this to work, I added a TransparentWebMarkupContainer with id &quot;childContainer&quot; to the parent page class. This works in some cases, but if the child page class defines wicket fragments, their markup is not found.&lt;/p&gt;

&lt;p&gt;When searching for the child&apos;s fragment&apos;s markup fragment, Markup.java (line 233) skips all the markup contained in the &amp;lt;body&amp;gt; tag because it has a wicket:id.&lt;/p&gt;

&lt;p&gt;Reference for the technique I used:&lt;br/&gt;
&lt;a href=&quot;http://stackoverflow.com/questions/5068142/can-a-wicketchild-tag-be-nested-under-another-component-on-the-page&quot; class=&quot;external-link&quot; rel=&quot;nofollow&quot;&gt;http://stackoverflow.com/questions/5068142/can-a-wicketchild-tag-be-nested-under-another-component-on-the-page&lt;/a&gt; &lt;/p&gt;</description>
                <environment></environment>
        <key id="12684113">WICKET-5440</key>
            <summary>TransparentWebMarkupContainer makes resolving of fragment markup fail on child pages</summary>
                <type id="1" iconUrl="https://issues.apache.org/jira/images/icons/issuetypes/bug.png">Bug</type>
                                            <priority id="3" iconUrl="https://issues.apache.org/jira/images/icons/priorities/major.png">Major</priority>
                        <status id="6" iconUrl="https://issues.apache.org/jira/images/icons/statuses/closed.png" description="The issue is considered finished, the resolution is correct. Issues which are closed can be reopened.">Closed</status>
                    <statusCategory id="3" key="done" colorName="green"/>
                                    <resolution id="3">Duplicate</resolution>
                                        <assignee username="-1">Unassigned</assignee>
                                    <reporter username="berniegp">Bertrand Guay-Paquet</reporter>
                        <labels>
                    </labels>
                <created>Wed, 11 Dec 2013 22:03:49 +0000</created>
                <updated>Thu, 12 Dec 2013 16:54:40 +0000</updated>
                            <resolved>Thu, 12 Dec 2013 08:02:06 +0000</resolved>
                                    <version>6.12.0</version>
                                                        <due></due>
                            <votes>0</votes>
                                    <watches>1</watches>
                                                                <comments>
                            <comment id="13845773" author="berniegp" created="Wed, 11 Dec 2013 22:09:27 +0000"  >&lt;p&gt;Quickstart reproducing the issue.&lt;/p&gt;

&lt;p&gt;Has child pages with and without a TransparentWebMarkupContainer on the parent page class.&lt;/p&gt;</comment>
                            <comment id="13846437" author="berniegp" created="Thu, 12 Dec 2013 16:54:40 +0000"  >&lt;p&gt;Sorry about that. I don&apos;t know how I missed that other issue...&lt;/p&gt;</comment>
                    </comments>
                <issuelinks>
                            <issuelinktype id="12310000">
                    <name>Duplicate</name>
                                            <outwardlinks description="duplicates">
                                        <issuelink>
            <issuekey id="12554471">WICKET-4545</issuekey>
        </issuelink>
                            </outwardlinks>
                                                        </issuelinktype>
                    </issuelinks>
                <attachments>
                            <attachment id="12618299" name="WICKET-5440.zip" size="13644" author="berniegp" created="Wed, 11 Dec 2013 22:09:27 +0000"/>
                    </attachments>
                <subtasks>
                    </subtasks>
                <customfields>
                                                <customfield id="customfield_12310310" key="com.atlassian.jira.toolkit:attachments">
                        <customfieldname>Attachment count</customfieldname>
                        <customfieldvalues>
                            <customfieldvalue>1.0</customfieldvalue>
                        </customfieldvalues>
                    </customfield>
                                                                                                                                                                                                                                        <customfield id="customfield_12310420" key="com.pyxis.greenhopper.jira:gh-global-rank">
                        <customfieldname>Global Rank</customfieldname>
                        <customfieldvalues>
                            <customfieldvalue>363185</customfieldvalue>
                        </customfieldvalues>
                    </customfield>
                                                                <customfield id="customfield_12311820" key="com.pyxis.greenhopper.jira:gh-lexo-rank">
                        <customfieldname>Rank</customfieldname>
                        <customfieldvalues>
                            <customfieldvalue>0|11qbq0:</customfieldvalue>

                        </customfieldvalues>
                    </customfield>
                                                                <customfield id="customfield_12310920" key="com.pyxis.greenhopper.jira:gh-global-rank">
                        <customfieldname>Rank (Obsolete)</customfieldname>
                        <customfieldvalues>
                            <customfieldvalue>363491</customfieldvalue>
                        </customfieldvalues>
                    </customfield>
                                                                                                                        <customfield id="customfield_12310222" key="com.atlassian.jira.ext.charting:timeinstatus">
                        <customfieldname>Time in Status</customfieldname>
                        <customfieldvalues>
                            
                        </customfieldvalues>
                    </customfield>
                                    </customfields>
    </item>

<item>
            <title>[WICKET-5441] IResourceCachingStrategy implementations should only set caching if version matches</title>
                <link>https://issues.apache.org/jira/browse/WICKET-5441</link>
                <project id="12310561" key="WICKET">Wicket</project>
                    <description>&lt;p&gt;Implementations of IResourceCachingStrategy (FilenameWithVersionResourceCachingStrategy and QueryStringWithVersionResourceCachingStrategy) should only set cache duration to maximum if the version matches. Currently, if a user requests a resource with an arbitrary version, the version will be cached for one year (WebResponse.MAX_CACHE_DURATION). So people could polute proxy caches with potentially upcoming version.&lt;/p&gt;</description>
                <environment></environment>
        <key id="12684261">WICKET-5441</key>
            <summary>IResourceCachingStrategy implementations should only set caching if version matches</summary>
                <type id="1" iconUrl="https://issues.apache.org/jira/images/icons/issuetypes/bug.png">Bug</type>
                                            <priority id="3" iconUrl="https://issues.apache.org/jira/images/icons/priorities/major.png">Major</priority>
                        <status id="5" iconUrl="https://issues.apache.org/jira/images/icons/statuses/resolved.png" description="A resolution has been taken, and it is awaiting verification by reporter. From here issues are either reopened, or are closed.">Resolved</status>
                    <statusCategory id="3" key="done" colorName="green"/>
                                    <resolution id="1">Fixed</resolution>
                                        <assignee username="mgrigorov">Martin Grigorov</assignee>
                                    <reporter username="sfussenegger">Stefan Fussenegger</reporter>
                        <labels>
                    </labels>
                <created>Thu, 12 Dec 2013 14:13:38 +0000</created>
                <updated>Mon, 16 Dec 2013 13:18:05 +0000</updated>
                            <resolved>Mon, 16 Dec 2013 13:18:05 +0000</resolved>
                                    <version>6.12.0</version>
                    <version>7.0.0-M1</version>
                                    <fixVersion>6.13.0</fixVersion>
                    <fixVersion>7.0.0-M1</fixVersion>
                                        <due></due>
                            <votes>0</votes>
                                    <watches>2</watches>
                                                                <comments>
                            <comment id="13846337" author="sfussenegger" created="Thu, 12 Dec 2013 14:47:35 +0000"  >&lt;p&gt;I&apos;ve submitted &lt;a href=&quot;https://github.com/apache/wicket/pull/67&quot; class=&quot;external-link&quot; rel=&quot;nofollow&quot;&gt;pull request #67 on github&lt;/a&gt;. There remains a question though: What is the appropriate caching if versions don&apos;t match? The application default used for my patch still is WebResponse.MAX_CACHE_DURATION (though at least configurable and only privately cacheable)&lt;/p&gt;</comment>
                            <comment id="13849140" author="mgrigorov" created="Mon, 16 Dec 2013 13:18:05 +0000"  >&lt;p&gt;Thanks!&lt;/p&gt;

&lt;p&gt;I&apos;ve applied your patch with a minor change - if the calculated version is not null then make the check and set the caching headers.&lt;/p&gt;</comment>
                    </comments>
                    <attachments>
                    </attachments>
                <subtasks>
                    </subtasks>
                <customfields>
                                                <customfield id="customfield_12310310" key="com.atlassian.jira.toolkit:attachments">
                        <customfieldname>Attachment count</customfieldname>
                        <customfieldvalues>
                            <customfieldvalue>0.0</customfieldvalue>
                        </customfieldvalues>
                    </customfield>
                                                                                                                        <customfield id="customfield_12310220" key="com.atlassian.jira.ext.charting:firstresponsedate">
                        <customfieldname>Date of First Response</customfieldname>
                        <customfieldvalues>
                            <customfieldvalue>Mon, 16 Dec 2013 13:18:05 +0000</customfieldvalue>

                        </customfieldvalues>
                    </customfield>
                                                                                                                                                    <customfield id="customfield_12310420" key="com.pyxis.greenhopper.jira:gh-global-rank">
                        <customfieldname>Global Rank</customfieldname>
                        <customfieldvalues>
                            <customfieldvalue>363333</customfieldvalue>
                        </customfieldvalues>
                    </customfield>
                                                                <customfield id="customfield_12311820" key="com.pyxis.greenhopper.jira:gh-lexo-rank">
                        <customfieldname>Rank</customfieldname>
                        <customfieldvalues>
                            <customfieldvalue>0|11qcmw:</customfieldvalue>

                        </customfieldvalues>
                    </customfield>
                                                                <customfield id="customfield_12310920" key="com.pyxis.greenhopper.jira:gh-global-rank">
                        <customfieldname>Rank (Obsolete)</customfieldname>
                        <customfieldvalues>
                            <customfieldvalue>363639</customfieldvalue>
                        </customfieldvalues>
                    </customfield>
                                                                                                                        <customfield id="customfield_12310222" key="com.atlassian.jira.ext.charting:timeinstatus">
                        <customfieldname>Time in Status</customfieldname>
                        <customfieldvalues>
                            
                        </customfieldvalues>
                    </customfield>
                                    </customfields>
    </item>

<item>
            <title>[WICKET-5442] TimeOfDay.valueOf(Calendar, Time) and TimeOfDay.valueOf(Time) incorrectly use 12-hour clock</title>
                <link>https://issues.apache.org/jira/browse/WICKET-5442</link>
                <project id="12310561" key="WICKET">Wicket</project>
                    <description>&lt;p&gt;TimeOfDay.valueOf(Calendar, Time) is implemented as:&lt;br/&gt;
    return militaryTime(time.getHour(calendar), time.getMinute(calendar), time.getSecond(calendar));&lt;/p&gt;

&lt;p&gt;This is flawed because Time.getHour() is implemented as:&lt;br/&gt;
    return get(calendar, Calendar.HOUR);&lt;br/&gt;
and Calendar.HOUR is for the 12-hour clock. The result is that TimeOfDay.valueOf(Calendar, Time) incorrectly only returns 12-hour results, not 24-hour results. This affects TimeOfDay.valueOf(Time) as well since it is implemented in terms of the previously-named method.&lt;/p&gt;

&lt;p&gt;One fix would be to change Time.getHour() to use Calendar.HOUR_OF_DAY. Since Time doesn&apos;t have an am/pm indicator this seems reasonable. An alternate, more localized fix would be to change TimeOfDay.valueOf(Calendar, Time) to call time.get(Calendar.HOUR_OF_DAY) to get the hour value.&lt;/p&gt;</description>
                <environment></environment>
        <key id="12684368">WICKET-5442</key>
            <summary>TimeOfDay.valueOf(Calendar, Time) and TimeOfDay.valueOf(Time) incorrectly use 12-hour clock</summary>
                <type id="1" iconUrl="https://issues.apache.org/jira/images/icons/issuetypes/bug.png">Bug</type>
                                            <priority id="3" iconUrl="https://issues.apache.org/jira/images/icons/priorities/major.png">Major</priority>
                        <status id="5" iconUrl="https://issues.apache.org/jira/images/icons/statuses/resolved.png" description="A resolution has been taken, and it is awaiting verification by reporter. From here issues are either reopened, or are closed.">Resolved</status>
                    <statusCategory id="3" key="done" colorName="green"/>
                                    <resolution id="1">Fixed</resolution>
                                        <assignee username="svenmeier">Sven Meier</assignee>
                                    <reporter username="dgileadi">David Gileadi</reporter>
                        <labels>
                    </labels>
                <created>Thu, 12 Dec 2013 22:54:00 +0000</created>
                <updated>Fri, 13 Dec 2013 12:14:57 +0000</updated>
                            <resolved>Fri, 13 Dec 2013 12:14:57 +0000</resolved>
                                    <version>6.12.0</version>
                                    <fixVersion>6.13.0</fixVersion>
                    <fixVersion>7.0.0-M1</fixVersion>
                                    <component>wicket</component>
                        <due></due>
                            <votes>0</votes>
                                    <watches>2</watches>
                                                                <comments>
                            <comment id="13847440" author="svenmeier" created="Fri, 13 Dec 2013 12:14:57 +0000"  >&lt;p&gt;I&apos;ve changed Time.getHour() as suggested. Thanks!&lt;/p&gt;</comment>
                    </comments>
                    <attachments>
                    </attachments>
                <subtasks>
                    </subtasks>
                <customfields>
                                                <customfield id="customfield_12310310" key="com.atlassian.jira.toolkit:attachments">
                        <customfieldname>Attachment count</customfieldname>
                        <customfieldvalues>
                            <customfieldvalue>0.0</customfieldvalue>
                        </customfieldvalues>
                    </customfield>
                                                                                                                        <customfield id="customfield_12310220" key="com.atlassian.jira.ext.charting:firstresponsedate">
                        <customfieldname>Date of First Response</customfieldname>
                        <customfieldvalues>
                            <customfieldvalue>Fri, 13 Dec 2013 12:14:57 +0000</customfieldvalue>

                        </customfieldvalues>
                    </customfield>
                                                                                                                                                    <customfield id="customfield_12310420" key="com.pyxis.greenhopper.jira:gh-global-rank">
                        <customfieldname>Global Rank</customfieldname>
                        <customfieldvalues>
                            <customfieldvalue>363440</customfieldvalue>
                        </customfieldvalues>
                    </customfield>
                                                                <customfield id="customfield_12311820" key="com.pyxis.greenhopper.jira:gh-lexo-rank">
                        <customfieldname>Rank</customfieldname>
                        <customfieldvalues>
                            <customfieldvalue>0|11qdao:</customfieldvalue>

                        </customfieldvalues>
                    </customfield>
                                                                <customfield id="customfield_12310920" key="com.pyxis.greenhopper.jira:gh-global-rank">
                        <customfieldname>Rank (Obsolete)</customfieldname>
                        <customfieldvalues>
                            <customfieldvalue>363746</customfieldvalue>
                        </customfieldvalues>
                    </customfield>
                                                                                                                        <customfield id="customfield_12310222" key="com.atlassian.jira.ext.charting:timeinstatus">
                        <customfieldname>Time in Status</customfieldname>
                        <customfieldvalues>
                            
                        </customfieldvalues>
                    </customfield>
                                    </customfields>
    </item>

<item>
            <title>[WICKET-5444] Make org.apache.wicket.pageStore.memory.PageTable public so custom impls of IDataStoreEvictionStrategy can be made</title>
                <link>https://issues.apache.org/jira/browse/WICKET-5444</link>
                <project id="12310561" key="WICKET">Wicket</project>
                    <description>&lt;p&gt;org.apache.wicket.pageStore.memory.PageTable is package private and this prevents making custom implementations of org.apache.wicket.pageStore.memory.IDataStoreEvictionStrategy.&lt;/p&gt;</description>
                <environment></environment>
        <key id="12684910">WICKET-5444</key>
            <summary>Make org.apache.wicket.pageStore.memory.PageTable public so custom impls of IDataStoreEvictionStrategy can be made</summary>
                <type id="1" iconUrl="https://issues.apache.org/jira/images/icons/issuetypes/bug.png">Bug</type>
                                            <priority id="4" iconUrl="https://issues.apache.org/jira/images/icons/priorities/minor.png">Minor</priority>
                        <status id="5" iconUrl="https://issues.apache.org/jira/images/icons/statuses/resolved.png" description="A resolution has been taken, and it is awaiting verification by reporter. From here issues are either reopened, or are closed.">Resolved</status>
                    <statusCategory id="3" key="done" colorName="green"/>
                                    <resolution id="1">Fixed</resolution>
                                        <assignee username="mgrigorov">Martin Grigorov</assignee>
                                    <reporter username="mgrigorov">Martin Grigorov</reporter>
                        <labels>
                    </labels>
                <created>Mon, 16 Dec 2013 09:20:11 +0000</created>
                <updated>Mon, 16 Dec 2013 09:21:05 +0000</updated>
                            <resolved>Mon, 16 Dec 2013 09:21:05 +0000</resolved>
                                    <version>6.12.0</version>
                                    <fixVersion>6.13.0</fixVersion>
                    <fixVersion>7.0.0-M1</fixVersion>
                                    <component>wicket</component>
                        <due></due>
                            <votes>0</votes>
                                    <watches>1</watches>
                                                                        <attachments>
                    </attachments>
                <subtasks>
                    </subtasks>
                <customfields>
                                                <customfield id="customfield_12310310" key="com.atlassian.jira.toolkit:attachments">
                        <customfieldname>Attachment count</customfieldname>
                        <customfieldvalues>
                            <customfieldvalue>0.0</customfieldvalue>
                        </customfieldvalues>
                    </customfield>
                                                                                                                                                                                                                                        <customfield id="customfield_12310420" key="com.pyxis.greenhopper.jira:gh-global-rank">
                        <customfieldname>Global Rank</customfieldname>
                        <customfieldvalues>
                            <customfieldvalue>363988</customfieldvalue>
                        </customfieldvalues>
                    </customfield>
                                                                <customfield id="customfield_12311820" key="com.pyxis.greenhopper.jira:gh-lexo-rank">
                        <customfieldname>Rank</customfieldname>
                        <customfieldvalues>
                            <customfieldvalue>0|11qgn4:</customfieldvalue>

                        </customfieldvalues>
                    </customfield>
                                                                <customfield id="customfield_12310920" key="com.pyxis.greenhopper.jira:gh-global-rank">
                        <customfieldname>Rank (Obsolete)</customfieldname>
                        <customfieldvalues>
                            <customfieldvalue>364288</customfieldvalue>
                        </customfieldvalues>
                    </customfield>
                                                                                                                        <customfield id="customfield_12310222" key="com.atlassian.jira.ext.charting:timeinstatus">
                        <customfieldname>Time in Status</customfieldname>
                        <customfieldvalues>
                            
                        </customfieldvalues>
                    </customfield>
                                    </customfields>
    </item>

<item>
            <title>[WICKET-5447] TableTree&apos;s NodeBorder does not properly close divs</title>
                <link>https://issues.apache.org/jira/browse/WICKET-5447</link>
                <project id="12310561" key="WICKET">Wicket</project>
                    <description>&lt;p&gt;NodeBorder fails to properly close generated &amp;lt;div&amp;gt;s.&lt;/p&gt;</description>
                <environment></environment>
        <key id="12685119">WICKET-5447</key>
            <summary>TableTree&apos;s NodeBorder does not properly close divs</summary>
                <type id="1" iconUrl="https://issues.apache.org/jira/images/icons/issuetypes/bug.png">Bug</type>
                                            <priority id="4" iconUrl="https://issues.apache.org/jira/images/icons/priorities/minor.png">Minor</priority>
                        <status id="5" iconUrl="https://issues.apache.org/jira/images/icons/statuses/resolved.png" description="A resolution has been taken, and it is awaiting verification by reporter. From here issues are either reopened, or are closed.">Resolved</status>
                    <statusCategory id="3" key="done" colorName="green"/>
                                    <resolution id="1">Fixed</resolution>
                                        <assignee username="svenmeier">Sven Meier</assignee>
                                    <reporter username="svenmeier">Sven Meier</reporter>
                        <labels>
                    </labels>
                <created>Tue, 17 Dec 2013 07:45:38 +0000</created>
                <updated>Tue, 17 Dec 2013 07:50:45 +0000</updated>
                            <resolved>Tue, 17 Dec 2013 07:50:45 +0000</resolved>
                                    <version>6.12.0</version>
                    <version>7.0.0-M1</version>
                                    <fixVersion>6.13.0</fixVersion>
                    <fixVersion>7.0.0-M1</fixVersion>
                                    <component>wicket-extensions</component>
                        <due></due>
                            <votes>0</votes>
                                    <watches>1</watches>
                                                                <comments>
                            <comment id="13850210" author="svenmeier" created="Tue, 17 Dec 2013 07:50:45 +0000"  >&lt;p&gt;divs are now closed in #afterRender()&lt;/p&gt;</comment>
                    </comments>
                    <attachments>
                    </attachments>
                <subtasks>
                    </subtasks>
                <customfields>
                                                <customfield id="customfield_12310310" key="com.atlassian.jira.toolkit:attachments">
                        <customfieldname>Attachment count</customfieldname>
                        <customfieldvalues>
                            <customfieldvalue>0.0</customfieldvalue>
                        </customfieldvalues>
                    </customfield>
                                                                                                                                                                                                                                        <customfield id="customfield_12310420" key="com.pyxis.greenhopper.jira:gh-global-rank">
                        <customfieldname>Global Rank</customfieldname>
                        <customfieldvalues>
                            <customfieldvalue>364196</customfieldvalue>
                        </customfieldvalues>
                    </customfield>
                                                                <customfield id="customfield_12311820" key="com.pyxis.greenhopper.jira:gh-lexo-rank">
                        <customfieldname>Rank</customfieldname>
                        <customfieldvalues>
                            <customfieldvalue>0|11qhxc:</customfieldvalue>

                        </customfieldvalues>
                    </customfield>
                                                                <customfield id="customfield_12310920" key="com.pyxis.greenhopper.jira:gh-global-rank">
                        <customfieldname>Rank (Obsolete)</customfieldname>
                        <customfieldvalues>
                            <customfieldvalue>364496</customfieldvalue>
                        </customfieldvalues>
                    </customfield>
                                                                                                                        <customfield id="customfield_12310222" key="com.atlassian.jira.ext.charting:timeinstatus">
                        <customfieldname>Time in Status</customfieldname>
                        <customfieldvalues>
                            
                        </customfieldvalues>
                    </customfield>
                                    </customfields>
    </item>

<item>
            <title>[WICKET-5449] Missing chapter 2 is causing off-by-one page names in the guides URL links</title>
                <link>https://issues.apache.org/jira/browse/WICKET-5449</link>
                <project id="12310561" key="WICKET">Wicket</project>
                    <description>&lt;p&gt;Links in the outline of the guide do not match the actual chapter/section number but they are functional.&lt;/p&gt;

&lt;p&gt;For example take:&lt;br/&gt;
&lt;a href=&quot;http://wicket.apache.org/guide/guide/chapter11.html#chapter11_10&quot; class=&quot;external-link&quot; rel=&quot;nofollow&quot;&gt;http://wicket.apache.org/guide/guide/chapter11.html#chapter11_10&lt;/a&gt;&lt;/p&gt;

&lt;p&gt;I would expect that to take me to chapter 11 section 10, instead it takes me to chapter 12 section 10. &lt;/p&gt;

&lt;p&gt;Looks like this broke with Chapter 2:&lt;br/&gt;
&lt;a href=&quot;http://wicket.apache.org/guide/guide/chapter2.html&quot; class=&quot;external-link&quot; rel=&quot;nofollow&quot;&gt;http://wicket.apache.org/guide/guide/chapter2.html&lt;/a&gt;&lt;/p&gt;

&lt;p&gt;Which is really chapter 3...&lt;/p&gt;</description>
                <environment></environment>
        <key id="12685246">WICKET-5449</key>
            <summary>Missing chapter 2 is causing off-by-one page names in the guides URL links</summary>
                <type id="1" iconUrl="https://issues.apache.org/jira/images/icons/issuetypes/bug.png">Bug</type>
                                            <priority id="4" iconUrl="https://issues.apache.org/jira/images/icons/priorities/minor.png">Minor</priority>
                        <status id="5" iconUrl="https://issues.apache.org/jira/images/icons/statuses/resolved.png" description="A resolution has been taken, and it is awaiting verification by reporter. From here issues are either reopened, or are closed.">Resolved</status>
                    <statusCategory id="3" key="done" colorName="green"/>
                                    <resolution id="1">Fixed</resolution>
                                        <assignee username="mgrigorov">Martin Grigorov</assignee>
                                    <reporter username="paulbors">Paul Bors</reporter>
                        <labels>
                    </labels>
                <created>Tue, 17 Dec 2013 20:49:00 +0000</created>
                <updated>Tue, 28 Jan 2014 14:03:23 +0000</updated>
                            <resolved>Tue, 28 Jan 2014 14:03:23 +0000</resolved>
                                    <version>6.12.0</version>
                                    <fixVersion>6.14.0</fixVersion>
                                    <component>guide</component>
                        <due></due>
                            <votes>0</votes>
                                    <watches>2</watches>
                                                                <comments>
                            <comment id="13850883" author="paulbors" created="Tue, 17 Dec 2013 20:51:04 +0000"  >&lt;p&gt;It might be a naming convention here, Chapter 2 is not missing its URL is:&lt;br/&gt;
&lt;a href=&quot;http://wicket.apache.org/guide/guide/howToSource.html&quot; class=&quot;external-link&quot; rel=&quot;nofollow&quot;&gt;http://wicket.apache.org/guide/guide/howToSource.html&lt;/a&gt;&lt;/p&gt;

&lt;p&gt;Perhaps it should have been:&lt;br/&gt;
&lt;a href=&quot;http://wicket.apache.org/guide/guide/chapter2.html&quot; class=&quot;external-link&quot; rel=&quot;nofollow&quot;&gt;http://wicket.apache.org/guide/guide/chapter2.html&lt;/a&gt; and have howToSource.html be a redirect to chapter2.html?&lt;/p&gt;</comment>
                            <comment id="13850895" author="paulbors" created="Tue, 17 Dec 2013 20:58:29 +0000"  >&lt;p&gt;Is the guide&apos;s source code in GitHub?&lt;/p&gt;</comment>
                            <comment id="13850916" author="mgrigorov" created="Tue, 17 Dec 2013 21:13:20 +0000"  >&lt;p&gt;See &lt;a href=&quot;http://wicket.apache.org/guide/guide/chapter26.html&quot; class=&quot;external-link&quot; rel=&quot;nofollow&quot;&gt;http://wicket.apache.org/guide/guide/chapter26.html&lt;/a&gt;&lt;/p&gt;</comment>
                            <comment id="13851028" author="paulbors" created="Tue, 17 Dec 2013 22:43:59 +0000"  >&lt;p&gt;You mean Chapter 27 &lt;img class=&quot;emoticon&quot; src=&quot;https://issues.apache.org/jira/images/icons/emoticons/smile.gif&quot; height=&quot;16&quot; width=&quot;16&quot; align=&quot;absmiddle&quot; alt=&quot;&quot; border=&quot;0&quot;/&gt;&lt;/p&gt;

&lt;p&gt;Thanks, I&apos;ll take a look at it and try to fix it when I get some spare time.&lt;/p&gt;</comment>
                            <comment id="13884160" author="mgrigorov" created="Tue, 28 Jan 2014 14:03:23 +0000"  >&lt;p&gt;I&apos;ve renamed all &apos;chapterXY&apos; files to &apos;somethingMeaningful&apos;.&lt;br/&gt;
This way the chapter number won&apos;t be shown in the url and be different than the generated one.&lt;/p&gt;

&lt;p&gt;Also this way it will be simpler to insert new chapters/pages somewhere in the middle of the existing docs.&lt;/p&gt;

&lt;p&gt;The only thing that we should be careful about is that we use &apos;chapter x.y&apos; as text for the links inside the content and those can easily get out of date when inserting new chapter/page. We should rename these to &apos;something meaningful&apos; as well at some point.&lt;/p&gt;</comment>
                    </comments>
                    <attachments>
                    </attachments>
                <subtasks>
                    </subtasks>
                <customfields>
                                                <customfield id="customfield_12310310" key="com.atlassian.jira.toolkit:attachments">
                        <customfieldname>Attachment count</customfieldname>
                        <customfieldvalues>
                            <customfieldvalue>0.0</customfieldvalue>
                        </customfieldvalues>
                    </customfield>
                                                                                                                        <customfield id="customfield_12310220" key="com.atlassian.jira.ext.charting:firstresponsedate">
                        <customfieldname>Date of First Response</customfieldname>
                        <customfieldvalues>
                            <customfieldvalue>Tue, 17 Dec 2013 21:13:20 +0000</customfieldvalue>

                        </customfieldvalues>
                    </customfield>
                                                                                                                                                    <customfield id="customfield_12310420" key="com.pyxis.greenhopper.jira:gh-global-rank">
                        <customfieldname>Global Rank</customfieldname>
                        <customfieldvalues>
                            <customfieldvalue>364323</customfieldvalue>
                        </customfieldvalues>
                    </customfield>
                                                                <customfield id="customfield_12311820" key="com.pyxis.greenhopper.jira:gh-lexo-rank">
                        <customfieldname>Rank</customfieldname>
                        <customfieldvalues>
                            <customfieldvalue>0|11qipk:</customfieldvalue>

                        </customfieldvalues>
                    </customfield>
                                                                <customfield id="customfield_12310920" key="com.pyxis.greenhopper.jira:gh-global-rank">
                        <customfieldname>Rank (Obsolete)</customfieldname>
                        <customfieldvalues>
                            <customfieldvalue>364623</customfieldvalue>
                        </customfieldvalues>
                    </customfield>
                                                                                                                        <customfield id="customfield_12310222" key="com.atlassian.jira.ext.charting:timeinstatus">
                        <customfieldname>Time in Status</customfieldname>
                        <customfieldvalues>
                            
                        </customfieldvalues>
                    </customfield>
                                    </customfields>
    </item>

<item>
            <title>[WICKET-5450] Double escaping when using EnumChoiceRenderer and DropDownChoice</title>
                <link>https://issues.apache.org/jira/browse/WICKET-5450</link>
                <project id="12310561" key="WICKET">Wicket</project>
                    <description>&lt;p&gt;From my post on the dev@ list:&lt;/p&gt;

&lt;p&gt;Currently, EnumChoiceRenderer escapes the value via the postprocess method.&lt;/p&gt;

&lt;p&gt;It seems to be redundant with the fact that DropDownChoice already&lt;br/&gt;
escapes the value by default (in AbstractChoice).&lt;/p&gt;

&lt;p&gt;Typically, in a default setup, if you use EnumChoiceRenderer and&lt;br/&gt;
DropDownChoice together, your value is escaped twice which leads to a&lt;br/&gt;
double escaped value.&lt;/p&gt;

&lt;p&gt;Should I open a JIRA so that we remove the escaping of EnumChoiceRenderer?&lt;/p&gt;

&lt;p&gt;References:&lt;br/&gt;
&lt;a href=&quot;https://github.com/apache/wicket/blob/master/wicket-core/src/main/java/org/apache/wicket/markup/html/form/EnumChoiceRenderer.java#L111&quot; class=&quot;external-link&quot; rel=&quot;nofollow&quot;&gt;https://github.com/apache/wicket/blob/master/wicket-core/src/main/java/org/apache/wicket/markup/html/form/EnumChoiceRenderer.java#L111&lt;/a&gt;&lt;br/&gt;
&lt;a href=&quot;https://github.com/apache/wicket/blob/master/wicket-core/src/main/java/org/apache/wicket/markup/html/form/AbstractChoice.java#L402&quot; class=&quot;external-link&quot; rel=&quot;nofollow&quot;&gt;https://github.com/apache/wicket/blob/master/wicket-core/src/main/java/org/apache/wicket/markup/html/form/AbstractChoice.java#L402&lt;/a&gt;&lt;/p&gt;</description>
                <environment></environment>
        <key id="12685252">WICKET-5450</key>
            <summary>Double escaping when using EnumChoiceRenderer and DropDownChoice</summary>
                <type id="1" iconUrl="https://issues.apache.org/jira/images/icons/issuetypes/bug.png">Bug</type>
                                            <priority id="3" iconUrl="https://issues.apache.org/jira/images/icons/priorities/major.png">Major</priority>
                        <status id="5" iconUrl="https://issues.apache.org/jira/images/icons/statuses/resolved.png" description="A resolution has been taken, and it is awaiting verification by reporter. From here issues are either reopened, or are closed.">Resolved</status>
                    <statusCategory id="3" key="done" colorName="green"/>
                                    <resolution id="1">Fixed</resolution>
                                        <assignee username="mgrigorov">Martin Grigorov</assignee>
                                    <reporter username="gsmet">Guillaume Smet</reporter>
                        <labels>
                    </labels>
                <created>Tue, 17 Dec 2013 21:07:08 +0000</created>
                <updated>Wed, 18 Dec 2013 09:24:18 +0000</updated>
                            <resolved>Wed, 18 Dec 2013 09:14:26 +0000</resolved>
                                    <version>6.12.0</version>
                                    <fixVersion>6.13.0</fixVersion>
                    <fixVersion>7.0.0-M1</fixVersion>
                                    <component>wicket</component>
                        <due></due>
                            <votes>0</votes>
                                    <watches>2</watches>
                                                                <comments>
                            <comment id="13851510" author="mgrigorov" created="Wed, 18 Dec 2013 09:14:26 +0000"  >&lt;p&gt;Removed the escaping.&lt;br/&gt;
The #postprocess() method is preserved, so the application can override it and revert to the old behavior.&lt;/p&gt;</comment>
                            <comment id="13851519" author="gsmet" created="Wed, 18 Dec 2013 09:24:18 +0000"  >&lt;p&gt;Thanks Martin!&lt;/p&gt;</comment>
                    </comments>
                    <attachments>
                    </attachments>
                <subtasks>
                    </subtasks>
                <customfields>
                                                <customfield id="customfield_12310310" key="com.atlassian.jira.toolkit:attachments">
                        <customfieldname>Attachment count</customfieldname>
                        <customfieldvalues>
                            <customfieldvalue>0.0</customfieldvalue>
                        </customfieldvalues>
                    </customfield>
                                                                                                                        <customfield id="customfield_12310220" key="com.atlassian.jira.ext.charting:firstresponsedate">
                        <customfieldname>Date of First Response</customfieldname>
                        <customfieldvalues>
                            <customfieldvalue>Wed, 18 Dec 2013 09:14:26 +0000</customfieldvalue>

                        </customfieldvalues>
                    </customfield>
                                                                                                                                                    <customfield id="customfield_12310420" key="com.pyxis.greenhopper.jira:gh-global-rank">
                        <customfieldname>Global Rank</customfieldname>
                        <customfieldvalues>
                            <customfieldvalue>364329</customfieldvalue>
                        </customfieldvalues>
                    </customfield>
                                                                <customfield id="customfield_12311820" key="com.pyxis.greenhopper.jira:gh-lexo-rank">
                        <customfieldname>Rank</customfieldname>
                        <customfieldvalues>
                            <customfieldvalue>0|11qiqw:</customfieldvalue>

                        </customfieldvalues>
                    </customfield>
                                                                <customfield id="customfield_12310920" key="com.pyxis.greenhopper.jira:gh-global-rank">
                        <customfieldname>Rank (Obsolete)</customfieldname>
                        <customfieldvalues>
                            <customfieldvalue>364629</customfieldvalue>
                        </customfieldvalues>
                    </customfield>
                                                                                                                        <customfield id="customfield_12310222" key="com.atlassian.jira.ext.charting:timeinstatus">
                        <customfieldname>Time in Status</customfieldname>
                        <customfieldvalues>
                            
                        </customfieldvalues>
                    </customfield>
                                    </customfields>
    </item>

<item>
            <title>[WICKET-5453] Jetty 9.1.0 has its own UpgradeFilter, use it</title>
                <link>https://issues.apache.org/jira/browse/WICKET-5453</link>
                <project id="12310561" key="WICKET">Wicket</project>
                    <description>&lt;p&gt;In a recent stackoverflow question ..&lt;/p&gt;

&lt;p&gt;&lt;a href=&quot;http://stackoverflow.com/questions/20661139/websocket-timeout-with-apache-wicket-and-embedded-jetty&quot; class=&quot;external-link&quot; rel=&quot;nofollow&quot;&gt;http://stackoverflow.com/questions/20661139/websocket-timeout-with-apache-wicket-and-embedded-jetty&lt;/a&gt;&lt;/p&gt;

&lt;p&gt;I noticed a reference to a class called Jetty9WebSocketFilter&lt;/p&gt;

&lt;p&gt;Starting in Jetty 9.1.0, a filter for websocket upgrade ships with Jetty.&lt;/p&gt;

&lt;p&gt;See answer (with example code):&lt;/p&gt;

&lt;p&gt;&lt;a href=&quot;http://stackoverflow.com/a/20663447/775715&quot; class=&quot;external-link&quot; rel=&quot;nofollow&quot;&gt;http://stackoverflow.com/a/20663447/775715&lt;/a&gt;&lt;/p&gt;</description>
                <environment></environment>
        <key id="12685456">WICKET-5453</key>
            <summary>Jetty 9.1.0 has its own UpgradeFilter, use it</summary>
                <type id="1" iconUrl="https://issues.apache.org/jira/images/icons/issuetypes/bug.png">Bug</type>
                                            <priority id="4" iconUrl="https://issues.apache.org/jira/images/icons/priorities/minor.png">Minor</priority>
                        <status id="5" iconUrl="https://issues.apache.org/jira/images/icons/statuses/resolved.png" description="A resolution has been taken, and it is awaiting verification by reporter. From here issues are either reopened, or are closed.">Resolved</status>
                    <statusCategory id="3" key="done" colorName="green"/>
                                    <resolution id="1">Fixed</resolution>
                                        <assignee username="mgrigorov">Martin Grigorov</assignee>
                                    <reporter username="joakime">Joakim Erdfelt</reporter>
                        <labels>
                    </labels>
                <created>Wed, 18 Dec 2013 20:35:55 +0000</created>
                <updated>Fri, 31 Jan 2014 09:39:02 +0000</updated>
                            <resolved>Fri, 31 Jan 2014 09:39:02 +0000</resolved>
                                    <version>7.0.0-M1</version>
                                    <fixVersion>7.0.0-M1</fixVersion>
                                    <component>wicket-native-websocket</component>
                        <due></due>
                            <votes>0</votes>
                                    <watches>2</watches>
                                                                <comments>
                            <comment id="13852902" author="mgrigorov" created="Thu, 19 Dec 2013 13:53:10 +0000"  >&lt;p&gt;Thanks for letting us know!&lt;br/&gt;
But unfortunately it is not that simple. &lt;/p&gt;

&lt;p&gt;1) -jetty9 module is used for Jetty 9.0.x, so WebSocketUpgradeFilter is not available&lt;br/&gt;
For Jetty 9.1.+ we use the standard JSR 356 APIs - &lt;a href=&quot;https://github.com/apache/wicket/tree/master/wicket-experimental/wicket-native-websocket/wicket-native-websocket-javax&quot; class=&quot;external-link&quot; rel=&quot;nofollow&quot;&gt;https://github.com/apache/wicket/tree/master/wicket-experimental/wicket-native-websocket/wicket-native-websocket-javax&lt;/a&gt;&lt;br/&gt;
At the moment Tomcat 7.0.47+/8.x and Jetty 9.1.x are supported by this module. We cannot depend on container specifics here.&lt;/p&gt;

&lt;p&gt;2) It is not easy to use normal servlet filter chaining because we need functionality/information from both Jetty/Tomcat/... and WicketFilter.&lt;br/&gt;
See &lt;a href=&quot;https://github.com/apache/wicket/blob/master/wicket-experimental/wicket-native-websocket/wicket-native-websocket-core/src/main/java/org/apache/wicket/protocol/ws/AbstractUpgradeFilter.java?source=c#L75&quot; class=&quot;external-link&quot; rel=&quot;nofollow&quot;&gt;https://github.com/apache/wicket/blob/master/wicket-experimental/wicket-native-websocket/wicket-native-websocket-core/src/main/java/org/apache/wicket/protocol/ws/AbstractUpgradeFilter.java?source=c#L75&lt;/a&gt;&lt;br/&gt;
It has some code that I copied from Jetty 7/8 and Tomcat 7 to be able to check whether this is a WebSocket connection.&lt;br/&gt;
It would be much better for integrations like Wicket&apos;s Native WebSocket if the web container provided helper classes/methods that check this info and return a result. Since I wasn&apos;t able to reuse Jetty/Tomcat&apos;s WebSocketServlet I had to copy this code locally :-/ &lt;/p&gt;</comment>
                            <comment id="13853453" author="joakime" created="Thu, 19 Dec 2013 23:23:27 +0000"  >&lt;p&gt;Tis a shame.&lt;/p&gt;

&lt;p&gt;Well, know that the original point of the question on stackoverflow had to do with idle timeout.&lt;br/&gt;
The answer there has been updated with some specifics about how idle timeout works on jetty.&lt;/p&gt;

&lt;p&gt;We like the JSR 356 apis, they are a great step towards standardization. +1 for that.&lt;br/&gt;
However, the JSR 356 spec and API are missing various things that are proving to be difficult for some users.&lt;/p&gt;

&lt;p&gt;Some gotchas:&lt;/p&gt;

&lt;ul&gt;
	&lt;li&gt;ServerEndpointConfig.Configurator execution order is undetermined.  tomcat / jetty / tyrus / grizzly all do it differently.&lt;/li&gt;
	&lt;li&gt;ServerEndpointConfig.Configurator instantiation is undetermined. jetty uses 1 instance per endpoint, tyrus / grizzly seem to create a new instance per session ( which complicates / prevents singleton endpoint use in Configurator.getEndpointInstance() )&lt;/li&gt;
	&lt;li&gt;connectToServer() has no connect timeouts&lt;/li&gt;
	&lt;li&gt;no rules on combined use of RemoteEndpoint.Basic + RemoteEndpoint.Async&lt;/li&gt;
	&lt;li&gt;if implementation queues frames in RemoteEndpoint.Async and a queue full occurs, it has to fail the .send() calls via the future or sendhandler, not via a runtime exception (as any extensions will sit between the queue and the send call).  If a single message results in multiple frames in the queue, some frames might be ok, but a later one might fail, making the entire stream invalid at this point.   This means the only safe thing to do on RemoteEndpoint.Async.send() calls and a full queue is to fail the message and then force close the session.&lt;/li&gt;
&lt;/ul&gt;


&lt;p&gt;Hopefully these kinds of quirks and undetermined behavior will be addressed in a future revision of JSR 356.&lt;/p&gt;</comment>
                            <comment id="13853455" author="joakime" created="Thu, 19 Dec 2013 23:28:29 +0000"  >&lt;p&gt;Looking at your WicketFilter.&lt;/p&gt;

&lt;p&gt;You might have problems with that in the future, as Servlet 3.1 has its own Upgrade mechanism and rules.&lt;br/&gt;
Those requests will not be passed through a filter or servlet if upgraded by the implementation automatically.&lt;br/&gt;
Jetty&apos;s 9.1 native websockets is moving to this approach to conform to the Servlet 3.1 spec more properly.&lt;/p&gt;</comment>
                            <comment id="13853464" author="joakime" created="Thu, 19 Dec 2013 23:36:50 +0000"  >&lt;p&gt;Some more points of concern with WicketFilter ...&lt;/p&gt;

&lt;p&gt;Chrome 32 (due out soon) is more strict on Subprotocol validation.&lt;br/&gt;
If a request from a client contains a Sec-WebSocket-Protocol then the server &lt;b&gt;MUST&lt;/b&gt; respond with one of the provided protocols or fail the upgrade.&lt;/p&gt;

&lt;p&gt;RFC 6455 - Section 4.4 / &lt;a href=&quot;http://tools.ietf.org/html/rfc6455#section-4.4&quot; class=&quot;external-link&quot; rel=&quot;nofollow&quot;&gt;http://tools.ietf.org/html/rfc6455#section-4.4&lt;/a&gt;&lt;br/&gt;
If you have a Sec-WebSocket-Version header, but it doesn&apos;t contain version 13 then you should respond with error 400.&lt;br/&gt;
I know that section 4.2.2 says you can optionally choose to send response code 426 (but few websocket clients support that properly as that response code is not part of RFC 2616 spec)&lt;/p&gt;

&lt;p&gt;You should also detect Sec-WebSocket-Draft and Sec-WebSocket-Key1/Sec-WebSocket-Key2 headers to give proper errors for Safari 5.x (either from OSX or IOS) or Flash clients.&lt;/p&gt;</comment>
                            <comment id="13871826" author="mgrigorov" created="Wed, 15 Jan 2014 09:06:39 +0000"  >&lt;p&gt;&lt;a href=&quot;https://issues.apache.org/jira/secure/ViewProfile.jspa?name=joakime&quot; class=&quot;user-hover&quot; rel=&quot;joakime&quot;&gt;Joakim Erdfelt&lt;/a&gt; Pull requests or directions how to improve/fix any of these issue will be highly appreciated!&lt;/p&gt;</comment>
                            <comment id="13886451" author="mgrigorov" created="Thu, 30 Jan 2014 09:50:28 +0000"  >&lt;p&gt;Reworked JSR356 integration to be based on ServerApplicationConfig and tested it with Servlet 3.1 web containers (Tomcat 8.0.1 and Jetty 9.1.1).&lt;br/&gt;
This overcome the previous problem with Glassfish but then I hit two new bugs so it still doesn&apos;t work ..&lt;/p&gt;

&lt;p&gt;Additionally tested the problem with Sec-WebSocket-Protocol with Chrome 32 (there was a fix required in Tomcat 8.0.0, thus 8.0.1). Works fine with Jetty 9.0.7 and 9.1.1.&lt;/p&gt;

&lt;p&gt;There returned error code for Sec-WebSocket-Version is changed to 400 as suggested.&lt;/p&gt;

&lt;p&gt;I didn&apos;t work on the problems with Sec-WebSocket-Draft because I have no iWidgets around.&lt;/p&gt;


&lt;p&gt;So the only thing that left here is the configurability problem. Looking at Jetty&apos;s sources I think it is possible to do something like:&lt;/p&gt;

&lt;p&gt;WebSocketServerContainerInitializer.configureContext(webAppContext);&lt;br/&gt;
WebSocketUpgradeFilter upgradeFilter = &lt;br/&gt;
         (WebSocketUpgradeFilter) webAppContext.getAttribute(WebSocketUpgradeFilter.class.getName());&lt;br/&gt;
upgradeFilter.getFactory().getPolicy().setIdleTimeout(5000);&lt;/p&gt;

&lt;p&gt;before starting the Server instance.&lt;/p&gt;

&lt;p&gt;&lt;a href=&quot;https://issues.apache.org/jira/secure/ViewProfile.jspa?name=joakime&quot; class=&quot;user-hover&quot; rel=&quot;joakime&quot;&gt;Joakim Erdfelt&lt;/a&gt; Is this OK ?&lt;/p&gt;</comment>
                            <comment id="13887021" author="joakime" created="Thu, 30 Jan 2014 20:32:17 +0000"  >&lt;p&gt;That code snippet is sane.&lt;br/&gt;
Yes, that would set the idle timeout.&lt;/p&gt;

&lt;p&gt;But I have to ask, since you have ServerApplicationConfig, and you are apparently using JSR-356, why not just use the JSR-356 techniques?&lt;/p&gt;

&lt;p&gt;Example:&lt;/p&gt;

&lt;p&gt;Using a &lt;tt&gt;ServletContainerInitializer&lt;/tt&gt; you could ...&lt;/p&gt;

&lt;div class=&quot;code panel&quot; style=&quot;border-width: 1px;&quot;&gt;&lt;div class=&quot;codeContent panelContent&quot;&gt;
&lt;pre class=&quot;code-java&quot;&gt;
    pubilc void onStartup(Set&amp;lt;&lt;span class=&quot;code-object&quot;&gt;Class&lt;/span&gt;&amp;lt;?&amp;gt;&amp;gt; c, ServletContext ctx) &lt;span class=&quot;code-keyword&quot;&gt;throws&lt;/span&gt; ServletException
    {
        ServerContainer wsContainer = (ServerContainer) ctx.getAttribute(&lt;span class=&quot;code-quote&quot;&gt;&quot;javax.websocket.server.ServerContainer&quot;&lt;/span&gt;);
        wsContainer.setDefaultMaxSessionIdleTimeout(5000);
    }
&lt;/pre&gt;
&lt;/div&gt;&lt;/div&gt;

&lt;p&gt;I would expect that to be the same behavior.&lt;/p&gt;
</comment>
                            <comment id="13887591" author="mgrigorov" created="Fri, 31 Jan 2014 09:39:02 +0000"  >&lt;p&gt;This looks like the best solution.&lt;br/&gt;
Every application can provide its own implementation of ServletContainerInitializer and configure whatever is needed for its specific use cases.&lt;/p&gt;

&lt;p&gt;Thanks for your help!&lt;/p&gt;</comment>
                    </comments>
                    <attachments>
                    </attachments>
                <subtasks>
                    </subtasks>
                <customfields>
                                                <customfield id="customfield_12310310" key="com.atlassian.jira.toolkit:attachments">
                        <customfieldname>Attachment count</customfieldname>
                        <customfieldvalues>
                            <customfieldvalue>0.0</customfieldvalue>
                        </customfieldvalues>
                    </customfield>
                                                                                                                        <customfield id="customfield_12310220" key="com.atlassian.jira.ext.charting:firstresponsedate">
                        <customfieldname>Date of First Response</customfieldname>
                        <customfieldvalues>
                            <customfieldvalue>Thu, 19 Dec 2013 13:53:10 +0000</customfieldvalue>

                        </customfieldvalues>
                    </customfield>
                                                                                                                                                    <customfield id="customfield_12310420" key="com.pyxis.greenhopper.jira:gh-global-rank">
                        <customfieldname>Global Rank</customfieldname>
                        <customfieldvalues>
                            <customfieldvalue>364533</customfieldvalue>
                        </customfieldvalues>
                    </customfield>
                                                                <customfield id="customfield_12311820" key="com.pyxis.greenhopper.jira:gh-lexo-rank">
                        <customfieldname>Rank</customfieldname>
                        <customfieldvalues>
                            <customfieldvalue>0|11qk08:</customfieldvalue>

                        </customfieldvalues>
                    </customfield>
                                                                <customfield id="customfield_12310920" key="com.pyxis.greenhopper.jira:gh-global-rank">
                        <customfieldname>Rank (Obsolete)</customfieldname>
                        <customfieldvalues>
                            <customfieldvalue>364833</customfieldvalue>
                        </customfieldvalues>
                    </customfield>
                                                                                                                        <customfield id="customfield_12310222" key="com.atlassian.jira.ext.charting:timeinstatus">
                        <customfieldname>Time in Status</customfieldname>
                        <customfieldvalues>
                            
                        </customfieldvalues>
                    </customfield>
                                    </customfields>
    </item>

<item>
            <title>[WICKET-5457] Problem with nested InlineEnclosures</title>
                <link>https://issues.apache.org/jira/browse/WICKET-5457</link>
                <project id="12310561" key="WICKET">Wicket</project>
                    <description>&lt;p&gt;Nested InlineEnclosures do not work. InlineEnclosures also have problems on pages that use wicket:extend and wicket:child. This issue is a continuation of issues &lt;a href=&quot;https://issues.apache.org/jira/browse/WICKET-3947&quot; title=&quot;Inline Enclosure does not work properly when using wicket:extend and wicket:child&quot; class=&quot;issue-link&quot; data-issue-key=&quot;WICKET-3947&quot;&gt;&lt;del&gt;WICKET-3947&lt;/del&gt;&lt;/a&gt; and &lt;a href=&quot;https://issues.apache.org/jira/browse/WICKET-4700&quot; title=&quot;Inline enclosures and isVisibleInHierarchy&quot; class=&quot;issue-link&quot; data-issue-key=&quot;WICKET-4700&quot;&gt;&lt;del&gt;WICKET-4700&lt;/del&gt;&lt;/a&gt;. They are both marked as duplicates for issue &lt;a href=&quot;https://issues.apache.org/jira/browse/WICKET-4874&quot; title=&quot;&amp;quot;Cannot find element with id&amp;quot; error seen in Ajax Debug for child of wicket:enclosure&quot; class=&quot;issue-link&quot; data-issue-key=&quot;WICKET-4874&quot;&gt;&lt;del&gt;WICKET-4874&lt;/del&gt;&lt;/a&gt; that has been open for over a year. The problem still exists on latest 1.6.x branch.&lt;/p&gt;

&lt;p&gt;A patch for similar problem in 1.4 branch can be found in &lt;a href=&quot;https://issues.apache.org/jira/browse/WICKET-5458&quot; title=&quot;Problems with nested InlineEnclosures and InlineEnclosures on pages with inherited markup&quot; class=&quot;issue-link&quot; data-issue-key=&quot;WICKET-5458&quot;&gt;&lt;del&gt;WICKET-5458&lt;/del&gt;&lt;/a&gt;.&lt;/p&gt;</description>
                <environment></environment>
        <key id="12686606">WICKET-5457</key>
            <summary>Problem with nested InlineEnclosures</summary>
                <type id="1" iconUrl="https://issues.apache.org/jira/images/icons/issuetypes/bug.png">Bug</type>
                                            <priority id="3" iconUrl="https://issues.apache.org/jira/images/icons/priorities/major.png">Major</priority>
                        <status id="5" iconUrl="https://issues.apache.org/jira/images/icons/statuses/resolved.png" description="A resolution has been taken, and it is awaiting verification by reporter. From here issues are either reopened, or are closed.">Resolved</status>
                    <statusCategory id="3" key="done" colorName="green"/>
                                    <resolution id="1">Fixed</resolution>
                                        <assignee username="mgrigorov">Martin Grigorov</assignee>
                                    <reporter username="kaakku">Anssi Luukkonen</reporter>
                        <labels>
                            <label>enclosure</label>
                    </labels>
                <created>Sat, 28 Dec 2013 09:54:01 +0000</created>
                <updated>Wed, 5 Mar 2014 09:54:25 +0000</updated>
                            <resolved>Wed, 5 Mar 2014 09:54:25 +0000</resolved>
                                    <version>6.13.0</version>
                                    <fixVersion>7.0.0-M1</fixVersion>
                                    <component>wicket</component>
                        <due></due>
                            <votes>4</votes>
                                    <watches>7</watches>
                                                                <comments>
                            <comment id="13857992" author="kaakku" created="Sat, 28 Dec 2013 09:55:53 +0000"  >&lt;p&gt;This quick start demonstrates the problem.&lt;/p&gt;</comment>
                            <comment id="13920705" author="mgrigorov" created="Wed, 5 Mar 2014 09:54:25 +0000"  >&lt;p&gt;The quickstart was a bit broken - it had to use .setOutputMarkupPlaceholderTag(true) instead of .setOutputMarkupId(true) for the labels.&lt;br/&gt;
But even with this correction hiding label1 didn&apos;t hide the inner inline enclosure, i.e. label2 was still visible.&lt;/p&gt;

&lt;p&gt;The problem is fixed by using the new queueing functionality in Wicket 7 - &lt;a href=&quot;https://www.42lines.net/2014/02/28/component-queueing-in-wicket-7/&quot; class=&quot;external-link&quot; rel=&quot;nofollow&quot;&gt;https://www.42lines.net/2014/02/28/component-queueing-in-wicket-7/&lt;/a&gt;&lt;/p&gt;</comment>
                    </comments>
                    <attachments>
                            <attachment id="12620726" name="Quickstart  WICKET-5457.zip" size="23005" author="kaakku" created="Sat, 28 Dec 2013 09:55:53 +0000"/>
                    </attachments>
                <subtasks>
                    </subtasks>
                <customfields>
                                                <customfield id="customfield_12310310" key="com.atlassian.jira.toolkit:attachments">
                        <customfieldname>Attachment count</customfieldname>
                        <customfieldvalues>
                            <customfieldvalue>1.0</customfieldvalue>
                        </customfieldvalues>
                    </customfield>
                                                                                                                        <customfield id="customfield_12310220" key="com.atlassian.jira.ext.charting:firstresponsedate">
                        <customfieldname>Date of First Response</customfieldname>
                        <customfieldvalues>
                            <customfieldvalue>Wed, 5 Mar 2014 09:54:25 +0000</customfieldvalue>

                        </customfieldvalues>
                    </customfield>
                                                                                                                                                    <customfield id="customfield_12310420" key="com.pyxis.greenhopper.jira:gh-global-rank">
                        <customfieldname>Global Rank</customfieldname>
                        <customfieldvalues>
                            <customfieldvalue>365597</customfieldvalue>
                        </customfieldvalues>
                    </customfield>
                                                                <customfield id="customfield_12311820" key="com.pyxis.greenhopper.jira:gh-lexo-rank">
                        <customfieldname>Rank</customfieldname>
                        <customfieldvalues>
                            <customfieldvalue>0|11qqm8:</customfieldvalue>

                        </customfieldvalues>
                    </customfield>
                                                                <customfield id="customfield_12310920" key="com.pyxis.greenhopper.jira:gh-global-rank">
                        <customfieldname>Rank (Obsolete)</customfieldname>
                        <customfieldvalues>
                            <customfieldvalue>365904</customfieldvalue>
                        </customfieldvalues>
                    </customfield>
                                                                                                                        <customfield id="customfield_12310222" key="com.atlassian.jira.ext.charting:timeinstatus">
                        <customfieldname>Time in Status</customfieldname>
                        <customfieldvalues>
                            
                        </customfieldvalues>
                    </customfield>
                                    </customfields>
    </item>

<item>
            <title>[WICKET-5458] Problems with nested InlineEnclosures and InlineEnclosures on pages with inherited markup</title>
                <link>https://issues.apache.org/jira/browse/WICKET-5458</link>
                <project id="12310561" key="WICKET">Wicket</project>
                    <description>&lt;p&gt;This issue is a continuation of cases &lt;a href=&quot;https://issues.apache.org/jira/browse/WICKET-3947&quot; title=&quot;Inline Enclosure does not work properly when using wicket:extend and wicket:child&quot; class=&quot;issue-link&quot; data-issue-key=&quot;WICKET-3947&quot;&gt;&lt;del&gt;WICKET-3947&lt;/del&gt;&lt;/a&gt; and &lt;a href=&quot;https://issues.apache.org/jira/browse/WICKET-4700&quot; title=&quot;Inline enclosures and isVisibleInHierarchy&quot; class=&quot;issue-link&quot; data-issue-key=&quot;WICKET-4700&quot;&gt;&lt;del&gt;WICKET-4700&lt;/del&gt;&lt;/a&gt;. InlineEnclosures have problems especially in 1.4.x branch. InlineEnclosures do not function on pages that use wicket:extend and wicket:child. Also nested InlineEnclosures and components inside InlineEnclosures have problems with Ajax.&lt;/p&gt;

&lt;p&gt;There is also another problem with InlineEnclosures in 1.4.x branch. If InlineEnclosures are used on a page that is not cached (i.e. page that implements IMarkupCacheKeyProvider with method getCacheKey returning null), InlineEnclosures will get new id in markup every time page is reloaded. As a result markup is not found for InlineEnclosures previously added to the page, as they have ids that were generated first time the page was loaded.&lt;/p&gt;</description>
                <environment></environment>
        <key id="12686607">WICKET-5458</key>
            <summary>Problems with nested InlineEnclosures and InlineEnclosures on pages with inherited markup</summary>
                <type id="1" iconUrl="https://issues.apache.org/jira/images/icons/issuetypes/bug.png">Bug</type>
                                            <priority id="3" iconUrl="https://issues.apache.org/jira/images/icons/priorities/major.png">Major</priority>
                        <status id="5" iconUrl="https://issues.apache.org/jira/images/icons/statuses/resolved.png" description="A resolution has been taken, and it is awaiting verification by reporter. From here issues are either reopened, or are closed.">Resolved</status>
                    <statusCategory id="3" key="done" colorName="green"/>
                                    <resolution id="2">Won&apos;t Fix</resolution>
                                        <assignee username="-1">Unassigned</assignee>
                                    <reporter username="kaakku">Anssi Luukkonen</reporter>
                        <labels>
                            <label>enclosure</label>
                    </labels>
                <created>Sat, 28 Dec 2013 10:05:37 +0000</created>
                <updated>Wed, 5 Mar 2014 09:12:49 +0000</updated>
                            <resolved>Wed, 5 Mar 2014 09:12:49 +0000</resolved>
                                    <version>1.4.22</version>
                                                    <component>wicket</component>
                        <due></due>
                            <votes>4</votes>
                                    <watches>6</watches>
                                                                <comments>
                            <comment id="13857993" author="kaakku" created="Sat, 28 Dec 2013 10:08:31 +0000"  >&lt;p&gt;This patch corrects in the 1.4.x branch the problem that is shown for example by test TogglePageTests#testTogglingExtendedNestedInlineEnclosures. It puts together tests in the two patches of the case &lt;a href=&quot;https://issues.apache.org/jira/browse/WICKET-3947&quot; title=&quot;Inline Enclosure does not work properly when using wicket:extend and wicket:child&quot; class=&quot;issue-link&quot; data-issue-key=&quot;WICKET-3947&quot;&gt;&lt;del&gt;WICKET-3947&lt;/del&gt;&lt;/a&gt; and a patch in the case &lt;a href=&quot;https://issues.apache.org/jira/browse/WICKET-4700&quot; title=&quot;Inline enclosures and isVisibleInHierarchy&quot; class=&quot;issue-link&quot; data-issue-key=&quot;WICKET-4700&quot;&gt;&lt;del&gt;WICKET-4700&lt;/del&gt;&lt;/a&gt; to demonstrate the problem. It also includes a slightly modified version of the fix that is introduced in a patch by Veikko T&#246;rm&#228;nen in &lt;a href=&quot;https://issues.apache.org/jira/browse/WICKET-3947&quot; title=&quot;Inline Enclosure does not work properly when using wicket:extend and wicket:child&quot; class=&quot;issue-link&quot; data-issue-key=&quot;WICKET-3947&quot;&gt;&lt;del&gt;WICKET-3947&lt;/del&gt;&lt;/a&gt;. This fix seems to eliminate the problem as all the tests are passed after the patch.&lt;/p&gt;

&lt;p&gt;Note! Same or similar problem still exists in the Wicket 6 branch, see &lt;a href=&quot;https://issues.apache.org/jira/browse/WICKET-5457&quot; title=&quot;Problem with nested InlineEnclosures&quot; class=&quot;issue-link&quot; data-issue-key=&quot;WICKET-5457&quot;&gt;&lt;del&gt;WICKET-5457&lt;/del&gt;&lt;/a&gt;.&lt;/p&gt;

&lt;p&gt;This patch also includes a quick fix for the problem with cached markup.&lt;/p&gt;</comment>
                            <comment id="13920679" author="mgrigorov" created="Wed, 5 Mar 2014 09:12:49 +0000"  >&lt;p&gt;Wicket 1.4.x is not maintained anymore.&lt;br/&gt;
It receives only security related fixes and this problem is not considered as such.&lt;br/&gt;
Thanks!&lt;/p&gt;</comment>
                    </comments>
                    <attachments>
                            <attachment id="12620727" name="Patch for WICKET-5458.patch" size="70498" author="kaakku" created="Sat, 28 Dec 2013 10:08:31 +0000"/>
                    </attachments>
                <subtasks>
                    </subtasks>
                <customfields>
                                                <customfield id="customfield_12310310" key="com.atlassian.jira.toolkit:attachments">
                        <customfieldname>Attachment count</customfieldname>
                        <customfieldvalues>
                            <customfieldvalue>1.0</customfieldvalue>
                        </customfieldvalues>
                    </customfield>
                                                                                                                        <customfield id="customfield_12310220" key="com.atlassian.jira.ext.charting:firstresponsedate">
                        <customfieldname>Date of First Response</customfieldname>
                        <customfieldvalues>
                            <customfieldvalue>Wed, 5 Mar 2014 09:12:49 +0000</customfieldvalue>

                        </customfieldvalues>
                    </customfield>
                                                                                                                                                    <customfield id="customfield_12310420" key="com.pyxis.greenhopper.jira:gh-global-rank">
                        <customfieldname>Global Rank</customfieldname>
                        <customfieldvalues>
                            <customfieldvalue>365598</customfieldvalue>
                        </customfieldvalues>
                    </customfield>
                                                                <customfield id="customfield_12311820" key="com.pyxis.greenhopper.jira:gh-lexo-rank">
                        <customfieldname>Rank</customfieldname>
                        <customfieldvalues>
                            <customfieldvalue>0|11qqmg:</customfieldvalue>

                        </customfieldvalues>
                    </customfield>
                                                                <customfield id="customfield_12310920" key="com.pyxis.greenhopper.jira:gh-global-rank">
                        <customfieldname>Rank (Obsolete)</customfieldname>
                        <customfieldvalues>
                            <customfieldvalue>365905</customfieldvalue>
                        </customfieldvalues>
                    </customfield>
                                                                                                                        <customfield id="customfield_12310222" key="com.atlassian.jira.ext.charting:timeinstatus">
                        <customfieldname>Time in Status</customfieldname>
                        <customfieldvalues>
                            
                        </customfieldvalues>
                    </customfield>
                                    </customfields>
    </item>
</channel>
</rss>
