<!--
RSS generated by JIRA (7.6.3#76005-sha1:8a4e38d34af948780dbf52044e7aafb13a7cae58) at Mon Apr 08 11:27:24 UTC 2019

It is possible to restrict the fields that are returned in this document by specifying the 'field' parameter in your request.
For example, to request only the issue key and summary append 'field=key&field=summary' to the URL of your request.
-->
<!-- If you wish to do custom client-side styling of RSS, uncomment this:
<?xml-stylesheet href="https://issues.apache.org/jira/styles/jiraxml2html.xsl" type="text/xsl"?>
-->
<rss version="0.92">
    <channel>
        <title>ASF JIRA</title>
        <link>https://issues.apache.org/jira/issues/?jql=project+%3D+WICKET+AND+issuetype+%3D+Bug+AND+created+%3E%3D+2018-12-01+AND+created+%3C%3D+2019-01-01</link>
        <description>An XML representation of a search request</description>
                <language>en-uk</language>
                        <issue start="0" end="4" total="4"/>
                <build-info>
            <version>7.6.3</version>
            <build-number>76005</build-number>
            <build-date>09-01-2018</build-date>
        </build-info>

<item>
            <title>[WICKET-6623] Consecutive Temporary Behaviors are not properly removed</title>
                <link>https://issues.apache.org/jira/browse/WICKET-6623</link>
                <project id="12310561" key="WICKET">Wicket</project>
                    <description>&lt;p&gt;If two temporary behaviors happen to be one after the other in component&apos;s data the second one will not be removed.&lt;/p&gt;</description>
                <environment></environment>
        <key id="13203851">WICKET-6623</key>
            <summary>Consecutive Temporary Behaviors are not properly removed</summary>
                <type id="1" iconUrl="https://issues.apache.org/jira/secure/viewavatar?size=xsmall&amp;avatarId=21133&amp;avatarType=issuetype">Bug</type>
                                            <priority id="3" iconUrl="https://issues.apache.org/jira/images/icons/priorities/major.svg">Major</priority>
                        <status id="5" iconUrl="https://issues.apache.org/jira/images/icons/statuses/resolved.png" description="A resolution has been taken, and it is awaiting verification by reporter. From here issues are either reopened, or are closed.">Resolved</status>
                    <statusCategory id="3" key="done" colorName="green"/>
                                    <resolution id="1">Fixed</resolution>
                                        <assignee username="ivaynberg">Igor Vaynberg</assignee>
                                    <reporter username="ivaynberg">Igor Vaynberg</reporter>
                        <labels>
                    </labels>
                <created>Tue, 11 Dec 2018 23:30:06 +0000</created>
                <updated>Thu, 13 Dec 2018 19:14:52 +0000</updated>
                            <resolved>Tue, 11 Dec 2018 23:53:36 +0000</resolved>
                                                    <fixVersion>7.11.0</fixVersion>
                    <fixVersion>8.3.0</fixVersion>
                    <fixVersion>9.0.0</fixVersion>
                                        <due></due>
                            <votes>0</votes>
                                    <watches>2</watches>
                                                                <comments>
                            <comment id="16718198" author="jira-bot" created="Tue, 11 Dec 2018 23:37:48 +0000"  >&lt;p&gt;Commit 567b62417ae85ee78051204c784fb0a2411fc414 in wicket&apos;s branch refs/heads/wicket-8.x from &lt;a href=&quot;https://issues.apache.org/jira/secure/ViewProfile.jspa?name=ivaynberg&quot; class=&quot;user-hover&quot; rel=&quot;ivaynberg&quot;&gt;Igor Vaynberg&lt;/a&gt;&lt;br/&gt;
[ &lt;a href=&quot;https://git-wip-us.apache.org/repos/asf?p=wicket.git;h=567b624&quot; class=&quot;external-link&quot; rel=&quot;nofollow&quot;&gt;https://git-wip-us.apache.org/repos/asf?p=wicket.git;h=567b624&lt;/a&gt; ]&lt;/p&gt;

&lt;p&gt;&lt;a href=&quot;https://issues.apache.org/jira/browse/WICKET-6623&quot; title=&quot;Consecutive Temporary Behaviors are not properly removed&quot; class=&quot;issue-link&quot; data-issue-key=&quot;WICKET-6623&quot;&gt;&lt;del&gt;WICKET-6623&lt;/del&gt;&lt;/a&gt; correctly remove consecutive temporary behaviors&lt;/p&gt;</comment>
                            <comment id="16718211" author="jira-bot" created="Tue, 11 Dec 2018 23:42:21 +0000"  >&lt;p&gt;Commit ad39487faa573144deee6da3e6e6f9dd73d382c1 in wicket&apos;s branch refs/heads/master from &lt;a href=&quot;https://issues.apache.org/jira/secure/ViewProfile.jspa?name=ivaynberg&quot; class=&quot;user-hover&quot; rel=&quot;ivaynberg&quot;&gt;Igor Vaynberg&lt;/a&gt;&lt;br/&gt;
[ &lt;a href=&quot;https://git-wip-us.apache.org/repos/asf?p=wicket.git;h=ad39487&quot; class=&quot;external-link&quot; rel=&quot;nofollow&quot;&gt;https://git-wip-us.apache.org/repos/asf?p=wicket.git;h=ad39487&lt;/a&gt; ]&lt;/p&gt;

&lt;p&gt;&lt;a href=&quot;https://issues.apache.org/jira/browse/WICKET-6623&quot; title=&quot;Consecutive Temporary Behaviors are not properly removed&quot; class=&quot;issue-link&quot; data-issue-key=&quot;WICKET-6623&quot;&gt;&lt;del&gt;WICKET-6623&lt;/del&gt;&lt;/a&gt; correctly remove consecutive temporary behaviors&lt;/p&gt;</comment>
                            <comment id="16718218" author="jira-bot" created="Tue, 11 Dec 2018 23:51:11 +0000"  >&lt;p&gt;Commit d7a00f557cd576ba3cf0f1e9e2c26911bc9bb5b9 in wicket&apos;s branch refs/heads/wicket-7.x from &lt;a href=&quot;https://issues.apache.org/jira/secure/ViewProfile.jspa?name=ivaynberg&quot; class=&quot;user-hover&quot; rel=&quot;ivaynberg&quot;&gt;Igor Vaynberg&lt;/a&gt;&lt;br/&gt;
[ &lt;a href=&quot;https://git-wip-us.apache.org/repos/asf?p=wicket.git;h=d7a00f5&quot; class=&quot;external-link&quot; rel=&quot;nofollow&quot;&gt;https://git-wip-us.apache.org/repos/asf?p=wicket.git;h=d7a00f5&lt;/a&gt; ]&lt;/p&gt;

&lt;p&gt;&lt;a href=&quot;https://issues.apache.org/jira/browse/WICKET-6623&quot; title=&quot;Consecutive Temporary Behaviors are not properly removed&quot; class=&quot;issue-link&quot; data-issue-key=&quot;WICKET-6623&quot;&gt;&lt;del&gt;WICKET-6623&lt;/del&gt;&lt;/a&gt; correctly remove consecutive temporary behaviors&lt;/p&gt;</comment>
                            <comment id="16720501" author="jira-bot" created="Thu, 13 Dec 2018 19:14:52 +0000"  >&lt;p&gt;Commit 7544d4d3113daad60a1aa3e2d9add171305c8494 in wicket&apos;s branch refs/heads/master from &lt;a href=&quot;https://issues.apache.org/jira/secure/ViewProfile.jspa?name=ivaynberg&quot; class=&quot;user-hover&quot; rel=&quot;ivaynberg&quot;&gt;Igor Vaynberg&lt;/a&gt;&lt;br/&gt;
[ &lt;a href=&quot;https://git-wip-us.apache.org/repos/asf?p=wicket.git;h=7544d4d&quot; class=&quot;external-link&quot; rel=&quot;nofollow&quot;&gt;https://git-wip-us.apache.org/repos/asf?p=wicket.git;h=7544d4d&lt;/a&gt; ]&lt;/p&gt;

&lt;p&gt;&lt;a href=&quot;https://issues.apache.org/jira/browse/WICKET-6623&quot; title=&quot;Consecutive Temporary Behaviors are not properly removed&quot; class=&quot;issue-link&quot; data-issue-key=&quot;WICKET-6623&quot;&gt;&lt;del&gt;WICKET-6623&lt;/del&gt;&lt;/a&gt; correctly remove consecutive temporary behaviors - test fix&lt;/p&gt;</comment>
                    </comments>
                    <attachments>
                    </attachments>
                <subtasks>
                    </subtasks>
                <customfields>
                                                <customfield id="customfield_12310310" key="com.atlassian.jira.toolkit:attachments">
                        <customfieldname>Attachment count</customfieldname>
                        <customfieldvalues>
                            <customfieldvalue>0.0</customfieldvalue>
                        </customfieldvalues>
                    </customfield>
                                                                                                                                                                                                                                                                                                                                                                                                                                                                                                                                                                                        <customfield id="customfield_12310220" key="com.atlassian.jira.ext.charting:firstresponsedate">
                        <customfieldname>Date of First Response</customfieldname>
                        <customfieldvalues>
                            <customfieldvalue>Tue, 11 Dec 2018 23:37:48 +0000</customfieldvalue>

                        </customfieldvalues>
                    </customfield>
                                                                                                                        <customfield id="customfield_12313422" key="com.atlassian.jirafisheyeplugin:jobcheckbox">
                        <customfieldname>Enable Automatic Patch Review</customfieldname>
                        <customfieldvalues>
                            <customfieldvalue><![CDATA[false]]></customfieldvalue>

                        </customfieldvalues>
                    </customfield>
                                                                                                                                                                                                                                                                                                                                                                                                                                                                        <customfield id="customfield_12310420" key="com.pyxis.greenhopper.jira:gh-global-rank">
                        <customfieldname>Global Rank</customfieldname>
                        <customfieldvalues>
                            <customfieldvalue>9223372036854775807</customfieldvalue>
                        </customfieldvalues>
                    </customfield>
                                                                                                                        <customfield id="customfield_12312521" key="com.atlassian.jira.toolkit:LastCommentDate">
                        <customfieldname>Last public comment date</customfieldname>
                        <customfieldvalues>
                            16 weeks, 3 days ago
                        </customfieldvalues>
                    </customfield>
                                                                                                                                                    <customfield id="customfield_12311820" key="com.pyxis.greenhopper.jira:gh-lexo-rank">
                        <customfieldname>Rank</customfieldname>
                        <customfieldvalues>
                            <customfieldvalue>0|s01f5k:</customfieldvalue>

                        </customfieldvalues>
                    </customfield>
                                                                <customfield id="customfield_12310920" key="com.pyxis.greenhopper.jira:gh-global-rank">
                        <customfieldname>Rank (Obsolete)</customfieldname>
                        <customfieldvalues>
                            <customfieldvalue>9223372036854775807</customfieldvalue>
                        </customfieldvalues>
                    </customfield>
                                                                                                                                                                                                                                                                                                                            <customfield id="customfield_12310222" key="com.atlassian.jira.ext.charting:timeinstatus">
                        <customfieldname>Time in Status</customfieldname>
                        <customfieldvalues>
                            
                        </customfieldvalues>
                    </customfield>
                                    </customfields>
    </item>


<item>
            <title>[WICKET-6622] Enclosure Ajax Bug</title>
                <link>https://issues.apache.org/jira/browse/WICKET-6622</link>
                <project id="12310561" key="WICKET">Wicket</project>
                    <description>&lt;p&gt;WICKET AJAX DEBUG produces the error message&lt;/p&gt;

&lt;p&gt;ERROR: Cannot bind a listener for event &quot;inputchange change&quot; on element &quot;text1&quot; because the element is not in the DOM&lt;/p&gt;

&lt;p&gt;when component is not visible caused by enclosure:&lt;/p&gt;

&lt;p&gt;HTML&lt;/p&gt;

&lt;p&gt;&amp;lt;wicket:enclosure child=&quot;other&quot;&amp;gt;&lt;br/&gt;
&#160;&#160;&#160; &amp;lt;input type=&quot;text&quot; wicket:id=&quot;text&quot;/&amp;gt;&lt;br/&gt;
&#160;&#160;&#160; &amp;lt;div wicket:id=&quot;other&quot; /&amp;gt;&lt;br/&gt;
&amp;lt;/wicket:enclosure&amp;gt;&lt;/p&gt;

&lt;p&gt;JAVA&lt;/p&gt;

&lt;p&gt;other.setVisibilityAllowed(false);&lt;/p&gt;

&lt;p&gt;&#160;&lt;/p&gt;

&lt;p&gt;HTML Page source head script contains&lt;/p&gt;

&lt;p&gt;Wicket.Ajax.ajax({&quot;u&quot;:&quot;./?0-1.0-text&quot;,&quot;m&quot;:&quot;POST&quot;,&quot;c&quot;:&quot;text1&quot;,&quot;e&quot;:&quot;inputchange change&quot;});;&lt;/p&gt;

&lt;p&gt;but not text1 since it is invisible.&lt;/p&gt;

&lt;p&gt;See attached source project and screenshot.&lt;/p&gt;</description>
                <environment></environment>
        <key id="13203416">WICKET-6622</key>
            <summary>Enclosure Ajax Bug</summary>
                <type id="1" iconUrl="https://issues.apache.org/jira/secure/viewavatar?size=xsmall&amp;avatarId=21133&amp;avatarType=issuetype">Bug</type>
                                            <priority id="4" iconUrl="https://issues.apache.org/jira/images/icons/priorities/minor.svg">Minor</priority>
                        <status id="1" iconUrl="https://issues.apache.org/jira/images/icons/statuses/open.png" description="The issue is open and ready for the assignee to start work on it.">Open</status>
                    <statusCategory id="2" key="new" colorName="blue-gray"/>
                                    <resolution id="-1">Unresolved</resolution>
                                        <assignee username="-1">Unassigned</assignee>
                                    <reporter username="michaelgerhards">Michael Gerhards</reporter>
                        <labels>
                    </labels>
                <created>Mon, 10 Dec 2018 11:59:51 +0000</created>
                <updated>Wed, 6 Feb 2019 05:52:01 +0000</updated>
                                            <version>8.2.0</version>
                                                    <component>wicket</component>
                        <due></due>
                            <votes>0</votes>
                                    <watches>5</watches>
                                                                <comments>
                            <comment id="16746133" author="mgrigorov" created="Fri, 18 Jan 2019 10:16:46 +0000"  >&lt;p&gt;I would recommend you to use EnclosureContainer instead of &amp;lt;wicket:enclosure&amp;gt;. It seems the latter does handle well even this very basic example :-/&lt;/p&gt;</comment>
                            <comment id="16746142" author="mgrigorov" created="Fri, 18 Jan 2019 10:29:09 +0000"  >&lt;p&gt;Linking this issue to &lt;a href=&quot;https://issues.apache.org/jira/browse/WICKET-4874&quot; title=&quot;&amp;quot;Cannot find element with id&amp;quot; error seen in Ajax Debug for child of wicket:enclosure&quot; class=&quot;issue-link&quot; data-issue-key=&quot;WICKET-4874&quot;&gt;&lt;del&gt;WICKET-4874&lt;/del&gt;&lt;/a&gt;.&lt;br/&gt;
I&apos;ve suggested to get rid of &amp;lt;wicket:enclosure&amp;gt; back in 2013 (&lt;a href=&quot;https://markmail.org/message/fxxzvozz4ifsjqc5&quot; class=&quot;external-link&quot; rel=&quot;nofollow&quot;&gt;https://markmail.org/message/fxxzvozz4ifsjqc5&lt;/a&gt;) but the team decided to keep it because it works fine most of the time.&lt;/p&gt;</comment>
                            <comment id="16748644" author="michaelgerhards" created="Tue, 22 Jan 2019 11:39:04 +0000"  >&lt;p&gt;Thank you for suggesting a work around. This will help.&lt;/p&gt;

&lt;p&gt;Nevertheless this issue should stay open since the bug will stay present.&lt;/p&gt;</comment>
                            <comment id="16748660" author="mgrigorov" created="Tue, 22 Jan 2019 12:01:11 +0000"  >&lt;p&gt;I am not sure it could be ever fixed. Most of the linked tickets in &lt;a href=&quot;https://issues.apache.org/jira/browse/WICKET-4874&quot; title=&quot;&amp;quot;Cannot find element with id&amp;quot; error seen in Ajax Debug for child of wicket:enclosure&quot; class=&quot;issue-link&quot; data-issue-key=&quot;WICKET-4874&quot;&gt;&lt;del&gt;WICKET-4874&lt;/del&gt;&lt;/a&gt; are the same.&lt;/p&gt;</comment>
                            <comment id="16748665" author="michaelgerhards" created="Tue, 22 Jan 2019 12:13:51 +0000"  >&lt;p&gt;This is true but maybe you can use the rising number of linked tickets to banish wicket:enclosure or make it deprecated for Wicket 9? At least the official documentation should clearly warn especially new users about the shortcomings of wicket enclosures. Inline enclosures is also another problem.&lt;/p&gt;</comment>
                            <comment id="16753420" author="mgrigorov" created="Sun, 27 Jan 2019 14:57:54 +0000"  >&lt;p&gt;At &lt;a href=&quot;https://github.com/apache/wicket/compare/wicket-8.x...bugfix/WICKET-6622?expand=1&quot; class=&quot;external-link&quot; rel=&quot;nofollow&quot;&gt;https://github.com/apache/wicket/compare/wicket-8.x...bugfix/WICKET-6622?expand=1&lt;/a&gt; I&apos;ve tried to solve Enclosure&apos;s problems by moving IComponentResolvers in the beginning of MarkupContainer&apos;s children list, so that their onConfigure() is called before the controlling child&apos;s onConfigure.&lt;br/&gt;
Some tests are failing and need investigation.&lt;/p&gt;</comment>
                            <comment id="16753423" author="jira-bot" created="Sun, 27 Jan 2019 15:02:06 +0000"  >&lt;p&gt;Commit ebab8b07536265a5a06f8027bb0cfd3addfd57ba in wicket&apos;s branch refs/heads/bugfix/&lt;a href=&quot;https://issues.apache.org/jira/browse/WICKET-6622&quot; title=&quot;Enclosure Ajax Bug&quot; class=&quot;issue-link&quot; data-issue-key=&quot;WICKET-6622&quot;&gt;WICKET-6622&lt;/a&gt; from Martin Tzvetanov Grigorov&lt;br/&gt;
[ &lt;a href=&quot;https://gitbox.apache.org/repos/asf?p=wicket.git;h=ebab8b0&quot; class=&quot;external-link&quot; rel=&quot;nofollow&quot;&gt;https://gitbox.apache.org/repos/asf?p=wicket.git;h=ebab8b0&lt;/a&gt; ]&lt;/p&gt;

&lt;p&gt;&lt;a href=&quot;https://issues.apache.org/jira/browse/WICKET-6622&quot; title=&quot;Enclosure Ajax Bug&quot; class=&quot;issue-link&quot; data-issue-key=&quot;WICKET-6622&quot;&gt;WICKET-6622&lt;/a&gt; Always put IComponentResolvers (Enclosure) in the beginning of MarkupContainer#children list so that its #onConfigure() is called before its controlling child&apos;s onConfigure()&lt;/p&gt;

&lt;p&gt;This way Enclosure#onConfigure() can use #setVisibilityAllowed() to control the visibility of all its first level children&lt;/p&gt;</comment>
                            <comment id="16758342" author="svenmeier" created="Fri, 1 Feb 2019 14:16:51 +0000"  >&lt;p&gt;Stupid Jira shortcuts - I didn&apos;t want to change the assignment &lt;img class=&quot;emoticon&quot; src=&quot;https://issues.apache.org/jira/images/icons/emoticons/tongue.png&quot; height=&quot;16&quot; width=&quot;16&quot; align=&quot;absmiddle&quot; alt=&quot;&quot; border=&quot;0&quot;/&gt;&lt;/p&gt;

&lt;p&gt;One objection to this solution: isVisibilityAllowed is usually used for authorization, what if that flag is changed &lt;b&gt;after&lt;/b&gt; the enclosure&apos;s onConfigure()?&lt;/p&gt;

&lt;p&gt;An alternative idea:&lt;br/&gt;
What If we unified resolvers with queued components, i.e. components &apos;inside&apos; an enclosure are considered as if being queued instead of added? If a component is inside an enclosure, it gets relocated into the enclosure&apos;s children. This would solve a lot of problems related to enclosures.&lt;/p&gt;

&lt;p&gt;One disadvantage I see with this proposal is that a component might not be accessible with the id it was added. Personally I prefer to access my components via instance variables anyway.&lt;br/&gt;
What other requirements are there to keep a component at the exact position it was added to?&lt;/p&gt;</comment>
                            <comment id="16759521" author="mgrigorov" created="Sun, 3 Feb 2019 20:33:23 +0000"  >&lt;blockquote&gt;&lt;p&gt;isVisibilityAllowed is usually used for authorization&lt;/p&gt;&lt;/blockquote&gt;

&lt;p&gt;I think isRenderAllowed() is the one used for authorization: &lt;a href=&quot;https://github.com/apache/wicket/blob/07c36ce6852737b7a468a240053126c1605a4460/wicket-core/src/main/java/org/apache/wicket/Component.java#L4279-L4282&quot; class=&quot;external-link&quot; rel=&quot;nofollow&quot;&gt;https://github.com/apache/wicket/blob/07c36ce6852737b7a468a240053126c1605a4460/wicket-core/src/main/java/org/apache/wicket/Component.java#L4279-L4282&lt;/a&gt;&lt;/p&gt;

&lt;blockquote&gt;&lt;p&gt;what if that flag is changed after the enclosure&apos;s onConfigure()?&lt;/p&gt;&lt;/blockquote&gt;

&lt;p&gt;I still haven&apos;t had time to debug the tests but I am also not fully certain in my idea here.&lt;/p&gt;

&lt;blockquote&gt;&lt;p&gt;What If we unified resolvers with queued components&lt;/p&gt;&lt;/blockquote&gt;

&lt;p&gt;I am a noobie here. The queued components code added a lot of complexity and bugs, and I try to avoid them.&lt;/p&gt;</comment>
                            <comment id="16761509" author="reiern70" created="Wed, 6 Feb 2019 05:52:01 +0000"  >&lt;p&gt;By the way... a similar error can be re-produced with MyPanel&lt;/p&gt;

&lt;p&gt;&amp;lt;div wicket:id=&quot;context&quot;&amp;gt;&lt;/p&gt;

&lt;p&gt;&amp;lt;wicket:child&amp;gt;&amp;lt;/wicket:child&amp;gt;&lt;/p&gt;

&lt;p&gt;&amp;lt;/div&amp;gt;&lt;/p&gt;

&lt;p&gt;&#160;&lt;/p&gt;

&lt;p&gt;then attach a transparent web markup container to &quot;context&quot; + setVisible(fase) and then have&#160;&lt;/p&gt;

&lt;p&gt;&#160;&lt;/p&gt;

&lt;p&gt;MyOtherPanel extend MyPanel {&lt;/p&gt;

&lt;p&gt;MyOtherPanel &lt;/p&gt;
{

&#160; &#160; // add some AJAX link here.

}

&lt;p&gt;}&lt;/p&gt;

&lt;p&gt;&#160;&lt;/p&gt;</comment>
                    </comments>
                <issuelinks>
                            <issuelinktype id="12310361">
                    <name>Blocked</name>
                                            <outwardlinks description="Blocked">
                                        <issuelink>
            <issuekey id="12617172">WICKET-4874</issuekey>
        </issuelink>
                            </outwardlinks>
                                                        </issuelinktype>
                    </issuelinks>
                <attachments>
                            <attachment id="12951186" name="Error Message.PNG" size="110266" author="michaelgerhards" created="Mon, 10 Dec 2018 11:58:28 +0000"/>
                            <attachment id="12951187" name="Wicket_Enclosure_Ajax_Bug.zip" size="27866" author="michaelgerhards" created="Mon, 10 Dec 2018 11:55:44 +0000"/>
                    </attachments>
                <subtasks>
                    </subtasks>
                <customfields>
                                                <customfield id="customfield_12310310" key="com.atlassian.jira.toolkit:attachments">
                        <customfieldname>Attachment count</customfieldname>
                        <customfieldvalues>
                            <customfieldvalue>2.0</customfieldvalue>
                        </customfieldvalues>
                    </customfield>
                                                                                                                                                                                                                                                                                                                                                                                                                                                                                                                                                                                        <customfield id="customfield_12310220" key="com.atlassian.jira.ext.charting:firstresponsedate">
                        <customfieldname>Date of First Response</customfieldname>
                        <customfieldvalues>
                            <customfieldvalue>Fri, 18 Jan 2019 10:16:46 +0000</customfieldvalue>

                        </customfieldvalues>
                    </customfield>
                                                                                                                        <customfield id="customfield_12313422" key="com.atlassian.jirafisheyeplugin:jobcheckbox">
                        <customfieldname>Enable Automatic Patch Review</customfieldname>
                        <customfieldvalues>
                            <customfieldvalue><![CDATA[false]]></customfieldvalue>

                        </customfieldvalues>
                    </customfield>
                                                                                                                                                                                                                                                                                                                                                                                                                                                                        <customfield id="customfield_12310420" key="com.pyxis.greenhopper.jira:gh-global-rank">
                        <customfieldname>Global Rank</customfieldname>
                        <customfieldvalues>
                            <customfieldvalue>9223372036854775807</customfieldvalue>
                        </customfieldvalues>
                    </customfield>
                                                                                                                        <customfield id="customfield_12312521" key="com.atlassian.jira.toolkit:LastCommentDate">
                        <customfieldname>Last public comment date</customfieldname>
                        <customfieldvalues>
                            8 weeks, 5 days ago
                        </customfieldvalues>
                    </customfield>
                                                                                                                                                    <customfield id="customfield_12311820" key="com.pyxis.greenhopper.jira:gh-lexo-rank">
                        <customfieldname>Rank</customfieldname>
                        <customfieldvalues>
                            <customfieldvalue>0|s01chc:</customfieldvalue>

                        </customfieldvalues>
                    </customfield>
                                                                <customfield id="customfield_12310920" key="com.pyxis.greenhopper.jira:gh-global-rank">
                        <customfieldname>Rank (Obsolete)</customfieldname>
                        <customfieldvalues>
                            <customfieldvalue>9223372036854775807</customfieldvalue>
                        </customfieldvalues>
                    </customfield>
                                                                                                                                                                                                                                                                                                                            </customfields>
    </item>


<item>
            <title>[WICKET-6619] Trying to close more than 2 ModalWindows in the same request gives exception</title>
                <link>https://issues.apache.org/jira/browse/WICKET-6619</link>
                <project id="12310561" key="WICKET">Wicket</project>
                    <description>&lt;p&gt;We have an application where you can open a ModalWindow which&#160;allows you to open another ModalWindow, etc...&lt;/p&gt;

&lt;p&gt;If you perform a certain operation in the topmost window, we need to close all the windows in the same request. This works with 1-2 open windows, but if the user opens 3 or more, we get a warning in the log:&lt;/p&gt;

&lt;p&gt;&quot;Handling the following exception: org.apache.wicket.core.request.handler.ListenerInvocationNotAllowedException: Behavior rejected interface invocation. Component: [ModalWindow &lt;span class=&quot;error&quot;&gt;&amp;#91;Component id = modal&amp;#93;&lt;/span&gt;] Behavior: org.apache.wicket.extensions.ajax.markup.html.modal.ModalWindow$WindowClosedBehavior@52e7e937&quot;&lt;/p&gt;

&lt;p&gt;and the user is redirected to&#160;org.apache.wicket.markup.html.pages.AccessDeniedPage.&lt;/p&gt;

&lt;p&gt;&#160;&lt;/p&gt;

&lt;p&gt;I made a quickstart (will upload after creating this issue, since it seems uploading before that doesn&apos;t work) where you can see this. Click the &quot;Open new Modal&quot; button 3 times, followed by &quot;Close modals&quot; and it fails...&lt;/p&gt;</description>
                <environment></environment>
        <key id="13202837">WICKET-6619</key>
            <summary>Trying to close more than 2 ModalWindows in the same request gives exception</summary>
                <type id="1" iconUrl="https://issues.apache.org/jira/secure/viewavatar?size=xsmall&amp;avatarId=21133&amp;avatarType=issuetype">Bug</type>
                                            <priority id="3" iconUrl="https://issues.apache.org/jira/images/icons/priorities/major.svg">Major</priority>
                        <status id="5" iconUrl="https://issues.apache.org/jira/images/icons/statuses/resolved.png" description="A resolution has been taken, and it is awaiting verification by reporter. From here issues are either reopened, or are closed.">Resolved</status>
                    <statusCategory id="3" key="done" colorName="green"/>
                                    <resolution id="8">Not A Problem</resolution>
                                        <assignee username="-1">Unassigned</assignee>
                                    <reporter username="kizer">Oddgeir Bell</reporter>
                        <labels>
                            <label>ModalWindow</label>
                    </labels>
                <created>Thu, 6 Dec 2018 15:36:56 +0000</created>
                <updated>Fri, 15 Mar 2019 10:20:45 +0000</updated>
                            <resolved>Fri, 15 Mar 2019 10:20:45 +0000</resolved>
                                    <version>8.1.0</version>
                                                    <component>wicket</component>
                    <component>wicket-extensions</component>
                        <due></due>
                            <votes>0</votes>
                                    <watches>2</watches>
                                                                <comments>
                            <comment id="16793512" author="mgrigorov" created="Fri, 15 Mar 2019 10:19:32 +0000"  >&lt;p&gt;The problem here is that the modal windows contain each other, like matryoshka doll.&lt;br/&gt;
So when the grandparent is closed it is actually made invisible in Wicket component tree. Then if you try to close any of its (grand)children then since they are also invisible (isVisibleInHierarchy() == false) Wicket doesn&apos;t allow any action on them and throws org.apache.wicket.authorization.UnauthorizedActionException which leads to the AccessDeniedPage.&lt;/p&gt;

&lt;p&gt;I&apos;ve reworked your quickstart (6619.tgz). Now it closes the modal windows from grandchildren up to the parent, one by one.&lt;/p&gt;</comment>
                    </comments>
                    <attachments>
                            <attachment id="12962596" name="6619.tgz" size="21624" author="mgrigorov" created="Fri, 15 Mar 2019 10:19:48 +0000"/>
                            <attachment id="12950851" name="multipleModals.zip" size="27107" author="kizer" created="Thu, 6 Dec 2018 15:37:30 +0000"/>
                    </attachments>
                <subtasks>
                    </subtasks>
                <customfields>
                                                <customfield id="customfield_12310310" key="com.atlassian.jira.toolkit:attachments">
                        <customfieldname>Attachment count</customfieldname>
                        <customfieldvalues>
                            <customfieldvalue>2.0</customfieldvalue>
                        </customfieldvalues>
                    </customfield>
                                                                                                                                                                                                                                                                                                                                                                                                                                                                                                                                                                                        <customfield id="customfield_12310220" key="com.atlassian.jira.ext.charting:firstresponsedate">
                        <customfieldname>Date of First Response</customfieldname>
                        <customfieldvalues>
                            <customfieldvalue>Fri, 15 Mar 2019 10:19:32 +0000</customfieldvalue>

                        </customfieldvalues>
                    </customfield>
                                                                                                                        <customfield id="customfield_12313422" key="com.atlassian.jirafisheyeplugin:jobcheckbox">
                        <customfieldname>Enable Automatic Patch Review</customfieldname>
                        <customfieldvalues>
                            <customfieldvalue><![CDATA[false]]></customfieldvalue>

                        </customfieldvalues>
                    </customfield>
                                                                                                                                                                                                                                                                                                                                                                                                                                                                        <customfield id="customfield_12310420" key="com.pyxis.greenhopper.jira:gh-global-rank">
                        <customfieldname>Global Rank</customfieldname>
                        <customfieldvalues>
                            <customfieldvalue>9223372036854775807</customfieldvalue>
                        </customfieldvalues>
                    </customfield>
                                                                                                                        <customfield id="customfield_12312521" key="com.atlassian.jira.toolkit:LastCommentDate">
                        <customfieldname>Last public comment date</customfieldname>
                        <customfieldvalues>
                            3 weeks, 3 days ago
                        </customfieldvalues>
                    </customfield>
                                                                                                                                                    <customfield id="customfield_12311820" key="com.pyxis.greenhopper.jira:gh-lexo-rank">
                        <customfieldname>Rank</customfieldname>
                        <customfieldvalues>
                            <customfieldvalue>0|s018xs:</customfieldvalue>

                        </customfieldvalues>
                    </customfield>
                                                                <customfield id="customfield_12310920" key="com.pyxis.greenhopper.jira:gh-global-rank">
                        <customfieldname>Rank (Obsolete)</customfieldname>
                        <customfieldvalues>
                            <customfieldvalue>9223372036854775807</customfieldvalue>
                        </customfieldvalues>
                    </customfield>
                                                                                                                                                                                                                                                                                                                            <customfield id="customfield_12310222" key="com.atlassian.jira.ext.charting:timeinstatus">
                        <customfieldname>Time in Status</customfieldname>
                        <customfieldvalues>
                            
                        </customfieldvalues>
                    </customfield>
                                    </customfields>
    </item>


<item>
            <title>[WICKET-6617] Header contribution ignore &lt;wicket:header-items/&gt;</title>
                <link>https://issues.apache.org/jira/browse/WICKET-6617</link>
                <project id="12310561" key="WICKET">Wicket</project>
                    <description>&lt;p&gt;Components added via AJAX and contributing to &lt;tt&gt;&amp;lt;head&amp;gt;&lt;/tt&gt; using &lt;tt&gt;@Override renderHead&lt;/tt&gt; ignores &lt;tt&gt;&amp;lt;wicket:header-items/&amp;gt;&lt;/tt&gt; if any&lt;/p&gt;

&lt;p&gt;Here is the example:&lt;br/&gt;
Imaging you have following markup:&lt;/p&gt;
&lt;div class=&quot;code panel&quot; style=&quot;border-width: 1px;&quot;&gt;&lt;div class=&quot;codeContent panelContent&quot;&gt;
&lt;pre class=&quot;code-java&quot;&gt;
&amp;lt;html&amp;gt;
  &amp;lt;head&amp;gt;
    &amp;lt;wicket:header-items/&amp;gt;
    &amp;lt;title&amp;gt;Hello&amp;lt;/title&amp;gt;
  &amp;lt;/head&amp;gt;
  &amp;lt;body&amp;gt;
      ........
  &amp;lt;/body&amp;gt;
&amp;lt;html&amp;gt;
&lt;/pre&gt;
&lt;/div&gt;&lt;/div&gt;

&lt;p&gt;In your java code you replacing component A with component B on the page via AJAX&lt;br/&gt;
Component B contributing to &lt;tt&gt;&amp;lt;head&amp;gt;&lt;/tt&gt; as follows:&lt;/p&gt;
&lt;div class=&quot;code panel&quot; style=&quot;border-width: 1px;&quot;&gt;&lt;div class=&quot;codeContent panelContent&quot;&gt;
&lt;pre class=&quot;code-java&quot;&gt;
	@Override
	&lt;span class=&quot;code-keyword&quot;&gt;public&lt;/span&gt; void renderHead(IHeaderResponse response) {
		&lt;span class=&quot;code-keyword&quot;&gt;super&lt;/span&gt;.renderHead(response);
		response.render(JavaScriptHeaderItem.forReference(&lt;span class=&quot;code-keyword&quot;&gt;new&lt;/span&gt; JavaScriptResourceReference(B.class, &lt;span class=&quot;code-quote&quot;&gt;&quot;some.js&quot;&lt;/span&gt;)));
	}
&lt;/pre&gt;
&lt;/div&gt;&lt;/div&gt;

&lt;p&gt;As developer I would expect additional JS/CSS files (or any other header resources) will be appended before &lt;tt&gt;&amp;lt;title&amp;gt;&lt;/tt&gt; tag since I have placed &lt;tt&gt;&amp;lt;wicket:header-items/&amp;gt;&lt;/tt&gt; tag&lt;/p&gt;

&lt;p&gt;Currently only initial header resources will take &lt;tt&gt;&amp;lt;wicket:header-items/&amp;gt;&lt;/tt&gt; into account&lt;/p&gt;</description>
                <environment></environment>
        <key id="13201840">WICKET-6617</key>
            <summary>Header contribution ignore &lt;wicket:header-items/&gt;</summary>
                <type id="1" iconUrl="https://issues.apache.org/jira/secure/viewavatar?size=xsmall&amp;avatarId=21133&amp;avatarType=issuetype">Bug</type>
                                            <priority id="3" iconUrl="https://issues.apache.org/jira/images/icons/priorities/major.svg">Major</priority>
                        <status id="5" iconUrl="https://issues.apache.org/jira/images/icons/statuses/resolved.png" description="A resolution has been taken, and it is awaiting verification by reporter. From here issues are either reopened, or are closed.">Resolved</status>
                    <statusCategory id="3" key="done" colorName="green"/>
                                    <resolution id="1">Fixed</resolution>
                                        <assignee username="solomax">Maxim Solodovnik</assignee>
                                    <reporter username="solomax">Maxim Solodovnik</reporter>
                        <labels>
                    </labels>
                <created>Sun, 2 Dec 2018 08:06:26 +0000</created>
                <updated>Sat, 8 Dec 2018 07:59:22 +0000</updated>
                            <resolved>Sat, 8 Dec 2018 05:18:23 +0000</resolved>
                                    <version>8.2.0</version>
                                    <fixVersion>8.3.0</fixVersion>
                    <fixVersion>9.0.0</fixVersion>
                                    <component>wicket-core</component>
                        <due></due>
                            <votes>0</votes>
                                    <watches>4</watches>
                                                                <comments>
                            <comment id="16706133" author="jira-bot" created="Sun, 2 Dec 2018 08:09:55 +0000"  >&lt;p&gt;Commit a529aadafdaf7b32e909bbf90fe32822e841877f in wicket&apos;s branch refs/heads/&lt;a href=&quot;https://issues.apache.org/jira/browse/WICKET-6617&quot; title=&quot;Header contribution ignore &amp;lt;wicket:header-items/&amp;gt;&quot; class=&quot;issue-link&quot; data-issue-key=&quot;WICKET-6617&quot;&gt;&lt;del&gt;WICKET-6617&lt;/del&gt;&lt;/a&gt;-header-placeholder from &lt;a href=&quot;https://issues.apache.org/jira/secure/ViewProfile.jspa?name=solomax&quot; class=&quot;user-hover&quot; rel=&quot;solomax&quot;&gt;Maxim Solodovnik&lt;/a&gt;&lt;br/&gt;
[ &lt;a href=&quot;https://git-wip-us.apache.org/repos/asf?p=wicket.git;h=a529aad&quot; class=&quot;external-link&quot; rel=&quot;nofollow&quot;&gt;https://git-wip-us.apache.org/repos/asf?p=wicket.git;h=a529aad&lt;/a&gt; ]&lt;/p&gt;

&lt;p&gt;&lt;a href=&quot;https://issues.apache.org/jira/browse/WICKET-6617&quot; title=&quot;Header contribution ignore &amp;lt;wicket:header-items/&amp;gt;&quot; class=&quot;issue-link&quot; data-issue-key=&quot;WICKET-6617&quot;&gt;&lt;del&gt;WICKET-6617&lt;/del&gt;&lt;/a&gt; headers are added to header-items if specified&lt;/p&gt;</comment>
                            <comment id="16706134" author="githubbot" created="Sun, 2 Dec 2018 08:11:49 +0000"  >&lt;p&gt;GitHub user solomax opened a pull request:&lt;/p&gt;

&lt;p&gt;    &lt;a href=&quot;https://github.com/apache/wicket/pull/343&quot; class=&quot;external-link&quot; rel=&quot;nofollow&quot;&gt;https://github.com/apache/wicket/pull/343&lt;/a&gt;&lt;/p&gt;

&lt;p&gt;    &lt;a href=&quot;https://issues.apache.org/jira/browse/WICKET-6617&quot; title=&quot;Header contribution ignore &amp;lt;wicket:header-items/&amp;gt;&quot; class=&quot;issue-link&quot; data-issue-key=&quot;WICKET-6617&quot;&gt;&lt;del&gt;WICKET-6617&lt;/del&gt;&lt;/a&gt; headers are added to header-items if specified&lt;/p&gt;



&lt;p&gt;You can merge this pull request into a Git repository by running:&lt;/p&gt;

&lt;p&gt;    $ git pull &lt;a href=&quot;https://github.com/apache/wicket&quot; class=&quot;external-link&quot; rel=&quot;nofollow&quot;&gt;https://github.com/apache/wicket&lt;/a&gt; &lt;a href=&quot;https://issues.apache.org/jira/browse/WICKET-6617&quot; title=&quot;Header contribution ignore &amp;lt;wicket:header-items/&amp;gt;&quot; class=&quot;issue-link&quot; data-issue-key=&quot;WICKET-6617&quot;&gt;&lt;del&gt;WICKET-6617&lt;/del&gt;&lt;/a&gt;-header-placeholder&lt;/p&gt;

&lt;p&gt;Alternatively you can review and apply these changes as the patch at:&lt;/p&gt;

&lt;p&gt;    &lt;a href=&quot;https://github.com/apache/wicket/pull/343.patch&quot; class=&quot;external-link&quot; rel=&quot;nofollow&quot;&gt;https://github.com/apache/wicket/pull/343.patch&lt;/a&gt;&lt;/p&gt;

&lt;p&gt;To close this pull request, make a commit to your master/trunk branch&lt;br/&gt;
with (at least) the following in the commit message:&lt;/p&gt;

&lt;p&gt;    This closes #343&lt;/p&gt;

&lt;hr /&gt;
&lt;p&gt;commit a529aadafdaf7b32e909bbf90fe32822e841877f&lt;br/&gt;
Author: Maxim Solodovnik &amp;lt;solomax666@...&amp;gt;&lt;br/&gt;
Date:   2018-12-02T08:09:37Z&lt;/p&gt;

&lt;p&gt;    &lt;a href=&quot;https://issues.apache.org/jira/browse/WICKET-6617&quot; title=&quot;Header contribution ignore &amp;lt;wicket:header-items/&amp;gt;&quot; class=&quot;issue-link&quot; data-issue-key=&quot;WICKET-6617&quot;&gt;&lt;del&gt;WICKET-6617&lt;/del&gt;&lt;/a&gt; headers are added to header-items if specified&lt;/p&gt;

&lt;hr /&gt;</comment>
                            <comment id="16706410" author="svenmeier" created="Sun, 2 Dec 2018 17:20:41 +0000"  >&lt;p&gt;Could you improve the issue description? I don&apos;t understand what&apos;s the issue here.&lt;/p&gt;</comment>
                            <comment id="16706411" author="githubbot" created="Sun, 2 Dec 2018 17:21:33 +0000"  >&lt;p&gt;Github user svenmeier commented on a diff in the pull request:&lt;/p&gt;

&lt;p&gt;    &lt;a href=&quot;https://github.com/apache/wicket/pull/343#discussion_r238106752&quot; class=&quot;external-link&quot; rel=&quot;nofollow&quot;&gt;https://github.com/apache/wicket/pull/343#discussion_r238106752&lt;/a&gt;&lt;/p&gt;

&lt;p&gt;    &amp;#8212; Diff: wicket-core/src/main/java/org/apache/wicket/markup/html/internal/HtmlHeaderContainer.java &amp;#8212;&lt;br/&gt;
    @@ -161,19 +161,19 @@ public final void onComponentTagBody(MarkupStream markupStream, ComponentTag ope&lt;br/&gt;
     			final StringResponse response = new StringResponse();&lt;br/&gt;
     			getRequestCycle().setResponse(response);&lt;/p&gt;

&lt;ul class=&quot;alternate&quot; type=&quot;square&quot;&gt;
	&lt;li&gt;IHeaderResponse headerResponse = getHeaderResponse();&lt;/li&gt;
	&lt;li&gt;if (!response.equals(headerResponse.getResponse()))&lt;/li&gt;
	&lt;li&gt;{
    -				getRequestCycle().setResponse(headerResponse.getResponse());
    -			}
&lt;p&gt;    +			try (IHeaderResponse headerResponse = getHeaderResponse()) {&lt;br/&gt;
    +				if (!response.equals(headerResponse.getResponse()))&lt;br/&gt;
    +				&lt;/p&gt;
{
    +					getRequestCycle().setResponse(headerResponse.getResponse());
    +				}&lt;/li&gt;
&lt;/ul&gt;


&lt;ul class=&quot;alternate&quot; type=&quot;square&quot;&gt;
	&lt;li&gt;// Render the header sections of all components on the page&lt;/li&gt;
	&lt;li&gt;AbstractHeaderRenderStrategy.get().renderHeader(this,&lt;/li&gt;
	&lt;li&gt;new HeaderStreamState(markupStream, openTag), getPage());&lt;br/&gt;
    +				// Render the header sections of all components on the page&lt;br/&gt;
    +				AbstractHeaderRenderStrategy.get().renderHeader(this,&lt;br/&gt;
    +					new HeaderStreamState(markupStream, openTag), getPage());&lt;/li&gt;
&lt;/ul&gt;


&lt;ul class=&quot;alternate&quot; type=&quot;square&quot;&gt;
	&lt;li&gt;// Close the header response before rendering the header container itself&lt;/li&gt;
	&lt;li&gt;// See &lt;a href=&quot;https://issues.apache.org/jira/browse/WICKET-3728&quot; class=&quot;external-link&quot; rel=&quot;nofollow&quot;&gt;https://issues.apache.org/jira/browse/WICKET-3728&lt;/a&gt;&lt;/li&gt;
	&lt;li&gt;headerResponse.close();
	&lt;ul class=&quot;alternate&quot; type=&quot;square&quot;&gt;
		&lt;li&gt;
		&lt;ul class=&quot;alternate&quot; type=&quot;square&quot;&gt;
			&lt;li&gt;End diff &amp;#8211;&lt;/li&gt;
		&lt;/ul&gt;
		&lt;/li&gt;
	&lt;/ul&gt;
	&lt;/li&gt;
&lt;/ul&gt;


&lt;p&gt;    Why no close() any longer?&lt;/p&gt;</comment>
                            <comment id="16706516" author="githubbot" created="Sun, 2 Dec 2018 23:57:27 +0000"  >&lt;p&gt;Github user solomax commented on a diff in the pull request:&lt;/p&gt;

&lt;p&gt;    &lt;a href=&quot;https://github.com/apache/wicket/pull/343#discussion_r238121519&quot; class=&quot;external-link&quot; rel=&quot;nofollow&quot;&gt;https://github.com/apache/wicket/pull/343#discussion_r238121519&lt;/a&gt;&lt;/p&gt;

&lt;p&gt;    &amp;#8212; Diff: wicket-core/src/main/java/org/apache/wicket/markup/html/internal/HtmlHeaderContainer.java &amp;#8212;&lt;br/&gt;
    @@ -161,19 +161,19 @@ public final void onComponentTagBody(MarkupStream markupStream, ComponentTag ope&lt;br/&gt;
     			final StringResponse response = new StringResponse();&lt;br/&gt;
     			getRequestCycle().setResponse(response);&lt;/p&gt;

&lt;ul class=&quot;alternate&quot; type=&quot;square&quot;&gt;
	&lt;li&gt;IHeaderResponse headerResponse = getHeaderResponse();&lt;/li&gt;
	&lt;li&gt;if (!response.equals(headerResponse.getResponse()))&lt;/li&gt;
	&lt;li&gt;{
    -				getRequestCycle().setResponse(headerResponse.getResponse());
    -			}
&lt;p&gt;    +			try (IHeaderResponse headerResponse = getHeaderResponse()) {&lt;br/&gt;
    +				if (!response.equals(headerResponse.getResponse()))&lt;br/&gt;
    +				&lt;/p&gt;
{
    +					getRequestCycle().setResponse(headerResponse.getResponse());
    +				}&lt;/li&gt;
&lt;/ul&gt;


&lt;ul class=&quot;alternate&quot; type=&quot;square&quot;&gt;
	&lt;li&gt;// Render the header sections of all components on the page&lt;/li&gt;
	&lt;li&gt;AbstractHeaderRenderStrategy.get().renderHeader(this,&lt;/li&gt;
	&lt;li&gt;new HeaderStreamState(markupStream, openTag), getPage());&lt;br/&gt;
    +				// Render the header sections of all components on the page&lt;br/&gt;
    +				AbstractHeaderRenderStrategy.get().renderHeader(this,&lt;br/&gt;
    +					new HeaderStreamState(markupStream, openTag), getPage());&lt;/li&gt;
&lt;/ul&gt;


&lt;ul class=&quot;alternate&quot; type=&quot;square&quot;&gt;
	&lt;li&gt;// Close the header response before rendering the header container itself&lt;/li&gt;
	&lt;li&gt;// See &lt;a href=&quot;https://issues.apache.org/jira/browse/WICKET-3728&quot; class=&quot;external-link&quot; rel=&quot;nofollow&quot;&gt;https://issues.apache.org/jira/browse/WICKET-3728&lt;/a&gt;&lt;/li&gt;
	&lt;li&gt;headerResponse.close();
	&lt;ul class=&quot;alternate&quot; type=&quot;square&quot;&gt;
		&lt;li&gt;
		&lt;ul class=&quot;alternate&quot; type=&quot;square&quot;&gt;
			&lt;li&gt;End diff &amp;#8211;&lt;/li&gt;
		&lt;/ul&gt;
		&lt;/li&gt;
	&lt;/ul&gt;
	&lt;/li&gt;
&lt;/ul&gt;


&lt;p&gt;    `close()` is being called automatically by `try with resource` statement&lt;br/&gt;
    I&apos;ll modify comment&lt;/p&gt;</comment>
                            <comment id="16706610" author="jira-bot" created="Mon, 3 Dec 2018 02:40:09 +0000"  >&lt;p&gt;Commit b83281403a30c6bcfd7c9a3c751ae1851cea2126 in wicket&apos;s branch refs/heads/&lt;a href=&quot;https://issues.apache.org/jira/browse/WICKET-6617&quot; title=&quot;Header contribution ignore &amp;lt;wicket:header-items/&amp;gt;&quot; class=&quot;issue-link&quot; data-issue-key=&quot;WICKET-6617&quot;&gt;&lt;del&gt;WICKET-6617&lt;/del&gt;&lt;/a&gt;-header-placeholder from &lt;a href=&quot;https://issues.apache.org/jira/secure/ViewProfile.jspa?name=solomax&quot; class=&quot;user-hover&quot; rel=&quot;solomax&quot;&gt;Maxim Solodovnik&lt;/a&gt;&lt;br/&gt;
[ &lt;a href=&quot;https://git-wip-us.apache.org/repos/asf?p=wicket.git;h=b832814&quot; class=&quot;external-link&quot; rel=&quot;nofollow&quot;&gt;https://git-wip-us.apache.org/repos/asf?p=wicket.git;h=b832814&lt;/a&gt; ]&lt;/p&gt;

&lt;p&gt;&lt;a href=&quot;https://issues.apache.org/jira/browse/WICKET-6617&quot; title=&quot;Header contribution ignore &amp;lt;wicket:header-items/&amp;gt;&quot; class=&quot;issue-link&quot; data-issue-key=&quot;WICKET-6617&quot;&gt;&lt;del&gt;WICKET-6617&lt;/del&gt;&lt;/a&gt; comment regarding auto-close is improved&lt;/p&gt;</comment>
                            <comment id="16706898" author="githubbot" created="Mon, 3 Dec 2018 09:44:36 +0000"  >&lt;p&gt;Github user svenmeier commented on a diff in the pull request:&lt;/p&gt;

&lt;p&gt;    &lt;a href=&quot;https://github.com/apache/wicket/pull/343#discussion_r238198570&quot; class=&quot;external-link&quot; rel=&quot;nofollow&quot;&gt;https://github.com/apache/wicket/pull/343#discussion_r238198570&lt;/a&gt;&lt;/p&gt;

&lt;p&gt;    &amp;#8212; Diff: wicket-core/src/main/java/org/apache/wicket/markup/html/internal/HtmlHeaderContainer.java &amp;#8212;&lt;br/&gt;
    @@ -161,19 +161,19 @@ public final void onComponentTagBody(MarkupStream markupStream, ComponentTag ope&lt;br/&gt;
     			final StringResponse response = new StringResponse();&lt;br/&gt;
     			getRequestCycle().setResponse(response);&lt;/p&gt;

&lt;ul class=&quot;alternate&quot; type=&quot;square&quot;&gt;
	&lt;li&gt;IHeaderResponse headerResponse = getHeaderResponse();&lt;/li&gt;
	&lt;li&gt;if (!response.equals(headerResponse.getResponse()))&lt;/li&gt;
	&lt;li&gt;{
    -				getRequestCycle().setResponse(headerResponse.getResponse());
    -			}
&lt;p&gt;    +			try (IHeaderResponse headerResponse = getHeaderResponse()) {&lt;br/&gt;
    +				if (!response.equals(headerResponse.getResponse()))&lt;br/&gt;
    +				&lt;/p&gt;
{
    +					getRequestCycle().setResponse(headerResponse.getResponse());
    +				}&lt;/li&gt;
&lt;/ul&gt;


&lt;ul class=&quot;alternate&quot; type=&quot;square&quot;&gt;
	&lt;li&gt;// Render the header sections of all components on the page&lt;/li&gt;
	&lt;li&gt;AbstractHeaderRenderStrategy.get().renderHeader(this,&lt;/li&gt;
	&lt;li&gt;new HeaderStreamState(markupStream, openTag), getPage());&lt;br/&gt;
    +				// Render the header sections of all components on the page&lt;br/&gt;
    +				AbstractHeaderRenderStrategy.get().renderHeader(this,&lt;br/&gt;
    +					new HeaderStreamState(markupStream, openTag), getPage());&lt;/li&gt;
&lt;/ul&gt;


&lt;ul class=&quot;alternate&quot; type=&quot;square&quot;&gt;
	&lt;li&gt;// Close the header response before rendering the header container itself&lt;/li&gt;
	&lt;li&gt;// See &lt;a href=&quot;https://issues.apache.org/jira/browse/WICKET-3728&quot; class=&quot;external-link&quot; rel=&quot;nofollow&quot;&gt;https://issues.apache.org/jira/browse/WICKET-3728&lt;/a&gt;&lt;/li&gt;
	&lt;li&gt;headerResponse.close();
	&lt;ul class=&quot;alternate&quot; type=&quot;square&quot;&gt;
		&lt;li&gt;
		&lt;ul class=&quot;alternate&quot; type=&quot;square&quot;&gt;
			&lt;li&gt;End diff &amp;#8211;&lt;/li&gt;
		&lt;/ul&gt;
		&lt;/li&gt;
	&lt;/ul&gt;
	&lt;/li&gt;
&lt;/ul&gt;


&lt;p&gt;    Thanks understood &lt;img class=&quot;emoticon&quot; src=&quot;https://issues.apache.org/jira/images/icons/emoticons/smile.png&quot; height=&quot;16&quot; width=&quot;16&quot; align=&quot;absmiddle&quot; alt=&quot;&quot; border=&quot;0&quot;/&gt;&lt;/p&gt;</comment>
                            <comment id="16706911" author="githubbot" created="Mon, 3 Dec 2018 09:53:40 +0000"  >&lt;p&gt;Github user svenmeier commented on a diff in the pull request:&lt;/p&gt;

&lt;p&gt;    &lt;a href=&quot;https://github.com/apache/wicket/pull/343#discussion_r238201851&quot; class=&quot;external-link&quot; rel=&quot;nofollow&quot;&gt;https://github.com/apache/wicket/pull/343#discussion_r238201851&lt;/a&gt;&lt;/p&gt;

&lt;p&gt;    &amp;#8212; Diff: wicket-core/src/main/java/org/apache/wicket/ajax/res/js/wicket-ajax-jquery.js &amp;#8212;&lt;br/&gt;
    @@ -2116,10 +2116,15 @@&lt;/p&gt;

&lt;p&gt;     			// Adds the element to page head&lt;br/&gt;
     			addElement: function (element) {&lt;/p&gt;
&lt;ul class=&quot;alternate&quot; type=&quot;square&quot;&gt;
	&lt;li&gt;var head = document.getElementsByTagName(&quot;head&quot;);&lt;br/&gt;
    +				var headItems = document.querySelector(&apos;head meta&lt;span class=&quot;error&quot;&gt;&amp;#91;name=&amp;quot;wicket.header.items&amp;quot;&amp;#93;&lt;/span&gt;&apos;);
	&lt;ul class=&quot;alternate&quot; type=&quot;square&quot;&gt;
		&lt;li&gt;
		&lt;ul class=&quot;alternate&quot; type=&quot;square&quot;&gt;
			&lt;li&gt;End diff &amp;#8211;&lt;/li&gt;
		&lt;/ul&gt;
		&lt;/li&gt;
	&lt;/ul&gt;
	&lt;/li&gt;
&lt;/ul&gt;


&lt;p&gt;    Seems we haven&apos;t used querySelector() before - are we increasing the minimum supported browser version with this?&lt;/p&gt;</comment>
                            <comment id="16706916" author="githubbot" created="Mon, 3 Dec 2018 09:55:45 +0000"  >&lt;p&gt;Github user solomax commented on a diff in the pull request:&lt;/p&gt;

&lt;p&gt;    &lt;a href=&quot;https://github.com/apache/wicket/pull/343#discussion_r238202582&quot; class=&quot;external-link&quot; rel=&quot;nofollow&quot;&gt;https://github.com/apache/wicket/pull/343#discussion_r238202582&lt;/a&gt;&lt;/p&gt;

&lt;p&gt;    &amp;#8212; Diff: wicket-core/src/main/java/org/apache/wicket/ajax/res/js/wicket-ajax-jquery.js &amp;#8212;&lt;br/&gt;
    @@ -2116,10 +2116,15 @@&lt;/p&gt;

&lt;p&gt;     			// Adds the element to page head&lt;br/&gt;
     			addElement: function (element) {&lt;/p&gt;
&lt;ul class=&quot;alternate&quot; type=&quot;square&quot;&gt;
	&lt;li&gt;var head = document.getElementsByTagName(&quot;head&quot;);&lt;br/&gt;
    +				var headItems = document.querySelector(&apos;head meta&lt;span class=&quot;error&quot;&gt;&amp;#91;name=&amp;quot;wicket.header.items&amp;quot;&amp;#93;&lt;/span&gt;&apos;);
	&lt;ul class=&quot;alternate&quot; type=&quot;square&quot;&gt;
		&lt;li&gt;
		&lt;ul class=&quot;alternate&quot; type=&quot;square&quot;&gt;
			&lt;li&gt;End diff &amp;#8211;&lt;/li&gt;
		&lt;/ul&gt;
		&lt;/li&gt;
	&lt;/ul&gt;
	&lt;/li&gt;
&lt;/ul&gt;


&lt;p&gt;    According to this table &lt;span class=&quot;error&quot;&gt;&amp;#91;1&amp;#93;&lt;/span&gt; `querySelector` is being supported by all browsers ...&lt;/p&gt;

&lt;p&gt;    &lt;span class=&quot;error&quot;&gt;&amp;#91;1&amp;#93;&lt;/span&gt; &lt;a href=&quot;https://developer.mozilla.org/en-US/docs/Web/API/Document/querySelector#Browser_Compatibility&quot; class=&quot;external-link&quot; rel=&quot;nofollow&quot;&gt;https://developer.mozilla.org/en-US/docs/Web/API/Document/querySelector#Browser_Compatibility&lt;/a&gt;&lt;/p&gt;</comment>
                            <comment id="16713524" author="githubbot" created="Sat, 8 Dec 2018 04:42:04 +0000"  >&lt;p&gt;Github user solomax commented on the issue:&lt;/p&gt;

&lt;p&gt;    &lt;a href=&quot;https://github.com/apache/wicket/pull/343&quot; class=&quot;external-link&quot; rel=&quot;nofollow&quot;&gt;https://github.com/apache/wicket/pull/343&lt;/a&gt;&lt;/p&gt;

&lt;p&gt;    @svenmeier  Should this be merged into 7.x?&lt;/p&gt;</comment>
                            <comment id="16713526" author="jira-bot" created="Sat, 8 Dec 2018 04:48:57 +0000"  >&lt;p&gt;Commit 23c46412d175c914ec6c09910cfc4af83bd75cde in wicket&apos;s branch refs/heads/wicket-8.x from &lt;a href=&quot;https://issues.apache.org/jira/secure/ViewProfile.jspa?name=solomax&quot; class=&quot;user-hover&quot; rel=&quot;solomax&quot;&gt;Maxim Solodovnik&lt;/a&gt;&lt;br/&gt;
[ &lt;a href=&quot;https://git-wip-us.apache.org/repos/asf?p=wicket.git;h=23c4641&quot; class=&quot;external-link&quot; rel=&quot;nofollow&quot;&gt;https://git-wip-us.apache.org/repos/asf?p=wicket.git;h=23c4641&lt;/a&gt; ]&lt;/p&gt;

&lt;p&gt;&lt;a href=&quot;https://issues.apache.org/jira/browse/WICKET-6617&quot; title=&quot;Header contribution ignore &amp;lt;wicket:header-items/&amp;gt;&quot; class=&quot;issue-link&quot; data-issue-key=&quot;WICKET-6617&quot;&gt;&lt;del&gt;WICKET-6617&lt;/del&gt;&lt;/a&gt; headers are added to header-items if specified&lt;/p&gt;</comment>
                            <comment id="16713541" author="jira-bot" created="Sat, 8 Dec 2018 05:14:16 +0000"  >&lt;p&gt;Commit 7befe9b3b4df36913e332cb7e045c1252e8b0baf in wicket&apos;s branch refs/heads/master from &lt;a href=&quot;https://issues.apache.org/jira/secure/ViewProfile.jspa?name=solomax&quot; class=&quot;user-hover&quot; rel=&quot;solomax&quot;&gt;Maxim Solodovnik&lt;/a&gt;&lt;br/&gt;
[ &lt;a href=&quot;https://git-wip-us.apache.org/repos/asf?p=wicket.git;h=7befe9b&quot; class=&quot;external-link&quot; rel=&quot;nofollow&quot;&gt;https://git-wip-us.apache.org/repos/asf?p=wicket.git;h=7befe9b&lt;/a&gt; ]&lt;/p&gt;

&lt;p&gt;&lt;a href=&quot;https://issues.apache.org/jira/browse/WICKET-6617&quot; title=&quot;Header contribution ignore &amp;lt;wicket:header-items/&amp;gt;&quot; class=&quot;issue-link&quot; data-issue-key=&quot;WICKET-6617&quot;&gt;&lt;del&gt;WICKET-6617&lt;/del&gt;&lt;/a&gt; headers are added to header-items if specified&lt;/p&gt;</comment>
                            <comment id="16713542" author="githubbot" created="Sat, 8 Dec 2018 05:15:30 +0000"  >&lt;p&gt;Github user solomax closed the pull request at:&lt;/p&gt;

&lt;p&gt;    &lt;a href=&quot;https://github.com/apache/wicket/pull/343&quot; class=&quot;external-link&quot; rel=&quot;nofollow&quot;&gt;https://github.com/apache/wicket/pull/343&lt;/a&gt;&lt;/p&gt;</comment>
                            <comment id="16713571" author="githubbot" created="Sat, 8 Dec 2018 07:22:45 +0000"  >&lt;p&gt;Github user svenmeier commented on the issue:&lt;/p&gt;

&lt;p&gt;    &lt;a href=&quot;https://github.com/apache/wicket/pull/343&quot; class=&quot;external-link&quot; rel=&quot;nofollow&quot;&gt;https://github.com/apache/wicket/pull/343&lt;/a&gt;&lt;/p&gt;

&lt;p&gt;    We should leave 7.x for people with support for  older browsers. Let them migrate to 8.x if they need newer features.&lt;/p&gt;</comment>
                            <comment id="16713583" author="githubbot" created="Sat, 8 Dec 2018 07:59:22 +0000"  >&lt;p&gt;Github user solomax commented on the issue:&lt;/p&gt;

&lt;p&gt;    &lt;a href=&quot;https://github.com/apache/wicket/pull/343&quot; class=&quot;external-link&quot; rel=&quot;nofollow&quot;&gt;https://github.com/apache/wicket/pull/343&lt;/a&gt;&lt;/p&gt;

&lt;p&gt;    OK &lt;img class=&quot;emoticon&quot; src=&quot;https://issues.apache.org/jira/images/icons/emoticons/smile.png&quot; height=&quot;16&quot; width=&quot;16&quot; align=&quot;absmiddle&quot; alt=&quot;&quot; border=&quot;0&quot;/&gt;&lt;/p&gt;</comment>
                    </comments>
                    <attachments>
                    </attachments>
                <subtasks>
                    </subtasks>
                <customfields>
                                                <customfield id="customfield_12310310" key="com.atlassian.jira.toolkit:attachments">
                        <customfieldname>Attachment count</customfieldname>
                        <customfieldvalues>
                            <customfieldvalue>0.0</customfieldvalue>
                        </customfieldvalues>
                    </customfield>
                                                                                                                                                                                                                                                                                                                                                                                                                                                                                                                                                                                        <customfield id="customfield_12310220" key="com.atlassian.jira.ext.charting:firstresponsedate">
                        <customfieldname>Date of First Response</customfieldname>
                        <customfieldvalues>
                            <customfieldvalue>Sun, 2 Dec 2018 08:09:55 +0000</customfieldvalue>

                        </customfieldvalues>
                    </customfield>
                                                                                                                        <customfield id="customfield_12313422" key="com.atlassian.jirafisheyeplugin:jobcheckbox">
                        <customfieldname>Enable Automatic Patch Review</customfieldname>
                        <customfieldvalues>
                            <customfieldvalue><![CDATA[false]]></customfieldvalue>

                        </customfieldvalues>
                    </customfield>
                                                                                                                                                                                                                                                                                                                                                                                                                                                                        <customfield id="customfield_12310420" key="com.pyxis.greenhopper.jira:gh-global-rank">
                        <customfieldname>Global Rank</customfieldname>
                        <customfieldvalues>
                            <customfieldvalue>9223372036854775807</customfieldvalue>
                        </customfieldvalues>
                    </customfield>
                                                                                                                        <customfield id="customfield_12312521" key="com.atlassian.jira.toolkit:LastCommentDate">
                        <customfieldname>Last public comment date</customfieldname>
                        <customfieldvalues>
                            17 weeks, 2 days ago
                        </customfieldvalues>
                    </customfield>
                                                                                                                                                    <customfield id="customfield_12311820" key="com.pyxis.greenhopper.jira:gh-lexo-rank">
                        <customfieldname>Rank</customfieldname>
                        <customfieldvalues>
                            <customfieldvalue>0|s012vk:</customfieldvalue>

                        </customfieldvalues>
                    </customfield>
                                                                <customfield id="customfield_12310920" key="com.pyxis.greenhopper.jira:gh-global-rank">
                        <customfieldname>Rank (Obsolete)</customfieldname>
                        <customfieldvalues>
                            <customfieldvalue>9223372036854775807</customfieldvalue>
                        </customfieldvalues>
                    </customfield>
                                                                                                                                                                                                                                                                                                                            <customfield id="customfield_12310222" key="com.atlassian.jira.ext.charting:timeinstatus">
                        <customfieldname>Time in Status</customfieldname>
                        <customfieldvalues>
                            
                        </customfieldvalues>
                    </customfield>
                                    </customfields>
    </item>
</channel>
</rss>