<!--
RSS generated by JIRA (7.6.3#76005-sha1:8a4e38d34af948780dbf52044e7aafb13a7cae58) at Mon Apr 08 11:27:20 UTC 2019

It is possible to restrict the fields that are returned in this document by specifying the 'field' parameter in your request.
For example, to request only the issue key and summary append 'field=key&field=summary' to the URL of your request.
-->
<!-- If you wish to do custom client-side styling of RSS, uncomment this:
<?xml-stylesheet href="https://issues.apache.org/jira/styles/jiraxml2html.xsl" type="text/xsl"?>
-->
<rss version="0.92">
    <channel>
        <title>ASF JIRA</title>
        <link>https://issues.apache.org/jira/issues/?jql=project+%3D+WICKET+AND+issuetype+%3D+Bug+AND+created+%3E%3D+2018-11-01+AND+created+%3C%3D+2018-12-01</link>
        <description>An XML representation of a search request</description>
                <language>en-uk</language>
                        <issue start="0" end="5" total="5"/>
                <build-info>
            <version>7.6.3</version>
            <build-number>76005</build-number>
            <build-date>09-01-2018</build-date>
        </build-info>

<item>
            <title>[WICKET-6616] Stateless pages are not rendered anymore before executing a behavior</title>
                <link>https://issues.apache.org/jira/browse/WICKET-6616</link>
                <project id="12310561" key="WICKET">Wicket</project>
                    <description>&lt;p&gt;I just upgraded&#160;from 8.1.0 to 8.2.0 and a bunch of my tests broke. A&#160;required form component on a stateless page&#160;that is hidden in &quot;onConfigure&quot; started to report an error after the upgrade.&lt;/p&gt;

&lt;p&gt;The problem was introduced in&#160;&lt;a href=&quot;https://issues.apache.org/jira/browse/WICKET-6608&quot; title=&quot;Stateless page, mix of queue and add can cause unforseen consequences&quot; class=&quot;issue-link&quot; data-issue-key=&quot;WICKET-6608&quot;&gt;&lt;del&gt;WICKET-6608&lt;/del&gt;&lt;/a&gt; by this commit:&lt;/p&gt;

&lt;p&gt;&lt;a href=&quot;https://github.com/apache/wicket/commit/147f6d33f839edd9a6eb53ce9c20b4cde07fc938&quot; class=&quot;external-link&quot; rel=&quot;nofollow&quot;&gt;https://github.com/apache/wicket/commit/147f6d33f839edd9a6eb53ce9c20b4cde07fc938&lt;/a&gt;&lt;/p&gt;

&lt;p&gt;Previously, the page was initialized &lt;b&gt;and&lt;/b&gt; rendered before returning the component. Now, for some reason, the page is initialized and the component returned immediately if it exists. This breaks all visibility/enabled conditions that are evaluated later in the life cycle of stateless components.&lt;/p&gt;</description>
                <environment></environment>
        <key id="13201161">WICKET-6616</key>
            <summary>Stateless pages are not rendered anymore before executing a behavior</summary>
                <type id="1" iconUrl="https://issues.apache.org/jira/secure/viewavatar?size=xsmall&amp;avatarId=21133&amp;avatarType=issuetype">Bug</type>
                                            <priority id="3" iconUrl="https://issues.apache.org/jira/images/icons/priorities/major.svg">Major</priority>
                        <status id="5" iconUrl="https://issues.apache.org/jira/images/icons/statuses/resolved.png" description="A resolution has been taken, and it is awaiting verification by reporter. From here issues are either reopened, or are closed.">Resolved</status>
                    <statusCategory id="3" key="done" colorName="green"/>
                                    <resolution id="1">Fixed</resolution>
                                        <assignee username="svenmeier">Sven Meier</assignee>
                                    <reporter username="thomas.heigl">Thomas Heigl</reporter>
                        <labels>
                    </labels>
                <created>Wed, 28 Nov 2018 17:46:45 +0000</created>
                <updated>Wed, 5 Dec 2018 14:29:31 +0000</updated>
                            <resolved>Mon, 3 Dec 2018 17:08:54 +0000</resolved>
                                    <version>8.2.0</version>
                                    <fixVersion>8.3.0</fixVersion>
                                    <component>wicket-core</component>
                        <due></due>
                            <votes>0</votes>
                                    <watches>4</watches>
                                                                <comments>
                            <comment id="16703030" author="thomas.heigl" created="Thu, 29 Nov 2018 11:04:23 +0000"  >&lt;p&gt;Hi&#160;&lt;a href=&quot;https://issues.apache.org/jira/secure/ViewProfile.jspa?name=bitstorm&quot; class=&quot;user-hover&quot; rel=&quot;bitstorm&quot;&gt;Andrea Del Bene&lt;/a&gt;! Could you look into this? I think that the fix for &lt;a href=&quot;https://issues.apache.org/jira/browse/WICKET-6608&quot; title=&quot;Stateless page, mix of queue and add can cause unforseen consequences&quot; class=&quot;issue-link&quot; data-issue-key=&quot;WICKET-6608&quot;&gt;&lt;del&gt;WICKET-6608&lt;/del&gt;&lt;/a&gt; has broken the component lifecycle for stateless pages.&#160;&lt;/p&gt;</comment>
                            <comment id="16703049" author="svenmeier" created="Thu, 29 Nov 2018 11:23:26 +0000"  >&lt;p&gt;Hi &lt;a href=&quot;https://issues.apache.org/jira/secure/ViewProfile.jspa?name=thomas.heigl&quot; class=&quot;user-hover&quot; rel=&quot;thomas.heigl&quot;&gt;Thomas Heigl&lt;/a&gt;,&lt;/p&gt;

&lt;p&gt;we&apos;ll probably revert the change done in &lt;a href=&quot;https://issues.apache.org/jira/browse/WICKET-6608&quot; title=&quot;Stateless page, mix of queue and add can cause unforseen consequences&quot; class=&quot;issue-link&quot; data-issue-key=&quot;WICKET-6608&quot;&gt;&lt;del&gt;WICKET-6608&lt;/del&gt;&lt;/a&gt;, but need some time to investigate this.&lt;/p&gt;

&lt;p&gt;In the meantime you could strengthen the case for this issue by providing a testcase that we can include in Wicket. It seems stateless component lifecycle is still not properly defined&#160; (and validated with tests).&lt;/p&gt;

&lt;p&gt;Thanks&lt;br/&gt;
Sven&lt;/p&gt;</comment>
                            <comment id="16703119" author="thomas.heigl" created="Thu, 29 Nov 2018 12:48:35 +0000"  >&lt;p&gt;Attached quickstart with test that passes in 8.1.0 and fails in 8.2.0.&lt;/p&gt;

&lt;p&gt;The test&#160;only passes&#160;if the target component cannot be resolved immediately. So if I add the form in the constructor, instead of in &lt;tt&gt;onInitialize&lt;/tt&gt;, the test already fails&#160;in 8.1.0.&lt;/p&gt;</comment>
                            <comment id="16703121" author="thomas.heigl" created="Thu, 29 Nov 2018 12:50:14 +0000"  >&lt;p&gt;I wasn&apos;t able to write a clean test and had to resort to throwing an &lt;tt&gt;AssertionError&lt;/tt&gt;. Asserting with &lt;tt&gt;tester.hasNoErrorMessages()&lt;/tt&gt; does not seem to work with stateless forms in my example. Error messages seem to be lost somehow.&lt;/p&gt;</comment>
                            <comment id="16703230" author="bitstorm" created="Thu, 29 Nov 2018 14:17:33 +0000"  >&lt;p&gt;Hi &lt;a href=&quot;https://issues.apache.org/jira/secure/ViewProfile.jspa?name=thomas.heigl&quot; class=&quot;user-hover&quot; rel=&quot;thomas.heigl&quot;&gt;Thomas Heigl&lt;/a&gt;,&lt;/p&gt;

&lt;p&gt;I totally agree with Sven, we probably need to revert the commit for &lt;a href=&quot;https://issues.apache.org/jira/browse/WICKET-6608&quot; title=&quot;Stateless page, mix of queue and add can cause unforseen consequences&quot; class=&quot;issue-link&quot; data-issue-key=&quot;WICKET-6608&quot;&gt;&lt;del&gt;WICKET-6608&lt;/del&gt;&lt;/a&gt;. As you correctly noted since 8.2.0 those components not directly added to the page are no more rendered if they are added during initialization phase.&lt;/p&gt;</comment>
                            <comment id="16703541" author="svenmeier" created="Thu, 29 Nov 2018 17:30:14 +0000"  >&lt;p&gt;After some investigation I&apos;m not sure whether that change from &lt;a href=&quot;https://issues.apache.org/jira/browse/WICKET-6608&quot; title=&quot;Stateless page, mix of queue and add can cause unforseen consequences&quot; class=&quot;issue-link&quot; data-issue-key=&quot;WICKET-6608&quot;&gt;&lt;del&gt;WICKET-6608&lt;/del&gt;&lt;/a&gt; is so bad afterall:&lt;/p&gt;

&lt;p&gt;What if a component is in the stateless page from the start (i.e. no queueing or adding from onInitialize() involved)? In that case #onConfigure() will not be called either.&lt;/p&gt;

&lt;p&gt;So either we don&apos;t care for this (and dequeued might not be configured too) or we have to change PageAndComponentProvider to always render stateless pages, before any non-configured component is picked from the page.&lt;/p&gt;</comment>
                            <comment id="16704547" author="thomas.heigl" created="Fri, 30 Nov 2018 10:33:00 +0000"  >&lt;p&gt;The use-case in my test is very&#160;simple. On a&#160;stateful page, it works as expected.&#160;On a stateless page it fails and&#160;as a developer I can&apos;t be sure if my lifecycle callbacks will be executed or not. This makes it extremely hard to reason about non-trivial (i.e. everything is added in the constructor) stateless pages.&lt;/p&gt;

&lt;p&gt;In my opinion, stateless pages should behave as much as&#160;stateful pages as possible. I&apos;d vote for always rendering them.&lt;/p&gt;</comment>
                            <comment id="16705986" author="jira-bot" created="Sat, 1 Dec 2018 20:15:46 +0000"  >&lt;p&gt;Commit 557115433e3485fc6ab50607ae930ff46c14c80a in wicket&apos;s branch refs/heads/&lt;a href=&quot;https://issues.apache.org/jira/browse/WICKET-6616&quot; title=&quot;Stateless pages are not rendered anymore before executing a behavior&quot; class=&quot;issue-link&quot; data-issue-key=&quot;WICKET-6616&quot;&gt;&lt;del&gt;WICKET-6616&lt;/del&gt;&lt;/a&gt;-render-new-pages from &lt;a href=&quot;https://issues.apache.org/jira/secure/ViewProfile.jspa?name=svenmeier&quot; class=&quot;user-hover&quot; rel=&quot;svenmeier&quot;&gt;Sven Meier&lt;/a&gt;&lt;br/&gt;
[ &lt;a href=&quot;https://git-wip-us.apache.org/repos/asf?p=wicket.git;h=5571154&quot; class=&quot;external-link&quot; rel=&quot;nofollow&quot;&gt;https://git-wip-us.apache.org/repos/asf?p=wicket.git;h=5571154&lt;/a&gt; ]&lt;/p&gt;

&lt;p&gt;&lt;a href=&quot;https://issues.apache.org/jira/browse/WICKET-6616&quot; title=&quot;Stateless pages are not rendered anymore before executing a behavior&quot; class=&quot;issue-link&quot; data-issue-key=&quot;WICKET-6616&quot;&gt;&lt;del&gt;WICKET-6616&lt;/del&gt;&lt;/a&gt; always render new pages&lt;/p&gt;</comment>
                            <comment id="16706468" author="jira-bot" created="Sun, 2 Dec 2018 21:09:47 +0000"  >&lt;p&gt;Commit daecc1efe9bec652d4b3925d15cf16a91e0fa275 in wicket&apos;s branch refs/heads/&lt;a href=&quot;https://issues.apache.org/jira/browse/WICKET-6616&quot; title=&quot;Stateless pages are not rendered anymore before executing a behavior&quot; class=&quot;issue-link&quot; data-issue-key=&quot;WICKET-6616&quot;&gt;&lt;del&gt;WICKET-6616&lt;/del&gt;&lt;/a&gt;-render-new-pages from &lt;a href=&quot;https://issues.apache.org/jira/secure/ViewProfile.jspa?name=bitstorm&quot; class=&quot;user-hover&quot; rel=&quot;bitstorm&quot;&gt;Andrea Del Bene&lt;/a&gt;&lt;br/&gt;
[ &lt;a href=&quot;https://git-wip-us.apache.org/repos/asf?p=wicket.git;h=daecc1e&quot; class=&quot;external-link&quot; rel=&quot;nofollow&quot;&gt;https://git-wip-us.apache.org/repos/asf?p=wicket.git;h=daecc1e&lt;/a&gt; ]&lt;/p&gt;

&lt;p&gt;&lt;a href=&quot;https://issues.apache.org/jira/browse/WICKET-6616&quot; title=&quot;Stateless pages are not rendered anymore before executing a behavior&quot; class=&quot;issue-link&quot; data-issue-key=&quot;WICKET-6616&quot;&gt;&lt;del&gt;WICKET-6616&lt;/del&gt;&lt;/a&gt; discard stateless page instance after invoking listener&lt;/p&gt;</comment>
                            <comment id="16707540" author="svenmeier" created="Mon, 3 Dec 2018 17:08:54 +0000"  >&lt;p&gt;&lt;a href=&quot;https://issues.apache.org/jira/browse/WICKET-6608&quot; title=&quot;Stateless page, mix of queue and add can cause unforseen consequences&quot; class=&quot;issue-link&quot; data-issue-key=&quot;WICKET-6608&quot;&gt;&lt;del&gt;WICKET-6608&lt;/del&gt;&lt;/a&gt; was reverted.&lt;/p&gt;</comment>
                    </comments>
                <issuelinks>
                            <issuelinktype id="12310560">
                    <name>Problem/Incident</name>
                                                                <inwardlinks description="is caused by">
                                        <issuelink>
            <issuekey id="13195336">WICKET-6608</issuekey>
        </issuelink>
                            </inwardlinks>
                                    </issuelinktype>
                            <issuelinktype id="10030">
                    <name>Reference</name>
                                                                <inwardlinks description="is related to">
                                        <issuelink>
            <issuekey id="13202555">WICKET-6618</issuekey>
        </issuelink>
                            </inwardlinks>
                                    </issuelinktype>
                    </issuelinks>
                <attachments>
                            <attachment id="12950009" name="myproject.zip" size="26975" author="thomas.heigl" created="Thu, 29 Nov 2018 12:45:33 +0000"/>
                    </attachments>
                <subtasks>
                    </subtasks>
                <customfields>
                                                <customfield id="customfield_12310310" key="com.atlassian.jira.toolkit:attachments">
                        <customfieldname>Attachment count</customfieldname>
                        <customfieldvalues>
                            <customfieldvalue>1.0</customfieldvalue>
                        </customfieldvalues>
                    </customfield>
                                                                                                                                                                                                                                                                                                                                                                                                                                                                                                                                                                                        <customfield id="customfield_12310220" key="com.atlassian.jira.ext.charting:firstresponsedate">
                        <customfieldname>Date of First Response</customfieldname>
                        <customfieldvalues>
                            <customfieldvalue>Thu, 29 Nov 2018 11:23:26 +0000</customfieldvalue>

                        </customfieldvalues>
                    </customfield>
                                                                                                                        <customfield id="customfield_12313422" key="com.atlassian.jirafisheyeplugin:jobcheckbox">
                        <customfieldname>Enable Automatic Patch Review</customfieldname>
                        <customfieldvalues>
                            <customfieldvalue><![CDATA[false]]></customfieldvalue>

                        </customfieldvalues>
                    </customfield>
                                                                                                                                                                                                                                                                                                                                                                                                                                                                        <customfield id="customfield_12310420" key="com.pyxis.greenhopper.jira:gh-global-rank">
                        <customfieldname>Global Rank</customfieldname>
                        <customfieldvalues>
                            <customfieldvalue>9223372036854775807</customfieldvalue>
                        </customfieldvalues>
                    </customfield>
                                                                                                                        <customfield id="customfield_12312521" key="com.atlassian.jira.toolkit:LastCommentDate">
                        <customfieldname>Last public comment date</customfieldname>
                        <customfieldvalues>
                            17 weeks, 6 days ago
                        </customfieldvalues>
                    </customfield>
                                                                                                                                                    <customfield id="customfield_12311820" key="com.pyxis.greenhopper.jira:gh-lexo-rank">
                        <customfieldname>Rank</customfieldname>
                        <customfieldvalues>
                            <customfieldvalue>0|s00yp4:</customfieldvalue>

                        </customfieldvalues>
                    </customfield>
                                                                <customfield id="customfield_12310920" key="com.pyxis.greenhopper.jira:gh-global-rank">
                        <customfieldname>Rank (Obsolete)</customfieldname>
                        <customfieldvalues>
                            <customfieldvalue>9223372036854775807</customfieldvalue>
                        </customfieldvalues>
                    </customfield>
                                                                                                                                                                                                                                                                                                                            <customfield id="customfield_12310222" key="com.atlassian.jira.ext.charting:timeinstatus">
                        <customfieldname>Time in Status</customfieldname>
                        <customfieldvalues>
                            
                        </customfieldvalues>
                    </customfield>
                                    </customfields>
    </item>


<item>
            <title>[WICKET-6614] AbstractRangeValidator looks up string with the wrong key if locale is Turkish</title>
                <link>https://issues.apache.org/jira/browse/WICKET-6614</link>
                <project id="12310561" key="WICKET">Wicket</project>
                    <description>&lt;p&gt;If you run your Wicket application on a system with Turkish locale, and you&apos;re using `StringValidator`, the string key you end up looking up is `&quot;StringValidator.m&#305;n&#305;mum&quot;`, when it should be `&quot;StringValidator.minimum&quot;`. This results in either an empty message or an exception, depending on the resource settings for the application.&lt;/p&gt;

&lt;p&gt;`AbstractRangeValidator` turns out to have this:&lt;/p&gt;

&lt;div class=&quot;code panel&quot; style=&quot;border-width: 1px;&quot;&gt;&lt;div class=&quot;codeContent panelContent&quot;&gt;
&lt;pre class=&quot;code-java&quot;&gt;
	&lt;span class=&quot;code-keyword&quot;&gt;public&lt;/span&gt; &lt;span class=&quot;code-keyword&quot;&gt;static&lt;/span&gt; &lt;span class=&quot;code-keyword&quot;&gt;enum&lt;/span&gt; Mode {
		MINIMUM, MAXIMUM, RANGE, EXACT;

		&lt;span class=&quot;code-keyword&quot;&gt;public&lt;/span&gt; &lt;span class=&quot;code-object&quot;&gt;String&lt;/span&gt; getVariation()
		{
			&lt;span class=&quot;code-keyword&quot;&gt;return&lt;/span&gt; name().toLowerCase();
		}
	}
&lt;/pre&gt;
&lt;/div&gt;&lt;/div&gt;

&lt;p&gt;This `toLowerCase()` should probably be `toLowerCase(Locale.ROOT)`.&lt;/p&gt;

&lt;p&gt;I&apos;d also recommend setting up forbidden-apis or similar to catch similar issues at build-time.&lt;/p&gt;</description>
                <environment></environment>
        <key id="13199240">WICKET-6614</key>
            <summary>AbstractRangeValidator looks up string with the wrong key if locale is Turkish</summary>
                <type id="1" iconUrl="https://issues.apache.org/jira/secure/viewavatar?size=xsmall&amp;avatarId=21133&amp;avatarType=issuetype">Bug</type>
                                            <priority id="3" iconUrl="https://issues.apache.org/jira/images/icons/priorities/major.svg">Major</priority>
                        <status id="5" iconUrl="https://issues.apache.org/jira/images/icons/statuses/resolved.png" description="A resolution has been taken, and it is awaiting verification by reporter. From here issues are either reopened, or are closed.">Resolved</status>
                    <statusCategory id="3" key="done" colorName="green"/>
                                    <resolution id="1">Fixed</resolution>
                                        <assignee username="svenmeier">Sven Meier</assignee>
                                    <reporter username="trejkaz">Trejkaz</reporter>
                        <labels>
                    </labels>
                <created>Mon, 19 Nov 2018 06:54:39 +0000</created>
                <updated>Thu, 6 Dec 2018 20:31:24 +0000</updated>
                            <resolved>Wed, 21 Nov 2018 14:04:06 +0000</resolved>
                                    <version>7.6.0</version>
                                    <fixVersion>7.11.0</fixVersion>
                    <fixVersion>8.2.0</fixVersion>
                    <fixVersion>9.0.0</fixVersion>
                                    <component>wicket-core</component>
                        <due></due>
                            <votes>0</votes>
                                    <watches>4</watches>
                                                                <comments>
                            <comment id="16691496" author="svenmeier" created="Mon, 19 Nov 2018 10:02:03 +0000"  >&lt;p&gt;Thanks &lt;a href=&quot;https://issues.apache.org/jira/secure/ViewProfile.jspa?name=trejkaz&quot; class=&quot;user-hover&quot; rel=&quot;trejkaz&quot;&gt;Trejkaz&lt;/a&gt; you&apos;re absolutely right.&lt;/p&gt;

&lt;p&gt;I&apos;ll change all invocations to user Locale.ROOT as you have suggested (toUpperCase and toLowerCase).&lt;/p&gt;

&lt;p&gt;@devs: &lt;br/&gt;
I&apos;ve tried policeman-tools/forbidden-apis and it works fine:&lt;/p&gt;
&lt;div class=&quot;code panel&quot; style=&quot;border-width: 1px;&quot;&gt;&lt;div class=&quot;codeContent panelContent&quot;&gt;
&lt;pre class=&quot;code-java&quot;&gt;
&amp;lt;plugin&amp;gt;
&#160;&#160; &#160;&amp;lt;groupId&amp;gt;de.thetaphi&amp;lt;/groupId&amp;gt;
&#160;&#160; &#160;&amp;lt;artifactId&amp;gt;forbiddenapis&amp;lt;/artifactId&amp;gt;
&#160;&#160; &#160;&amp;lt;version&amp;gt;2.6&amp;lt;/version&amp;gt;
&#160;&#160; &#160;&amp;lt;configuration&amp;gt;
&#160;&#160; &#160;&#160;&#160; &#160;&amp;lt;failOnUnsupportedJava&amp;gt;&lt;span class=&quot;code-keyword&quot;&gt;false&lt;/span&gt;&amp;lt;/failOnUnsupportedJava&amp;gt;
&#160;&#160; &#160;&#160;&#160; &#160;&amp;lt;signatures&amp;gt;&amp;lt;![CDATA[
&#160;&#160; &#160;&#160;&#160; &#160;&#160;&#160; &#160;@ Specify Locale.ROOT to ensure locale insensitive conversion
&#160;&#160; &#160;&#160;&#160; &#160;&#160;&#160; &#160;java.lang.&lt;span class=&quot;code-object&quot;&gt;String&lt;/span&gt;#toLowerCase() 
&#160;&#160; &#160;&#160;&#160; &#160;&#160;&#160; &#160;java.lang.&lt;span class=&quot;code-object&quot;&gt;String&lt;/span&gt;#toUpperCase()
&#160;&#160; &#160;&#160;&#160; &#160;]]&amp;gt;&amp;lt;/signatures&amp;gt;
&#160;&#160; &#160;&amp;lt;/configuration&amp;gt;
&amp;lt;/plugin&amp;gt;
&lt;/pre&gt;
&lt;/div&gt;&lt;/div&gt;
&lt;p&gt;Any objections to adding this plugin to wicket-parent? Or are we using something similar already?&lt;/p&gt;</comment>
                            <comment id="16691499" author="solomax" created="Mon, 19 Nov 2018 10:06:53 +0000"  >&lt;p&gt;+1&#160;to add this plugin&lt;/p&gt;</comment>
                            <comment id="16693062" author="solomax" created="Tue, 20 Nov 2018 11:08:08 +0000"  >&lt;p&gt;I would change&lt;/p&gt;
&lt;div class=&quot;code panel&quot; style=&quot;border-width: 1px;&quot;&gt;&lt;div class=&quot;codeContent panelContent&quot;&gt;
&lt;pre class=&quot;code-java&quot;&gt;
@ Specify Locale.ROOT to ensure locale insensitive conversion
&lt;/pre&gt;
&lt;/div&gt;&lt;/div&gt;

&lt;p&gt;To&lt;/p&gt;

&lt;div class=&quot;code panel&quot; style=&quot;border-width: 1px;&quot;&gt;&lt;div class=&quot;codeContent panelContent&quot;&gt;
&lt;pre class=&quot;code-java&quot;&gt;
@defaultMessage Specify Locale.ROOT to ensure locale insensitive conversion
&lt;/pre&gt;
&lt;/div&gt;&lt;/div&gt;

&lt;p&gt;this way problem file name will also be printed&lt;/p&gt;

&lt;p&gt;also I would add&lt;/p&gt;
&lt;div class=&quot;code panel&quot; style=&quot;border-width: 1px;&quot;&gt;&lt;div class=&quot;codeContent panelContent&quot;&gt;
&lt;pre class=&quot;code-java&quot;&gt;
&amp;lt;executions&amp;gt;
	&amp;lt;execution&amp;gt;
		&amp;lt;id&amp;gt;forbiddenapis&amp;lt;/id&amp;gt;
		&amp;lt;goals&amp;gt;
			&amp;lt;goal&amp;gt;check&amp;lt;/goal&amp;gt;
			&amp;lt;goal&amp;gt;testCheck&amp;lt;/goal&amp;gt;
		&amp;lt;/goals&amp;gt;
	&amp;lt;/execution&amp;gt;
&amp;lt;/executions&amp;gt;
&lt;/pre&gt;
&lt;/div&gt;&lt;/div&gt;</comment>
                            <comment id="16693315" author="jira-bot" created="Tue, 20 Nov 2018 14:39:31 +0000"  >&lt;p&gt;Commit e8be9c09d4590fd64e71c36d66e4afde339b5b76 in wicket&apos;s branch refs/heads/wicket-7.x from &lt;a href=&quot;https://issues.apache.org/jira/secure/ViewProfile.jspa?name=svenmeier&quot; class=&quot;user-hover&quot; rel=&quot;svenmeier&quot;&gt;Sven Meier&lt;/a&gt;&lt;br/&gt;
[ &lt;a href=&quot;https://git-wip-us.apache.org/repos/asf?p=wicket.git;h=e8be9c0&quot; class=&quot;external-link&quot; rel=&quot;nofollow&quot;&gt;https://git-wip-us.apache.org/repos/asf?p=wicket.git;h=e8be9c0&lt;/a&gt; ]&lt;/p&gt;

&lt;p&gt;&lt;a href=&quot;https://issues.apache.org/jira/browse/WICKET-6614&quot; title=&quot;AbstractRangeValidator looks up string with the wrong key if locale is Turkish&quot; class=&quot;issue-link&quot; data-issue-key=&quot;WICKET-6614&quot;&gt;&lt;del&gt;WICKET-6614&lt;/del&gt;&lt;/a&gt; upperCase and lowerCase with root locale&lt;/p&gt;

&lt;p&gt;for locale insentive conversion&lt;/p&gt;</comment>
                            <comment id="16693338" author="jira-bot" created="Tue, 20 Nov 2018 15:00:50 +0000"  >&lt;p&gt;Commit 462606fe4168b5ff353ab425fb067953dec8c912 in wicket&apos;s branch refs/heads/wicket-7.x from &lt;a href=&quot;https://issues.apache.org/jira/secure/ViewProfile.jspa?name=svenmeier&quot; class=&quot;user-hover&quot; rel=&quot;svenmeier&quot;&gt;Sven Meier&lt;/a&gt;&lt;br/&gt;
[ &lt;a href=&quot;https://git-wip-us.apache.org/repos/asf?p=wicket.git;h=462606f&quot; class=&quot;external-link&quot; rel=&quot;nofollow&quot;&gt;https://git-wip-us.apache.org/repos/asf?p=wicket.git;h=462606f&lt;/a&gt; ]&lt;/p&gt;

&lt;p&gt;&lt;a href=&quot;https://issues.apache.org/jira/browse/WICKET-6614&quot; title=&quot;AbstractRangeValidator looks up string with the wrong key if locale is Turkish&quot; class=&quot;issue-link&quot; data-issue-key=&quot;WICKET-6614&quot;&gt;&lt;del&gt;WICKET-6614&lt;/del&gt;&lt;/a&gt; moved version to pluginManagement&lt;/p&gt;</comment>
                            <comment id="16694367" author="jira-bot" created="Wed, 21 Nov 2018 08:15:53 +0000"  >&lt;p&gt;Commit 1c4ea3d4c00175a0ea775f8328ef639cd7181e6e in wicket&apos;s branch refs/heads/wicket-7.x from &lt;a href=&quot;https://issues.apache.org/jira/secure/ViewProfile.jspa?name=svenmeier&quot; class=&quot;user-hover&quot; rel=&quot;svenmeier&quot;&gt;Sven Meier&lt;/a&gt;&lt;br/&gt;
[ &lt;a href=&quot;https://git-wip-us.apache.org/repos/asf?p=wicket.git;h=1c4ea3d&quot; class=&quot;external-link&quot; rel=&quot;nofollow&quot;&gt;https://git-wip-us.apache.org/repos/asf?p=wicket.git;h=1c4ea3d&lt;/a&gt; ]&lt;/p&gt;

&lt;p&gt;&lt;a href=&quot;https://issues.apache.org/jira/browse/WICKET-6614&quot; title=&quot;AbstractRangeValidator looks up string with the wrong key if locale is Turkish&quot; class=&quot;issue-link&quot; data-issue-key=&quot;WICKET-6614&quot;&gt;&lt;del&gt;WICKET-6614&lt;/del&gt;&lt;/a&gt; moved configuration to pluginManagement too&lt;/p&gt;</comment>
                            <comment id="16694369" author="jira-bot" created="Wed, 21 Nov 2018 08:19:01 +0000"  >&lt;p&gt;Commit 72f02983a0166884599226257f74769c0acb42c7 in wicket&apos;s branch refs/heads/wicket-7.x from &lt;a href=&quot;https://issues.apache.org/jira/secure/ViewProfile.jspa?name=svenmeier&quot; class=&quot;user-hover&quot; rel=&quot;svenmeier&quot;&gt;Sven Meier&lt;/a&gt;&lt;br/&gt;
[ &lt;a href=&quot;https://git-wip-us.apache.org/repos/asf?p=wicket.git;h=72f0298&quot; class=&quot;external-link&quot; rel=&quot;nofollow&quot;&gt;https://git-wip-us.apache.org/repos/asf?p=wicket.git;h=72f0298&lt;/a&gt; ]&lt;/p&gt;

&lt;p&gt;&lt;a href=&quot;https://issues.apache.org/jira/browse/WICKET-6614&quot; title=&quot;AbstractRangeValidator looks up string with the wrong key if locale is Turkish&quot; class=&quot;issue-link&quot; data-issue-key=&quot;WICKET-6614&quot;&gt;&lt;del&gt;WICKET-6614&lt;/del&gt;&lt;/a&gt; pleasing pedantic enforcer&lt;/p&gt;</comment>
                            <comment id="16694442" author="jira-bot" created="Wed, 21 Nov 2018 09:22:13 +0000"  >&lt;p&gt;Commit 00c631bf9eaa5a1652d49fe6164e4097307497e5 in wicket&apos;s branch refs/heads/wicket-8.x from &lt;a href=&quot;https://issues.apache.org/jira/secure/ViewProfile.jspa?name=svenmeier&quot; class=&quot;user-hover&quot; rel=&quot;svenmeier&quot;&gt;Sven Meier&lt;/a&gt;&lt;br/&gt;
[ &lt;a href=&quot;https://git-wip-us.apache.org/repos/asf?p=wicket.git;h=00c631b&quot; class=&quot;external-link&quot; rel=&quot;nofollow&quot;&gt;https://git-wip-us.apache.org/repos/asf?p=wicket.git;h=00c631b&lt;/a&gt; ]&lt;/p&gt;

&lt;p&gt;&lt;a href=&quot;https://issues.apache.org/jira/browse/WICKET-6614&quot; title=&quot;AbstractRangeValidator looks up string with the wrong key if locale is Turkish&quot; class=&quot;issue-link&quot; data-issue-key=&quot;WICKET-6614&quot;&gt;&lt;del&gt;WICKET-6614&lt;/del&gt;&lt;/a&gt; upperCase and lowerCase with root locale&lt;/p&gt;

&lt;p&gt;for locale insentive conversion&lt;/p&gt;</comment>
                            <comment id="16694489" author="jira-bot" created="Wed, 21 Nov 2018 09:48:48 +0000"  >&lt;p&gt;Commit e026e3468b5fa673ae92a4fadc8317fe3e4b03f9 in wicket&apos;s branch refs/heads/wicket-8.x from &lt;a href=&quot;https://issues.apache.org/jira/secure/ViewProfile.jspa?name=svenmeier&quot; class=&quot;user-hover&quot; rel=&quot;svenmeier&quot;&gt;Sven Meier&lt;/a&gt;&lt;br/&gt;
[ &lt;a href=&quot;https://git-wip-us.apache.org/repos/asf?p=wicket.git;h=e026e34&quot; class=&quot;external-link&quot; rel=&quot;nofollow&quot;&gt;https://git-wip-us.apache.org/repos/asf?p=wicket.git;h=e026e34&lt;/a&gt; ]&lt;/p&gt;

&lt;p&gt;&lt;a href=&quot;https://issues.apache.org/jira/browse/WICKET-6614&quot; title=&quot;AbstractRangeValidator looks up string with the wrong key if locale is Turkish&quot; class=&quot;issue-link&quot; data-issue-key=&quot;WICKET-6614&quot;&gt;&lt;del&gt;WICKET-6614&lt;/del&gt;&lt;/a&gt; moved plugin to pluginManagement&lt;/p&gt;</comment>
                            <comment id="16694532" author="jira-bot" created="Wed, 21 Nov 2018 10:30:03 +0000"  >&lt;p&gt;Commit 138abdd0ecb05947d42385db22982f3a42439e16 in wicket&apos;s branch refs/heads/master from &lt;a href=&quot;https://issues.apache.org/jira/secure/ViewProfile.jspa?name=svenmeier&quot; class=&quot;user-hover&quot; rel=&quot;svenmeier&quot;&gt;Sven Meier&lt;/a&gt;&lt;br/&gt;
[ &lt;a href=&quot;https://git-wip-us.apache.org/repos/asf?p=wicket.git;h=138abdd&quot; class=&quot;external-link&quot; rel=&quot;nofollow&quot;&gt;https://git-wip-us.apache.org/repos/asf?p=wicket.git;h=138abdd&lt;/a&gt; ]&lt;/p&gt;

&lt;p&gt;&lt;a href=&quot;https://issues.apache.org/jira/browse/WICKET-6614&quot; title=&quot;AbstractRangeValidator looks up string with the wrong key if locale is Turkish&quot; class=&quot;issue-link&quot; data-issue-key=&quot;WICKET-6614&quot;&gt;&lt;del&gt;WICKET-6614&lt;/del&gt;&lt;/a&gt; upperCase and lowerCase with root locale&lt;/p&gt;

&lt;p&gt;for locale insentive conversion&lt;/p&gt;</comment>
                            <comment id="16694746" author="svenmeier" created="Wed, 21 Nov 2018 14:04:06 +0000"  >&lt;p&gt;Thanks &lt;a href=&quot;https://issues.apache.org/jira/secure/ViewProfile.jspa?name=trejkaz&quot; class=&quot;user-hover&quot; rel=&quot;trejkaz&quot;&gt;Trejkaz&lt;/a&gt;&lt;/p&gt;</comment>
                            <comment id="16694752" author="svenmeier" created="Wed, 21 Nov 2018 14:06:41 +0000"  >&lt;p&gt;&lt;a href=&quot;https://issues.apache.org/jira/secure/ViewProfile.jspa?name=solomax&quot; class=&quot;user-hover&quot; rel=&quot;solomax&quot;&gt;Maxim Solodovnik&lt;/a&gt; the plugin runs in the &lt;tt&gt;verify&lt;/tt&gt; lifecycle phase anyways, so no need to specify any executions.&lt;/p&gt;</comment>
                            <comment id="16711996" author="jira-bot" created="Thu, 6 Dec 2018 20:31:24 +0000"  >&lt;p&gt;Commit 138abdd0ecb05947d42385db22982f3a42439e16 in wicket&apos;s branch refs/heads/&lt;a href=&quot;https://issues.apache.org/jira/browse/WICKET-6563&quot; title=&quot;Rework page and data storage&quot; class=&quot;issue-link&quot; data-issue-key=&quot;WICKET-6563&quot;&gt;WICKET-6563&lt;/a&gt; from &lt;a href=&quot;https://issues.apache.org/jira/secure/ViewProfile.jspa?name=svenmeier&quot; class=&quot;user-hover&quot; rel=&quot;svenmeier&quot;&gt;Sven Meier&lt;/a&gt;&lt;br/&gt;
[ &lt;a href=&quot;https://git-wip-us.apache.org/repos/asf?p=wicket.git;h=138abdd&quot; class=&quot;external-link&quot; rel=&quot;nofollow&quot;&gt;https://git-wip-us.apache.org/repos/asf?p=wicket.git;h=138abdd&lt;/a&gt; ]&lt;/p&gt;

&lt;p&gt;&lt;a href=&quot;https://issues.apache.org/jira/browse/WICKET-6614&quot; title=&quot;AbstractRangeValidator looks up string with the wrong key if locale is Turkish&quot; class=&quot;issue-link&quot; data-issue-key=&quot;WICKET-6614&quot;&gt;&lt;del&gt;WICKET-6614&lt;/del&gt;&lt;/a&gt; upperCase and lowerCase with root locale&lt;/p&gt;

&lt;p&gt;for locale insentive conversion&lt;/p&gt;</comment>
                    </comments>
                    <attachments>
                            <attachment id="12948667" name="WICKET-6614.patch" size="907" author="trejkaz" created="Mon, 19 Nov 2018 07:03:19 +0000"/>
                            <attachment id="12948668" name="report.txt" size="338987" author="trejkaz" created="Mon, 19 Nov 2018 07:03:26 +0000"/>
                    </attachments>
                <subtasks>
                    </subtasks>
                <customfields>
                                                <customfield id="customfield_12310310" key="com.atlassian.jira.toolkit:attachments">
                        <customfieldname>Attachment count</customfieldname>
                        <customfieldvalues>
                            <customfieldvalue>2.0</customfieldvalue>
                        </customfieldvalues>
                    </customfield>
                                                                                                                                                                                                                                                                                                                                                                                                                                                                                                                                                                                        <customfield id="customfield_12310220" key="com.atlassian.jira.ext.charting:firstresponsedate">
                        <customfieldname>Date of First Response</customfieldname>
                        <customfieldvalues>
                            <customfieldvalue>Mon, 19 Nov 2018 10:02:03 +0000</customfieldvalue>

                        </customfieldvalues>
                    </customfield>
                                                                                                                        <customfield id="customfield_12313422" key="com.atlassian.jirafisheyeplugin:jobcheckbox">
                        <customfieldname>Enable Automatic Patch Review</customfieldname>
                        <customfieldvalues>
                            <customfieldvalue><![CDATA[false]]></customfieldvalue>

                        </customfieldvalues>
                    </customfield>
                                                                                                                                                                                                                                                                                                                                                                                                                                                                        <customfield id="customfield_12310420" key="com.pyxis.greenhopper.jira:gh-global-rank">
                        <customfieldname>Global Rank</customfieldname>
                        <customfieldvalues>
                            <customfieldvalue>9223372036854775807</customfieldvalue>
                        </customfieldvalues>
                    </customfield>
                                                                                                                        <customfield id="customfield_12312521" key="com.atlassian.jira.toolkit:LastCommentDate">
                        <customfieldname>Last public comment date</customfieldname>
                        <customfieldvalues>
                            17 weeks, 3 days ago
                        </customfieldvalues>
                    </customfield>
                                                                                                                                                    <customfield id="customfield_12311820" key="com.pyxis.greenhopper.jira:gh-lexo-rank">
                        <customfieldname>Rank</customfieldname>
                        <customfieldvalues>
                            <customfieldvalue>0|s00myw:</customfieldvalue>

                        </customfieldvalues>
                    </customfield>
                                                                <customfield id="customfield_12310920" key="com.pyxis.greenhopper.jira:gh-global-rank">
                        <customfieldname>Rank (Obsolete)</customfieldname>
                        <customfieldvalues>
                            <customfieldvalue>9223372036854775807</customfieldvalue>
                        </customfieldvalues>
                    </customfield>
                                                                                                                                                                                                                                                                                                                            <customfield id="customfield_12310222" key="com.atlassian.jira.ext.charting:timeinstatus">
                        <customfieldname>Time in Status</customfieldname>
                        <customfieldvalues>
                            
                        </customfieldvalues>
                    </customfield>
                                    </customfields>
    </item>


<item>
            <title>[WICKET-6613] Wicket 8.1 ModalWindow autosizing problem </title>
                <link>https://issues.apache.org/jira/browse/WICKET-6613</link>
                <project id="12310561" key="WICKET">Wicket</project>
                    <description>&lt;p&gt;Hi, &lt;/p&gt;

&lt;p&gt;I&apos;ve recently upgraded my project from Wicket version 6 to 8.1.0 and &lt;br/&gt;
autosizing of ModalWindows suddenly stopped working. All ModalWindows are &lt;br/&gt;
either too big or too small, in that case the scrollbar appears. I need my &lt;br/&gt;
ModalWindows to be autosized so the content fits perfectly without any &lt;br/&gt;
scrollbar or excessive window size. I&apos;ve been trying to play around with &lt;br/&gt;
various combinations of set/useInitial/Minimal/Height() and setAutoSize() &lt;br/&gt;
without any luck so far.&lt;/p&gt;

&lt;p&gt;I attached a quickstart application that demonstrates the problem.&lt;/p&gt;

&lt;p&gt;Any help is appreciated, thank you.&lt;/p&gt;</description>
                <environment></environment>
        <key id="13197135">WICKET-6613</key>
            <summary>Wicket 8.1 ModalWindow autosizing problem </summary>
                <type id="1" iconUrl="https://issues.apache.org/jira/secure/viewavatar?size=xsmall&amp;avatarId=21133&amp;avatarType=issuetype">Bug</type>
                                            <priority id="4" iconUrl="https://issues.apache.org/jira/images/icons/priorities/minor.svg">Minor</priority>
                        <status id="1" iconUrl="https://issues.apache.org/jira/images/icons/statuses/open.png" description="The issue is open and ready for the assignee to start work on it.">Open</status>
                    <statusCategory id="2" key="new" colorName="blue-gray"/>
                                    <resolution id="-1">Unresolved</resolution>
                                        <assignee username="-1">Unassigned</assignee>
                                    <reporter username="wicket-daniel">Daniel Sram</reporter>
                        <labels>
                    </labels>
                <created>Thu, 8 Nov 2018 14:14:58 +0000</created>
                <updated>Wed, 14 Nov 2018 18:29:52 +0000</updated>
                                            <version>8.1.0</version>
                                                    <component>wicket-extensions</component>
                        <due></due>
                            <votes>0</votes>
                                    <watches>2</watches>
                                                                <comments>
                            <comment id="16680941" author="svenmeier" created="Fri, 9 Nov 2018 06:34:47 +0000"  >&lt;p&gt;Your quickstart looks fine here with 7.10 and 8.2, I had to reduce the minimum height though (setMinimumHeight) so the dialog shrinks to the label&apos;s height of 50 pixels.&lt;/p&gt;</comment>
                            <comment id="16683464" author="wicket-daniel" created="Mon, 12 Nov 2018 09:37:22 +0000"  >&lt;p&gt;Yes that works. But the problem is that I have one parent modal window with common elements and several child modal windows with different contents (and different heights). Before the update, all it took for all the child modal windows to have the perfect height, I just used setUseInitialHeight(false) on the parent, and as expected, all child windows preserved the real content height. This does not work anymore and I&apos;d like to avoid having to set minimum height on each individual modal window.&lt;/p&gt;

&lt;p&gt;This is from the ModalWindow file:&lt;/p&gt;
&lt;div class=&quot;preformatted panel&quot; style=&quot;border-width: 1px;&quot;&gt;&lt;div class=&quot;preformattedContent panelContent&quot;&gt;
&lt;pre&gt;/**
 * Sets whether to use initial height or preserve the real content height. 
 * This can only be used if the content is a component (not a page) 
 * and the window is not resizable.
 * 
 * @param useInitialHeight
 *            Whether to use initial height instead of preserving 
 *            content height instead of using initial height
 * @return this
 */
public ModalWindow setUseInitialHeight(final boolean useInitialHeight)
{
   this.useInitialHeight = useInitialHeight;
   return this;
}&lt;/pre&gt;
&lt;/div&gt;&lt;/div&gt;
&lt;p&gt;and I can&apos;t get it to work.&lt;/p&gt;</comment>
                            <comment id="16686650" author="wicket-daniel" created="Wed, 14 Nov 2018 15:12:58 +0000"  >&lt;p&gt;Setting only minimal width and overriding method &lt;em&gt;postProcessSettings&lt;/em&gt; of &lt;em&gt;ModalWindow&lt;/em&gt; like this:&lt;/p&gt;
&lt;div class=&quot;preformatted panel&quot; style=&quot;border-width: 1px;&quot;&gt;&lt;div class=&quot;preformattedContent panelContent&quot;&gt;
&lt;pre&gt;@Override
protected void postProcessSettings(final JSONObject settings) {
    settings.put(&quot;height&quot;, &quot;anything&quot;);
}&lt;/pre&gt;
&lt;/div&gt;&lt;/div&gt;
&lt;p&gt;solves the problem.&lt;/p&gt;

&lt;p&gt;On top of that, the value of the height attribute doesn&apos;t even matter as typing anything in there works. It might be because default height is not set later in &lt;em&gt;modal.js#285&lt;/em&gt; in case any value is present.&lt;/p&gt;</comment>
                            <comment id="16686961" author="svenmeier" created="Wed, 14 Nov 2018 18:29:52 +0000"  >&lt;p&gt;Your quickstart works the same with Wicket 6.x, 7.x and 8.x. Please enhance it, so we can check what has actually changed.&lt;/p&gt;</comment>
                    </comments>
                    <attachments>
                            <attachment id="12947426" name="broken-modal-window-app.zip" size="11080" author="wicket-daniel" created="Thu, 8 Nov 2018 14:14:20 +0000"/>
                    </attachments>
                <subtasks>
                    </subtasks>
                <customfields>
                                                <customfield id="customfield_12310310" key="com.atlassian.jira.toolkit:attachments">
                        <customfieldname>Attachment count</customfieldname>
                        <customfieldvalues>
                            <customfieldvalue>1.0</customfieldvalue>
                        </customfieldvalues>
                    </customfield>
                                                                                                                                                                                                                                                                                                                                                                                                                                                                                                                                                                                        <customfield id="customfield_12310220" key="com.atlassian.jira.ext.charting:firstresponsedate">
                        <customfieldname>Date of First Response</customfieldname>
                        <customfieldvalues>
                            <customfieldvalue>Fri, 9 Nov 2018 06:34:47 +0000</customfieldvalue>

                        </customfieldvalues>
                    </customfield>
                                                                                                                        <customfield id="customfield_12313422" key="com.atlassian.jirafisheyeplugin:jobcheckbox">
                        <customfieldname>Enable Automatic Patch Review</customfieldname>
                        <customfieldvalues>
                            <customfieldvalue><![CDATA[false]]></customfieldvalue>

                        </customfieldvalues>
                    </customfield>
                                                                                                                                                                                                                                                                                                                                                                                                                                                                        <customfield id="customfield_12310420" key="com.pyxis.greenhopper.jira:gh-global-rank">
                        <customfieldname>Global Rank</customfieldname>
                        <customfieldvalues>
                            <customfieldvalue>9223372036854775807</customfieldvalue>
                        </customfieldvalues>
                    </customfield>
                                                                                                                        <customfield id="customfield_12312521" key="com.atlassian.jira.toolkit:LastCommentDate">
                        <customfieldname>Last public comment date</customfieldname>
                        <customfieldvalues>
                            20 weeks, 4 days ago
                        </customfieldvalues>
                    </customfield>
                                                                                                                                                    <customfield id="customfield_12311820" key="com.pyxis.greenhopper.jira:gh-lexo-rank">
                        <customfieldname>Rank</customfieldname>
                        <customfieldvalues>
                            <customfieldvalue>0|s00a08:</customfieldvalue>

                        </customfieldvalues>
                    </customfield>
                                                                <customfield id="customfield_12310920" key="com.pyxis.greenhopper.jira:gh-global-rank">
                        <customfieldname>Rank (Obsolete)</customfieldname>
                        <customfieldvalues>
                            <customfieldvalue>9223372036854775807</customfieldvalue>
                        </customfieldvalues>
                    </customfield>
                                                                                                                                                                                                                                                                                                                            </customfields>
    </item>


<item>
            <title>[WICKET-6611] Missing check for IScopeAwareTextResourceProcessor when concatenating resources</title>
                <link>https://issues.apache.org/jira/browse/WICKET-6611</link>
                <project id="12310561" key="WICKET">Wicket</project>
                    <description>&lt;p&gt;Resource concatenation cannot be used with text compressors relying on scope information.&lt;/p&gt;

&lt;p&gt;I tried to use &lt;tt&gt;CssUrlReplacer&lt;/tt&gt; in my application and it failed on startup with an &lt;tt&gt;UnsupportedOperationException&lt;/tt&gt; in the &lt;tt&gt;compress&lt;/tt&gt; method.&lt;/p&gt;

&lt;p&gt;In &lt;tt&gt;CssPackageResource&lt;/tt&gt; we have the following code:&#160;&#160;&lt;/p&gt;
&lt;div class=&quot;code panel&quot; style=&quot;border-width: 1px;&quot;&gt;&lt;div class=&quot;codeContent panelContent&quot;&gt;
&lt;pre class=&quot;code-java&quot;&gt;
ICssCompressor compressor = getCompressor();

&lt;span class=&quot;code-keyword&quot;&gt;if&lt;/span&gt; (compressor != &lt;span class=&quot;code-keyword&quot;&gt;null&lt;/span&gt; &amp;amp;&amp;amp; getCompress())
{
   &lt;span class=&quot;code-keyword&quot;&gt;try&lt;/span&gt;
   {
      &lt;span class=&quot;code-object&quot;&gt;String&lt;/span&gt; charsetName = &lt;span class=&quot;code-quote&quot;&gt;&quot;UTF-8&quot;&lt;/span&gt;;
      &lt;span class=&quot;code-object&quot;&gt;String&lt;/span&gt; nonCompressed = &lt;span class=&quot;code-keyword&quot;&gt;new&lt;/span&gt; &lt;span class=&quot;code-object&quot;&gt;String&lt;/span&gt;(processedResponse, charsetName);
      &lt;span class=&quot;code-object&quot;&gt;String&lt;/span&gt; output;
      &lt;span class=&quot;code-keyword&quot;&gt;if&lt;/span&gt; (compressor &lt;span class=&quot;code-keyword&quot;&gt;instanceof&lt;/span&gt; IScopeAwareTextResourceProcessor)
      {
         IScopeAwareTextResourceProcessor scopeAwareProcessor = (IScopeAwareTextResourceProcessor) compressor;
         output = scopeAwareProcessor.process(nonCompressed, getScope(), name);
      }
      &lt;span class=&quot;code-keyword&quot;&gt;else&lt;/span&gt;
      {
         output = compressor.compress(nonCompressed);
      }
      &lt;span class=&quot;code-keyword&quot;&gt;return&lt;/span&gt; output.getBytes(charsetName);
   }
   &lt;span class=&quot;code-keyword&quot;&gt;catch&lt;/span&gt; (Exception e)
   {
      log.error(&lt;span class=&quot;code-quote&quot;&gt;&quot;Error &lt;span class=&quot;code-keyword&quot;&gt;while&lt;/span&gt; filtering content&quot;&lt;/span&gt;, e);
      &lt;span class=&quot;code-keyword&quot;&gt;return&lt;/span&gt; processedResponse;
   }
}&lt;/pre&gt;
&lt;/div&gt;&lt;/div&gt;
&lt;p&gt;In&#160;&lt;tt&gt;ConcatBundleResource&lt;/tt&gt; this&#160;&lt;tt&gt;instanceof&lt;/tt&gt; is missing and &lt;tt&gt;compress&lt;/tt&gt; is called directly.&lt;/p&gt;
&lt;div class=&quot;code panel&quot; style=&quot;border-width: 1px;&quot;&gt;&lt;div class=&quot;codeContent panelContent&quot;&gt;
&lt;pre class=&quot;code-java&quot;&gt;
&lt;span class=&quot;code-keyword&quot;&gt;if&lt;/span&gt; (getCompressor() != &lt;span class=&quot;code-keyword&quot;&gt;null&lt;/span&gt;)
{
   &lt;span class=&quot;code-object&quot;&gt;String&lt;/span&gt; nonCompressed = &lt;span class=&quot;code-keyword&quot;&gt;new&lt;/span&gt; &lt;span class=&quot;code-object&quot;&gt;String&lt;/span&gt;(bytes, &lt;span class=&quot;code-quote&quot;&gt;&quot;UTF-8&quot;&lt;/span&gt;);
   bytes = getCompressor().compress(nonCompressed).getBytes(&lt;span class=&quot;code-quote&quot;&gt;&quot;UTF-8&quot;&lt;/span&gt;);
}&lt;/pre&gt;
&lt;/div&gt;&lt;/div&gt;
&lt;p&gt;&#160;&lt;/p&gt;</description>
                <environment></environment>
        <key id="13196472">WICKET-6611</key>
            <summary>Missing check for IScopeAwareTextResourceProcessor when concatenating resources</summary>
                <type id="1" iconUrl="https://issues.apache.org/jira/secure/viewavatar?size=xsmall&amp;avatarId=21133&amp;avatarType=issuetype">Bug</type>
                                            <priority id="3" iconUrl="https://issues.apache.org/jira/images/icons/priorities/major.svg">Major</priority>
                        <status id="1" iconUrl="https://issues.apache.org/jira/images/icons/statuses/open.png" description="The issue is open and ready for the assignee to start work on it.">Open</status>
                    <statusCategory id="2" key="new" colorName="blue-gray"/>
                                    <resolution id="-1">Unresolved</resolution>
                                        <assignee username="-1">Unassigned</assignee>
                                    <reporter username="thomas.heigl">Thomas Heigl</reporter>
                        <labels>
                    </labels>
                <created>Tue, 6 Nov 2018 10:23:58 +0000</created>
                <updated>Wed, 7 Nov 2018 15:43:41 +0000</updated>
                                            <version>8.1.0</version>
                                                    <component>wicket-core</component>
                        <due></due>
                            <votes>0</votes>
                                    <watches>3</watches>
                                                                <comments>
                            <comment id="16677991" author="thomas.heigl" created="Wed, 7 Nov 2018 10:24:57 +0000"  >&lt;p&gt;&lt;a href=&quot;https://issues.apache.org/jira/secure/ViewProfile.jspa?name=klopfdreh&quot; class=&quot;user-hover&quot; rel=&quot;klopfdreh&quot;&gt;Tobias Soloschenko&lt;/a&gt;&#160;you&#160;introduced the &lt;tt&gt;IScopeAwareTextResourceProcessor&lt;/tt&gt; in &lt;a href=&quot;https://github.com/apache/wicket/pull/87.&quot; class=&quot;external-link&quot; rel=&quot;nofollow&quot;&gt;https://github.com/apache/wicket/pull/87&lt;/a&gt;. Did you intentionally not support it for&#160;concatenated resources or was this just an oversight?&lt;/p&gt;</comment>
                            <comment id="16678119" author="klopfdreh" created="Wed, 7 Nov 2018 12:01:47 +0000"  >&lt;p&gt;Hello &lt;a href=&quot;https://issues.apache.org/jira/secure/ViewProfile.jspa?name=thomas.heigl&quot; class=&quot;user-hover&quot; rel=&quot;thomas.heigl&quot;&gt;Thomas Heigl&lt;/a&gt;,&lt;/p&gt;

&lt;p&gt;&lt;a href=&quot;https://issues.apache.org/jira/secure/ViewProfile.jspa?name=mgrigorov&quot; class=&quot;user-hover&quot; rel=&quot;mgrigorov&quot;&gt;Martin Grigorov&lt;/a&gt; and me did some refactoring to process scoped resources, so that you have the scope and the name of the original resource available in addition to the original content. With this variables it is possible to provide a PackageResourceReference the app can access by url. (With the replaced URLs)&lt;/p&gt;

&lt;p&gt;Without knowing of the stack trace you are facing I assume that a resource is present which invokes the old compress method and your application fails with a message that ends with: &quot;.process() should be used instead!&quot;&lt;/p&gt;

&lt;p&gt;Because&#160;ConcatBundleResource is using&#160;ITextResourceCompressor which only provides the compress method the CssUrlReplacer can&apos;t create PackageResourceReference in a meaningful way.&lt;/p&gt;

&lt;p&gt;Without digging deep into it my suggestion would be to create your own ConcatBundleResource which uses the&#160;IScopeAwareTextResourceProcessor and provide a name / scope that fits to map the&#160;URLs of the CSS to a concrete location so that the PackageResourceReferences are resolving the resources correctly.&lt;/p&gt;

&lt;p&gt;The reason why&#160;ConcatBundleResource&#160;is exclude is that the resources provided by URLs are mapped based on each Resource.&lt;/p&gt;

&lt;p&gt;If there is any good suggestion how to handle the resource mapping for bundled resources in general, PRs are always welcome.&lt;/p&gt;

&lt;p&gt;kind regards&lt;/p&gt;

&lt;p&gt;Tobias&lt;/p&gt;</comment>
                            <comment id="16678123" author="klopfdreh" created="Wed, 7 Nov 2018 12:05:39 +0000"  >&lt;p&gt;Hi &lt;a href=&quot;https://issues.apache.org/jira/secure/ViewProfile.jspa?name=mgrigorov&quot; class=&quot;user-hover&quot; rel=&quot;mgrigorov&quot;&gt;Martin Grigorov&lt;/a&gt;,&lt;/p&gt;

&lt;p&gt;just saw your answer.&#160;&lt;img class=&quot;emoticon&quot; src=&quot;https://issues.apache.org/jira/images/icons/emoticons/smile.png&quot; height=&quot;16&quot; width=&quot;16&quot; align=&quot;absmiddle&quot; alt=&quot;&quot; border=&quot;0&quot;/&gt;&lt;/p&gt;

&lt;blockquote&gt;

&lt;p&gt;I think it is an oversight.&#160;&lt;/p&gt;

&lt;p&gt;Please send a Pull Request. Preferably with tests. Thank you!&lt;/p&gt;
&lt;/blockquote&gt;

&lt;p&gt;I am just wondering on how to fix the circumstances I just mentioned or maybe I am just making it to difficult.&#160;&lt;img class=&quot;emoticon&quot; src=&quot;https://issues.apache.org/jira/images/icons/emoticons/wink.png&quot; height=&quot;16&quot; width=&quot;16&quot; align=&quot;absmiddle&quot; alt=&quot;&quot; border=&quot;0&quot;/&gt;&lt;/p&gt;

&lt;p&gt;kind regards&lt;/p&gt;

&lt;p&gt;Tobias&lt;/p&gt;</comment>
                            <comment id="16678412" author="thomas.heigl" created="Wed, 7 Nov 2018 15:43:41 +0000"  >&lt;p&gt;&lt;a href=&quot;https://issues.apache.org/jira/secure/ViewProfile.jspa?name=klopfdreh&quot; class=&quot;user-hover&quot; rel=&quot;klopfdreh&quot;&gt;Tobias Soloschenko&lt;/a&gt; thanks for your detailed response!&lt;/p&gt;

&lt;p&gt;For now, I resolved this&#160;by overriding &lt;tt&gt;CssUrlReplacer.compress&lt;/tt&gt; and returning the original input string instead of failing with an exception.&lt;/p&gt;

&lt;p&gt;This works for me,&#160;but other users could run into these issues as well. &#160;I&apos;m unsure how we can improve this given the circumstances you mentioned.&lt;/p&gt;</comment>
                    </comments>
                <issuelinks>
                            <issuelinktype id="10030">
                    <name>Reference</name>
                                                                <inwardlinks description="is related to">
                                        <issuelink>
            <issuekey id="12772348">WICKET-5827</issuekey>
        </issuelink>
                            </inwardlinks>
                                    </issuelinktype>
                    </issuelinks>
                <attachments>
                    </attachments>
                <subtasks>
                    </subtasks>
                <customfields>
                                                <customfield id="customfield_12310310" key="com.atlassian.jira.toolkit:attachments">
                        <customfieldname>Attachment count</customfieldname>
                        <customfieldvalues>
                            <customfieldvalue>0.0</customfieldvalue>
                        </customfieldvalues>
                    </customfield>
                                                                                                                                                                                                                                                                                                                                                                                                                                                                                                                                                                                        <customfield id="customfield_12310220" key="com.atlassian.jira.ext.charting:firstresponsedate">
                        <customfieldname>Date of First Response</customfieldname>
                        <customfieldvalues>
                            <customfieldvalue>Wed, 7 Nov 2018 12:01:47 +0000</customfieldvalue>

                        </customfieldvalues>
                    </customfield>
                                                                                                                        <customfield id="customfield_12313422" key="com.atlassian.jirafisheyeplugin:jobcheckbox">
                        <customfieldname>Enable Automatic Patch Review</customfieldname>
                        <customfieldvalues>
                            <customfieldvalue><![CDATA[false]]></customfieldvalue>

                        </customfieldvalues>
                    </customfield>
                                                                                                                                                                                                                                                                                                                                                                                                                                                                        <customfield id="customfield_12310420" key="com.pyxis.greenhopper.jira:gh-global-rank">
                        <customfieldname>Global Rank</customfieldname>
                        <customfieldvalues>
                            <customfieldvalue>9223372036854775807</customfieldvalue>
                        </customfieldvalues>
                    </customfield>
                                                                                                                        <customfield id="customfield_12312521" key="com.atlassian.jira.toolkit:LastCommentDate">
                        <customfieldname>Last public comment date</customfieldname>
                        <customfieldvalues>
                            21 weeks, 4 days ago
                        </customfieldvalues>
                    </customfield>
                                                                                                                                                    <customfield id="customfield_12311820" key="com.pyxis.greenhopper.jira:gh-lexo-rank">
                        <customfieldname>Rank</customfieldname>
                        <customfieldvalues>
                            <customfieldvalue>0|s005x4:</customfieldvalue>

                        </customfieldvalues>
                    </customfield>
                                                                <customfield id="customfield_12310920" key="com.pyxis.greenhopper.jira:gh-global-rank">
                        <customfieldname>Rank (Obsolete)</customfieldname>
                        <customfieldvalues>
                            <customfieldvalue>9223372036854775807</customfieldvalue>
                        </customfieldvalues>
                    </customfield>
                                                                                                                                                                                                                                                                                                                            </customfields>
    </item>


<item>
            <title>[WICKET-6610] Incorrect Javadoc: Refering to specific page in Application properties file is not possible</title>
                <link>https://issues.apache.org/jira/browse/WICKET-6610</link>
                <project id="12310561" key="WICKET">Wicket</project>
                    <description>&lt;p&gt;I posted &lt;a href=&quot;https://stackoverflow.com/questions/53119449/refering-to-a-specific-page-in-wicket-i18n-properties-file&quot; class=&quot;external-link&quot; rel=&quot;nofollow&quot;&gt;a question about this on Stackoverflow&lt;/a&gt; and was asked by a Wicket contributor to file the question as a bug. It is not actually a bug in Wicket itself, it appears the Javadoc documentation is wrong.&lt;/p&gt;

&lt;p&gt;Please refer to the Stackoverflow question for more detail, I intend to keep this short.&lt;/p&gt;

&lt;p&gt;According to the Javadoc of ComponentStringResourceLoader the lookup order of resources is as given below:&lt;/p&gt;

&lt;p&gt;&lt;tt&gt;page1.properties =&amp;gt; form1.input1.Required&lt;/tt&gt;&lt;br/&gt;
 &lt;tt&gt;page1.properties =&amp;gt; Required&lt;/tt&gt;&lt;br/&gt;
 &lt;tt&gt;form1.properties =&amp;gt; input1.Required&lt;/tt&gt;&lt;br/&gt;
 &lt;tt&gt;form1.properties =&amp;gt; Required&lt;/tt&gt;&lt;br/&gt;
 &lt;tt&gt;input1.properties =&amp;gt; Required&lt;/tt&gt;&lt;br/&gt;
 &lt;tt&gt;myApplication.properties =&amp;gt; &lt;b&gt;page1&lt;/b&gt;.form1.input1.Required&lt;/tt&gt;&lt;br/&gt;
 &lt;tt&gt;myApplication.properties =&amp;gt; Required&lt;/tt&gt;&lt;/p&gt;

&lt;p&gt;However, the &lt;b&gt;page1&lt;/b&gt; part on the second to last line seems not to be possible. Thus the Javadoc is incorrect.&lt;/p&gt;</description>
                <environment></environment>
        <key id="13195904">WICKET-6610</key>
            <summary>Incorrect Javadoc: Refering to specific page in Application properties file is not possible</summary>
                <type id="1" iconUrl="https://issues.apache.org/jira/secure/viewavatar?size=xsmall&amp;avatarId=21133&amp;avatarType=issuetype">Bug</type>
                                            <priority id="5" iconUrl="https://issues.apache.org/jira/images/icons/priorities/trivial.svg">Trivial</priority>
                        <status id="5" iconUrl="https://issues.apache.org/jira/images/icons/statuses/resolved.png" description="A resolution has been taken, and it is awaiting verification by reporter. From here issues are either reopened, or are closed.">Resolved</status>
                    <statusCategory id="3" key="done" colorName="green"/>
                                    <resolution id="1">Fixed</resolution>
                                        <assignee username="svenmeier">Sven Meier</assignee>
                                    <reporter username="StanB123">StanB123</reporter>
                        <labels>
                    </labels>
                <created>Fri, 2 Nov 2018 14:18:56 +0000</created>
                <updated>Sun, 4 Nov 2018 19:45:37 +0000</updated>
                            <resolved>Sun, 4 Nov 2018 19:45:37 +0000</resolved>
                                    <version>8.0.0</version>
                    <version>8.1.0</version>
                                    <fixVersion>8.2.0</fixVersion>
                    <fixVersion>9.0.0</fixVersion>
                                    <component>wicket-core</component>
                        <due></due>
                            <votes>0</votes>
                                    <watches>2</watches>
                                                                <comments>
                            <comment id="16674485" author="jira-bot" created="Sun, 4 Nov 2018 19:43:59 +0000"  >&lt;p&gt;Commit 17c092e22fd8b5cd44aa17c2457d25c1e0f0dd77 in wicket&apos;s branch refs/heads/wicket-8.x from &lt;a href=&quot;https://issues.apache.org/jira/secure/ViewProfile.jspa?name=svenmeier&quot; class=&quot;user-hover&quot; rel=&quot;svenmeier&quot;&gt;Sven Meier&lt;/a&gt;&lt;br/&gt;
[ &lt;a href=&quot;https://git-wip-us.apache.org/repos/asf?p=wicket.git;h=17c092e&quot; class=&quot;external-link&quot; rel=&quot;nofollow&quot;&gt;https://git-wip-us.apache.org/repos/asf?p=wicket.git;h=17c092e&lt;/a&gt; ]&lt;/p&gt;

&lt;p&gt;&lt;a href=&quot;https://issues.apache.org/jira/browse/WICKET-6610&quot; title=&quot;Incorrect Javadoc: Refering to specific page in Application properties file is not possible&quot; class=&quot;issue-link&quot; data-issue-key=&quot;WICKET-6610&quot;&gt;&lt;del&gt;WICKET-6610&lt;/del&gt;&lt;/a&gt; corrected javadoc&lt;/p&gt;

&lt;p&gt;for resource lookup&lt;/p&gt;</comment>
                            <comment id="16674486" author="jira-bot" created="Sun, 4 Nov 2018 19:45:12 +0000"  >&lt;p&gt;Commit 1d6bb4ec509db7fdb55b308778b6cd00903c841a in wicket&apos;s branch refs/heads/master from &lt;a href=&quot;https://issues.apache.org/jira/secure/ViewProfile.jspa?name=svenmeier&quot; class=&quot;user-hover&quot; rel=&quot;svenmeier&quot;&gt;Sven Meier&lt;/a&gt;&lt;br/&gt;
[ &lt;a href=&quot;https://git-wip-us.apache.org/repos/asf?p=wicket.git;h=1d6bb4e&quot; class=&quot;external-link&quot; rel=&quot;nofollow&quot;&gt;https://git-wip-us.apache.org/repos/asf?p=wicket.git;h=1d6bb4e&lt;/a&gt; ]&lt;/p&gt;

&lt;p&gt;&lt;a href=&quot;https://issues.apache.org/jira/browse/WICKET-6610&quot; title=&quot;Incorrect Javadoc: Refering to specific page in Application properties file is not possible&quot; class=&quot;issue-link&quot; data-issue-key=&quot;WICKET-6610&quot;&gt;&lt;del&gt;WICKET-6610&lt;/del&gt;&lt;/a&gt; corrected javadoc&lt;/p&gt;

&lt;p&gt;for resource lookup&lt;/p&gt;</comment>
                            <comment id="16674487" author="svenmeier" created="Sun, 4 Nov 2018 19:45:37 +0000"  >&lt;p&gt;Thanks, I&apos;ve corrected the JavaDoc.&lt;/p&gt;</comment>
                    </comments>
                    <attachments>
                    </attachments>
                <subtasks>
                    </subtasks>
                <customfields>
                                                <customfield id="customfield_12310310" key="com.atlassian.jira.toolkit:attachments">
                        <customfieldname>Attachment count</customfieldname>
                        <customfieldvalues>
                            <customfieldvalue>0.0</customfieldvalue>
                        </customfieldvalues>
                    </customfield>
                                                                                                                                                                                                                                                                                                                                                                                                                                                                                                                                                                                        <customfield id="customfield_12310220" key="com.atlassian.jira.ext.charting:firstresponsedate">
                        <customfieldname>Date of First Response</customfieldname>
                        <customfieldvalues>
                            <customfieldvalue>Sun, 4 Nov 2018 19:43:59 +0000</customfieldvalue>

                        </customfieldvalues>
                    </customfield>
                                                                                                                        <customfield id="customfield_12313422" key="com.atlassian.jirafisheyeplugin:jobcheckbox">
                        <customfieldname>Enable Automatic Patch Review</customfieldname>
                        <customfieldvalues>
                            <customfieldvalue><![CDATA[false]]></customfieldvalue>

                        </customfieldvalues>
                    </customfield>
                                                                                                                                                    <customfield id="customfield_12311020" key="com.atlassian.jira.plugin.system.customfieldtypes:url">
                        <customfieldname>External issue URL</customfieldname>
                        <customfieldvalues>
                            <customfieldvalue><![CDATA[https://stackoverflow.com/questions/53119449/refering-to-a-specific-page-in-wicket-i18n-properties-file]]></customfieldvalue>

                        </customfieldvalues>
                    </customfield>
                                                                                                                                                                                                                                                                                                                                                        <customfield id="customfield_12310420" key="com.pyxis.greenhopper.jira:gh-global-rank">
                        <customfieldname>Global Rank</customfieldname>
                        <customfieldvalues>
                            <customfieldvalue>9223372036854775807</customfieldvalue>
                        </customfieldvalues>
                    </customfield>
                                                                                                                        <customfield id="customfield_12312521" key="com.atlassian.jira.toolkit:LastCommentDate">
                        <customfieldname>Last public comment date</customfieldname>
                        <customfieldvalues>
                            22 weeks ago
                        </customfieldvalues>
                    </customfield>
                                                                                                                                                    <customfield id="customfield_12311820" key="com.pyxis.greenhopper.jira:gh-lexo-rank">
                        <customfieldname>Rank</customfieldname>
                        <customfieldvalues>
                            <customfieldvalue>0|s002fc:</customfieldvalue>

                        </customfieldvalues>
                    </customfield>
                                                                <customfield id="customfield_12310920" key="com.pyxis.greenhopper.jira:gh-global-rank">
                        <customfieldname>Rank (Obsolete)</customfieldname>
                        <customfieldvalues>
                            <customfieldvalue>9223372036854775807</customfieldvalue>
                        </customfieldvalues>
                    </customfield>
                                                                                                                                                                                                                                                                                                                            <customfield id="customfield_12310222" key="com.atlassian.jira.ext.charting:timeinstatus">
                        <customfieldname>Time in Status</customfieldname>
                        <customfieldvalues>
                            
                        </customfieldvalues>
                    </customfield>
                                    </customfields>
    </item>
</channel>
</rss>