<!--
RSS generated by JIRA (8.3.4#803005-sha1:1f96e09b3c60279a408a2ae47be3c745f571388b) at Sun Feb 16 09:19:44 UTC 2020

It is possible to restrict the fields that are returned in this document by specifying the 'field' parameter in your request.
For example, to request only the issue key and summary append 'field=key&field=summary' to the URL of your request.
-->
<!-- If you wish to do custom client-side styling of RSS, uncomment this:
<?xml-stylesheet href="https://issues.apache.org/jira/styles/jiraxml2html.xsl" type="text/xsl"?>
-->
<rss version="0.92">
    <channel>
        <title>ASF JIRA</title>
        <link>https://issues.apache.org/jira/issues/?jql=project+%3D+WICKET+AND+issuetype+%3D+Bug+AND+created+%3E%3D+2020-01-01+AND+created+%3C%3D+2020-02-01</link>
        <description>An XML representation of a search request</description>
                <language>en-uk</language>
                        <issue start="0" end="3" total="3"/>
                <build-info>
            <version>8.3.4</version>
            <build-number>803005</build-number>
            <build-date>13-09-2019</build-date>
        </build-info>

<item>
            <title>[WICKET-6742] Stacktrace in Fragment example</title>
                <link>https://issues.apache.org/jira/browse/WICKET-6742</link>
                <project id="12310561" key="WICKET">Wicket</project>
                    <description>&lt;p&gt;When opening the fragment example (part of component reference), you get the following stacktrace:&lt;/p&gt;
&lt;div class=&quot;code panel&quot; style=&quot;border-width: 1px;&quot;&gt;&lt;div class=&quot;codeContent panelContent&quot;&gt;
&lt;pre class=&quot;code-java&quot;&gt;
Unexpected RuntimeException
Last cause: No Markup found &lt;span class=&quot;code-keyword&quot;&gt;for&lt;/span&gt; Fragment fragmentid in providing markup container [Page class = org.apache.wicket.examples.compref.FragmentPage, id = 7, render count = 0]

Stacktrace
Root cause:

org.apache.wicket.markup.MarkupNotFoundException: No Markup found &lt;span class=&quot;code-keyword&quot;&gt;for&lt;/span&gt; Fragment fragmentid in providing markup container [Page class = org.apache.wicket.examples.compref.FragmentPage, id = 7, render count = 0]
     at org.apache.wicket.markup.html.panel.FragmentMarkupSourcingStrategy.getMarkup(FragmentMarkupSourcingStrategy.java:148)
     at org.apache.wicket.markup.html.panel.Fragment.newDequeueContext(Fragment.java:139)
     at org.apache.wicket.MarkupContainer.dequeue(MarkupContainer.java:1855)
     at org.apache.wicket.MarkupContainer.dequeueChild(MarkupContainer.java:2018)
     at org.apache.wicket.MarkupContainer.dequeue(MarkupContainer.java:1983)
     at org.apache.wicket.MarkupContainer.dequeuePreamble(MarkupContainer.java:1931)
     at org.apache.wicket.MarkupContainer.dequeue(MarkupContainer.java:1856)
     at org.apache.wicket.MarkupContainer.onInitialize(MarkupContainer.java:1887)
     at org.apache.wicket.Page.onInitialize(Page.java:298)
     at org.apache.wicket.Component.fireInitialize(Component.java:875)
     at org.apache.wicket.MarkupContainer.internalInitialize(MarkupContainer.java:1038)
     at org.apache.wicket.Page.isPageStateless(Page.java:461)
     at org.apache.wicket.core.request.mapper.AbstractBookmarkableMapper.getPageInfo(AbstractBookmarkableMapper.java:473)
     at org.apache.wicket.core.request.mapper.AbstractBookmarkableMapper.mapHandler(AbstractBookmarkableMapper.java:420)
     at org.apache.wicket.request.mapper.CompoundRequestMapper.mapHandler(CompoundRequestMapper.java:210)
     at org.apache.wicket.request.cycle.RequestCycle.mapUrlFor(RequestCycle.java:454)
     at org.apache.wicket.request.handler.render.WebPageRenderer.respond(WebPageRenderer.java:233)
     at org.apache.wicket.core.request.handler.RenderPageRequestHandler.respond(RenderPageRequestHandler.java:202)
&lt;/pre&gt;
&lt;/div&gt;&lt;/div&gt;</description>
                <environment></environment>
        <key id="13282475">WICKET-6742</key>
            <summary>Stacktrace in Fragment example</summary>
                <type id="1" iconUrl="https://issues.apache.org/jira/secure/viewavatar?size=xsmall&amp;avatarId=21133&amp;avatarType=issuetype">Bug</type>
                                            <priority id="3" iconUrl="https://issues.apache.org/jira/images/icons/priorities/major.svg">Major</priority>
                        <status id="1" iconUrl="https://issues.apache.org/jira/images/icons/statuses/open.png" description="The issue is open and ready for the assignee to start work on it.">Open</status>
                    <statusCategory id="2" key="new" colorName="blue-gray"/>
                                    <resolution id="-1">Unresolved</resolution>
                                        <assignee username="-1">Unassigned</assignee>
                                    <reporter username="papegaaij">Emond Papegaaij</reporter>
                        <labels>
                    </labels>
                <created>Thu, 30 Jan 2020 20:32:04 +0000</created>
                <updated>Thu, 30 Jan 2020 20:32:04 +0000</updated>
                                            <version>8.6.1</version>
                    <version>9.0.0-M4</version>
                                                    <component>wicket-examples</component>
                        <due></due>
                            <votes>0</votes>
                                    <watches>1</watches>
                                                                        <attachments>
                    </attachments>
                <subtasks>
                    </subtasks>
                <customfields>
                                                                            <customfield id="customfield_12310310" key="com.atlassian.jira.toolkit:attachments">
                        <customfieldname>Attachment count</customfieldname>
                        <customfieldvalues>
                            <customfieldvalue>0.0</customfieldvalue>
                        </customfieldvalues>
                    </customfield>
                                                                                                                                                                                                                                                                                                                                                                                                                                                                                                                                                                                                                                                                                                                                    <customfield id="customfield_12314020" key="com.atlassian.jira.plugins.jira-development-integration-plugin:devsummary">
                        <customfieldname>Development</customfieldname>
                        <customfieldvalues>
                            
                        </customfieldvalues>
                    </customfield>
                                                                                                                        <customfield id="customfield_12313422" key="com.atlassian.jirafisheyeplugin:jobcheckbox">
                        <customfieldname>Enable Automatic Patch Review</customfieldname>
                        <customfieldvalues>
                            <customfieldvalue><![CDATA[false]]></customfieldvalue>

                        </customfieldvalues>
                    </customfield>
                                                                                                                                                                                                                                                                                                                                                                                                                                                                                                                                                                                                                    <customfield id="customfield_12310420" key="com.pyxis.greenhopper.jira:gh-global-rank">
                        <customfieldname>Global Rank</customfieldname>
                        <customfieldvalues>
                            <customfieldvalue>9223372036854775807</customfieldvalue>
                        </customfieldvalues>
                    </customfield>
                                                                                                                                                                                                            <customfield id="customfield_12312521" key="com.atlassian.jira.toolkit:LastCommentDate">
                        <customfieldname>Last public comment date</customfieldname>
                        <customfieldvalues>
                            2 weeks, 2 days ago
                        </customfieldvalues>
                    </customfield>
                                                                                                                                                                                                            <customfield id="customfield_12311820" key="com.pyxis.greenhopper.jira:gh-lexo-rank">
                        <customfieldname>Rank</customfieldname>
                        <customfieldvalues>
                            <customfieldvalue>0|z0b0pk:</customfieldvalue>

                        </customfieldvalues>
                    </customfield>
                                                                <customfield id="customfield_12310920" key="com.pyxis.greenhopper.jira:gh-global-rank">
                        <customfieldname>Rank (Obsolete)</customfieldname>
                        <customfieldvalues>
                            <customfieldvalue>9223372036854775807</customfieldvalue>
                        </customfieldvalues>
                    </customfield>
                                                                                                                                                                                                                                                                                                                                                                                                                                                                                                                                                                                                                                                                                                                                    </customfields>
    </item>


<item>
            <title>[WICKET-6734] Markup not found for Component within TransparentWebMarkupContainer and Border</title>
                <link>https://issues.apache.org/jira/browse/WICKET-6734</link>
                <project id="12310561" key="WICKET">Wicket</project>
                    <description>&lt;p&gt;Clicking an AjaxLink added to a Panel with a TransparentWebMarkupContainer added to a Border results in a MarkupNotFoundException (see stacktrace below).&lt;/p&gt;

&lt;p&gt;The attached quickstart demonstrates the problem. Here you can find 3 test pages all with a TransparentWebMarkupContainer on the left side and with a WebMarkupContainer on the right side. Each of them contains the same test component with a Label component and a AjaxLink. The label component just shows the belonging markup as String. Clicking the &quot;dismiss&quot; link should hide this component.&lt;/p&gt;

&lt;p&gt;At the first page both components and their container are added to the page itself. At the second page both components are added to the border body container of a Border component. At the third page both components are added to a &quot;Layout&quot; container (a Border component too).&lt;/p&gt;

&lt;p&gt;On the first page clicking the links hides both components. On the second and third page this works only for&#160; components added to the WebMarkupContainer (the examples on the right side).&lt;/p&gt;

&lt;p&gt;org.apache.wicket.markup.MarkupNotFoundException: Markup not found for Component: [TestPanel &lt;span class=&quot;error&quot;&gt;&amp;#91;Component id = test1&amp;#93;&lt;/span&gt;]&lt;br/&gt;
 at org.apache.wicket.Component.internalRender(Component.java:2267)&lt;br/&gt;
 at org.apache.wicket.Component.render(Component.java:2227)&lt;br/&gt;
 at org.apache.wicket.Component.renderPart(Component.java:2204)&lt;br/&gt;
 at org.apache.wicket.page.XmlPartialPageUpdate.writeComponent(XmlPartialPageUpdate.java:75)&lt;br/&gt;
 at org.apache.wicket.page.PartialPageUpdate.writeComponents(PartialPageUpdate.java:262)&lt;br/&gt;
 at org.apache.wicket.page.PartialPageUpdate.writeTo(PartialPageUpdate.java:161)&lt;br/&gt;
 at org.apache.wicket.ajax.AjaxRequestHandler.respond(AjaxRequestHandler.java:361)&lt;br/&gt;
 at org.apache.wicket.request.cycle.RequestCycle$HandlerExecutor.respond(RequestCycle.java:914)&lt;br/&gt;
 at org.apache.wicket.request.RequestHandlerExecutor.execute(RequestHandlerExecutor.java:65)&lt;br/&gt;
 at org.apache.wicket.request.cycle.RequestCycle.execute(RequestCycle.java:282)&lt;br/&gt;
 at org.apache.wicket.request.cycle.RequestCycle.processRequest(RequestCycle.java:253)&lt;br/&gt;
 at org.apache.wicket.request.cycle.RequestCycle.processRequestAndDetach(RequestCycle.java:221)&lt;br/&gt;
 at org.apache.wicket.protocol.http.WicketFilter.processRequestCycle(WicketFilter.java:275)&lt;br/&gt;
 at org.apache.wicket.protocol.http.WicketFilter.processRequest(WicketFilter.java:206)&lt;br/&gt;
 at org.apache.wicket.protocol.http.WicketFilter.doFilter(WicketFilter.java:299)&lt;br/&gt;
 at org.eclipse.jetty.servlet.ServletHandler$CachedChain.doFilter(ServletHandler.java:1602)&lt;br/&gt;
 at org.eclipse.jetty.servlet.ServletHandler.doHandle(ServletHandler.java:540)&lt;br/&gt;
 at org.eclipse.jetty.server.handler.ScopedHandler.handle(ScopedHandler.java:146)&lt;br/&gt;
 at org.eclipse.jetty.security.SecurityHandler.handle(SecurityHandler.java:548)&lt;br/&gt;
 at org.eclipse.jetty.server.handler.HandlerWrapper.handle(HandlerWrapper.java:132)&lt;br/&gt;
 at org.eclipse.jetty.server.handler.ScopedHandler.nextHandle(ScopedHandler.java:257)&lt;br/&gt;
 at org.eclipse.jetty.server.session.SessionHandler.doHandle(SessionHandler.java:1588)&lt;br/&gt;
 at org.eclipse.jetty.server.handler.ScopedHandler.nextHandle(ScopedHandler.java:255)&lt;br/&gt;
 at org.eclipse.jetty.server.handler.ContextHandler.doHandle(ContextHandler.java:1345)&lt;br/&gt;
 at org.eclipse.jetty.server.handler.ScopedHandler.nextScope(ScopedHandler.java:203)&lt;br/&gt;
 at org.eclipse.jetty.servlet.ServletHandler.doScope(ServletHandler.java:480)&lt;br/&gt;
 at org.eclipse.jetty.server.session.SessionHandler.doScope(SessionHandler.java:1557)&lt;br/&gt;
 at org.eclipse.jetty.server.handler.ScopedHandler.nextScope(ScopedHandler.java:201)&lt;br/&gt;
 at org.eclipse.jetty.server.handler.ContextHandler.doScope(ContextHandler.java:1247)&lt;br/&gt;
 at org.eclipse.jetty.server.handler.ScopedHandler.handle(ScopedHandler.java:144)&lt;br/&gt;
 at org.eclipse.jetty.server.handler.ContextHandlerCollection.handle(ContextHandlerCollection.java:220)&lt;br/&gt;
 at org.eclipse.jetty.server.handler.HandlerCollection.handle(HandlerCollection.java:126)&lt;br/&gt;
 at org.eclipse.jetty.server.handler.HandlerWrapper.handle(HandlerWrapper.java:132)&lt;br/&gt;
 at org.eclipse.jetty.server.Server.handle(Server.java:502)&lt;br/&gt;
 at org.eclipse.jetty.server.HttpChannel.handle(HttpChannel.java:364)&lt;br/&gt;
 at org.eclipse.jetty.server.HttpConnection.onFillable(HttpConnection.java:260)&lt;br/&gt;
 at org.eclipse.jetty.io.AbstractConnection$ReadCallback.succeeded(AbstractConnection.java:305)&lt;br/&gt;
 at org.eclipse.jetty.io.FillInterest.fillable(FillInterest.java:103)&lt;br/&gt;
 at org.eclipse.jetty.io.ssl.SslConnection$DecryptedEndPoint.onFillable(SslConnection.java:411)&lt;br/&gt;
 at org.eclipse.jetty.io.ssl.SslConnection.onFillable(SslConnection.java:305)&lt;br/&gt;
 at org.eclipse.jetty.io.ssl.SslConnection$2.succeeded(SslConnection.java:159)&lt;br/&gt;
 at org.eclipse.jetty.io.FillInterest.fillable(FillInterest.java:103)&lt;br/&gt;
 at org.eclipse.jetty.io.ChannelEndPoint$2.run(ChannelEndPoint.java:118)&lt;br/&gt;
 at org.eclipse.jetty.util.thread.strategy.EatWhatYouKill.runTask(EatWhatYouKill.java:333)&lt;br/&gt;
 at org.eclipse.jetty.util.thread.strategy.EatWhatYouKill.doProduce(EatWhatYouKill.java:310)&lt;br/&gt;
 at org.eclipse.jetty.util.thread.strategy.EatWhatYouKill.tryProduce(EatWhatYouKill.java:168)&lt;br/&gt;
 at org.eclipse.jetty.util.thread.strategy.EatWhatYouKill.run(EatWhatYouKill.java:126)&lt;br/&gt;
 at org.eclipse.jetty.util.thread.ReservedThreadExecutor$ReservedThread.run(ReservedThreadExecutor.java:366)&lt;br/&gt;
 at org.eclipse.jetty.util.thread.QueuedThreadPool.runJob(QueuedThreadPool.java:765)&lt;br/&gt;
 at org.eclipse.jetty.util.thread.QueuedThreadPool$2.run(QueuedThreadPool.java:683)&lt;br/&gt;
 at java.lang.Thread.run(Thread.java:748)&lt;/p&gt;</description>
                <environment></environment>
        <key id="13281136">WICKET-6734</key>
            <summary>Markup not found for Component within TransparentWebMarkupContainer and Border</summary>
                <type id="1" iconUrl="https://issues.apache.org/jira/secure/viewavatar?size=xsmall&amp;avatarId=21133&amp;avatarType=issuetype">Bug</type>
                                            <priority id="3" iconUrl="https://issues.apache.org/jira/images/icons/priorities/major.svg">Major</priority>
                        <status id="1" iconUrl="https://issues.apache.org/jira/images/icons/statuses/open.png" description="The issue is open and ready for the assignee to start work on it.">Open</status>
                    <statusCategory id="2" key="new" colorName="blue-gray"/>
                                    <resolution id="-1">Unresolved</resolution>
                                        <assignee username="-1">Unassigned</assignee>
                                    <reporter username="forchel">Dirk Forchel</reporter>
                        <labels>
                    </labels>
                <created>Thu, 23 Jan 2020 08:33:24 +0000</created>
                <updated>Thu, 23 Jan 2020 08:33:24 +0000</updated>
                                            <version>8.6.1</version>
                                                    <component>wicket</component>
                        <due></due>
                            <votes>0</votes>
                                    <watches>1</watches>
                                                                        <attachments>
                            <attachment id="12991614" name="myproject.zip" size="53604" author="forchel" created="Thu, 23 Jan 2020 08:22:21 +0000"/>
                    </attachments>
                <subtasks>
                    </subtasks>
                <customfields>
                                                                            <customfield id="customfield_12310310" key="com.atlassian.jira.toolkit:attachments">
                        <customfieldname>Attachment count</customfieldname>
                        <customfieldvalues>
                            <customfieldvalue>1.0</customfieldvalue>
                        </customfieldvalues>
                    </customfield>
                                                                                                                                                                                                                                                                                                                                                                                                                                                                                                                                                                                                                                                                                                                                    <customfield id="customfield_12314020" key="com.atlassian.jira.plugins.jira-development-integration-plugin:devsummary">
                        <customfieldname>Development</customfieldname>
                        <customfieldvalues>
                            
                        </customfieldvalues>
                    </customfield>
                                                                                                                        <customfield id="customfield_12313422" key="com.atlassian.jirafisheyeplugin:jobcheckbox">
                        <customfieldname>Enable Automatic Patch Review</customfieldname>
                        <customfieldvalues>
                            <customfieldvalue><![CDATA[false]]></customfieldvalue>

                        </customfieldvalues>
                    </customfield>
                                                                                                                                                                                                                                                                                                                                                                                                                                                                                                                                                                                                                    <customfield id="customfield_12310420" key="com.pyxis.greenhopper.jira:gh-global-rank">
                        <customfieldname>Global Rank</customfieldname>
                        <customfieldvalues>
                            <customfieldvalue>9223372036854775807</customfieldvalue>
                        </customfieldvalues>
                    </customfield>
                                                                                                                                                                                                            <customfield id="customfield_12312521" key="com.atlassian.jira.toolkit:LastCommentDate">
                        <customfieldname>Last public comment date</customfieldname>
                        <customfieldvalues>
                            3 weeks, 3 days ago
                        </customfieldvalues>
                    </customfield>
                                                                                                                                                                                                            <customfield id="customfield_12311820" key="com.pyxis.greenhopper.jira:gh-lexo-rank">
                        <customfieldname>Rank</customfieldname>
                        <customfieldvalues>
                            <customfieldvalue>0|z0asg0:</customfieldvalue>

                        </customfieldvalues>
                    </customfield>
                                                                <customfield id="customfield_12310920" key="com.pyxis.greenhopper.jira:gh-global-rank">
                        <customfieldname>Rank (Obsolete)</customfieldname>
                        <customfieldvalues>
                            <customfieldvalue>9223372036854775807</customfieldvalue>
                        </customfieldvalues>
                    </customfield>
                                                                                                                                                                                                                                                                                                                                                                                                                                                                                                                                                                                                                                                                                                                                    </customfields>
    </item>


<item>
            <title>[WICKET-6728] Javadoc fails with JDK13+: invalid flag: --no-module-directories</title>
                <link>https://issues.apache.org/jira/browse/WICKET-6728</link>
                <project id="12310561" key="WICKET">Wicket</project>
                    <description>&lt;p&gt;The maven-javadoc-plugin fails when run with JDK13 or newer with the error below. The flag &lt;tt&gt;--no-module-directories&lt;/tt&gt; was removed in JDK13.&lt;/p&gt;

&lt;div class=&quot;code panel&quot; style=&quot;border-width: 1px;&quot;&gt;&lt;div class=&quot;codeContent panelContent&quot;&gt;
&lt;pre class=&quot;code-java&quot;&gt;
[ERROR] MavenReportException: Error &lt;span class=&quot;code-keyword&quot;&gt;while&lt;/span&gt; generating Javadoc: 
Exit code: 1 - javadoc: error - invalid flag: --no-module-directories

Command line was: /usr/lib/jvm/java-14-openjdk-amd64/bin/javadoc -J-Xmx256m -J-Xms128m --no-module-directories @options @packages

Refer to the generated Javadoc files in &lt;span class=&quot;code-quote&quot;&gt;&apos;/home/papegaaij/tmp/wicket/wicket-cdi/target/apidocs&apos;&lt;/span&gt; dir.

org.apache.maven.reporting.MavenReportException: 
Exit code: 1 - javadoc: error - invalid flag: --no-module-directories

Command line was: /usr/lib/jvm/java-14-openjdk-amd64/bin/javadoc -J-Xmx256m -J-Xms128m --no-module-directories @options @packages

Refer to the generated Javadoc files in &lt;span class=&quot;code-quote&quot;&gt;&apos;/home/papegaaij/tmp/wicket/wicket-cdi/target/apidocs&apos;&lt;/span&gt; dir.
&lt;/pre&gt;
&lt;/div&gt;&lt;/div&gt;</description>
                <environment></environment>
        <key id="13278684">WICKET-6728</key>
            <summary>Javadoc fails with JDK13+: invalid flag: --no-module-directories</summary>
                <type id="1" iconUrl="https://issues.apache.org/jira/secure/viewavatar?size=xsmall&amp;avatarId=21133&amp;avatarType=issuetype">Bug</type>
                                            <priority id="3" iconUrl="https://issues.apache.org/jira/images/icons/priorities/major.svg">Major</priority>
                        <status id="1" iconUrl="https://issues.apache.org/jira/images/icons/statuses/open.png" description="The issue is open and ready for the assignee to start work on it.">Open</status>
                    <statusCategory id="2" key="new" colorName="blue-gray"/>
                                    <resolution id="-1">Unresolved</resolution>
                                        <assignee username="-1">Unassigned</assignee>
                                    <reporter username="papegaaij">Emond Papegaaij</reporter>
                        <labels>
                    </labels>
                <created>Fri, 10 Jan 2020 10:26:56 +0000</created>
                <updated>Wed, 15 Jan 2020 21:26:22 +0000</updated>
                                                                                <due></due>
                            <votes>0</votes>
                                    <watches>3</watches>
                                                                <comments>
                            <comment id="17016245" author="rfscholte" created="Wed, 15 Jan 2020 19:18:36 +0000"  >&lt;p&gt;Moved it, this is caused in the wicket pom, &lt;a href=&quot;https://github.com/apache/wicket/blob/master/pom.xml#L1000&quot; class=&quot;external-link&quot; rel=&quot;nofollow&quot;&gt;https://github.com/apache/wicket/blob/master/pom.xml#L1000&lt;/a&gt;&lt;/p&gt;</comment>
                            <comment id="17016340" author="papegaaij" created="Wed, 15 Jan 2020 21:26:22 +0000"  >&lt;p&gt;&lt;a href=&quot;https://issues.apache.org/jira/secure/ViewProfile.jspa?name=rfscholte&quot; class=&quot;user-hover&quot; rel=&quot;rfscholte&quot;&gt;Robert Scholte&lt;/a&gt; Sorry for the noise. I did a search for the option in the Wicket code, but did not find anything. I must have made a typo. Thanks for the update!&lt;/p&gt;</comment>
                    </comments>
                    <attachments>
                    </attachments>
                <subtasks>
                    </subtasks>
                <customfields>
                                                                            <customfield id="customfield_12310310" key="com.atlassian.jira.toolkit:attachments">
                        <customfieldname>Attachment count</customfieldname>
                        <customfieldvalues>
                            <customfieldvalue>0.0</customfieldvalue>
                        </customfieldvalues>
                    </customfield>
                                                                                                                                                                                                                                                                                                                                                                                                                                                                                                                                                                                                                                                                                                        <customfield id="customfield_12310220" key="com.atlassian.jira.ext.charting:firstresponsedate">
                        <customfieldname>Date of First Response</customfieldname>
                        <customfieldvalues>
                            <customfieldvalue>Wed, 15 Jan 2020 19:18:36 +0000</customfieldvalue>

                        </customfieldvalues>
                    </customfield>
                                                                <customfield id="customfield_12314020" key="com.atlassian.jira.plugins.jira-development-integration-plugin:devsummary">
                        <customfieldname>Development</customfieldname>
                        <customfieldvalues>
                            
                        </customfieldvalues>
                    </customfield>
                                                                                                                        <customfield id="customfield_12313422" key="com.atlassian.jirafisheyeplugin:jobcheckbox">
                        <customfieldname>Enable Automatic Patch Review</customfieldname>
                        <customfieldvalues>
                            <customfieldvalue><![CDATA[false]]></customfieldvalue>

                        </customfieldvalues>
                    </customfield>
                                                                                                                                                                                                                                                                                                                                                                                                                                                                                                                                                                                                                    <customfield id="customfield_12310420" key="com.pyxis.greenhopper.jira:gh-global-rank">
                        <customfieldname>Global Rank</customfieldname>
                        <customfieldvalues>
                            <customfieldvalue>9223372036854775807</customfieldvalue>
                        </customfieldvalues>
                    </customfield>
                                                                                                                                                                                                            <customfield id="customfield_12312521" key="com.atlassian.jira.toolkit:LastCommentDate">
                        <customfieldname>Last public comment date</customfieldname>
                        <customfieldvalues>
                            4 weeks, 3 days ago
                        </customfieldvalues>
                    </customfield>
                                                                                                                                                                                                            <customfield id="customfield_12311820" key="com.pyxis.greenhopper.jira:gh-lexo-rank">
                        <customfieldname>Rank</customfieldname>
                        <customfieldvalues>
                            <customfieldvalue>0|z0adps:</customfieldvalue>

                        </customfieldvalues>
                    </customfield>
                                                                <customfield id="customfield_12310920" key="com.pyxis.greenhopper.jira:gh-global-rank">
                        <customfieldname>Rank (Obsolete)</customfieldname>
                        <customfieldvalues>
                            <customfieldvalue>9223372036854775807</customfieldvalue>
                        </customfieldvalues>
                    </customfield>
                                                                                                                                                                                                                                                                                                                                                                                                                                                                                                                                                                                                                                                                                                                                    </customfields>
    </item>
</channel>
</rss>