<!--
RSS generated by JIRA (6.3.4#6332-sha1:51bc225ef474afe3128b2f66878477f322397b16) at Sun Jan 25 03:25:14 UTC 2015

It is possible to restrict the fields that are returned in this document by specifying the 'field' parameter in your request.
For example, to request only the issue key and summary add field=key&field=summary to the URL of your request.
For example:
https://issues.apache.org/jira/sr/jira.issueviews:searchrequest-xml/temp/SearchRequest.xml?jqlQuery=project+%3D+WICKET+AND+issuetype+%3D+Bug+AND+created+%3E%3D+2014-7-1+AND+created+%3C%3D+2014-8-1+ORDER+BY+key+ASC&amp;tempMax=100&amp;field=key&amp;field=summary
-->
<!-- If you wish to do custom client-side styling of RSS, uncomment this:
<?xml-stylesheet href="https://issues.apache.org/jira/styles/jiraxml2html.xsl" type="text/xsl"?>
-->
<rss version="0.92">
    <channel>
        <title>ASF JIRA</title>
        <link>https://issues.apache.org/jira/secure/IssueNavigator.jspa?reset=true&amp;jqlQuery=project+%3D+WICKET+AND+issuetype+%3D+Bug+AND+created+%3E%3D+2014-7-1+AND+created+%3C%3D+2014-8-1+ORDER+BY+key+ASC</link>
        <description>An XML representation of a search request</description>
                <language>en-uk</language>
                        <issue start="0" end="9" total="9"/>
                <build-info>
            <version>6.3.4</version>
            <build-number>6332</build-number>
            <build-date>15-08-2014</build-date>
        </build-info>
<item>
            <title>[WICKET-5636] Update StatelessForm&apos;s and AbstractRepeater&apos;s javadoc that FormComponents should be repeated only with RepeatingView</title>
                <link>https://issues.apache.org/jira/browse/WICKET-5636</link>
                <project id="12310561" key="WICKET">Wicket</project>
                    <description>&lt;p&gt;I would like to submit some input fields added to a repeater by a stateless form. My added test is working by using a Form.class but not with a StatelessForm.class.&lt;/p&gt;

&lt;p&gt;The hint by Martin to use another repeater than a listview has the same results. I&apos;ve added both repeaters to the quickstart code.&lt;/p&gt;

&lt;p&gt;What i don&apos;t understand is that there is nothing in the request parameters while i debugged the WicketFilter.class.&lt;/p&gt;</description>
                <environment></environment>
        <key id="12726510">WICKET-5636</key>
            <summary>Update StatelessForm&apos;s and AbstractRepeater&apos;s javadoc that FormComponents should be repeated only with RepeatingView</summary>
                <type id="1" iconUrl="https://issues.apache.org/jira/images/icons/issuetypes/bug.png">Bug</type>
                                            <priority id="3" iconUrl="https://issues.apache.org/jira/images/icons/priorities/major.png">Major</priority>
                        <status id="5" iconUrl="https://issues.apache.org/jira/images/icons/statuses/resolved.png" description="A resolution has been taken, and it is awaiting verification by reporter. From here issues are either reopened, or are closed.">Resolved</status>
                    <statusCategory id="3" key="done" colorName="green"/>
                                    <resolution id="1">Fixed</resolution>
                                        <assignee username="mgrigorov">Martin Grigorov</assignee>
                                    <reporter username="newgro">Per Newgro</reporter>
                        <labels>
                            <label>Form</label>
                            <label>ListView</label>
                            <label>Stateless,</label>
                            <label>Submit</label>
                    </labels>
                <created>Thu, 10 Jul 2014 07:34:29 +0100</created>
                <updated>Mon, 21 Jul 2014 11:27:04 +0100</updated>
                            <resolved>Mon, 21 Jul 2014 11:26:03 +0100</resolved>
                                    <version>6.16.0</version>
                                    <fixVersion>7.0.0-M3</fixVersion>
                    <fixVersion>6.17.0</fixVersion>
                                    <component>wicket</component>
                        <due></due>
                            <votes>0</votes>
                                    <watches>2</watches>
                                                                <comments>
                            <comment id="14057195" author="newgro" created="Thu, 10 Jul 2014 07:35:27 +0100"  >&lt;p&gt;Here is the quickstart containing two tests. One is failing.&lt;/p&gt;</comment>
                            <comment id="14057578" author="mgrigorov" created="Thu, 10 Jul 2014 16:24:53 +0100"  >&lt;p&gt;Here is a working version with RepeatingView.&lt;/p&gt;</comment>
                            <comment id="14057743" author="mgrigorov" created="Thu, 10 Jul 2014 18:58:26 +0100"  >&lt;p&gt;The problem with ListView and RefreshingView is that they create their children at render time.&lt;br/&gt;
Since the page is re-created (due to being stateless) there are no FormComponents at the action phase (onSubmit) to consume the posted data and populate the model.&lt;/p&gt;

&lt;p&gt;I&apos;ll update the javadoc of all related components to explain this behavior.&lt;/p&gt;</comment>
                            <comment id="14068386" author="mgrigorov" created="Mon, 21 Jul 2014 11:26:03 +0100"  >&lt;p&gt;Updated the javadoc of StatelessForm and AbstractRepeater.&lt;/p&gt;</comment>
                    </comments>
                    <attachments>
                            <attachment id="12655009" name="myproject-repeatingview.tgz" size="25319" author="mgrigorov" created="Thu, 10 Jul 2014 16:24:53 +0100"/>
                            <attachment id="12654949" name="myproject.zip" size="26200" author="newgro" created="Thu, 10 Jul 2014 07:35:27 +0100"/>
                    </attachments>
                <subtasks>
                    </subtasks>
                <customfields>
                                                <customfield id="customfield_12310310" key="com.atlassian.jira.toolkit:attachments">
                        <customfieldname>Attachment count</customfieldname>
                        <customfieldvalues>
                            <customfieldvalue>2.0</customfieldvalue>
                        </customfieldvalues>
                    </customfield>
                                                                                                                        <customfield id="customfield_12310220" key="com.atlassian.jira.ext.charting:firstresponsedate">
                        <customfieldname>Date of First Response</customfieldname>
                        <customfieldvalues>
                            <customfieldvalue>Thu, 10 Jul 2014 15:24:53 +0000</customfieldvalue>

                        </customfieldvalues>
                    </customfield>
                                                                                                                                                    <customfield id="customfield_12310420" key="com.pyxis.greenhopper.jira:gh-global-rank">
                        <customfieldname>Global Rank</customfieldname>
                        <customfieldvalues>
                            <customfieldvalue>404617</customfieldvalue>
                        </customfieldvalues>
                    </customfield>
                                                                <customfield id="customfield_12311820" key="com.pyxis.greenhopper.jira:gh-lexo-rank">
                        <customfieldname>Rank</customfieldname>
                        <customfieldvalues>
                            <customfieldvalue>0|11xdtk:</customfieldvalue>

                        </customfieldvalues>
                    </customfield>
                                                                <customfield id="customfield_12310920" key="com.pyxis.greenhopper.jira:gh-global-rank">
                        <customfieldname>Rank (Obsolete)</customfieldname>
                        <customfieldvalues>
                            <customfieldvalue>404655</customfieldvalue>
                        </customfieldvalues>
                    </customfield>
                                                                                                                        <customfield id="customfield_12310222" key="com.atlassian.jira.ext.charting:timeinstatus">
                        <customfieldname>Time in Status</customfieldname>
                        <customfieldvalues>
                            
                        </customfieldvalues>
                    </customfield>
                                    </customfields>
    </item>

<item>
            <title>[WICKET-5637] Fix the encoding of the Chinese translations for Wizard component</title>
                <link>https://issues.apache.org/jira/browse/WICKET-5637</link>
                <project id="12310561" key="WICKET">Wicket</project>
                    <description>&lt;p&gt;Reported on the users@ mailing lists: &lt;a href=&quot;http://markmail.org/message/wbdffw5llrxfjqlq&quot; class=&quot;external-link&quot; rel=&quot;nofollow&quot;&gt;http://markmail.org/message/wbdffw5llrxfjqlq&lt;/a&gt;&lt;/p&gt;</description>
                <environment></environment>
        <key id="12726589">WICKET-5637</key>
            <summary>Fix the encoding of the Chinese translations for Wizard component</summary>
                <type id="1" iconUrl="https://issues.apache.org/jira/images/icons/issuetypes/bug.png">Bug</type>
                                            <priority id="3" iconUrl="https://issues.apache.org/jira/images/icons/priorities/major.png">Major</priority>
                        <status id="5" iconUrl="https://issues.apache.org/jira/images/icons/statuses/resolved.png" description="A resolution has been taken, and it is awaiting verification by reporter. From here issues are either reopened, or are closed.">Resolved</status>
                    <statusCategory id="3" key="done" colorName="green"/>
                                    <resolution id="1">Fixed</resolution>
                                        <assignee username="mgrigorov">Martin Grigorov</assignee>
                                    <reporter username="mgrigorov">Martin Grigorov</reporter>
                        <labels>
                    </labels>
                <created>Thu, 10 Jul 2014 14:56:05 +0100</created>
                <updated>Thu, 10 Jul 2014 14:57:13 +0100</updated>
                            <resolved>Thu, 10 Jul 2014 14:56:56 +0100</resolved>
                                    <version>6.16.0</version>
                                    <fixVersion>7.0.0-M3</fixVersion>
                    <fixVersion>6.17.0</fixVersion>
                                    <component>wicket-extensions</component>
                        <due></due>
                            <votes>0</votes>
                                    <watches>1</watches>
                                                                <comments>
                            <comment id="14057490" author="mgrigorov" created="Thu, 10 Jul 2014 14:56:56 +0100"  >&lt;p&gt;Fixed by re-applying the patches from &lt;a href=&quot;https://issues.apache.org/jira/browse/WICKET-2462&quot; title=&quot;Would it possible add chinese resource label for WizardButton eg. CancelButton, NextButton and PreviousButton etc.&quot; class=&quot;issue-link&quot; data-issue-key=&quot;WICKET-2462&quot;&gt;&lt;del&gt;WICKET-2462&lt;/del&gt;&lt;/a&gt;&lt;/p&gt;</comment>
                    </comments>
                <issuelinks>
                            <issuelinktype id="10030">
                    <name>Reference</name>
                                                                <inwardlinks description="is related to">
                                        <issuelink>
            <issuekey id="12435342">WICKET-2462</issuekey>
        </issuelink>
                            </inwardlinks>
                                    </issuelinktype>
                    </issuelinks>
                <attachments>
                    </attachments>
                <subtasks>
                    </subtasks>
                <customfields>
                                                <customfield id="customfield_12310310" key="com.atlassian.jira.toolkit:attachments">
                        <customfieldname>Attachment count</customfieldname>
                        <customfieldvalues>
                            <customfieldvalue>0.0</customfieldvalue>
                        </customfieldvalues>
                    </customfield>
                                                                                                                                                                                                                                        <customfield id="customfield_12310420" key="com.pyxis.greenhopper.jira:gh-global-rank">
                        <customfieldname>Global Rank</customfieldname>
                        <customfieldvalues>
                            <customfieldvalue>404696</customfieldvalue>
                        </customfieldvalues>
                    </customfield>
                                                                <customfield id="customfield_12311820" key="com.pyxis.greenhopper.jira:gh-lexo-rank">
                        <customfieldname>Rank</customfieldname>
                        <customfieldvalues>
                            <customfieldvalue>0|11xeb4:</customfieldvalue>

                        </customfieldvalues>
                    </customfield>
                                                                <customfield id="customfield_12310920" key="com.pyxis.greenhopper.jira:gh-global-rank">
                        <customfieldname>Rank (Obsolete)</customfieldname>
                        <customfieldvalues>
                            <customfieldvalue>404734</customfieldvalue>
                        </customfieldvalues>
                    </customfield>
                                                                                                                        <customfield id="customfield_12310222" key="com.atlassian.jira.ext.charting:timeinstatus">
                        <customfieldname>Time in Status</customfieldname>
                        <customfieldvalues>
                            
                        </customfieldvalues>
                    </customfield>
                                    </customfields>
    </item>

<item>
            <title>[WICKET-5639] ResourceResponse does not write headers when status code is set</title>
                <link>https://issues.apache.org/jira/browse/WICKET-5639</link>
                <project id="12310561" key="WICKET">Wicket</project>
                    <description>&lt;p&gt;When creating a ResourceResponse from a Resource, if you set the status code to anything not null, the headers you set will not be sent.&lt;/p&gt;

&lt;p&gt;The problem is in&lt;br/&gt;
org.apache.wicket.request.resource.AbstractResource#setResponseHeaders&lt;br/&gt;
which will abort if data.getStatusCode() != null.&lt;br/&gt;
I see no reason to return from that branch.&lt;/p&gt;

&lt;p&gt;My use case is implementing Partial Content, which requires both code 206 and custom headers. Our current workaround is overloading setResponseHeaders.&lt;/p&gt;</description>
                <environment></environment>
        <key id="12726783">WICKET-5639</key>
            <summary>ResourceResponse does not write headers when status code is set</summary>
                <type id="1" iconUrl="https://issues.apache.org/jira/images/icons/issuetypes/bug.png">Bug</type>
                                            <priority id="4" iconUrl="https://issues.apache.org/jira/images/icons/priorities/minor.png">Minor</priority>
                        <status id="5" iconUrl="https://issues.apache.org/jira/images/icons/statuses/resolved.png" description="A resolution has been taken, and it is awaiting verification by reporter. From here issues are either reopened, or are closed.">Resolved</status>
                    <statusCategory id="3" key="done" colorName="green"/>
                                    <resolution id="1">Fixed</resolution>
                                        <assignee username="mgrigorov">Martin Grigorov</assignee>
                                    <reporter username="ntkoopman">Tim Koopman</reporter>
                        <labels>
                    </labels>
                <created>Fri, 11 Jul 2014 12:22:35 +0100</created>
                <updated>Mon, 14 Jul 2014 16:20:41 +0100</updated>
                            <resolved>Mon, 14 Jul 2014 16:20:41 +0100</resolved>
                                    <version>6.16.0</version>
                                    <fixVersion>7.0.0-M3</fixVersion>
                    <fixVersion>6.17.0</fixVersion>
                                    <component>wicket</component>
                        <due></due>
                            <votes>0</votes>
                                    <watches>2</watches>
                                                                <comments>
                            <comment id="14060747" author="mgrigorov" created="Mon, 14 Jul 2014 16:20:41 +0100"  >&lt;p&gt;Thanks!&lt;/p&gt;</comment>
                    </comments>
                    <attachments>
                    </attachments>
                <subtasks>
                    </subtasks>
                <customfields>
                                                <customfield id="customfield_12310310" key="com.atlassian.jira.toolkit:attachments">
                        <customfieldname>Attachment count</customfieldname>
                        <customfieldvalues>
                            <customfieldvalue>0.0</customfieldvalue>
                        </customfieldvalues>
                    </customfield>
                                                                                                                        <customfield id="customfield_12310220" key="com.atlassian.jira.ext.charting:firstresponsedate">
                        <customfieldname>Date of First Response</customfieldname>
                        <customfieldvalues>
                            <customfieldvalue>Mon, 14 Jul 2014 15:20:41 +0000</customfieldvalue>

                        </customfieldvalues>
                    </customfield>
                                                                                                                                                    <customfield id="customfield_12310420" key="com.pyxis.greenhopper.jira:gh-global-rank">
                        <customfieldname>Global Rank</customfieldname>
                        <customfieldvalues>
                            <customfieldvalue>404890</customfieldvalue>
                        </customfieldvalues>
                    </customfield>
                                                                <customfield id="customfield_12311820" key="com.pyxis.greenhopper.jira:gh-lexo-rank">
                        <customfieldname>Rank</customfieldname>
                        <customfieldvalues>
                            <customfieldvalue>0|11xfi8:</customfieldvalue>

                        </customfieldvalues>
                    </customfield>
                                                                <customfield id="customfield_12310920" key="com.pyxis.greenhopper.jira:gh-global-rank">
                        <customfieldname>Rank (Obsolete)</customfieldname>
                        <customfieldvalues>
                            <customfieldvalue>404928</customfieldvalue>
                        </customfieldvalues>
                    </customfield>
                                                                                                                        <customfield id="customfield_12310222" key="com.atlassian.jira.ext.charting:timeinstatus">
                        <customfieldname>Time in Status</customfieldname>
                        <customfieldvalues>
                            
                        </customfieldvalues>
                    </customfield>
                                    </customfields>
    </item>

<item>
            <title>[WICKET-5643] WebPageRenderer should bind a Session if redirect is required and the session is temporary.</title>
                <link>https://issues.apache.org/jira/browse/WICKET-5643</link>
                <project id="12310561" key="WICKET">Wicket</project>
                    <description>&lt;p&gt;WebApplication.storeBufferedResponse does not check if sessionId is null. This could lead to wrong behaviors as it happens  in the quickstart project. Let&apos;s say we have a stateless home page with page parameters that are populated inside page constructor. Under these conditions class WebPageRenderer will call storeBufferedResponse and will redirect the response to the final URL (line 289). But as the session is temporary, the buffered response is not consumed and  WebPageRenderer will rise a warning (line 194).&lt;/p&gt;

&lt;p&gt;I think we should check for null sessionId inside WebApplication or inside WebPageRender.&lt;/p&gt;</description>
                <environment></environment>
        <key id="12727445">WICKET-5643</key>
            <summary>WebPageRenderer should bind a Session if redirect is required and the session is temporary.</summary>
                <type id="1" iconUrl="https://issues.apache.org/jira/images/icons/issuetypes/bug.png">Bug</type>
                                            <priority id="3" iconUrl="https://issues.apache.org/jira/images/icons/priorities/major.png">Major</priority>
                        <status id="5" iconUrl="https://issues.apache.org/jira/images/icons/statuses/resolved.png" description="A resolution has been taken, and it is awaiting verification by reporter. From here issues are either reopened, or are closed.">Resolved</status>
                    <statusCategory id="3" key="done" colorName="green"/>
                                    <resolution id="1">Fixed</resolution>
                                        <assignee username="bitstorm">Andrea Del Bene</assignee>
                                    <reporter username="bitstorm">Andrea Del Bene</reporter>
                        <labels>
                    </labels>
                <created>Tue, 15 Jul 2014 20:29:17 +0100</created>
                <updated>Thu, 7 Aug 2014 09:53:05 +0100</updated>
                            <resolved>Thu, 24 Jul 2014 08:37:34 +0100</resolved>
                                    <version>6.16.0</version>
                    <version>7.0.0-M2</version>
                                    <fixVersion>1.5.12</fixVersion>
                    <fixVersion>7.0.0-M3</fixVersion>
                    <fixVersion>6.17.0</fixVersion>
                                        <due></due>
                            <votes>0</votes>
                                    <watches>3</watches>
                                                                <comments>
                            <comment id="14062528" author="bitstorm" created="Tue, 15 Jul 2014 20:30:15 +0100"  >&lt;p&gt;I didn&apos;t check if 6.x is affected as well...&lt;/p&gt;</comment>
                            <comment id="14063819" author="bitstorm" created="Wed, 16 Jul 2014 19:04:24 +0100"  >&lt;p&gt;added a check for session id and some JavaDoc&lt;/p&gt;</comment>
                            <comment id="14064913" author="mgrigorov" created="Thu, 17 Jul 2014 14:39:59 +0100"  >&lt;p&gt;I am a bit concerned from the silent way this is going to be handled - if the sessionId is null then nothing happens! &lt;br/&gt;
So Wicket attempts to store a buffered response and make a redirect to it.&lt;br/&gt;
But the response is not stored and what happens after the redirect ? I guess again the warning is logged. I have to run the quickstart to be sure.&lt;/p&gt;

&lt;p&gt;I think WebApplication#storeBufferedResponse() should blow when a null is passed as sessionId. But this may break applications in production.&lt;br/&gt;
So we need to log a warning and return immediately. This way the users will see the warning and notify us that some combination in WebPageRenderer is not covered (like in your case).&lt;br/&gt;
But the fix IMO should be in WebPageRenderer.&lt;/p&gt;


&lt;p&gt;What is the use case of having a stateless page and populate its page parameters in its constructor ? Do you expect that the url in the browser address bar should show the parameters ?&lt;/p&gt;</comment>
                            <comment id="14064961" author="bitstorm" created="Thu, 17 Jul 2014 15:28:51 +0100"  >&lt;p&gt;&amp;gt;I am a bit concerned from the silent way this is going to be handled - if the sessionId is null then nothing happens!&lt;br/&gt;
&amp;gt;So Wicket attempts to store a buffered response and make a redirect to it.&lt;br/&gt;
&amp;gt;But the response is not stored and what happens after the redirect ? I guess again the warning is logged. I have to run the quickstart to be sure.&lt;/p&gt;

&lt;p&gt;Yes we could generate a warning, but we still have a use-case (the one described in the issue) that is perfectly acceptable but nonetheless it generates a warning...&lt;/p&gt;

&lt;p&gt;&amp;gt;What is the use case of having a stateless page and populate its page parameters in its constructor ? Do you expect that the url in the browser address bar should show the &amp;gt;parameters ?&lt;/p&gt;

&lt;p&gt;Yes, or at least, that is actually what Wicket tries to do (show parameters in address bar).&lt;/p&gt;
</comment>
                            <comment id="14064966" author="mgrigorov" created="Thu, 17 Jul 2014 15:36:26 +0100"  >&lt;p&gt;I think the use case described in this ticket should be handled in WebPageRenderer:&lt;br/&gt;
1) Wicket should not try to make a redirect but just render the response&lt;br/&gt;
2) if you think that the added page parameters in the constructor of the stateless page should be shown in the address bar then Wicket should bind the session and make a redirect. &lt;/p&gt;

&lt;p&gt;I think 2) is the one with less surprise in its behavior&lt;/p&gt;</comment>
                            <comment id="14064974" author="bitstorm" created="Thu, 17 Jul 2014 15:46:07 +0100"  >&lt;p&gt;&amp;gt;I think 2) is the one with less surprise in its behavior&lt;/p&gt;

&lt;p&gt;I agree. So we should simply check for a permanent session in WebPageRender.storeBufferedResponse. If we don&apos;t have it we will call bind()&lt;/p&gt;</comment>
                            <comment id="14065328" author="bitstorm" created="Thu, 17 Jul 2014 19:36:46 +0100"  >&lt;p&gt;done on master&lt;/p&gt;</comment>
                            <comment id="14066151" author="bitstorm" created="Fri, 18 Jul 2014 09:07:54 +0100"  >&lt;p&gt;&amp;gt;I think WebApplication#storeBufferedResponse() should blow when a null is passed as sessionId. But this may break applications in production.&lt;/p&gt;

&lt;p&gt;I think I will also add a log warning in WebApplication#storeBufferedResponse() as suggested. Of course we should never see it.&lt;/p&gt;</comment>
                            <comment id="14066158" author="mgrigorov" created="Fri, 18 Jul 2014 09:15:56 +0100"  >&lt;p&gt;If the warning is logged then the developer should create a bug report with a quickstart.&lt;br/&gt;
It would be nice to communicate this somehow to the developer. Either in the WARN message itself or as a comment next to the LOG.warn() statement.&lt;/p&gt;</comment>
                            <comment id="14070450" author="jira-bot" created="Tue, 22 Jul 2014 17:20:03 +0100"  >&lt;p&gt;Commit 0b0e0980d6ac9cff063be2ec5b93bf7d37fe8bc8 in wicket&apos;s branch refs/heads/master from &lt;a href=&quot;https://issues.apache.org/jira/secure/ViewProfile.jspa?name=bitstorm&quot; class=&quot;user-hover&quot; rel=&quot;bitstorm&quot;&gt;Andrea Del Bene&lt;/a&gt;&lt;br/&gt;
[ &lt;a href=&quot;https://git-wip-us.apache.org/repos/asf?p=wicket.git;h=0b0e098&quot; class=&quot;external-link&quot; rel=&quot;nofollow&quot;&gt;https://git-wip-us.apache.org/repos/asf?p=wicket.git;h=0b0e098&lt;/a&gt; ]&lt;/p&gt;

&lt;p&gt;&lt;a href=&quot;https://issues.apache.org/jira/browse/WICKET-5643&quot; title=&quot;WebPageRenderer should bind a Session if redirect is required and the session is temporary.&quot; class=&quot;issue-link&quot; data-issue-key=&quot;WICKET-5643&quot;&gt;&lt;del&gt;WICKET-5643&lt;/del&gt;&lt;/a&gt; WebPageRenderer should bind a Session if redirect is&lt;br/&gt;
required and the session is temporary.&lt;/p&gt;

&lt;p&gt;Added a warning log if a null session id is provided.&lt;/p&gt;</comment>
                            <comment id="14070453" author="bitstorm" created="Tue, 22 Jul 2014 17:22:40 +0100"  >&lt;p&gt;I will try to back port the fix on 6.x as soon as possible.&lt;/p&gt;</comment>
                            <comment id="14072934" author="jira-bot" created="Thu, 24 Jul 2014 08:33:52 +0100"  >&lt;p&gt;Commit 0b2dbaab794918c159f913b50fbfb2958deb98d9 in wicket&apos;s branch refs/heads/wicket-6.x from &lt;a href=&quot;https://issues.apache.org/jira/secure/ViewProfile.jspa?name=mgrigorov&quot; class=&quot;user-hover&quot; rel=&quot;mgrigorov&quot;&gt;Martin Grigorov&lt;/a&gt;&lt;br/&gt;
[ &lt;a href=&quot;https://git-wip-us.apache.org/repos/asf?p=wicket.git;h=0b2dbaa&quot; class=&quot;external-link&quot; rel=&quot;nofollow&quot;&gt;https://git-wip-us.apache.org/repos/asf?p=wicket.git;h=0b2dbaa&lt;/a&gt; ]&lt;/p&gt;

&lt;p&gt;&lt;a href=&quot;https://issues.apache.org/jira/browse/WICKET-5643&quot; title=&quot;WebPageRenderer should bind a Session if redirect is required and the session is temporary.&quot; class=&quot;issue-link&quot; data-issue-key=&quot;WICKET-5643&quot;&gt;&lt;del&gt;WICKET-5643&lt;/del&gt;&lt;/a&gt; WebPageRenderer should bind a Session if redirect is required and the session is temporary.&lt;/p&gt;</comment>
                            <comment id="14072937" author="jira-bot" created="Thu, 24 Jul 2014 08:37:32 +0100"  >&lt;p&gt;Commit ca08c1f543874767a0ccede40b66e63c74147582 in wicket&apos;s branch refs/heads/wicket-1.5.x from &lt;a href=&quot;https://issues.apache.org/jira/secure/ViewProfile.jspa?name=mgrigorov&quot; class=&quot;user-hover&quot; rel=&quot;mgrigorov&quot;&gt;Martin Grigorov&lt;/a&gt;&lt;br/&gt;
[ &lt;a href=&quot;https://git-wip-us.apache.org/repos/asf?p=wicket.git;h=ca08c1f&quot; class=&quot;external-link&quot; rel=&quot;nofollow&quot;&gt;https://git-wip-us.apache.org/repos/asf?p=wicket.git;h=ca08c1f&lt;/a&gt; ]&lt;/p&gt;

&lt;p&gt;&lt;a href=&quot;https://issues.apache.org/jira/browse/WICKET-5643&quot; title=&quot;WebPageRenderer should bind a Session if redirect is required and the session is temporary.&quot; class=&quot;issue-link&quot; data-issue-key=&quot;WICKET-5643&quot;&gt;&lt;del&gt;WICKET-5643&lt;/del&gt;&lt;/a&gt; WebPageRenderer should bind a Session if redirect is required and the session is temporary.&lt;/p&gt;

&lt;p&gt;(cherry picked from commit 0b2dbaab794918c159f913b50fbfb2958deb98d9)&lt;/p&gt;</comment>
                            <comment id="14072938" author="mgrigorov" created="Thu, 24 Jul 2014 08:37:34 +0100"  >&lt;p&gt;The fix is ported to 6.x and 1.5.x&lt;/p&gt;</comment>
                            <comment id="14073107" author="jira-bot" created="Thu, 24 Jul 2014 12:28:05 +0100"  >&lt;p&gt;Commit 8e24bfbd46a37103ea635bda63988c50c84d606e in wicket&apos;s branch refs/heads/wicket-6.x from &lt;a href=&quot;https://issues.apache.org/jira/secure/ViewProfile.jspa?name=mgrigorov&quot; class=&quot;user-hover&quot; rel=&quot;mgrigorov&quot;&gt;Martin Grigorov&lt;/a&gt;&lt;br/&gt;
[ &lt;a href=&quot;https://git-wip-us.apache.org/repos/asf?p=wicket.git;h=8e24bfb&quot; class=&quot;external-link&quot; rel=&quot;nofollow&quot;&gt;https://git-wip-us.apache.org/repos/asf?p=wicket.git;h=8e24bfb&lt;/a&gt; ]&lt;/p&gt;

&lt;p&gt;&lt;a href=&quot;https://issues.apache.org/jira/browse/WICKET-5643&quot; title=&quot;WebPageRenderer should bind a Session if redirect is required and the session is temporary.&quot; class=&quot;issue-link&quot; data-issue-key=&quot;WICKET-5643&quot;&gt;&lt;del&gt;WICKET-5643&lt;/del&gt;&lt;/a&gt; WebPageRenderer should bind a Session if redirect is required and the session is temporary.&lt;/p&gt;

&lt;p&gt;Check for &quot;&quot; too.&lt;br/&gt;
Log as an ERROR and do nothing more to really prevent serving a response to another client&lt;/p&gt;</comment>
                            <comment id="14073109" author="jira-bot" created="Thu, 24 Jul 2014 12:29:28 +0100"  >&lt;p&gt;Commit 44962e84e496e6495c16313c132270509d02e351 in wicket&apos;s branch refs/heads/wicket-1.5.x from &lt;a href=&quot;https://issues.apache.org/jira/secure/ViewProfile.jspa?name=mgrigorov&quot; class=&quot;user-hover&quot; rel=&quot;mgrigorov&quot;&gt;Martin Grigorov&lt;/a&gt;&lt;br/&gt;
[ &lt;a href=&quot;https://git-wip-us.apache.org/repos/asf?p=wicket.git;h=44962e8&quot; class=&quot;external-link&quot; rel=&quot;nofollow&quot;&gt;https://git-wip-us.apache.org/repos/asf?p=wicket.git;h=44962e8&lt;/a&gt; ]&lt;/p&gt;

&lt;p&gt;&lt;a href=&quot;https://issues.apache.org/jira/browse/WICKET-5643&quot; title=&quot;WebPageRenderer should bind a Session if redirect is required and the session is temporary.&quot; class=&quot;issue-link&quot; data-issue-key=&quot;WICKET-5643&quot;&gt;&lt;del&gt;WICKET-5643&lt;/del&gt;&lt;/a&gt; WebPageRenderer should bind a Session if redirect is required and the session is temporary.&lt;/p&gt;

&lt;p&gt;Check for &quot;&quot; too.&lt;br/&gt;
Log as an ERROR and do nothing more to really prevent serving a response to another client&lt;/p&gt;

&lt;p&gt;(cherry picked from commit 8e24bfbd46a37103ea635bda63988c50c84d606e)&lt;/p&gt;</comment>
                            <comment id="14073150" author="mgrigorov" created="Thu, 24 Jul 2014 13:18:33 +0100"  >&lt;p&gt;Since WebPageRenderer is the only place we call WebApplication#storeBufferedResponse() and we bind the session if it is temporary I decided to change the warning log to an error because if the sessionId is null or empty then it is a problem in the application code. &lt;br/&gt;
Additionally I reverted the &quot;return;&quot; that Andrea used initially to prevent storing buffered response in a slot that may be used by several sessions/users.&lt;/p&gt;</comment>
                            <comment id="14073179" author="jira-bot" created="Thu, 24 Jul 2014 14:24:31 +0100"  >&lt;p&gt;Commit 90b7ca90d3c1afe5dfbbc1672d9410484790414a in wicket&apos;s branch refs/heads/master from &lt;a href=&quot;https://issues.apache.org/jira/secure/ViewProfile.jspa?name=mgrigorov&quot; class=&quot;user-hover&quot; rel=&quot;mgrigorov&quot;&gt;Martin Grigorov&lt;/a&gt;&lt;br/&gt;
[ &lt;a href=&quot;https://git-wip-us.apache.org/repos/asf?p=wicket.git;h=90b7ca9&quot; class=&quot;external-link&quot; rel=&quot;nofollow&quot;&gt;https://git-wip-us.apache.org/repos/asf?p=wicket.git;h=90b7ca9&lt;/a&gt; ]&lt;/p&gt;

&lt;p&gt;&lt;a href=&quot;https://issues.apache.org/jira/browse/WICKET-5643&quot; title=&quot;WebPageRenderer should bind a Session if redirect is required and the session is temporary.&quot; class=&quot;issue-link&quot; data-issue-key=&quot;WICKET-5643&quot;&gt;&lt;del&gt;WICKET-5643&lt;/del&gt;&lt;/a&gt; WebPageRenderer should bind a Session if redirect is required and the session is temporary.&lt;/p&gt;

&lt;p&gt;Check for &quot;&quot; too.&lt;br/&gt;
Log as an ERROR and do nothing more to really prevent serving a response to another client&lt;/p&gt;

&lt;p&gt;(cherry picked from commit 8e24bfbd46a37103ea635bda63988c50c84d606e)&lt;/p&gt;</comment>
                            <comment id="14074915" author="jira-bot" created="Fri, 25 Jul 2014 22:07:48 +0100"  >&lt;p&gt;Commit 1064d372b48a048bdee292564ec5f45cd00fd3c4 in wicket&apos;s branch refs/heads/wicket-6.x from andrea del bene&lt;br/&gt;
[ &lt;a href=&quot;https://git-wip-us.apache.org/repos/asf?p=wicket.git;h=1064d37&quot; class=&quot;external-link&quot; rel=&quot;nofollow&quot;&gt;https://git-wip-us.apache.org/repos/asf?p=wicket.git;h=1064d37&lt;/a&gt; ]&lt;/p&gt;

&lt;p&gt;&lt;a href=&quot;https://issues.apache.org/jira/browse/WICKET-5643&quot; title=&quot;WebPageRenderer should bind a Session if redirect is required and the session is temporary.&quot; class=&quot;issue-link&quot; data-issue-key=&quot;WICKET-5643&quot;&gt;&lt;del&gt;WICKET-5643&lt;/del&gt;&lt;/a&gt; storeBufferedResponse should check if session is temporary.&lt;/p&gt;

&lt;p&gt;Code changed as suggested by Martin&lt;/p&gt;</comment>
                            <comment id="14074916" author="jira-bot" created="Fri, 25 Jul 2014 22:08:30 +0100"  >&lt;p&gt;Commit 6b8439f93e1809e5fc8b5fb283a4c0ff8c0dac47 in wicket&apos;s branch refs/heads/wicket-6.x from &lt;a href=&quot;https://issues.apache.org/jira/secure/ViewProfile.jspa?name=bitstorm&quot; class=&quot;user-hover&quot; rel=&quot;bitstorm&quot;&gt;Andrea Del Bene&lt;/a&gt;&lt;br/&gt;
[ &lt;a href=&quot;https://git-wip-us.apache.org/repos/asf?p=wicket.git;h=6b8439f&quot; class=&quot;external-link&quot; rel=&quot;nofollow&quot;&gt;https://git-wip-us.apache.org/repos/asf?p=wicket.git;h=6b8439f&lt;/a&gt; ]&lt;/p&gt;

&lt;p&gt;&lt;a href=&quot;https://issues.apache.org/jira/browse/WICKET-5643&quot; title=&quot;WebPageRenderer should bind a Session if redirect is required and the session is temporary.&quot; class=&quot;issue-link&quot; data-issue-key=&quot;WICKET-5643&quot;&gt;&lt;del&gt;WICKET-5643&lt;/del&gt;&lt;/a&gt; WebPageRenderer should bind a Session if redirect is&lt;br/&gt;
required and the session is temporary.&lt;/p&gt;

&lt;p&gt;Added a warning log if a null session id is provided.&lt;/p&gt;</comment>
                            <comment id="14076040" author="jira-bot" created="Mon, 28 Jul 2014 10:31:08 +0100"  >&lt;p&gt;Commit f95e3130b1a0b9d40e77f90f2bf869d21fd851e0 in wicket&apos;s branch refs/heads/wicket-6.x from &lt;a href=&quot;https://issues.apache.org/jira/secure/ViewProfile.jspa?name=mgrigorov&quot; class=&quot;user-hover&quot; rel=&quot;mgrigorov&quot;&gt;Martin Grigorov&lt;/a&gt;&lt;br/&gt;
[ &lt;a href=&quot;https://git-wip-us.apache.org/repos/asf?p=wicket.git;h=f95e313&quot; class=&quot;external-link&quot; rel=&quot;nofollow&quot;&gt;https://git-wip-us.apache.org/repos/asf?p=wicket.git;h=f95e313&lt;/a&gt; ]&lt;/p&gt;

&lt;p&gt;&lt;a href=&quot;https://issues.apache.org/jira/browse/WICKET-5643&quot; title=&quot;WebPageRenderer should bind a Session if redirect is required and the session is temporary.&quot; class=&quot;issue-link&quot; data-issue-key=&quot;WICKET-5643&quot;&gt;&lt;del&gt;WICKET-5643&lt;/del&gt;&lt;/a&gt; storeBufferedResponse should check if session is temporary.&lt;/p&gt;

&lt;p&gt;Revert 1064d372b48a048bdee292564ec5f45cd00fd3c4 by adelbene&lt;/p&gt;</comment>
                            <comment id="14089014" author="jira-bot" created="Thu, 7 Aug 2014 09:50:45 +0100"  >&lt;p&gt;Commit 743240ab6ace1d2faedbcf80bfb09152d72b1cc2 in wicket&apos;s branch refs/heads/wicket-6.x from &lt;a href=&quot;https://issues.apache.org/jira/secure/ViewProfile.jspa?name=mgrigorov&quot; class=&quot;user-hover&quot; rel=&quot;mgrigorov&quot;&gt;Martin Grigorov&lt;/a&gt;&lt;br/&gt;
[ &lt;a href=&quot;https://git-wip-us.apache.org/repos/asf?p=wicket.git;h=743240a&quot; class=&quot;external-link&quot; rel=&quot;nofollow&quot;&gt;https://git-wip-us.apache.org/repos/asf?p=wicket.git;h=743240a&lt;/a&gt; ]&lt;/p&gt;

&lt;p&gt;&lt;a href=&quot;https://issues.apache.org/jira/browse/WICKET-5666&quot; title=&quot;WicketTester &amp;quot;page was null&amp;quot; for reused stateless Form&quot; class=&quot;issue-link&quot; data-issue-key=&quot;WICKET-5666&quot;&gt;&lt;del&gt;WICKET-5666&lt;/del&gt;&lt;/a&gt; WicketTester &quot;page was null&quot; for reused stateless Form&lt;br/&gt;
&lt;a href=&quot;https://issues.apache.org/jira/browse/WICKET-5643&quot; title=&quot;WebPageRenderer should bind a Session if redirect is required and the session is temporary.&quot; class=&quot;issue-link&quot; data-issue-key=&quot;WICKET-5643&quot;&gt;&lt;del&gt;WICKET-5643&lt;/del&gt;&lt;/a&gt; WebPageRenderer should bind a Session if redirect is required and the session is temporary.&lt;/p&gt;

&lt;p&gt;Add the quickstart from &lt;a href=&quot;https://issues.apache.org/jira/browse/WICKET-5666&quot; title=&quot;WicketTester &amp;quot;page was null&amp;quot; for reused stateless Form&quot; class=&quot;issue-link&quot; data-issue-key=&quot;WICKET-5666&quot;&gt;&lt;del&gt;WICKET-5666&lt;/del&gt;&lt;/a&gt; as a test case&lt;/p&gt;</comment>
                            <comment id="14089021" author="jira-bot" created="Thu, 7 Aug 2014 09:53:05 +0100"  >&lt;p&gt;Commit bdf0f9f7ac10a888bfc79a0a6340749af45d82f3 in wicket&apos;s branch refs/heads/master from &lt;a href=&quot;https://issues.apache.org/jira/secure/ViewProfile.jspa?name=mgrigorov&quot; class=&quot;user-hover&quot; rel=&quot;mgrigorov&quot;&gt;Martin Grigorov&lt;/a&gt;&lt;br/&gt;
[ &lt;a href=&quot;https://git-wip-us.apache.org/repos/asf?p=wicket.git;h=bdf0f9f&quot; class=&quot;external-link&quot; rel=&quot;nofollow&quot;&gt;https://git-wip-us.apache.org/repos/asf?p=wicket.git;h=bdf0f9f&lt;/a&gt; ]&lt;/p&gt;

&lt;p&gt;&lt;a href=&quot;https://issues.apache.org/jira/browse/WICKET-5666&quot; title=&quot;WicketTester &amp;quot;page was null&amp;quot; for reused stateless Form&quot; class=&quot;issue-link&quot; data-issue-key=&quot;WICKET-5666&quot;&gt;&lt;del&gt;WICKET-5666&lt;/del&gt;&lt;/a&gt; WicketTester &quot;page was null&quot; for reused stateless Form&lt;br/&gt;
&lt;a href=&quot;https://issues.apache.org/jira/browse/WICKET-5643&quot; title=&quot;WebPageRenderer should bind a Session if redirect is required and the session is temporary.&quot; class=&quot;issue-link&quot; data-issue-key=&quot;WICKET-5643&quot;&gt;&lt;del&gt;WICKET-5643&lt;/del&gt;&lt;/a&gt; WebPageRenderer should bind a Session if redirect is required and the session is temporary.&lt;/p&gt;

&lt;p&gt;Add the quickstart from &lt;a href=&quot;https://issues.apache.org/jira/browse/WICKET-5666&quot; title=&quot;WicketTester &amp;quot;page was null&amp;quot; for reused stateless Form&quot; class=&quot;issue-link&quot; data-issue-key=&quot;WICKET-5666&quot;&gt;&lt;del&gt;WICKET-5666&lt;/del&gt;&lt;/a&gt; as a test case&lt;/p&gt;

&lt;p&gt;(cherry picked from commit 743240ab6ace1d2faedbcf80bfb09152d72b1cc2)&lt;/p&gt;</comment>
                    </comments>
                <issuelinks>
                            <issuelinktype id="10030">
                    <name>Reference</name>
                                            <outwardlinks description="relates to">
                                        <issuelink>
            <issuekey id="12732330">WICKET-5666</issuekey>
        </issuelink>
                            </outwardlinks>
                                                        </issuelinktype>
                    </issuelinks>
                <attachments>
                            <attachment id="12655846" name="wicket5578.tar.gz" size="29299" author="bitstorm" created="Tue, 15 Jul 2014 20:39:12 +0100"/>
                    </attachments>
                <subtasks>
                    </subtasks>
                <customfields>
                                                <customfield id="customfield_12310310" key="com.atlassian.jira.toolkit:attachments">
                        <customfieldname>Attachment count</customfieldname>
                        <customfieldvalues>
                            <customfieldvalue>1.0</customfieldvalue>
                        </customfieldvalues>
                    </customfield>
                                                                                                                        <customfield id="customfield_12310220" key="com.atlassian.jira.ext.charting:firstresponsedate">
                        <customfieldname>Date of First Response</customfieldname>
                        <customfieldvalues>
                            <customfieldvalue>Thu, 17 Jul 2014 13:39:59 +0000</customfieldvalue>

                        </customfieldvalues>
                    </customfield>
                                                                                                                                                    <customfield id="customfield_12310420" key="com.pyxis.greenhopper.jira:gh-global-rank">
                        <customfieldname>Global Rank</customfieldname>
                        <customfieldvalues>
                            <customfieldvalue>405551</customfieldvalue>
                        </customfieldvalues>
                    </customfield>
                                                                <customfield id="customfield_12311820" key="com.pyxis.greenhopper.jira:gh-lexo-rank">
                        <customfieldname>Rank</customfieldname>
                        <customfieldvalues>
                            <customfieldvalue>0|11xjig:</customfieldvalue>

                        </customfieldvalues>
                    </customfield>
                                                                <customfield id="customfield_12310920" key="com.pyxis.greenhopper.jira:gh-global-rank">
                        <customfieldname>Rank (Obsolete)</customfieldname>
                        <customfieldvalues>
                            <customfieldvalue>405577</customfieldvalue>
                        </customfieldvalues>
                    </customfield>
                                                                                                                        <customfield id="customfield_12310222" key="com.atlassian.jira.ext.charting:timeinstatus">
                        <customfieldname>Time in Status</customfieldname>
                        <customfieldvalues>
                            
                        </customfieldvalues>
                    </customfield>
                                    </customfields>
    </item>

<item>
            <title>[WICKET-5644] AjaxWizardButtonBar broken since ARA#preventDefault is false</title>
                <link>https://issues.apache.org/jira/browse/WICKET-5644</link>
                <project id="12310561" key="WICKET">Wicket</project>
                    <description>&lt;p&gt;AjaxWizardButtonBar has to prevent non-Ajax submit, similar to AjaxButton.&lt;/p&gt;</description>
                <environment></environment>
        <key id="12727461">WICKET-5644</key>
            <summary>AjaxWizardButtonBar broken since ARA#preventDefault is false</summary>
                <type id="1" iconUrl="https://issues.apache.org/jira/images/icons/issuetypes/bug.png">Bug</type>
                                            <priority id="4" iconUrl="https://issues.apache.org/jira/images/icons/priorities/minor.png">Minor</priority>
                        <status id="5" iconUrl="https://issues.apache.org/jira/images/icons/statuses/resolved.png" description="A resolution has been taken, and it is awaiting verification by reporter. From here issues are either reopened, or are closed.">Resolved</status>
                    <statusCategory id="3" key="done" colorName="green"/>
                                    <resolution id="1">Fixed</resolution>
                                        <assignee username="svenmeier">Sven Meier</assignee>
                                    <reporter username="svenmeier">Sven Meier</reporter>
                        <labels>
                    </labels>
                <created>Tue, 15 Jul 2014 21:37:08 +0100</created>
                <updated>Tue, 15 Jul 2014 21:40:33 +0100</updated>
                            <resolved>Tue, 15 Jul 2014 21:40:33 +0100</resolved>
                                    <version>7.0.0-M2</version>
                                    <fixVersion>7.0.0-M3</fixVersion>
                                    <component>wicket</component>
                        <due></due>
                            <votes>0</votes>
                                    <watches>1</watches>
                                                                        <attachments>
                    </attachments>
                <subtasks>
                    </subtasks>
                <customfields>
                                                <customfield id="customfield_12310310" key="com.atlassian.jira.toolkit:attachments">
                        <customfieldname>Attachment count</customfieldname>
                        <customfieldvalues>
                            <customfieldvalue>0.0</customfieldvalue>
                        </customfieldvalues>
                    </customfield>
                                                                                                                                                                                                                                        <customfield id="customfield_12310420" key="com.pyxis.greenhopper.jira:gh-global-rank">
                        <customfieldname>Global Rank</customfieldname>
                        <customfieldvalues>
                            <customfieldvalue>405567</customfieldvalue>
                        </customfieldvalues>
                    </customfield>
                                                                <customfield id="customfield_12311820" key="com.pyxis.greenhopper.jira:gh-lexo-rank">
                        <customfieldname>Rank</customfieldname>
                        <customfieldvalues>
                            <customfieldvalue>0|11xjm0:</customfieldvalue>

                        </customfieldvalues>
                    </customfield>
                                                                <customfield id="customfield_12310920" key="com.pyxis.greenhopper.jira:gh-global-rank">
                        <customfieldname>Rank (Obsolete)</customfieldname>
                        <customfieldvalues>
                            <customfieldvalue>405593</customfieldvalue>
                        </customfieldvalues>
                    </customfield>
                                                                                                                        <customfield id="customfield_12310222" key="com.atlassian.jira.ext.charting:timeinstatus">
                        <customfieldname>Time in Status</customfieldname>
                        <customfieldvalues>
                            
                        </customfieldvalues>
                    </customfield>
                                    </customfields>
    </item>

<item>
            <title>[WICKET-5647] missing generic cast causes compile error on OS X / jdk 8</title>
                <link>https://issues.apache.org/jira/browse/WICKET-5647</link>
                <project id="12310561" key="WICKET">Wicket</project>
                    <description>&lt;p&gt;when trying to compile wicket-7 from HEAD it fails under OS X / JDK 1.8.0_11. Casting a NULL to generic type (T) solves the issues. This seems like some odd case of failing type inference.&lt;/p&gt;

&lt;p&gt;The problematic source line is:&lt;/p&gt;

    &lt;div class=&quot;code panel&quot; style=&quot;border-width: 1px;&quot;&gt;&lt;div class=&quot;codeContent panelContent&quot;&gt;
&lt;pre class=&quot;code-java&quot;&gt;&lt;span class=&quot;code-keyword&quot;&gt;return&lt;/span&gt; getEnumImpl(key, eClass, &lt;span class=&quot;code-keyword&quot;&gt;null&lt;/span&gt;);&lt;/pre&gt;
&lt;/div&gt;&lt;/div&gt;

&lt;p&gt;The compiler error is:&lt;/p&gt;

  &lt;div class=&quot;code panel&quot; style=&quot;border-width: 1px;&quot;&gt;&lt;div class=&quot;codeContent panelContent&quot;&gt;
&lt;pre class=&quot;code-java&quot;&gt;Error:(792, 35) java: incompatible types: inference variable T has incompatible upper bounds java.lang.Enum&amp;lt;T&amp;gt;,T&lt;/pre&gt;
&lt;/div&gt;&lt;/div&gt;

&lt;p&gt;This will fix the issue:&lt;/p&gt;

    &lt;div class=&quot;code panel&quot; style=&quot;border-width: 1px;&quot;&gt;&lt;div class=&quot;codeContent panelContent&quot;&gt;
&lt;pre class=&quot;code-java&quot;&gt;&lt;span class=&quot;code-keyword&quot;&gt;return&lt;/span&gt; getEnumImpl(key, eClass, (T)&lt;span class=&quot;code-keyword&quot;&gt;null&lt;/span&gt;);&lt;/pre&gt;
&lt;/div&gt;&lt;/div&gt;

&lt;p&gt;I found that there is a fix &lt;a href=&quot;https://issues.apache.org/jira/browse/WICKET-5427&quot; title=&quot;Building Wicket with JDK 1.8 fails with signatures like &amp;lt;T extends Enum&amp;lt;T&amp;gt;&amp;gt;&quot; class=&quot;issue-link&quot; data-issue-key=&quot;WICKET-5427&quot;&gt;&lt;del&gt;WICKET-5427&lt;/del&gt;&lt;/a&gt; which does not work in most current JDK 1.8.0_11 anymore. -&lt;del&gt;Could not change the wicket-6 branch since the change will break the clirr plugin (see &lt;a href=&quot;https://issues.apache.org/jira/browse/WICKET-5427&quot; title=&quot;Building Wicket with JDK 1.8 fails with signatures like &amp;lt;T extends Enum&amp;lt;T&amp;gt;&amp;gt;&quot; class=&quot;issue-link&quot; data-issue-key=&quot;WICKET-5427&quot;&gt;&lt;del&gt;WICKET-5427&lt;/del&gt;&lt;/a&gt;).&lt;/del&gt;-&lt;/p&gt;</description>
                <environment>OS X 10.9.4
&lt;br/&gt;
JDK 1.8.0_11</environment>
        <key id="12727891">WICKET-5647</key>
            <summary>missing generic cast causes compile error on OS X / jdk 8</summary>
                <type id="1" iconUrl="https://issues.apache.org/jira/images/icons/issuetypes/bug.png">Bug</type>
                                            <priority id="3" iconUrl="https://issues.apache.org/jira/images/icons/priorities/major.png">Major</priority>
                        <status id="5" iconUrl="https://issues.apache.org/jira/images/icons/statuses/resolved.png" description="A resolution has been taken, and it is awaiting verification by reporter. From here issues are either reopened, or are closed.">Resolved</status>
                    <statusCategory id="3" key="done" colorName="green"/>
                                    <resolution id="1">Fixed</resolution>
                                        <assignee username="pete">Peter Ertl</assignee>
                                    <reporter username="pete">Peter Ertl</reporter>
                        <labels>
                    </labels>
                <created>Thu, 17 Jul 2014 11:02:55 +0100</created>
                <updated>Thu, 17 Jul 2014 12:49:14 +0100</updated>
                            <resolved>Thu, 17 Jul 2014 11:18:45 +0100</resolved>
                                    <version>6.16.0</version>
                    <version>7.0.0-M2</version>
                                    <fixVersion>7.0.0-M3</fixVersion>
                    <fixVersion>6.17.0</fixVersion>
                                    <component>wicket</component>
                        <due></due>
                            <votes>0</votes>
                                    <watches>1</watches>
                                                                    <issuelinks>
                            <issuelinktype id="10030">
                    <name>Reference</name>
                                                                <inwardlinks description="is related to">
                                        <issuelink>
            <issuekey id="12681262">WICKET-5427</issuekey>
        </issuelink>
                            </inwardlinks>
                                    </issuelinktype>
                    </issuelinks>
                <attachments>
                    </attachments>
                <subtasks>
                    </subtasks>
                <customfields>
                                                <customfield id="customfield_12310310" key="com.atlassian.jira.toolkit:attachments">
                        <customfieldname>Attachment count</customfieldname>
                        <customfieldvalues>
                            <customfieldvalue>0.0</customfieldvalue>
                        </customfieldvalues>
                    </customfield>
                                                                                                                                                                                                                                        <customfield id="customfield_12310420" key="com.pyxis.greenhopper.jira:gh-global-rank">
                        <customfieldname>Global Rank</customfieldname>
                        <customfieldvalues>
                            <customfieldvalue>405996</customfieldvalue>
                        </customfieldvalues>
                    </customfield>
                                                                <customfield id="customfield_12311820" key="com.pyxis.greenhopper.jira:gh-lexo-rank">
                        <customfieldname>Rank</customfieldname>
                        <customfieldvalues>
                            <customfieldvalue>0|11xm80:</customfieldvalue>

                        </customfieldvalues>
                    </customfield>
                                                                <customfield id="customfield_12310920" key="com.pyxis.greenhopper.jira:gh-global-rank">
                        <customfieldname>Rank (Obsolete)</customfieldname>
                        <customfieldvalues>
                            <customfieldvalue>406016</customfieldvalue>
                        </customfieldvalues>
                    </customfield>
                                                                                                                        <customfield id="customfield_12310222" key="com.atlassian.jira.ext.charting:timeinstatus">
                        <customfieldname>Time in Status</customfieldname>
                        <customfieldvalues>
                            
                        </customfieldvalues>
                    </customfield>
                                    </customfields>
    </item>

<item>
            <title>[WICKET-5655] Problem with setting of IComponentInheritedModel and FLAG_INHERITABLE_MODEL</title>
                <link>https://issues.apache.org/jira/browse/WICKET-5655</link>
                <project id="12310561" key="WICKET">Wicket</project>
                    <description>&lt;p&gt;Described in the mailing list:&lt;br/&gt;
&lt;a href=&quot;http://mail-archives.apache.org/mod_mbox/wicket-users/201407.mbox/%3CCAF2_608c8TOZjprV8Md15KJpRET6YQdXHe%3DwRzF-y5G_zAXcDg%40mail.gmail.com%3E&quot; class=&quot;external-link&quot; rel=&quot;nofollow&quot;&gt;http://mail-archives.apache.org/mod_mbox/wicket-users/201407.mbox/%3CCAF2_608c8TOZjprV8Md15KJpRET6YQdXHe%3DwRzF-y5G_zAXcDg%40mail.gmail.com%3E&lt;/a&gt;&lt;/p&gt;

&lt;p&gt;I&apos;m aware of the another issue (&lt;a href=&quot;https://issues.apache.org/jira/browse/WICKET-3413&quot; class=&quot;external-link&quot; rel=&quot;nofollow&quot;&gt;https://issues.apache.org/jira/browse/WICKET-3413&lt;/a&gt;) which dealt with the exact same code - and I believe there was a mistake in the solution that leads to this issue.&lt;/p&gt;

&lt;p&gt;Please see the attached quickstart (including a JUnit test) to reproduce the error.&lt;/p&gt;</description>
                <environment></environment>
        <key id="12730734">WICKET-5655</key>
            <summary>Problem with setting of IComponentInheritedModel and FLAG_INHERITABLE_MODEL</summary>
                <type id="1" iconUrl="https://issues.apache.org/jira/images/icons/issuetypes/bug.png">Bug</type>
                                            <priority id="4" iconUrl="https://issues.apache.org/jira/images/icons/priorities/minor.png">Minor</priority>
                        <status id="6" iconUrl="https://issues.apache.org/jira/images/icons/statuses/closed.png" description="The issue is considered finished, the resolution is correct. Issues which are closed can be reopened.">Closed</status>
                    <statusCategory id="3" key="done" colorName="green"/>
                                    <resolution id="1">Fixed</resolution>
                                        <assignee username="svenmeier">Sven Meier</assignee>
                                    <reporter username="rza">Raoul Zander</reporter>
                        <labels>
                    </labels>
                <created>Wed, 30 Jul 2014 10:21:51 +0100</created>
                <updated>Wed, 30 Jul 2014 21:59:23 +0100</updated>
                            <resolved>Wed, 30 Jul 2014 21:59:23 +0100</resolved>
                                    <version>6.16.0</version>
                                    <fixVersion>7.0.0-M3</fixVersion>
                    <fixVersion>6.17.0</fixVersion>
                                    <component>wicket</component>
                        <due></due>
                            <votes>0</votes>
                                    <watches>3</watches>
                                                                <comments>
                            <comment id="14079965" author="jira-bot" created="Wed, 30 Jul 2014 21:58:42 +0100"  >&lt;p&gt;Commit 611dffb273f0cc4aba32af335a0dd72b9733ea7d in wicket&apos;s branch refs/heads/wicket-6.x from svenmeier&lt;br/&gt;
[ &lt;a href=&quot;https://git-wip-us.apache.org/repos/asf?p=wicket.git;h=611dffb&quot; class=&quot;external-link&quot; rel=&quot;nofollow&quot;&gt;https://git-wip-us.apache.org/repos/asf?p=wicket.git;h=611dffb&lt;/a&gt; ]&lt;/p&gt;

&lt;p&gt;&lt;a href=&quot;https://issues.apache.org/jira/browse/WICKET-5655&quot; title=&quot;Problem with setting of IComponentInheritedModel and FLAG_INHERITABLE_MODEL&quot; class=&quot;issue-link&quot; data-issue-key=&quot;WICKET-5655&quot;&gt;&lt;del&gt;WICKET-5655&lt;/del&gt;&lt;/a&gt; clear FLAG_INHERITABLE_MODEL reliably&lt;/p&gt;</comment>
                            <comment id="14079966" author="jira-bot" created="Wed, 30 Jul 2014 21:59:11 +0100"  >&lt;p&gt;Commit d558004bb386c1b736d9d3a8592d465893f8ed96 in wicket&apos;s branch refs/heads/master from svenmeier&lt;br/&gt;
[ &lt;a href=&quot;https://git-wip-us.apache.org/repos/asf?p=wicket.git;h=d558004&quot; class=&quot;external-link&quot; rel=&quot;nofollow&quot;&gt;https://git-wip-us.apache.org/repos/asf?p=wicket.git;h=d558004&lt;/a&gt; ]&lt;/p&gt;

&lt;p&gt;&lt;a href=&quot;https://issues.apache.org/jira/browse/WICKET-5655&quot; title=&quot;Problem with setting of IComponentInheritedModel and FLAG_INHERITABLE_MODEL&quot; class=&quot;issue-link&quot; data-issue-key=&quot;WICKET-5655&quot;&gt;&lt;del&gt;WICKET-5655&lt;/del&gt;&lt;/a&gt; clear FLAG_INHERITABLE_MODEL reliably&lt;/p&gt;</comment>
                            <comment id="14079967" author="svenmeier" created="Wed, 30 Jul 2014 21:59:23 +0100"  >&lt;p&gt;FLAG_INHERITABLE_MODEL is now reliably cleared, for CompoundPropertyModels too.&lt;/p&gt;</comment>
                    </comments>
                    <attachments>
                            <attachment id="12658622" name="ComponentInheritedModel_Error_Quickstart.zip" size="31335" author="rza" created="Wed, 30 Jul 2014 10:23:02 +0100"/>
                    </attachments>
                <subtasks>
                    </subtasks>
                <customfields>
                                                <customfield id="customfield_12310310" key="com.atlassian.jira.toolkit:attachments">
                        <customfieldname>Attachment count</customfieldname>
                        <customfieldvalues>
                            <customfieldvalue>1.0</customfieldvalue>
                        </customfieldvalues>
                    </customfield>
                                                                                                                        <customfield id="customfield_12310220" key="com.atlassian.jira.ext.charting:firstresponsedate">
                        <customfieldname>Date of First Response</customfieldname>
                        <customfieldvalues>
                            <customfieldvalue>Wed, 30 Jul 2014 20:58:42 +0000</customfieldvalue>

                        </customfieldvalues>
                    </customfield>
                                                                                                                                                    <customfield id="customfield_12310420" key="com.pyxis.greenhopper.jira:gh-global-rank">
                        <customfieldname>Global Rank</customfieldname>
                        <customfieldvalues>
                            <customfieldvalue>408807</customfieldvalue>
                        </customfieldvalues>
                    </customfield>
                                                                <customfield id="customfield_12311820" key="com.pyxis.greenhopper.jira:gh-lexo-rank">
                        <customfieldname>Rank</customfieldname>
                        <customfieldvalues>
                            <customfieldvalue>0|11y3fs:</customfieldvalue>

                        </customfieldvalues>
                    </customfield>
                                                                <customfield id="customfield_12310920" key="com.pyxis.greenhopper.jira:gh-global-rank">
                        <customfieldname>Rank (Obsolete)</customfieldname>
                        <customfieldvalues>
                            <customfieldvalue>408805</customfieldvalue>
                        </customfieldvalues>
                    </customfield>
                                                                                                                        <customfield id="customfield_12310222" key="com.atlassian.jira.ext.charting:timeinstatus">
                        <customfieldname>Time in Status</customfieldname>
                        <customfieldvalues>
                            
                        </customfieldvalues>
                    </customfield>
                                    </customfields>
    </item>

<item>
            <title>[WICKET-5656] PropertyResolver does not scan for NotNull in annotation tree</title>
                <link>https://issues.apache.org/jira/browse/WICKET-5656</link>
                <project id="12310561" key="WICKET">Wicket</project>
                    <description>&lt;p&gt;When annotating a field of a bean with e.g. org.hibernate.validator.constraints.NotEmpty, this implies&lt;br/&gt;
javax.validation.constraints.NotNull, but PropertyValidator only checks for the annotations immediately on the filed not the tree of annotations. As a result Wicket does not mark the field as required in the UI, which it should.&lt;/p&gt;

&lt;p&gt;Also PropertyResolver.findNotNullConstraints() is not even protected, so cannot be patched in a simple way.&lt;/p&gt;

&lt;p&gt;So as a solution I suggest changing findNotNullConstraints() to be protected and rather be something like findConstraints(filter), or findConstraints(clazz), and then in that method method recursively invoking getComposingConstraints to get all constraints, but collecting only those of interest. Possibly some care needs to be taken to prevent infinite recursion where constraints are composed of each other (if that compiles).&lt;/p&gt;</description>
                <environment></environment>
        <key id="12730736">WICKET-5656</key>
            <summary>PropertyResolver does not scan for NotNull in annotation tree</summary>
                <type id="1" iconUrl="https://issues.apache.org/jira/images/icons/issuetypes/bug.png">Bug</type>
                                            <priority id="3" iconUrl="https://issues.apache.org/jira/images/icons/priorities/major.png">Major</priority>
                        <status id="5" iconUrl="https://issues.apache.org/jira/images/icons/statuses/resolved.png" description="A resolution has been taken, and it is awaiting verification by reporter. From here issues are either reopened, or are closed.">Resolved</status>
                    <statusCategory id="3" key="done" colorName="green"/>
                                    <resolution id="1">Fixed</resolution>
                                        <assignee username="ivaynberg">Igor Vaynberg</assignee>
                                    <reporter username="tkruse">Thibault Kruse</reporter>
                        <labels>
                    </labels>
                <created>Wed, 30 Jul 2014 10:38:01 +0100</created>
                <updated>Fri, 22 Aug 2014 17:27:34 +0100</updated>
                            <resolved>Fri, 22 Aug 2014 17:27:34 +0100</resolved>
                                    <version>6.16.0</version>
                                    <fixVersion>7.0.0-M3</fixVersion>
                    <fixVersion>6.17.0</fixVersion>
                                    <component>wicket-bean-validation</component>
                        <due></due>
                            <votes>0</votes>
                                    <watches>4</watches>
                                                                <comments>
                            <comment id="14084599" author="mgrigorov" created="Mon, 4 Aug 2014 13:34:06 +0100"  >&lt;p&gt;A patch is welcome!&lt;/p&gt;</comment>
                            <comment id="14084613" author="mgrigorov" created="Mon, 4 Aug 2014 13:57:56 +0100"  >&lt;p&gt;I may be totally off here but here is how I see it:&lt;/p&gt;

&lt;ul class=&quot;alternate&quot; type=&quot;square&quot;&gt;
	&lt;li&gt;org.apache.wicket.bean.validation.ConstraintIterator is not really needed. All that is needed is its logic to get the &lt;b&gt;root&lt;/b&gt; constraint descriptors.&lt;/li&gt;
	&lt;li&gt;org.apache.wicket.bean.validation.PropertyValidator#findNotNullConstraints() (or however better name we give it) should return a List&amp;lt;ConstraintDescriptor&amp;gt; of all ConstraintDescriptors which are either NotNull (the filter) or have composing constraints which are NotNull.&lt;/li&gt;
	&lt;li&gt;org.apache.wicket.bean.validation.PropertyValidator#isRequired() should use ConstraintDescriptor#getGroups() instead of NotNull#groups()&lt;/li&gt;
	&lt;li&gt;org.apache.wicket.bean.validation.PropertyValidator#isRequired() may need extra logic to handle javax.validation.groups.Default. See javax.validation.metadata.ConstraintDescriptor#getGroups()&lt;/li&gt;
&lt;/ul&gt;


&lt;p&gt;&lt;a href=&quot;https://issues.apache.org/jira/secure/ViewProfile.jspa?name=ivaynberg&quot; class=&quot;user-hover&quot; rel=&quot;ivaynberg&quot;&gt;Igor Vaynberg&lt;/a&gt; is the above correct ? I may rework it if I&apos;m on the right track&lt;/p&gt;</comment>
                            <comment id="14084711" author="tkruse" created="Mon, 4 Aug 2014 15:39:50 +0100"  >&lt;p&gt;It might be YAGNI, but I think it would be nice to have code to get Constraints of a certain type, not just NotNull. This could in the future help to provide additional client-side features based on Bean-validation annotations.&lt;/p&gt;</comment>
                            <comment id="14084767" author="mgrigorov" created="Mon, 4 Aug 2014 16:23:43 +0100"  >&lt;p&gt;Agreed on this!&lt;/p&gt;</comment>
                            <comment id="14106726" author="jira-bot" created="Fri, 22 Aug 2014 12:09:16 +0100"  >&lt;p&gt;Commit f539c18cb16deffdcdc86b9ec69dd80f4f3abe0d in wicket&apos;s branch refs/heads/master from adelbene&lt;br/&gt;
[ &lt;a href=&quot;https://git-wip-us.apache.org/repos/asf?p=wicket.git;h=f539c18&quot; class=&quot;external-link&quot; rel=&quot;nofollow&quot;&gt;https://git-wip-us.apache.org/repos/asf?p=wicket.git;h=f539c18&lt;/a&gt; ]&lt;/p&gt;

&lt;p&gt;&lt;a href=&quot;https://issues.apache.org/jira/browse/WICKET-5656&quot; title=&quot;PropertyResolver does not scan for NotNull in annotation tree&quot; class=&quot;issue-link&quot; data-issue-key=&quot;WICKET-5656&quot;&gt;&lt;del&gt;WICKET-5656&lt;/del&gt;&lt;/a&gt; PropertyResolver does not scan for NotNull in annotation&lt;br/&gt;
tree&lt;/p&gt;</comment>
                            <comment id="14106750" author="bitstorm" created="Fri, 22 Aug 2014 13:09:10 +0100"  >&lt;p&gt;Pretty weird...ConstraintIterator and PropertyValidator work well and they find NotNull even when it is nested. But when NotNull is directly applied its Group array is empty, while it contains &apos;Default&apos; when it is nested in another constraint.&lt;br/&gt;
For now I just improved the if condition inside PropertyValidator.isRequired (see commit), so we could fix it for the next release.&lt;/p&gt;</comment>
                            <comment id="14106796" author="jira-bot" created="Fri, 22 Aug 2014 13:47:56 +0100"  >&lt;p&gt;Commit bc4a55fccea6810d0970d924fdd9d84392960995 in wicket&apos;s branch refs/heads/wicket-6.x from adelbene&lt;br/&gt;
[ &lt;a href=&quot;https://git-wip-us.apache.org/repos/asf?p=wicket.git;h=bc4a55f&quot; class=&quot;external-link&quot; rel=&quot;nofollow&quot;&gt;https://git-wip-us.apache.org/repos/asf?p=wicket.git;h=bc4a55f&lt;/a&gt; ]&lt;/p&gt;

&lt;p&gt;&lt;a href=&quot;https://issues.apache.org/jira/browse/WICKET-5656&quot; title=&quot;PropertyResolver does not scan for NotNull in annotation tree&quot; class=&quot;issue-link&quot; data-issue-key=&quot;WICKET-5656&quot;&gt;&lt;del&gt;WICKET-5656&lt;/del&gt;&lt;/a&gt; PropertyResolver does not scan for NotNull in annotation&lt;br/&gt;
tree&lt;/p&gt;</comment>
                    </comments>
                    <attachments>
                    </attachments>
                <subtasks>
                    </subtasks>
                <customfields>
                                                <customfield id="customfield_12310310" key="com.atlassian.jira.toolkit:attachments">
                        <customfieldname>Attachment count</customfieldname>
                        <customfieldvalues>
                            <customfieldvalue>0.0</customfieldvalue>
                        </customfieldvalues>
                    </customfield>
                                                                                                                        <customfield id="customfield_12310220" key="com.atlassian.jira.ext.charting:firstresponsedate">
                        <customfieldname>Date of First Response</customfieldname>
                        <customfieldvalues>
                            <customfieldvalue>Mon, 4 Aug 2014 12:34:06 +0000</customfieldvalue>

                        </customfieldvalues>
                    </customfield>
                                                                                                                                                    <customfield id="customfield_12310420" key="com.pyxis.greenhopper.jira:gh-global-rank">
                        <customfieldname>Global Rank</customfieldname>
                        <customfieldvalues>
                            <customfieldvalue>408809</customfieldvalue>
                        </customfieldvalues>
                    </customfield>
                                                                <customfield id="customfield_12311820" key="com.pyxis.greenhopper.jira:gh-lexo-rank">
                        <customfieldname>Rank</customfieldname>
                        <customfieldvalues>
                            <customfieldvalue>0|11y3g8:</customfieldvalue>

                        </customfieldvalues>
                    </customfield>
                                                                <customfield id="customfield_12310920" key="com.pyxis.greenhopper.jira:gh-global-rank">
                        <customfieldname>Rank (Obsolete)</customfieldname>
                        <customfieldvalues>
                            <customfieldvalue>408807</customfieldvalue>
                        </customfieldvalues>
                    </customfield>
                                                                                                                        <customfield id="customfield_12310222" key="com.atlassian.jira.ext.charting:timeinstatus">
                        <customfieldname>Time in Status</customfieldname>
                        <customfieldvalues>
                            
                        </customfieldvalues>
                    </customfield>
                                    </customfields>
    </item>

<item>
            <title>[WICKET-5657] wicket-autocomplete may fail after preceeding Ajax request</title>
                <link>https://issues.apache.org/jira/browse/WICKET-5657</link>
                <project id="12310561" key="WICKET">Wicket</project>
                    <description>&lt;p&gt;The following processing sequence leads to a JavaScript error:&lt;/p&gt;

&lt;ul class=&quot;alternate&quot; type=&quot;square&quot;&gt;
	&lt;li&gt;form is shown including an autoCompleteTextField&lt;/li&gt;
	&lt;li&gt;user enters criteria and immediately presses enter&lt;/li&gt;
	&lt;li&gt;actualUpdateChoices() is scheduled by the throttler&lt;/li&gt;
	&lt;li&gt;form is submitted via ajax&lt;/li&gt;
	&lt;li&gt;autoCompleteTextField is removed from DOM&lt;/li&gt;
	&lt;li&gt;throttler executes actualUpdateChoices()&lt;/li&gt;
	&lt;li&gt;wicket-autocomplete fails with precondition, since element is no longer in DOM:&lt;/li&gt;
&lt;/ul&gt;


&lt;p&gt;    var elementVal =  Wicket.$(elementId).value;&lt;/p&gt;</description>
                <environment></environment>
        <key id="12730831">WICKET-5657</key>
            <summary>wicket-autocomplete may fail after preceeding Ajax request</summary>
                <type id="1" iconUrl="https://issues.apache.org/jira/images/icons/issuetypes/bug.png">Bug</type>
                                            <priority id="3" iconUrl="https://issues.apache.org/jira/images/icons/priorities/major.png">Major</priority>
                        <status id="5" iconUrl="https://issues.apache.org/jira/images/icons/statuses/resolved.png" description="A resolution has been taken, and it is awaiting verification by reporter. From here issues are either reopened, or are closed.">Resolved</status>
                    <statusCategory id="3" key="done" colorName="green"/>
                                    <resolution id="1">Fixed</resolution>
                                        <assignee username="svenmeier">Sven Meier</assignee>
                                    <reporter username="svenmeier">Sven Meier</reporter>
                        <labels>
                    </labels>
                <created>Wed, 30 Jul 2014 17:49:07 +0100</created>
                <updated>Wed, 30 Jul 2014 18:28:21 +0100</updated>
                            <resolved>Wed, 30 Jul 2014 18:28:21 +0100</resolved>
                                    <version>6.16.0</version>
                    <version>7.0.0-M2</version>
                                    <fixVersion>7.0.0-M3</fixVersion>
                    <fixVersion>6.17.0</fixVersion>
                                    <component>wicket-extensions</component>
                        <due></due>
                            <votes>0</votes>
                                    <watches>2</watches>
                                                                <comments>
                            <comment id="14079590" author="jira-bot" created="Wed, 30 Jul 2014 18:27:55 +0100"  >&lt;p&gt;Commit 8ee88f13ceff97dfc0a4818f4c368525d1f799eb in wicket&apos;s branch refs/heads/master from svenmeier&lt;br/&gt;
[ &lt;a href=&quot;https://git-wip-us.apache.org/repos/asf?p=wicket.git;h=8ee88f1&quot; class=&quot;external-link&quot; rel=&quot;nofollow&quot;&gt;https://git-wip-us.apache.org/repos/asf?p=wicket.git;h=8ee88f1&lt;/a&gt; ]&lt;/p&gt;

&lt;p&gt;&lt;a href=&quot;https://issues.apache.org/jira/browse/WICKET-5657&quot; title=&quot;wicket-autocomplete may fail after preceeding Ajax request&quot; class=&quot;issue-link&quot; data-issue-key=&quot;WICKET-5657&quot;&gt;&lt;del&gt;WICKET-5657&lt;/del&gt;&lt;/a&gt; wicket-autocomplete may fail after preceeding Ajax request&lt;/p&gt;</comment>
                            <comment id="14079591" author="jira-bot" created="Wed, 30 Jul 2014 18:28:10 +0100"  >&lt;p&gt;Commit fd2dcbe5185cef2c5ed58e0a2446ecfe37ba8fb1 in wicket&apos;s branch refs/heads/wicket-6.x from svenmeier&lt;br/&gt;
[ &lt;a href=&quot;https://git-wip-us.apache.org/repos/asf?p=wicket.git;h=fd2dcbe&quot; class=&quot;external-link&quot; rel=&quot;nofollow&quot;&gt;https://git-wip-us.apache.org/repos/asf?p=wicket.git;h=fd2dcbe&lt;/a&gt; ]&lt;/p&gt;

&lt;p&gt;&lt;a href=&quot;https://issues.apache.org/jira/browse/WICKET-5657&quot; title=&quot;wicket-autocomplete may fail after preceeding Ajax request&quot; class=&quot;issue-link&quot; data-issue-key=&quot;WICKET-5657&quot;&gt;&lt;del&gt;WICKET-5657&lt;/del&gt;&lt;/a&gt; wicket-autocomplete may fail after preceeding Ajax request&lt;/p&gt;</comment>
                            <comment id="14079592" author="svenmeier" created="Wed, 30 Jul 2014 18:28:21 +0100"  >&lt;p&gt;Existence of markup element is now checked in precondition.&lt;/p&gt;</comment>
                    </comments>
                    <attachments>
                    </attachments>
                <subtasks>
                    </subtasks>
                <customfields>
                                                <customfield id="customfield_12310310" key="com.atlassian.jira.toolkit:attachments">
                        <customfieldname>Attachment count</customfieldname>
                        <customfieldvalues>
                            <customfieldvalue>0.0</customfieldvalue>
                        </customfieldvalues>
                    </customfield>
                                                                                                                        <customfield id="customfield_12310220" key="com.atlassian.jira.ext.charting:firstresponsedate">
                        <customfieldname>Date of First Response</customfieldname>
                        <customfieldvalues>
                            <customfieldvalue>Wed, 30 Jul 2014 17:27:55 +0000</customfieldvalue>

                        </customfieldvalues>
                    </customfield>
                                                                                                                                                    <customfield id="customfield_12310420" key="com.pyxis.greenhopper.jira:gh-global-rank">
                        <customfieldname>Global Rank</customfieldname>
                        <customfieldvalues>
                            <customfieldvalue>408904</customfieldvalue>
                        </customfieldvalues>
                    </customfield>
                                                                <customfield id="customfield_12311820" key="com.pyxis.greenhopper.jira:gh-lexo-rank">
                        <customfieldname>Rank</customfieldname>
                        <customfieldvalues>
                            <customfieldvalue>0|11y41c:</customfieldvalue>

                        </customfieldvalues>
                    </customfield>
                                                                <customfield id="customfield_12310920" key="com.pyxis.greenhopper.jira:gh-global-rank">
                        <customfieldname>Rank (Obsolete)</customfieldname>
                        <customfieldvalues>
                            <customfieldvalue>408902</customfieldvalue>
                        </customfieldvalues>
                    </customfield>
                                                                                                                        <customfield id="customfield_12310222" key="com.atlassian.jira.ext.charting:timeinstatus">
                        <customfieldname>Time in Status</customfieldname>
                        <customfieldvalues>
                            
                        </customfieldvalues>
                    </customfield>
                                    </customfields>
    </item>
</channel>
</rss>
