<!--
RSS generated by JIRA (8.3.4#803005-sha1:1f96e09b3c60279a408a2ae47be3c745f571388b) at Sat Nov 09 15:35:28 UTC 2019

It is possible to restrict the fields that are returned in this document by specifying the 'field' parameter in your request.
For example, to request only the issue key and summary append 'field=key&field=summary' to the URL of your request.
-->
<!-- If you wish to do custom client-side styling of RSS, uncomment this:
<?xml-stylesheet href="https://issues.apache.org/jira/styles/jiraxml2html.xsl" type="text/xsl"?>
-->
<rss version="0.92">
    <channel>
        <title>ASF JIRA</title>
        <link>https://issues.apache.org/jira/issues/?jql=project+%3D+WICKET+AND+issuetype+%3D+Bug+AND+created+%3E%3D+2019-09-01+AND+created+%3C%3D+2019-10-01</link>
        <description>An XML representation of a search request</description>
                <language>en-uk</language>
                        <issue start="0" end="5" total="5"/>
                <build-info>
            <version>8.3.4</version>
            <build-number>803005</build-number>
            <build-date>13-09-2019</build-date>
        </build-info>

<item>
            <title>[WICKET-6705] URL filename not decoded when downloading via AjaxDownload blob mode</title>
                <link>https://issues.apache.org/jira/browse/WICKET-6705</link>
                <project id="12310561" key="WICKET">Wicket</project>
                    <description>&lt;p&gt;The filenames are incorrectly encoded/decoded in Wicket as part of AjaxDownload &quot;blob&quot; mode.&lt;/p&gt;

&lt;p&gt;This problem was marked fixed according to the &lt;a href=&quot;https://wicket.apache.org/news/2019/05/28/wicket-8.5.0-released.html&quot; class=&quot;external-link&quot; rel=&quot;nofollow&quot;&gt;Wicket 8.5.0 release notes&lt;/a&gt; as part of issue &lt;a href=&quot;https://issues.apache.org/jira/browse/WICKET-6650&quot; title=&quot;Url decode the name of the file after AjaxDownload with Location == Blob&quot; class=&quot;issue-link&quot; data-issue-key=&quot;WICKET-6650&quot;&gt;&lt;del&gt;WICKET-6650&lt;/del&gt;&lt;/a&gt;.&lt;/p&gt;

&lt;p&gt;Unfortunately, the fix in commit&#160;&lt;a href=&quot;https://github.com/apache/wicket/commit/ac20fab1627c49adb213c2a448a5d8f5dd20518e&quot; class=&quot;external-link&quot; rel=&quot;nofollow&quot;&gt;ac20fab162&lt;/a&gt; is still pending in branch &lt;em&gt;&lt;a href=&quot;https://issues.apache.org/jira/browse/WICKET-6649&quot; title=&quot;Store the applicationName, sessionId and key in WebSocket Text/BinaryMessage and in IWebSocketConnection&quot; class=&quot;issue-link&quot; data-issue-key=&quot;WICKET-6649&quot;&gt;&lt;del&gt;WICKET-6649&lt;/del&gt;&lt;/a&gt;-downport-for-wicket-8.x&lt;/em&gt; and has &lt;a href=&quot;https://github.com/apache/wicket/blob/wicket-8.x/wicket-extensions/src/main/java/org/apache/wicket/extensions/ajax/wicket-ajaxdownload.js#L114&quot; class=&quot;external-link&quot; rel=&quot;nofollow&quot;&gt;never made it to branch wicket-8.x&lt;/a&gt;. See &lt;a href=&quot;https://github.com/apache/wicket/blob/rel/wicket-8.5.0/wicket-extensions/src/main/java/org/apache/wicket/extensions/ajax/wicket-ajaxdownload.js#L114&quot; class=&quot;external-link&quot; rel=&quot;nofollow&quot;&gt;wicket-ajaxdownload.js file from rel/wicket-8.5.0 branch&lt;/a&gt;.&lt;/p&gt;

&lt;p&gt;A cherry-pick of that patch was made in commit 9b7ad5d18a, which fixes master.&lt;/p&gt;

&lt;p&gt;&#160;&lt;/p&gt;</description>
                <environment></environment>
        <key id="13259746">WICKET-6705</key>
            <summary>URL filename not decoded when downloading via AjaxDownload blob mode</summary>
                <type id="1" iconUrl="https://issues.apache.org/jira/secure/viewavatar?size=xsmall&amp;avatarId=21133&amp;avatarType=issuetype">Bug</type>
                                            <priority id="3" iconUrl="https://issues.apache.org/jira/images/icons/priorities/major.svg">Major</priority>
                        <status id="5" iconUrl="https://issues.apache.org/jira/images/icons/statuses/resolved.png" description="A resolution has been taken, and it is awaiting verification by reporter. From here issues are either reopened, or are closed.">Resolved</status>
                    <statusCategory id="3" key="done" colorName="green"/>
                                    <resolution id="1">Fixed</resolution>
                                        <assignee username="mgrigorov">Martin Tzvetanov Grigorov</assignee>
                                    <reporter username="mat128">Mathieu Mitchell</reporter>
                        <labels>
                    </labels>
                <created>Mon, 30 Sep 2019 20:14:17 +0000</created>
                <updated>Thu, 3 Oct 2019 11:08:26 +0000</updated>
                            <resolved>Thu, 3 Oct 2019 11:08:26 +0000</resolved>
                                    <version>8.5.0</version>
                    <version>8.6.1</version>
                                    <fixVersion>8.7.0</fixVersion>
                                    <component>wicket-extensions</component>
                        <due></due>
                            <votes>0</votes>
                                    <watches>1</watches>
                                                                <comments>
                            <comment id="16943527" author="mgrigorov" created="Thu, 3 Oct 2019 11:08:26 +0000"  >&lt;p&gt;I&apos;ve applied the change in wicket-8.x.&lt;br/&gt;
Sorry for the delay. I am not sure why I have put it in a separate branch.&lt;/p&gt;</comment>
                    </comments>
                    <attachments>
                    </attachments>
                <subtasks>
                    </subtasks>
                <customfields>
                                                <customfield id="customfield_12310310" key="com.atlassian.jira.toolkit:attachments">
                        <customfieldname>Attachment count</customfieldname>
                        <customfieldvalues>
                            <customfieldvalue>0.0</customfieldvalue>
                        </customfieldvalues>
                    </customfield>
                                                                                                                                                                                                                                                                                                                                                                                                                                                                                                                                                                                                                    <customfield id="customfield_12310220" key="com.atlassian.jira.ext.charting:firstresponsedate">
                        <customfieldname>Date of First Response</customfieldname>
                        <customfieldvalues>
                            <customfieldvalue>Thu, 3 Oct 2019 11:08:26 +0000</customfieldvalue>

                        </customfieldvalues>
                    </customfield>
                                                                <customfield id="customfield_12314020" key="com.atlassian.jira.plugins.jira-development-integration-plugin:devsummary">
                        <customfieldname>Development</customfieldname>
                        <customfieldvalues>
                            
                        </customfieldvalues>
                    </customfield>
                                                                                                                        <customfield id="customfield_12313422" key="com.atlassian.jirafisheyeplugin:jobcheckbox">
                        <customfieldname>Enable Automatic Patch Review</customfieldname>
                        <customfieldvalues>
                            <customfieldvalue><![CDATA[false]]></customfieldvalue>

                        </customfieldvalues>
                    </customfield>
                                                                                                                                                                                                                                                                                                                                                                                                                                                                        <customfield id="customfield_12310420" key="com.pyxis.greenhopper.jira:gh-global-rank">
                        <customfieldname>Global Rank</customfieldname>
                        <customfieldvalues>
                            <customfieldvalue>9223372036854775807</customfieldvalue>
                        </customfieldvalues>
                    </customfield>
                                                                                                                        <customfield id="customfield_12312521" key="com.atlassian.jira.toolkit:LastCommentDate">
                        <customfieldname>Last public comment date</customfieldname>
                        <customfieldvalues>
                            5 weeks, 2 days ago
                        </customfieldvalues>
                    </customfield>
                                                                                                                                                    <customfield id="customfield_12311820" key="com.pyxis.greenhopper.jira:gh-lexo-rank">
                        <customfieldname>Rank</customfieldname>
                        <customfieldvalues>
                            <customfieldvalue>0|z07620:</customfieldvalue>

                        </customfieldvalues>
                    </customfield>
                                                                <customfield id="customfield_12310920" key="com.pyxis.greenhopper.jira:gh-global-rank">
                        <customfieldname>Rank (Obsolete)</customfieldname>
                        <customfieldvalues>
                            <customfieldvalue>9223372036854775807</customfieldvalue>
                        </customfieldvalues>
                    </customfield>
                                                                                                                                                                                                                                                                                                                                                        <customfield id="customfield_12310222" key="com.atlassian.jira.ext.charting:timeinstatus">
                        <customfieldname>Time in Status</customfieldname>
                        <customfieldvalues>
                            
                        </customfieldvalues>
                    </customfield>
                                                                </customfields>
    </item>


<item>
            <title>[WICKET-6704] JavaSerializer.serialize causes the JVM crash !</title>
                <link>https://issues.apache.org/jira/browse/WICKET-6704</link>
                <project id="12310561" key="WICKET">Wicket</project>
                    <description>&lt;ul&gt;
	&lt;li&gt;when trying to serialize my custom object with a non-serializable field by&#160;JavaSerializer.serialize the JVM crashes instead of throwing the regular&#160;NotSerializableException !&lt;/li&gt;
&lt;/ul&gt;


&lt;ul&gt;
	&lt;li&gt;when trying to serialize THE SAME object by java&#160;ObjectOutputStream then it&apos;s handled correctly and&#160;NotSerializableException is thrown&lt;/li&gt;
	&lt;li&gt;I&apos;m attaching the very simple source code (Maven project), 1st test simulates the wicket issue (JVM crash) and 2nd test simulates the correct handling by&#160;java&#160;ObjectOutputStream&lt;/li&gt;
	&lt;li&gt;the attached example is just the simplification of very large project which is massively used by the users, so in fact it&apos;s critical for us&lt;/li&gt;
&lt;/ul&gt;


&lt;p&gt;&#160;&lt;/p&gt;
&lt;ul&gt;
	&lt;li&gt;java: 1.8 (probably doesn&apos;t matter, tested on 1.8.0_162 and 1.8.0_221)&lt;/li&gt;
	&lt;li&gt;wicket: 8.5.0 (probably the problem is also in other versions)&lt;/li&gt;
&lt;/ul&gt;
</description>
                <environment>Windows 7, but probably it&amp;#39;s NOT OS dependant</environment>
        <key id="13259218">WICKET-6704</key>
            <summary>JavaSerializer.serialize causes the JVM crash !</summary>
                <type id="1" iconUrl="https://issues.apache.org/jira/secure/viewavatar?size=xsmall&amp;avatarId=21133&amp;avatarType=issuetype">Bug</type>
                                            <priority id="3" iconUrl="https://issues.apache.org/jira/images/icons/priorities/major.svg">Major</priority>
                        <status id="5" iconUrl="https://issues.apache.org/jira/images/icons/statuses/resolved.png" description="A resolution has been taken, and it is awaiting verification by reporter. From here issues are either reopened, or are closed.">Resolved</status>
                    <statusCategory id="3" key="done" colorName="green"/>
                                    <resolution id="1">Fixed</resolution>
                                        <assignee username="mgrigorov">Martin Tzvetanov Grigorov</assignee>
                                    <reporter username="joek">Joe K</reporter>
                        <labels>
                    </labels>
                <created>Fri, 27 Sep 2019 09:16:04 +0000</created>
                <updated>Wed, 9 Oct 2019 13:11:25 +0000</updated>
                            <resolved>Wed, 9 Oct 2019 13:07:57 +0000</resolved>
                                    <version>8.5.0</version>
                                    <fixVersion>8.7.0</fixVersion>
                    <fixVersion>9.0.0-M4</fixVersion>
                    <fixVersion>7.16.0</fixVersion>
                                    <component>wicket-core</component>
                        <due></due>
                            <votes>0</votes>
                                    <watches>4</watches>
                                                                <comments>
                            <comment id="16939733" author="svenmeier" created="Fri, 27 Sep 2019 20:09:35 +0000"  >&lt;p&gt;You&apos;ve written it in your code comments already: This is weird!&lt;/p&gt;

&lt;p&gt;I don&apos;t have a clue why this special combination of fields (Future, PropertyChangeSupport subclass in superclass) fails this way, let alone why this should result in a JVM crash.&lt;/p&gt;

&lt;p&gt;If this is critical for you, I suggest you skip the magic and do with a standard ObjectOutputStream instead:&lt;/p&gt;
&lt;div class=&quot;code panel&quot; style=&quot;border-width: 1px;&quot;&gt;&lt;div class=&quot;codeContent panelContent&quot;&gt;
&lt;pre class=&quot;code-java&quot;&gt;
frameworkSettings.setSerializer(&lt;span class=&quot;code-keyword&quot;&gt;new&lt;/span&gt; JavaSerializer(application.getApplicationKey()) {
  @Override
  &lt;span class=&quot;code-keyword&quot;&gt;protected&lt;/span&gt; ObjectOutputStream newObjectOutputStream(OutputStream out) &lt;span class=&quot;code-keyword&quot;&gt;throws&lt;/span&gt; IOException
  {
     &lt;span class=&quot;code-keyword&quot;&gt;return&lt;/span&gt; &lt;span class=&quot;code-keyword&quot;&gt;new&lt;/span&gt; ObjectOutputStream(out);
  }
});

&lt;/pre&gt;
&lt;/div&gt;&lt;/div&gt;</comment>
                            <comment id="16939972" author="joek" created="Sat, 28 Sep 2019 11:38:54 +0000"  >&lt;p&gt;Thank you Sven ! Yes, this is what I plan to do if this bug will remain unresolved. I just wonder why such magic is done by the Wikcet Serializer, and asking myself what could be the consequence of using the simple java&#160;ObjectOutputStream.&lt;/p&gt;</comment>
                            <comment id="16940057" author="svenmeier" created="Sat, 28 Sep 2019 15:54:35 +0000"  >&lt;p&gt;Wicket&apos;s magic serializer makes it easier for you to identify the offending non-serializable field. Without it your application will work just as fine.&lt;/p&gt;</comment>
                            <comment id="16940262" author="joek" created="Sun, 29 Sep 2019 07:03:48 +0000"  >&lt;p&gt;Thank you again Sven, in this case lowering the priority and I guess wicket community decides if fix or won&apos;t fix.&lt;/p&gt;</comment>
                            <comment id="16940922" author="mgrigorov" created="Mon, 30 Sep 2019 12:24:57 +0000"  >&lt;p&gt;The problem is in `java.beans.PropertyChangeSupport#writeObject(ObjectOutputStream)`. It does:&#160;&lt;/p&gt;
&lt;div class=&quot;code panel&quot; style=&quot;border-width: 1px;&quot;&gt;&lt;div class=&quot;codeContent panelContent&quot;&gt;
&lt;pre class=&quot;code-java&quot;&gt;
ObjectOutputStream.PutField fields = s.putFields();
fields.put(&lt;span class=&quot;code-quote&quot;&gt;&quot;children&quot;&lt;/span&gt;, children);
fields.put(&lt;span class=&quot;code-quote&quot;&gt;&quot;source&quot;&lt;/span&gt;, &lt;span class=&quot;code-keyword&quot;&gt;this&lt;/span&gt;.source);
fields.put(&lt;span class=&quot;code-quote&quot;&gt;&quot;propertyChangeSupportSerializedDataVersion&quot;&lt;/span&gt;, 2);
&lt;/pre&gt;
&lt;/div&gt;&lt;/div&gt;

&lt;p&gt;and this later confuses `org.apache.wicket.core.util.objects.checker.CheckingObjectOutputStream#GET_NUM_OBJ_FIELDS_METHOD`.&lt;/p&gt;

&lt;p&gt;FutureTask is not special. Any non-serializable class would lead to the same.&lt;/p&gt;

&lt;p&gt;Here is what happens:&lt;br/&gt;
1) normal Java serialization is executed&lt;br/&gt;
2) PropertyChangeSupport#writeObject() is executed and the new fields are added&lt;br/&gt;
3) normal Java serialization fails with NotSerializableException&lt;br/&gt;
4) Wicket tries to find the problem with  CheckingObjectOutputStream to construct the exception debug messages&lt;br/&gt;
5) `vals[offsets&lt;span class=&quot;error&quot;&gt;&amp;#91;i&amp;#93;&lt;/span&gt;] = unsafe.getObject(obj, readKeys&lt;span class=&quot;error&quot;&gt;&amp;#91;i&amp;#93;&lt;/span&gt;);` at `java.io.ObjectStreamClass.FieldReflector#getObjFieldValues(Object, Object[])` fails in native code because `readKeys&lt;span class=&quot;error&quot;&gt;&amp;#91;i&amp;#93;&lt;/span&gt;` is `-1`.&lt;/p&gt;</comment>
                            <comment id="16940931" author="jira-bot" created="Mon, 30 Sep 2019 12:47:16 +0000"  >&lt;p&gt;Commit 8c89c0138d050baa179c349beee5d1f088adc760 in wicket&apos;s branch refs/heads/&lt;a href=&quot;https://issues.apache.org/jira/browse/WICKET-6704&quot; title=&quot;JavaSerializer.serialize causes the JVM crash !&quot; class=&quot;issue-link&quot; data-issue-key=&quot;WICKET-6704&quot;&gt;&lt;del&gt;WICKET-6704&lt;/del&gt;&lt;/a&gt;-PropertyChangeSupport-serialization-problem from Martin Tzvetanov Grigorov&lt;br/&gt;
[ &lt;a href=&quot;https://gitbox.apache.org/repos/asf?p=wicket.git;h=8c89c01&quot; class=&quot;external-link&quot; rel=&quot;nofollow&quot;&gt;https://gitbox.apache.org/repos/asf?p=wicket.git;h=8c89c01&lt;/a&gt; ]&lt;/p&gt;

&lt;p&gt;&lt;a href=&quot;https://issues.apache.org/jira/browse/WICKET-6704&quot; title=&quot;JavaSerializer.serialize causes the JVM crash !&quot; class=&quot;issue-link&quot; data-issue-key=&quot;WICKET-6704&quot;&gt;&lt;del&gt;WICKET-6704&lt;/del&gt;&lt;/a&gt; JavaSerializer.serialize causes the JVM crash !&lt;/p&gt;

&lt;p&gt;Do not check instances of PropertyChangeSupport whether they are Serializable because PropertyChangeSupport#writeObject() adds extra fields which confuse CheckingObjectOutputStream&lt;/p&gt;</comment>
                            <comment id="16940934" author="mgrigorov" created="Mon, 30 Sep 2019 12:49:56 +0000"  >&lt;p&gt;&lt;a href=&quot;https://github.com/apache/wicket/pull/385&quot; class=&quot;external-link&quot; rel=&quot;nofollow&quot;&gt;https://github.com/apache/wicket/pull/385&lt;/a&gt;&lt;/p&gt;</comment>
                            <comment id="16941621" author="joek" created="Tue, 1 Oct 2019 08:15:21 +0000"  >&lt;p&gt;&lt;a href=&quot;https://issues.apache.org/jira/secure/ViewProfile.jspa?name=svenmeier&quot; class=&quot;user-hover&quot; rel=&quot;svenmeier&quot;&gt;Sven Meier&lt;/a&gt;, Sven I realized that setting custom serializer on application startup will not work, because wicket re-create&apos;s the JavaSerializer again, due to fix of &lt;a href=&quot;https://issues.apache.org/jira/browse/WICKET-6334&quot; title=&quot;WicketObjects#sizeof() and #cloneObject() should not use IObjectCheckers &quot; class=&quot;issue-link&quot; data-issue-key=&quot;WICKET-6334&quot;&gt;&lt;del&gt;WICKET-6334&lt;/del&gt;&lt;/a&gt;&#160; in&#160;WicketObjects class&lt;/p&gt;

&lt;p&gt;The solution would be that Wicket would use some override-able method instead of direct instantiation.&lt;/p&gt;</comment>
                            <comment id="16941630" author="mgrigorov" created="Tue, 1 Oct 2019 08:29:40 +0000"  >&lt;p&gt;WicketObjects&apos; methods are static, so it is not possible to override them.&lt;/p&gt;

&lt;p&gt;What is the actual stack trace that leads to WicketObjects in your case ?&lt;/p&gt;</comment>
                            <comment id="16941645" author="joek" created="Tue, 1 Oct 2019 08:53:13 +0000"  >&lt;p&gt;Hi Martin, the new instance of JavaSerializer in&#160;WicketObjects class is created due to this ST.&lt;/p&gt;

&lt;p&gt;&lt;span class=&quot;image-wrap&quot; style=&quot;&quot;&gt;&lt;img src=&quot;https://issues.apache.org/jira/secure/attachment/12981874/12981874_WicketObjects_stacktrace_1.jpg&quot; style=&quot;border: 0px solid black&quot; /&gt;&lt;/span&gt;&lt;/p&gt;</comment>
                            <comment id="16941650" author="mgrigorov" created="Tue, 1 Oct 2019 09:00:11 +0000"  >&lt;p&gt;It seems you use wicket-devutils DebugPanel. In your case I&apos;d recommend to not use it until we decide what to do with my proposed fix.&lt;/p&gt;</comment>
                            <comment id="16947639" author="jira-bot" created="Wed, 9 Oct 2019 13:05:41 +0000"  >&lt;p&gt;Commit dde1050626238c35f071c236b9f382467f44a5e8 in wicket&apos;s branch refs/heads/&lt;a href=&quot;https://issues.apache.org/jira/browse/WICKET-6704&quot; title=&quot;JavaSerializer.serialize causes the JVM crash !&quot; class=&quot;issue-link&quot; data-issue-key=&quot;WICKET-6704&quot;&gt;&lt;del&gt;WICKET-6704&lt;/del&gt;&lt;/a&gt;-PropertyChangeSupport-serialization-problem from Martin Tzvetanov Grigorov&lt;br/&gt;
[ &lt;a href=&quot;https://gitbox.apache.org/repos/asf?p=wicket.git;h=dde1050&quot; class=&quot;external-link&quot; rel=&quot;nofollow&quot;&gt;https://gitbox.apache.org/repos/asf?p=wicket.git;h=dde1050&lt;/a&gt; ]&lt;/p&gt;

&lt;p&gt;&lt;a href=&quot;https://issues.apache.org/jira/browse/WICKET-6704&quot; title=&quot;JavaSerializer.serialize causes the JVM crash !&quot; class=&quot;issue-link&quot; data-issue-key=&quot;WICKET-6704&quot;&gt;&lt;del&gt;WICKET-6704&lt;/del&gt;&lt;/a&gt; Add more special types which use ObjectOutputStream.PutField in their writeObject() method&lt;/p&gt;</comment>
                            <comment id="16947641" author="jira-bot" created="Wed, 9 Oct 2019 13:06:24 +0000"  >&lt;p&gt;Commit 4ff101fca5fac22dfab9dda4dcfe9075247ee46a in wicket&apos;s branch refs/heads/wicket-8.x from Martin Grigorov&lt;br/&gt;
[ &lt;a href=&quot;https://gitbox.apache.org/repos/asf?p=wicket.git;h=4ff101f&quot; class=&quot;external-link&quot; rel=&quot;nofollow&quot;&gt;https://gitbox.apache.org/repos/asf?p=wicket.git;h=4ff101f&lt;/a&gt; ]&lt;/p&gt;

&lt;p&gt;&lt;a href=&quot;https://issues.apache.org/jira/browse/WICKET-6704&quot; title=&quot;JavaSerializer.serialize causes the JVM crash !&quot; class=&quot;issue-link&quot; data-issue-key=&quot;WICKET-6704&quot;&gt;&lt;del&gt;WICKET-6704&lt;/del&gt;&lt;/a&gt; JavaSerializer.serialize causes the JVM crash ! (#385)&lt;/p&gt;

&lt;ul&gt;
	&lt;li&gt;&lt;a href=&quot;https://issues.apache.org/jira/browse/WICKET-6704&quot; title=&quot;JavaSerializer.serialize causes the JVM crash !&quot; class=&quot;issue-link&quot; data-issue-key=&quot;WICKET-6704&quot;&gt;&lt;del&gt;WICKET-6704&lt;/del&gt;&lt;/a&gt; JavaSerializer.serialize causes the JVM crash !&lt;/li&gt;
&lt;/ul&gt;


&lt;p&gt;Do not check instances of PropertyChangeSupport whether they are Serializable because PropertyChangeSupport#writeObject() adds extra fields which confuse CheckingObjectOutputStream&lt;/p&gt;

&lt;ul&gt;
	&lt;li&gt;&lt;a href=&quot;https://issues.apache.org/jira/browse/WICKET-6704&quot; title=&quot;JavaSerializer.serialize causes the JVM crash !&quot; class=&quot;issue-link&quot; data-issue-key=&quot;WICKET-6704&quot;&gt;&lt;del&gt;WICKET-6704&lt;/del&gt;&lt;/a&gt; Add more special types which use ObjectOutputStream.PutField in their writeObject() method&lt;/li&gt;
&lt;/ul&gt;
</comment>
                            <comment id="16947642" author="jira-bot" created="Wed, 9 Oct 2019 13:06:25 +0000"  >&lt;p&gt;Commit 4ff101fca5fac22dfab9dda4dcfe9075247ee46a in wicket&apos;s branch refs/heads/wicket-8.x from Martin Grigorov&lt;br/&gt;
[ &lt;a href=&quot;https://gitbox.apache.org/repos/asf?p=wicket.git;h=4ff101f&quot; class=&quot;external-link&quot; rel=&quot;nofollow&quot;&gt;https://gitbox.apache.org/repos/asf?p=wicket.git;h=4ff101f&lt;/a&gt; ]&lt;/p&gt;

&lt;p&gt;&lt;a href=&quot;https://issues.apache.org/jira/browse/WICKET-6704&quot; title=&quot;JavaSerializer.serialize causes the JVM crash !&quot; class=&quot;issue-link&quot; data-issue-key=&quot;WICKET-6704&quot;&gt;&lt;del&gt;WICKET-6704&lt;/del&gt;&lt;/a&gt; JavaSerializer.serialize causes the JVM crash ! (#385)&lt;/p&gt;

&lt;ul&gt;
	&lt;li&gt;&lt;a href=&quot;https://issues.apache.org/jira/browse/WICKET-6704&quot; title=&quot;JavaSerializer.serialize causes the JVM crash !&quot; class=&quot;issue-link&quot; data-issue-key=&quot;WICKET-6704&quot;&gt;&lt;del&gt;WICKET-6704&lt;/del&gt;&lt;/a&gt; JavaSerializer.serialize causes the JVM crash !&lt;/li&gt;
&lt;/ul&gt;


&lt;p&gt;Do not check instances of PropertyChangeSupport whether they are Serializable because PropertyChangeSupport#writeObject() adds extra fields which confuse CheckingObjectOutputStream&lt;/p&gt;

&lt;ul&gt;
	&lt;li&gt;&lt;a href=&quot;https://issues.apache.org/jira/browse/WICKET-6704&quot; title=&quot;JavaSerializer.serialize causes the JVM crash !&quot; class=&quot;issue-link&quot; data-issue-key=&quot;WICKET-6704&quot;&gt;&lt;del&gt;WICKET-6704&lt;/del&gt;&lt;/a&gt; Add more special types which use ObjectOutputStream.PutField in their writeObject() method&lt;/li&gt;
&lt;/ul&gt;
</comment>
                            <comment id="16947643" author="jira-bot" created="Wed, 9 Oct 2019 13:06:27 +0000"  >&lt;p&gt;Commit 4ff101fca5fac22dfab9dda4dcfe9075247ee46a in wicket&apos;s branch refs/heads/wicket-8.x from Martin Grigorov&lt;br/&gt;
[ &lt;a href=&quot;https://gitbox.apache.org/repos/asf?p=wicket.git;h=4ff101f&quot; class=&quot;external-link&quot; rel=&quot;nofollow&quot;&gt;https://gitbox.apache.org/repos/asf?p=wicket.git;h=4ff101f&lt;/a&gt; ]&lt;/p&gt;

&lt;p&gt;&lt;a href=&quot;https://issues.apache.org/jira/browse/WICKET-6704&quot; title=&quot;JavaSerializer.serialize causes the JVM crash !&quot; class=&quot;issue-link&quot; data-issue-key=&quot;WICKET-6704&quot;&gt;&lt;del&gt;WICKET-6704&lt;/del&gt;&lt;/a&gt; JavaSerializer.serialize causes the JVM crash ! (#385)&lt;/p&gt;

&lt;ul&gt;
	&lt;li&gt;&lt;a href=&quot;https://issues.apache.org/jira/browse/WICKET-6704&quot; title=&quot;JavaSerializer.serialize causes the JVM crash !&quot; class=&quot;issue-link&quot; data-issue-key=&quot;WICKET-6704&quot;&gt;&lt;del&gt;WICKET-6704&lt;/del&gt;&lt;/a&gt; JavaSerializer.serialize causes the JVM crash !&lt;/li&gt;
&lt;/ul&gt;


&lt;p&gt;Do not check instances of PropertyChangeSupport whether they are Serializable because PropertyChangeSupport#writeObject() adds extra fields which confuse CheckingObjectOutputStream&lt;/p&gt;

&lt;ul&gt;
	&lt;li&gt;&lt;a href=&quot;https://issues.apache.org/jira/browse/WICKET-6704&quot; title=&quot;JavaSerializer.serialize causes the JVM crash !&quot; class=&quot;issue-link&quot; data-issue-key=&quot;WICKET-6704&quot;&gt;&lt;del&gt;WICKET-6704&lt;/del&gt;&lt;/a&gt; Add more special types which use ObjectOutputStream.PutField in their writeObject() method&lt;/li&gt;
&lt;/ul&gt;
</comment>
                            <comment id="16947645" author="jira-bot" created="Wed, 9 Oct 2019 13:07:23 +0000"  >&lt;p&gt;Commit 0fc1b2ad814ad360cf0ca13ead225110fb10131b in wicket&apos;s branch refs/heads/wicket-7.x from Martin Grigorov&lt;br/&gt;
[ &lt;a href=&quot;https://gitbox.apache.org/repos/asf?p=wicket.git;h=0fc1b2a&quot; class=&quot;external-link&quot; rel=&quot;nofollow&quot;&gt;https://gitbox.apache.org/repos/asf?p=wicket.git;h=0fc1b2a&lt;/a&gt; ]&lt;/p&gt;

&lt;p&gt;&lt;a href=&quot;https://issues.apache.org/jira/browse/WICKET-6704&quot; title=&quot;JavaSerializer.serialize causes the JVM crash !&quot; class=&quot;issue-link&quot; data-issue-key=&quot;WICKET-6704&quot;&gt;&lt;del&gt;WICKET-6704&lt;/del&gt;&lt;/a&gt; JavaSerializer.serialize causes the JVM crash ! (#385)&lt;/p&gt;

&lt;ul&gt;
	&lt;li&gt;&lt;a href=&quot;https://issues.apache.org/jira/browse/WICKET-6704&quot; title=&quot;JavaSerializer.serialize causes the JVM crash !&quot; class=&quot;issue-link&quot; data-issue-key=&quot;WICKET-6704&quot;&gt;&lt;del&gt;WICKET-6704&lt;/del&gt;&lt;/a&gt; JavaSerializer.serialize causes the JVM crash !&lt;/li&gt;
&lt;/ul&gt;


&lt;p&gt;Do not check instances of PropertyChangeSupport whether they are Serializable because PropertyChangeSupport#writeObject() adds extra fields which confuse CheckingObjectOutputStream&lt;/p&gt;

&lt;ul&gt;
	&lt;li&gt;&lt;a href=&quot;https://issues.apache.org/jira/browse/WICKET-6704&quot; title=&quot;JavaSerializer.serialize causes the JVM crash !&quot; class=&quot;issue-link&quot; data-issue-key=&quot;WICKET-6704&quot;&gt;&lt;del&gt;WICKET-6704&lt;/del&gt;&lt;/a&gt; Add more special types which use ObjectOutputStream.PutField in their writeObject() method&lt;/li&gt;
&lt;/ul&gt;


&lt;p&gt;(cherry picked from commit 4ff101fca5fac22dfab9dda4dcfe9075247ee46a)&lt;/p&gt;</comment>
                            <comment id="16947646" author="jira-bot" created="Wed, 9 Oct 2019 13:07:25 +0000"  >&lt;p&gt;Commit 0fc1b2ad814ad360cf0ca13ead225110fb10131b in wicket&apos;s branch refs/heads/wicket-7.x from Martin Grigorov&lt;br/&gt;
[ &lt;a href=&quot;https://gitbox.apache.org/repos/asf?p=wicket.git;h=0fc1b2a&quot; class=&quot;external-link&quot; rel=&quot;nofollow&quot;&gt;https://gitbox.apache.org/repos/asf?p=wicket.git;h=0fc1b2a&lt;/a&gt; ]&lt;/p&gt;

&lt;p&gt;&lt;a href=&quot;https://issues.apache.org/jira/browse/WICKET-6704&quot; title=&quot;JavaSerializer.serialize causes the JVM crash !&quot; class=&quot;issue-link&quot; data-issue-key=&quot;WICKET-6704&quot;&gt;&lt;del&gt;WICKET-6704&lt;/del&gt;&lt;/a&gt; JavaSerializer.serialize causes the JVM crash ! (#385)&lt;/p&gt;

&lt;ul&gt;
	&lt;li&gt;&lt;a href=&quot;https://issues.apache.org/jira/browse/WICKET-6704&quot; title=&quot;JavaSerializer.serialize causes the JVM crash !&quot; class=&quot;issue-link&quot; data-issue-key=&quot;WICKET-6704&quot;&gt;&lt;del&gt;WICKET-6704&lt;/del&gt;&lt;/a&gt; JavaSerializer.serialize causes the JVM crash !&lt;/li&gt;
&lt;/ul&gt;


&lt;p&gt;Do not check instances of PropertyChangeSupport whether they are Serializable because PropertyChangeSupport#writeObject() adds extra fields which confuse CheckingObjectOutputStream&lt;/p&gt;

&lt;ul&gt;
	&lt;li&gt;&lt;a href=&quot;https://issues.apache.org/jira/browse/WICKET-6704&quot; title=&quot;JavaSerializer.serialize causes the JVM crash !&quot; class=&quot;issue-link&quot; data-issue-key=&quot;WICKET-6704&quot;&gt;&lt;del&gt;WICKET-6704&lt;/del&gt;&lt;/a&gt; Add more special types which use ObjectOutputStream.PutField in their writeObject() method&lt;/li&gt;
&lt;/ul&gt;


&lt;p&gt;(cherry picked from commit 4ff101fca5fac22dfab9dda4dcfe9075247ee46a)&lt;/p&gt;</comment>
                            <comment id="16947647" author="jira-bot" created="Wed, 9 Oct 2019 13:07:27 +0000"  >&lt;p&gt;Commit 0fc1b2ad814ad360cf0ca13ead225110fb10131b in wicket&apos;s branch refs/heads/wicket-7.x from Martin Grigorov&lt;br/&gt;
[ &lt;a href=&quot;https://gitbox.apache.org/repos/asf?p=wicket.git;h=0fc1b2a&quot; class=&quot;external-link&quot; rel=&quot;nofollow&quot;&gt;https://gitbox.apache.org/repos/asf?p=wicket.git;h=0fc1b2a&lt;/a&gt; ]&lt;/p&gt;

&lt;p&gt;&lt;a href=&quot;https://issues.apache.org/jira/browse/WICKET-6704&quot; title=&quot;JavaSerializer.serialize causes the JVM crash !&quot; class=&quot;issue-link&quot; data-issue-key=&quot;WICKET-6704&quot;&gt;&lt;del&gt;WICKET-6704&lt;/del&gt;&lt;/a&gt; JavaSerializer.serialize causes the JVM crash ! (#385)&lt;/p&gt;

&lt;ul&gt;
	&lt;li&gt;&lt;a href=&quot;https://issues.apache.org/jira/browse/WICKET-6704&quot; title=&quot;JavaSerializer.serialize causes the JVM crash !&quot; class=&quot;issue-link&quot; data-issue-key=&quot;WICKET-6704&quot;&gt;&lt;del&gt;WICKET-6704&lt;/del&gt;&lt;/a&gt; JavaSerializer.serialize causes the JVM crash !&lt;/li&gt;
&lt;/ul&gt;


&lt;p&gt;Do not check instances of PropertyChangeSupport whether they are Serializable because PropertyChangeSupport#writeObject() adds extra fields which confuse CheckingObjectOutputStream&lt;/p&gt;

&lt;ul&gt;
	&lt;li&gt;&lt;a href=&quot;https://issues.apache.org/jira/browse/WICKET-6704&quot; title=&quot;JavaSerializer.serialize causes the JVM crash !&quot; class=&quot;issue-link&quot; data-issue-key=&quot;WICKET-6704&quot;&gt;&lt;del&gt;WICKET-6704&lt;/del&gt;&lt;/a&gt; Add more special types which use ObjectOutputStream.PutField in their writeObject() method&lt;/li&gt;
&lt;/ul&gt;


&lt;p&gt;(cherry picked from commit 4ff101fca5fac22dfab9dda4dcfe9075247ee46a)&lt;/p&gt;</comment>
                            <comment id="16947648" author="jira-bot" created="Wed, 9 Oct 2019 13:07:33 +0000"  >&lt;p&gt;Commit 9e0201c0505e9c2c4369b8e14c1caa0be46e61a7 in wicket&apos;s branch refs/heads/master from Martin Grigorov&lt;br/&gt;
[ &lt;a href=&quot;https://gitbox.apache.org/repos/asf?p=wicket.git;h=9e0201c&quot; class=&quot;external-link&quot; rel=&quot;nofollow&quot;&gt;https://gitbox.apache.org/repos/asf?p=wicket.git;h=9e0201c&lt;/a&gt; ]&lt;/p&gt;

&lt;p&gt;&lt;a href=&quot;https://issues.apache.org/jira/browse/WICKET-6704&quot; title=&quot;JavaSerializer.serialize causes the JVM crash !&quot; class=&quot;issue-link&quot; data-issue-key=&quot;WICKET-6704&quot;&gt;&lt;del&gt;WICKET-6704&lt;/del&gt;&lt;/a&gt; JavaSerializer.serialize causes the JVM crash ! (#385)&lt;/p&gt;

&lt;ul&gt;
	&lt;li&gt;&lt;a href=&quot;https://issues.apache.org/jira/browse/WICKET-6704&quot; title=&quot;JavaSerializer.serialize causes the JVM crash !&quot; class=&quot;issue-link&quot; data-issue-key=&quot;WICKET-6704&quot;&gt;&lt;del&gt;WICKET-6704&lt;/del&gt;&lt;/a&gt; JavaSerializer.serialize causes the JVM crash !&lt;/li&gt;
&lt;/ul&gt;


&lt;p&gt;Do not check instances of PropertyChangeSupport whether they are Serializable because PropertyChangeSupport#writeObject() adds extra fields which confuse CheckingObjectOutputStream&lt;/p&gt;

&lt;ul&gt;
	&lt;li&gt;&lt;a href=&quot;https://issues.apache.org/jira/browse/WICKET-6704&quot; title=&quot;JavaSerializer.serialize causes the JVM crash !&quot; class=&quot;issue-link&quot; data-issue-key=&quot;WICKET-6704&quot;&gt;&lt;del&gt;WICKET-6704&lt;/del&gt;&lt;/a&gt; Add more special types which use ObjectOutputStream.PutField in their writeObject() method&lt;/li&gt;
&lt;/ul&gt;


&lt;p&gt;(cherry picked from commit 4ff101fca5fac22dfab9dda4dcfe9075247ee46a)&lt;/p&gt;</comment>
                            <comment id="16947649" author="jira-bot" created="Wed, 9 Oct 2019 13:07:35 +0000"  >&lt;p&gt;Commit 9e0201c0505e9c2c4369b8e14c1caa0be46e61a7 in wicket&apos;s branch refs/heads/master from Martin Grigorov&lt;br/&gt;
[ &lt;a href=&quot;https://gitbox.apache.org/repos/asf?p=wicket.git;h=9e0201c&quot; class=&quot;external-link&quot; rel=&quot;nofollow&quot;&gt;https://gitbox.apache.org/repos/asf?p=wicket.git;h=9e0201c&lt;/a&gt; ]&lt;/p&gt;

&lt;p&gt;&lt;a href=&quot;https://issues.apache.org/jira/browse/WICKET-6704&quot; title=&quot;JavaSerializer.serialize causes the JVM crash !&quot; class=&quot;issue-link&quot; data-issue-key=&quot;WICKET-6704&quot;&gt;&lt;del&gt;WICKET-6704&lt;/del&gt;&lt;/a&gt; JavaSerializer.serialize causes the JVM crash ! (#385)&lt;/p&gt;

&lt;ul&gt;
	&lt;li&gt;&lt;a href=&quot;https://issues.apache.org/jira/browse/WICKET-6704&quot; title=&quot;JavaSerializer.serialize causes the JVM crash !&quot; class=&quot;issue-link&quot; data-issue-key=&quot;WICKET-6704&quot;&gt;&lt;del&gt;WICKET-6704&lt;/del&gt;&lt;/a&gt; JavaSerializer.serialize causes the JVM crash !&lt;/li&gt;
&lt;/ul&gt;


&lt;p&gt;Do not check instances of PropertyChangeSupport whether they are Serializable because PropertyChangeSupport#writeObject() adds extra fields which confuse CheckingObjectOutputStream&lt;/p&gt;

&lt;ul&gt;
	&lt;li&gt;&lt;a href=&quot;https://issues.apache.org/jira/browse/WICKET-6704&quot; title=&quot;JavaSerializer.serialize causes the JVM crash !&quot; class=&quot;issue-link&quot; data-issue-key=&quot;WICKET-6704&quot;&gt;&lt;del&gt;WICKET-6704&lt;/del&gt;&lt;/a&gt; Add more special types which use ObjectOutputStream.PutField in their writeObject() method&lt;/li&gt;
&lt;/ul&gt;


&lt;p&gt;(cherry picked from commit 4ff101fca5fac22dfab9dda4dcfe9075247ee46a)&lt;/p&gt;</comment>
                            <comment id="16947651" author="jira-bot" created="Wed, 9 Oct 2019 13:07:37 +0000"  >&lt;p&gt;Commit 9e0201c0505e9c2c4369b8e14c1caa0be46e61a7 in wicket&apos;s branch refs/heads/master from Martin Grigorov&lt;br/&gt;
[ &lt;a href=&quot;https://gitbox.apache.org/repos/asf?p=wicket.git;h=9e0201c&quot; class=&quot;external-link&quot; rel=&quot;nofollow&quot;&gt;https://gitbox.apache.org/repos/asf?p=wicket.git;h=9e0201c&lt;/a&gt; ]&lt;/p&gt;

&lt;p&gt;&lt;a href=&quot;https://issues.apache.org/jira/browse/WICKET-6704&quot; title=&quot;JavaSerializer.serialize causes the JVM crash !&quot; class=&quot;issue-link&quot; data-issue-key=&quot;WICKET-6704&quot;&gt;&lt;del&gt;WICKET-6704&lt;/del&gt;&lt;/a&gt; JavaSerializer.serialize causes the JVM crash ! (#385)&lt;/p&gt;

&lt;ul&gt;
	&lt;li&gt;&lt;a href=&quot;https://issues.apache.org/jira/browse/WICKET-6704&quot; title=&quot;JavaSerializer.serialize causes the JVM crash !&quot; class=&quot;issue-link&quot; data-issue-key=&quot;WICKET-6704&quot;&gt;&lt;del&gt;WICKET-6704&lt;/del&gt;&lt;/a&gt; JavaSerializer.serialize causes the JVM crash !&lt;/li&gt;
&lt;/ul&gt;


&lt;p&gt;Do not check instances of PropertyChangeSupport whether they are Serializable because PropertyChangeSupport#writeObject() adds extra fields which confuse CheckingObjectOutputStream&lt;/p&gt;

&lt;ul&gt;
	&lt;li&gt;&lt;a href=&quot;https://issues.apache.org/jira/browse/WICKET-6704&quot; title=&quot;JavaSerializer.serialize causes the JVM crash !&quot; class=&quot;issue-link&quot; data-issue-key=&quot;WICKET-6704&quot;&gt;&lt;del&gt;WICKET-6704&lt;/del&gt;&lt;/a&gt; Add more special types which use ObjectOutputStream.PutField in their writeObject() method&lt;/li&gt;
&lt;/ul&gt;


&lt;p&gt;(cherry picked from commit 4ff101fca5fac22dfab9dda4dcfe9075247ee46a)&lt;/p&gt;</comment>
                            <comment id="16947652" author="jira-bot" created="Wed, 9 Oct 2019 13:11:25 +0000"  >&lt;p&gt;Commit a4bd8f1dc8ca3d98db3f78b415a8f5de17a5fc7f in wicket&apos;s branch refs/heads/master from Martin Tzvetanov Grigorov&lt;br/&gt;
[ &lt;a href=&quot;https://gitbox.apache.org/repos/asf?p=wicket.git;h=a4bd8f1&quot; class=&quot;external-link&quot; rel=&quot;nofollow&quot;&gt;https://gitbox.apache.org/repos/asf?p=wicket.git;h=a4bd8f1&lt;/a&gt; ]&lt;/p&gt;

&lt;p&gt;&lt;a href=&quot;https://issues.apache.org/jira/browse/WICKET-6704&quot; title=&quot;JavaSerializer.serialize causes the JVM crash !&quot; class=&quot;issue-link&quot; data-issue-key=&quot;WICKET-6704&quot;&gt;&lt;del&gt;WICKET-6704&lt;/del&gt;&lt;/a&gt; JUnit 5.x&lt;/p&gt;</comment>
                    </comments>
                <issuelinks>
                            <issuelinktype id="12310000">
                    <name>Duplicate</name>
                                            <outwardlinks description="duplicates">
                                        <issuelink>
            <issuekey id="13136691">WICKET-6531</issuekey>
        </issuelink>
                            </outwardlinks>
                                                        </issuelinktype>
                    </issuelinks>
                <attachments>
                            <attachment id="12981874" name="WicketObjects_stacktrace_1.jpg" size="696870" author="joek" created="Tue, 1 Oct 2019 08:52:29 +0000"/>
                            <attachment id="12981532" name="jvm-crash_from_wicket.zip" size="3542" author="joek" created="Fri, 27 Sep 2019 09:10:11 +0000"/>
                    </attachments>
                <subtasks>
                    </subtasks>
                <customfields>
                                                <customfield id="customfield_12310310" key="com.atlassian.jira.toolkit:attachments">
                        <customfieldname>Attachment count</customfieldname>
                        <customfieldvalues>
                            <customfieldvalue>2.0</customfieldvalue>
                        </customfieldvalues>
                    </customfield>
                                                                                                                                                                                                                                                                                                                                                                                                                                                                                                                                                                                                                    <customfield id="customfield_12310220" key="com.atlassian.jira.ext.charting:firstresponsedate">
                        <customfieldname>Date of First Response</customfieldname>
                        <customfieldvalues>
                            <customfieldvalue>Fri, 27 Sep 2019 20:09:35 +0000</customfieldvalue>

                        </customfieldvalues>
                    </customfield>
                                                                <customfield id="customfield_12314020" key="com.atlassian.jira.plugins.jira-development-integration-plugin:devsummary">
                        <customfieldname>Development</customfieldname>
                        <customfieldvalues>
                            
                        </customfieldvalues>
                    </customfield>
                                                                                                                        <customfield id="customfield_12313422" key="com.atlassian.jirafisheyeplugin:jobcheckbox">
                        <customfieldname>Enable Automatic Patch Review</customfieldname>
                        <customfieldvalues>
                            <customfieldvalue><![CDATA[false]]></customfieldvalue>

                        </customfieldvalues>
                    </customfield>
                                                                                                                                                                                                                                                                                                                                                                                                                                                                        <customfield id="customfield_12310420" key="com.pyxis.greenhopper.jira:gh-global-rank">
                        <customfieldname>Global Rank</customfieldname>
                        <customfieldvalues>
                            <customfieldvalue>9223372036854775807</customfieldvalue>
                        </customfieldvalues>
                    </customfield>
                                                                                                                        <customfield id="customfield_12312521" key="com.atlassian.jira.toolkit:LastCommentDate">
                        <customfieldname>Last public comment date</customfieldname>
                        <customfieldvalues>
                            4 weeks, 3 days ago
                        </customfieldvalues>
                    </customfield>
                                                                                                                                                    <customfield id="customfield_12311820" key="com.pyxis.greenhopper.jira:gh-lexo-rank">
                        <customfieldname>Rank</customfieldname>
                        <customfieldvalues>
                            <customfieldvalue>0|z072so:</customfieldvalue>

                        </customfieldvalues>
                    </customfield>
                                                                <customfield id="customfield_12310920" key="com.pyxis.greenhopper.jira:gh-global-rank">
                        <customfieldname>Rank (Obsolete)</customfieldname>
                        <customfieldvalues>
                            <customfieldvalue>9223372036854775807</customfieldvalue>
                        </customfieldvalues>
                    </customfield>
                                                                                                                                                                                                                                                                                                                                                        <customfield id="customfield_12310222" key="com.atlassian.jira.ext.charting:timeinstatus">
                        <customfieldname>Time in Status</customfieldname>
                        <customfieldvalues>
                            
                        </customfieldvalues>
                    </customfield>
                                                                </customfields>
    </item>


<item>
            <title>[WICKET-6702] AsynchronousPageStore with NotDetachedModelChecker - &quot;Not detached model found&quot; exception on several fast sequential Ajax calls</title>
                <link>https://issues.apache.org/jira/browse/WICKET-6702</link>
                <project id="12310561" key="WICKET">Wicket</project>
                    <description>&lt;p&gt;Preconditions: Application uses AsynchronousPageStore (as it is by default).&lt;/p&gt;

&lt;p&gt;When there are several fast sequential Ajax calls to a component, then a component&apos;s LoadableDetachableModel gets attached and detached several times before real async serialization takes place. And at times the serialization is initiated when the model has been already attached once again by a subsequent Ajax call, and not detached yet as the request is still in progress. This causes NotDetachedModelChecker() to throw &quot;Not detached model found!&quot; exception&lt;/p&gt;

&lt;p&gt;Disabling async serialization fixes the problem.&lt;/p&gt;

&lt;p&gt;A test-case and a log attached.&lt;/p&gt;</description>
                <environment></environment>
        <key id="13258249">WICKET-6702</key>
            <summary>AsynchronousPageStore with NotDetachedModelChecker - &quot;Not detached model found&quot; exception on several fast sequential Ajax calls</summary>
                <type id="1" iconUrl="https://issues.apache.org/jira/secure/viewavatar?size=xsmall&amp;avatarId=21133&amp;avatarType=issuetype">Bug</type>
                                            <priority id="3" iconUrl="https://issues.apache.org/jira/images/icons/priorities/major.svg">Major</priority>
                        <status id="1" iconUrl="https://issues.apache.org/jira/images/icons/statuses/open.png" description="The issue is open and ready for the assignee to start work on it.">Open</status>
                    <statusCategory id="2" key="new" colorName="blue-gray"/>
                                    <resolution id="-1">Unresolved</resolution>
                                        <assignee username="-1">Unassigned</assignee>
                                    <reporter username="sergio_tkachuk">Sergei Tkachuk</reporter>
                        <labels>
                    </labels>
                <created>Mon, 23 Sep 2019 09:09:41 +0000</created>
                <updated>Wed, 25 Sep 2019 06:31:59 +0000</updated>
                                            <version>8.5.0</version>
                                                    <component>wicket-core</component>
                        <due></due>
                            <votes>0</votes>
                                    <watches>3</watches>
                                                                <comments>
                            <comment id="16935871" author="mgrigorov" created="Mon, 23 Sep 2019 13:49:51 +0000"  >&lt;p&gt;Please attach a complete application. Maven based is preferred.&lt;/p&gt;

&lt;p&gt;See&#160;&lt;a href=&quot;http://wicket.apache.org/start/quickstart.html&quot; class=&quot;external-link&quot; rel=&quot;nofollow&quot;&gt;http://wicket.apache.org/start/quickstart.html&lt;/a&gt;&lt;/p&gt;</comment>
                            <comment id="16936508" author="sergio_tkachuk" created="Tue, 24 Sep 2019 07:22:29 +0000"  >&lt;p&gt;Attached, see TestHomePage.java.&lt;/p&gt;</comment>
                            <comment id="16937446" author="svenmeier" created="Wed, 25 Sep 2019 06:31:59 +0000"  >&lt;p&gt;You&apos;re right, consecutive Ajax requests to a page hit the identical instance, so an asynchronous serialization might start or still be ongoing while a request is already/still working on that page.&lt;/p&gt;

&lt;p&gt;To make this fully bullet-proof we would have to lock the page while it is being serialized.&lt;/p&gt;</comment>
                    </comments>
                    <attachments>
                            <attachment id="12981139" name="QuickStart.zip" size="50433" author="sergio_tkachuk" created="Tue, 24 Sep 2019 07:22:08 +0000"/>
                    </attachments>
                <subtasks>
                    </subtasks>
                <customfields>
                                                <customfield id="customfield_12310310" key="com.atlassian.jira.toolkit:attachments">
                        <customfieldname>Attachment count</customfieldname>
                        <customfieldvalues>
                            <customfieldvalue>1.0</customfieldvalue>
                        </customfieldvalues>
                    </customfield>
                                                                                                                                                                                                                                                                                                                                                                                                                                                                                                                                                                                                                    <customfield id="customfield_12310220" key="com.atlassian.jira.ext.charting:firstresponsedate">
                        <customfieldname>Date of First Response</customfieldname>
                        <customfieldvalues>
                            <customfieldvalue>Mon, 23 Sep 2019 13:49:51 +0000</customfieldvalue>

                        </customfieldvalues>
                    </customfield>
                                                                <customfield id="customfield_12314020" key="com.atlassian.jira.plugins.jira-development-integration-plugin:devsummary">
                        <customfieldname>Development</customfieldname>
                        <customfieldvalues>
                            
                        </customfieldvalues>
                    </customfield>
                                                                                                                        <customfield id="customfield_12313422" key="com.atlassian.jirafisheyeplugin:jobcheckbox">
                        <customfieldname>Enable Automatic Patch Review</customfieldname>
                        <customfieldvalues>
                            <customfieldvalue><![CDATA[false]]></customfieldvalue>

                        </customfieldvalues>
                    </customfield>
                                                                                                                                                                                                                                                                                                                                                                                                                                                                        <customfield id="customfield_12310420" key="com.pyxis.greenhopper.jira:gh-global-rank">
                        <customfieldname>Global Rank</customfieldname>
                        <customfieldvalues>
                            <customfieldvalue>9223372036854775807</customfieldvalue>
                        </customfieldvalues>
                    </customfield>
                                                                                                                        <customfield id="customfield_12312521" key="com.atlassian.jira.toolkit:LastCommentDate">
                        <customfieldname>Last public comment date</customfieldname>
                        <customfieldvalues>
                            6 weeks, 3 days ago
                        </customfieldvalues>
                    </customfield>
                                                                                                                                                    <customfield id="customfield_12311820" key="com.pyxis.greenhopper.jira:gh-lexo-rank">
                        <customfieldname>Rank</customfieldname>
                        <customfieldvalues>
                            <customfieldvalue>0|z06wt4:</customfieldvalue>

                        </customfieldvalues>
                    </customfield>
                                                                <customfield id="customfield_12310920" key="com.pyxis.greenhopper.jira:gh-global-rank">
                        <customfieldname>Rank (Obsolete)</customfieldname>
                        <customfieldvalues>
                            <customfieldvalue>9223372036854775807</customfieldvalue>
                        </customfieldvalues>
                    </customfield>
                                                                                                                                                                                                                                                                                                                                                                                    </customfields>
    </item>


<item>
            <title>[WICKET-6700] AjaxEditableLabel fails for any other type than String</title>
                <link>https://issues.apache.org/jira/browse/WICKET-6700</link>
                <project id="12310561" key="WICKET">Wicket</project>
                    <description>&lt;p&gt;Hello,&lt;/p&gt;

&lt;p&gt;&#160;&lt;/p&gt;

&lt;p&gt;i like to use the AjaxEditableLabel to handle an Integer. OnSubmit it fails, because String is not castable to Integer when setObject is called.&lt;/p&gt;

&lt;p&gt;When using a simple IModel&amp;lt;Integer&amp;gt; model = new Model&amp;lt;&amp;gt;(123); it works well. But with LambdaModel (see provided sample app) or new IModel&amp;lt;Integer&amp;gt;() { ... } it doesn&apos;t work.&lt;/p&gt;

&lt;p&gt;&#160;&lt;/p&gt;

&lt;p&gt;The provided integer converter is being ignored.&lt;/p&gt;</description>
                <environment>Windows 10, Java 8u192</environment>
        <key id="13257034">WICKET-6700</key>
            <summary>AjaxEditableLabel fails for any other type than String</summary>
                <type id="1" iconUrl="https://issues.apache.org/jira/secure/viewavatar?size=xsmall&amp;avatarId=21133&amp;avatarType=issuetype">Bug</type>
                                            <priority id="3" iconUrl="https://issues.apache.org/jira/images/icons/priorities/major.svg">Major</priority>
                        <status id="5" iconUrl="https://issues.apache.org/jira/images/icons/statuses/resolved.png" description="A resolution has been taken, and it is awaiting verification by reporter. From here issues are either reopened, or are closed.">Resolved</status>
                    <statusCategory id="3" key="done" colorName="green"/>
                                    <resolution id="8">Not A Problem</resolution>
                                        <assignee username="svenmeier">Sven Meier</assignee>
                                    <reporter username="cradtke">Christoph Gro&#223;</reporter>
                        <labels>
                    </labels>
                <created>Tue, 17 Sep 2019 06:50:06 +0000</created>
                <updated>Tue, 17 Sep 2019 11:57:26 +0000</updated>
                            <resolved>Tue, 17 Sep 2019 11:57:26 +0000</resolved>
                                    <version>8.6.1</version>
                                                    <component>wicket-extensions</component>
                        <due></due>
                            <votes>0</votes>
                                    <watches>1</watches>
                                                                <comments>
                            <comment id="16931359" author="svenmeier" created="Tue, 17 Sep 2019 11:57:26 +0000"  >&lt;p&gt;LambdaModel does not provide type information (IObjectClassAwareModel), so you have to specify the type explicitely:&lt;/p&gt;
&lt;div class=&quot;code panel&quot; style=&quot;border-width: 1px;&quot;&gt;&lt;div class=&quot;codeContent panelContent&quot;&gt;
&lt;pre class=&quot;code-java&quot;&gt;
label.setType(&lt;span class=&quot;code-object&quot;&gt;Integer&lt;/span&gt;.class);&lt;/pre&gt;
&lt;/div&gt;&lt;/div&gt;</comment>
                    </comments>
                    <attachments>
                            <attachment id="12980469" name="AjaxEditLabel-LambdaModel.zip" size="26911" author="cradtke" created="Tue, 17 Sep 2019 06:34:10 +0000"/>
                    </attachments>
                <subtasks>
                    </subtasks>
                <customfields>
                                                <customfield id="customfield_12310310" key="com.atlassian.jira.toolkit:attachments">
                        <customfieldname>Attachment count</customfieldname>
                        <customfieldvalues>
                            <customfieldvalue>1.0</customfieldvalue>
                        </customfieldvalues>
                    </customfield>
                                                                                                                                                                                                                                                                                                                                                                                                                                                                                                                                                                                                                    <customfield id="customfield_12310220" key="com.atlassian.jira.ext.charting:firstresponsedate">
                        <customfieldname>Date of First Response</customfieldname>
                        <customfieldvalues>
                            <customfieldvalue>Tue, 17 Sep 2019 11:57:26 +0000</customfieldvalue>

                        </customfieldvalues>
                    </customfield>
                                                                <customfield id="customfield_12314020" key="com.atlassian.jira.plugins.jira-development-integration-plugin:devsummary">
                        <customfieldname>Development</customfieldname>
                        <customfieldvalues>
                            
                        </customfieldvalues>
                    </customfield>
                                                                                                                        <customfield id="customfield_12313422" key="com.atlassian.jirafisheyeplugin:jobcheckbox">
                        <customfieldname>Enable Automatic Patch Review</customfieldname>
                        <customfieldvalues>
                            <customfieldvalue><![CDATA[false]]></customfieldvalue>

                        </customfieldvalues>
                    </customfield>
                                                                                                                                                                                                                                                                                                                                                                                                                                                                        <customfield id="customfield_12310420" key="com.pyxis.greenhopper.jira:gh-global-rank">
                        <customfieldname>Global Rank</customfieldname>
                        <customfieldvalues>
                            <customfieldvalue>9223372036854775807</customfieldvalue>
                        </customfieldvalues>
                    </customfield>
                                                                                                                        <customfield id="customfield_12312521" key="com.atlassian.jira.toolkit:LastCommentDate">
                        <customfieldname>Last public comment date</customfieldname>
                        <customfieldvalues>
                            7 weeks, 4 days ago
                        </customfieldvalues>
                    </customfield>
                                                                                                                                                    <customfield id="customfield_12311820" key="com.pyxis.greenhopper.jira:gh-lexo-rank">
                        <customfieldname>Rank</customfieldname>
                        <customfieldvalues>
                            <customfieldvalue>0|z06pc8:</customfieldvalue>

                        </customfieldvalues>
                    </customfield>
                                                                <customfield id="customfield_12310920" key="com.pyxis.greenhopper.jira:gh-global-rank">
                        <customfieldname>Rank (Obsolete)</customfieldname>
                        <customfieldvalues>
                            <customfieldvalue>9223372036854775807</customfieldvalue>
                        </customfieldvalues>
                    </customfield>
                                                                                                                                                                                                                                                                                                                                                        <customfield id="customfield_12310222" key="com.atlassian.jira.ext.charting:timeinstatus">
                        <customfieldname>Time in Status</customfieldname>
                        <customfieldvalues>
                            
                        </customfieldvalues>
                    </customfield>
                                                                </customfields>
    </item>


<item>
            <title>[WICKET-6699] &quot;queue&quot; in WizardStep constructor can cause RuntimeException</title>
                <link>https://issues.apache.org/jira/browse/WICKET-6699</link>
                <project id="12310561" key="WICKET">Wicket</project>
                    <description>&lt;p&gt;If components are added to the constructor using the org.apache.wicket.MarkupContainer#queue method, a RuntimeException may occur under certain circumstances.&lt;/p&gt;

&lt;p&gt;steps to reproduce error:&lt;/p&gt;
&lt;ol&gt;
	&lt;li&gt;click &quot;next&quot;&lt;/li&gt;
	&lt;li&gt;Browser Back-Button&lt;/li&gt;
	&lt;li&gt;click &quot;next&quot;&lt;/li&gt;
	&lt;li&gt;Unexpected RuntimeException&lt;/li&gt;
&lt;/ol&gt;


&lt;p&gt;If the components are added with the add method, the error does not occur. Similarly, the error does not occur if the components are added in the onInitialize() method. No matter if with &quot;queue&quot; or &quot;add&quot;.&lt;/p&gt;

&lt;p&gt;&#160;&lt;/p&gt;</description>
                <environment></environment>
        <key id="13256300">WICKET-6699</key>
            <summary>&quot;queue&quot; in WizardStep constructor can cause RuntimeException</summary>
                <type id="1" iconUrl="https://issues.apache.org/jira/secure/viewavatar?size=xsmall&amp;avatarId=21133&amp;avatarType=issuetype">Bug</type>
                                            <priority id="4" iconUrl="https://issues.apache.org/jira/images/icons/priorities/minor.svg">Minor</priority>
                        <status id="6" iconUrl="https://issues.apache.org/jira/images/icons/statuses/closed.png" description="The issue is considered finished, the resolution is correct. Issues which are not closed can be reopened.">Closed</status>
                    <statusCategory id="3" key="done" colorName="green"/>
                                    <resolution id="2">Won&apos;t Fix</resolution>
                                        <assignee username="bitstorm">Andrea Del Bene</assignee>
                                    <reporter username="krippke">Manuel Holzrichter</reporter>
                        <labels>
                    </labels>
                <created>Thu, 12 Sep 2019 08:52:33 +0000</created>
                <updated>Wed, 16 Oct 2019 15:57:08 +0000</updated>
                            <resolved>Wed, 16 Oct 2019 15:57:08 +0000</resolved>
                                    <version>8.5.0</version>
                    <version>7.15.0</version>
                                                        <due></due>
                            <votes>0</votes>
                                    <watches>3</watches>
                                                                <comments>
                            <comment id="16928469" author="svenmeier" created="Thu, 12 Sep 2019 11:46:36 +0000"  >&lt;p&gt;When switching to step2 the second time, it&apos;s containing label hasn&apos;t been dequeued:&lt;/p&gt;
&lt;div class=&quot;code panel&quot; style=&quot;border-width: 1px;&quot;&gt;&lt;div class=&quot;codeContent panelContent&quot;&gt;
&lt;pre class=&quot;code-java&quot;&gt;
ERROR org.apache.wicket.DefaultExceptionMapper - Unexpected error occurred

Unable to find component with id &lt;span class=&quot;code-quote&quot;&gt;&apos;label&apos;&lt;/span&gt; in [Step2 [Component id = view]]
 Expected: &lt;span class=&quot;code-quote&quot;&gt;&apos;wizard:form:view:label&apos;&lt;/span&gt;.
 Found with similar names: &apos;&apos;
 MarkupStream: [markup = file:/home/sven/workspaces/wicket-8.x/wicket-step-queue/target/classes/com/hom/lab/Step2.html
&amp;lt;wicket:panel&amp;gt;
 &amp;lt;span wicket:id=&lt;span class=&quot;code-quote&quot;&gt;&quot;label&quot;&lt;/span&gt;&amp;gt;&amp;lt;/span&amp;gt;
&amp;lt;/wicket:panel&amp;gt;, index = 2, current = &lt;span class=&quot;code-quote&quot;&gt;&apos;&amp;lt;span wicket:id=&lt;span class=&quot;code-quote&quot;&gt;&quot;label&quot;&lt;/span&gt;&amp;gt;&apos;&lt;/span&gt; (line 0, column 0)]
 at org.apache.wicket.markup.MarkupStream.throwMarkupException(MarkupStream.java:534)
&lt;/pre&gt;
&lt;/div&gt;&lt;/div&gt;
&lt;p&gt;&#160;&lt;/p&gt;

&lt;p&gt;This has probably something to do with how Wizard keeps its following steps: They are not part of the component hierarchy yet an thus are not initialized.&lt;/p&gt;

&lt;p&gt;Simple workaround: don&apos;t use queuing.&lt;/p&gt;</comment>
                            <comment id="16937616" author="bitstorm" created="Wed, 25 Sep 2019 10:45:44 +0000"  >&lt;p&gt;Component queuing should always used after components have been initialized. I suggest to emit a WARNING message when queue() is called before initialization phase.&lt;/p&gt;</comment>
                            <comment id="16951112" author="bitstorm" created="Mon, 14 Oct 2019 16:16:57 +0000"  >&lt;p&gt;After some more investigation I&apos;ve found the culprit. Queued components are keep in a transient variable&lt;/p&gt;

&lt;p&gt;&#160;&lt;/p&gt;
&lt;blockquote&gt;&lt;p&gt;private transient ComponentQueue queue;&lt;/p&gt;&lt;/blockquote&gt;
&lt;p&gt;&#160;&lt;/p&gt;

&lt;p&gt;so after page is serialized this queue is lost and that&apos;s why we get this exception if we return to the first version of the page clicking &quot;Back&quot; button. This might be fixed removing the &apos;transient&apos; modifier but I&apos;m not sure of possible side effects, so I&apos;d rather keep the code as is.&lt;/p&gt;</comment>
                    </comments>
                    <attachments>
                            <attachment id="12980174" name="wicket-step-queue.zip" size="28844" author="krippke" created="Thu, 12 Sep 2019 08:52:11 +0000"/>
                    </attachments>
                <subtasks>
                    </subtasks>
                <customfields>
                                                <customfield id="customfield_12310310" key="com.atlassian.jira.toolkit:attachments">
                        <customfieldname>Attachment count</customfieldname>
                        <customfieldvalues>
                            <customfieldvalue>1.0</customfieldvalue>
                        </customfieldvalues>
                    </customfield>
                                                                                                                                                                                                                                                                                                                                                                                                                                                                                                                                                                                                                    <customfield id="customfield_12310220" key="com.atlassian.jira.ext.charting:firstresponsedate">
                        <customfieldname>Date of First Response</customfieldname>
                        <customfieldvalues>
                            <customfieldvalue>Thu, 12 Sep 2019 11:46:36 +0000</customfieldvalue>

                        </customfieldvalues>
                    </customfield>
                                                                <customfield id="customfield_12314020" key="com.atlassian.jira.plugins.jira-development-integration-plugin:devsummary">
                        <customfieldname>Development</customfieldname>
                        <customfieldvalues>
                            
                        </customfieldvalues>
                    </customfield>
                                                                                                                        <customfield id="customfield_12313422" key="com.atlassian.jirafisheyeplugin:jobcheckbox">
                        <customfieldname>Enable Automatic Patch Review</customfieldname>
                        <customfieldvalues>
                            <customfieldvalue><![CDATA[false]]></customfieldvalue>

                        </customfieldvalues>
                    </customfield>
                                                                                                                                                                                                                                                                                                                                                                                                                                                                        <customfield id="customfield_12310420" key="com.pyxis.greenhopper.jira:gh-global-rank">
                        <customfieldname>Global Rank</customfieldname>
                        <customfieldvalues>
                            <customfieldvalue>9223372036854775807</customfieldvalue>
                        </customfieldvalues>
                    </customfield>
                                                                                                                        <customfield id="customfield_12312521" key="com.atlassian.jira.toolkit:LastCommentDate">
                        <customfieldname>Last public comment date</customfieldname>
                        <customfieldvalues>
                            3 weeks, 4 days ago
                        </customfieldvalues>
                    </customfield>
                                                                                                                                                    <customfield id="customfield_12311820" key="com.pyxis.greenhopper.jira:gh-lexo-rank">
                        <customfieldname>Rank</customfieldname>
                        <customfieldvalues>
                            <customfieldvalue>0|z06kt4:</customfieldvalue>

                        </customfieldvalues>
                    </customfield>
                                                                <customfield id="customfield_12310920" key="com.pyxis.greenhopper.jira:gh-global-rank">
                        <customfieldname>Rank (Obsolete)</customfieldname>
                        <customfieldvalues>
                            <customfieldvalue>9223372036854775807</customfieldvalue>
                        </customfieldvalues>
                    </customfield>
                                                                                                                                                                                                                                                                                                                                                        <customfield id="customfield_12310222" key="com.atlassian.jira.ext.charting:timeinstatus">
                        <customfieldname>Time in Status</customfieldname>
                        <customfieldvalues>
                            
                        </customfieldvalues>
                    </customfield>
                                                                </customfields>
    </item>
</channel>
</rss>