<!--
RSS generated by JIRA (7.6.3#76005-sha1:8a4e38d34af948780dbf52044e7aafb13a7cae58) at Mon Apr 08 11:26:02 UTC 2019

It is possible to restrict the fields that are returned in this document by specifying the 'field' parameter in your request.
For example, to request only the issue key and summary append 'field=key&field=summary' to the URL of your request.
-->
<!-- If you wish to do custom client-side styling of RSS, uncomment this:
<?xml-stylesheet href="https://issues.apache.org/jira/styles/jiraxml2html.xsl" type="text/xsl"?>
-->
<rss version="0.92">
    <channel>
        <title>ASF JIRA</title>
        <link>https://issues.apache.org/jira/issues/?jql=project+%3D+WICKET+AND+issuetype+%3D+Bug+AND+created+%3E%3D+2016-10-01+AND+created+%3C%3D+2016-11-01</link>
        <description>An XML representation of a search request</description>
                <language>en-uk</language>
                        <issue start="0" end="9" total="9"/>
                <build-info>
            <version>7.6.3</version>
            <build-number>76005</build-number>
            <build-date>09-01-2018</build-date>
        </build-info>

<item>
            <title>[WICKET-6262] IllegalArgumentException: Argument &apos;filterPrefix&apos; may not be null or empty with WebSocketBehavior</title>
                <link>https://issues.apache.org/jira/browse/WICKET-6262</link>
                <project id="12310561" key="WICKET">Wicket</project>
                    <description>&lt;p&gt;I am trying to upgrade the Apache Syncope console from 7.4.0 to recent 7.5.0, but I am getting an &lt;a href=&quot;https://paste.apache.org/YSzq&quot; class=&quot;external-link&quot; rel=&quot;nofollow&quot;&gt;exception&lt;/a&gt; and AFAIU this depends on the fact that the &lt;tt&gt;WebSocketSettings&lt;/tt&gt; we are &lt;a href=&quot;https://github.com/apache/syncope/blob/2_0_X/client/console/src/main/java/org/apache/syncope/client/console/pages/BasePage.java#L91&quot; class=&quot;external-link&quot; rel=&quot;nofollow&quot;&gt;using&lt;/a&gt; have a null or empty &lt;tt&gt;filterPrefix&lt;/tt&gt;: this works perfectly fine with 7.4.0.&lt;/p&gt;</description>
                <environment></environment>
        <key id="13015764">WICKET-6262</key>
            <summary>IllegalArgumentException: Argument &apos;filterPrefix&apos; may not be null or empty with WebSocketBehavior</summary>
                <type id="1" iconUrl="https://issues.apache.org/jira/secure/viewavatar?size=xsmall&amp;avatarId=21133&amp;avatarType=issuetype">Bug</type>
                                            <priority id="3" iconUrl="https://issues.apache.org/jira/images/icons/priorities/major.svg">Major</priority>
                        <status id="5" iconUrl="https://issues.apache.org/jira/images/icons/statuses/resolved.png" description="A resolution has been taken, and it is awaiting verification by reporter. From here issues are either reopened, or are closed.">Resolved</status>
                    <statusCategory id="3" key="done" colorName="green"/>
                                    <resolution id="1">Fixed</resolution>
                                        <assignee username="mgrigorov">Martin Grigorov</assignee>
                                    <reporter username="ilgrosso">Francesco Chicchiricc&#242;</reporter>
                        <labels>
                    </labels>
                <created>Thu, 27 Oct 2016 10:19:15 +0000</created>
                <updated>Sat, 31 Dec 2016 12:32:07 +0000</updated>
                            <resolved>Thu, 27 Oct 2016 10:30:10 +0000</resolved>
                                    <version>7.5.0</version>
                                    <fixVersion>7.6.0</fixVersion>
                    <fixVersion>8.0.0-M3</fixVersion>
                                    <component>wicket-native-websocket</component>
                        <due></due>
                            <votes>0</votes>
                                    <watches>2</watches>
                                                                <comments>
                            <comment id="15611468" author="jira-bot" created="Thu, 27 Oct 2016 10:28:34 +0000"  >&lt;p&gt;Commit 41c47a44eb1210ec672f0cbf3c30ce7ba775f2b6 in wicket&apos;s branch refs/heads/wicket-7.x from &lt;a href=&quot;https://issues.apache.org/jira/secure/ViewProfile.jspa?name=mgrigorov&quot; class=&quot;user-hover&quot; rel=&quot;mgrigorov&quot;&gt;Martin Grigorov&lt;/a&gt;&lt;br/&gt;
[ &lt;a href=&quot;https://git-wip-us.apache.org/repos/asf?p=wicket.git;h=41c47a4&quot; class=&quot;external-link&quot; rel=&quot;nofollow&quot;&gt;https://git-wip-us.apache.org/repos/asf?p=wicket.git;h=41c47a4&lt;/a&gt; ]&lt;/p&gt;

&lt;p&gt;&lt;a href=&quot;https://issues.apache.org/jira/browse/WICKET-6262&quot; title=&quot;IllegalArgumentException: Argument &amp;#39;filterPrefix&amp;#39; may not be null or empty with WebSocketBehavior&quot; class=&quot;issue-link&quot; data-issue-key=&quot;WICKET-6262&quot;&gt;&lt;del&gt;WICKET-6262&lt;/del&gt;&lt;/a&gt; IllegalArgumentException: Argument &apos;filterPrefix&apos; may not be null or empty with WebSocketBehavior&lt;/p&gt;</comment>
                            <comment id="15611471" author="jira-bot" created="Thu, 27 Oct 2016 10:29:12 +0000"  >&lt;p&gt;Commit 70deb7fd78bcb4ecd917154075e0953fc67b39f4 in wicket&apos;s branch refs/heads/master from &lt;a href=&quot;https://issues.apache.org/jira/secure/ViewProfile.jspa?name=mgrigorov&quot; class=&quot;user-hover&quot; rel=&quot;mgrigorov&quot;&gt;Martin Grigorov&lt;/a&gt;&lt;br/&gt;
[ &lt;a href=&quot;https://git-wip-us.apache.org/repos/asf?p=wicket.git;h=70deb7f&quot; class=&quot;external-link&quot; rel=&quot;nofollow&quot;&gt;https://git-wip-us.apache.org/repos/asf?p=wicket.git;h=70deb7f&lt;/a&gt; ]&lt;/p&gt;

&lt;p&gt;&lt;a href=&quot;https://issues.apache.org/jira/browse/WICKET-6262&quot; title=&quot;IllegalArgumentException: Argument &amp;#39;filterPrefix&amp;#39; may not be null or empty with WebSocketBehavior&quot; class=&quot;issue-link&quot; data-issue-key=&quot;WICKET-6262&quot;&gt;&lt;del&gt;WICKET-6262&lt;/del&gt;&lt;/a&gt; IllegalArgumentException: Argument &apos;filterPrefix&apos; may not be null or empty with WebSocketBehavior&lt;/p&gt;</comment>
                    </comments>
                <issuelinks>
                            <issuelinktype id="12310000">
                    <name>Duplicate</name>
                                                                <inwardlinks description="is duplicated by">
                                        <issuelink>
            <issuekey id="13025997">WICKET-6294</issuekey>
        </issuelink>
            <issuelink>
            <issuekey id="13030908">WICKET-6300</issuekey>
        </issuelink>
                            </inwardlinks>
                                    </issuelinktype>
                            <issuelinktype id="12310050">
                    <name>Regression</name>
                                                                <inwardlinks description="is broken by">
                                        <issuelink>
            <issuekey id="13009901">WICKET-6254</issuekey>
        </issuelink>
                            </inwardlinks>
                                    </issuelinktype>
                            <issuelinktype id="12310040">
                    <name>Required</name>
                                                                <inwardlinks description="is required by">
                                        <issuelink>
            <issuekey id="13016092">SYNCOPE-962</issuekey>
        </issuelink>
                            </inwardlinks>
                                    </issuelinktype>
                    </issuelinks>
                <attachments>
                    </attachments>
                <subtasks>
                    </subtasks>
                <customfields>
                                                <customfield id="customfield_12310310" key="com.atlassian.jira.toolkit:attachments">
                        <customfieldname>Attachment count</customfieldname>
                        <customfieldvalues>
                            <customfieldvalue>0.0</customfieldvalue>
                        </customfieldvalues>
                    </customfield>
                                                                                                                                                                                                                                                                                                                                                                                                                                                                                                                                                                                        <customfield id="customfield_12310220" key="com.atlassian.jira.ext.charting:firstresponsedate">
                        <customfieldname>Date of First Response</customfieldname>
                        <customfieldvalues>
                            <customfieldvalue>Thu, 27 Oct 2016 10:28:34 +0000</customfieldvalue>

                        </customfieldvalues>
                    </customfield>
                                                                                                                        <customfield id="customfield_12313422" key="com.atlassian.jirafisheyeplugin:jobcheckbox">
                        <customfieldname>Enable Automatic Patch Review</customfieldname>
                        <customfieldvalues>
                            <customfieldvalue><![CDATA[false]]></customfieldvalue>

                        </customfieldvalues>
                    </customfield>
                                                                                                                                                                                                                                                                                                                                                                                                                                                                        <customfield id="customfield_12310420" key="com.pyxis.greenhopper.jira:gh-global-rank">
                        <customfieldname>Global Rank</customfieldname>
                        <customfieldvalues>
                            <customfieldvalue>9223372036854775807</customfieldvalue>
                        </customfieldvalues>
                    </customfield>
                                                                                                                        <customfield id="customfield_12312521" key="com.atlassian.jira.toolkit:LastCommentDate">
                        <customfieldname>Last public comment date</customfieldname>
                        <customfieldvalues>
                            2 years, 23 weeks, 4 days ago
                        </customfieldvalues>
                    </customfield>
                                                                                                                                                    <customfield id="customfield_12311820" key="com.pyxis.greenhopper.jira:gh-lexo-rank">
                        <customfieldname>Rank</customfieldname>
                        <customfieldvalues>
                            <customfieldvalue>0|i35h8n:</customfieldvalue>

                        </customfieldvalues>
                    </customfield>
                                                                <customfield id="customfield_12310920" key="com.pyxis.greenhopper.jira:gh-global-rank">
                        <customfieldname>Rank (Obsolete)</customfieldname>
                        <customfieldvalues>
                            <customfieldvalue>9223372036854775807</customfieldvalue>
                        </customfieldvalues>
                    </customfield>
                                                                                                                                                                                                                                                                                                                            <customfield id="customfield_12310222" key="com.atlassian.jira.ext.charting:timeinstatus">
                        <customfieldname>Time in Status</customfieldname>
                        <customfieldvalues>
                            
                        </customfieldvalues>
                    </customfield>
                                    </customfields>
    </item>


<item>
            <title>[WICKET-6259] Does not effect &quot;x-ua-compatible&quot; of the meta element</title>
                <link>https://issues.apache.org/jira/browse/WICKET-6259</link>
                <project id="12310561" key="WICKET">Wicket</project>
                    <description>&lt;p&gt;I useWicket6&lt;br/&gt;
Does not effect &quot;x-ua-compatible&quot; of the meta element&lt;br/&gt;
The head element of the HTTP response body generated by Wicket, sometimes elements are arranged in the following order.&lt;br/&gt;
0. head element&lt;br/&gt;
1. ref to .js file of the script &quot;jquery&quot;&lt;br/&gt;
2. Contents that has been described in AbstractPage.html(title, etc.)&lt;/p&gt;

&lt;p&gt;To AbstractPage.html, described the &quot;x-ua-compatible&quot;, we expect that the document mode of Internet Explorer (IE) is controlled.&lt;/p&gt;

&lt;p&gt;Prior to the reading of &quot;x-ua-compatible&quot;, when the reading of external resources occurs, the document mode of IE at the time has been determined, &lt;br/&gt;
&quot;x-ua-compatible&quot; is control of does not become effective.&lt;/p&gt;

&lt;p&gt;Even latest Wikcet7, as long as they see a sample page, it becomes similar described order.&lt;br/&gt;
&lt;a href=&quot;http://examples7x.wicket.apache.org/index.html&quot; class=&quot;external-link&quot; rel=&quot;nofollow&quot;&gt;http://examples7x.wicket.apache.org/index.html&lt;/a&gt;&lt;/p&gt;

&lt;p&gt;In the application you are creating in Wicket4,&lt;br/&gt;
2. And 1. the order of the inverse, &quot;x-ua-compatible&quot; You have been working normally.&lt;/p&gt;

&lt;p&gt;.js the description read of external resources, such as, Is there a way to change after the &quot;title&quot; element?&lt;br/&gt;
Or hope the software modifications as to the standard of such behavior.&lt;/p&gt;</description>
                <environment></environment>
        <key id="13014955">WICKET-6259</key>
            <summary>Does not effect &quot;x-ua-compatible&quot; of the meta element</summary>
                <type id="1" iconUrl="https://issues.apache.org/jira/secure/viewavatar?size=xsmall&amp;avatarId=21133&amp;avatarType=issuetype">Bug</type>
                                            <priority id="3" iconUrl="https://issues.apache.org/jira/images/icons/priorities/major.svg">Major</priority>
                        <status id="5" iconUrl="https://issues.apache.org/jira/images/icons/statuses/resolved.png" description="A resolution has been taken, and it is awaiting verification by reporter. From here issues are either reopened, or are closed.">Resolved</status>
                    <statusCategory id="3" key="done" colorName="green"/>
                                    <resolution id="8">Not A Problem</resolution>
                                        <assignee username="-1">Unassigned</assignee>
                                    <reporter username="tmatsuda">Tomonori Matsuda</reporter>
                        <labels>
                    </labels>
                <created>Tue, 25 Oct 2016 01:19:38 +0000</created>
                <updated>Tue, 25 Oct 2016 07:16:35 +0000</updated>
                            <resolved>Tue, 25 Oct 2016 07:16:34 +0000</resolved>
                                    <version>6.19.0</version>
                    <version>7.5.0</version>
                                                    <component>wicket</component>
                        <due></due>
                            <votes>0</votes>
                                    <watches>2</watches>
                                                                <comments>
                            <comment id="15604471" author="mgrigorov" created="Tue, 25 Oct 2016 07:16:35 +0000"  >&lt;p&gt;Please use the mailing lists (&lt;a href=&quot;http://wicket.apache.org/help/email.html#user&quot; class=&quot;external-link&quot; rel=&quot;nofollow&quot;&gt;http://wicket.apache.org/help/email.html#user&lt;/a&gt;) for questions!&lt;br/&gt;
Thank you!&lt;/p&gt;</comment>
                    </comments>
                    <attachments>
                    </attachments>
                <subtasks>
                    </subtasks>
                <customfields>
                                                <customfield id="customfield_12310310" key="com.atlassian.jira.toolkit:attachments">
                        <customfieldname>Attachment count</customfieldname>
                        <customfieldvalues>
                            <customfieldvalue>0.0</customfieldvalue>
                        </customfieldvalues>
                    </customfield>
                                                                                                                                                                                                                                                                                                                                                                                                                                                                                                                                                                                        <customfield id="customfield_12310220" key="com.atlassian.jira.ext.charting:firstresponsedate">
                        <customfieldname>Date of First Response</customfieldname>
                        <customfieldvalues>
                            <customfieldvalue>Tue, 25 Oct 2016 07:16:35 +0000</customfieldvalue>

                        </customfieldvalues>
                    </customfield>
                                                                                                                        <customfield id="customfield_12313422" key="com.atlassian.jirafisheyeplugin:jobcheckbox">
                        <customfieldname>Enable Automatic Patch Review</customfieldname>
                        <customfieldvalues>
                            <customfieldvalue><![CDATA[false]]></customfieldvalue>

                        </customfieldvalues>
                    </customfield>
                                                                                                                                                                                                                                                                                                                                                                                                                                                                        <customfield id="customfield_12310420" key="com.pyxis.greenhopper.jira:gh-global-rank">
                        <customfieldname>Global Rank</customfieldname>
                        <customfieldvalues>
                            <customfieldvalue>9223372036854775807</customfieldvalue>
                        </customfieldvalues>
                    </customfield>
                                                                                                                        <customfield id="customfield_12312521" key="com.atlassian.jira.toolkit:LastCommentDate">
                        <customfieldname>Last public comment date</customfieldname>
                        <customfieldvalues>
                            2 years, 23 weeks, 6 days ago
                        </customfieldvalues>
                    </customfield>
                                                                                                                                                    <customfield id="customfield_12311820" key="com.pyxis.greenhopper.jira:gh-lexo-rank">
                        <customfieldname>Rank</customfieldname>
                        <customfieldvalues>
                            <customfieldvalue>0|i35c8v:</customfieldvalue>

                        </customfieldvalues>
                    </customfield>
                                                                <customfield id="customfield_12310920" key="com.pyxis.greenhopper.jira:gh-global-rank">
                        <customfieldname>Rank (Obsolete)</customfieldname>
                        <customfieldvalues>
                            <customfieldvalue>9223372036854775807</customfieldvalue>
                        </customfieldvalues>
                    </customfield>
                                                                                                                                                                                                                                                                                                                            <customfield id="customfield_12310222" key="com.atlassian.jira.ext.charting:timeinstatus">
                        <customfieldname>Time in Status</customfieldname>
                        <customfieldvalues>
                            
                        </customfieldvalues>
                    </customfield>
                                    </customfields>
    </item>


<item>
            <title>[WICKET-6257] Page instance isn&apos;t mapped to an URL just after the &apos;cid&apos; parameter is add</title>
                <link>https://issues.apache.org/jira/browse/WICKET-6257</link>
                <project id="12310561" key="WICKET">Wicket</project>
                    <description>&lt;p&gt;CDI module redirects users to an URL containing the cid parameter as soon as a conversation is marked as long running. The problem is that this parameter isn&apos;t add to the page instance as soon it is redirected and causes the server to fail to find it since Wicket 7 (after &lt;a href=&quot;https://issues.apache.org/jira/browse/WICKET-4441&quot; title=&quot;PageProvider should create a new Page instance if PageParameters are changed, even if a stored page exists.&quot; class=&quot;issue-link&quot; data-issue-key=&quot;WICKET-4441&quot;&gt;&lt;del&gt;WICKET-4441&lt;/del&gt;&lt;/a&gt;) checks if the request parameters matches with the parameters in the requested page.&lt;/p&gt;</description>
                <environment></environment>
        <key id="13014112">WICKET-6257</key>
            <summary>Page instance isn&apos;t mapped to an URL just after the &apos;cid&apos; parameter is add</summary>
                <type id="1" iconUrl="https://issues.apache.org/jira/secure/viewavatar?size=xsmall&amp;avatarId=21133&amp;avatarType=issuetype">Bug</type>
                                            <priority id="3" iconUrl="https://issues.apache.org/jira/images/icons/priorities/major.svg">Major</priority>
                        <status id="5" iconUrl="https://issues.apache.org/jira/images/icons/statuses/resolved.png" description="A resolution has been taken, and it is awaiting verification by reporter. From here issues are either reopened, or are closed.">Resolved</status>
                    <statusCategory id="3" key="done" colorName="green"/>
                                    <resolution id="1">Fixed</resolution>
                                        <assignee username="pedrosans">Pedro Santos</assignee>
                                    <reporter username="pedrosans">Pedro Santos</reporter>
                        <labels>
                    </labels>
                <created>Fri, 21 Oct 2016 03:46:50 +0000</created>
                <updated>Mon, 21 Nov 2016 03:41:48 +0000</updated>
                            <resolved>Mon, 21 Nov 2016 03:41:48 +0000</resolved>
                                                    <fixVersion>7.6.0</fixVersion>
                    <fixVersion>8.0.0-M3</fixVersion>
                                    <component>wicket-cdi</component>
                        <due></due>
                            <votes>0</votes>
                                    <watches>2</watches>
                                                                <comments>
                            <comment id="15593883" author="jira-bot" created="Fri, 21 Oct 2016 03:58:29 +0000"  >&lt;p&gt;Commit 48e39e9ac375f22c36d778ed152b8bd10afd477b in wicket&apos;s branch refs/heads/&lt;a href=&quot;https://issues.apache.org/jira/browse/WICKET-6257&quot; title=&quot;Page instance isn&amp;#39;t mapped to an URL just after the &amp;#39;cid&amp;#39; parameter is add&quot; class=&quot;issue-link&quot; data-issue-key=&quot;WICKET-6257&quot;&gt;&lt;del&gt;WICKET-6257&lt;/del&gt;&lt;/a&gt;-URL-cid-parameter from Pedro Henrique Oliveira dos Santos&lt;br/&gt;
[ &lt;a href=&quot;https://git-wip-us.apache.org/repos/asf?p=wicket.git;h=48e39e9&quot; class=&quot;external-link&quot; rel=&quot;nofollow&quot;&gt;https://git-wip-us.apache.org/repos/asf?p=wicket.git;h=48e39e9&lt;/a&gt; ]&lt;/p&gt;

&lt;p&gt;&lt;a href=&quot;https://issues.apache.org/jira/browse/WICKET-6257&quot; title=&quot;Page instance isn&amp;#39;t mapped to an URL just after the &amp;#39;cid&amp;#39; parameter is add&quot; class=&quot;issue-link&quot; data-issue-key=&quot;WICKET-6257&quot;&gt;&lt;del&gt;WICKET-6257&lt;/del&gt;&lt;/a&gt; testing the mapping to a page after a conversation is marked as long-running&lt;/p&gt;</comment>
                            <comment id="15682375" author="jira-bot" created="Mon, 21 Nov 2016 03:26:55 +0000"  >&lt;p&gt;Commit fac2d71c0bbbf478e4da9ea9e629b46d9ba05b31 in wicket&apos;s branch refs/heads/wicket-7.x from Pedro Henrique Oliveira dos Santos&lt;br/&gt;
[ &lt;a href=&quot;https://git-wip-us.apache.org/repos/asf?p=wicket.git;h=fac2d71&quot; class=&quot;external-link&quot; rel=&quot;nofollow&quot;&gt;https://git-wip-us.apache.org/repos/asf?p=wicket.git;h=fac2d71&lt;/a&gt; ]&lt;/p&gt;

&lt;p&gt;&lt;a href=&quot;https://issues.apache.org/jira/browse/WICKET-6257&quot; title=&quot;Page instance isn&amp;#39;t mapped to an URL just after the &amp;#39;cid&amp;#39; parameter is add&quot; class=&quot;issue-link&quot; data-issue-key=&quot;WICKET-6257&quot;&gt;&lt;del&gt;WICKET-6257&lt;/del&gt;&lt;/a&gt; adding the cid parameter to a page as soon as ConversationPropagator detects it&lt;/p&gt;</comment>
                            <comment id="15682401" author="jira-bot" created="Mon, 21 Nov 2016 03:40:49 +0000"  >&lt;p&gt;Commit dedc55c6c153e4e830b75a38176433900f7f9f4b in wicket&apos;s branch refs/heads/master from Pedro Henrique Oliveira dos Santos&lt;br/&gt;
[ &lt;a href=&quot;https://git-wip-us.apache.org/repos/asf?p=wicket.git;h=dedc55c&quot; class=&quot;external-link&quot; rel=&quot;nofollow&quot;&gt;https://git-wip-us.apache.org/repos/asf?p=wicket.git;h=dedc55c&lt;/a&gt; ]&lt;/p&gt;

&lt;p&gt;&lt;a href=&quot;https://issues.apache.org/jira/browse/WICKET-6257&quot; title=&quot;Page instance isn&amp;#39;t mapped to an URL just after the &amp;#39;cid&amp;#39; parameter is add&quot; class=&quot;issue-link&quot; data-issue-key=&quot;WICKET-6257&quot;&gt;&lt;del&gt;WICKET-6257&lt;/del&gt;&lt;/a&gt; adding the cid parameter to a page as soon as ConversationPropagator detects it&lt;/p&gt;</comment>
                    </comments>
                    <attachments>
                    </attachments>
                <subtasks>
                    </subtasks>
                <customfields>
                                                <customfield id="customfield_12310310" key="com.atlassian.jira.toolkit:attachments">
                        <customfieldname>Attachment count</customfieldname>
                        <customfieldvalues>
                            <customfieldvalue>0.0</customfieldvalue>
                        </customfieldvalues>
                    </customfield>
                                                                                                                                                                                                                                                                                                                                                                                                                                                                                                                                                                                        <customfield id="customfield_12310220" key="com.atlassian.jira.ext.charting:firstresponsedate">
                        <customfieldname>Date of First Response</customfieldname>
                        <customfieldvalues>
                            <customfieldvalue>Fri, 21 Oct 2016 03:58:29 +0000</customfieldvalue>

                        </customfieldvalues>
                    </customfield>
                                                                                                                        <customfield id="customfield_12313422" key="com.atlassian.jirafisheyeplugin:jobcheckbox">
                        <customfieldname>Enable Automatic Patch Review</customfieldname>
                        <customfieldvalues>
                            <customfieldvalue><![CDATA[false]]></customfieldvalue>

                        </customfieldvalues>
                    </customfield>
                                                                                                                                                                                                                                                                                                                                                                                                                                                                        <customfield id="customfield_12310420" key="com.pyxis.greenhopper.jira:gh-global-rank">
                        <customfieldname>Global Rank</customfieldname>
                        <customfieldvalues>
                            <customfieldvalue>9223372036854775807</customfieldvalue>
                        </customfieldvalues>
                    </customfield>
                                                                                                                        <customfield id="customfield_12312521" key="com.atlassian.jira.toolkit:LastCommentDate">
                        <customfieldname>Last public comment date</customfieldname>
                        <customfieldvalues>
                            2 years, 20 weeks ago
                        </customfieldvalues>
                    </customfield>
                                                                                                                                                    <customfield id="customfield_12311820" key="com.pyxis.greenhopper.jira:gh-lexo-rank">
                        <customfieldname>Rank</customfieldname>
                        <customfieldvalues>
                            <customfieldvalue>0|i3571j:</customfieldvalue>

                        </customfieldvalues>
                    </customfield>
                                                                <customfield id="customfield_12310920" key="com.pyxis.greenhopper.jira:gh-global-rank">
                        <customfieldname>Rank (Obsolete)</customfieldname>
                        <customfieldvalues>
                            <customfieldvalue>9223372036854775807</customfieldvalue>
                        </customfieldvalues>
                    </customfield>
                                                                                                                                                                                                                                                                                                                            <customfield id="customfield_12310222" key="com.atlassian.jira.ext.charting:timeinstatus">
                        <customfieldname>Time in Status</customfieldname>
                        <customfieldvalues>
                            
                        </customfieldvalues>
                    </customfield>
                                    </customfields>
    </item>


<item>
            <title>[WICKET-6256] 8.0.0-M1 &lt;wicket:link&gt; MarkupNotFoundException</title>
                <link>https://issues.apache.org/jira/browse/WICKET-6256</link>
                <project id="12310561" key="WICKET">Wicket</project>
                    <description>&lt;p&gt;On browser refresh, MarkupNotFoundException after 3rd render.&lt;/p&gt;

&lt;p&gt;From the attached quickstart ...&lt;/p&gt;
&lt;ul&gt;
	&lt;li&gt;run Start.java&lt;/li&gt;
	&lt;li&gt;localhost:8080/ - Home Page displays&lt;/li&gt;
	&lt;li&gt;Press browser refresh - Home Page displays&lt;/li&gt;
	&lt;li&gt;Press browser refresh - MarkupNotFoundException: Markup not found for Component: [TransparentWebMarkupContainer &lt;span class=&quot;error&quot;&gt;&amp;#91;Component id = wicket_link1&amp;#93;&lt;/span&gt;]&lt;/li&gt;
&lt;/ul&gt;


&lt;p&gt;if the &amp;lt;wicket:link&amp;gt; tags are removed there is no problem. Note that there are no links, it is just the mere presence of the &amp;lt;wicket:link&amp;gt; tags that seems to cause the problem.&lt;/p&gt;</description>
                <environment></environment>
        <key id="13013811">WICKET-6256</key>
            <summary>8.0.0-M1 &lt;wicket:link&gt; MarkupNotFoundException</summary>
                <type id="1" iconUrl="https://issues.apache.org/jira/secure/viewavatar?size=xsmall&amp;avatarId=21133&amp;avatarType=issuetype">Bug</type>
                                            <priority id="4" iconUrl="https://issues.apache.org/jira/images/icons/priorities/minor.svg">Minor</priority>
                        <status id="5" iconUrl="https://issues.apache.org/jira/images/icons/statuses/resolved.png" description="A resolution has been taken, and it is awaiting verification by reporter. From here issues are either reopened, or are closed.">Resolved</status>
                    <statusCategory id="3" key="done" colorName="green"/>
                                    <resolution id="1">Fixed</resolution>
                                        <assignee username="bitstorm">Andrea Del Bene</assignee>
                                    <reporter username="gregjohnson">Greg Johnson</reporter>
                        <labels>
                    </labels>
                <created>Thu, 20 Oct 2016 09:58:59 +0000</created>
                <updated>Wed, 9 Nov 2016 04:53:23 +0000</updated>
                            <resolved>Thu, 27 Oct 2016 12:56:08 +0000</resolved>
                                    <version>8.0.0-M2</version>
                    <version>7.5.0</version>
                                    <fixVersion>7.6.0</fixVersion>
                    <fixVersion>8.0.0-M3</fixVersion>
                                    <component>wicket</component>
                        <due></due>
                            <votes>0</votes>
                                    <watches>3</watches>
                                                                <comments>
                            <comment id="15608909" author="jira-bot" created="Wed, 26 Oct 2016 16:20:12 +0000"  >&lt;p&gt;Commit ebc503324c8eabdf57d70c9294cf03d0f559564a in wicket&apos;s branch refs/heads/master from &lt;a href=&quot;https://issues.apache.org/jira/secure/ViewProfile.jspa?name=bitstorm&quot; class=&quot;user-hover&quot; rel=&quot;bitstorm&quot;&gt;Andrea Del Bene&lt;/a&gt;&lt;br/&gt;
[ &lt;a href=&quot;https://git-wip-us.apache.org/repos/asf?p=wicket.git;h=ebc5033&quot; class=&quot;external-link&quot; rel=&quot;nofollow&quot;&gt;https://git-wip-us.apache.org/repos/asf?p=wicket.git;h=ebc5033&lt;/a&gt; ]&lt;/p&gt;

&lt;p&gt;&lt;a href=&quot;https://issues.apache.org/jira/browse/WICKET-6256&quot; title=&quot;8.0.0-M1 &amp;lt;wicket:link&amp;gt; MarkupNotFoundException&quot; class=&quot;issue-link&quot; data-issue-key=&quot;WICKET-6256&quot;&gt;&lt;del&gt;WICKET-6256&lt;/del&gt;&lt;/a&gt; 8.0.0-M1 &amp;lt;wicket:link&amp;gt; MarkupNotFoundException&lt;/p&gt;</comment>
                            <comment id="15609281" author="bitstorm" created="Wed, 26 Oct 2016 18:37:23 +0000"  >&lt;p&gt;&lt;a href=&quot;https://issues.apache.org/jira/secure/ViewProfile.jspa?name=gregjohnson&quot; class=&quot;user-hover&quot; rel=&quot;gregjohnson&quot;&gt;Greg Johnson&lt;/a&gt; The problem should be fixed if you use snapshot release of version 8. Could you confirm this?&lt;br/&gt;
thank you.&lt;/p&gt;</comment>
                            <comment id="15611486" author="jira-bot" created="Thu, 27 Oct 2016 10:37:13 +0000"  >&lt;p&gt;Commit af9c68181fbb31c1f4e5bf9e12a13b838cc014de in wicket&apos;s branch refs/heads/wicket-7.x from &lt;a href=&quot;https://issues.apache.org/jira/secure/ViewProfile.jspa?name=bitstorm&quot; class=&quot;user-hover&quot; rel=&quot;bitstorm&quot;&gt;Andrea Del Bene&lt;/a&gt;&lt;br/&gt;
[ &lt;a href=&quot;https://git-wip-us.apache.org/repos/asf?p=wicket.git;h=af9c681&quot; class=&quot;external-link&quot; rel=&quot;nofollow&quot;&gt;https://git-wip-us.apache.org/repos/asf?p=wicket.git;h=af9c681&lt;/a&gt; ]&lt;/p&gt;

&lt;p&gt;&lt;a href=&quot;https://issues.apache.org/jira/browse/WICKET-6256&quot; title=&quot;8.0.0-M1 &amp;lt;wicket:link&amp;gt; MarkupNotFoundException&quot; class=&quot;issue-link&quot; data-issue-key=&quot;WICKET-6256&quot;&gt;&lt;del&gt;WICKET-6256&lt;/del&gt;&lt;/a&gt; 8.0.0-M1 &amp;lt;wicket:link&amp;gt; MarkupNotFoundException&lt;/p&gt;</comment>
                            <comment id="15614125" author="gregjohnson" created="Fri, 28 Oct 2016 03:13:03 +0000"  >&lt;p&gt;Fixed, thank you &lt;img class=&quot;emoticon&quot; src=&quot;https://issues.apache.org/jira/images/icons/emoticons/smile.png&quot; height=&quot;16&quot; width=&quot;16&quot; align=&quot;absmiddle&quot; alt=&quot;&quot; border=&quot;0&quot;/&gt;&lt;/p&gt;</comment>
                    </comments>
                <issuelinks>
                            <issuelinktype id="10030">
                    <name>Reference</name>
                                                                <inwardlinks description="is related to">
                                        <issuelink>
            <issuekey id="13016941">WICKET-6266</issuekey>
        </issuelink>
                            </inwardlinks>
                                    </issuelinktype>
                    </issuelinks>
                <attachments>
                            <attachment id="12834366" name="myproject.zip" size="30352" author="gregjohnson" created="Thu, 20 Oct 2016 09:59:56 +0000"/>
                    </attachments>
                <subtasks>
                    </subtasks>
                <customfields>
                                                <customfield id="customfield_12310310" key="com.atlassian.jira.toolkit:attachments">
                        <customfieldname>Attachment count</customfieldname>
                        <customfieldvalues>
                            <customfieldvalue>1.0</customfieldvalue>
                        </customfieldvalues>
                    </customfield>
                                                                                                                                                                                                                                                                                                                                                                                                                                                                                                                                                                                        <customfield id="customfield_12310220" key="com.atlassian.jira.ext.charting:firstresponsedate">
                        <customfieldname>Date of First Response</customfieldname>
                        <customfieldvalues>
                            <customfieldvalue>Wed, 26 Oct 2016 16:20:12 +0000</customfieldvalue>

                        </customfieldvalues>
                    </customfield>
                                                                                                                        <customfield id="customfield_12313422" key="com.atlassian.jirafisheyeplugin:jobcheckbox">
                        <customfieldname>Enable Automatic Patch Review</customfieldname>
                        <customfieldvalues>
                            <customfieldvalue><![CDATA[false]]></customfieldvalue>

                        </customfieldvalues>
                    </customfield>
                                                                                                                                                                                                                                                                                                                                                                                                                                                                        <customfield id="customfield_12310420" key="com.pyxis.greenhopper.jira:gh-global-rank">
                        <customfieldname>Global Rank</customfieldname>
                        <customfieldvalues>
                            <customfieldvalue>9223372036854775807</customfieldvalue>
                        </customfieldvalues>
                    </customfield>
                                                                                                                        <customfield id="customfield_12312521" key="com.atlassian.jira.toolkit:LastCommentDate">
                        <customfieldname>Last public comment date</customfieldname>
                        <customfieldvalues>
                            2 years, 23 weeks, 3 days ago
                        </customfieldvalues>
                    </customfield>
                                                                                                                                                    <customfield id="customfield_12311820" key="com.pyxis.greenhopper.jira:gh-lexo-rank">
                        <customfieldname>Rank</customfieldname>
                        <customfieldvalues>
                            <customfieldvalue>0|i3556n:</customfieldvalue>

                        </customfieldvalues>
                    </customfield>
                                                                <customfield id="customfield_12310920" key="com.pyxis.greenhopper.jira:gh-global-rank">
                        <customfieldname>Rank (Obsolete)</customfieldname>
                        <customfieldvalues>
                            <customfieldvalue>9223372036854775807</customfieldvalue>
                        </customfieldvalues>
                    </customfield>
                                                                                                                                                                                                                                                                                                                            <customfield id="customfield_12310222" key="com.atlassian.jira.ext.charting:timeinstatus">
                        <customfieldname>Time in Status</customfieldname>
                        <customfieldvalues>
                            
                        </customfieldvalues>
                    </customfield>
                                    </customfields>
    </item>


<item>
            <title>[WICKET-6255] Palette cannot use Ajax Behavior</title>
                <link>https://issues.apache.org/jira/browse/WICKET-6255</link>
                <project id="12310561" key="WICKET">Wicket</project>
                    <description>&lt;p&gt;I have define a Palette, I want to listen the behavior change selector.&lt;br/&gt;
so i add a ajax behavior AjaxFormComponentUpdatingBehavior.&lt;br/&gt;
however I cannot get the selectedList value in the ajax override function onUpdate();&lt;br/&gt;
the function is triggered but the selectedList.size() is always 0.&lt;/p&gt;

&lt;p&gt;attachements are code page and log screenshot.&lt;/p&gt;</description>
                <environment>JAVA 1.8</environment>
        <key id="13012781">WICKET-6255</key>
            <summary>Palette cannot use Ajax Behavior</summary>
                <type id="1" iconUrl="https://issues.apache.org/jira/secure/viewavatar?size=xsmall&amp;avatarId=21133&amp;avatarType=issuetype">Bug</type>
                                            <priority id="3" iconUrl="https://issues.apache.org/jira/images/icons/priorities/major.svg">Major</priority>
                        <status id="5" iconUrl="https://issues.apache.org/jira/images/icons/statuses/resolved.png" description="A resolution has been taken, and it is awaiting verification by reporter. From here issues are either reopened, or are closed.">Resolved</status>
                    <statusCategory id="3" key="done" colorName="green"/>
                                    <resolution id="8">Not A Problem</resolution>
                                        <assignee username="svenmeier">Sven Meier</assignee>
                                    <reporter username="helewei">Jakob</reporter>
                        <labels>
                            <label>Palette</label>
                    </labels>
                <created>Mon, 17 Oct 2016 08:12:17 +0000</created>
                <updated>Mon, 17 Oct 2016 17:30:57 +0000</updated>
                            <resolved>Mon, 17 Oct 2016 17:30:55 +0000</resolved>
                                    <version>7.4.0</version>
                                                    <component>wicket-extensions</component>
                        <due></due>
                            <votes>0</votes>
                                    <watches>2</watches>
                                                                <comments>
                            <comment id="15582863" author="svenmeier" created="Mon, 17 Oct 2016 17:30:56 +0000"  >&lt;p&gt;Please read Palette&apos;s Javadoc: you have to add the behavior to the recorder component.&lt;/p&gt;</comment>
                    </comments>
                    <attachments>
                            <attachment id="12833695" name="code_shot.png" size="14571" author="helewei" created="Mon, 17 Oct 2016 08:13:29 +0000"/>
                            <attachment id="12833696" name="log_shot.png" size="8179" author="helewei" created="Mon, 17 Oct 2016 08:13:29 +0000"/>
                            <attachment id="12833697" name="page_shot.png" size="21304" author="helewei" created="Mon, 17 Oct 2016 08:13:29 +0000"/>
                    </attachments>
                <subtasks>
                    </subtasks>
                <customfields>
                                                <customfield id="customfield_12310310" key="com.atlassian.jira.toolkit:attachments">
                        <customfieldname>Attachment count</customfieldname>
                        <customfieldvalues>
                            <customfieldvalue>3.0</customfieldvalue>
                        </customfieldvalues>
                    </customfield>
                                                                                                                                                                                                                                                                                                                                                                                                                                                                                                                                                                                        <customfield id="customfield_12310220" key="com.atlassian.jira.ext.charting:firstresponsedate">
                        <customfieldname>Date of First Response</customfieldname>
                        <customfieldvalues>
                            <customfieldvalue>Mon, 17 Oct 2016 17:30:56 +0000</customfieldvalue>

                        </customfieldvalues>
                    </customfield>
                                                                                                                        <customfield id="customfield_12313422" key="com.atlassian.jirafisheyeplugin:jobcheckbox">
                        <customfieldname>Enable Automatic Patch Review</customfieldname>
                        <customfieldvalues>
                            <customfieldvalue><![CDATA[false]]></customfieldvalue>

                        </customfieldvalues>
                    </customfield>
                                                                                                                                                                                                                                                                                                                                                                                                                                                                        <customfield id="customfield_12310420" key="com.pyxis.greenhopper.jira:gh-global-rank">
                        <customfieldname>Global Rank</customfieldname>
                        <customfieldvalues>
                            <customfieldvalue>9223372036854775807</customfieldvalue>
                        </customfieldvalues>
                    </customfield>
                                                                                                                        <customfield id="customfield_12312521" key="com.atlassian.jira.toolkit:LastCommentDate">
                        <customfieldname>Last public comment date</customfieldname>
                        <customfieldvalues>
                            2 years, 24 weeks, 6 days ago
                        </customfieldvalues>
                    </customfield>
                                                                                                                                                    <customfield id="customfield_12311820" key="com.pyxis.greenhopper.jira:gh-lexo-rank">
                        <customfieldname>Rank</customfieldname>
                        <customfieldvalues>
                            <customfieldvalue>0|i34yun:</customfieldvalue>

                        </customfieldvalues>
                    </customfield>
                                                                <customfield id="customfield_12310920" key="com.pyxis.greenhopper.jira:gh-global-rank">
                        <customfieldname>Rank (Obsolete)</customfieldname>
                        <customfieldvalues>
                            <customfieldvalue>9223372036854775807</customfieldvalue>
                        </customfieldvalues>
                    </customfield>
                                                                                                                                                                                                                                                                                                                            <customfield id="customfield_12310222" key="com.atlassian.jira.ext.charting:timeinstatus">
                        <customfieldname>Time in Status</customfieldname>
                        <customfieldvalues>
                            
                        </customfieldvalues>
                    </customfield>
                                    </customfields>
    </item>


<item>
            <title>[WICKET-6254] Wicket WebSockets problem behind HTTP proxy without servlet context</title>
                <link>https://issues.apache.org/jira/browse/WICKET-6254</link>
                <project id="12310561" key="WICKET">Wicket</project>
                    <description>&lt;p&gt;See discussion here:&lt;br/&gt;
&lt;a href=&quot;http://apache-wicket.1842946.n4.nabble.com/Wicket-WebSockets-problem-with-servlet-context-td4675647.html&quot; class=&quot;external-link&quot; rel=&quot;nofollow&quot;&gt;http://apache-wicket.1842946.n4.nabble.com/Wicket-WebSockets-problem-with-servlet-context-td4675647.html&lt;/a&gt;&lt;/p&gt;</description>
                <environment></environment>
        <key id="13009901">WICKET-6254</key>
            <summary>Wicket WebSockets problem behind HTTP proxy without servlet context</summary>
                <type id="1" iconUrl="https://issues.apache.org/jira/secure/viewavatar?size=xsmall&amp;avatarId=21133&amp;avatarType=issuetype">Bug</type>
                                            <priority id="3" iconUrl="https://issues.apache.org/jira/images/icons/priorities/major.svg">Major</priority>
                        <status id="5" iconUrl="https://issues.apache.org/jira/images/icons/statuses/resolved.png" description="A resolution has been taken, and it is awaiting verification by reporter. From here issues are either reopened, or are closed.">Resolved</status>
                    <statusCategory id="3" key="done" colorName="green"/>
                                    <resolution id="1">Fixed</resolution>
                                        <assignee username="mgrigorov">Martin Grigorov</assignee>
                                    <reporter username="thomas.goetz">Tom G&#246;tz</reporter>
                        <labels>
                    </labels>
                <created>Wed, 5 Oct 2016 15:34:12 +0000</created>
                <updated>Thu, 27 Oct 2016 10:29:58 +0000</updated>
                            <resolved>Sat, 15 Oct 2016 17:32:57 +0000</resolved>
                                    <version>7.3.0</version>
                                    <fixVersion>8.0.0-M2</fixVersion>
                    <fixVersion>7.5.0</fixVersion>
                                    <component>wicket-native-websocket</component>
                        <due></due>
                            <votes>0</votes>
                                    <watches>3</watches>
                                                                <comments>
                            <comment id="15577700" author="jira-bot" created="Sat, 15 Oct 2016 08:54:45 +0000"  >&lt;p&gt;Commit 41a3b04a57a731e5723493092bce748aca58588c in wicket&apos;s branch refs/heads/wicket-7.x from &lt;a href=&quot;https://issues.apache.org/jira/secure/ViewProfile.jspa?name=mgrigorov&quot; class=&quot;user-hover&quot; rel=&quot;mgrigorov&quot;&gt;Martin Grigorov&lt;/a&gt;&lt;br/&gt;
[ &lt;a href=&quot;https://git-wip-us.apache.org/repos/asf?p=wicket.git;h=41a3b04&quot; class=&quot;external-link&quot; rel=&quot;nofollow&quot;&gt;https://git-wip-us.apache.org/repos/asf?p=wicket.git;h=41a3b04&lt;/a&gt; ]&lt;/p&gt;

&lt;p&gt;&lt;a href=&quot;https://issues.apache.org/jira/browse/WICKET-6254&quot; title=&quot;Wicket WebSockets problem behind HTTP proxy without servlet context&quot; class=&quot;issue-link&quot; data-issue-key=&quot;WICKET-6254&quot;&gt;&lt;del&gt;WICKET-6254&lt;/del&gt;&lt;/a&gt; Wicket WebSockets problem behind HTTP proxy without servlet context&lt;/p&gt;

&lt;p&gt;Make it possible to override the parts needed to construct the WebSocket absolute url.&lt;br/&gt;
This is needed when the application runs in a servlet container that is proxied in front.&lt;br/&gt;
The constructed url has to point to the proxy server.&lt;br/&gt;
The application may use X-Forwarded-For-** headers set by the proxy, or custom configuration for different environments&lt;/p&gt;</comment>
                            <comment id="15577701" author="jira-bot" created="Sat, 15 Oct 2016 08:55:12 +0000"  >&lt;p&gt;Commit 291541f4d567ca50cda05863600edeefda5dc3a6 in wicket&apos;s branch refs/heads/master from &lt;a href=&quot;https://issues.apache.org/jira/secure/ViewProfile.jspa?name=mgrigorov&quot; class=&quot;user-hover&quot; rel=&quot;mgrigorov&quot;&gt;Martin Grigorov&lt;/a&gt;&lt;br/&gt;
[ &lt;a href=&quot;https://git-wip-us.apache.org/repos/asf?p=wicket.git;h=291541f&quot; class=&quot;external-link&quot; rel=&quot;nofollow&quot;&gt;https://git-wip-us.apache.org/repos/asf?p=wicket.git;h=291541f&lt;/a&gt; ]&lt;/p&gt;

&lt;p&gt;&lt;a href=&quot;https://issues.apache.org/jira/browse/WICKET-6254&quot; title=&quot;Wicket WebSockets problem behind HTTP proxy without servlet context&quot; class=&quot;issue-link&quot; data-issue-key=&quot;WICKET-6254&quot;&gt;&lt;del&gt;WICKET-6254&lt;/del&gt;&lt;/a&gt; Wicket WebSockets problem behind HTTP proxy without servlet context&lt;/p&gt;

&lt;p&gt;Make it possible to override the parts needed to construct the WebSocket absolute url.&lt;br/&gt;
This is needed when the application runs in a servlet container that is proxied in front.&lt;br/&gt;
The constructed url has to point to the proxy server.&lt;br/&gt;
The application may use X-Forwarded-For-** headers set by the proxy, or custom configuration for different environments&lt;/p&gt;</comment>
                            <comment id="15577733" author="jira-bot" created="Sat, 15 Oct 2016 09:20:30 +0000"  >&lt;p&gt;Commit 1236f50ad06a842c0efb68492038d51042f1b59d in wicket&apos;s branch refs/heads/wicket-7.x from &lt;a href=&quot;https://issues.apache.org/jira/secure/ViewProfile.jspa?name=mgrigorov&quot; class=&quot;user-hover&quot; rel=&quot;mgrigorov&quot;&gt;Martin Grigorov&lt;/a&gt;&lt;br/&gt;
[ &lt;a href=&quot;https://git-wip-us.apache.org/repos/asf?p=wicket.git;h=1236f50&quot; class=&quot;external-link&quot; rel=&quot;nofollow&quot;&gt;https://git-wip-us.apache.org/repos/asf?p=wicket.git;h=1236f50&lt;/a&gt; ]&lt;/p&gt;

&lt;p&gt;&lt;a href=&quot;https://issues.apache.org/jira/browse/WICKET-6254&quot; title=&quot;Wicket WebSockets problem behind HTTP proxy without servlet context&quot; class=&quot;issue-link&quot; data-issue-key=&quot;WICKET-6254&quot;&gt;&lt;del&gt;WICKET-6254&lt;/del&gt;&lt;/a&gt; Wicket WebSockets problem behind HTTP proxy without servlet context&lt;/p&gt;

&lt;p&gt;Extract the logic to calculate the url in WebSocketSettings. This way it could be configured globally and per behavior&lt;/p&gt;</comment>
                            <comment id="15577737" author="mgrigorov" created="Sat, 15 Oct 2016 09:21:43 +0000"  >&lt;p&gt;I&apos;ve made it possible to override the different parts that are used to construct the url both globally and per behavior.&lt;br/&gt;
Would that be enough for you?&lt;/p&gt;</comment>
                            <comment id="15577740" author="jira-bot" created="Sat, 15 Oct 2016 09:22:32 +0000"  >&lt;p&gt;Commit b6225514d9ad35a545750e2930485e212e95ca88 in wicket&apos;s branch refs/heads/master from &lt;a href=&quot;https://issues.apache.org/jira/secure/ViewProfile.jspa?name=mgrigorov&quot; class=&quot;user-hover&quot; rel=&quot;mgrigorov&quot;&gt;Martin Grigorov&lt;/a&gt;&lt;br/&gt;
[ &lt;a href=&quot;https://git-wip-us.apache.org/repos/asf?p=wicket.git;h=b622551&quot; class=&quot;external-link&quot; rel=&quot;nofollow&quot;&gt;https://git-wip-us.apache.org/repos/asf?p=wicket.git;h=b622551&lt;/a&gt; ]&lt;/p&gt;

&lt;p&gt;&lt;a href=&quot;https://issues.apache.org/jira/browse/WICKET-6254&quot; title=&quot;Wicket WebSockets problem behind HTTP proxy without servlet context&quot; class=&quot;issue-link&quot; data-issue-key=&quot;WICKET-6254&quot;&gt;&lt;del&gt;WICKET-6254&lt;/del&gt;&lt;/a&gt; Wicket WebSockets problem behind HTTP proxy without servlet context&lt;/p&gt;

&lt;p&gt;Extract the logic to calculate the url in WebSocketSettings. This way it could be configured globally and per behavior&lt;/p&gt;</comment>
                    </comments>
                <issuelinks>
                            <issuelinktype id="12310050">
                    <name>Regression</name>
                                            <outwardlinks description="breaks">
                                        <issuelink>
            <issuekey id="13015764">WICKET-6262</issuekey>
        </issuelink>
                            </outwardlinks>
                                                        </issuelinktype>
                    </issuelinks>
                <attachments>
                    </attachments>
                <subtasks>
                    </subtasks>
                <customfields>
                                                <customfield id="customfield_12310310" key="com.atlassian.jira.toolkit:attachments">
                        <customfieldname>Attachment count</customfieldname>
                        <customfieldvalues>
                            <customfieldvalue>0.0</customfieldvalue>
                        </customfieldvalues>
                    </customfield>
                                                                                                                                                                                                                                                                                                                                                                                                                                                                                                                                                                                        <customfield id="customfield_12310220" key="com.atlassian.jira.ext.charting:firstresponsedate">
                        <customfieldname>Date of First Response</customfieldname>
                        <customfieldvalues>
                            <customfieldvalue>Sat, 15 Oct 2016 08:54:45 +0000</customfieldvalue>

                        </customfieldvalues>
                    </customfield>
                                                                                                                        <customfield id="customfield_12313422" key="com.atlassian.jirafisheyeplugin:jobcheckbox">
                        <customfieldname>Enable Automatic Patch Review</customfieldname>
                        <customfieldvalues>
                            <customfieldvalue><![CDATA[false]]></customfieldvalue>

                        </customfieldvalues>
                    </customfield>
                                                                                                                                                                                                                                                                                                                                                                                                                                                                        <customfield id="customfield_12310420" key="com.pyxis.greenhopper.jira:gh-global-rank">
                        <customfieldname>Global Rank</customfieldname>
                        <customfieldvalues>
                            <customfieldvalue>9223372036854775807</customfieldvalue>
                        </customfieldvalues>
                    </customfield>
                                                                                                                        <customfield id="customfield_12312521" key="com.atlassian.jira.toolkit:LastCommentDate">
                        <customfieldname>Last public comment date</customfieldname>
                        <customfieldvalues>
                            2 years, 25 weeks, 2 days ago
                        </customfieldvalues>
                    </customfield>
                                                                                                                                                    <customfield id="customfield_12311820" key="com.pyxis.greenhopper.jira:gh-lexo-rank">
                        <customfieldname>Rank</customfieldname>
                        <customfieldvalues>
                            <customfieldvalue>0|i34h73:</customfieldvalue>

                        </customfieldvalues>
                    </customfield>
                                                                <customfield id="customfield_12310920" key="com.pyxis.greenhopper.jira:gh-global-rank">
                        <customfieldname>Rank (Obsolete)</customfieldname>
                        <customfieldvalues>
                            <customfieldvalue>9223372036854775807</customfieldvalue>
                        </customfieldvalues>
                    </customfield>
                                                                                                                                                                                                                                                                                                                            <customfield id="customfield_12310222" key="com.atlassian.jira.ext.charting:timeinstatus">
                        <customfieldname>Time in Status</customfieldname>
                        <customfieldvalues>
                            
                        </customfieldvalues>
                    </customfield>
                                    </customfields>
    </item>


<item>
            <title>[WICKET-6253] Redirect url parameters decoded</title>
                <link>https://issues.apache.org/jira/browse/WICKET-6253</link>
                <project id="12310561" key="WICKET">Wicket</project>
                    <description>&lt;p&gt;When redirecting to an external url using RedirectToUrlException, org.apache.wicket.protocol.http.servlet.ServletWebResponse.encodeRedirectURL() changes the location. Decodes the parameters but encode does not give the same result.&lt;/p&gt;

&lt;p&gt;SAMLv2 (opensaml) generates authentication request and signs it, IDP fails to validate signature as parameters have changed. Example:&lt;/p&gt;

&lt;p&gt;&lt;a href=&quot;http://example.host/sso/login/redirect?SAMLRequest=XYZ&amp;amp;RelayState=%2Fcomeback%2Fhere&amp;amp;SigAlg=http%3A%2F%2Fwww.w3.org%2F2000%2F09%2Fxmldsig%23rsa-sha1&amp;amp;Signature=XYZ&quot; class=&quot;external-link&quot; rel=&quot;nofollow&quot;&gt;http://example.host/sso/login/redirect?SAMLRequest=XYZ&amp;amp;RelayState=%2Fcomeback%2Fhere&amp;amp;SigAlg=http%3A%2F%2Fwww.w3.org%2F2000%2F09%2Fxmldsig%23rsa-sha1&amp;amp;Signature=XYZ&lt;/a&gt;&lt;/p&gt;

&lt;p&gt;ServletWebResponse .encodeRedirectURL() changes it to:&lt;/p&gt;

&lt;p&gt;&lt;a href=&quot;http://example.host/sso/login/redirect?SAMLRequest=XYZ&amp;amp;RelayState=/comeback/here&amp;amp;SigAlg=http://www.w3.org/2000/09/xmldsig#rsa-sha1&amp;amp;Signature=XYZ&quot; class=&quot;external-link&quot; rel=&quot;nofollow&quot;&gt;http://example.host/sso/login/redirect?SAMLRequest=XYZ&amp;amp;RelayState=/comeback/here&amp;amp;SigAlg=http://www.w3.org/2000/09/xmldsig#rsa-sha1&amp;amp;Signature=XYZ&lt;/a&gt;&lt;/p&gt;

&lt;p&gt;diff where change was created:&lt;br/&gt;
&lt;a href=&quot;http://grepcode.com/file_/repo1.maven.org/maven2/org.apache.wicket/wicket-core/6.16.0/org/apache/wicket/protocol/http/servlet/ServletWebResponse.java/?v=diff&amp;amp;id2=6.15.0&quot; class=&quot;external-link&quot; rel=&quot;nofollow&quot;&gt;http://grepcode.com/file_/repo1.maven.org/maven2/org.apache.wicket/wicket-core/6.16.0/org/apache/wicket/protocol/http/servlet/ServletWebResponse.java/?v=diff&amp;amp;id2=6.15.0&lt;/a&gt;&lt;/p&gt;</description>
                <environment></environment>
        <key id="13009578">WICKET-6253</key>
            <summary>Redirect url parameters decoded</summary>
                <type id="1" iconUrl="https://issues.apache.org/jira/secure/viewavatar?size=xsmall&amp;avatarId=21133&amp;avatarType=issuetype">Bug</type>
                                            <priority id="3" iconUrl="https://issues.apache.org/jira/images/icons/priorities/major.svg">Major</priority>
                        <status id="5" iconUrl="https://issues.apache.org/jira/images/icons/statuses/resolved.png" description="A resolution has been taken, and it is awaiting verification by reporter. From here issues are either reopened, or are closed.">Resolved</status>
                    <statusCategory id="3" key="done" colorName="green"/>
                                    <resolution id="2">Won&apos;t Fix</resolution>
                                        <assignee username="-1">Unassigned</assignee>
                                    <reporter username="viktor.durica">Viktor Durica</reporter>
                        <labels>
                            <label>encode</label>
                            <label>parameters</label>
                            <label>redirect</label>
                            <label>saml</label>
                            <label>servlet</label>
                    </labels>
                <created>Tue, 4 Oct 2016 14:37:58 +0000</created>
                <updated>Mon, 31 Oct 2016 20:10:32 +0000</updated>
                            <resolved>Mon, 31 Oct 2016 20:10:32 +0000</resolved>
                                    <version>6.16.0</version>
                                                    <component>wicket</component>
                        <due></due>
                            <votes>0</votes>
                                    <watches>2</watches>
                                                                <comments>
                            <comment id="15545564" author="mgrigorov" created="Tue, 4 Oct 2016 14:53:16 +0000"  >&lt;p&gt;Can you please provide a quickstart app?&lt;br/&gt;
Which web server do you use ? Which version ?&lt;/p&gt;</comment>
                            <comment id="15545580" author="viktor.durica" created="Tue, 4 Oct 2016 15:00:22 +0000"  >&lt;p&gt;wildfly 8.0, tomcat 7 - but not server dependent.&lt;br/&gt;
to reproduce throw anywhere a RedirectToUrlException(&quot;http://example.host/sso/login/redirect?SAMLRequest=XYZ&amp;amp;RelayState=%2Fcomeback%2Fhere&amp;amp;SigAlg=http%3A%2F%2Fwww.w3.org%2F2000%2F09%2Fxmldsig%23rsa-sha1&amp;amp;Signature=XYZ&quot;) and check the url in browser, parameters will be decoded from wicket version 6.16&lt;/p&gt;

&lt;p&gt;will add quickstart app soon.&lt;/p&gt;</comment>
                            <comment id="15547938" author="viktor.durica" created="Wed, 5 Oct 2016 07:25:17 +0000"  >&lt;p&gt;quickstart app attached&lt;/p&gt;</comment>
                            <comment id="15578619" author="mgrigorov" created="Sat, 15 Oct 2016 19:25:24 +0000"  >&lt;p&gt;The problem is introduced with &lt;a href=&quot;https://issues.apache.org/jira/browse/WICKET-5582&quot; class=&quot;external-link&quot; rel=&quot;nofollow&quot;&gt;https://issues.apache.org/jira/browse/WICKET-5582&lt;/a&gt;.&lt;br/&gt;
The fix is as easy as:&lt;/p&gt;
&lt;div class=&quot;code panel&quot; style=&quot;border-width: 1px;&quot;&gt;&lt;div class=&quot;codeContent panelContent&quot;&gt;
&lt;pre class=&quot;code-java&quot;&gt;diff --git i/wicket-util/src/main/java/org/apache/wicket/util/encoding/UrlEncoder.java w/wicket-util/src/main/java/org/apache/wicket/util/encoding/UrlEncoder.java
index 61e57a6..6f7947c 100644
--- i/wicket-util/src/main/java/org/apache/wicket/util/encoding/UrlEncoder.java
+++ w/wicket-util/src/main/java/org/apache/wicket/util/encoding/UrlEncoder.java
@@ -191,7 +191,7 @@ &lt;span class=&quot;code-keyword&quot;&gt;public&lt;/span&gt; &lt;span class=&quot;code-keyword&quot;&gt;class &lt;/span&gt;UrlEncoder
                                &lt;span class=&quot;code-comment&quot;&gt;// encoding a space to a + is done in the encode() method
&lt;/span&gt;                                dontNeedEncoding.set(&lt;span class=&quot;code-quote&quot;&gt;&apos; &apos;&lt;/span&gt;);
                                &lt;span class=&quot;code-comment&quot;&gt;// to allow direct passing of URL in query
&lt;/span&gt;-                               dontNeedEncoding.set(&lt;span class=&quot;code-quote&quot;&gt;&apos;/&apos;&lt;/span&gt;);
+&lt;span class=&quot;code-comment&quot;&gt;//                             dontNeedEncoding.set(&lt;span class=&quot;code-quote&quot;&gt;&apos;/&apos;&lt;/span&gt;);&lt;/span&gt;
&lt;/pre&gt;
&lt;/div&gt;&lt;/div&gt;

&lt;p&gt;but as you can see the comment says &quot;to allow direct passing of URL in query&quot;. So some applications expect non-encoded / in the query string, others - encoded.&lt;br/&gt;
Wicket doesn&apos;t encode &apos;/&apos; in the query string since many years.&lt;br/&gt;
Tomcat also doesn&apos;t do anything with the slashes when encoding the url produced by Wicket.&lt;/p&gt;

&lt;p&gt;The only workaround I see for you is to roll your own RedirectToUrlException that uses directly HttpServletResponse to make the redirect, bypassing Wicket&apos;s ServletWebResponse.&lt;/p&gt;</comment>
                            <comment id="15613342" author="mgrigorov" created="Thu, 27 Oct 2016 21:51:58 +0000"  >&lt;p&gt;Another solution: use org.apache.wicket.request.flow.RedirectToUrlException#RedirectToUrlException(java.lang.String, int) with status code 303 or 307.&lt;br/&gt;
This way Wicket will use &quot;setHeader(&quot;Location&quot;, &quot;...&quot;) instead of #sendRedirect() that leads to the problem.&lt;/p&gt;</comment>
                            <comment id="15623218" author="mgrigorov" created="Mon, 31 Oct 2016 20:10:32 +0000"  >&lt;p&gt;Closing as &quot;Won&apos;t fix&quot; because the change in UrlEncoder is rather big and there are workarounds.&lt;/p&gt;</comment>
                    </comments>
                <issuelinks>
                            <issuelinktype id="12310050">
                    <name>Regression</name>
                                                                <inwardlinks description="is broken by">
                                        <issuelink>
            <issuekey id="12712605">WICKET-5582</issuekey>
        </issuelink>
                            </inwardlinks>
                                    </issuelinktype>
                    </issuelinks>
                <attachments>
                            <attachment id="12831690" name="wicket6253.zip" size="22557" author="viktor.durica" created="Wed, 5 Oct 2016 07:24:58 +0000"/>
                    </attachments>
                <subtasks>
                    </subtasks>
                <customfields>
                                                <customfield id="customfield_12310310" key="com.atlassian.jira.toolkit:attachments">
                        <customfieldname>Attachment count</customfieldname>
                        <customfieldvalues>
                            <customfieldvalue>1.0</customfieldvalue>
                        </customfieldvalues>
                    </customfield>
                                                                                                                                                                                                                                                                                                                                                                                                                                                                                                                                                                                        <customfield id="customfield_12310220" key="com.atlassian.jira.ext.charting:firstresponsedate">
                        <customfieldname>Date of First Response</customfieldname>
                        <customfieldvalues>
                            <customfieldvalue>Tue, 4 Oct 2016 14:53:16 +0000</customfieldvalue>

                        </customfieldvalues>
                    </customfield>
                                                                                                                        <customfield id="customfield_12313422" key="com.atlassian.jirafisheyeplugin:jobcheckbox">
                        <customfieldname>Enable Automatic Patch Review</customfieldname>
                        <customfieldvalues>
                            <customfieldvalue><![CDATA[false]]></customfieldvalue>

                        </customfieldvalues>
                    </customfield>
                                                                                                                                                                                                                                                                                                                                                                                                                                                                        <customfield id="customfield_12310420" key="com.pyxis.greenhopper.jira:gh-global-rank">
                        <customfieldname>Global Rank</customfieldname>
                        <customfieldvalues>
                            <customfieldvalue>9223372036854775807</customfieldvalue>
                        </customfieldvalues>
                    </customfield>
                                                                                                                        <customfield id="customfield_12312521" key="com.atlassian.jira.toolkit:LastCommentDate">
                        <customfieldname>Last public comment date</customfieldname>
                        <customfieldvalues>
                            2 years, 22 weeks, 6 days ago
                        </customfieldvalues>
                    </customfield>
                                                                                                                                                    <customfield id="customfield_12311820" key="com.pyxis.greenhopper.jira:gh-lexo-rank">
                        <customfieldname>Rank</customfieldname>
                        <customfieldvalues>
                            <customfieldvalue>0|i34f7b:</customfieldvalue>

                        </customfieldvalues>
                    </customfield>
                                                                <customfield id="customfield_12310920" key="com.pyxis.greenhopper.jira:gh-global-rank">
                        <customfieldname>Rank (Obsolete)</customfieldname>
                        <customfieldvalues>
                            <customfieldvalue>9223372036854775807</customfieldvalue>
                        </customfieldvalues>
                    </customfield>
                                                                                                                                                                                                                                                                                                                            <customfield id="customfield_12310222" key="com.atlassian.jira.ext.charting:timeinstatus">
                        <customfieldname>Time in Status</customfieldname>
                        <customfieldvalues>
                            
                        </customfieldvalues>
                    </customfield>
                                    </customfields>
    </item>


<item>
            <title>[WICKET-6252] Component in enclosure not found</title>
                <link>https://issues.apache.org/jira/browse/WICKET-6252</link>
                <project id="12310561" key="WICKET">Wicket</project>
                    <description>&lt;p&gt;I transfer code from wicket 6.x to 7.x. But i got a complaint that a component in an enclosure can not be found.&lt;/p&gt;

&lt;p&gt;With wicket-6.24.0 This is working. I&apos;ve already double checked for a similar issue.&lt;/p&gt;

&lt;p&gt;Can you please check the attached quickstart and give me a hint?&lt;/p&gt;</description>
                <environment>ALL</environment>
        <key id="13009440">WICKET-6252</key>
            <summary>Component in enclosure not found</summary>
                <type id="1" iconUrl="https://issues.apache.org/jira/secure/viewavatar?size=xsmall&amp;avatarId=21133&amp;avatarType=issuetype">Bug</type>
                                            <priority id="3" iconUrl="https://issues.apache.org/jira/images/icons/priorities/major.svg">Major</priority>
                        <status id="5" iconUrl="https://issues.apache.org/jira/images/icons/statuses/resolved.png" description="A resolution has been taken, and it is awaiting verification by reporter. From here issues are either reopened, or are closed.">Resolved</status>
                    <statusCategory id="3" key="done" colorName="green"/>
                                    <resolution id="10004">Not A Bug</resolution>
                                        <assignee username="-1">Unassigned</assignee>
                                    <reporter username="newgro">Per Newgro</reporter>
                        <labels>
                            <label>enclosure</label>
                    </labels>
                <created>Tue, 4 Oct 2016 06:53:42 +0000</created>
                <updated>Sat, 15 Oct 2016 22:37:22 +0000</updated>
                            <resolved>Sat, 15 Oct 2016 22:37:21 +0000</resolved>
                                    <version>7.4.0</version>
                                                    <component>wicket</component>
                        <due></due>
                            <votes>0</votes>
                                    <watches>2</watches>
                                                                <comments>
                            <comment id="15578854" author="mgrigorov" created="Sat, 15 Oct 2016 22:34:23 +0000"  >&lt;p&gt;The problem is that you re-create the links in onConfigure() for each rendering.&lt;br/&gt;
By just renaming foo.wicket.html.paging.stateless.StatelessSimplePagingNavigator#onConfigure() to foo.wicket.html.paging.stateless.StatelessSimplePagingNavigator#onInitialize() fixes the unit tests.&lt;/p&gt;</comment>
                    </comments>
                    <attachments>
                            <attachment id="12831475" name="poc-stateless-pagination.zip" size="36617" author="newgro" created="Tue, 4 Oct 2016 06:54:45 +0000"/>
                    </attachments>
                <subtasks>
                    </subtasks>
                <customfields>
                                                <customfield id="customfield_12310310" key="com.atlassian.jira.toolkit:attachments">
                        <customfieldname>Attachment count</customfieldname>
                        <customfieldvalues>
                            <customfieldvalue>1.0</customfieldvalue>
                        </customfieldvalues>
                    </customfield>
                                                                                                                                                                                                                                                                                                                                                                                                                                                                                                                                                                                        <customfield id="customfield_12310220" key="com.atlassian.jira.ext.charting:firstresponsedate">
                        <customfieldname>Date of First Response</customfieldname>
                        <customfieldvalues>
                            <customfieldvalue>Sat, 15 Oct 2016 22:34:23 +0000</customfieldvalue>

                        </customfieldvalues>
                    </customfield>
                                                                                                                        <customfield id="customfield_12313422" key="com.atlassian.jirafisheyeplugin:jobcheckbox">
                        <customfieldname>Enable Automatic Patch Review</customfieldname>
                        <customfieldvalues>
                            <customfieldvalue><![CDATA[false]]></customfieldvalue>

                        </customfieldvalues>
                    </customfield>
                                                                                                                                                                                                                                                                                                                                                                                                                                                                        <customfield id="customfield_12310420" key="com.pyxis.greenhopper.jira:gh-global-rank">
                        <customfieldname>Global Rank</customfieldname>
                        <customfieldvalues>
                            <customfieldvalue>9223372036854775807</customfieldvalue>
                        </customfieldvalues>
                    </customfield>
                                                                                                                        <customfield id="customfield_12312521" key="com.atlassian.jira.toolkit:LastCommentDate">
                        <customfieldname>Last public comment date</customfieldname>
                        <customfieldvalues>
                            2 years, 25 weeks, 1 day ago
                        </customfieldvalues>
                    </customfield>
                                                                                                                                                    <customfield id="customfield_12311820" key="com.pyxis.greenhopper.jira:gh-lexo-rank">
                        <customfieldname>Rank</customfieldname>
                        <customfieldvalues>
                            <customfieldvalue>0|i34ecv:</customfieldvalue>

                        </customfieldvalues>
                    </customfield>
                                                                <customfield id="customfield_12310920" key="com.pyxis.greenhopper.jira:gh-global-rank">
                        <customfieldname>Rank (Obsolete)</customfieldname>
                        <customfieldvalues>
                            <customfieldvalue>9223372036854775807</customfieldvalue>
                        </customfieldvalues>
                    </customfield>
                                                                                                                                                                                                                                                                                                                            <customfield id="customfield_12310222" key="com.atlassian.jira.ext.charting:timeinstatus">
                        <customfieldname>Time in Status</customfieldname>
                        <customfieldvalues>
                            
                        </customfieldvalues>
                    </customfield>
                                    </customfields>
    </item>


<item>
            <title>[WICKET-6251] wicket 7.3+ breaks custom markup supplied by getMarkupResourceStream</title>
                <link>https://issues.apache.org/jira/browse/WICKET-6251</link>
                <project id="12310561" key="WICKET">Wicket</project>
                    <description>&lt;p&gt;Issue see here: &lt;a href=&quot;http://markmail.org/message/d4w4ffwcdbaehltv#query:+page:1+mid:d4w4ffwcdbaehltv+state:results&quot; class=&quot;external-link&quot; rel=&quot;nofollow&quot;&gt;http://markmail.org/message/d4w4ffwcdbaehltv#query:+page:1+mid:d4w4ffwcdbaehltv+state:results&lt;/a&gt;&lt;/p&gt;

&lt;p&gt;; quickstart attached&lt;/p&gt;

&lt;p&gt;if you start quickstart all works; if you upgrade quickstart to use wicket 7.3 or 7.4 it breaks;&lt;/p&gt;</description>
                <environment>independent</environment>
        <key id="13009266">WICKET-6251</key>
            <summary>wicket 7.3+ breaks custom markup supplied by getMarkupResourceStream</summary>
                <type id="1" iconUrl="https://issues.apache.org/jira/secure/viewavatar?size=xsmall&amp;avatarId=21133&amp;avatarType=issuetype">Bug</type>
                                            <priority id="3" iconUrl="https://issues.apache.org/jira/images/icons/priorities/major.svg">Major</priority>
                        <status id="5" iconUrl="https://issues.apache.org/jira/images/icons/statuses/resolved.png" description="A resolution has been taken, and it is awaiting verification by reporter. From here issues are either reopened, or are closed.">Resolved</status>
                    <statusCategory id="3" key="done" colorName="green"/>
                                    <resolution id="2">Won&apos;t Fix</resolution>
                                        <assignee username="-1">Unassigned</assignee>
                                    <reporter username="kbachl">Korbinian Bachl</reporter>
                        <labels>
                    </labels>
                <created>Mon, 3 Oct 2016 15:56:06 +0000</created>
                <updated>Mon, 31 Oct 2016 20:22:18 +0000</updated>
                            <resolved>Mon, 31 Oct 2016 20:22:18 +0000</resolved>
                                    <version>7.3.0</version>
                    <version>7.4.0</version>
                                                    <component>wicket</component>
                        <due></due>
                            <votes>0</votes>
                                    <watches>2</watches>
                                                                <comments>
                            <comment id="15542735" author="kbachl" created="Mon, 3 Oct 2016 15:57:07 +0000"  >&lt;p&gt;The quickstart with the problem; Defaults to wicket 7.2 and works, any usage of wicket 7.3 or 7.4 breaks it;&lt;/p&gt;</comment>
                            <comment id="15623296" author="mgrigorov" created="Mon, 31 Oct 2016 20:22:18 +0000"  >&lt;p&gt;Wicket 6.x behaves the same way as 7.3.0+, so I&apos;d say this was a regression in 7.0.0-7.2.0.&lt;/p&gt;

&lt;p&gt;As &lt;a href=&quot;https://issues.apache.org/jira/secure/ViewProfile.jspa?name=svenmeier&quot; class=&quot;user-hover&quot; rel=&quot;svenmeier&quot;&gt;Sven Meier&lt;/a&gt; suggested on the mailing lists you can still trigger the loading of the markup in an earlier phase than rendering with:&lt;/p&gt;
&lt;div class=&quot;code panel&quot; style=&quot;border-width: 1px;&quot;&gt;&lt;div class=&quot;codeContent panelContent&quot;&gt;
&lt;pre class=&quot;code-java&quot;&gt;
	@Override
	&lt;span class=&quot;code-keyword&quot;&gt;protected&lt;/span&gt; void onInitialize() {
		&lt;span class=&quot;code-keyword&quot;&gt;super&lt;/span&gt;.onInitialize();
		dequeue();
	}
&lt;/pre&gt;
&lt;/div&gt;&lt;/div&gt;</comment>
                    </comments>
                    <attachments>
                            <attachment id="12831338" name="quickstart.zip" size="52476" author="kbachl" created="Mon, 3 Oct 2016 15:57:07 +0000"/>
                    </attachments>
                <subtasks>
                    </subtasks>
                <customfields>
                                                <customfield id="customfield_12310310" key="com.atlassian.jira.toolkit:attachments">
                        <customfieldname>Attachment count</customfieldname>
                        <customfieldvalues>
                            <customfieldvalue>1.0</customfieldvalue>
                        </customfieldvalues>
                    </customfield>
                                                                                                                                                                                                                                                                                                                                                                                                                                                                                                                                                                                        <customfield id="customfield_12310220" key="com.atlassian.jira.ext.charting:firstresponsedate">
                        <customfieldname>Date of First Response</customfieldname>
                        <customfieldvalues>
                            <customfieldvalue>Mon, 31 Oct 2016 20:22:18 +0000</customfieldvalue>

                        </customfieldvalues>
                    </customfield>
                                                                                                                        <customfield id="customfield_12313422" key="com.atlassian.jirafisheyeplugin:jobcheckbox">
                        <customfieldname>Enable Automatic Patch Review</customfieldname>
                        <customfieldvalues>
                            <customfieldvalue><![CDATA[false]]></customfieldvalue>

                        </customfieldvalues>
                    </customfield>
                                                                                                                                                                                                                                                                                                                                                                                                                                                                        <customfield id="customfield_12310420" key="com.pyxis.greenhopper.jira:gh-global-rank">
                        <customfieldname>Global Rank</customfieldname>
                        <customfieldvalues>
                            <customfieldvalue>9223372036854775807</customfieldvalue>
                        </customfieldvalues>
                    </customfield>
                                                                                                                        <customfield id="customfield_12312521" key="com.atlassian.jira.toolkit:LastCommentDate">
                        <customfieldname>Last public comment date</customfieldname>
                        <customfieldvalues>
                            2 years, 22 weeks, 6 days ago
                        </customfieldvalues>
                    </customfield>
                                                                                                                                                    <customfield id="customfield_12311820" key="com.pyxis.greenhopper.jira:gh-lexo-rank">
                        <customfieldname>Rank</customfieldname>
                        <customfieldvalues>
                            <customfieldvalue>0|i34da7:</customfieldvalue>

                        </customfieldvalues>
                    </customfield>
                                                                <customfield id="customfield_12310920" key="com.pyxis.greenhopper.jira:gh-global-rank">
                        <customfieldname>Rank (Obsolete)</customfieldname>
                        <customfieldvalues>
                            <customfieldvalue>9223372036854775807</customfieldvalue>
                        </customfieldvalues>
                    </customfield>
                                                                                                                                                                                                                                                                                                                            <customfield id="customfield_12310222" key="com.atlassian.jira.ext.charting:timeinstatus">
                        <customfieldname>Time in Status</customfieldname>
                        <customfieldvalues>
                            
                        </customfieldvalues>
                    </customfield>
                                    </customfields>
    </item>
</channel>
</rss>