<!--
RSS generated by JIRA (7.6.3#76005-sha1:8a4e38d34af948780dbf52044e7aafb13a7cae58) at Mon Apr 08 11:25:31 UTC 2019

It is possible to restrict the fields that are returned in this document by specifying the 'field' parameter in your request.
For example, to request only the issue key and summary append 'field=key&field=summary' to the URL of your request.
-->
<!-- If you wish to do custom client-side styling of RSS, uncomment this:
<?xml-stylesheet href="https://issues.apache.org/jira/styles/jiraxml2html.xsl" type="text/xsl"?>
-->
<rss version="0.92">
    <channel>
        <title>ASF JIRA</title>
        <link>https://issues.apache.org/jira/issues/?jql=project+%3D+WICKET+AND+issuetype+%3D+Bug+AND+created+%3E%3D+2015-12-01+AND+created+%3C%3D+2016-01-01</link>
        <description>An XML representation of a search request</description>
                <language>en-uk</language>
                        <issue start="0" end="4" total="4"/>
                <build-info>
            <version>7.6.3</version>
            <build-number>76005</build-number>
            <build-date>09-01-2018</build-date>
        </build-info>

<item>
            <title>[WICKET-6059] TransparentWebMarkupContainer can not resolve autocomponents in its parent</title>
                <link>https://issues.apache.org/jira/browse/WICKET-6059</link>
                <project id="12310561" key="WICKET">Wicket</project>
                    <description>&lt;p&gt;TransparentWebMarkupContainer cannot resolve autocomponents in its parent. This is caused by commit 50e9fb1.&lt;/p&gt;</description>
                <environment></environment>
        <key id="12924403">WICKET-6059</key>
            <summary>TransparentWebMarkupContainer can not resolve autocomponents in its parent</summary>
                <type id="1" iconUrl="https://issues.apache.org/jira/secure/viewavatar?size=xsmall&amp;avatarId=21133&amp;avatarType=issuetype">Bug</type>
                                            <priority id="3" iconUrl="https://issues.apache.org/jira/images/icons/priorities/major.svg">Major</priority>
                        <status id="6" iconUrl="https://issues.apache.org/jira/images/icons/statuses/closed.png" description="The issue is considered finished, the resolution is correct. Issues which are not closed can be reopened.">Closed</status>
                    <statusCategory id="3" key="done" colorName="green"/>
                                    <resolution id="1">Fixed</resolution>
                                        <assignee username="bitstorm">Andrea Del Bene</assignee>
                                    <reporter username="bitstorm">Andrea Del Bene</reporter>
                        <labels>
                    </labels>
                <created>Sun, 27 Dec 2015 16:41:56 +0000</created>
                <updated>Thu, 7 Jan 2016 09:22:48 +0000</updated>
                            <resolved>Thu, 7 Jan 2016 09:22:48 +0000</resolved>
                                    <version>7.1.0</version>
                    <version>8.0.0-M1</version>
                                    <fixVersion>7.2.0</fixVersion>
                    <fixVersion>8.0.0-M1</fixVersion>
                                        <due></due>
                            <votes>0</votes>
                                    <watches>2</watches>
                                                                <comments>
                            <comment id="15072186" author="jira-bot" created="Sun, 27 Dec 2015 16:47:03 +0000"  >&lt;p&gt;Commit 4f9f7ad4be700268a356d4c8add24daba1a0209d in wicket&apos;s branch refs/heads/master from &lt;a href=&quot;https://issues.apache.org/jira/secure/ViewProfile.jspa?name=bitstorm&quot; class=&quot;user-hover&quot; rel=&quot;bitstorm&quot;&gt;Andrea Del Bene&lt;/a&gt;&lt;br/&gt;
[ &lt;a href=&quot;https://git-wip-us.apache.org/repos/asf?p=wicket.git;h=4f9f7ad&quot; class=&quot;external-link&quot; rel=&quot;nofollow&quot;&gt;https://git-wip-us.apache.org/repos/asf?p=wicket.git;h=4f9f7ad&lt;/a&gt; ]&lt;/p&gt;

&lt;p&gt;&lt;a href=&quot;https://issues.apache.org/jira/browse/WICKET-6059&quot; title=&quot;TransparentWebMarkupContainer can not resolve autocomponents in its parent&quot; class=&quot;issue-link&quot; data-issue-key=&quot;WICKET-6059&quot;&gt;&lt;del&gt;WICKET-6059&lt;/del&gt;&lt;/a&gt; TransparentWebMarkupContainer can not resolve autocomponents in its parent&lt;/p&gt;</comment>
                            <comment id="15072189" author="jira-bot" created="Sun, 27 Dec 2015 17:22:20 +0000"  >&lt;p&gt;Commit d944d7b7d26105b483e2ef910484775c03e5a5d5 in wicket&apos;s branch refs/heads/wicket-7.x from &lt;a href=&quot;https://issues.apache.org/jira/secure/ViewProfile.jspa?name=bitstorm&quot; class=&quot;user-hover&quot; rel=&quot;bitstorm&quot;&gt;Andrea Del Bene&lt;/a&gt;&lt;br/&gt;
[ &lt;a href=&quot;https://git-wip-us.apache.org/repos/asf?p=wicket.git;h=d944d7b&quot; class=&quot;external-link&quot; rel=&quot;nofollow&quot;&gt;https://git-wip-us.apache.org/repos/asf?p=wicket.git;h=d944d7b&lt;/a&gt; ]&lt;/p&gt;

&lt;p&gt;&lt;a href=&quot;https://issues.apache.org/jira/browse/WICKET-6059&quot; title=&quot;TransparentWebMarkupContainer can not resolve autocomponents in its parent&quot; class=&quot;issue-link&quot; data-issue-key=&quot;WICKET-6059&quot;&gt;&lt;del&gt;WICKET-6059&lt;/del&gt;&lt;/a&gt; TransparentWebMarkupContainer can not resolve autocomponents in its parent&lt;/p&gt;</comment>
                            <comment id="15076534" author="jira-bot" created="Sat, 2 Jan 2016 15:10:46 +0000"  >&lt;p&gt;Commit 897c2c387ede7f2d71250f2ce878c52e010b534b in wicket&apos;s branch refs/heads/wicket-7.x from &lt;a href=&quot;https://issues.apache.org/jira/secure/ViewProfile.jspa?name=bitstorm&quot; class=&quot;user-hover&quot; rel=&quot;bitstorm&quot;&gt;Andrea Del Bene&lt;/a&gt;&lt;br/&gt;
[ &lt;a href=&quot;https://git-wip-us.apache.org/repos/asf?p=wicket.git;h=897c2c3&quot; class=&quot;external-link&quot; rel=&quot;nofollow&quot;&gt;https://git-wip-us.apache.org/repos/asf?p=wicket.git;h=897c2c3&lt;/a&gt; ]&lt;/p&gt;

&lt;p&gt;&lt;a href=&quot;https://issues.apache.org/jira/browse/WICKET-6059&quot; title=&quot;TransparentWebMarkupContainer can not resolve autocomponents in its parent&quot; class=&quot;issue-link&quot; data-issue-key=&quot;WICKET-6059&quot;&gt;&lt;del&gt;WICKET-6059&lt;/del&gt;&lt;/a&gt; improved test cases.&lt;/p&gt;</comment>
                            <comment id="15076544" author="jira-bot" created="Sat, 2 Jan 2016 15:21:28 +0000"  >&lt;p&gt;Commit 92a546f04897250e30f7a520079185b65f14b595 in wicket&apos;s branch refs/heads/master from &lt;a href=&quot;https://issues.apache.org/jira/secure/ViewProfile.jspa?name=bitstorm&quot; class=&quot;user-hover&quot; rel=&quot;bitstorm&quot;&gt;Andrea Del Bene&lt;/a&gt;&lt;br/&gt;
[ &lt;a href=&quot;https://git-wip-us.apache.org/repos/asf?p=wicket.git;h=92a546f&quot; class=&quot;external-link&quot; rel=&quot;nofollow&quot;&gt;https://git-wip-us.apache.org/repos/asf?p=wicket.git;h=92a546f&lt;/a&gt; ]&lt;/p&gt;

&lt;p&gt;&lt;a href=&quot;https://issues.apache.org/jira/browse/WICKET-6059&quot; title=&quot;TransparentWebMarkupContainer can not resolve autocomponents in its parent&quot; class=&quot;issue-link&quot; data-issue-key=&quot;WICKET-6059&quot;&gt;&lt;del&gt;WICKET-6059&lt;/del&gt;&lt;/a&gt; improved test cases.&lt;/p&gt;</comment>
                    </comments>
                    <attachments>
                    </attachments>
                <subtasks>
                    </subtasks>
                <customfields>
                                                <customfield id="customfield_12310310" key="com.atlassian.jira.toolkit:attachments">
                        <customfieldname>Attachment count</customfieldname>
                        <customfieldvalues>
                            <customfieldvalue>0.0</customfieldvalue>
                        </customfieldvalues>
                    </customfield>
                                                                                                                                                                                                                                                                                                                                                                                                                                                                                                                                                                                        <customfield id="customfield_12310220" key="com.atlassian.jira.ext.charting:firstresponsedate">
                        <customfieldname>Date of First Response</customfieldname>
                        <customfieldvalues>
                            <customfieldvalue>Sun, 27 Dec 2015 16:47:03 +0000</customfieldvalue>

                        </customfieldvalues>
                    </customfield>
                                                                                                                        <customfield id="customfield_12313422" key="com.atlassian.jirafisheyeplugin:jobcheckbox">
                        <customfieldname>Enable Automatic Patch Review</customfieldname>
                        <customfieldvalues>
                            <customfieldvalue><![CDATA[false]]></customfieldvalue>

                        </customfieldvalues>
                    </customfield>
                                                                                                                                                                                                                                                                                                                                                                                                                                                                        <customfield id="customfield_12310420" key="com.pyxis.greenhopper.jira:gh-global-rank">
                        <customfieldname>Global Rank</customfieldname>
                        <customfieldvalues>
                            <customfieldvalue>9223372036854775807</customfieldvalue>
                        </customfieldvalues>
                    </customfield>
                                                                                                                        <customfield id="customfield_12312521" key="com.atlassian.jira.toolkit:LastCommentDate">
                        <customfieldname>Last public comment date</customfieldname>
                        <customfieldvalues>
                            3 years, 14 weeks, 1 day ago
                        </customfieldvalues>
                    </customfield>
                                                                                                                                                    <customfield id="customfield_12311820" key="com.pyxis.greenhopper.jira:gh-lexo-rank">
                        <customfieldname>Rank</customfieldname>
                        <customfieldvalues>
                            <customfieldvalue>0|i2qbp3:</customfieldvalue>

                        </customfieldvalues>
                    </customfield>
                                                                <customfield id="customfield_12310920" key="com.pyxis.greenhopper.jira:gh-global-rank">
                        <customfieldname>Rank (Obsolete)</customfieldname>
                        <customfieldvalues>
                            <customfieldvalue>9223372036854775807</customfieldvalue>
                        </customfieldvalues>
                    </customfield>
                                                                                                                                                                                                                                                                                                                            <customfield id="customfield_12310222" key="com.atlassian.jira.ext.charting:timeinstatus">
                        <customfieldname>Time in Status</customfieldname>
                        <customfieldvalues>
                            
                        </customfieldvalues>
                    </customfield>
                                    </customfields>
    </item>


<item>
            <title>[WICKET-6058] Error in calculation of byte ranges</title>
                <link>https://issues.apache.org/jira/browse/WICKET-6058</link>
                <project id="12310561" key="WICKET">Wicket</project>
                    <description>&lt;p&gt;curl --range 0-99 &lt;a href=&quot;http://examples7x.wicket.apache.org/videos/wicket/resource/org.apache.wicket.examples.media.Home/video1-ver-538557E5F248D450160FC81033930591.mp4&quot; class=&quot;external-link&quot; rel=&quot;nofollow&quot;&gt;http://examples7x.wicket.apache.org/videos/wicket/resource/org.apache.wicket.examples.media.Home/video1-ver-538557E5F248D450160FC81033930591.mp4&lt;/a&gt; -o /dev/null &lt;/p&gt;

&lt;p&gt;returns 99 bytes and not 100 as expected in this document: &lt;/p&gt;

&lt;p&gt;&lt;a href=&quot;https://developer.apple.com/library/safari/documentation/AppleApplications/Reference/SafariWebContent/CreatingVideoforSafarioniPhone/CreatingVideoforSafarioniPhone.html#//apple_ref/doc/uid/TP40006514-SW6&quot; class=&quot;external-link&quot; rel=&quot;nofollow&quot;&gt;https://developer.apple.com/library/safari/documentation/AppleApplications/Reference/SafariWebContent/CreatingVideoforSafarioniPhone/CreatingVideoforSafarioniPhone.html#//apple_ref/doc/uid/TP40006514-SW6&lt;/a&gt;&lt;/p&gt;

&lt;p&gt;But this:&lt;/p&gt;

&lt;p&gt;curl --range 0-99 &lt;a href=&quot;http://media.w3.org/2010/05/video/movie_300.mp4&quot; class=&quot;external-link&quot; rel=&quot;nofollow&quot;&gt;http://media.w3.org/2010/05/video/movie_300.mp4&lt;/a&gt; -o /dev/null&lt;/p&gt;

&lt;p&gt;returns 100 bytes.&lt;/p&gt;

&lt;p&gt;So there is an issue in the byte range calculation.&lt;/p&gt;

&lt;p&gt;Fix PRs:&lt;br/&gt;
Wicket 7.x: &lt;a href=&quot;https://github.com/apache/wicket/pull/150&quot; class=&quot;external-link&quot; rel=&quot;nofollow&quot;&gt;https://github.com/apache/wicket/pull/150&lt;/a&gt;&lt;br/&gt;
Wicket 8.x: &lt;a href=&quot;https://github.com/apache/wicket/pull/149&quot; class=&quot;external-link&quot; rel=&quot;nofollow&quot;&gt;https://github.com/apache/wicket/pull/149&lt;/a&gt;&lt;/p&gt;

&lt;p&gt;Fixes:&lt;br/&gt;
Wicket 7.x: &lt;a href=&quot;https://github.com/apache/wicket/commit/b5ee0cbf5a1234524a57983c6bfacb2fdf8aeb97&quot; class=&quot;external-link&quot; rel=&quot;nofollow&quot;&gt;https://github.com/apache/wicket/commit/b5ee0cbf5a1234524a57983c6bfacb2fdf8aeb97&lt;/a&gt;&lt;br/&gt;
Wicket 8.x: &lt;a href=&quot;https://github.com/apache/wicket/commit/a169eb1125d93867c64377a8dc4066491ef510c7&quot; class=&quot;external-link&quot; rel=&quot;nofollow&quot;&gt;https://github.com/apache/wicket/commit/a169eb1125d93867c64377a8dc4066491ef510c7&lt;/a&gt;&lt;/p&gt;</description>
                <environment></environment>
        <key id="12924355">WICKET-6058</key>
            <summary>Error in calculation of byte ranges</summary>
                <type id="1" iconUrl="https://issues.apache.org/jira/secure/viewavatar?size=xsmall&amp;avatarId=21133&amp;avatarType=issuetype">Bug</type>
                                            <priority id="3" iconUrl="https://issues.apache.org/jira/images/icons/priorities/major.svg">Major</priority>
                        <status id="5" iconUrl="https://issues.apache.org/jira/images/icons/statuses/resolved.png" description="A resolution has been taken, and it is awaiting verification by reporter. From here issues are either reopened, or are closed.">Resolved</status>
                    <statusCategory id="3" key="done" colorName="green"/>
                                    <resolution id="1">Fixed</resolution>
                                        <assignee username="klopfdreh">Tobias Soloschenko</assignee>
                                    <reporter username="klopfdreh">Tobias Soloschenko</reporter>
                        <labels>
                    </labels>
                <created>Sat, 26 Dec 2015 13:02:19 +0000</created>
                <updated>Mon, 4 Jan 2016 12:26:46 +0000</updated>
                            <resolved>Sat, 26 Dec 2015 21:04:46 +0000</resolved>
                                    <version>7.1.0</version>
                    <version>8.0.0-M1</version>
                                    <fixVersion>7.2.0</fixVersion>
                    <fixVersion>8.0.0-M1</fixVersion>
                                    <component>wicket</component>
                        <due></due>
                            <votes>0</votes>
                                    <watches>4</watches>
                                                                <comments>
                            <comment id="15071878" author="klopfdreh" created="Sat, 26 Dec 2015 13:04:15 +0000"  >&lt;p&gt;Changes will be committed tomorrow in the morning.&lt;/p&gt;</comment>
                            <comment id="15071971" author="jira-bot" created="Sat, 26 Dec 2015 20:54:55 +0000"  >&lt;p&gt;Commit b5ee0cbf5a1234524a57983c6bfacb2fdf8aeb97 in wicket&apos;s branch refs/heads/wicket-7.x from &lt;a href=&quot;https://issues.apache.org/jira/secure/ViewProfile.jspa?name=klopfdreh&quot; class=&quot;user-hover&quot; rel=&quot;klopfdreh&quot;&gt;Tobias Soloschenko&lt;/a&gt;&lt;br/&gt;
[ &lt;a href=&quot;https://git-wip-us.apache.org/repos/asf?p=wicket.git;h=b5ee0cb&quot; class=&quot;external-link&quot; rel=&quot;nofollow&quot;&gt;https://git-wip-us.apache.org/repos/asf?p=wicket.git;h=b5ee0cb&lt;/a&gt; ]&lt;/p&gt;

&lt;p&gt;&lt;a href=&quot;https://issues.apache.org/jira/browse/WICKET-6058&quot; title=&quot;Error in calculation of byte ranges&quot; class=&quot;issue-link&quot; data-issue-key=&quot;WICKET-6058&quot;&gt;&lt;del&gt;WICKET-6058&lt;/del&gt;&lt;/a&gt; Fixes error in calculation of byte ranges&lt;/p&gt;</comment>
                            <comment id="15071973" author="jira-bot" created="Sat, 26 Dec 2015 20:59:49 +0000"  >&lt;p&gt;Commit a169eb1125d93867c64377a8dc4066491ef510c7 in wicket&apos;s branch refs/heads/master from &lt;a href=&quot;https://issues.apache.org/jira/secure/ViewProfile.jspa?name=klopfdreh&quot; class=&quot;user-hover&quot; rel=&quot;klopfdreh&quot;&gt;Tobias Soloschenko&lt;/a&gt;&lt;br/&gt;
[ &lt;a href=&quot;https://git-wip-us.apache.org/repos/asf?p=wicket.git;h=a169eb1&quot; class=&quot;external-link&quot; rel=&quot;nofollow&quot;&gt;https://git-wip-us.apache.org/repos/asf?p=wicket.git;h=a169eb1&lt;/a&gt; ]&lt;/p&gt;

&lt;p&gt;&lt;a href=&quot;https://issues.apache.org/jira/browse/WICKET-6058&quot; title=&quot;Error in calculation of byte ranges&quot; class=&quot;issue-link&quot; data-issue-key=&quot;WICKET-6058&quot;&gt;&lt;del&gt;WICKET-6058&lt;/del&gt;&lt;/a&gt; Fixes error in calculation of byte ranges&lt;/p&gt;</comment>
                    </comments>
                    <attachments>
                    </attachments>
                <subtasks>
                    </subtasks>
                <customfields>
                                                <customfield id="customfield_12310310" key="com.atlassian.jira.toolkit:attachments">
                        <customfieldname>Attachment count</customfieldname>
                        <customfieldvalues>
                            <customfieldvalue>0.0</customfieldvalue>
                        </customfieldvalues>
                    </customfield>
                                                                                                                                                                                                                                                                                                                                                                                                                                                                                                                                                                                        <customfield id="customfield_12310220" key="com.atlassian.jira.ext.charting:firstresponsedate">
                        <customfieldname>Date of First Response</customfieldname>
                        <customfieldvalues>
                            <customfieldvalue>Sat, 26 Dec 2015 20:54:55 +0000</customfieldvalue>

                        </customfieldvalues>
                    </customfield>
                                                                                                                        <customfield id="customfield_12313422" key="com.atlassian.jirafisheyeplugin:jobcheckbox">
                        <customfieldname>Enable Automatic Patch Review</customfieldname>
                        <customfieldvalues>
                            <customfieldvalue><![CDATA[false]]></customfieldvalue>

                        </customfieldvalues>
                    </customfield>
                                                                                                                                                                                                                                                                                                                                                                                                                                                                        <customfield id="customfield_12310420" key="com.pyxis.greenhopper.jira:gh-global-rank">
                        <customfieldname>Global Rank</customfieldname>
                        <customfieldvalues>
                            <customfieldvalue>9223372036854775807</customfieldvalue>
                        </customfieldvalues>
                    </customfield>
                                                                                                                        <customfield id="customfield_12312521" key="com.atlassian.jira.toolkit:LastCommentDate">
                        <customfieldname>Last public comment date</customfieldname>
                        <customfieldvalues>
                            3 years, 15 weeks, 1 day ago
                        </customfieldvalues>
                    </customfield>
                                                                                                                                                    <customfield id="customfield_12311820" key="com.pyxis.greenhopper.jira:gh-lexo-rank">
                        <customfieldname>Rank</customfieldname>
                        <customfieldvalues>
                            <customfieldvalue>0|i2qbef:</customfieldvalue>

                        </customfieldvalues>
                    </customfield>
                                                                <customfield id="customfield_12310920" key="com.pyxis.greenhopper.jira:gh-global-rank">
                        <customfieldname>Rank (Obsolete)</customfieldname>
                        <customfieldvalues>
                            <customfieldvalue>9223372036854775807</customfieldvalue>
                        </customfieldvalues>
                    </customfield>
                                                                                                                                                                                                                                                                                                                            <customfield id="customfield_12310222" key="com.atlassian.jira.ext.charting:timeinstatus">
                        <customfieldname>Time in Status</customfieldname>
                        <customfieldvalues>
                            
                        </customfieldvalues>
                    </customfield>
                                    </customfields>
    </item>


<item>
            <title>[WICKET-6052] CSS header contribution overlap</title>
                <link>https://issues.apache.org/jira/browse/WICKET-6052</link>
                <project id="12310561" key="WICKET">Wicket</project>
                    <description>&lt;p&gt;There is an overlap of css header contribution in the following case:&lt;/p&gt;

&lt;p&gt;A parent panel have a CSS HC (wicket:header + &amp;lt;style type=&quot;text/css&quot;&amp;gt;), a child panel also have a CSS HC.&lt;br/&gt;
If a child panel is completely newly added to the page via an ajax request, then the child CSS HC is not taken into account. I guess it is because both CSS HC share the same id...&lt;/p&gt;

&lt;div class=&quot;code panel&quot; style=&quot;border-width: 1px;&quot;&gt;&lt;div class=&quot;codeContent panelContent&quot;&gt;
&lt;pre class=&quot;code-html&quot;&gt;&lt;span class=&quot;code-tag&quot;&gt;&amp;lt;style type=&lt;span class=&quot;code-quote&quot;&gt;&quot;text/css&quot;&lt;/span&gt; id=&lt;span class=&quot;code-quote&quot;&gt;&quot;com-mycompany-panel-RedBox-0&quot;&lt;/span&gt;&amp;gt;&lt;/span&gt;
    .box {
        width: 150px;
        border: 2px solid black;
    }
&lt;span class=&quot;code-tag&quot;&gt;&amp;lt;/style&amp;gt;&lt;/span&gt;
&lt;span class=&quot;code-tag&quot;&gt;&amp;lt;style type=&lt;span class=&quot;code-quote&quot;&gt;&quot;text/css&quot;&lt;/span&gt; id=&lt;span class=&quot;code-quote&quot;&gt;&quot;com-mycompany-panel-RedBox-0&quot;&lt;/span&gt;&amp;gt;&lt;/span&gt;
    .red {
        background-color: red;
    }
&lt;span class=&quot;code-tag&quot;&gt;&amp;lt;/style&amp;gt;&lt;/span&gt;
&lt;/pre&gt;
&lt;/div&gt;&lt;/div&gt;</description>
                <environment></environment>
        <key id="12922765">WICKET-6052</key>
            <summary>CSS header contribution overlap</summary>
                <type id="1" iconUrl="https://issues.apache.org/jira/secure/viewavatar?size=xsmall&amp;avatarId=21133&amp;avatarType=issuetype">Bug</type>
                                            <priority id="3" iconUrl="https://issues.apache.org/jira/images/icons/priorities/major.svg">Major</priority>
                        <status id="5" iconUrl="https://issues.apache.org/jira/images/icons/statuses/resolved.png" description="A resolution has been taken, and it is awaiting verification by reporter. From here issues are either reopened, or are closed.">Resolved</status>
                    <statusCategory id="3" key="done" colorName="green"/>
                                    <resolution id="1">Fixed</resolution>
                                        <assignee username="sebfz1">Sebastien Briquet</assignee>
                                    <reporter username="sebfz1">Sebastien Briquet</reporter>
                        <labels>
                    </labels>
                <created>Thu, 17 Dec 2015 16:15:18 +0000</created>
                <updated>Thu, 24 Dec 2015 13:27:20 +0000</updated>
                            <resolved>Wed, 23 Dec 2015 08:48:20 +0000</resolved>
                                    <version>7.1.0</version>
                                    <fixVersion>7.2.0</fixVersion>
                    <fixVersion>8.0.0-M1</fixVersion>
                    <fixVersion>6.22.0</fixVersion>
                                    <component>wicket</component>
                        <due></due>
                            <votes>0</votes>
                                    <watches>4</watches>
                                                                <comments>
                            <comment id="15062256" author="sebfz1" created="Thu, 17 Dec 2015 16:19:13 +0000"  >&lt;p&gt;Attached quickstart&lt;/p&gt;</comment>
                            <comment id="15062283" author="sebfz1" created="Thu, 17 Dec 2015 16:34:22 +0000"  >&lt;p&gt;Replaced bad quickstart&lt;/p&gt;</comment>
                            <comment id="15065799" author="sebfz1" created="Sun, 20 Dec 2015 15:13:29 +0000"  >&lt;p&gt;Hi, I need another opinion about the way to solve this...&lt;/p&gt;

&lt;h4&gt;&lt;a name=&quot;Tosumup&quot;&gt;&lt;/a&gt;To sum-up&lt;/h4&gt;
&lt;p&gt;1/ The style&apos;s id is added by the HeadForceTagIdHandler markup filter:&lt;br/&gt;
MarkupParser: &lt;tt&gt;filters.add(new HeadForceTagIdHandler(containerInfo.getContainerClass()));&lt;/tt&gt;&lt;/p&gt;

&lt;p&gt;2/ The container-info actually holds the MarkupContainer class name (the final class), it is supplied to MarkupResourceStream through the DefaultMarkupResourceStreamProvider.&lt;br/&gt;
&lt;tt&gt;return new MarkupResourceStream(resourceStream, new ContainerInfo(container), containerClass);&lt;/tt&gt;&lt;br/&gt;
Note that containerClass is the real class&lt;/p&gt;

&lt;h4&gt;&lt;a name=&quot;Somefixsuggestions&quot;&gt;&lt;/a&gt;Some fix suggestions&lt;/h4&gt;

&lt;p&gt;a/ updating HeadForceTagIdHandler with a static counter, to obtain:&lt;/p&gt;
&lt;div class=&quot;code panel&quot; style=&quot;border-width: 1px;&quot;&gt;&lt;div class=&quot;codeContent panelContent&quot;&gt;
&lt;pre class=&quot;code-html&quot;&gt;&lt;span class=&quot;code-tag&quot;&gt;&amp;lt;style type=&lt;span class=&quot;code-quote&quot;&gt;&quot;text/css&quot;&lt;/span&gt; id=&lt;span class=&quot;code-quote&quot;&gt;&quot;com-mycompany-panel-RedBox-0&quot;&lt;/span&gt;&amp;gt;&lt;/span&gt;
    .box {
        width: 150px;
        border: 2px solid black;
    }
&lt;span class=&quot;code-tag&quot;&gt;&amp;lt;/style&amp;gt;&lt;/span&gt;
&lt;span class=&quot;code-tag&quot;&gt;&amp;lt;style type=&lt;span class=&quot;code-quote&quot;&gt;&quot;text/css&quot;&lt;/span&gt; id=&lt;span class=&quot;code-quote&quot;&gt;&quot;com-mycompany-panel-RedBox-1&quot;&lt;/span&gt;&amp;gt;&lt;/span&gt;
    .red {
        background-color: red;
    }
&lt;span class=&quot;code-tag&quot;&gt;&amp;lt;/style&amp;gt;&lt;/span&gt;
&lt;/pre&gt;
&lt;/div&gt;&lt;/div&gt;

&lt;p&gt;Not very nice, impact is supposed to be the lowest but it breaks several tests: InheritanceHeadTest, HeaderScopingTest...&lt;/p&gt;

&lt;p&gt;&lt;a href=&quot;https://github.com/sebfz1/wicket/commit/fb7c5301e3b843ced22a20cf30e42230d925789c&quot; class=&quot;external-link&quot; rel=&quot;nofollow&quot;&gt;https://github.com/sebfz1/wicket/commit/fb7c5301e3b843ced22a20cf30e42230d925789c&lt;/a&gt;&lt;/p&gt;

&lt;p&gt;b/ adding ContainerInfo (package visible?) ctor, to deal with the real class, and change call in DefaultMarkupResourceStreamProvider to obtain&lt;/p&gt;
&lt;div class=&quot;code panel&quot; style=&quot;border-width: 1px;&quot;&gt;&lt;div class=&quot;codeContent panelContent&quot;&gt;
&lt;pre class=&quot;code-html&quot;&gt;&lt;span class=&quot;code-tag&quot;&gt;&amp;lt;style type=&lt;span class=&quot;code-quote&quot;&gt;&quot;text/css&quot;&lt;/span&gt; id=&lt;span class=&quot;code-quote&quot;&gt;&quot;com-mycompany-panel-AbstractBox-0&quot;&lt;/span&gt;&amp;gt;&lt;/span&gt;
    .box {
        width: 150px;
        border: 2px solid black;
    }
&lt;span class=&quot;code-tag&quot;&gt;&amp;lt;/style&amp;gt;&lt;/span&gt;
&lt;span class=&quot;code-tag&quot;&gt;&amp;lt;style type=&lt;span class=&quot;code-quote&quot;&gt;&quot;text/css&quot;&lt;/span&gt; id=&lt;span class=&quot;code-quote&quot;&gt;&quot;com-mycompany-panel-RedBox-0&quot;&lt;/span&gt;&amp;gt;&lt;/span&gt;
    .red {
        background-color: red;
    }
&lt;span class=&quot;code-tag&quot;&gt;&amp;lt;/style&amp;gt;&lt;/span&gt;
&lt;/pre&gt;
&lt;/div&gt;&lt;/div&gt;

&lt;p&gt;Medium impact, breaks one test: HeaderScopingTest&lt;br/&gt;
Question: should MarkupFactory be changed too?&lt;/p&gt;

&lt;p&gt;&lt;a href=&quot;https://github.com/sebfz1/wicket/commit/41fcfc4ea96e2c2d88752f929ce99572f5b615a8&quot; class=&quot;external-link&quot; rel=&quot;nofollow&quot;&gt;https://github.com/sebfz1/wicket/commit/41fcfc4ea96e2c2d88752f929ce99572f5b615a8&lt;/a&gt;&lt;/p&gt;

&lt;p&gt;c/ I also tried to update MarkupResourceStream ctor but it just breaks everything...&lt;br/&gt;
Just FYI, &lt;a href=&quot;https://github.com/sebfz1/wicket/commit/cfaf97e889b48ec197c855388fc0d2908a57624d&quot; class=&quot;external-link&quot; rel=&quot;nofollow&quot;&gt;https://github.com/sebfz1/wicket/commit/cfaf97e889b48ec197c855388fc0d2908a57624d&lt;/a&gt;&lt;/p&gt;


&lt;p&gt;WDYT?&lt;br/&gt;
Please Let me know if is there other ways to investigate...&lt;/p&gt;

&lt;p&gt;Thanks in advance,&lt;br/&gt;
Sebastien.&lt;/p&gt;</comment>
                            <comment id="15068343" author="mgrigorov" created="Tue, 22 Dec 2015 16:21:45 +0000"  >&lt;p&gt;To me approach &lt;b&gt;b&lt;/b&gt; looks the best.&lt;/p&gt;</comment>
                            <comment id="15068348" author="sebfz1" created="Tue, 22 Dec 2015 16:25:57 +0000"  >&lt;p&gt;Thanks Martin. To me too actually...&lt;br/&gt;
I will try update the unit-test accordingly and do a PR asap for final review. By chance, it will be in the Christmas cut-off...&lt;br/&gt;
What branches need to be updated? master &amp;amp; wicket-7.x?&lt;/p&gt;</comment>
                            <comment id="15068357" author="mgrigorov" created="Tue, 22 Dec 2015 16:30:32 +0000"  >&lt;p&gt;wicket-6.x too, if it is broken too.&lt;br/&gt;
I may do the change for you tonight/tomorrow morning if you like. Martijn will cut 7.2.0 soon-ish...&lt;/p&gt;</comment>
                            <comment id="15068416" author="sebfz1" created="Tue, 22 Dec 2015 17:19:51 +0000"  >&lt;p&gt;Test corrected, I will do the PR for wicket-7.x in a few minutes&lt;br/&gt;
If you are ok to approve the PR, cherrypick to master &amp;amp; wicket-6.x, that would be great! &lt;img class=&quot;emoticon&quot; src=&quot;https://issues.apache.org/jira/images/icons/emoticons/smile.png&quot; height=&quot;16&quot; width=&quot;16&quot; align=&quot;absmiddle&quot; alt=&quot;&quot; border=&quot;0&quot;/&gt;&lt;br/&gt;
Btw, it repro on wicket-6.x...&lt;/p&gt;</comment>
                            <comment id="15068441" author="githubbot" created="Tue, 22 Dec 2015 17:34:59 +0000"  >&lt;p&gt;GitHub user sebfz1 opened a pull request:&lt;/p&gt;

&lt;p&gt;    &lt;a href=&quot;https://github.com/apache/wicket/pull/148&quot; class=&quot;external-link&quot; rel=&quot;nofollow&quot;&gt;https://github.com/apache/wicket/pull/148&lt;/a&gt;&lt;/p&gt;

&lt;p&gt;    &lt;a href=&quot;https://issues.apache.org/jira/browse/WICKET-6052&quot; title=&quot;CSS header contribution overlap&quot; class=&quot;issue-link&quot; data-issue-key=&quot;WICKET-6052&quot;&gt;&lt;del&gt;WICKET-6052&lt;/del&gt;&lt;/a&gt; CSS header contribution overlap&lt;/p&gt;



&lt;p&gt;You can merge this pull request into a Git repository by running:&lt;/p&gt;

&lt;p&gt;    $ git pull &lt;a href=&quot;https://github.com/sebfz1/wicket&quot; class=&quot;external-link&quot; rel=&quot;nofollow&quot;&gt;https://github.com/sebfz1/wicket&lt;/a&gt; &lt;a href=&quot;https://issues.apache.org/jira/browse/WICKET-6052&quot; title=&quot;CSS header contribution overlap&quot; class=&quot;issue-link&quot; data-issue-key=&quot;WICKET-6052&quot;&gt;&lt;del&gt;WICKET-6052&lt;/del&gt;&lt;/a&gt;&lt;/p&gt;

&lt;p&gt;Alternatively you can review and apply these changes as the patch at:&lt;/p&gt;

&lt;p&gt;    &lt;a href=&quot;https://github.com/apache/wicket/pull/148.patch&quot; class=&quot;external-link&quot; rel=&quot;nofollow&quot;&gt;https://github.com/apache/wicket/pull/148.patch&lt;/a&gt;&lt;/p&gt;

&lt;p&gt;To close this pull request, make a commit to your master/trunk branch&lt;br/&gt;
with (at least) the following in the commit message:&lt;/p&gt;

&lt;p&gt;    This closes #148&lt;/p&gt;

&lt;hr /&gt;
&lt;p&gt;commit 4835bee496ac917ddf0660c1c69fd2f7efd56e68&lt;br/&gt;
Author: Sebastien &amp;lt;sebfz1@gmail.com&amp;gt;&lt;br/&gt;
Date:   2015-12-20T14:04:59Z&lt;/p&gt;

&lt;p&gt;    &lt;a href=&quot;https://issues.apache.org/jira/browse/WICKET-6052&quot; title=&quot;CSS header contribution overlap&quot; class=&quot;issue-link&quot; data-issue-key=&quot;WICKET-6052&quot;&gt;&lt;del&gt;WICKET-6052&lt;/del&gt;&lt;/a&gt; CSS header contribution overlap&lt;/p&gt;

&lt;hr /&gt;</comment>
                            <comment id="15069382" author="mgrigorov" created="Wed, 23 Dec 2015 08:36:01 +0000"  >&lt;p&gt;Merging it ...&lt;/p&gt;</comment>
                            <comment id="15069386" author="jira-bot" created="Wed, 23 Dec 2015 08:44:45 +0000"  >&lt;p&gt;Commit 4835bee496ac917ddf0660c1c69fd2f7efd56e68 in wicket&apos;s branch refs/heads/wicket-7.x from &lt;a href=&quot;https://issues.apache.org/jira/secure/ViewProfile.jspa?name=sebfz1&quot; class=&quot;user-hover&quot; rel=&quot;sebfz1&quot;&gt;Sebastien Briquet&lt;/a&gt;&lt;br/&gt;
[ &lt;a href=&quot;https://git-wip-us.apache.org/repos/asf?p=wicket.git;h=4835bee&quot; class=&quot;external-link&quot; rel=&quot;nofollow&quot;&gt;https://git-wip-us.apache.org/repos/asf?p=wicket.git;h=4835bee&lt;/a&gt; ]&lt;/p&gt;

&lt;p&gt;&lt;a href=&quot;https://issues.apache.org/jira/browse/WICKET-6052&quot; title=&quot;CSS header contribution overlap&quot; class=&quot;issue-link&quot; data-issue-key=&quot;WICKET-6052&quot;&gt;&lt;del&gt;WICKET-6052&lt;/del&gt;&lt;/a&gt; CSS header contribution overlap&lt;/p&gt;</comment>
                            <comment id="15069387" author="jira-bot" created="Wed, 23 Dec 2015 08:44:46 +0000"  >&lt;p&gt;Commit 4b141ccffe7c9422c527bab86725f1c905a31fa6 in wicket&apos;s branch refs/heads/wicket-7.x from &lt;a href=&quot;https://issues.apache.org/jira/secure/ViewProfile.jspa?name=mgrigorov&quot; class=&quot;user-hover&quot; rel=&quot;mgrigorov&quot;&gt;Martin Grigorov&lt;/a&gt;&lt;br/&gt;
[ &lt;a href=&quot;https://git-wip-us.apache.org/repos/asf?p=wicket.git;h=4b141cc&quot; class=&quot;external-link&quot; rel=&quot;nofollow&quot;&gt;https://git-wip-us.apache.org/repos/asf?p=wicket.git;h=4b141cc&lt;/a&gt; ]&lt;/p&gt;

&lt;p&gt;Merge branch &apos;pr-148-&lt;a href=&quot;https://issues.apache.org/jira/browse/WICKET-6052&quot; title=&quot;CSS header contribution overlap&quot; class=&quot;issue-link&quot; data-issue-key=&quot;WICKET-6052&quot;&gt;&lt;del&gt;WICKET-6052&lt;/del&gt;&lt;/a&gt;&apos; into wicket-7.x&lt;/p&gt;</comment>
                            <comment id="15069389" author="jira-bot" created="Wed, 23 Dec 2015 08:45:22 +0000"  >&lt;p&gt;Commit ffdefe28e9d89eb8c376f493a4b03e5c91dc7f26 in wicket&apos;s branch refs/heads/wicket-6.x from &lt;a href=&quot;https://issues.apache.org/jira/secure/ViewProfile.jspa?name=sebfz1&quot; class=&quot;user-hover&quot; rel=&quot;sebfz1&quot;&gt;Sebastien Briquet&lt;/a&gt;&lt;br/&gt;
[ &lt;a href=&quot;https://git-wip-us.apache.org/repos/asf?p=wicket.git;h=ffdefe2&quot; class=&quot;external-link&quot; rel=&quot;nofollow&quot;&gt;https://git-wip-us.apache.org/repos/asf?p=wicket.git;h=ffdefe2&lt;/a&gt; ]&lt;/p&gt;

&lt;p&gt;&lt;a href=&quot;https://issues.apache.org/jira/browse/WICKET-6052&quot; title=&quot;CSS header contribution overlap&quot; class=&quot;issue-link&quot; data-issue-key=&quot;WICKET-6052&quot;&gt;&lt;del&gt;WICKET-6052&lt;/del&gt;&lt;/a&gt; CSS header contribution overlap&lt;/p&gt;</comment>
                            <comment id="15069390" author="jira-bot" created="Wed, 23 Dec 2015 08:45:41 +0000"  >&lt;p&gt;Commit 4f125657ced04409bb7026fde7c774b71074c2c4 in wicket&apos;s branch refs/heads/master from &lt;a href=&quot;https://issues.apache.org/jira/secure/ViewProfile.jspa?name=sebfz1&quot; class=&quot;user-hover&quot; rel=&quot;sebfz1&quot;&gt;Sebastien Briquet&lt;/a&gt;&lt;br/&gt;
[ &lt;a href=&quot;https://git-wip-us.apache.org/repos/asf?p=wicket.git;h=4f12565&quot; class=&quot;external-link&quot; rel=&quot;nofollow&quot;&gt;https://git-wip-us.apache.org/repos/asf?p=wicket.git;h=4f12565&lt;/a&gt; ]&lt;/p&gt;

&lt;p&gt;&lt;a href=&quot;https://issues.apache.org/jira/browse/WICKET-6052&quot; title=&quot;CSS header contribution overlap&quot; class=&quot;issue-link&quot; data-issue-key=&quot;WICKET-6052&quot;&gt;&lt;del&gt;WICKET-6052&lt;/del&gt;&lt;/a&gt; CSS header contribution overlap&lt;/p&gt;</comment>
                            <comment id="15069391" author="githubbot" created="Wed, 23 Dec 2015 08:45:48 +0000"  >&lt;p&gt;Github user asfgit closed the pull request at:&lt;/p&gt;

&lt;p&gt;    &lt;a href=&quot;https://github.com/apache/wicket/pull/148&quot; class=&quot;external-link&quot; rel=&quot;nofollow&quot;&gt;https://github.com/apache/wicket/pull/148&lt;/a&gt;&lt;/p&gt;</comment>
                            <comment id="15069409" author="sebfz1" created="Wed, 23 Dec 2015 09:07:45 +0000"  >&lt;p&gt;Thank you very much Martin!! &lt;img class=&quot;emoticon&quot; src=&quot;https://issues.apache.org/jira/images/icons/emoticons/smile.png&quot; height=&quot;16&quot; width=&quot;16&quot; align=&quot;absmiddle&quot; alt=&quot;&quot; border=&quot;0&quot;/&gt;&lt;/p&gt;</comment>
                            <comment id="15069432" author="githubbot" created="Wed, 23 Dec 2015 09:39:28 +0000"  >&lt;p&gt;Github user klopfdreh commented on the pull request:&lt;/p&gt;

&lt;p&gt;    &lt;a href=&quot;https://github.com/apache/wicket/pull/148#issuecomment-166846713&quot; class=&quot;external-link&quot; rel=&quot;nofollow&quot;&gt;https://github.com/apache/wicket/pull/148#issuecomment-166846713&lt;/a&gt;&lt;/p&gt;

&lt;p&gt;    Hi &lt;img class=&quot;emoticon&quot; src=&quot;https://issues.apache.org/jira/images/icons/emoticons/smile.png&quot; height=&quot;16&quot; width=&quot;16&quot; align=&quot;absmiddle&quot; alt=&quot;&quot; border=&quot;0&quot;/&gt;&lt;/p&gt;

&lt;p&gt;    Is this also relevant for master? &lt;/p&gt;

&lt;p&gt;    Then we should cherypick it to master.&lt;/p&gt;</comment>
                            <comment id="15069436" author="mgrigorov" created="Wed, 23 Dec 2015 09:42:17 +0000"  >&lt;p&gt;Branch: refs/heads/master&lt;br/&gt;
Commit: 4f125657ced04409bb7026fde7c774b71074c2c4&lt;br/&gt;
Parents: e49e041&lt;/p&gt;</comment>
                            <comment id="15069438" author="githubbot" created="Wed, 23 Dec 2015 09:43:07 +0000"  >&lt;p&gt;Github user martin-g commented on the pull request:&lt;/p&gt;

&lt;p&gt;    &lt;a href=&quot;https://github.com/apache/wicket/pull/148#issuecomment-166847659&quot; class=&quot;external-link&quot; rel=&quot;nofollow&quot;&gt;https://github.com/apache/wicket/pull/148#issuecomment-166847659&lt;/a&gt;&lt;/p&gt;

&lt;p&gt;    Branch: refs/heads/master&lt;br/&gt;
    Commit: 4f125657ced04409bb7026fde7c774b71074c2c4&lt;br/&gt;
    Parents: e49e041&lt;/p&gt;</comment>
                            <comment id="15069444" author="githubbot" created="Wed, 23 Dec 2015 09:52:49 +0000"  >&lt;p&gt;Github user klopfdreh commented on the pull request:&lt;/p&gt;

&lt;p&gt;    &lt;a href=&quot;https://github.com/apache/wicket/pull/148#issuecomment-166850198&quot; class=&quot;external-link&quot; rel=&quot;nofollow&quot;&gt;https://github.com/apache/wicket/pull/148#issuecomment-166850198&lt;/a&gt;&lt;/p&gt;

&lt;p&gt;    Thanks! ��&lt;/p&gt;</comment>
                            <comment id="15070695" author="mgrigorov" created="Thu, 24 Dec 2015 07:24:03 +0000"  >&lt;p&gt;&lt;a href=&quot;https://issues.apache.org/jira/secure/ViewProfile.jspa?name=sebfz1&quot; class=&quot;user-hover&quot; rel=&quot;sebfz1&quot;&gt;Sebastien Briquet&lt;/a&gt; Could you please add the quickstart as a test case when you have time ?&lt;br/&gt;
Thanks!&lt;br/&gt;
Merry Christmas!&lt;/p&gt;</comment>
                            <comment id="15071004" author="sebfz1" created="Thu, 24 Dec 2015 13:27:20 +0000"  >&lt;p&gt;Hi Martin,&lt;/p&gt;

&lt;p&gt;Sure, I will do it next week!&lt;/p&gt;

&lt;p&gt;Merry Christmas to you too! &lt;img class=&quot;emoticon&quot; src=&quot;https://issues.apache.org/jira/images/icons/emoticons/smile.png&quot; height=&quot;16&quot; width=&quot;16&quot; align=&quot;absmiddle&quot; alt=&quot;&quot; border=&quot;0&quot;/&gt;&lt;/p&gt;</comment>
                    </comments>
                    <attachments>
                            <attachment id="12778275" name="WICKET-6052.zip" size="81239" author="sebfz1" created="Thu, 17 Dec 2015 16:34:22 +0000"/>
                    </attachments>
                <subtasks>
                    </subtasks>
                <customfields>
                                                <customfield id="customfield_12310310" key="com.atlassian.jira.toolkit:attachments">
                        <customfieldname>Attachment count</customfieldname>
                        <customfieldvalues>
                            <customfieldvalue>1.0</customfieldvalue>
                        </customfieldvalues>
                    </customfield>
                                                                                                                                                                                                                                                                                                                                                                                                                                                                                                                                                                                        <customfield id="customfield_12310220" key="com.atlassian.jira.ext.charting:firstresponsedate">
                        <customfieldname>Date of First Response</customfieldname>
                        <customfieldvalues>
                            <customfieldvalue>Tue, 22 Dec 2015 16:21:45 +0000</customfieldvalue>

                        </customfieldvalues>
                    </customfield>
                                                                                                                        <customfield id="customfield_12313422" key="com.atlassian.jirafisheyeplugin:jobcheckbox">
                        <customfieldname>Enable Automatic Patch Review</customfieldname>
                        <customfieldvalues>
                            <customfieldvalue><![CDATA[false]]></customfieldvalue>

                        </customfieldvalues>
                    </customfield>
                                                                                                                                                                                                                                                                                                                                                                                                                                                                        <customfield id="customfield_12310420" key="com.pyxis.greenhopper.jira:gh-global-rank">
                        <customfieldname>Global Rank</customfieldname>
                        <customfieldvalues>
                            <customfieldvalue>9223372036854775807</customfieldvalue>
                        </customfieldvalues>
                    </customfield>
                                                                                                                        <customfield id="customfield_12312521" key="com.atlassian.jira.toolkit:LastCommentDate">
                        <customfieldname>Last public comment date</customfieldname>
                        <customfieldvalues>
                            3 years, 15 weeks, 3 days ago
                        </customfieldvalues>
                    </customfield>
                                                                                                                                                    <customfield id="customfield_12311820" key="com.pyxis.greenhopper.jira:gh-lexo-rank">
                        <customfieldname>Rank</customfieldname>
                        <customfieldvalues>
                            <customfieldvalue>0|i2q1nz:</customfieldvalue>

                        </customfieldvalues>
                    </customfield>
                                                                <customfield id="customfield_12310920" key="com.pyxis.greenhopper.jira:gh-global-rank">
                        <customfieldname>Rank (Obsolete)</customfieldname>
                        <customfieldvalues>
                            <customfieldvalue>9223372036854775807</customfieldvalue>
                        </customfieldvalues>
                    </customfield>
                                                                                                                                                                                                                                                                                                                            <customfield id="customfield_12310222" key="com.atlassian.jira.ext.charting:timeinstatus">
                        <customfieldname>Time in Status</customfieldname>
                        <customfieldvalues>
                            
                        </customfieldvalues>
                    </customfield>
                                    </customfields>
    </item>


<item>
            <title>[WICKET-6050] Wicket Ajax (Wicket.From.serializeElement) causes 400 bad request</title>
                <link>https://issues.apache.org/jira/browse/WICKET-6050</link>
                <project id="12310561" key="WICKET">Wicket</project>
                    <description>&lt;p&gt;Due to the recent change (&lt;a href=&quot;https://issues.apache.org/jira/browse/WICKET-5948&quot; title=&quot;wicket-ajax.js probably doesn&amp;#39;t traverse the children of &amp;lt;div&amp;gt; or &amp;lt;span&amp;gt;&quot; class=&quot;issue-link&quot; data-issue-key=&quot;WICKET-5948&quot;&gt;&lt;del&gt;WICKET-5948&lt;/del&gt;&lt;/a&gt;) in Wicket Ajax (JavaScript), Ajax calls add nested form element values as request parameters and result HTTP status code 400 when URL gets too long.&lt;br/&gt;
This happens when you add an Ajax behavior (custom event triggered from JavaScript) to a DOM element with nested form fields.&lt;/p&gt;</description>
                <environment></environment>
        <key id="12921602">WICKET-6050</key>
            <summary>Wicket Ajax (Wicket.From.serializeElement) causes 400 bad request</summary>
                <type id="1" iconUrl="https://issues.apache.org/jira/secure/viewavatar?size=xsmall&amp;avatarId=21133&amp;avatarType=issuetype">Bug</type>
                                            <priority id="3" iconUrl="https://issues.apache.org/jira/images/icons/priorities/major.svg">Major</priority>
                        <status id="5" iconUrl="https://issues.apache.org/jira/images/icons/statuses/resolved.png" description="A resolution has been taken, and it is awaiting verification by reporter. From here issues are either reopened, or are closed.">Resolved</status>
                    <statusCategory id="3" key="done" colorName="green"/>
                                    <resolution id="1">Fixed</resolution>
                                        <assignee username="mgrigorov">Martin Grigorov</assignee>
                                    <reporter username="rakesh.a">Rakesh A</reporter>
                        <labels>
                    </labels>
                <created>Mon, 14 Dec 2015 08:52:47 +0000</created>
                <updated>Thu, 24 Dec 2015 13:25:43 +0000</updated>
                            <resolved>Thu, 24 Dec 2015 13:25:43 +0000</resolved>
                                    <version>6.21.0</version>
                                    <fixVersion>7.2.0</fixVersion>
                    <fixVersion>8.0.0-M1</fixVersion>
                    <fixVersion>6.22.0</fixVersion>
                                    <component>wicket</component>
                        <due></due>
                            <votes>0</votes>
                                    <watches>4</watches>
                                                                <comments>
                            <comment id="15055649" author="rakesh.a" created="Mon, 14 Dec 2015 08:53:20 +0000"  >&lt;p&gt;Attached quick start.&lt;br/&gt;
Quick start tries to integrate JQuery UI&apos;s &apos;Resizable&apos; component. A Wicket Ajax behavior is used to initialize &apos;Resizable&apos; component and add ajax callback to resize &apos;stop&apos; event.&lt;br/&gt;
The panel&lt;span class=&quot;error&quot;&gt;&amp;#91;div&amp;#93;&lt;/span&gt; to which, this behavior is added contains two text fields.&lt;/p&gt;</comment>
                            <comment id="15055658" author="rakesh.a" created="Mon, 14 Dec 2015 08:58:51 +0000"  >&lt;p&gt;Please find the original discussion at &lt;a href=&quot;http://apache-wicket.1842946.n4.nabble.com/Wicket-Ajax-adding-all-form-component-values-to-request-parameters-td4672911.html&quot; class=&quot;external-link&quot; rel=&quot;nofollow&quot;&gt;http://apache-wicket.1842946.n4.nabble.com/Wicket-Ajax-adding-all-form-component-values-to-request-parameters-td4672911.html&lt;/a&gt;&lt;/p&gt;</comment>
                            <comment id="15055669" author="rakesh.a" created="Mon, 14 Dec 2015 09:06:25 +0000"  >&lt;p&gt;By adding Wicket.Form.excludeFromAjaxSerialization&lt;span class=&quot;error&quot;&gt;&amp;#91;markupId&amp;#93;&lt;/span&gt; = &apos;true&apos;; it probably can be avoided, but this needs to be done to all behaviors that were written prior to v6.21.0 (consider behaviors written for UI component integration - WiQuery, etc).&lt;/p&gt;

&lt;p&gt;&lt;a href=&quot;https://issues.apache.org/jira/browse/WICKET-5948&quot; title=&quot;wicket-ajax.js probably doesn&amp;#39;t traverse the children of &amp;lt;div&amp;gt; or &amp;lt;span&amp;gt;&quot; class=&quot;issue-link&quot; data-issue-key=&quot;WICKET-5948&quot;&gt;&lt;del&gt;WICKET-5948&lt;/del&gt;&lt;/a&gt; change in 6.21.0 has more impact I think.&lt;/p&gt;</comment>
                            <comment id="15055706" author="svenmeier" created="Mon, 14 Dec 2015 09:40:24 +0000"  >&lt;p&gt;This is a case where serializing all descendants (since &lt;a href=&quot;https://issues.apache.org/jira/browse/WICKET-5948&quot; title=&quot;wicket-ajax.js probably doesn&amp;#39;t traverse the children of &amp;lt;div&amp;gt; or &amp;lt;span&amp;gt;&quot; class=&quot;issue-link&quot; data-issue-key=&quot;WICKET-5948&quot;&gt;&lt;del&gt;WICKET-5948&lt;/del&gt;&lt;/a&gt;) is undesirable.&lt;/p&gt;

&lt;p&gt;Maybe we have to make this configurable? What would be the default though?&lt;/p&gt;</comment>
                            <comment id="15055761" author="mgrigorov" created="Mon, 14 Dec 2015 10:20:20 +0000"  >&lt;p&gt;I think the functionality should be opt-in, i.e. only Ajax behaviors which want to serialize everything should explicitly ask for it. This way it will be backward compatible too.&lt;/p&gt;</comment>
                            <comment id="15055897" author="rakesh.a" created="Mon, 14 Dec 2015 12:06:51 +0000"  >&lt;p&gt;Yes, Ajax behaviors should not serialize nested form elements as default, and sub-classes can opt for it, if required.&lt;br/&gt;
A new &apos;Ajax attribute&apos; may be ?&lt;/p&gt;</comment>
                            <comment id="15070978" author="jira-bot" created="Thu, 24 Dec 2015 13:07:32 +0000"  >&lt;p&gt;Commit 1daec2ef2b6b9ae5ff4f60d42ed5d119cbaaf4a0 in wicket&apos;s branch refs/heads/wicket-7.x from &lt;a href=&quot;https://issues.apache.org/jira/secure/ViewProfile.jspa?name=mgrigorov&quot; class=&quot;user-hover&quot; rel=&quot;mgrigorov&quot;&gt;Martin Grigorov&lt;/a&gt;&lt;br/&gt;
[ &lt;a href=&quot;https://git-wip-us.apache.org/repos/asf?p=wicket.git;h=1daec2e&quot; class=&quot;external-link&quot; rel=&quot;nofollow&quot;&gt;https://git-wip-us.apache.org/repos/asf?p=wicket.git;h=1daec2e&lt;/a&gt; ]&lt;/p&gt;

&lt;p&gt;&lt;a href=&quot;https://issues.apache.org/jira/browse/WICKET-6050&quot; title=&quot;Wicket Ajax (Wicket.From.serializeElement) causes 400 bad request&quot; class=&quot;issue-link&quot; data-issue-key=&quot;WICKET-6050&quot;&gt;&lt;del&gt;WICKET-6050&lt;/del&gt;&lt;/a&gt; Wicket Ajax (Wicket.From.serializeElement) causes 400 bad request&lt;br/&gt;
&lt;a href=&quot;https://issues.apache.org/jira/browse/WICKET-5948&quot; title=&quot;wicket-ajax.js probably doesn&amp;#39;t traverse the children of &amp;lt;div&amp;gt; or &amp;lt;span&amp;gt;&quot; class=&quot;issue-link&quot; data-issue-key=&quot;WICKET-5948&quot;&gt;&lt;del&gt;WICKET-5948&lt;/del&gt;&lt;/a&gt; wicket-ajax.js probably doesn&apos;t traverse the children of &amp;lt;div&amp;gt; or &amp;lt;span&amp;gt;&lt;br/&gt;
&lt;a href=&quot;https://issues.apache.org/jira/browse/WICKET-6006&quot; title=&quot;ModalWindow.closeCurrent() causes 414 status error&quot; class=&quot;issue-link&quot; data-issue-key=&quot;WICKET-6006&quot;&gt;&lt;del&gt;WICKET-6006&lt;/del&gt;&lt;/a&gt; ModalWindow.closeCurrent() causes 414 status error&lt;/p&gt;

&lt;p&gt;Introduce AjaxRequestAttributes#serializeRecursively with default value &apos;false&apos;.&lt;br/&gt;
This is a flag indicating whether to collect (submit) the name/value pairs for all HTML form elements children of the HTML element with the JavaScript listener&lt;/p&gt;</comment>
                            <comment id="15070985" author="jira-bot" created="Thu, 24 Dec 2015 13:14:26 +0000"  >&lt;p&gt;Commit 1d9c6b955553d72e36b029e44bc07e3206fa4e88 in wicket&apos;s branch refs/heads/wicket-6.x from &lt;a href=&quot;https://issues.apache.org/jira/secure/ViewProfile.jspa?name=mgrigorov&quot; class=&quot;user-hover&quot; rel=&quot;mgrigorov&quot;&gt;Martin Grigorov&lt;/a&gt;&lt;br/&gt;
[ &lt;a href=&quot;https://git-wip-us.apache.org/repos/asf?p=wicket.git;h=1d9c6b9&quot; class=&quot;external-link&quot; rel=&quot;nofollow&quot;&gt;https://git-wip-us.apache.org/repos/asf?p=wicket.git;h=1d9c6b9&lt;/a&gt; ]&lt;/p&gt;

&lt;p&gt;&lt;a href=&quot;https://issues.apache.org/jira/browse/WICKET-6050&quot; title=&quot;Wicket Ajax (Wicket.From.serializeElement) causes 400 bad request&quot; class=&quot;issue-link&quot; data-issue-key=&quot;WICKET-6050&quot;&gt;&lt;del&gt;WICKET-6050&lt;/del&gt;&lt;/a&gt; Wicket Ajax (Wicket.From.serializeElement) causes 400 bad request&lt;br/&gt;
&lt;a href=&quot;https://issues.apache.org/jira/browse/WICKET-5948&quot; title=&quot;wicket-ajax.js probably doesn&amp;#39;t traverse the children of &amp;lt;div&amp;gt; or &amp;lt;span&amp;gt;&quot; class=&quot;issue-link&quot; data-issue-key=&quot;WICKET-5948&quot;&gt;&lt;del&gt;WICKET-5948&lt;/del&gt;&lt;/a&gt; wicket-ajax.js probably doesn&apos;t traverse the children of &amp;lt;div&amp;gt; or &amp;lt;span&amp;gt;&lt;br/&gt;
&lt;a href=&quot;https://issues.apache.org/jira/browse/WICKET-6006&quot; title=&quot;ModalWindow.closeCurrent() causes 414 status error&quot; class=&quot;issue-link&quot; data-issue-key=&quot;WICKET-6006&quot;&gt;&lt;del&gt;WICKET-6006&lt;/del&gt;&lt;/a&gt; ModalWindow.closeCurrent() causes 414 status error&lt;/p&gt;

&lt;p&gt;Introduce AjaxRequestAttributes#serializeRecursively with default value &apos;false&apos;.&lt;br/&gt;
This is a flag indicating whether to collect (submit) the name/value pairs for all HTML form elements children of the HTML element with the JavaScript listener&lt;/p&gt;</comment>
                            <comment id="15070993" author="jira-bot" created="Thu, 24 Dec 2015 13:18:05 +0000"  >&lt;p&gt;Commit abd958d4eb128056bc7e57ab943dfc69c23b3925 in wicket&apos;s branch refs/heads/master from &lt;a href=&quot;https://issues.apache.org/jira/secure/ViewProfile.jspa?name=mgrigorov&quot; class=&quot;user-hover&quot; rel=&quot;mgrigorov&quot;&gt;Martin Grigorov&lt;/a&gt;&lt;br/&gt;
[ &lt;a href=&quot;https://git-wip-us.apache.org/repos/asf?p=wicket.git;h=abd958d&quot; class=&quot;external-link&quot; rel=&quot;nofollow&quot;&gt;https://git-wip-us.apache.org/repos/asf?p=wicket.git;h=abd958d&lt;/a&gt; ]&lt;/p&gt;

&lt;p&gt;&lt;a href=&quot;https://issues.apache.org/jira/browse/WICKET-6050&quot; title=&quot;Wicket Ajax (Wicket.From.serializeElement) causes 400 bad request&quot; class=&quot;issue-link&quot; data-issue-key=&quot;WICKET-6050&quot;&gt;&lt;del&gt;WICKET-6050&lt;/del&gt;&lt;/a&gt; Wicket Ajax (Wicket.From.serializeElement) causes 400 bad request&lt;br/&gt;
&lt;a href=&quot;https://issues.apache.org/jira/browse/WICKET-5948&quot; title=&quot;wicket-ajax.js probably doesn&amp;#39;t traverse the children of &amp;lt;div&amp;gt; or &amp;lt;span&amp;gt;&quot; class=&quot;issue-link&quot; data-issue-key=&quot;WICKET-5948&quot;&gt;&lt;del&gt;WICKET-5948&lt;/del&gt;&lt;/a&gt; wicket-ajax.js probably doesn&apos;t traverse the children of &amp;lt;div&amp;gt; or &amp;lt;span&amp;gt;&lt;br/&gt;
&lt;a href=&quot;https://issues.apache.org/jira/browse/WICKET-6006&quot; title=&quot;ModalWindow.closeCurrent() causes 414 status error&quot; class=&quot;issue-link&quot; data-issue-key=&quot;WICKET-6006&quot;&gt;&lt;del&gt;WICKET-6006&lt;/del&gt;&lt;/a&gt; ModalWindow.closeCurrent() causes 414 status error&lt;/p&gt;

&lt;p&gt;Introduce AjaxRequestAttributes#serializeRecursively with default value &apos;false&apos;.&lt;br/&gt;
This is a flag indicating whether to collect (submit) the name/value pairs for all HTML form elements children of the HTML element with the JavaScript listener&lt;/p&gt;</comment>
                            <comment id="15071001" author="mgrigorov" created="Thu, 24 Dec 2015 13:25:43 +0000"  >&lt;p&gt;Added org.apache.wicket.ajax.attributes.AjaxRequestAttributes#setSerializeRecursively(boolean)&lt;/p&gt;</comment>
                    </comments>
                <issuelinks>
                            <issuelinktype id="10030">
                    <name>Reference</name>
                                            <outwardlinks description="relates to">
                                        <issuelink>
            <issuekey id="12905562">WICKET-6006</issuekey>
        </issuelink>
                            </outwardlinks>
                                                        </issuelinktype>
                            <issuelinktype id="12310050">
                    <name>Regression</name>
                                                                <inwardlinks description="is broken by">
                                        <issuelink>
            <issuekey id="12843859">WICKET-5948</issuekey>
        </issuelink>
                            </inwardlinks>
                                    </issuelinktype>
                    </issuelinks>
                <attachments>
                            <attachment id="12777434" name="WICKET-5948-2.7z" size="150320" author="rakesh.a" created="Mon, 14 Dec 2015 08:53:20 +0000"/>
                    </attachments>
                <subtasks>
                    </subtasks>
                <customfields>
                                                <customfield id="customfield_12310310" key="com.atlassian.jira.toolkit:attachments">
                        <customfieldname>Attachment count</customfieldname>
                        <customfieldvalues>
                            <customfieldvalue>1.0</customfieldvalue>
                        </customfieldvalues>
                    </customfield>
                                                                                                                                                                                                                                                                                                                                                                                                                                                                                                                                                                                        <customfield id="customfield_12310220" key="com.atlassian.jira.ext.charting:firstresponsedate">
                        <customfieldname>Date of First Response</customfieldname>
                        <customfieldvalues>
                            <customfieldvalue>Mon, 14 Dec 2015 09:40:24 +0000</customfieldvalue>

                        </customfieldvalues>
                    </customfield>
                                                                                                                        <customfield id="customfield_12313422" key="com.atlassian.jirafisheyeplugin:jobcheckbox">
                        <customfieldname>Enable Automatic Patch Review</customfieldname>
                        <customfieldvalues>
                            <customfieldvalue><![CDATA[false]]></customfieldvalue>

                        </customfieldvalues>
                    </customfield>
                                                                                                                                                                                                                                                                                                                                                                                                                                                                        <customfield id="customfield_12310420" key="com.pyxis.greenhopper.jira:gh-global-rank">
                        <customfieldname>Global Rank</customfieldname>
                        <customfieldvalues>
                            <customfieldvalue>9223372036854775807</customfieldvalue>
                        </customfieldvalues>
                    </customfield>
                                                                                                                        <customfield id="customfield_12312521" key="com.atlassian.jira.toolkit:LastCommentDate">
                        <customfieldname>Last public comment date</customfieldname>
                        <customfieldvalues>
                            3 years, 15 weeks, 3 days ago
                        </customfieldvalues>
                    </customfield>
                                                                                                                                                    <customfield id="customfield_12311820" key="com.pyxis.greenhopper.jira:gh-lexo-rank">
                        <customfieldname>Rank</customfieldname>
                        <customfieldvalues>
                            <customfieldvalue>0|i2pui7:</customfieldvalue>

                        </customfieldvalues>
                    </customfield>
                                                                <customfield id="customfield_12310920" key="com.pyxis.greenhopper.jira:gh-global-rank">
                        <customfieldname>Rank (Obsolete)</customfieldname>
                        <customfieldvalues>
                            <customfieldvalue>9223372036854775807</customfieldvalue>
                        </customfieldvalues>
                    </customfield>
                                                                                                                                                                                                                                                                                                                            <customfield id="customfield_12310222" key="com.atlassian.jira.ext.charting:timeinstatus">
                        <customfieldname>Time in Status</customfieldname>
                        <customfieldvalues>
                            
                        </customfieldvalues>
                    </customfield>
                                    </customfields>
    </item>
</channel>
</rss>