<!--
RSS generated by JIRA (8.3.4#803005-sha1:1f96e09b3c60279a408a2ae47be3c745f571388b) at Sat Nov 09 15:35:12 UTC 2019

It is possible to restrict the fields that are returned in this document by specifying the 'field' parameter in your request.
For example, to request only the issue key and summary append 'field=key&field=summary' to the URL of your request.
-->
<!-- If you wish to do custom client-side styling of RSS, uncomment this:
<?xml-stylesheet href="https://issues.apache.org/jira/styles/jiraxml2html.xsl" type="text/xsl"?>
-->
<rss version="0.92">
    <channel>
        <title>ASF JIRA</title>
        <link>https://issues.apache.org/jira/issues/?jql=project+%3D+WICKET+AND+issuetype+%3D+Bug+AND+created+%3E%3D+2019-05-01+AND+created+%3C%3D+2019-06-01</link>
        <description>An XML representation of a search request</description>
                <language>en-uk</language>
                        <issue start="0" end="4" total="4"/>
                <build-info>
            <version>8.3.4</version>
            <build-number>803005</build-number>
            <build-date>13-09-2019</build-date>
        </build-info>

<item>
            <title>[WICKET-6671] IAjaxLink should be serializable</title>
                <link>https://issues.apache.org/jira/browse/WICKET-6671</link>
                <project id="12310561" key="WICKET">Wicket</project>
                    <description>&lt;p&gt;The public interface IAjaxLink should be serializable and should extend the IClusterable interface. Otherwise it would not be possible without warning messages to hold a field of IAjaxLink in a Serializable class (e.g. like AjaxPagingNavigationBehavior does).&lt;/p&gt;

&lt;p&gt;Code analyzed by IDEA inspections: &lt;b&gt;Non-serializable field &apos;owner&apos; in a Serializable class&lt;/b&gt;&lt;/p&gt;</description>
                <environment></environment>
        <key id="13236162">WICKET-6671</key>
            <summary>IAjaxLink should be serializable</summary>
                <type id="1" iconUrl="https://issues.apache.org/jira/secure/viewavatar?size=xsmall&amp;avatarId=21133&amp;avatarType=issuetype">Bug</type>
                                            <priority id="3" iconUrl="https://issues.apache.org/jira/images/icons/priorities/major.svg">Major</priority>
                        <status id="5" iconUrl="https://issues.apache.org/jira/images/icons/statuses/resolved.png" description="A resolution has been taken, and it is awaiting verification by reporter. From here issues are either reopened, or are closed.">Resolved</status>
                    <statusCategory id="3" key="done" colorName="green"/>
                                    <resolution id="1">Fixed</resolution>
                                        <assignee username="mgrigorov">Martin Tzvetanov Grigorov</assignee>
                                    <reporter username="forchel">Dirk Forchel</reporter>
                        <labels>
                    </labels>
                <created>Wed, 29 May 2019 05:07:48 +0000</created>
                <updated>Mon, 17 Jun 2019 14:16:00 +0000</updated>
                            <resolved>Wed, 29 May 2019 07:04:57 +0000</resolved>
                                    <version>8.3.0</version>
                                    <fixVersion>9.0.0-M2</fixVersion>
                    <fixVersion>8.6.1</fixVersion>
                                    <component>wicket-core</component>
                        <due></due>
                            <votes>0</votes>
                                    <watches>3</watches>
                                                                <comments>
                            <comment id="16850560" author="jira-bot" created="Wed, 29 May 2019 07:04:22 +0000"  >&lt;p&gt;Commit 8e9b2dadbf799fd97c2844964c8cdf6a945cc880 in wicket&apos;s branch refs/heads/wicket-8.x from Martin Tzvetanov Grigorov&lt;br/&gt;
[ &lt;a href=&quot;https://gitbox.apache.org/repos/asf?p=wicket.git;h=8e9b2da&quot; class=&quot;external-link&quot; rel=&quot;nofollow&quot;&gt;https://gitbox.apache.org/repos/asf?p=wicket.git;h=8e9b2da&lt;/a&gt; ]&lt;/p&gt;

&lt;p&gt;&lt;a href=&quot;https://issues.apache.org/jira/browse/WICKET-6671&quot; title=&quot;IAjaxLink should be serializable&quot; class=&quot;issue-link&quot; data-issue-key=&quot;WICKET-6671&quot;&gt;&lt;del&gt;WICKET-6671&lt;/del&gt;&lt;/a&gt; IAjaxLink should be serializable&lt;/p&gt;

&lt;p&gt;Same for IAjaxIndicatorAware, IAjaxRegionMarkupIdProvider and IDebugBarContributor&lt;/p&gt;</comment>
                            <comment id="16850561" author="jira-bot" created="Wed, 29 May 2019 07:05:17 +0000"  >&lt;p&gt;Commit cebb9aaaaa06f3307ea084189be6e5b66dabe266 in wicket&apos;s branch refs/heads/master from Martin Tzvetanov Grigorov&lt;br/&gt;
[ &lt;a href=&quot;https://gitbox.apache.org/repos/asf?p=wicket.git;h=cebb9aa&quot; class=&quot;external-link&quot; rel=&quot;nofollow&quot;&gt;https://gitbox.apache.org/repos/asf?p=wicket.git;h=cebb9aa&lt;/a&gt; ]&lt;/p&gt;

&lt;p&gt;&lt;a href=&quot;https://issues.apache.org/jira/browse/WICKET-6671&quot; title=&quot;IAjaxLink should be serializable&quot; class=&quot;issue-link&quot; data-issue-key=&quot;WICKET-6671&quot;&gt;&lt;del&gt;WICKET-6671&lt;/del&gt;&lt;/a&gt; IAjaxLink should be serializable&lt;/p&gt;

&lt;p&gt;Same for IAjaxIndicatorAware, IAjaxRegionMarkupIdProvider and IDebugBarContributor&lt;/p&gt;

&lt;p&gt;(cherry picked from commit 8e9b2dadbf799fd97c2844964c8cdf6a945cc880)&lt;/p&gt;</comment>
                            <comment id="16865574" author="forchel" created="Mon, 17 Jun 2019 13:06:03 +0000"  >&lt;p&gt;Hello Martin,&lt;br/&gt;
I would like to know if this problem would also apply to the sortable property of a table. I think the generic &amp;lt;S&amp;gt; for the OrderByLink should extend IClusterable as well. &lt;br/&gt;
If you wanna store this property as a class field, the IDEA inspection blames the code as well as not serializable.&lt;/p&gt;</comment>
                            <comment id="16865636" author="mgrigorov" created="Mon, 17 Jun 2019 14:16:00 +0000"  >&lt;p&gt;While this sounds as a good idea it won&apos;t fully work. It will break in the case when the application uses java.lang.Void.&lt;/p&gt;</comment>
                    </comments>
                    <attachments>
                    </attachments>
                <subtasks>
                    </subtasks>
                <customfields>
                                                <customfield id="customfield_12310310" key="com.atlassian.jira.toolkit:attachments">
                        <customfieldname>Attachment count</customfieldname>
                        <customfieldvalues>
                            <customfieldvalue>0.0</customfieldvalue>
                        </customfieldvalues>
                    </customfield>
                                                                                                                                                                                                                                                                                                                                                                                                                                                                                                                                                                                                                    <customfield id="customfield_12310220" key="com.atlassian.jira.ext.charting:firstresponsedate">
                        <customfieldname>Date of First Response</customfieldname>
                        <customfieldvalues>
                            <customfieldvalue>Wed, 29 May 2019 07:04:22 +0000</customfieldvalue>

                        </customfieldvalues>
                    </customfield>
                                                                <customfield id="customfield_12314020" key="com.atlassian.jira.plugins.jira-development-integration-plugin:devsummary">
                        <customfieldname>Development</customfieldname>
                        <customfieldvalues>
                            
                        </customfieldvalues>
                    </customfield>
                                                                                                                        <customfield id="customfield_12313422" key="com.atlassian.jirafisheyeplugin:jobcheckbox">
                        <customfieldname>Enable Automatic Patch Review</customfieldname>
                        <customfieldvalues>
                            <customfieldvalue><![CDATA[false]]></customfieldvalue>

                        </customfieldvalues>
                    </customfield>
                                                                                                                                                                                                                                                                                                                                                                                                                                                                        <customfield id="customfield_12310420" key="com.pyxis.greenhopper.jira:gh-global-rank">
                        <customfieldname>Global Rank</customfieldname>
                        <customfieldvalues>
                            <customfieldvalue>9223372036854775807</customfieldvalue>
                        </customfieldvalues>
                    </customfield>
                                                                                                                        <customfield id="customfield_12312521" key="com.atlassian.jira.toolkit:LastCommentDate">
                        <customfieldname>Last public comment date</customfieldname>
                        <customfieldvalues>
                            20 weeks, 5 days ago
                        </customfieldvalues>
                    </customfield>
                                                                                                                                                    <customfield id="customfield_12311820" key="com.pyxis.greenhopper.jira:gh-lexo-rank">
                        <customfieldname>Rank</customfieldname>
                        <customfieldvalues>
                            <customfieldvalue>0|z036b4:</customfieldvalue>

                        </customfieldvalues>
                    </customfield>
                                                                <customfield id="customfield_12310920" key="com.pyxis.greenhopper.jira:gh-global-rank">
                        <customfieldname>Rank (Obsolete)</customfieldname>
                        <customfieldvalues>
                            <customfieldvalue>9223372036854775807</customfieldvalue>
                        </customfieldvalues>
                    </customfield>
                                                                                                                                                                                                                                                                                                                                                        <customfield id="customfield_12310222" key="com.atlassian.jira.ext.charting:timeinstatus">
                        <customfieldname>Time in Status</customfieldname>
                        <customfieldvalues>
                            
                        </customfieldvalues>
                    </customfield>
                                                                </customfields>
    </item>


<item>
            <title>[WICKET-6670] Minified resources and JavaScript compression don&apos;t play well together</title>
                <link>https://issues.apache.org/jira/browse/WICKET-6670</link>
                <project id="12310561" key="WICKET">Wicket</project>
                    <description>&lt;p&gt;I switched my application from on-the-fly compression of resources to minifying resources during the Maven build.&lt;/p&gt;

&lt;p&gt;Previously, I had &lt;tt&gt;useMinifiedResources&lt;/tt&gt; disabled. When I enabled the flag, I noticed that Wicket correctly serves the minified resource, &lt;b&gt;but&lt;/b&gt; still compresses the original JS.&lt;/p&gt;

&lt;p&gt;This makes no sense to me.&lt;/p&gt;

&lt;p&gt;The behavior can be reproduced with the attached quickstart. Just open the homepage and check the error logs. The compressor is called for the unminified resource although Wicket serves the minified version.&lt;/p&gt;</description>
                <environment></environment>
        <key id="13235643">WICKET-6670</key>
            <summary>Minified resources and JavaScript compression don&apos;t play well together</summary>
                <type id="1" iconUrl="https://issues.apache.org/jira/secure/viewavatar?size=xsmall&amp;avatarId=21133&amp;avatarType=issuetype">Bug</type>
                                            <priority id="3" iconUrl="https://issues.apache.org/jira/images/icons/priorities/major.svg">Major</priority>
                        <status id="5" iconUrl="https://issues.apache.org/jira/images/icons/statuses/resolved.png" description="A resolution has been taken, and it is awaiting verification by reporter. From here issues are either reopened, or are closed.">Resolved</status>
                    <statusCategory id="3" key="done" colorName="green"/>
                                    <resolution id="3">Duplicate</resolution>
                                        <assignee username="-1">Unassigned</assignee>
                                    <reporter username="thomas.heigl">Thomas Heigl</reporter>
                        <labels>
                    </labels>
                <created>Sun, 26 May 2019 09:44:22 +0000</created>
                <updated>Mon, 27 May 2019 07:23:40 +0000</updated>
                            <resolved>Mon, 27 May 2019 07:23:40 +0000</resolved>
                                    <version>8.4.0</version>
                                                    <component>wicket-core</component>
                        <due></due>
                            <votes>0</votes>
                                    <watches>1</watches>
                                                                    <issuelinks>
                            <issuelinktype id="12310000">
                    <name>Duplicate</name>
                                            <outwardlinks description="duplicates">
                                        <issuelink>
            <issuekey id="13117556">WICKET-6494</issuekey>
        </issuelink>
                            </outwardlinks>
                                                        </issuelinktype>
                            <issuelinktype id="12310050">
                    <name>Regression</name>
                                                                <inwardlinks description="is broken by">
                                        <issuelink>
            <issuekey id="12853869">WICKET-5967</issuekey>
        </issuelink>
                            </inwardlinks>
                                    </issuelinktype>
                    </issuelinks>
                <attachments>
                            <attachment id="12969805" name="myproject.zip" size="27996" author="thomas.heigl" created="Sun, 26 May 2019 09:44:36 +0000"/>
                    </attachments>
                <subtasks>
                    </subtasks>
                <customfields>
                                                <customfield id="customfield_12310310" key="com.atlassian.jira.toolkit:attachments">
                        <customfieldname>Attachment count</customfieldname>
                        <customfieldvalues>
                            <customfieldvalue>1.0</customfieldvalue>
                        </customfieldvalues>
                    </customfield>
                                                                                                                                                                                                                                                                                                                                                                                                                                                                                                                                                                                                                                                <customfield id="customfield_12314020" key="com.atlassian.jira.plugins.jira-development-integration-plugin:devsummary">
                        <customfieldname>Development</customfieldname>
                        <customfieldvalues>
                            
                        </customfieldvalues>
                    </customfield>
                                                                                                                        <customfield id="customfield_12313422" key="com.atlassian.jirafisheyeplugin:jobcheckbox">
                        <customfieldname>Enable Automatic Patch Review</customfieldname>
                        <customfieldvalues>
                            <customfieldvalue><![CDATA[false]]></customfieldvalue>

                        </customfieldvalues>
                    </customfield>
                                                                                                                                                                                                                                                                                                                                                                                                                                                                        <customfield id="customfield_12310420" key="com.pyxis.greenhopper.jira:gh-global-rank">
                        <customfieldname>Global Rank</customfieldname>
                        <customfieldvalues>
                            <customfieldvalue>9223372036854775807</customfieldvalue>
                        </customfieldvalues>
                    </customfield>
                                                                                                                        <customfield id="customfield_12312521" key="com.atlassian.jira.toolkit:LastCommentDate">
                        <customfieldname>Last public comment date</customfieldname>
                        <customfieldvalues>
                            23 weeks, 6 days ago
                        </customfieldvalues>
                    </customfield>
                                                                                                                                                    <customfield id="customfield_12311820" key="com.pyxis.greenhopper.jira:gh-lexo-rank">
                        <customfieldname>Rank</customfieldname>
                        <customfieldvalues>
                            <customfieldvalue>0|z03348:</customfieldvalue>

                        </customfieldvalues>
                    </customfield>
                                                                <customfield id="customfield_12310920" key="com.pyxis.greenhopper.jira:gh-global-rank">
                        <customfieldname>Rank (Obsolete)</customfieldname>
                        <customfieldvalues>
                            <customfieldvalue>9223372036854775807</customfieldvalue>
                        </customfieldvalues>
                    </customfield>
                                                                                                                                                                                                                                                                                                                                                        <customfield id="customfield_12310222" key="com.atlassian.jira.ext.charting:timeinstatus">
                        <customfieldname>Time in Status</customfieldname>
                        <customfieldvalues>
                            
                        </customfieldvalues>
                    </customfield>
                                                                </customfields>
    </item>


<item>
            <title>[WICKET-6669] CSS Resource Bundling throws exception when used with CssUrlReplacer</title>
                <link>https://issues.apache.org/jira/browse/WICKET-6669</link>
                <project id="12310561" key="WICKET">Wicket</project>
                    <description>&lt;p&gt;Using CssUrlReplacer as compressor and trying to create a Css Resource bundle like this:&lt;/p&gt;
&lt;div class=&quot;code panel&quot; style=&quot;border-width: 1px;&quot;&gt;&lt;div class=&quot;codeContent panelContent&quot;&gt;
&lt;pre class=&quot;code-java&quot;&gt;
getResourceSettings().setCssCompressor(&lt;span class=&quot;code-keyword&quot;&gt;new&lt;/span&gt; CssUrlReplacer());

getResourceBundles().addCssBundle(WicketApplication.class, &lt;span class=&quot;code-quote&quot;&gt;&quot;testBundle&quot;&lt;/span&gt;, &lt;span class=&quot;code-keyword&quot;&gt;new&lt;/span&gt; CssResourceReference(WicketApplication.class, &lt;span class=&quot;code-quote&quot;&gt;&quot;css/cssFile1.css&quot;&lt;/span&gt;), &lt;span class=&quot;code-keyword&quot;&gt;new&lt;/span&gt; CssResourceReference(WicketApplication.class, &lt;span class=&quot;code-quote&quot;&gt;&quot;css/cssFile2.css&quot;&lt;/span&gt;));&lt;/pre&gt;
&lt;/div&gt;&lt;/div&gt;
&lt;p&gt;I get the following stack trace when requesting one of the css files:&lt;/p&gt;

&lt;p&gt;Caused by: java.lang.UnsupportedOperationException: CssUrlReplacer.process() should be used instead!&lt;br/&gt;
 at org.apache.wicket.resource.CssUrlReplacer.compress(CssUrlReplacer.java:159) ~&lt;span class=&quot;error&quot;&gt;&amp;#91;wicket-core-7.10.0.jar:7.10.0&amp;#93;&lt;/span&gt;&lt;br/&gt;
 at org.apache.wicket.resource.bundles.ConcatBundleResource.readAllResources(ConcatBundleResource.java:184) ~&lt;span class=&quot;error&quot;&gt;&amp;#91;wicket-core-7.10.0.jar:7.10.0&amp;#93;&lt;/span&gt;&lt;/p&gt;

&lt;p&gt;....&lt;/p&gt;

&lt;p&gt;ConcatBundleResource calls the compress method of CssUrlReplacer which throws the exception.&lt;/p&gt;</description>
                <environment></environment>
        <key id="13234921">WICKET-6669</key>
            <summary>CSS Resource Bundling throws exception when used with CssUrlReplacer</summary>
                <type id="1" iconUrl="https://issues.apache.org/jira/secure/viewavatar?size=xsmall&amp;avatarId=21133&amp;avatarType=issuetype">Bug</type>
                                            <priority id="3" iconUrl="https://issues.apache.org/jira/images/icons/priorities/major.svg">Major</priority>
                        <status id="5" iconUrl="https://issues.apache.org/jira/images/icons/statuses/resolved.png" description="A resolution has been taken, and it is awaiting verification by reporter. From here issues are either reopened, or are closed.">Resolved</status>
                    <statusCategory id="3" key="done" colorName="green"/>
                                    <resolution id="1">Fixed</resolution>
                                        <assignee username="mgrigorov">Martin Tzvetanov Grigorov</assignee>
                                    <reporter username="Claudia Hirt">Claudia Hirt</reporter>
                        <labels>
                    </labels>
                <created>Wed, 22 May 2019 14:57:16 +0000</created>
                <updated>Thu, 23 May 2019 12:13:04 +0000</updated>
                            <resolved>Thu, 23 May 2019 11:56:33 +0000</resolved>
                                    <version>7.10.0</version>
                                    <fixVersion>8.5.0</fixVersion>
                    <fixVersion>9.0.0-M2</fixVersion>
                    <fixVersion>7.14.0</fixVersion>
                                    <component>wicket</component>
                        <due></due>
                            <votes>0</votes>
                                    <watches>5</watches>
                                                                <comments>
                            <comment id="16845968" author="mgrigorov" created="Wed, 22 May 2019 15:05:52 +0000"  >&lt;p&gt;Please create a quickstart application if you&apos;d like this ticket to be reviewed before releasing 7.14.0 (this could happen any day now). Thank you!&lt;/p&gt;</comment>
                            <comment id="16846051" author="claudia hirt" created="Wed, 22 May 2019 16:57:02 +0000"  >&lt;p&gt;Thanks for the quick reply. Heres the quickstart application:&lt;/p&gt;

&lt;p&gt;&lt;a href=&quot;https://github.com/sunshineKE/wicketResourceBundle&quot; class=&quot;external-link&quot; rel=&quot;nofollow&quot;&gt;https://github.com/sunshineKE/wicketResourceBundle&lt;/a&gt;&lt;/p&gt;</comment>
                            <comment id="16846196" author="svenmeier" created="Wed, 22 May 2019 19:58:50 +0000"  >&lt;p&gt;With introduction of IScopeAwareTextResourceProcessor, CssUrlReplacer no longer supports #compress() and ConcatBundleResource has to call #process() instead.&lt;/p&gt;

&lt;p&gt;Maybe CssUrlReplacer#compress() should delegate to #process() as fallback instead.&lt;/p&gt;</comment>
                            <comment id="16846445" author="mgrigorov" created="Thu, 23 May 2019 06:01:39 +0000"  >&lt;p&gt;I have an improvement which I am testing locally.&lt;br/&gt;
I will push it to wicket-7.x branch soon.&lt;/p&gt;</comment>
                            <comment id="16846449" author="jira-bot" created="Thu, 23 May 2019 06:05:35 +0000"  >&lt;p&gt;Commit 8566ed24031641c060871cb0732b7171fd2deac8 in wicket&apos;s branch refs/heads/wicket-7.x from Martin Tzvetanov Grigorov&lt;br/&gt;
[ &lt;a href=&quot;https://gitbox.apache.org/repos/asf?p=wicket.git;h=8566ed2&quot; class=&quot;external-link&quot; rel=&quot;nofollow&quot;&gt;https://gitbox.apache.org/repos/asf?p=wicket.git;h=8566ed2&lt;/a&gt; ]&lt;/p&gt;

&lt;p&gt;&lt;a href=&quot;https://issues.apache.org/jira/browse/WICKET-6669&quot; title=&quot;CSS Resource Bundling throws exception when used with CssUrlReplacer&quot; class=&quot;issue-link&quot; data-issue-key=&quot;WICKET-6669&quot;&gt;&lt;del&gt;WICKET-6669&lt;/del&gt;&lt;/a&gt; Use the scope and name of the first provided resource for IScopeAwareTextResourceProcessor#process()&lt;/p&gt;

&lt;p&gt;The same is already done in ConcatBundleResource#getCacheKey()&lt;/p&gt;</comment>
                            <comment id="16846450" author="mgrigorov" created="Thu, 23 May 2019 06:07:05 +0000"  >&lt;p&gt;Devs: if you don&apos;t see problems with the fix I will port it to 8.x and master. If you see problems then we can revert it.&lt;/p&gt;</comment>
                            <comment id="16846619" author="svenmeier" created="Thu, 23 May 2019 10:38:30 +0000"  >&lt;p&gt;+1&lt;/p&gt;</comment>
                            <comment id="16846662" author="jira-bot" created="Thu, 23 May 2019 11:56:08 +0000"  >&lt;p&gt;Commit e2a11151e2bc55ae3a637efd88b1202582461780 in wicket&apos;s branch refs/heads/wicket-8.x from Martin Tzvetanov Grigorov&lt;br/&gt;
[ &lt;a href=&quot;https://gitbox.apache.org/repos/asf?p=wicket.git;h=e2a1115&quot; class=&quot;external-link&quot; rel=&quot;nofollow&quot;&gt;https://gitbox.apache.org/repos/asf?p=wicket.git;h=e2a1115&lt;/a&gt; ]&lt;/p&gt;

&lt;p&gt;&lt;a href=&quot;https://issues.apache.org/jira/browse/WICKET-6669&quot; title=&quot;CSS Resource Bundling throws exception when used with CssUrlReplacer&quot; class=&quot;issue-link&quot; data-issue-key=&quot;WICKET-6669&quot;&gt;&lt;del&gt;WICKET-6669&lt;/del&gt;&lt;/a&gt; Use the scope and name of the first provided resource for IScopeAwareTextResourceProcessor#process()&lt;/p&gt;

&lt;p&gt;The same is already done in ConcatBundleResource#getCacheKey()&lt;/p&gt;

&lt;p&gt;(cherry picked from commit 8566ed24031641c060871cb0732b7171fd2deac8)&lt;/p&gt;</comment>
                            <comment id="16846663" author="jira-bot" created="Thu, 23 May 2019 11:56:46 +0000"  >&lt;p&gt;Commit d41abaa36d96eadcf3144ddd7340c70005fc8c87 in wicket&apos;s branch refs/heads/master from Martin Tzvetanov Grigorov&lt;br/&gt;
[ &lt;a href=&quot;https://gitbox.apache.org/repos/asf?p=wicket.git;h=d41abaa&quot; class=&quot;external-link&quot; rel=&quot;nofollow&quot;&gt;https://gitbox.apache.org/repos/asf?p=wicket.git;h=d41abaa&lt;/a&gt; ]&lt;/p&gt;

&lt;p&gt;&lt;a href=&quot;https://issues.apache.org/jira/browse/WICKET-6669&quot; title=&quot;CSS Resource Bundling throws exception when used with CssUrlReplacer&quot; class=&quot;issue-link&quot; data-issue-key=&quot;WICKET-6669&quot;&gt;&lt;del&gt;WICKET-6669&lt;/del&gt;&lt;/a&gt; Use the scope and name of the first provided resource for IScopeAwareTextResourceProcessor#process()&lt;/p&gt;

&lt;p&gt;The same is already done in ConcatBundleResource#getCacheKey()&lt;/p&gt;

&lt;p&gt;(cherry picked from commit 8566ed24031641c060871cb0732b7171fd2deac8)&lt;/p&gt;</comment>
                            <comment id="16846670" author="thomas.heigl" created="Thu, 23 May 2019 12:07:16 +0000"  >&lt;p&gt;This should also fix my issue &lt;a href=&quot;https://issues.apache.org/jira/browse/WICKET-6611&quot; title=&quot;Missing check for IScopeAwareTextResourceProcessor when concatenating resources&quot; class=&quot;issue-link&quot; data-issue-key=&quot;WICKET-6611&quot;&gt;&lt;del&gt;WICKET-6611&lt;/del&gt;&lt;/a&gt;&lt;/p&gt;</comment>
                            <comment id="16846674" author="mgrigorov" created="Thu, 23 May 2019 12:13:04 +0000"  >&lt;p&gt;Thanks for the reference, &lt;a href=&quot;https://issues.apache.org/jira/secure/ViewProfile.jspa?name=thomas.heigl&quot; class=&quot;user-hover&quot; rel=&quot;thomas.heigl&quot;&gt;Thomas Heigl&lt;/a&gt;!&lt;/p&gt;

&lt;p&gt;If the approach is good for getCacheKey() then I think it should be good for this problem as well.&lt;br/&gt;
We will see soon.&lt;/p&gt;</comment>
                    </comments>
                <issuelinks>
                            <issuelinktype id="12310000">
                    <name>Duplicate</name>
                                                                <inwardlinks description="is duplicated by">
                                        <issuelink>
            <issuekey id="13196472">WICKET-6611</issuekey>
        </issuelink>
                            </inwardlinks>
                                    </issuelinktype>
                            <issuelinktype id="12310560">
                    <name>Problem/Incident</name>
                                                                <inwardlinks description="is caused by">
                                        <issuelink>
            <issuekey id="12772348">WICKET-5827</issuekey>
        </issuelink>
                            </inwardlinks>
                                    </issuelinktype>
                    </issuelinks>
                <attachments>
                    </attachments>
                <subtasks>
                    </subtasks>
                <customfields>
                                                <customfield id="customfield_12310310" key="com.atlassian.jira.toolkit:attachments">
                        <customfieldname>Attachment count</customfieldname>
                        <customfieldvalues>
                            <customfieldvalue>0.0</customfieldvalue>
                        </customfieldvalues>
                    </customfield>
                                                                                                                                                                                                                                                                                                                                                                                                                                                                                                                                                                                                                    <customfield id="customfield_12310220" key="com.atlassian.jira.ext.charting:firstresponsedate">
                        <customfieldname>Date of First Response</customfieldname>
                        <customfieldvalues>
                            <customfieldvalue>Wed, 22 May 2019 15:05:52 +0000</customfieldvalue>

                        </customfieldvalues>
                    </customfield>
                                                                <customfield id="customfield_12314020" key="com.atlassian.jira.plugins.jira-development-integration-plugin:devsummary">
                        <customfieldname>Development</customfieldname>
                        <customfieldvalues>
                            
                        </customfieldvalues>
                    </customfield>
                                                                                                                        <customfield id="customfield_12313422" key="com.atlassian.jirafisheyeplugin:jobcheckbox">
                        <customfieldname>Enable Automatic Patch Review</customfieldname>
                        <customfieldvalues>
                            <customfieldvalue><![CDATA[false]]></customfieldvalue>

                        </customfieldvalues>
                    </customfield>
                                                                                                                                                                                                                                                                                                                                                                                                                                                                        <customfield id="customfield_12310420" key="com.pyxis.greenhopper.jira:gh-global-rank">
                        <customfieldname>Global Rank</customfieldname>
                        <customfieldvalues>
                            <customfieldvalue>9223372036854775807</customfieldvalue>
                        </customfieldvalues>
                    </customfield>
                                                                                                                        <customfield id="customfield_12312521" key="com.atlassian.jira.toolkit:LastCommentDate">
                        <customfieldname>Last public comment date</customfieldname>
                        <customfieldvalues>
                            24 weeks, 2 days ago
                        </customfieldvalues>
                    </customfield>
                                                                                                                                                    <customfield id="customfield_12311820" key="com.pyxis.greenhopper.jira:gh-lexo-rank">
                        <customfieldname>Rank</customfieldname>
                        <customfieldvalues>
                            <customfieldvalue>0|z02yns:</customfieldvalue>

                        </customfieldvalues>
                    </customfield>
                                                                <customfield id="customfield_12310920" key="com.pyxis.greenhopper.jira:gh-global-rank">
                        <customfieldname>Rank (Obsolete)</customfieldname>
                        <customfieldvalues>
                            <customfieldvalue>9223372036854775807</customfieldvalue>
                        </customfieldvalues>
                    </customfield>
                                                                                                                                                                                                                                                                                                                                                        <customfield id="customfield_12310222" key="com.atlassian.jira.ext.charting:timeinstatus">
                        <customfieldname>Time in Status</customfieldname>
                        <customfieldvalues>
                            
                        </customfieldvalues>
                    </customfield>
                                                                </customfields>
    </item>


<item>
            <title>[WICKET-6663] Don&apos;t prevent requests on component placeholders (revert WICKET-6575)</title>
                <link>https://issues.apache.org/jira/browse/WICKET-6663</link>
                <project id="12310561" key="WICKET">Wicket</project>
                    <description>&lt;p&gt;Hello!&lt;/p&gt;

&lt;p&gt;&lt;a href=&quot;https://issues.apache.org/jira/browse/WICKET-6575&quot; title=&quot;Ajax requests are still firing even when placeholder tag is written only&quot; class=&quot;issue-link&quot; data-issue-key=&quot;WICKET-6575&quot;&gt;&lt;del&gt;WICKET-6575&lt;/del&gt;&lt;/a&gt; introduced a bug in my application.&lt;/p&gt;

&lt;p&gt;I explicitly make an Ajax-Call to an invisible component. In my case: this component displays search results as soon as they are available. The call is triggered by a script created by another (visible) component.&lt;/p&gt;

&lt;p&gt;The method &quot;canCallListener&quot;&#160;already models the behavior of components/behaviors regarding invocations. If you make Ajax-Calls to invisible components you can hook in here (the default-Implementation causes&#160;an&#160;exception if component is invisible) and make processing possible.&#160;This&#160;was a consistent server-side&#160;API until Wicket-6575.&lt;/p&gt;

&lt;p&gt;Please remove the changes of Wicket-6575.&#160;&lt;/p&gt;

&lt;p&gt;Thanks&lt;/p&gt;

&lt;p&gt;Hans&lt;/p&gt;

&lt;p&gt;&#160;&lt;/p&gt;

&lt;p&gt;&#160;&lt;/p&gt;</description>
                <environment></environment>
        <key id="13231271">WICKET-6663</key>
            <summary>Don&apos;t prevent requests on component placeholders (revert WICKET-6575)</summary>
                <type id="1" iconUrl="https://issues.apache.org/jira/secure/viewavatar?size=xsmall&amp;avatarId=21133&amp;avatarType=issuetype">Bug</type>
                                            <priority id="3" iconUrl="https://issues.apache.org/jira/images/icons/priorities/major.svg">Major</priority>
                        <status id="5" iconUrl="https://issues.apache.org/jira/images/icons/statuses/resolved.png" description="A resolution has been taken, and it is awaiting verification by reporter. From here issues are either reopened, or are closed.">Resolved</status>
                    <statusCategory id="3" key="done" colorName="green"/>
                                    <resolution id="2">Won&apos;t Fix</resolution>
                                        <assignee username="svenmeier">Sven Meier</assignee>
                                    <reporter username="hosea">Hans Sch&#228;fer</reporter>
                        <labels>
                    </labels>
                <created>Thu, 2 May 2019 14:44:02 +0000</created>
                <updated>Thu, 6 Jun 2019 07:26:38 +0000</updated>
                            <resolved>Thu, 6 Jun 2019 07:26:38 +0000</resolved>
                                    <version>8.1.0</version>
                                                    <component>wicket-core</component>
                        <due></due>
                            <votes>0</votes>
                                    <watches>3</watches>
                                                                <comments>
                            <comment id="16831751" author="svenmeier" created="Thu, 2 May 2019 16:42:23 +0000"  >&lt;p&gt;If you&apos;ve used an invisible component&#160;&lt;b&gt;without&lt;/b&gt; placeholder tag, your Ajax calls wouldn&apos;t have worked either, would they?&lt;/p&gt;</comment>
                            <comment id="16832272" author="hosea" created="Fri, 3 May 2019 06:02:35 +0000"  >&lt;p&gt;If I had used an invisible component without placeholder tag, the component wouldn&apos;t have the possibility to show.&lt;/p&gt;

&lt;p&gt;&#160;&lt;/p&gt;</comment>
                            <comment id="16832284" author="mgrigorov" created="Fri, 3 May 2019 06:23:48 +0000"  >&lt;p&gt;&lt;a href=&quot;https://issues.apache.org/jira/secure/ViewProfile.jspa?name=hosea&quot; class=&quot;user-hover&quot; rel=&quot;hosea&quot;&gt;Hans Sch&#228;fer&lt;/a&gt; Could you please explain in more details how the change in &lt;a href=&quot;https://issues.apache.org/jira/browse/WICKET-6575&quot; title=&quot;Ajax requests are still firing even when placeholder tag is written only&quot; class=&quot;issue-link&quot; data-issue-key=&quot;WICKET-6575&quot;&gt;&lt;del&gt;WICKET-6575&lt;/del&gt;&lt;/a&gt; breaks your application ? I don&apos;t get it from the description of the ticket.&lt;/p&gt;</comment>
                            <comment id="16832286" author="svenmeier" created="Fri, 3 May 2019 06:34:23 +0000"  >&lt;p&gt;&lt;a href=&quot;https://issues.apache.org/jira/secure/ViewProfile.jspa?name=hosea&quot; class=&quot;user-hover&quot; rel=&quot;hosea&quot;&gt;Hans Sch&#228;fer&lt;/a&gt; You&apos;ve missed my point: An invisible component cannot be targetted with Ajax, so a component with a markup-placeholder shouldn&apos;t be either.&lt;/p&gt;</comment>
                            <comment id="16832296" author="hosea" created="Fri, 3 May 2019 07:04:40 +0000"  >&lt;p&gt;Hello all,&#160;&lt;/p&gt;

&lt;p&gt;I try to explain detailed, why I think, that Wicket-6675 should be reverted.&#160;&lt;/p&gt;

&lt;p&gt;The common challenge is, that you cannot&#160;make the browser sending requests in strict order. The browser does not process the answer of a request before sending the next request. The browser must not do that anyway, this is obvious: the browser must parallelize requests.&lt;/p&gt;

&lt;p&gt;Assume now, that a page is rendered and component A is visible. Now an Ajax-Request R1 happens, immediately followed by an Ajax-Request R2 targeting component A. Wicket now processes the requests in incoming order: The first Request R1 changes state on the server-side. This state-change makes component A invisible. Then Wicket processes Request R2, which targets now an invisible component.&lt;/p&gt;

&lt;p&gt;Summary: The state of a component that is reflected in the Markup in the Browser and that is the basis for a request&#160;does not have to&#160;conform to the state of the component when Wicket processes the request. So the changes of Wicket-6675 do not solve this general problem: Its just Javascript-based evaluation of the state of a component when the component was rendered. And the Javascript makes the following wrong assumption: that a request to an invisible component leads to an error. That is only true, if Method &quot;canCallListener&quot; is not overridden.&#160;&lt;/p&gt;

&lt;p&gt;My opinion is: wie must accept the fact, that Ajax-Requests can be fired and the state has changed during the meantime&#160;until Wicket processes the request. It is probably the best to make this fact more visible for programmers&#160;and give them more hints in error messages.&lt;/p&gt;

&lt;p&gt;My way of working with this is: If a component / behavior changes&#160;visibility&#160;during Ajax-Requests it requires more of my attention. If it does not change process-relevant state and just causes some kind or rerendering parts of the HTML, I just override canCallListener with { return true; }. The default-Implementation of canCallListener (throw Exception if component is invisible or disabled), is to strict in this situation, it is OK if the component just rerenders current state. There is no need to cause an error. I also avoid owerwriting isVisible and I prefer setting visibility in onConfigure, because it is more explicit.&lt;/p&gt;

&lt;p&gt;Best regards&lt;/p&gt;

&lt;p&gt;Hans&lt;/p&gt;

&lt;p&gt;&#160;&lt;/p&gt;

&lt;p&gt;&#160;&lt;/p&gt;</comment>
                            <comment id="16832318" author="hosea" created="Fri, 3 May 2019 07:46:37 +0000"  >&lt;p&gt;Hi,&#160;&lt;/p&gt;

&lt;p&gt;a detailed description of the implementation that broke follows:&lt;/p&gt;

&lt;p&gt;I have a component &quot;search&quot;-Panel that&#160;hast&#160;two sub-components: a search-field and a search-result-Panel. The search-field has an AjaxBehavior on &quot;keyup&quot; with throttling (800ms). So the Ajax-Processing of this AjaxBehaviour is triggered when the user stops entering the search term. In this case the search takes place and the search-result-Panel updates its search-results. If there are no search-results, the search-result-Panel&#160;is invisible.&lt;/p&gt;

&lt;p&gt;Seems to be straight-forward to be implemented inside this one AjaxBehaviour, but there is a hard constraint: The backend that I have to use for searches is slow. Sometimes it takes several seconds until it answers. This lead to a blocking search-field in the straight-forward first implementation.&lt;/p&gt;

&lt;p&gt;So I decoupled the steps that had to be done:&lt;/p&gt;
&lt;ol&gt;
	&lt;li&gt;Update the search-term on the server-side&lt;/li&gt;
	&lt;li&gt;Do the search against the slow backend&lt;/li&gt;
	&lt;li&gt;Update the search-result.&lt;/li&gt;
&lt;/ol&gt;


&lt;p&gt;I realized this by introducing additional elements:&#160;&lt;/p&gt;
&lt;ol&gt;
	&lt;li&gt;A IRequestMapper/IRequestHandler-Pair for processing the search: This pair is &lt;b&gt;not&lt;/b&gt; processing a component-tree: it just receives the search-term,&#160;and calls a Spring-Service that does&#160;the search against the slow backend. The service caches the search result (using spring caching).&#160;&lt;/li&gt;
	&lt;li&gt;A simple AjaxBehavior, that makes the Search-Result-Panel invisible, if there are no search results. It makes the Search-Result-Panel visible if there are search results. And it rerenders the Search-Result-Panel if onEvent is called.&lt;/li&gt;
&lt;/ol&gt;


&lt;p&gt;The AjaxBehavior for event &quot;keyup&quot; on the search-field now does the following: Update the search-term on the server-side. Then return a Java-script that does the following: call the IRequestHandler (1) for processing the search term asynchronously. When this request returns successfully, fire the Ajax-Event on the AjaxBehavior (2), that rerenders the Search-Result-Panel. This rerendering ist fast, because the Search-Result-Panel gets the Search-Results form the cache (uses the same Spring-Service).&#160;&lt;/p&gt;

&lt;p&gt;Short summary: My visible sarch-field generates a script, that executes an Url for a component that is potentially invisible.&#160;&lt;/p&gt;

&lt;p&gt;&#160;&lt;/p&gt;

&lt;p&gt;Best regards&lt;/p&gt;

&lt;p&gt;Hans&#160;&lt;/p&gt;</comment>
                            <comment id="16832320" author="svenmeier" created="Fri, 3 May 2019 07:49:16 +0000"  >&lt;p&gt;Hi Hans,&lt;/p&gt;

&lt;p&gt;&amp;gt;The browser does not process the answer of a request before sending the next request.&lt;/p&gt;

&lt;p&gt;this is not true for wicket-ajax, which queues all requests.&lt;/p&gt;

&lt;p&gt;&amp;gt; Then Wicket processes Request R2, which targets now an invisible component.&lt;/p&gt;

&lt;p&gt;For exactly this reason wicket-ajax aborts R2, if A&apos;s markup is no longer in the DOM. And we changed it to handle placeholders in the same way.&lt;/p&gt;

&lt;p&gt;&amp;gt; I just override canCallListener with { return true; }&lt;/p&gt;

&lt;p&gt;That seems to circumvent Wicket&apos;s inbuilt security.&lt;/p&gt;

&lt;p&gt;A quickstart would really help to support your arguments.&lt;/p&gt;</comment>
                            <comment id="16832332" author="svenmeier" created="Fri, 3 May 2019 08:10:57 +0000"  >&lt;p&gt;Thanks for your detailled description:&lt;/p&gt;

&lt;p&gt;Why are you insinsting on sending the request to the invisible search-result-panel? You could equally well attach your behavior on any other component (e.g. the parent panel) and let it unhide the search results.&lt;/p&gt;

&lt;p&gt;You could even join these two behaviors into one, so it would listen for an event on an input, and show &lt;b&gt;another&lt;/b&gt; component as soon as it receives the response from your search service.&lt;/p&gt;

&lt;p&gt;BTW an IResource would be simpler than building a custom IRequestMapper/IRequestHandler-Pair.&lt;/p&gt;</comment>
                            <comment id="16832377" author="hosea" created="Fri, 3 May 2019 09:08:52 +0000"  >&lt;p&gt;Hi &lt;a href=&quot;https://issues.apache.org/jira/secure/ViewProfile.jspa?name=svenmeier&quot; class=&quot;user-hover&quot; rel=&quot;svenmeier&quot;&gt;Sven Meier&lt;/a&gt;,&#160;&lt;/p&gt;

&lt;p&gt;thanks for your hint regarding IResource and your idea of a solution.&lt;/p&gt;

&lt;p&gt;Just to make ist clear: I do not insist on sending the request to an invisible component. It came just up, because I had a broken component after updating from Wicket 8.0 to Wicket 8.3.&#160;During debugging I found the change that broke my component and then I changed the component so that it worked again.&#160;&lt;/p&gt;

&lt;p&gt;So why did I open the ticket? Because I&apos;m really convinced, that the change of Wicket-6675 does not solve the unsolvable base problem.&#160;Additional I think, that it perhaps&#160;introduces&#160;in some way inconsistency. I know, I have to argue hard now &lt;img class=&quot;emoticon&quot; src=&quot;https://issues.apache.org/jira/images/icons/emoticons/smile.png&quot; height=&quot;16&quot; width=&quot;16&quot; align=&quot;absmiddle&quot; alt=&quot;&quot; border=&quot;0&quot;/&gt;&lt;/p&gt;

&lt;p&gt;Why I&apos;m convinced, that the base problem is unsolveablem, is given by my argumentation above.&lt;/p&gt;

&lt;p&gt;Why I think, that it is not consistent: A component, that renders a placeholder, just wants to&#160;play an active part in the browser&#160;during the lifetime of the &quot;HTML-Instance&quot; in the browser. So: what is an active part? An active part is undisputed &quot;rerendering during Ajax-Requests/ replacing Markup and add executed Javascript during Ajax-Requests&quot;. Is ist also: Receive and process events? I think: yes. Because the Wicket-API explicitly models &quot;canCallListener&quot; with the reasonable Implementation &quot;only if visible and enabled&quot;. And the component is also processing events / AjaxRequestTargets even if it is invisible. Just as you have to explicitly enable &quot;be an active part of the page&quot; by enabling placeholders, you have to explicitly enable &quot;receive browser events even if invisible&quot; by overwriting &quot;canCallListener&quot;. The now generated Javascript does ignore this, it just assumes the default-Behaviour of canCallListener. My strong opinion is, that Javascript-Behaviour should exactly match the Server-Side-Behaviour. This is broken in my opinion.&lt;/p&gt;

&lt;p&gt;Best regards&lt;/p&gt;

&lt;p&gt;Hans&lt;/p&gt;</comment>
                            <comment id="16832462" author="svenmeier" created="Fri, 3 May 2019 12:25:03 +0000"  >&lt;p&gt;Hi &lt;a href=&quot;https://issues.apache.org/jira/secure/ViewProfile.jspa?name=hosea&quot; class=&quot;user-hover&quot; rel=&quot;hosea&quot;&gt;Hans Sch&#228;fer&lt;/a&gt;,&lt;/p&gt;

&lt;p&gt;Wicket-6675 doesn&apos;t try to fix an unsolvable base problem, it aligns placeholder-components with invisible components to make it more consistent:&lt;br/&gt;
When a programmer hides a component, any pending Ajax request is prevented - this should not be dependent on whether a placeholder is generated.&lt;/p&gt;

&lt;p&gt;IMHO a placeholder is just a placeholder where the component will&#160;&lt;b&gt;eventually&lt;/b&gt; show up, it is not &quot;active part of the page&quot;.&lt;/p&gt;

&lt;p&gt;You&apos;re right that there are fundamental problems with keeping the browser DOM in-sync with the component tree. But overwriting #canCallListener() everywhere is not the solution to this.&lt;/p&gt;

&lt;p&gt;I really think we would make better progress if you provided a quickstart with the &apos;unsolvable&apos; problem you want to solve, your search-panel is not a good example &lt;img class=&quot;emoticon&quot; src=&quot;https://issues.apache.org/jira/images/icons/emoticons/tongue.png&quot; height=&quot;16&quot; width=&quot;16&quot; align=&quot;absmiddle&quot; alt=&quot;&quot; border=&quot;0&quot;/&gt;.&lt;/p&gt;</comment>
                            <comment id="16855597" author="hosea" created="Tue, 4 Jun 2019 11:24:59 +0000"  >&lt;p&gt;Hi &lt;a href=&quot;https://issues.apache.org/jira/secure/ViewProfile.jspa?name=svenmeier&quot; class=&quot;user-hover&quot; rel=&quot;svenmeier&quot;&gt;Sven Meier&lt;/a&gt;,&#160;&lt;/p&gt;

&lt;p&gt;unfortunately it took some time, until I could provide a showcase. I added it as .tgz-File. I hope, it will make things more clear &lt;img class=&quot;emoticon&quot; src=&quot;https://issues.apache.org/jira/images/icons/emoticons/smile.png&quot; height=&quot;16&quot; width=&quot;16&quot; align=&quot;absmiddle&quot; alt=&quot;&quot; border=&quot;0&quot;/&gt;&lt;/p&gt;

&lt;p&gt;The showcase creates a situation, where the DOM-Tree is not in sync with server-side state. This in consequence leads to a ListenerInvocationNotAllowedException. My opinion is, that it is not possible to avoid such situations. And in consequence: if you cant avoid such situations, find a good way to handle such situations. I guess the initial idea of &quot;canCallListener&quot; was to give the programmer a chance to handle&#160;the ListenerInvocationNotAllowedException-situations. Perhaps it is a good idea to make a Wicket-Application more configurable in handling the &quot;ListenerInvocationNotAllowedException&quot; instead of trying to avoiding requests via Javascript-Magic. I think about it and will try to find a proposal.&lt;/p&gt;

&lt;p&gt;&#160;&lt;/p&gt;</comment>
                            <comment id="16856011" author="svenmeier" created="Tue, 4 Jun 2019 18:49:03 +0000"  >&lt;p&gt;&amp;gt; &lt;a href=&quot;https://issues.apache.org/jira/secure/ViewProfile.jspa?name=hosea&quot; class=&quot;user-hover&quot; rel=&quot;hosea&quot;&gt;Hans Sch&#228;fer&lt;/a&gt; I guess the initial idea of &quot;canCallListener&quot; was to give the programmer a chance to handle&#160;the ListenerInvocationNotAllowedException&lt;/p&gt;

&lt;p&gt;If that was the case, then it would be rather clumsy solution. IIRC &quot;canCallListener&quot; was introduced to allow calling of listeners inside an otherwise disabled component hierarchy - nothing to do with visibility.&lt;/p&gt;

&lt;p&gt;I&apos;ll take a look on your quickstart.&lt;/p&gt;</comment>
                            <comment id="16856602" author="svenmeier" created="Wed, 5 Jun 2019 11:16:02 +0000"  >&lt;p&gt;Your show-case mixes Ajax with non-Ajax requests: While the visibility is toggled (via Ajax), the link is requested immediately (via non-Ajax) and hits the invisible component -&amp;gt; ListenerInvocationNotAllowedException.&lt;/p&gt;

&lt;p&gt;If your SimpleRefreshLink extended AjaxLink, you&apos;d see Wicket&apos;s protection against this: the second Ajax request is queued, then aborted since the component is no longer in the DOM (regardless of the usage of #setOutputMarkupId()).&lt;/p&gt;

&lt;p&gt;So yes, there&apos;s a pitfall with parallel Ajax/non-Ajax requests you weren&apos;t aware of and we should try to improve our documentation on.&lt;/p&gt;

&lt;p&gt;Note that the changes in &lt;a href=&quot;https://issues.apache.org/jira/browse/WICKET-6575&quot; title=&quot;Ajax requests are still firing even when placeholder tag is written only&quot; class=&quot;issue-link&quot; data-issue-key=&quot;WICKET-6575&quot;&gt;&lt;del&gt;WICKET-6575&lt;/del&gt;&lt;/a&gt; were specifically meant to address the problem of consecutive&#160;&lt;b&gt;Ajax&lt;/b&gt; requests on placeholders, which indeed now no longer run into ListenerInvocationNotAllowedExceptions.&lt;/p&gt;

&lt;p&gt;As a general solution for handling ListenerInvocationNotAllowedExceptions you can use a custom IExceptionMapper (or IRequestCycleListener) that drops these exceptions.&lt;/p&gt;</comment>
                            <comment id="16857371" author="svenmeier" created="Thu, 6 Jun 2019 07:26:38 +0000"  >&lt;p&gt;&lt;a href=&quot;https://issues.apache.org/jira/browse/WICKET-6575&quot; title=&quot;Ajax requests are still firing even when placeholder tag is written only&quot; class=&quot;issue-link&quot; data-issue-key=&quot;WICKET-6575&quot;&gt;&lt;del&gt;WICKET-6575&lt;/del&gt;&lt;/a&gt; improved consistency between invisible components and those with placeholders. This reduces the risk of running into ListenerInvocationNotAllowedExpections. We won&apos;t revert that.&lt;/p&gt;

&lt;p&gt;&lt;a href=&quot;https://issues.apache.org/jira/secure/ViewProfile.jspa?name=hosea&quot; class=&quot;user-hover&quot; rel=&quot;hosea&quot;&gt;Hans Sch&#228;fer&lt;/a&gt; please open a new issue, if you see possible improvements for related problems (e.g. race-conditions between Ajax and non-Ajax requests, handling exceptions globally)&lt;/p&gt;</comment>
                    </comments>
                    <attachments>
                            <attachment id="12970820" name="wicket-case.tgz" size="4235" author="hosea" created="Tue, 4 Jun 2019 11:19:30 +0000"/>
                    </attachments>
                <subtasks>
                    </subtasks>
                <customfields>
                                                <customfield id="customfield_12310310" key="com.atlassian.jira.toolkit:attachments">
                        <customfieldname>Attachment count</customfieldname>
                        <customfieldvalues>
                            <customfieldvalue>1.0</customfieldvalue>
                        </customfieldvalues>
                    </customfield>
                                                                                                                                                                                                                                                                                                                                                                                                                                                                                                                                                                                                                    <customfield id="customfield_12310220" key="com.atlassian.jira.ext.charting:firstresponsedate">
                        <customfieldname>Date of First Response</customfieldname>
                        <customfieldvalues>
                            <customfieldvalue>Thu, 2 May 2019 16:42:23 +0000</customfieldvalue>

                        </customfieldvalues>
                    </customfield>
                                                                <customfield id="customfield_12314020" key="com.atlassian.jira.plugins.jira-development-integration-plugin:devsummary">
                        <customfieldname>Development</customfieldname>
                        <customfieldvalues>
                            
                        </customfieldvalues>
                    </customfield>
                                                                                                                        <customfield id="customfield_12313422" key="com.atlassian.jirafisheyeplugin:jobcheckbox">
                        <customfieldname>Enable Automatic Patch Review</customfieldname>
                        <customfieldvalues>
                            <customfieldvalue><![CDATA[false]]></customfieldvalue>

                        </customfieldvalues>
                    </customfield>
                                                                                                                                                                                                                                                                                                                                                                                                                                                                        <customfield id="customfield_12310420" key="com.pyxis.greenhopper.jira:gh-global-rank">
                        <customfieldname>Global Rank</customfieldname>
                        <customfieldvalues>
                            <customfieldvalue>9223372036854775807</customfieldvalue>
                        </customfieldvalues>
                    </customfield>
                                                                                                                        <customfield id="customfield_12312521" key="com.atlassian.jira.toolkit:LastCommentDate">
                        <customfieldname>Last public comment date</customfieldname>
                        <customfieldvalues>
                            22 weeks, 2 days ago
                        </customfieldvalues>
                    </customfield>
                                                                                                                                                    <customfield id="customfield_12311820" key="com.pyxis.greenhopper.jira:gh-lexo-rank">
                        <customfieldname>Rank</customfieldname>
                        <customfieldvalues>
                            <customfieldvalue>0|z02c5s:</customfieldvalue>

                        </customfieldvalues>
                    </customfield>
                                                                <customfield id="customfield_12310920" key="com.pyxis.greenhopper.jira:gh-global-rank">
                        <customfieldname>Rank (Obsolete)</customfieldname>
                        <customfieldvalues>
                            <customfieldvalue>9223372036854775807</customfieldvalue>
                        </customfieldvalues>
                    </customfield>
                                                                                                                                                                                                                                                                                                                                                        <customfield id="customfield_12310222" key="com.atlassian.jira.ext.charting:timeinstatus">
                        <customfieldname>Time in Status</customfieldname>
                        <customfieldvalues>
                            
                        </customfieldvalues>
                    </customfield>
                                                                </customfields>
    </item>
</channel>
</rss>