<!--
RSS generated by JIRA (8.3.4#803005-sha1:1f96e09b3c60279a408a2ae47be3c745f571388b) at Sun Feb 16 09:19:32 UTC 2020

It is possible to restrict the fields that are returned in this document by specifying the 'field' parameter in your request.
For example, to request only the issue key and summary append 'field=key&field=summary' to the URL of your request.
-->
<!-- If you wish to do custom client-side styling of RSS, uncomment this:
<?xml-stylesheet href="https://issues.apache.org/jira/styles/jiraxml2html.xsl" type="text/xsl"?>
-->
<rss version="0.92">
    <channel>
        <title>ASF JIRA</title>
        <link>https://issues.apache.org/jira/issues/?jql=project+%3D+WICKET+AND+issuetype+%3D+Bug+AND+created+%3E%3D+2019-10-01+AND+created+%3C%3D+2019-11-01</link>
        <description>An XML representation of a search request</description>
                <language>en-uk</language>
                        <issue start="0" end="5" total="5"/>
                <build-info>
            <version>8.3.4</version>
            <build-number>803005</build-number>
            <build-date>13-09-2019</build-date>
        </build-info>

<item>
            <title>[WICKET-6711] Contradictory generating behavior id in AbstractDefaultAjaxBehavior#onBind for stateless behaviors</title>
                <link>https://issues.apache.org/jira/browse/WICKET-6711</link>
                <project id="12310561" key="WICKET">Wicket</project>
                    <description>&lt;p&gt;&lt;b&gt;Behavior&lt;/b&gt; class says that behavior is not stateless if it is a request listener:&lt;/p&gt;
&lt;div class=&quot;code panel&quot; style=&quot;border-width: 1px;&quot;&gt;&lt;div class=&quot;codeContent panelContent&quot;&gt;
&lt;pre class=&quot;code-java&quot;&gt;
&lt;span class=&quot;code-keyword&quot;&gt;public&lt;/span&gt; &lt;span class=&quot;code-object&quot;&gt;boolean&lt;/span&gt; getStatelessHint(Component component) {
   &lt;span class=&quot;code-keyword&quot;&gt;if&lt;/span&gt; (&lt;span class=&quot;code-keyword&quot;&gt;this&lt;/span&gt; &lt;span class=&quot;code-keyword&quot;&gt;instanceof&lt;/span&gt; IRequestListener) {
      &lt;span class=&quot;code-comment&quot;&gt;// &lt;span class=&quot;code-keyword&quot;&gt;this&lt;/span&gt; behavior &lt;span class=&quot;code-keyword&quot;&gt;implements&lt;/span&gt; a callback &lt;span class=&quot;code-keyword&quot;&gt;interface&lt;/span&gt;, so it cannot be stateless
&lt;/span&gt;      &lt;span class=&quot;code-keyword&quot;&gt;return&lt;/span&gt; &lt;span class=&quot;code-keyword&quot;&gt;false&lt;/span&gt;;
   }
   &lt;span class=&quot;code-keyword&quot;&gt;return&lt;/span&gt; &lt;span class=&quot;code-keyword&quot;&gt;true&lt;/span&gt;;
}
&lt;/pre&gt;
&lt;/div&gt;&lt;/div&gt;
&lt;p&gt;In &lt;b&gt;Behaviors&lt;/b&gt; &quot;util&quot; class the stable ID is generated for NOT stateless (i.e. stateful) behaviors:&lt;/p&gt;
&lt;div class=&quot;code panel&quot; style=&quot;border-width: 1px;&quot;&gt;&lt;div class=&quot;codeContent panelContent&quot;&gt;
&lt;pre class=&quot;code-java&quot;&gt;
&lt;span class=&quot;code-keyword&quot;&gt;private&lt;/span&gt; void internalAdd(&lt;span class=&quot;code-keyword&quot;&gt;final&lt;/span&gt; Behavior behavior) {
    component.data_add(behavior);
    &lt;span class=&quot;code-keyword&quot;&gt;if&lt;/span&gt; (behavior.getStatelessHint(component) == &lt;span class=&quot;code-keyword&quot;&gt;false&lt;/span&gt;) {
            getBehaviorId(behavior);
    }
}
&lt;/pre&gt;
&lt;/div&gt;&lt;/div&gt;
&lt;p&gt;BUT in &lt;b&gt;AbstractDefaultAjaxBehavior&lt;/b&gt;#onBind there is a contradictory piece of code, that generates ID for stateless behaviors:&lt;/p&gt;
&lt;div class=&quot;code panel&quot; style=&quot;border-width: 1px;&quot;&gt;&lt;div class=&quot;codeContent panelContent&quot;&gt;
&lt;pre class=&quot;code-java&quot;&gt;
&lt;span class=&quot;code-keyword&quot;&gt;protected&lt;/span&gt; void onBind() {
    &lt;span class=&quot;code-keyword&quot;&gt;final&lt;/span&gt; Component component = getComponent();
    
    component.setOutputMarkupId(&lt;span class=&quot;code-keyword&quot;&gt;true&lt;/span&gt;);
    
    &lt;span class=&quot;code-keyword&quot;&gt;if&lt;/span&gt; (getStatelessHint(component)) {
            &lt;span class=&quot;code-comment&quot;&gt;//generate behavior id
&lt;/span&gt;            component.getBehaviorId(&lt;span class=&quot;code-keyword&quot;&gt;this&lt;/span&gt;);
    }
}
&lt;/pre&gt;
&lt;/div&gt;&lt;/div&gt;
&lt;p&gt;The AJAX behaviors are always IRequestListener so they are stateful by default (unless the getStatelessHint is overridden).&lt;/p&gt;

&lt;p&gt;&lt;img class=&quot;emoticon&quot; src=&quot;https://issues.apache.org/jira/images/icons/emoticons/help_16.png&quot; height=&quot;16&quot; width=&quot;16&quot; align=&quot;absmiddle&quot; alt=&quot;&quot; border=&quot;0&quot;/&gt; It does not make sense to me... generate ID for stateful behaviors on the one hand in Behaviors and on the other hand for stateless in AbstractDefaultAjaxBehavior.&lt;/p&gt;

&lt;p&gt;&lt;img class=&quot;emoticon&quot; src=&quot;https://issues.apache.org/jira/images/icons/emoticons/warning.png&quot; height=&quot;16&quot; width=&quot;16&quot; align=&quot;absmiddle&quot; alt=&quot;&quot; border=&quot;0&quot;/&gt; I suspect that this could be bug.&lt;/p&gt;</description>
                <environment></environment>
        <key id="13262327">WICKET-6711</key>
            <summary>Contradictory generating behavior id in AbstractDefaultAjaxBehavior#onBind for stateless behaviors</summary>
                <type id="1" iconUrl="https://issues.apache.org/jira/secure/viewavatar?size=xsmall&amp;avatarId=21133&amp;avatarType=issuetype">Bug</type>
                                            <priority id="3" iconUrl="https://issues.apache.org/jira/images/icons/priorities/major.svg">Major</priority>
                        <status id="1" iconUrl="https://issues.apache.org/jira/images/icons/statuses/open.png" description="The issue is open and ready for the assignee to start work on it.">Open</status>
                    <statusCategory id="2" key="new" colorName="blue-gray"/>
                                    <resolution id="-1">Unresolved</resolution>
                                        <assignee username="-1">Unassigned</assignee>
                                    <reporter username="davesman">David Rain</reporter>
                        <labels>
                            <label>ajax</label>
                            <label>behavior</label>
                    </labels>
                <created>Tue, 15 Oct 2019 09:48:04 +0000</created>
                <updated>Wed, 16 Oct 2019 10:36:17 +0000</updated>
                                            <version>8.6.1</version>
                                                    <component>wicket-core</component>
                        <due></due>
                            <votes>0</votes>
                                    <watches>2</watches>
                                                                <comments>
                            <comment id="16952661" author="svenmeier" created="Wed, 16 Oct 2019 09:39:34 +0000"  >&lt;p&gt;That leaves stateless-non-Ajax behaviors which do not require an ID (e.g. an AttributeModifier). I don&apos;t see a problem with that.&lt;/p&gt;</comment>
                            <comment id="16952707" author="davesman" created="Wed, 16 Oct 2019 10:36:17 +0000"  >&lt;p&gt;I understand that, &lt;a href=&quot;https://issues.apache.org/jira/secure/ViewProfile.jspa?name=svenmeier&quot; class=&quot;user-hover&quot; rel=&quot;svenmeier&quot;&gt;Sven Meier&lt;/a&gt;, in case of non-AJAX. behaviors.&lt;/p&gt;

&lt;p&gt;But in case of Ajax behaviors, which are IRequestListeners, the getBehaviorId is called in case the behavior is not stateless. BUT if it is also a subclass of &lt;b&gt;AbstractDefaultAjaxBehavior&lt;/b&gt; it is called also when it IS stateless. That is the thing I cannot understand.&lt;/p&gt;</comment>
                    </comments>
                    <attachments>
                    </attachments>
                <subtasks>
                    </subtasks>
                <customfields>
                                                                            <customfield id="customfield_12310310" key="com.atlassian.jira.toolkit:attachments">
                        <customfieldname>Attachment count</customfieldname>
                        <customfieldvalues>
                            <customfieldvalue>0.0</customfieldvalue>
                        </customfieldvalues>
                    </customfield>
                                                                                                                                                                                                                                                                                                                                                                                                                                                                                                                                                                                                                                                                                                        <customfield id="customfield_12310220" key="com.atlassian.jira.ext.charting:firstresponsedate">
                        <customfieldname>Date of First Response</customfieldname>
                        <customfieldvalues>
                            <customfieldvalue>Wed, 16 Oct 2019 09:39:34 +0000</customfieldvalue>

                        </customfieldvalues>
                    </customfield>
                                                                <customfield id="customfield_12314020" key="com.atlassian.jira.plugins.jira-development-integration-plugin:devsummary">
                        <customfieldname>Development</customfieldname>
                        <customfieldvalues>
                            
                        </customfieldvalues>
                    </customfield>
                                                                                                                        <customfield id="customfield_12313422" key="com.atlassian.jirafisheyeplugin:jobcheckbox">
                        <customfieldname>Enable Automatic Patch Review</customfieldname>
                        <customfieldvalues>
                            <customfieldvalue><![CDATA[false]]></customfieldvalue>

                        </customfieldvalues>
                    </customfield>
                                                                                                                                                                                                                                                                                                                                                                                                                                                                                                                                                                                                                    <customfield id="customfield_12310420" key="com.pyxis.greenhopper.jira:gh-global-rank">
                        <customfieldname>Global Rank</customfieldname>
                        <customfieldvalues>
                            <customfieldvalue>9223372036854775807</customfieldvalue>
                        </customfieldvalues>
                    </customfield>
                                                                                                                                                                                                            <customfield id="customfield_12312521" key="com.atlassian.jira.toolkit:LastCommentDate">
                        <customfieldname>Last public comment date</customfieldname>
                        <customfieldvalues>
                            17 weeks, 3 days ago
                        </customfieldvalues>
                    </customfield>
                                                                                                                                                                                                            <customfield id="customfield_12311820" key="com.pyxis.greenhopper.jira:gh-lexo-rank">
                        <customfieldname>Rank</customfieldname>
                        <customfieldvalues>
                            <customfieldvalue>0|z07lkw:</customfieldvalue>

                        </customfieldvalues>
                    </customfield>
                                                                <customfield id="customfield_12310920" key="com.pyxis.greenhopper.jira:gh-global-rank">
                        <customfieldname>Rank (Obsolete)</customfieldname>
                        <customfieldvalues>
                            <customfieldvalue>9223372036854775807</customfieldvalue>
                        </customfieldvalues>
                    </customfield>
                                                                                                                                                                                                                                                                                                                                                                                                                                                                                                                                                                                                                                                                                                                                    </customfields>
    </item>


<item>
            <title>[WICKET-6710] Infinite page loading with StalePageException</title>
                <link>https://issues.apache.org/jira/browse/WICKET-6710</link>
                <project id="12310561" key="WICKET">Wicket</project>
                    <description>&lt;p&gt;Hi, I have a problem, that somehow because of this in constructor of the page:&lt;/p&gt;

&lt;p&gt;&#160;&lt;/p&gt;
&lt;div class=&quot;code panel&quot; style=&quot;border-width: 1px;&quot;&gt;&lt;div class=&quot;codeContent panelContent&quot;&gt;
&lt;pre class=&quot;code-java&quot;&gt;
add(&lt;span class=&quot;code-keyword&quot;&gt;new&lt;/span&gt; AjaxEventBehavior(&lt;span class=&quot;code-quote&quot;&gt;&quot;DOMContentLoaded&quot;&lt;/span&gt;) { add(&lt;span class=&quot;code-keyword&quot;&gt;new&lt;/span&gt; AjaxEventBehavior(&lt;span class=&quot;code-quote&quot;&gt;&quot;DOMContentLoaded&quot;&lt;/span&gt;) { &lt;span class=&quot;code-keyword&quot;&gt;private&lt;/span&gt; &lt;span class=&quot;code-keyword&quot;&gt;static&lt;/span&gt; &lt;span class=&quot;code-keyword&quot;&gt;final&lt;/span&gt; &lt;span class=&quot;code-object&quot;&gt;long&lt;/span&gt; serialVersionUID = 1L;
 @Override &lt;span class=&quot;code-keyword&quot;&gt;protected&lt;/span&gt; void onEvent(&lt;span class=&quot;code-keyword&quot;&gt;final&lt;/span&gt; AjaxRequestTarget target) { [0].classList.add(&lt;span class=&quot;code-quote&quot;&gt;&apos;fade-in&apos;&lt;/span&gt;);&lt;span class=&quot;code-quote&quot;&gt;&quot;); target.appendJavaScript(&quot;&lt;/span&gt;some javascript&quot;); } });&lt;/pre&gt;
&lt;/div&gt;&lt;/div&gt;
&lt;p&gt;&#160;&lt;/p&gt;

&lt;p&gt;when I access the page, the StalePageException is thrown and wicket starts infinite reloading the page again and again. I cant work with app after that. What could be the problem? My app console is full of these:&lt;/p&gt;
&lt;div class=&quot;code panel&quot; style=&quot;border-width: 1px;&quot;&gt;&lt;div class=&quot;codeContent panelContent&quot;&gt;
&lt;pre class=&quot;code-java&quot;&gt;
WARN RequestCycleExtra - ******************************** WARN RequestCycleExtra - Handling the following exception org.apache.wicket.core.request.mapper.StalePageException: A request to page &lt;span class=&quot;code-quote&quot;&gt;&apos;[Page class = *.*Page, id = 1, render count = 2]&apos;&lt;/span&gt; has been made with stale &lt;span class=&quot;code-quote&quot;&gt;&apos;renderCount&apos;&lt;/span&gt;. The page will be re-rendered. WARN RequestCycleExtra - ********************************&lt;/pre&gt;
&lt;/div&gt;&lt;/div&gt;
&lt;p&gt;and page is refreshing. So I guess, that I am not using the behaviors in right way.&lt;/p&gt;

&lt;p&gt;&#160;&lt;/p&gt;

&lt;p&gt;Same as if I will use AbstractDefaultAjaxBehavior.&lt;/p&gt;</description>
                <environment>Windows 10, CentOS 7, Eclipse</environment>
        <key id="13261809">WICKET-6710</key>
            <summary>Infinite page loading with StalePageException</summary>
                <type id="1" iconUrl="https://issues.apache.org/jira/secure/viewavatar?size=xsmall&amp;avatarId=21133&amp;avatarType=issuetype">Bug</type>
                                            <priority id="3" iconUrl="https://issues.apache.org/jira/images/icons/priorities/major.svg">Major</priority>
                        <status id="5" iconUrl="https://issues.apache.org/jira/images/icons/statuses/resolved.png" description="A resolution has been taken, and it is awaiting verification by reporter. From here issues are either reopened, or are closed.">Resolved</status>
                    <statusCategory id="3" key="done" colorName="green"/>
                                    <resolution id="5">Cannot Reproduce</resolution>
                                        <assignee username="-1">Unassigned</assignee>
                                    <reporter username="Vladan">Petr</reporter>
                        <labels>
                    </labels>
                <created>Fri, 11 Oct 2019 13:52:29 +0000</created>
                <updated>Fri, 15 Nov 2019 07:15:12 +0000</updated>
                            <resolved>Fri, 15 Nov 2019 07:15:12 +0000</resolved>
                                    <version>8.6.1</version>
                                                    <component>wicket-core</component>
                        <due></due>
                            <votes>0</votes>
                                    <watches>2</watches>
                                                                <comments>
                            <comment id="16949768" author="svenmeier" created="Fri, 11 Oct 2019 19:57:48 +0000"  >&lt;p&gt;Please attach a quickstart showing the problem:&lt;/p&gt;

&lt;p&gt;&lt;a href=&quot;https://wicket.apache.org/start/quickstart.html&quot; class=&quot;external-link&quot; rel=&quot;nofollow&quot;&gt;https://wicket.apache.org/start/quickstart.html&lt;/a&gt;&lt;/p&gt;</comment>
                            <comment id="16974872" author="mgrigorov" created="Fri, 15 Nov 2019 07:15:12 +0000"  >&lt;p&gt;Closing as &quot;Cannot reproduce&quot; because a quickstart was not provided by the reporter.&lt;/p&gt;</comment>
                    </comments>
                    <attachments>
                    </attachments>
                <subtasks>
                    </subtasks>
                <customfields>
                                                                            <customfield id="customfield_12310310" key="com.atlassian.jira.toolkit:attachments">
                        <customfieldname>Attachment count</customfieldname>
                        <customfieldvalues>
                            <customfieldvalue>0.0</customfieldvalue>
                        </customfieldvalues>
                    </customfield>
                                                                                                                                                                                                                                                                                                                                                                                                                                                                                                                                                                                                                                                                                                        <customfield id="customfield_12310220" key="com.atlassian.jira.ext.charting:firstresponsedate">
                        <customfieldname>Date of First Response</customfieldname>
                        <customfieldvalues>
                            <customfieldvalue>Fri, 11 Oct 2019 19:57:48 +0000</customfieldvalue>

                        </customfieldvalues>
                    </customfield>
                                                                <customfield id="customfield_12314020" key="com.atlassian.jira.plugins.jira-development-integration-plugin:devsummary">
                        <customfieldname>Development</customfieldname>
                        <customfieldvalues>
                            
                        </customfieldvalues>
                    </customfield>
                                                                                                                        <customfield id="customfield_12313422" key="com.atlassian.jirafisheyeplugin:jobcheckbox">
                        <customfieldname>Enable Automatic Patch Review</customfieldname>
                        <customfieldvalues>
                            <customfieldvalue><![CDATA[false]]></customfieldvalue>

                        </customfieldvalues>
                    </customfield>
                                                                                                                                                                                                                                                                                                                                                                                                                                                                                                                                                                                                                    <customfield id="customfield_12310420" key="com.pyxis.greenhopper.jira:gh-global-rank">
                        <customfieldname>Global Rank</customfieldname>
                        <customfieldvalues>
                            <customfieldvalue>9223372036854775807</customfieldvalue>
                        </customfieldvalues>
                    </customfield>
                                                                                                                                                                                                            <customfield id="customfield_12312521" key="com.atlassian.jira.toolkit:LastCommentDate">
                        <customfieldname>Last public comment date</customfieldname>
                        <customfieldvalues>
                            13 weeks, 2 days ago
                        </customfieldvalues>
                    </customfield>
                                                                                                                                                                                                            <customfield id="customfield_12311820" key="com.pyxis.greenhopper.jira:gh-lexo-rank">
                        <customfieldname>Rank</customfieldname>
                        <customfieldvalues>
                            <customfieldvalue>0|z07ids:</customfieldvalue>

                        </customfieldvalues>
                    </customfield>
                                                                <customfield id="customfield_12310920" key="com.pyxis.greenhopper.jira:gh-global-rank">
                        <customfieldname>Rank (Obsolete)</customfieldname>
                        <customfieldvalues>
                            <customfieldvalue>9223372036854775807</customfieldvalue>
                        </customfieldvalues>
                    </customfield>
                                                                                                                                                                                                                                                                                                                                                                                                                                                                                                                                                                                                                                                                            <customfield id="customfield_12310222" key="com.atlassian.jira.ext.charting:timeinstatus">
                        <customfieldname>Time in Status</customfieldname>
                        <customfieldvalues>
                            
                        </customfieldvalues>
                    </customfield>
                                                                                            </customfields>
    </item>


<item>
            <title>[WICKET-6708] FormComponent should read only the GET/POST parameters of the request, not both</title>
                <link>https://issues.apache.org/jira/browse/WICKET-6708</link>
                <project id="12310561" key="WICKET">Wicket</project>
                    <description>&lt;p&gt;org.apache.wicket.markup.html.form.FormComponent#getInputAsArray() currently uses org.apache.wicket.request.Request#getRequestParameters() to read the value(s) of their respective parameter.&lt;/p&gt;

&lt;p&gt;It should use only the parameters for the actual method (GET or POST) instead to prevent any data leakage.&lt;/p&gt;

&lt;p&gt;If form submit is in place then the method mismatch should be handled at org.apache.wicket.markup.html.form.Form#onMethodMismatch()&lt;/p&gt;</description>
                <environment></environment>
        <key id="13260949">WICKET-6708</key>
            <summary>FormComponent should read only the GET/POST parameters of the request, not both</summary>
                <type id="1" iconUrl="https://issues.apache.org/jira/secure/viewavatar?size=xsmall&amp;avatarId=21133&amp;avatarType=issuetype">Bug</type>
                                            <priority id="3" iconUrl="https://issues.apache.org/jira/images/icons/priorities/major.svg">Major</priority>
                        <status id="5" iconUrl="https://issues.apache.org/jira/images/icons/statuses/resolved.png" description="A resolution has been taken, and it is awaiting verification by reporter. From here issues are either reopened, or are closed.">Resolved</status>
                    <statusCategory id="3" key="done" colorName="green"/>
                                    <resolution id="1">Fixed</resolution>
                                        <assignee username="mgrigorov">Martin Tzvetanov Grigorov</assignee>
                                    <reporter username="mgrigorov">Martin Tzvetanov Grigorov</reporter>
                        <labels>
                    </labels>
                <created>Mon, 7 Oct 2019 18:56:24 +0000</created>
                <updated>Fri, 25 Oct 2019 15:55:59 +0000</updated>
                            <resolved>Wed, 9 Oct 2019 12:39:16 +0000</resolved>
                                    <version>8.6.1</version>
                    <version>7.15.0</version>
                    <version>9.0.0-M3</version>
                                    <fixVersion>8.7.0</fixVersion>
                    <fixVersion>9.0.0-M4</fixVersion>
                    <fixVersion>7.16.0</fixVersion>
                                    <component>wicket</component>
                        <due></due>
                            <votes>0</votes>
                                    <watches>2</watches>
                                                                <comments>
                            <comment id="16946149" author="jira-bot" created="Mon, 7 Oct 2019 19:04:23 +0000"  >&lt;p&gt;Commit 0c19cf8f1ba9d1677303fa7a38c1df04c9becd3f in wicket&apos;s branch refs/heads/master from Martin Tzvetanov Grigorov&lt;br/&gt;
[ &lt;a href=&quot;https://gitbox.apache.org/repos/asf?p=wicket.git;h=0c19cf8&quot; class=&quot;external-link&quot; rel=&quot;nofollow&quot;&gt;https://gitbox.apache.org/repos/asf?p=wicket.git;h=0c19cf8&lt;/a&gt; ]&lt;/p&gt;

&lt;p&gt;&lt;a href=&quot;https://issues.apache.org/jira/browse/WICKET-6708&quot; title=&quot;FormComponent should read only the GET/POST parameters of the request, not both&quot; class=&quot;issue-link&quot; data-issue-key=&quot;WICKET-6708&quot;&gt;&lt;del&gt;WICKET-6708&lt;/del&gt;&lt;/a&gt; FormComponent should read only the GET/POST parameters of the request, not both&lt;/p&gt;</comment>
                            <comment id="16947621" author="jira-bot" created="Wed, 9 Oct 2019 12:38:36 +0000"  >&lt;p&gt;Commit 9c3129517a15c37cc90fb27a697868a825940aa0 in wicket&apos;s branch refs/heads/wicket-8.x from Martin Tzvetanov Grigorov&lt;br/&gt;
[ &lt;a href=&quot;https://gitbox.apache.org/repos/asf?p=wicket.git;h=9c31295&quot; class=&quot;external-link&quot; rel=&quot;nofollow&quot;&gt;https://gitbox.apache.org/repos/asf?p=wicket.git;h=9c31295&lt;/a&gt; ]&lt;/p&gt;

&lt;p&gt;&lt;a href=&quot;https://issues.apache.org/jira/browse/WICKET-6708&quot; title=&quot;FormComponent should read only the GET/POST parameters of the request, not both&quot; class=&quot;issue-link&quot; data-issue-key=&quot;WICKET-6708&quot;&gt;&lt;del&gt;WICKET-6708&lt;/del&gt;&lt;/a&gt; FormComponent should read only the GET/POST parameters of the request, not both&lt;/p&gt;

&lt;p&gt;(cherry picked from commit 0c19cf8f1ba9d1677303fa7a38c1df04c9becd3f)&lt;/p&gt;</comment>
                            <comment id="16947622" author="jira-bot" created="Wed, 9 Oct 2019 12:39:00 +0000"  >&lt;p&gt;Commit 9a280ab3a729ac8e2b7ff9489d614cb851c7a7fe in wicket&apos;s branch refs/heads/wicket-7.x from Martin Tzvetanov Grigorov&lt;br/&gt;
[ &lt;a href=&quot;https://gitbox.apache.org/repos/asf?p=wicket.git;h=9a280ab&quot; class=&quot;external-link&quot; rel=&quot;nofollow&quot;&gt;https://gitbox.apache.org/repos/asf?p=wicket.git;h=9a280ab&lt;/a&gt; ]&lt;/p&gt;

&lt;p&gt;&lt;a href=&quot;https://issues.apache.org/jira/browse/WICKET-6708&quot; title=&quot;FormComponent should read only the GET/POST parameters of the request, not both&quot; class=&quot;issue-link&quot; data-issue-key=&quot;WICKET-6708&quot;&gt;&lt;del&gt;WICKET-6708&lt;/del&gt;&lt;/a&gt; FormComponent should read only the GET/POST parameters of the request, not both&lt;/p&gt;

&lt;p&gt;(cherry picked from commit 0c19cf8f1ba9d1677303fa7a38c1df04c9becd3f)&lt;br/&gt;
(cherry picked from commit 9c3129517a15c37cc90fb27a697868a825940aa0)&lt;/p&gt;</comment>
                            <comment id="16948387" author="jira-bot" created="Thu, 10 Oct 2019 10:21:51 +0000"  >&lt;p&gt;Commit 7a740a24f901d23bb6c3813337bd6797d43a1e33 in wicket&apos;s branch refs/heads/wicket-7.x from Martin Tzvetanov Grigorov&lt;br/&gt;
[ &lt;a href=&quot;https://gitbox.apache.org/repos/asf?p=wicket.git;h=7a740a2&quot; class=&quot;external-link&quot; rel=&quot;nofollow&quot;&gt;https://gitbox.apache.org/repos/asf?p=wicket.git;h=7a740a2&lt;/a&gt; ]&lt;/p&gt;

&lt;p&gt;&lt;a href=&quot;https://issues.apache.org/jira/browse/WICKET-6708&quot; title=&quot;FormComponent should read only the GET/POST parameters of the request, not both&quot; class=&quot;issue-link&quot; data-issue-key=&quot;WICKET-6708&quot;&gt;&lt;del&gt;WICKET-6708&lt;/del&gt;&lt;/a&gt; Fix compilation issue after git cherry-pick&lt;/p&gt;</comment>
                            <comment id="16948918" author="jira-bot" created="Thu, 10 Oct 2019 20:14:15 +0000"  >&lt;p&gt;Commit 5be3bf172ad33520a95c8fb55bbd76d99f296ea8 in wicket&apos;s branch refs/heads/master from Sven Meier&lt;br/&gt;
[ &lt;a href=&quot;https://gitbox.apache.org/repos/asf?p=wicket.git;h=5be3bf1&quot; class=&quot;external-link&quot; rel=&quot;nofollow&quot;&gt;https://gitbox.apache.org/repos/asf?p=wicket.git;h=5be3bf1&lt;/a&gt; ]&lt;/p&gt;

&lt;p&gt;&lt;a href=&quot;https://issues.apache.org/jira/browse/WICKET-6708&quot; title=&quot;FormComponent should read only the GET/POST parameters of the request, not both&quot; class=&quot;issue-link&quot; data-issue-key=&quot;WICKET-6708&quot;&gt;&lt;del&gt;WICKET-6708&lt;/del&gt;&lt;/a&gt; optimization&lt;/p&gt;

&lt;p&gt;prevent form lookup if not needed&lt;/p&gt;</comment>
                            <comment id="16948919" author="jira-bot" created="Thu, 10 Oct 2019 20:15:00 +0000"  >&lt;p&gt;Commit 8f25fc4a7bcf2165e519b19da92f381a022903b4 in wicket&apos;s branch refs/heads/wicket-8.x from Sven Meier&lt;br/&gt;
[ &lt;a href=&quot;https://gitbox.apache.org/repos/asf?p=wicket.git;h=8f25fc4&quot; class=&quot;external-link&quot; rel=&quot;nofollow&quot;&gt;https://gitbox.apache.org/repos/asf?p=wicket.git;h=8f25fc4&lt;/a&gt; ]&lt;/p&gt;

&lt;p&gt;&lt;a href=&quot;https://issues.apache.org/jira/browse/WICKET-6708&quot; title=&quot;FormComponent should read only the GET/POST parameters of the request, not both&quot; class=&quot;issue-link&quot; data-issue-key=&quot;WICKET-6708&quot;&gt;&lt;del&gt;WICKET-6708&lt;/del&gt;&lt;/a&gt; optimization&lt;/p&gt;

&lt;p&gt;prevent form lookup if not needed&lt;/p&gt;</comment>
                            <comment id="16948920" author="jira-bot" created="Thu, 10 Oct 2019 20:15:28 +0000"  >&lt;p&gt;Commit dadbc2a03eaa31f728b1b12a27196ce36a1ba7b9 in wicket&apos;s branch refs/heads/wicket-7.x from Sven Meier&lt;br/&gt;
[ &lt;a href=&quot;https://gitbox.apache.org/repos/asf?p=wicket.git;h=dadbc2a&quot; class=&quot;external-link&quot; rel=&quot;nofollow&quot;&gt;https://gitbox.apache.org/repos/asf?p=wicket.git;h=dadbc2a&lt;/a&gt; ]&lt;/p&gt;

&lt;p&gt;&lt;a href=&quot;https://issues.apache.org/jira/browse/WICKET-6708&quot; title=&quot;FormComponent should read only the GET/POST parameters of the request, not both&quot; class=&quot;issue-link&quot; data-issue-key=&quot;WICKET-6708&quot;&gt;&lt;del&gt;WICKET-6708&lt;/del&gt;&lt;/a&gt; optimization&lt;/p&gt;

&lt;p&gt;prevent form lookup if not needed&lt;/p&gt;</comment>
                            <comment id="16959620" author="jira-bot" created="Fri, 25 Oct 2019 09:52:29 +0000"  >&lt;p&gt;Commit 688ac1a14ae9ced532cc275c38fc35c64aba0044 in wicket&apos;s branch refs/heads/master from Andrea Del Bene&lt;br/&gt;
[ &lt;a href=&quot;https://gitbox.apache.org/repos/asf?p=wicket.git;h=688ac1a&quot; class=&quot;external-link&quot; rel=&quot;nofollow&quot;&gt;https://gitbox.apache.org/repos/asf?p=wicket.git;h=688ac1a&lt;/a&gt; ]&lt;/p&gt;

&lt;p&gt;&lt;a href=&quot;https://issues.apache.org/jira/browse/WICKET-6708&quot; title=&quot;FormComponent should read only the GET/POST parameters of the request, not both&quot; class=&quot;issue-link&quot; data-issue-key=&quot;WICKET-6708&quot;&gt;&lt;del&gt;WICKET-6708&lt;/del&gt;&lt;/a&gt; fix to avoid form submition break if request method is in uppercase form (ie: GET, POST)&lt;/p&gt;</comment>
                            <comment id="16959628" author="jira-bot" created="Fri, 25 Oct 2019 10:03:16 +0000"  >&lt;p&gt;Commit 0ba3ce015ae9f258246b92ac599a00481a26c37f in wicket&apos;s branch refs/heads/master from Andrea Del Bene&lt;br/&gt;
[ &lt;a href=&quot;https://gitbox.apache.org/repos/asf?p=wicket.git;h=0ba3ce0&quot; class=&quot;external-link&quot; rel=&quot;nofollow&quot;&gt;https://gitbox.apache.org/repos/asf?p=wicket.git;h=0ba3ce0&lt;/a&gt; ]&lt;/p&gt;

&lt;p&gt;&lt;a href=&quot;https://issues.apache.org/jira/browse/WICKET-6708&quot; title=&quot;FormComponent should read only the GET/POST parameters of the request, not both&quot; class=&quot;issue-link&quot; data-issue-key=&quot;WICKET-6708&quot;&gt;&lt;del&gt;WICKET-6708&lt;/del&gt;&lt;/a&gt; Made lowercase conversion local insentive, as did for &lt;a href=&quot;https://issues.apache.org/jira/browse/WICKET-6614&quot; title=&quot;AbstractRangeValidator looks up string with the wrong key if locale is Turkish&quot; class=&quot;issue-link&quot; data-issue-key=&quot;WICKET-6614&quot;&gt;&lt;del&gt;WICKET-6614&lt;/del&gt;&lt;/a&gt;&lt;/p&gt;</comment>
                            <comment id="16959732" author="jira-bot" created="Fri, 25 Oct 2019 12:56:10 +0000"  >&lt;p&gt;Commit bfaf1c44d62b86b93cebc3004755ab137053d50e in wicket&apos;s branch refs/heads/wicket-8.x from Andrea Del Bene&lt;br/&gt;
[ &lt;a href=&quot;https://gitbox.apache.org/repos/asf?p=wicket.git;h=bfaf1c4&quot; class=&quot;external-link&quot; rel=&quot;nofollow&quot;&gt;https://gitbox.apache.org/repos/asf?p=wicket.git;h=bfaf1c4&lt;/a&gt; ]&lt;/p&gt;

&lt;p&gt;&lt;a href=&quot;https://issues.apache.org/jira/browse/WICKET-6708&quot; title=&quot;FormComponent should read only the GET/POST parameters of the request, not both&quot; class=&quot;issue-link&quot; data-issue-key=&quot;WICKET-6708&quot;&gt;&lt;del&gt;WICKET-6708&lt;/del&gt;&lt;/a&gt; fix to avoid form submition break if request method is in uppercase form (ie: GET, POST)&lt;/p&gt;</comment>
                            <comment id="16959733" author="jira-bot" created="Fri, 25 Oct 2019 12:56:12 +0000"  >&lt;p&gt;Commit b6af906c2730f5b7871cae75777f19a1d8809bb1 in wicket&apos;s branch refs/heads/wicket-8.x from Andrea Del Bene&lt;br/&gt;
[ &lt;a href=&quot;https://gitbox.apache.org/repos/asf?p=wicket.git;h=b6af906&quot; class=&quot;external-link&quot; rel=&quot;nofollow&quot;&gt;https://gitbox.apache.org/repos/asf?p=wicket.git;h=b6af906&lt;/a&gt; ]&lt;/p&gt;

&lt;p&gt;&lt;a href=&quot;https://issues.apache.org/jira/browse/WICKET-6708&quot; title=&quot;FormComponent should read only the GET/POST parameters of the request, not both&quot; class=&quot;issue-link&quot; data-issue-key=&quot;WICKET-6708&quot;&gt;&lt;del&gt;WICKET-6708&lt;/del&gt;&lt;/a&gt; Made lowercase conversion local insentive, as did for &lt;a href=&quot;https://issues.apache.org/jira/browse/WICKET-6614&quot; title=&quot;AbstractRangeValidator looks up string with the wrong key if locale is Turkish&quot; class=&quot;issue-link&quot; data-issue-key=&quot;WICKET-6614&quot;&gt;&lt;del&gt;WICKET-6614&lt;/del&gt;&lt;/a&gt;&lt;/p&gt;</comment>
                            <comment id="16959881" author="jira-bot" created="Fri, 25 Oct 2019 15:55:57 +0000"  >&lt;p&gt;Commit f7bbd0f460699385eaa654e09b939fceaea7f61c in wicket&apos;s branch refs/heads/wicket-7.x from Andrea Del Bene&lt;br/&gt;
[ &lt;a href=&quot;https://gitbox.apache.org/repos/asf?p=wicket.git;h=f7bbd0f&quot; class=&quot;external-link&quot; rel=&quot;nofollow&quot;&gt;https://gitbox.apache.org/repos/asf?p=wicket.git;h=f7bbd0f&lt;/a&gt; ]&lt;/p&gt;

&lt;p&gt;&lt;a href=&quot;https://issues.apache.org/jira/browse/WICKET-6708&quot; title=&quot;FormComponent should read only the GET/POST parameters of the request, not both&quot; class=&quot;issue-link&quot; data-issue-key=&quot;WICKET-6708&quot;&gt;&lt;del&gt;WICKET-6708&lt;/del&gt;&lt;/a&gt; fix to avoid form submition break if request method is in uppercase form (ie: GET, POST)&lt;/p&gt;</comment>
                            <comment id="16959882" author="jira-bot" created="Fri, 25 Oct 2019 15:55:59 +0000"  >&lt;p&gt;Commit d3b3829732b2e359775333a99e342b1f0e4a3aed in wicket&apos;s branch refs/heads/wicket-7.x from Andrea Del Bene&lt;br/&gt;
[ &lt;a href=&quot;https://gitbox.apache.org/repos/asf?p=wicket.git;h=d3b3829&quot; class=&quot;external-link&quot; rel=&quot;nofollow&quot;&gt;https://gitbox.apache.org/repos/asf?p=wicket.git;h=d3b3829&lt;/a&gt; ]&lt;/p&gt;

&lt;p&gt;&lt;a href=&quot;https://issues.apache.org/jira/browse/WICKET-6708&quot; title=&quot;FormComponent should read only the GET/POST parameters of the request, not both&quot; class=&quot;issue-link&quot; data-issue-key=&quot;WICKET-6708&quot;&gt;&lt;del&gt;WICKET-6708&lt;/del&gt;&lt;/a&gt; Made lowercase conversion local insentive, as did for &lt;a href=&quot;https://issues.apache.org/jira/browse/WICKET-6614&quot; title=&quot;AbstractRangeValidator looks up string with the wrong key if locale is Turkish&quot; class=&quot;issue-link&quot; data-issue-key=&quot;WICKET-6614&quot;&gt;&lt;del&gt;WICKET-6614&lt;/del&gt;&lt;/a&gt;&lt;/p&gt;</comment>
                    </comments>
                    <attachments>
                    </attachments>
                <subtasks>
                    </subtasks>
                <customfields>
                                                                            <customfield id="customfield_12310310" key="com.atlassian.jira.toolkit:attachments">
                        <customfieldname>Attachment count</customfieldname>
                        <customfieldvalues>
                            <customfieldvalue>0.0</customfieldvalue>
                        </customfieldvalues>
                    </customfield>
                                                                                                                                                                                                                                                                                                                                                                                                                                                                                                                                                                                                                                                                                                        <customfield id="customfield_12310220" key="com.atlassian.jira.ext.charting:firstresponsedate">
                        <customfieldname>Date of First Response</customfieldname>
                        <customfieldvalues>
                            <customfieldvalue>Mon, 7 Oct 2019 19:04:23 +0000</customfieldvalue>

                        </customfieldvalues>
                    </customfield>
                                                                <customfield id="customfield_12314020" key="com.atlassian.jira.plugins.jira-development-integration-plugin:devsummary">
                        <customfieldname>Development</customfieldname>
                        <customfieldvalues>
                            
                        </customfieldvalues>
                    </customfield>
                                                                                                                        <customfield id="customfield_12313422" key="com.atlassian.jirafisheyeplugin:jobcheckbox">
                        <customfieldname>Enable Automatic Patch Review</customfieldname>
                        <customfieldvalues>
                            <customfieldvalue><![CDATA[false]]></customfieldvalue>

                        </customfieldvalues>
                    </customfield>
                                                                                                                                                                                                                                                                                                                                                                                                                                                                                                                                                                                                                    <customfield id="customfield_12310420" key="com.pyxis.greenhopper.jira:gh-global-rank">
                        <customfieldname>Global Rank</customfieldname>
                        <customfieldvalues>
                            <customfieldvalue>9223372036854775807</customfieldvalue>
                        </customfieldvalues>
                    </customfield>
                                                                                                                                                                                                            <customfield id="customfield_12312521" key="com.atlassian.jira.toolkit:LastCommentDate">
                        <customfieldname>Last public comment date</customfieldname>
                        <customfieldvalues>
                            16 weeks, 1 day ago
                        </customfieldvalues>
                    </customfield>
                                                                                                                                                                                                            <customfield id="customfield_12311820" key="com.pyxis.greenhopper.jira:gh-lexo-rank">
                        <customfieldname>Rank</customfieldname>
                        <customfieldvalues>
                            <customfieldvalue>0|z07d2w:</customfieldvalue>

                        </customfieldvalues>
                    </customfield>
                                                                <customfield id="customfield_12310920" key="com.pyxis.greenhopper.jira:gh-global-rank">
                        <customfieldname>Rank (Obsolete)</customfieldname>
                        <customfieldvalues>
                            <customfieldvalue>9223372036854775807</customfieldvalue>
                        </customfieldvalues>
                    </customfield>
                                                                                                                                                                                                                                                                                                                                                                                                                                                                                                                                                                                                                                                                            <customfield id="customfield_12310222" key="com.atlassian.jira.ext.charting:timeinstatus">
                        <customfieldname>Time in Status</customfieldname>
                        <customfieldvalues>
                            
                        </customfieldvalues>
                    </customfield>
                                                                                            </customfields>
    </item>


<item>
            <title>[WICKET-6707] Property setter parameter type is assumed to be equal to getter return type</title>
                <link>https://issues.apache.org/jira/browse/WICKET-6707</link>
                <project id="12310561" key="WICKET">Wicket</project>
                    <description>&lt;p&gt;I am getting error: &lt;b&gt;Method &lt;span class=&quot;error&quot;&gt;&amp;#91;public boolean cz.kb.dcs.module_transaction.api.data_objects.cexi.TransactionFormItem.isInstantPayment()&amp;#93;&lt;/span&gt;. Can&apos;t convert null value to a primitive class: boolean&lt;/b&gt;&lt;/p&gt;

&lt;p&gt;This is due to&lt;/p&gt;
&lt;div class=&quot;code panel&quot; style=&quot;border-width: 1px;&quot;&gt;&lt;div class=&quot;codeContent panelContent&quot;&gt;
&lt;pre class=&quot;code-java&quot;&gt;
&lt;span class=&quot;code-keyword&quot;&gt;if&lt;/span&gt; (setMethod != &lt;span class=&quot;code-keyword&quot;&gt;null&lt;/span&gt;) {
    &lt;span class=&quot;code-comment&quot;&gt;// getMethod is always there and &lt;span class=&quot;code-keyword&quot;&gt;if&lt;/span&gt; the value will be set through a setMethod then
&lt;/span&gt;    &lt;span class=&quot;code-comment&quot;&gt;// the getMethod &lt;span class=&quot;code-keyword&quot;&gt;return&lt;/span&gt; type will be its type. Else we have to look at the
&lt;/span&gt;    &lt;span class=&quot;code-comment&quot;&gt;// parameters &lt;span class=&quot;code-keyword&quot;&gt;if&lt;/span&gt; the setter but getting the &lt;span class=&quot;code-keyword&quot;&gt;return&lt;/span&gt; type is quicker
&lt;/span&gt;    type = getMethod.getReturnType();
}
&lt;/pre&gt;
&lt;/div&gt;&lt;/div&gt;
&lt;p&gt;I have this getter and setter:&lt;/p&gt;
&lt;div class=&quot;code panel&quot; style=&quot;border-width: 1px;&quot;&gt;&lt;div class=&quot;codeContent panelContent&quot;&gt;
&lt;pre class=&quot;code-java&quot;&gt;
&lt;span class=&quot;code-keyword&quot;&gt;public&lt;/span&gt; &lt;span class=&quot;code-object&quot;&gt;boolean&lt;/span&gt; isInstantPayment() {
    &lt;span class=&quot;code-keyword&quot;&gt;return&lt;/span&gt; instantPayment == &lt;span class=&quot;code-keyword&quot;&gt;null&lt;/span&gt; ? &lt;span class=&quot;code-keyword&quot;&gt;false&lt;/span&gt; : instantPayment.booleanValue();
}

&lt;span class=&quot;code-keyword&quot;&gt;public&lt;/span&gt; void setInstantPayment(&lt;span class=&quot;code-keyword&quot;&gt;final&lt;/span&gt; &lt;span class=&quot;code-object&quot;&gt;Boolean&lt;/span&gt; instantPayment) {
    &lt;span class=&quot;code-keyword&quot;&gt;this&lt;/span&gt;.instantPayment = instantPayment;
}
&lt;/pre&gt;
&lt;/div&gt;&lt;/div&gt;
&lt;p&gt;So setting NULL &lt;b&gt;would be possible&lt;/b&gt; (the property itself is object Boolean). Although it is not according to Java Beans specification.&lt;/p&gt;</description>
                <environment></environment>
        <key id="13260239">WICKET-6707</key>
            <summary>Property setter parameter type is assumed to be equal to getter return type</summary>
                <type id="1" iconUrl="https://issues.apache.org/jira/secure/viewavatar?size=xsmall&amp;avatarId=21133&amp;avatarType=issuetype">Bug</type>
                                            <priority id="3" iconUrl="https://issues.apache.org/jira/images/icons/priorities/major.svg">Major</priority>
                        <status id="5" iconUrl="https://issues.apache.org/jira/images/icons/statuses/resolved.png" description="A resolution has been taken, and it is awaiting verification by reporter. From here issues are either reopened, or are closed.">Resolved</status>
                    <statusCategory id="3" key="done" colorName="green"/>
                                    <resolution id="1">Fixed</resolution>
                                        <assignee username="mgrigorov">Martin Tzvetanov Grigorov</assignee>
                                    <reporter username="davesman">David Rain</reporter>
                        <labels>
                    </labels>
                <created>Thu, 3 Oct 2019 06:35:03 +0000</created>
                <updated>Tue, 15 Oct 2019 09:32:22 +0000</updated>
                            <resolved>Thu, 10 Oct 2019 10:45:07 +0000</resolved>
                                    <version>8.6.1</version>
                                    <fixVersion>8.7.0</fixVersion>
                    <fixVersion>9.0.0-M4</fixVersion>
                    <fixVersion>7.16.0</fixVersion>
                                    <component>wicket-core</component>
                        <due></due>
                            <votes>0</votes>
                                    <watches>3</watches>
                                                                <comments>
                            <comment id="16943520" author="mgrigorov" created="Thu, 3 Oct 2019 11:03:46 +0000"  >&lt;p&gt;Please provide a stacktrace! &lt;br/&gt;
Also please provide a quickstart / test case.&lt;/p&gt;</comment>
                            <comment id="16943528" author="davesman" created="Thu, 3 Oct 2019 11:09:47 +0000"  >&lt;p&gt;Stacktrace:&lt;/p&gt;
&lt;div class=&quot;preformatted panel&quot; style=&quot;border-width: 1px;&quot;&gt;&lt;div class=&quot;preformattedContent panelContent&quot;&gt;
&lt;pre&gt;Caused by: org.apache.wicket.util.convert.ConversionException: Method [public boolean cz.kb.dcs.module_transaction.api.data_objects.cexi.TransactionFormItem.isInstantPayment()]. Can&apos;t convert null value to a primitive class: boolean for setting it on cz.kb.dcs.module_transaction.api.data_objects.cexi.TransactionFormItem@ae21d6c8[amount=1600.00,otherAmount=&amp;lt;null&amp;gt;,fee=&amp;lt;null&amp;gt;,otherAccountNum=00000000000001,otherAccountBankCode=cz.kb.dcs.module_data_objects.api.BankCodesItem@11eadd0[bankNumber=5500,bankName=Raiffeisenbank a.s.,swift=RZBCCZPPXXX,name=Raiffeisenbank a.s.,city=PRAGUE,address=CITY TOWER,countryCode=CZ,sddSchemaCompatibilityList=[],bankNameForeign=RAIFFEISENBANK A.S.,instantPaymentsAllowed=true,maxInstantPaymentsLimit=400000],otherCurrencyCode=&amp;lt;null&amp;gt;,currencyCodeFx=&amp;lt;null&amp;gt;,varSymbol=,constSymbol=0308,specSymbol=&amp;lt;null&amp;gt;,valueDate=Wed Oct 02 00:00:00 CEST 2019,displayValueDate=&amp;lt;null&amp;gt;,ownDesc=&amp;lt;null&amp;gt;,otherDesc=&amp;lt;null&amp;gt;,avField=&amp;lt;null&amp;gt;,expressPayment=false,inPayerCurrency=true,sign=&amp;lt;null&amp;gt;,transactionID=&amp;lt;null&amp;gt;,status=&amp;lt;null&amp;gt;,operation=PAYMENT,feeAccount=&amp;lt;null&amp;gt;,loanAccountWithFee=true,loanFee=&amp;lt;null&amp;gt;,fileName=&amp;lt;null&amp;gt;]
	at org.apache.wicket.core.util.lang.PropertyResolver$MethodGetAndSet.setValue(PropertyResolver.java:988)
	at org.apache.wicket.core.util.lang.PropertyResolver$ObjectWithGetAndSet.setValue(PropertyResolver.java:432)
	at org.apache.wicket.core.util.lang.PropertyResolver.setValue(PropertyResolver.java:158)
	at org.apache.wicket.model.AbstractPropertyModel.setObject(AbstractPropertyModel.java:131)
	at org.apache.wicket.Component.setDefaultModelObject(Component.java:3122)
	at org.apache.wicket.markup.html.form.FormComponent.setModelObject(FormComponent.java:1579)
	at org.apache.wicket.markup.html.form.FormComponent.updateModel(FormComponent.java:1097)
	at org.apache.wicket.markup.html.form.Form$FormModelUpdateVisitor.component(Form.java:229)
	at org.apache.wicket.markup.html.form.Form$FormModelUpdateVisitor.component(Form.java:199)
	at org.apache.wicket.util.visit.Visits.visitPostOrderHelper(Visits.java:274)
	at org.apache.wicket.util.visit.Visits.visitPostOrderHelper(Visits.java:262)
	at org.apache.wicket.util.visit.Visits.visitPostOrderHelper(Visits.java:262)
	at org.apache.wicket.util.visit.Visits.visitPostOrderHelper(Visits.java:262)
	at org.apache.wicket.util.visit.Visits.visitPostOrderHelper(Visits.java:262)
	at org.apache.wicket.util.visit.Visits.visitPostOrderHelper(Visits.java:262)
	at org.apache.wicket.util.visit.Visits.visitPostOrder(Visits.java:245)
	at org.apache.wicket.markup.html.form.FormComponent.visitComponentsPostOrder(FormComponent.java:423)
	at org.apache.wicket.markup.html.form.Form.internalUpdateFormComponentModels(Form.java:1864)
	at org.apache.wicket.markup.html.form.Form.updateFormComponentModels(Form.java:1829)
	at org.apache.wicket.markup.html.form.Form.process(Form.java:965)
	at cz.kb.dcs.app_cexi.forms.fo01_payment_orders.PaymentOrderCzkForm$2.process(PaymentOrderCzkForm.java:145)
	at org.apache.wicket.markup.html.form.Form.onFormSubmitted(Form.java:797)
	at org.apache.wicket.ajax.form.AjaxFormSubmitBehavior.onEvent(AjaxFormSubmitBehavior.java:171)
	at org.apache.wicket.ajax.AjaxEventBehavior.respond(AjaxEventBehavior.java:155)
	at org.apache.wicket.ajax.AbstractDefaultAjaxBehavior.onRequest(AbstractDefaultAjaxBehavior.java:601)
	... 69 more&lt;/pre&gt;
&lt;/div&gt;&lt;/div&gt;
&lt;p&gt;I cannot provide You our banking app &quot;piece of code&quot; but I can prepare some &quot;fake&quot; app with 1 Form with 1 field with its Object setter &amp;amp; primitive getter.&lt;/p&gt;</comment>
                            <comment id="16946461" author="jira-bot" created="Tue, 8 Oct 2019 03:57:16 +0000"  >&lt;p&gt;Commit eb30c89546e9e4c641613f051045fbc27a7b3304 in wicket&apos;s branch refs/heads/master from Martin Tzvetanov Grigorov&lt;br/&gt;
[ &lt;a href=&quot;https://gitbox.apache.org/repos/asf?p=wicket.git;h=eb30c89&quot; class=&quot;external-link&quot; rel=&quot;nofollow&quot;&gt;https://gitbox.apache.org/repos/asf?p=wicket.git;h=eb30c89&lt;/a&gt; ]&lt;/p&gt;

&lt;p&gt;&lt;a href=&quot;https://issues.apache.org/jira/browse/WICKET-6707&quot; title=&quot;Property setter parameter type is assumed to be equal to getter return type&quot; class=&quot;issue-link&quot; data-issue-key=&quot;WICKET-6707&quot;&gt;&lt;del&gt;WICKET-6707&lt;/del&gt;&lt;/a&gt; Property setter parameter type is assumed to be equal to getter return type&lt;/p&gt;

&lt;p&gt;Add a test for &lt;a href=&quot;https://issues.apache.org/jira/browse/WICKET-6707&quot; title=&quot;Property setter parameter type is assumed to be equal to getter return type&quot; class=&quot;issue-link&quot; data-issue-key=&quot;WICKET-6707&quot;&gt;&lt;del&gt;WICKET-6707&lt;/del&gt;&lt;/a&gt;.&lt;/p&gt;</comment>
                            <comment id="16946462" author="jira-bot" created="Tue, 8 Oct 2019 03:57:18 +0000"  >&lt;p&gt;Commit eb30c89546e9e4c641613f051045fbc27a7b3304 in wicket&apos;s branch refs/heads/master from Martin Tzvetanov Grigorov&lt;br/&gt;
[ &lt;a href=&quot;https://gitbox.apache.org/repos/asf?p=wicket.git;h=eb30c89&quot; class=&quot;external-link&quot; rel=&quot;nofollow&quot;&gt;https://gitbox.apache.org/repos/asf?p=wicket.git;h=eb30c89&lt;/a&gt; ]&lt;/p&gt;

&lt;p&gt;&lt;a href=&quot;https://issues.apache.org/jira/browse/WICKET-6707&quot; title=&quot;Property setter parameter type is assumed to be equal to getter return type&quot; class=&quot;issue-link&quot; data-issue-key=&quot;WICKET-6707&quot;&gt;&lt;del&gt;WICKET-6707&lt;/del&gt;&lt;/a&gt; Property setter parameter type is assumed to be equal to getter return type&lt;/p&gt;

&lt;p&gt;Add a test for &lt;a href=&quot;https://issues.apache.org/jira/browse/WICKET-6707&quot; title=&quot;Property setter parameter type is assumed to be equal to getter return type&quot; class=&quot;issue-link&quot; data-issue-key=&quot;WICKET-6707&quot;&gt;&lt;del&gt;WICKET-6707&lt;/del&gt;&lt;/a&gt;.&lt;/p&gt;</comment>
                            <comment id="16946463" author="mgrigorov" created="Tue, 8 Oct 2019 03:58:15 +0000"  >&lt;p&gt;&lt;a href=&quot;https://issues.apache.org/jira/secure/ViewProfile.jspa?name=davesman&quot; class=&quot;user-hover&quot; rel=&quot;davesman&quot;&gt;David Rain&lt;/a&gt; Please see the test case that I&apos;ve added and modify it so that it starts failing. Thank you!&lt;/p&gt;</comment>
                            <comment id="16948288" author="davesman" created="Thu, 10 Oct 2019 07:40:08 +0000"  >&lt;p&gt;&lt;a href=&quot;https://issues.apache.org/jira/secure/ViewProfile.jspa?name=mgrigorov&quot; class=&quot;user-hover&quot; rel=&quot;mgrigorov&quot;&gt;Martin Tzvetanov Grigorov&lt;/a&gt; Hello,&lt;/p&gt;

&lt;p&gt;just try to set null:&lt;/p&gt;
&lt;div class=&quot;preformatted panel&quot; style=&quot;border-width: 1px;&quot;&gt;&lt;div class=&quot;preformattedContent panelContent&quot;&gt;
&lt;pre&gt;PropertyResolver.setValue(&quot;instantPayment&quot;, bean, null, CONVERTER);&lt;/pre&gt;
&lt;/div&gt;&lt;/div&gt;
&lt;p&gt;The Object Boolean should accept null value (the property is also object Boolean). And the getter is written to deal with null values.&lt;/p&gt;

&lt;p&gt;Because when checkbox is missing (hidden) on the page, the PropertyResolverConverter#convert return null when input is null:&lt;/p&gt;
&lt;div class=&quot;code panel&quot; style=&quot;border-width: 1px;&quot;&gt;&lt;div class=&quot;codeContent panelContent&quot;&gt;
&lt;pre class=&quot;code-java&quot;&gt;
	&lt;span class=&quot;code-keyword&quot;&gt;public&lt;/span&gt; &amp;lt;T&amp;gt; T convert(&lt;span class=&quot;code-object&quot;&gt;Object&lt;/span&gt; object, &lt;span class=&quot;code-object&quot;&gt;Class&lt;/span&gt;&amp;lt;T&amp;gt; clz)
	{
		&lt;span class=&quot;code-keyword&quot;&gt;if&lt;/span&gt; (object == &lt;span class=&quot;code-keyword&quot;&gt;null&lt;/span&gt;)
		{
			&lt;span class=&quot;code-keyword&quot;&gt;return&lt;/span&gt; &lt;span class=&quot;code-keyword&quot;&gt;null&lt;/span&gt;;
		}
&lt;/pre&gt;
&lt;/div&gt;&lt;/div&gt;</comment>
                            <comment id="16948408" author="jira-bot" created="Thu, 10 Oct 2019 10:40:59 +0000"  >&lt;p&gt;Commit 80e9119eb04b8c670c24a97c89c28ddcebc1374b in wicket&apos;s branch refs/heads/master from Martin Tzvetanov Grigorov&lt;br/&gt;
[ &lt;a href=&quot;https://gitbox.apache.org/repos/asf?p=wicket.git;h=80e9119&quot; class=&quot;external-link&quot; rel=&quot;nofollow&quot;&gt;https://gitbox.apache.org/repos/asf?p=wicket.git;h=80e9119&lt;/a&gt; ]&lt;/p&gt;

&lt;p&gt;&lt;a href=&quot;https://issues.apache.org/jira/browse/WICKET-6707&quot; title=&quot;Property setter parameter type is assumed to be equal to getter return type&quot; class=&quot;issue-link&quot; data-issue-key=&quot;WICKET-6707&quot;&gt;&lt;del&gt;WICKET-6707&lt;/del&gt;&lt;/a&gt; Property setter parameter type is assumed to be equal to getter return type&lt;/p&gt;

&lt;p&gt;Use the setter instead of the getter when checking in PropertyResolver#setValue()&lt;/p&gt;</comment>
                            <comment id="16948411" author="jira-bot" created="Thu, 10 Oct 2019 10:44:31 +0000"  >&lt;p&gt;Commit a3c19f7daaf0cf6bf121bf8667987b7b3e672ce2 in wicket&apos;s branch refs/heads/wicket-8.x from Martin Tzvetanov Grigorov&lt;br/&gt;
[ &lt;a href=&quot;https://gitbox.apache.org/repos/asf?p=wicket.git;h=a3c19f7&quot; class=&quot;external-link&quot; rel=&quot;nofollow&quot;&gt;https://gitbox.apache.org/repos/asf?p=wicket.git;h=a3c19f7&lt;/a&gt; ]&lt;/p&gt;

&lt;p&gt;&lt;a href=&quot;https://issues.apache.org/jira/browse/WICKET-6707&quot; title=&quot;Property setter parameter type is assumed to be equal to getter return type&quot; class=&quot;issue-link&quot; data-issue-key=&quot;WICKET-6707&quot;&gt;&lt;del&gt;WICKET-6707&lt;/del&gt;&lt;/a&gt; Property setter parameter type is assumed to be equal to getter return type&lt;/p&gt;

&lt;p&gt;Use the setter instead of the getter when checking in PropertyResolver#setValue()&lt;/p&gt;

&lt;p&gt;(cherry picked from commit 80e9119eb04b8c670c24a97c89c28ddcebc1374b)&lt;/p&gt;</comment>
                            <comment id="16948412" author="jira-bot" created="Thu, 10 Oct 2019 10:44:52 +0000"  >&lt;p&gt;Commit 0d22476c61762e1ea0b8bee7b9319c7561ca71e6 in wicket&apos;s branch refs/heads/wicket-7.x from Martin Tzvetanov Grigorov&lt;br/&gt;
[ &lt;a href=&quot;https://gitbox.apache.org/repos/asf?p=wicket.git;h=0d22476&quot; class=&quot;external-link&quot; rel=&quot;nofollow&quot;&gt;https://gitbox.apache.org/repos/asf?p=wicket.git;h=0d22476&lt;/a&gt; ]&lt;/p&gt;

&lt;p&gt;&lt;a href=&quot;https://issues.apache.org/jira/browse/WICKET-6707&quot; title=&quot;Property setter parameter type is assumed to be equal to getter return type&quot; class=&quot;issue-link&quot; data-issue-key=&quot;WICKET-6707&quot;&gt;&lt;del&gt;WICKET-6707&lt;/del&gt;&lt;/a&gt; Property setter parameter type is assumed to be equal to getter return type&lt;/p&gt;

&lt;p&gt;Use the setter instead of the getter when checking in PropertyResolver#setValue()&lt;/p&gt;

&lt;p&gt;(cherry picked from commit 80e9119eb04b8c670c24a97c89c28ddcebc1374b)&lt;br/&gt;
(cherry picked from commit a3c19f7daaf0cf6bf121bf8667987b7b3e672ce2)&lt;/p&gt;</comment>
                            <comment id="16948417" author="davesman" created="Thu, 10 Oct 2019 10:57:09 +0000"  >&lt;p&gt;&lt;a href=&quot;https://issues.apache.org/jira/secure/ViewProfile.jspa?name=mgrigorov&quot; class=&quot;user-hover&quot; rel=&quot;mgrigorov&quot;&gt;Martin Tzvetanov Grigorov&lt;/a&gt; I think it should have been changed here:&lt;/p&gt;
&lt;div class=&quot;code panel&quot; style=&quot;border-width: 1px;&quot;&gt;&lt;div class=&quot;codeContent panelContent&quot;&gt;
&lt;pre class=&quot;code-java&quot;&gt;
&lt;span class=&quot;code-keyword&quot;&gt;if&lt;/span&gt; (setMethod != &lt;span class=&quot;code-keyword&quot;&gt;null&lt;/span&gt;)
{
	&lt;span class=&quot;code-comment&quot;&gt;// getMethod is always there and &lt;span class=&quot;code-keyword&quot;&gt;if&lt;/span&gt; the value will be set through a setMethod then
&lt;/span&gt;	&lt;span class=&quot;code-comment&quot;&gt;// the getMethod &lt;span class=&quot;code-keyword&quot;&gt;return&lt;/span&gt; type will be its type. Else we have to look at the
&lt;/span&gt;	&lt;span class=&quot;code-comment&quot;&gt;// parameters &lt;span class=&quot;code-keyword&quot;&gt;if&lt;/span&gt; the setter but getting the &lt;span class=&quot;code-keyword&quot;&gt;return&lt;/span&gt; type is quicker
&lt;/span&gt;	type = getMethod.getReturnType();
}
&lt;/pre&gt;
&lt;/div&gt;&lt;/div&gt;
&lt;p&gt;Because the type variable is also used during the convert call&lt;/p&gt;
&lt;div class=&quot;code panel&quot; style=&quot;border-width: 1px;&quot;&gt;&lt;div class=&quot;codeContent panelContent&quot;&gt;
&lt;pre class=&quot;code-java&quot;&gt;
&lt;span class=&quot;code-keyword&quot;&gt;if&lt;/span&gt; (type != &lt;span class=&quot;code-keyword&quot;&gt;null&lt;/span&gt;)
{
    converted = converter.convert(value, type);
&lt;/pre&gt;
&lt;/div&gt;&lt;/div&gt;
&lt;p&gt;And the convert method should also be called with the correct type of the setter parameter.&lt;/p&gt;</comment>
                            <comment id="16948454" author="jira-bot" created="Thu, 10 Oct 2019 11:20:38 +0000"  >&lt;p&gt;Commit 15821cf5b62b3fc40611ce5e6717aaaa746505d1 in wicket&apos;s branch refs/heads/wicket-8.x from Martin Tzvetanov Grigorov&lt;br/&gt;
[ &lt;a href=&quot;https://gitbox.apache.org/repos/asf?p=wicket.git;h=15821cf&quot; class=&quot;external-link&quot; rel=&quot;nofollow&quot;&gt;https://gitbox.apache.org/repos/asf?p=wicket.git;h=15821cf&lt;/a&gt; ]&lt;/p&gt;

&lt;p&gt;&lt;a href=&quot;https://issues.apache.org/jira/browse/WICKET-6707&quot; title=&quot;Property setter parameter type is assumed to be equal to getter return type&quot; class=&quot;issue-link&quot; data-issue-key=&quot;WICKET-6707&quot;&gt;&lt;del&gt;WICKET-6707&lt;/del&gt;&lt;/a&gt; Use only setMethod in PropertyResolver#setValue()&lt;/p&gt;</comment>
                            <comment id="16948455" author="jira-bot" created="Thu, 10 Oct 2019 11:20:48 +0000"  >&lt;p&gt;Commit 9e4103725646136056db178a600cd0020ab61577 in wicket&apos;s branch refs/heads/wicket-7.x from Martin Tzvetanov Grigorov&lt;br/&gt;
[ &lt;a href=&quot;https://gitbox.apache.org/repos/asf?p=wicket.git;h=9e41037&quot; class=&quot;external-link&quot; rel=&quot;nofollow&quot;&gt;https://gitbox.apache.org/repos/asf?p=wicket.git;h=9e41037&lt;/a&gt; ]&lt;/p&gt;

&lt;p&gt;&lt;a href=&quot;https://issues.apache.org/jira/browse/WICKET-6707&quot; title=&quot;Property setter parameter type is assumed to be equal to getter return type&quot; class=&quot;issue-link&quot; data-issue-key=&quot;WICKET-6707&quot;&gt;&lt;del&gt;WICKET-6707&lt;/del&gt;&lt;/a&gt; Use only setMethod in PropertyResolver#setValue()&lt;/p&gt;

&lt;p&gt;(cherry picked from commit 15821cf5b62b3fc40611ce5e6717aaaa746505d1)&lt;/p&gt;</comment>
                            <comment id="16948457" author="jira-bot" created="Thu, 10 Oct 2019 11:20:56 +0000"  >&lt;p&gt;Commit 9f29f68e560c14d3171151ddea10667d2930d333 in wicket&apos;s branch refs/heads/master from Martin Tzvetanov Grigorov&lt;br/&gt;
[ &lt;a href=&quot;https://gitbox.apache.org/repos/asf?p=wicket.git;h=9f29f68&quot; class=&quot;external-link&quot; rel=&quot;nofollow&quot;&gt;https://gitbox.apache.org/repos/asf?p=wicket.git;h=9f29f68&lt;/a&gt; ]&lt;/p&gt;

&lt;p&gt;&lt;a href=&quot;https://issues.apache.org/jira/browse/WICKET-6707&quot; title=&quot;Property setter parameter type is assumed to be equal to getter return type&quot; class=&quot;issue-link&quot; data-issue-key=&quot;WICKET-6707&quot;&gt;&lt;del&gt;WICKET-6707&lt;/del&gt;&lt;/a&gt; Use only setMethod in PropertyResolver#setValue()&lt;/p&gt;

&lt;p&gt;(cherry picked from commit 15821cf5b62b3fc40611ce5e6717aaaa746505d1)&lt;/p&gt;</comment>
                            <comment id="16948458" author="mgrigorov" created="Thu, 10 Oct 2019 11:21:28 +0000"  >&lt;p&gt;Thank you for reviewing the change, &lt;a href=&quot;https://issues.apache.org/jira/secure/ViewProfile.jspa?name=davesman&quot; class=&quot;user-hover&quot; rel=&quot;davesman&quot;&gt;David Rain&lt;/a&gt;!&lt;br/&gt;
I&apos;ve also improved the exception messages!&lt;/p&gt;</comment>
                            <comment id="16948464" author="davesman" created="Thu, 10 Oct 2019 11:28:11 +0000"  >&lt;p&gt;OK&#160;&lt;img class=&quot;emoticon&quot; src=&quot;https://issues.apache.org/jira/images/icons/emoticons/check.png&quot; height=&quot;16&quot; width=&quot;16&quot; align=&quot;absmiddle&quot; alt=&quot;&quot; border=&quot;0&quot;/&gt; !&lt;/p&gt;

&lt;p&gt;And now &lt;a href=&quot;https://issues.apache.org/jira/secure/ViewProfile.jspa?name=mgrigorov&quot; class=&quot;user-hover&quot; rel=&quot;mgrigorov&quot;&gt;Martin Tzvetanov Grigorov&lt;/a&gt; you can use the &lt;b&gt;type&lt;/b&gt; variable also here during the primitive check:&lt;/p&gt;
&lt;div class=&quot;code panel&quot; style=&quot;border-width: 1px;&quot;&gt;&lt;div class=&quot;codeContent panelContent&quot;&gt;
&lt;pre class=&quot;code-java&quot;&gt;
&lt;span class=&quot;code-keyword&quot;&gt;if&lt;/span&gt; (setMethod != &lt;span class=&quot;code-keyword&quot;&gt;null&lt;/span&gt; &amp;amp;&amp;amp; setMethod.getParameterTypes()[0].isPrimitive())
&lt;/pre&gt;
&lt;/div&gt;&lt;/div&gt;
&lt;p&gt;It would look nicer this way:&lt;/p&gt;
&lt;div class=&quot;code panel&quot; style=&quot;border-width: 1px;&quot;&gt;&lt;div class=&quot;codeContent panelContent&quot;&gt;
&lt;pre class=&quot;code-java&quot;&gt;
&lt;span class=&quot;code-keyword&quot;&gt;if&lt;/span&gt; (setMethod != &lt;span class=&quot;code-keyword&quot;&gt;null&lt;/span&gt; &amp;amp;&amp;amp; type.isPrimitive())
&lt;/pre&gt;
&lt;/div&gt;&lt;/div&gt;
&lt;p&gt;&#160;&lt;/p&gt;</comment>
                    </comments>
                    <attachments>
                    </attachments>
                <subtasks>
                    </subtasks>
                <customfields>
                                                                            <customfield id="customfield_12310310" key="com.atlassian.jira.toolkit:attachments">
                        <customfieldname>Attachment count</customfieldname>
                        <customfieldvalues>
                            <customfieldvalue>0.0</customfieldvalue>
                        </customfieldvalues>
                    </customfield>
                                                                                                                                                                                                                                                                                                                                                                                                                                                                                                                                                                                                                                                                                                        <customfield id="customfield_12310220" key="com.atlassian.jira.ext.charting:firstresponsedate">
                        <customfieldname>Date of First Response</customfieldname>
                        <customfieldvalues>
                            <customfieldvalue>Thu, 3 Oct 2019 11:03:46 +0000</customfieldvalue>

                        </customfieldvalues>
                    </customfield>
                                                                <customfield id="customfield_12314020" key="com.atlassian.jira.plugins.jira-development-integration-plugin:devsummary">
                        <customfieldname>Development</customfieldname>
                        <customfieldvalues>
                            
                        </customfieldvalues>
                    </customfield>
                                                                                                                        <customfield id="customfield_12313422" key="com.atlassian.jirafisheyeplugin:jobcheckbox">
                        <customfieldname>Enable Automatic Patch Review</customfieldname>
                        <customfieldvalues>
                            <customfieldvalue><![CDATA[false]]></customfieldvalue>

                        </customfieldvalues>
                    </customfield>
                                                                                                                                                                                                                                                                                                                                                                                                                                                                                                                                                                                                                    <customfield id="customfield_12310420" key="com.pyxis.greenhopper.jira:gh-global-rank">
                        <customfieldname>Global Rank</customfieldname>
                        <customfieldvalues>
                            <customfieldvalue>9223372036854775807</customfieldvalue>
                        </customfieldvalues>
                    </customfield>
                                                                                                                                                                                                            <customfield id="customfield_12312521" key="com.atlassian.jira.toolkit:LastCommentDate">
                        <customfieldname>Last public comment date</customfieldname>
                        <customfieldvalues>
                            18 weeks, 2 days ago
                        </customfieldvalues>
                    </customfield>
                                                                                                                                                                                                            <customfield id="customfield_12311820" key="com.pyxis.greenhopper.jira:gh-lexo-rank">
                        <customfieldname>Rank</customfieldname>
                        <customfieldvalues>
                            <customfieldvalue>0|z0793c:</customfieldvalue>

                        </customfieldvalues>
                    </customfield>
                                                                <customfield id="customfield_12310920" key="com.pyxis.greenhopper.jira:gh-global-rank">
                        <customfieldname>Rank (Obsolete)</customfieldname>
                        <customfieldvalues>
                            <customfieldvalue>9223372036854775807</customfieldvalue>
                        </customfieldvalues>
                    </customfield>
                                                                                                                                                                                                                                                                                                                                                                                                                                                                                                                                                                                                                                                                            <customfield id="customfield_12310222" key="com.atlassian.jira.ext.charting:timeinstatus">
                        <customfieldname>Time in Status</customfieldname>
                        <customfieldvalues>
                            
                        </customfieldvalues>
                    </customfield>
                                                                                            </customfields>
    </item>


<item>
            <title>[WICKET-6706] Websocket Endpoint logs exception when user leaves page</title>
                <link>https://issues.apache.org/jira/browse/WICKET-6706</link>
                <project id="12310561" key="WICKET">Wicket</project>
                    <description>&lt;p&gt;The Wicket Websocket endpoint seems to log an EOF exception which happens in a very common scenario, namely the user leaves the page:&lt;/p&gt;

&lt;p&gt;2019-10-01 12:15:19 ERROR &lt;span class=&quot;error&quot;&gt;&amp;#91;SYSTEM&amp;#93;&lt;/span&gt; WicketEndpoint - An error occurred in web socket connection with id : 0&lt;br/&gt;
java.io.EOFException: null&lt;br/&gt;
	at org.apache.tomcat.util.net.NioEndpoint$NioSocketWrapper.fillReadBuffer(NioEndpoint.java:1206) ~&lt;span class=&quot;error&quot;&gt;&amp;#91;tomcat-embed-core-9.0.17.jar:9.0.17&amp;#93;&lt;/span&gt;&lt;br/&gt;
	at org.apache.tomcat.util.net.NioEndpoint$NioSocketWrapper.read(NioEndpoint.java:1140) ~&lt;span class=&quot;error&quot;&gt;&amp;#91;tomcat-embed-core-9.0.17.jar:9.0.17&amp;#93;&lt;/span&gt;&lt;br/&gt;
	at org.apache.tomcat.websocket.server.WsFrameServer.onDataAvailable(WsFrameServer.java:72) ~&lt;span class=&quot;error&quot;&gt;&amp;#91;tomcat-embed-websocket-9.0.17.jar:9.0.17&amp;#93;&lt;/span&gt;&lt;br/&gt;
	at org.apache.tomcat.websocket.server.WsFrameServer.doOnDataAvailable(WsFrameServer.java:171) ~&lt;span class=&quot;error&quot;&gt;&amp;#91;tomcat-embed-websocket-9.0.17.jar:9.0.17&amp;#93;&lt;/span&gt;&lt;br/&gt;
	at org.apache.tomcat.websocket.server.WsFrameServer.notifyDataAvailable(WsFrameServer.java:151) ~&lt;span class=&quot;error&quot;&gt;&amp;#91;tomcat-embed-websocket-9.0.17.jar:9.0.17&amp;#93;&lt;/span&gt;&lt;br/&gt;
	at org.apache.tomcat.websocket.server.WsHttpUpgradeHandler.upgradeDispatch(WsHttpUpgradeHandler.java:148) &lt;span class=&quot;error&quot;&gt;&amp;#91;tomcat-embed-websocket-9.0.17.jar:9.0.17&amp;#93;&lt;/span&gt;&lt;br/&gt;
	at org.apache.coyote.http11.upgrade.UpgradeProcessorInternal.dispatch(UpgradeProcessorInternal.java:54) &lt;span class=&quot;error&quot;&gt;&amp;#91;tomcat-embed-core-9.0.17.jar:9.0.17&amp;#93;&lt;/span&gt;&lt;br/&gt;
	at org.apache.coyote.AbstractProcessorLight.process(AbstractProcessorLight.java:53) &lt;span class=&quot;error&quot;&gt;&amp;#91;tomcat-embed-core-9.0.17.jar:9.0.17&amp;#93;&lt;/span&gt;&lt;br/&gt;
	at org.apache.coyote.AbstractProtocol$ConnectionHandler.process(AbstractProtocol.java:834) &lt;span class=&quot;error&quot;&gt;&amp;#91;tomcat-embed-core-9.0.17.jar:9.0.17&amp;#93;&lt;/span&gt;&lt;br/&gt;
	at org.apache.tomcat.util.net.NioEndpoint$SocketProcessor.doRun(NioEndpoint.java:1415) &lt;span class=&quot;error&quot;&gt;&amp;#91;tomcat-embed-core-9.0.17.jar:9.0.17&amp;#93;&lt;/span&gt;&lt;br/&gt;
	at org.apache.tomcat.util.net.SocketProcessorBase.run(SocketProcessorBase.java:49) &lt;span class=&quot;error&quot;&gt;&amp;#91;tomcat-embed-core-9.0.17.jar:9.0.17&amp;#93;&lt;/span&gt;&lt;br/&gt;
	at java.util.concurrent.ThreadPoolExecutor.runWorker(ThreadPoolExecutor.java:1149) &lt;span class=&quot;error&quot;&gt;&amp;#91;?:1.8.0_181&amp;#93;&lt;/span&gt;&lt;br/&gt;
	at java.util.concurrent.ThreadPoolExecutor$Worker.run(ThreadPoolExecutor.java:624) &lt;span class=&quot;error&quot;&gt;&amp;#91;?:1.8.0_181&amp;#93;&lt;/span&gt;&lt;br/&gt;
	at org.apache.tomcat.util.threads.TaskThread$WrappingRunnable.run(TaskThread.java:61) &lt;span class=&quot;error&quot;&gt;&amp;#91;tomcat-embed-core-9.0.17.jar:9.0.17&amp;#93;&lt;/span&gt;&lt;br/&gt;
	at java.lang.Thread.run(Thread.java:748) &lt;span class=&quot;error&quot;&gt;&amp;#91;?:1.8.0_181&amp;#93;&lt;/span&gt;&lt;/p&gt;

&lt;p&gt;I have looked around on the web to figure out how to avoid this issue and it appears to me that the common solution is to ignore this particular error. So I wonder: would it be reasonable to change the WicketEndpoint onError method to specifically filter out this error:&lt;/p&gt;

&lt;p&gt;	@Override&lt;br/&gt;
	public void onError(Session session, Throwable t)&lt;br/&gt;
	{&lt;br/&gt;
		LOG.error(&quot;An error occurred in web socket connection with id : &quot; + session.getId(), t); // ADD IF STATEMENT HERE TO NOT LOG EOF EXCEPTIONS&lt;br/&gt;
		super.onError(session, t);&lt;/p&gt;

&lt;p&gt;		if (isApplicationAlive())&lt;/p&gt;
		{
			javaxWebSocketProcessor.onError(t);
		}
&lt;p&gt;	}&lt;/p&gt;</description>
                <environment></environment>
        <key id="13259865">WICKET-6706</key>
            <summary>Websocket Endpoint logs exception when user leaves page</summary>
                <type id="1" iconUrl="https://issues.apache.org/jira/secure/viewavatar?size=xsmall&amp;avatarId=21133&amp;avatarType=issuetype">Bug</type>
                                            <priority id="3" iconUrl="https://issues.apache.org/jira/images/icons/priorities/major.svg">Major</priority>
                        <status id="5" iconUrl="https://issues.apache.org/jira/images/icons/statuses/resolved.png" description="A resolution has been taken, and it is awaiting verification by reporter. From here issues are either reopened, or are closed.">Resolved</status>
                    <statusCategory id="3" key="done" colorName="green"/>
                                    <resolution id="1">Fixed</resolution>
                                        <assignee username="mgrigorov">Martin Tzvetanov Grigorov</assignee>
                                    <reporter username="rec">Richard Eckart de Castilho</reporter>
                        <labels>
                    </labels>
                <created>Tue, 1 Oct 2019 10:29:03 +0000</created>
                <updated>Tue, 1 Oct 2019 13:12:04 +0000</updated>
                            <resolved>Tue, 1 Oct 2019 13:12:04 +0000</resolved>
                                    <version>8.5.0</version>
                                    <fixVersion>8.7.0</fixVersion>
                    <fixVersion>9.0.0-M4</fixVersion>
                    <fixVersion>7.16.0</fixVersion>
                                    <component>wicket-native-websocket</component>
                        <due></due>
                            <votes>0</votes>
                                    <watches>3</watches>
                                                                <comments>
                            <comment id="16941729" author="mgrigorov" created="Tue, 1 Oct 2019 10:41:48 +0000"  >&lt;p&gt;Have you asked for advice at Tomcat mailing lists ?&lt;br/&gt;
There were improvements in this area in Tomcat itself few months ago. Which version do you use ?&lt;/p&gt;</comment>
                            <comment id="16941734" author="rec" created="Tue, 1 Oct 2019 10:52:51 +0000"  >&lt;p&gt;The latest version I have tried was Tomcat 9.0.26 (which atm is the latest released version, released 2019-09-19).&lt;/p&gt;

&lt;p&gt;No, I haven&apos;t posted specifically to the Tomcat ml. But I found this issue (&lt;a href=&quot;https://bz.apache.org/bugzilla/show_bug.cgi?id=59876&quot; class=&quot;external-link&quot; rel=&quot;nofollow&quot;&gt;https://bz.apache.org/bugzilla/show_bug.cgi?id=59876&lt;/a&gt;) which explains the problem and which was deemed invalid by the Tomcat guys.&lt;/p&gt;</comment>
                            <comment id="16941810" author="jira-bot" created="Tue, 1 Oct 2019 13:11:13 +0000"  >&lt;p&gt;Commit c4e87bbb7d988e249860ae30cff248c92eb2afa7 in wicket&apos;s branch refs/heads/wicket-8.x from Martin Tzvetanov Grigorov&lt;br/&gt;
[ &lt;a href=&quot;https://gitbox.apache.org/repos/asf?p=wicket.git;h=c4e87bb&quot; class=&quot;external-link&quot; rel=&quot;nofollow&quot;&gt;https://gitbox.apache.org/repos/asf?p=wicket.git;h=c4e87bb&lt;/a&gt; ]&lt;/p&gt;

&lt;p&gt;&lt;a href=&quot;https://issues.apache.org/jira/browse/WICKET-6706&quot; title=&quot;Websocket Endpoint logs exception when user leaves page&quot; class=&quot;issue-link&quot; data-issue-key=&quot;WICKET-6706&quot;&gt;&lt;del&gt;WICKET-6706&lt;/del&gt;&lt;/a&gt; Websocket Endpoint logs exception when user leaves page&lt;/p&gt;

&lt;p&gt;Log EOFException only when DEBUG logging is enabled&lt;/p&gt;</comment>
                            <comment id="16941811" author="jira-bot" created="Tue, 1 Oct 2019 13:11:30 +0000"  >&lt;p&gt;Commit e38aecebb8ee4c355ea9369f279b625701ae7f72 in wicket&apos;s branch refs/heads/wicket-7.x from Martin Tzvetanov Grigorov&lt;br/&gt;
[ &lt;a href=&quot;https://gitbox.apache.org/repos/asf?p=wicket.git;h=e38aece&quot; class=&quot;external-link&quot; rel=&quot;nofollow&quot;&gt;https://gitbox.apache.org/repos/asf?p=wicket.git;h=e38aece&lt;/a&gt; ]&lt;/p&gt;

&lt;p&gt;&lt;a href=&quot;https://issues.apache.org/jira/browse/WICKET-6706&quot; title=&quot;Websocket Endpoint logs exception when user leaves page&quot; class=&quot;issue-link&quot; data-issue-key=&quot;WICKET-6706&quot;&gt;&lt;del&gt;WICKET-6706&lt;/del&gt;&lt;/a&gt; Websocket Endpoint logs exception when user leaves page&lt;/p&gt;

&lt;p&gt;Log EOFException only when DEBUG logging is enabled&lt;/p&gt;

&lt;p&gt;(cherry picked from commit c4e87bbb7d988e249860ae30cff248c92eb2afa7)&lt;/p&gt;</comment>
                            <comment id="16941813" author="jira-bot" created="Tue, 1 Oct 2019 13:11:45 +0000"  >&lt;p&gt;Commit 5d0b0b68549a5709094f0d8f20f6f0e558e4f251 in wicket&apos;s branch refs/heads/master from Martin Tzvetanov Grigorov&lt;br/&gt;
[ &lt;a href=&quot;https://gitbox.apache.org/repos/asf?p=wicket.git;h=5d0b0b6&quot; class=&quot;external-link&quot; rel=&quot;nofollow&quot;&gt;https://gitbox.apache.org/repos/asf?p=wicket.git;h=5d0b0b6&lt;/a&gt; ]&lt;/p&gt;

&lt;p&gt;&lt;a href=&quot;https://issues.apache.org/jira/browse/WICKET-6706&quot; title=&quot;Websocket Endpoint logs exception when user leaves page&quot; class=&quot;issue-link&quot; data-issue-key=&quot;WICKET-6706&quot;&gt;&lt;del&gt;WICKET-6706&lt;/del&gt;&lt;/a&gt; Websocket Endpoint logs exception when user leaves page&lt;/p&gt;

&lt;p&gt;Log EOFException only when DEBUG logging is enabled&lt;/p&gt;

&lt;p&gt;(cherry picked from commit c4e87bbb7d988e249860ae30cff248c92eb2afa7)&lt;/p&gt;</comment>
                    </comments>
                    <attachments>
                    </attachments>
                <subtasks>
                    </subtasks>
                <customfields>
                                                                            <customfield id="customfield_12310310" key="com.atlassian.jira.toolkit:attachments">
                        <customfieldname>Attachment count</customfieldname>
                        <customfieldvalues>
                            <customfieldvalue>0.0</customfieldvalue>
                        </customfieldvalues>
                    </customfield>
                                                                                                                                                                                                                                                                                                                                                                                                                                                                                                                                                                                                                                                                                                        <customfield id="customfield_12310220" key="com.atlassian.jira.ext.charting:firstresponsedate">
                        <customfieldname>Date of First Response</customfieldname>
                        <customfieldvalues>
                            <customfieldvalue>Tue, 1 Oct 2019 10:41:48 +0000</customfieldvalue>

                        </customfieldvalues>
                    </customfield>
                                                                <customfield id="customfield_12314020" key="com.atlassian.jira.plugins.jira-development-integration-plugin:devsummary">
                        <customfieldname>Development</customfieldname>
                        <customfieldvalues>
                            
                        </customfieldvalues>
                    </customfield>
                                                                                                                        <customfield id="customfield_12313422" key="com.atlassian.jirafisheyeplugin:jobcheckbox">
                        <customfieldname>Enable Automatic Patch Review</customfieldname>
                        <customfieldvalues>
                            <customfieldvalue><![CDATA[false]]></customfieldvalue>

                        </customfieldvalues>
                    </customfield>
                                                                                                                                                                                                                                                                                                                                                                                                                                                                                                                                                                                                                    <customfield id="customfield_12310420" key="com.pyxis.greenhopper.jira:gh-global-rank">
                        <customfieldname>Global Rank</customfieldname>
                        <customfieldvalues>
                            <customfieldvalue>9223372036854775807</customfieldvalue>
                        </customfieldvalues>
                    </customfield>
                                                                                                                                                                                                            <customfield id="customfield_12312521" key="com.atlassian.jira.toolkit:LastCommentDate">
                        <customfieldname>Last public comment date</customfieldname>
                        <customfieldvalues>
                            19 weeks, 4 days ago
                        </customfieldvalues>
                    </customfield>
                                                                                                                                                                                                            <customfield id="customfield_12311820" key="com.pyxis.greenhopper.jira:gh-lexo-rank">
                        <customfieldname>Rank</customfieldname>
                        <customfieldvalues>
                            <customfieldvalue>0|z076sg:</customfieldvalue>

                        </customfieldvalues>
                    </customfield>
                                                                <customfield id="customfield_12310920" key="com.pyxis.greenhopper.jira:gh-global-rank">
                        <customfieldname>Rank (Obsolete)</customfieldname>
                        <customfieldvalues>
                            <customfieldvalue>9223372036854775807</customfieldvalue>
                        </customfieldvalues>
                    </customfield>
                                                                                                                                                                                                                                                                                                                                                                                                                                                                                                                                                                                                                                                                            <customfield id="customfield_12310222" key="com.atlassian.jira.ext.charting:timeinstatus">
                        <customfieldname>Time in Status</customfieldname>
                        <customfieldvalues>
                            
                        </customfieldvalues>
                    </customfield>
                                                                                            </customfields>
    </item>
</channel>
</rss>