<!--
RSS generated by JIRA (7.6.3#76005-sha1:8a4e38d34af948780dbf52044e7aafb13a7cae58) at Mon Apr 08 11:27:04 UTC 2019

It is possible to restrict the fields that are returned in this document by specifying the 'field' parameter in your request.
For example, to request only the issue key and summary append 'field=key&field=summary' to the URL of your request.
-->
<!-- If you wish to do custom client-side styling of RSS, uncomment this:
<?xml-stylesheet href="https://issues.apache.org/jira/styles/jiraxml2html.xsl" type="text/xsl"?>
-->
<rss version="0.92">
    <channel>
        <title>ASF JIRA</title>
        <link>https://issues.apache.org/jira/issues/?jql=project+%3D+WICKET+AND+issuetype+%3D+Bug+AND+created+%3E%3D+2018-06-01+AND+created+%3C%3D+2018-07-01</link>
        <description>An XML representation of a search request</description>
                <language>en-uk</language>
                        <issue start="0" end="1" total="1"/>
                <build-info>
            <version>7.6.3</version>
            <build-number>76005</build-number>
            <build-date>09-01-2018</build-date>
        </build-info>

<item>
            <title>[WICKET-6564] PageStoreManager#clear() does not completely clear</title>
                <link>https://issues.apache.org/jira/browse/WICKET-6564</link>
                <project id="12310561" key="WICKET">Wicket</project>
                    <description>&lt;p&gt;org.apache.wicket.pagePageStoreManager#clear just signals valueUnbound to a internally defined HttpSession-bound SessionEntry. The SessionEntry then does not remove all internal state: the sessionCache ist not cleared.&lt;/p&gt;

&lt;p&gt;Please add a setSessionCache(Collections.emptyList()) to SessionEntry#valueUnbound or to PageStore#clear.&lt;/p&gt;</description>
                <environment></environment>
        <key id="13168015">WICKET-6564</key>
            <summary>PageStoreManager#clear() does not completely clear</summary>
                <type id="1" iconUrl="https://issues.apache.org/jira/secure/viewavatar?size=xsmall&amp;avatarId=21133&amp;avatarType=issuetype">Bug</type>
                                            <priority id="3" iconUrl="https://issues.apache.org/jira/images/icons/priorities/major.svg">Major</priority>
                        <status id="5" iconUrl="https://issues.apache.org/jira/images/icons/statuses/resolved.png" description="A resolution has been taken, and it is awaiting verification by reporter. From here issues are either reopened, or are closed.">Resolved</status>
                    <statusCategory id="3" key="done" colorName="green"/>
                                    <resolution id="1">Fixed</resolution>
                                        <assignee username="svenmeier">Sven Meier</assignee>
                                    <reporter username="hosea">Hans Sch&#228;fer</reporter>
                        <labels>
                    </labels>
                <created>Mon, 25 Jun 2018 11:18:04 +0000</created>
                <updated>Wed, 4 Jul 2018 21:46:45 +0000</updated>
                            <resolved>Wed, 4 Jul 2018 21:45:56 +0000</resolved>
                                    <version>7.10.0</version>
                                    <fixVersion>7.11.0</fixVersion>
                    <fixVersion>8.1.0</fixVersion>
                                    <component>wicket</component>
                        <due></due>
                            <votes>0</votes>
                                    <watches>2</watches>
                                                                <comments>
                            <comment id="16533070" author="jira-bot" created="Wed, 4 Jul 2018 21:42:34 +0000"  >&lt;p&gt;Commit 7665dc563de81b36a1e887d779897068b8cd4abf in wicket&apos;s branch refs/heads/wicket-7.x from &lt;a href=&quot;https://issues.apache.org/jira/secure/ViewProfile.jspa?name=svenmeier&quot; class=&quot;user-hover&quot; rel=&quot;svenmeier&quot;&gt;Sven Meier&lt;/a&gt;&lt;br/&gt;
[ &lt;a href=&quot;https://git-wip-us.apache.org/repos/asf?p=wicket.git;h=7665dc5&quot; class=&quot;external-link&quot; rel=&quot;nofollow&quot;&gt;https://git-wip-us.apache.org/repos/asf?p=wicket.git;h=7665dc5&lt;/a&gt; ]&lt;/p&gt;

&lt;p&gt;&lt;a href=&quot;https://issues.apache.org/jira/browse/WICKET-6564&quot; title=&quot;PageStoreManager#clear() does not completely clear&quot; class=&quot;issue-link&quot; data-issue-key=&quot;WICKET-6564&quot;&gt;&lt;del&gt;WICKET-6564&lt;/del&gt;&lt;/a&gt; clear request and session pages&lt;/p&gt;</comment>
                            <comment id="16533071" author="jira-bot" created="Wed, 4 Jul 2018 21:43:40 +0000"  >&lt;p&gt;Commit 0fd301302c816244aa498e2d11341bbfdeda8d9f in wicket&apos;s branch refs/heads/wicket-8.x from &lt;a href=&quot;https://issues.apache.org/jira/secure/ViewProfile.jspa?name=svenmeier&quot; class=&quot;user-hover&quot; rel=&quot;svenmeier&quot;&gt;Sven Meier&lt;/a&gt;&lt;br/&gt;
[ &lt;a href=&quot;https://git-wip-us.apache.org/repos/asf?p=wicket.git;h=0fd3013&quot; class=&quot;external-link&quot; rel=&quot;nofollow&quot;&gt;https://git-wip-us.apache.org/repos/asf?p=wicket.git;h=0fd3013&lt;/a&gt; ]&lt;/p&gt;

&lt;p&gt;&lt;a href=&quot;https://issues.apache.org/jira/browse/WICKET-6564&quot; title=&quot;PageStoreManager#clear() does not completely clear&quot; class=&quot;issue-link&quot; data-issue-key=&quot;WICKET-6564&quot;&gt;&lt;del&gt;WICKET-6564&lt;/del&gt;&lt;/a&gt; clear request and session pages&lt;/p&gt;</comment>
                            <comment id="16533072" author="svenmeier" created="Wed, 4 Jul 2018 21:45:56 +0000"  >&lt;p&gt;I&apos;ve change PageStoreManager to clear request &lt;b&gt;and&lt;/b&gt; session cache.&lt;/p&gt;</comment>
                            <comment id="16533073" author="svenmeier" created="Wed, 4 Jul 2018 21:46:45 +0000"  >&lt;p&gt;Thanks Hans!&lt;/p&gt;</comment>
                    </comments>
                    <attachments>
                    </attachments>
                <subtasks>
                    </subtasks>
                <customfields>
                                                <customfield id="customfield_12310310" key="com.atlassian.jira.toolkit:attachments">
                        <customfieldname>Attachment count</customfieldname>
                        <customfieldvalues>
                            <customfieldvalue>0.0</customfieldvalue>
                        </customfieldvalues>
                    </customfield>
                                                                                                                                                                                                                                                                                                                                                                                                                                                                                                                                                                                        <customfield id="customfield_12310220" key="com.atlassian.jira.ext.charting:firstresponsedate">
                        <customfieldname>Date of First Response</customfieldname>
                        <customfieldvalues>
                            <customfieldvalue>Wed, 4 Jul 2018 21:42:34 +0000</customfieldvalue>

                        </customfieldvalues>
                    </customfield>
                                                                                                                        <customfield id="customfield_12313422" key="com.atlassian.jirafisheyeplugin:jobcheckbox">
                        <customfieldname>Enable Automatic Patch Review</customfieldname>
                        <customfieldvalues>
                            <customfieldvalue><![CDATA[false]]></customfieldvalue>

                        </customfieldvalues>
                    </customfield>
                                                                                                                                                                                                                                                                                                                                                                                                                                                                        <customfield id="customfield_12310420" key="com.pyxis.greenhopper.jira:gh-global-rank">
                        <customfieldname>Global Rank</customfieldname>
                        <customfieldvalues>
                            <customfieldvalue>9223372036854775807</customfieldvalue>
                        </customfieldvalues>
                    </customfield>
                                                                                                                        <customfield id="customfield_12312521" key="com.atlassian.jira.toolkit:LastCommentDate">
                        <customfieldname>Last public comment date</customfieldname>
                        <customfieldvalues>
                            39 weeks, 4 days ago
                        </customfieldvalues>
                    </customfield>
                                                                                                                                                    <customfield id="customfield_12311820" key="com.pyxis.greenhopper.jira:gh-lexo-rank">
                        <customfieldname>Rank</customfieldname>
                        <customfieldvalues>
                            <customfieldvalue>0|i3v6vr:</customfieldvalue>

                        </customfieldvalues>
                    </customfield>
                                                                <customfield id="customfield_12310920" key="com.pyxis.greenhopper.jira:gh-global-rank">
                        <customfieldname>Rank (Obsolete)</customfieldname>
                        <customfieldvalues>
                            <customfieldvalue>9223372036854775807</customfieldvalue>
                        </customfieldvalues>
                    </customfield>
                                                                                                                                                                                                                                                                                                                            <customfield id="customfield_12310222" key="com.atlassian.jira.ext.charting:timeinstatus">
                        <customfieldname>Time in Status</customfieldname>
                        <customfieldvalues>
                            
                        </customfieldvalues>
                    </customfield>
                                    </customfields>
    </item>
</channel>
</rss>