<!--
RSS generated by JIRA (6.3.4#6332-sha1:51bc225ef474afe3128b2f66878477f322397b16) at Thu Dec 10 19:31:35 UTC 2015

It is possible to restrict the fields that are returned in this document by specifying the 'field' parameter in your request.
For example, to request only the issue key and summary add field=key&field=summary to the URL of your request.
For example:
https://issues.apache.org/jira/sr/jira.issueviews:searchrequest-xml/temp/SearchRequest.xml?jqlQuery=project+%3D+WICKET+AND+issuetype+%3D+Bug+AND+created+%3E%3D+2015-9-1+AND+created+%3C%3D+2015-10-1+ORDER+BY+key+ASC&amp;tempMax=200&amp;field=key&amp;field=summary
-->
<!-- If you wish to do custom client-side styling of RSS, uncomment this:
<?xml-stylesheet href="https://issues.apache.org/jira/styles/jiraxml2html.xsl" type="text/xsl"?>
-->
<rss version="0.92">
    <channel>
        <title>ASF JIRA</title>
        <link>https://issues.apache.org/jira/secure/IssueNavigator.jspa?reset=true&amp;jqlQuery=project+%3D+WICKET+AND+issuetype+%3D+Bug+AND+created+%3E%3D+2015-9-1+AND+created+%3C%3D+2015-10-1+ORDER+BY+key+ASC</link>
        <description>An XML representation of a search request</description>
                <language>en-uk</language>
                        <issue start="0" end="8" total="8"/>
                <build-info>
            <version>6.3.4</version>
            <build-number>6332</build-number>
            <build-date>15-08-2014</build-date>
        </build-info>
<item>
            <title>[WICKET-5978] LazyInitProxyFactory fills permgen space</title>
                <link>https://issues.apache.org/jira/browse/WICKET-5978</link>
                <project id="12310561" key="WICKET">Wicket</project>
                    <description>&lt;p&gt;Since &lt;a href=&quot;https://issues.apache.org/jira/browse/WICKET-5910&quot; title=&quot;CGLib proxy should not intercept protected methods&quot; class=&quot;issue-link&quot; data-issue-key=&quot;WICKET-5910&quot;&gt;&lt;del&gt;WICKET-5910&lt;/del&gt;&lt;/a&gt; permgen space is filled with proxy classes, since the enhancement key changes for each proxy generation.&lt;/p&gt;</description>
                <environment></environment>
        <key id="12861258">WICKET-5978</key>
            <summary>LazyInitProxyFactory fills permgen space</summary>
                <type id="1" iconUrl="https://issues.apache.org/jira/images/icons/issuetypes/bug.png">Bug</type>
                                            <priority id="2" iconUrl="https://issues.apache.org/jira/images/icons/priorities/critical.png">Critical</priority>
                        <status id="5" iconUrl="https://issues.apache.org/jira/images/icons/statuses/resolved.png" description="A resolution has been taken, and it is awaiting verification by reporter. From here issues are either reopened, or are closed.">Resolved</status>
                    <statusCategory id="3" key="done" colorName="green"/>
                                    <resolution id="1">Fixed</resolution>
                                        <assignee username="svenmeier">Sven Meier</assignee>
                                    <reporter username="svenmeier">Sven Meier</reporter>
                        <labels>
                    </labels>
                <created>Wed, 2 Sep 2015 09:03:14 +0000</created>
                <updated>Sun, 1 Nov 2015 09:16:53 +0000</updated>
                            <resolved>Wed, 2 Sep 2015 09:12:42 +0000</resolved>
                                                    <fixVersion>6.21.0</fixVersion>
                    <fixVersion>7.1.0</fixVersion>
                                    <component>wicket</component>
                        <due></due>
                            <votes>0</votes>
                                    <watches>3</watches>
                                                                <comments>
                            <comment id="14727032" author="jira-bot" created="Wed, 2 Sep 2015 09:06:53 +0000"  >&lt;p&gt;Commit a92be9ee1d20444b65c99ef3e6e32d229326d150 in wicket&apos;s branch refs/heads/wicket-6.x from &lt;a href=&quot;https://issues.apache.org/jira/secure/ViewProfile.jspa?name=svenmeier&quot; class=&quot;user-hover&quot; rel=&quot;svenmeier&quot;&gt;Sven Meier&lt;/a&gt;&lt;br/&gt;
[ &lt;a href=&quot;https://git-wip-us.apache.org/repos/asf?p=wicket.git;h=a92be9e&quot; class=&quot;external-link&quot; rel=&quot;nofollow&quot;&gt;https://git-wip-us.apache.org/repos/asf?p=wicket.git;h=a92be9e&lt;/a&gt; ]&lt;/p&gt;

&lt;p&gt;&lt;a href=&quot;https://issues.apache.org/jira/browse/WICKET-5978&quot; title=&quot;LazyInitProxyFactory fills permgen space&quot; class=&quot;issue-link&quot; data-issue-key=&quot;WICKET-5978&quot;&gt;&lt;del&gt;WICKET-5978&lt;/del&gt;&lt;/a&gt; re-enable caching of enhancer by keeping properties equal&lt;/p&gt;</comment>
                            <comment id="14727035" author="jira-bot" created="Wed, 2 Sep 2015 09:08:41 +0000"  >&lt;p&gt;Commit 1aab37b6346cd0fcaccec72b8ea51856b34cce41 in wicket&apos;s branch refs/heads/master from &lt;a href=&quot;https://issues.apache.org/jira/secure/ViewProfile.jspa?name=svenmeier&quot; class=&quot;user-hover&quot; rel=&quot;svenmeier&quot;&gt;Sven Meier&lt;/a&gt;&lt;br/&gt;
[ &lt;a href=&quot;https://git-wip-us.apache.org/repos/asf?p=wicket.git;h=1aab37b&quot; class=&quot;external-link&quot; rel=&quot;nofollow&quot;&gt;https://git-wip-us.apache.org/repos/asf?p=wicket.git;h=1aab37b&lt;/a&gt; ]&lt;/p&gt;

&lt;p&gt;&lt;a href=&quot;https://issues.apache.org/jira/browse/WICKET-5978&quot; title=&quot;LazyInitProxyFactory fills permgen space&quot; class=&quot;issue-link&quot; data-issue-key=&quot;WICKET-5978&quot;&gt;&lt;del&gt;WICKET-5978&lt;/del&gt;&lt;/a&gt; re-enable caching of enhancer by keeping properties equal&lt;/p&gt;</comment>
                            <comment id="14727039" author="svenmeier" created="Wed, 2 Sep 2015 09:12:42 +0000"  >&lt;p&gt;For the enhancer to cache the generated classes, all properties have to be equal. Both SerializableNoOpCallback and NoOpForProtectedMethodsCGLibCallbackFilter implement equals() now.&lt;/p&gt;</comment>
                            <comment id="14727210" author="jira-bot" created="Wed, 2 Sep 2015 11:49:21 +0000"  >&lt;p&gt;Commit 8f8b1a49ba5eca1a9782d387e9b9f8ac5a61a1cd in wicket&apos;s branch refs/heads/wicket-6.x from &lt;a href=&quot;https://issues.apache.org/jira/secure/ViewProfile.jspa?name=svenmeier&quot; class=&quot;user-hover&quot; rel=&quot;svenmeier&quot;&gt;Sven Meier&lt;/a&gt;&lt;br/&gt;
[ &lt;a href=&quot;https://git-wip-us.apache.org/repos/asf?p=wicket.git;h=8f8b1a4&quot; class=&quot;external-link&quot; rel=&quot;nofollow&quot;&gt;https://git-wip-us.apache.org/repos/asf?p=wicket.git;h=8f8b1a4&lt;/a&gt; ]&lt;/p&gt;

&lt;p&gt;&lt;a href=&quot;https://issues.apache.org/jira/browse/WICKET-5978&quot; title=&quot;LazyInitProxyFactory fills permgen space&quot; class=&quot;issue-link&quot; data-issue-key=&quot;WICKET-5978&quot;&gt;&lt;del&gt;WICKET-5978&lt;/del&gt;&lt;/a&gt; simpler solution with a single INSTANCE&lt;/p&gt;</comment>
                            <comment id="14727211" author="jira-bot" created="Wed, 2 Sep 2015 11:50:09 +0000"  >&lt;p&gt;Commit 5269cf59565de653260d0ac5426cb1acb061b4c8 in wicket&apos;s branch refs/heads/master from &lt;a href=&quot;https://issues.apache.org/jira/secure/ViewProfile.jspa?name=svenmeier&quot; class=&quot;user-hover&quot; rel=&quot;svenmeier&quot;&gt;Sven Meier&lt;/a&gt;&lt;br/&gt;
[ &lt;a href=&quot;https://git-wip-us.apache.org/repos/asf?p=wicket.git;h=5269cf5&quot; class=&quot;external-link&quot; rel=&quot;nofollow&quot;&gt;https://git-wip-us.apache.org/repos/asf?p=wicket.git;h=5269cf5&lt;/a&gt; ]&lt;/p&gt;

&lt;p&gt;&lt;a href=&quot;https://issues.apache.org/jira/browse/WICKET-5978&quot; title=&quot;LazyInitProxyFactory fills permgen space&quot; class=&quot;issue-link&quot; data-issue-key=&quot;WICKET-5978&quot;&gt;&lt;del&gt;WICKET-5978&lt;/del&gt;&lt;/a&gt; simpler solution with a single INSTANCE&lt;/p&gt;</comment>
                    </comments>
                <issuelinks>
                            <issuelinktype id="12310000">
                    <name>Duplicate</name>
                                                                <inwardlinks description="is duplicated by">
                                        <issuelink>
            <issuekey id="12906989">WICKET-6009</issuekey>
        </issuelink>
            <issuelink>
            <issuekey id="12909457">WICKET-6016</issuekey>
        </issuelink>
                            </inwardlinks>
                                    </issuelinktype>
                            <issuelinktype id="12310050">
                    <name>Regression</name>
                                                                <inwardlinks description="is broken by">
                                        <issuelink>
            <issuekey id="12831174">WICKET-5910</issuekey>
        </issuelink>
                            </inwardlinks>
                                    </issuelinktype>
                    </issuelinks>
                <attachments>
                    </attachments>
                <subtasks>
                    </subtasks>
                <customfields>
                                                <customfield id="customfield_12310310" key="com.atlassian.jira.toolkit:attachments">
                        <customfieldname>Attachment count</customfieldname>
                        <customfieldvalues>
                            <customfieldvalue>0.0</customfieldvalue>
                        </customfieldvalues>
                    </customfield>
                                                                                                                                                                                                                                                                                                                                                                                                                                                                                                                                                            <customfield id="customfield_12310220" key="com.atlassian.jira.ext.charting:firstresponsedate">
                        <customfieldname>Date of First Response</customfieldname>
                        <customfieldvalues>
                            <customfieldvalue>Wed, 2 Sep 2015 09:06:53 +0000</customfieldvalue>

                        </customfieldvalues>
                    </customfield>
                                                                                                                                                                                                                                                                                                                                                                                    <customfield id="customfield_12310420" key="com.pyxis.greenhopper.jira:gh-global-rank">
                        <customfieldname>Global Rank</customfieldname>
                        <customfieldvalues>
                            <customfieldvalue>9223372036854775807</customfieldvalue>
                        </customfieldvalues>
                    </customfield>
                                                                                                                                                    <customfield id="customfield_12311820" key="com.pyxis.greenhopper.jira:gh-lexo-rank">
                        <customfieldname>Rank</customfieldname>
                        <customfieldvalues>
                            <customfieldvalue>0|i2jp0f:</customfieldvalue>

                        </customfieldvalues>
                    </customfield>
                                                                <customfield id="customfield_12310920" key="com.pyxis.greenhopper.jira:gh-global-rank">
                        <customfieldname>Rank (Obsolete)</customfieldname>
                        <customfieldvalues>
                            <customfieldvalue>9223372036854775807</customfieldvalue>
                        </customfieldvalues>
                    </customfield>
                                                                                                                                                                                                                                        <customfield id="customfield_12310222" key="com.atlassian.jira.ext.charting:timeinstatus">
                        <customfieldname>Time in Status</customfieldname>
                        <customfieldvalues>
                            
                        </customfieldvalues>
                    </customfield>
                                                                </customfields>
    </item>

<item>
            <title>[WICKET-5979] Feedback.anyMessage() and 1891.10.01 date bug</title>
                <link>https://issues.apache.org/jira/browse/WICKET-5979</link>
                <project id="12310561" key="WICKET">Wicket</project>
                    <description>&lt;p&gt;Feedback.anyMessage() is not working perfectly,&lt;br/&gt;
and 1891.10.01 is invalid date in the TextField.&lt;br/&gt;
The quickstart project location is:&lt;br/&gt;
&lt;a href=&quot;https://github.com/xesj/wicket7-bug.git&quot; class=&quot;external-link&quot; rel=&quot;nofollow&quot;&gt;https://github.com/xesj/wicket7-bug.git&lt;/a&gt;&lt;/p&gt;</description>
                <environment>Apache Tomcat 8</environment>
        <key id="12861287">WICKET-5979</key>
            <summary>Feedback.anyMessage() and 1891.10.01 date bug</summary>
                <type id="1" iconUrl="https://issues.apache.org/jira/images/icons/issuetypes/bug.png">Bug</type>
                                            <priority id="3" iconUrl="https://issues.apache.org/jira/images/icons/priorities/major.png">Major</priority>
                        <status id="5" iconUrl="https://issues.apache.org/jira/images/icons/statuses/resolved.png" description="A resolution has been taken, and it is awaiting verification by reporter. From here issues are either reopened, or are closed.">Resolved</status>
                    <statusCategory id="3" key="done" colorName="green"/>
                                    <resolution id="6">Invalid</resolution>
                                        <assignee username="svenmeier">Sven Meier</assignee>
                                    <reporter username="xesj">Keresztes J&#243;zsef</reporter>
                        <labels>
                    </labels>
                <created>Wed, 2 Sep 2015 11:28:48 +0000</created>
                <updated>Thu, 3 Sep 2015 12:01:00 +0000</updated>
                            <resolved>Wed, 2 Sep 2015 18:53:30 +0000</resolved>
                                    <version>7.0.0-M6</version>
                    <version>7.0.0</version>
                                                    <component>wicket</component>
                    <component>wicket-datetime</component>
                        <due></due>
                            <votes>0</votes>
                                    <watches>2</watches>
                                                                <comments>
                            <comment id="14727844" author="svenmeier" created="Wed, 2 Sep 2015 18:47:56 +0000"  >&lt;p&gt;Feedback.anyMessage()&lt;/p&gt;

&lt;p&gt;Problem is that MyFeedback is calling #anyMessage() from #isVisible(), which is called during form submit already. This forces FeedbackMessagesModel to collect all messages &lt;b&gt;before&lt;/b&gt; your #onSubmit(). These messages are cached until #detach() is called, so MyFeedback shows the additional message on the next request only.&lt;/p&gt;

&lt;p&gt;You should follow good practices:&lt;/p&gt;

&lt;div class=&quot;code panel&quot; style=&quot;border-width: 1px;&quot;&gt;&lt;div class=&quot;codeContent panelContent&quot;&gt;
&lt;pre class=&quot;code-java&quot;&gt;
WebMarkupContainer border = &lt;span class=&quot;code-keyword&quot;&gt;new&lt;/span&gt; WebMarkupContainer(&lt;span class=&quot;code-quote&quot;&gt;&quot;border&quot;&lt;/span&gt;) {
    @Override
    &lt;span class=&quot;code-keyword&quot;&gt;protected&lt;/span&gt; void onConfigure() {
        &lt;span class=&quot;code-keyword&quot;&gt;super&lt;/span&gt;.onConfigure();
   			
        setVisible(feedback.anyMessage());
    }
};
&lt;/pre&gt;
&lt;/div&gt;&lt;/div&gt;</comment>
                            <comment id="14727854" author="svenmeier" created="Wed, 2 Sep 2015 18:53:11 +0000"  >&lt;p&gt;&quot;1891.10.01&quot; is accepted just fine here.&lt;/p&gt;</comment>
                            <comment id="14728913" author="xesj" created="Thu, 3 Sep 2015 12:01:00 +0000"  >&lt;p&gt;Hi Sven Meier !&lt;/p&gt;

&lt;p&gt;1. FeedbackPanel: Thank you, the override onConfigure() is perfect solution for me.&lt;br/&gt;
2. 1891.10.01: When I deploy the project to unix server the problem doesn&apos;t appear. Ok I think this is not Apache Wicket problem, maybe windows or java, locale, timezone, etc...i don&apos;t know...&lt;/p&gt;</comment>
                    </comments>
                    <attachments>
                    </attachments>
                <subtasks>
                    </subtasks>
                <customfields>
                                                <customfield id="customfield_12310310" key="com.atlassian.jira.toolkit:attachments">
                        <customfieldname>Attachment count</customfieldname>
                        <customfieldvalues>
                            <customfieldvalue>0.0</customfieldvalue>
                        </customfieldvalues>
                    </customfield>
                                                                                                                                                                                                                                                                                                                                                                                                                                                                                                                                                            <customfield id="customfield_12310220" key="com.atlassian.jira.ext.charting:firstresponsedate">
                        <customfieldname>Date of First Response</customfieldname>
                        <customfieldvalues>
                            <customfieldvalue>Wed, 2 Sep 2015 18:47:56 +0000</customfieldvalue>

                        </customfieldvalues>
                    </customfield>
                                                                                                                        <customfield id="customfield_12311020" key="com.atlassian.jira.plugin.system.customfieldtypes:url">
                        <customfieldname>External issue URL</customfieldname>
                        <customfieldvalues>
                            <customfieldvalue><![CDATA[https://github.com/xesj/wicket7-bug.git]]></customfieldvalue>

                        </customfieldvalues>
                    </customfield>
                                                                                                                                                                                                                                                                                                <customfield id="customfield_12310420" key="com.pyxis.greenhopper.jira:gh-global-rank">
                        <customfieldname>Global Rank</customfieldname>
                        <customfieldvalues>
                            <customfieldvalue>9223372036854775807</customfieldvalue>
                        </customfieldvalues>
                    </customfield>
                                                                                                                                                    <customfield id="customfield_12311820" key="com.pyxis.greenhopper.jira:gh-lexo-rank">
                        <customfieldname>Rank</customfieldname>
                        <customfieldvalues>
                            <customfieldvalue>0|i2jp6v:</customfieldvalue>

                        </customfieldvalues>
                    </customfield>
                                                                <customfield id="customfield_12310920" key="com.pyxis.greenhopper.jira:gh-global-rank">
                        <customfieldname>Rank (Obsolete)</customfieldname>
                        <customfieldvalues>
                            <customfieldvalue>9223372036854775807</customfieldvalue>
                        </customfieldvalues>
                    </customfield>
                                                                                                                                                                                                                                        <customfield id="customfield_12310222" key="com.atlassian.jira.ext.charting:timeinstatus">
                        <customfieldname>Time in Status</customfieldname>
                        <customfieldvalues>
                            
                        </customfieldvalues>
                    </customfield>
                                                                </customfields>
    </item>

<item>
            <title>[WICKET-5980] When using Servlet 3.0 filter Wicket calculates filter path wrong</title>
                <link>https://issues.apache.org/jira/browse/WICKET-5980</link>
                <project id="12310561" key="WICKET">Wicket</project>
                    <description>&lt;p&gt;When using a servlet 3.0 filter with annotations Wicket calculates the filter path wrong causing it to not match any pages other than the home page.&lt;/p&gt;

&lt;p&gt;e.g.&lt;/p&gt;

&lt;div class=&quot;code panel&quot; style=&quot;border-width: 1px;&quot;&gt;&lt;div class=&quot;codeContent panelContent&quot;&gt;
&lt;pre class=&quot;code-java&quot;&gt;
@WebFilter(value = &lt;span class=&quot;code-quote&quot;&gt;&quot;/web/*&quot;&lt;/span&gt;, initParams = {@WebInitParam(name = &lt;span class=&quot;code-quote&quot;&gt;&quot;applicationClassName&quot;&lt;/span&gt;, value = &lt;span class=&quot;code-quote&quot;&gt;&quot;com.example.CheesrApplication&quot;&lt;/span&gt;)})
&lt;span class=&quot;code-keyword&quot;&gt;public&lt;/span&gt; class CheesrFilter &lt;span class=&quot;code-keyword&quot;&gt;extends&lt;/span&gt; WicketFilter {
}
&lt;/pre&gt;
&lt;/div&gt;&lt;/div&gt;

&lt;p&gt;Will cause Wicket to create a filter path of /web/*/ instead of the expected /web.&lt;/p&gt;</description>
                <environment></environment>
        <key id="12863458">WICKET-5980</key>
            <summary>When using Servlet 3.0 filter Wicket calculates filter path wrong</summary>
                <type id="1" iconUrl="https://issues.apache.org/jira/images/icons/issuetypes/bug.png">Bug</type>
                                            <priority id="4" iconUrl="https://issues.apache.org/jira/images/icons/priorities/minor.png">Minor</priority>
                        <status id="6" iconUrl="https://issues.apache.org/jira/images/icons/statuses/closed.png" description="The issue is considered finished, the resolution is correct. Issues which are closed can be reopened.">Closed</status>
                    <statusCategory id="3" key="done" colorName="green"/>
                                    <resolution id="1">Fixed</resolution>
                                        <assignee username="-1">Unassigned</assignee>
                                    <reporter username="dashorst">Martijn Dashorst</reporter>
                        <labels>
                    </labels>
                <created>Fri, 11 Sep 2015 16:37:01 +0000</created>
                <updated>Mon, 21 Sep 2015 12:32:07 +0000</updated>
                            <resolved>Mon, 21 Sep 2015 12:32:01 +0000</resolved>
                                    <version>7.0.0</version>
                                    <fixVersion>7.1.0</fixVersion>
                                    <component>wicket</component>
                        <due></due>
                            <votes>0</votes>
                                    <watches>2</watches>
                                                                <comments>
                            <comment id="14741136" author="jira-bot" created="Fri, 11 Sep 2015 17:00:27 +0000"  >&lt;p&gt;Commit 294b0b2f897dc0e2433b607d7543061145b320fc in wicket&apos;s branch refs/heads/master from &lt;a href=&quot;https://issues.apache.org/jira/secure/ViewProfile.jspa?name=dashorst&quot; class=&quot;user-hover&quot; rel=&quot;dashorst&quot;&gt;Martijn Dashorst&lt;/a&gt;&lt;br/&gt;
[ &lt;a href=&quot;https://git-wip-us.apache.org/repos/asf?p=wicket.git;h=294b0b2&quot; class=&quot;external-link&quot; rel=&quot;nofollow&quot;&gt;https://git-wip-us.apache.org/repos/asf?p=wicket.git;h=294b0b2&lt;/a&gt; ]&lt;/p&gt;

&lt;p&gt;&lt;a href=&quot;https://issues.apache.org/jira/browse/WICKET-5980&quot; title=&quot;When using Servlet 3.0 filter Wicket calculates filter path wrong&quot; class=&quot;issue-link&quot; data-issue-key=&quot;WICKET-5980&quot;&gt;&lt;del&gt;WICKET-5980&lt;/del&gt;&lt;/a&gt; Servlet 3 Filter path calculated wrong&lt;/p&gt;

&lt;p&gt;When using Servlet 3.0 filter Wicket calculates filter path wrong. With a /web/* filter definition&lt;br/&gt;
in the annotation Wicket generates /web/*/ instead of /web/.&lt;/p&gt;

&lt;p&gt;This fix uses the same approach as WicketFilter.getFilterPathFromConfig and other similar&lt;br/&gt;
extracters. Fixes &lt;a href=&quot;https://issues.apache.org/jira/browse/WICKET-5980&quot; title=&quot;When using Servlet 3.0 filter Wicket calculates filter path wrong&quot; class=&quot;issue-link&quot; data-issue-key=&quot;WICKET-5980&quot;&gt;&lt;del&gt;WICKET-5980&lt;/del&gt;&lt;/a&gt;.&lt;/p&gt;</comment>
                            <comment id="14741137" author="jira-bot" created="Fri, 11 Sep 2015 17:00:28 +0000"  >&lt;p&gt;Commit 294b0b2f897dc0e2433b607d7543061145b320fc in wicket&apos;s branch refs/heads/master from &lt;a href=&quot;https://issues.apache.org/jira/secure/ViewProfile.jspa?name=dashorst&quot; class=&quot;user-hover&quot; rel=&quot;dashorst&quot;&gt;Martijn Dashorst&lt;/a&gt;&lt;br/&gt;
[ &lt;a href=&quot;https://git-wip-us.apache.org/repos/asf?p=wicket.git;h=294b0b2&quot; class=&quot;external-link&quot; rel=&quot;nofollow&quot;&gt;https://git-wip-us.apache.org/repos/asf?p=wicket.git;h=294b0b2&lt;/a&gt; ]&lt;/p&gt;

&lt;p&gt;&lt;a href=&quot;https://issues.apache.org/jira/browse/WICKET-5980&quot; title=&quot;When using Servlet 3.0 filter Wicket calculates filter path wrong&quot; class=&quot;issue-link&quot; data-issue-key=&quot;WICKET-5980&quot;&gt;&lt;del&gt;WICKET-5980&lt;/del&gt;&lt;/a&gt; Servlet 3 Filter path calculated wrong&lt;/p&gt;

&lt;p&gt;When using Servlet 3.0 filter Wicket calculates filter path wrong. With a /web/* filter definition&lt;br/&gt;
in the annotation Wicket generates /web/*/ instead of /web/.&lt;/p&gt;

&lt;p&gt;This fix uses the same approach as WicketFilter.getFilterPathFromConfig and other similar&lt;br/&gt;
extracters. Fixes &lt;a href=&quot;https://issues.apache.org/jira/browse/WICKET-5980&quot; title=&quot;When using Servlet 3.0 filter Wicket calculates filter path wrong&quot; class=&quot;issue-link&quot; data-issue-key=&quot;WICKET-5980&quot;&gt;&lt;del&gt;WICKET-5980&lt;/del&gt;&lt;/a&gt;.&lt;/p&gt;</comment>
                            <comment id="14741482" author="jira-bot" created="Fri, 11 Sep 2015 20:23:31 +0000"  >&lt;p&gt;Commit 840c7ef003aea8293726ca345e16e5d263938637 in wicket&apos;s branch refs/heads/master from &lt;a href=&quot;https://issues.apache.org/jira/secure/ViewProfile.jspa?name=mgrigorov&quot; class=&quot;user-hover&quot; rel=&quot;mgrigorov&quot;&gt;Martin Grigorov&lt;/a&gt;&lt;br/&gt;
[ &lt;a href=&quot;https://git-wip-us.apache.org/repos/asf?p=wicket.git;h=840c7ef&quot; class=&quot;external-link&quot; rel=&quot;nofollow&quot;&gt;https://git-wip-us.apache.org/repos/asf?p=wicket.git;h=840c7ef&lt;/a&gt; ]&lt;/p&gt;

&lt;p&gt;&lt;a href=&quot;https://issues.apache.org/jira/browse/WICKET-5980&quot; title=&quot;When using Servlet 3.0 filter Wicket calculates filter path wrong&quot; class=&quot;issue-link&quot; data-issue-key=&quot;WICKET-5980&quot;&gt;&lt;del&gt;WICKET-5980&lt;/del&gt;&lt;/a&gt; Servlet 3 Filter path calculated wrong&lt;/p&gt;

&lt;p&gt;Add Apache licence&lt;/p&gt;</comment>
                            <comment id="14741510" author="jira-bot" created="Fri, 11 Sep 2015 20:43:32 +0000"  >&lt;p&gt;Commit ad286c3306696c940ded97f1dbe3b650d89e7e70 in wicket&apos;s branch refs/heads/master from &lt;a href=&quot;https://issues.apache.org/jira/secure/ViewProfile.jspa?name=mgrigorov&quot; class=&quot;user-hover&quot; rel=&quot;mgrigorov&quot;&gt;Martin Grigorov&lt;/a&gt;&lt;br/&gt;
[ &lt;a href=&quot;https://git-wip-us.apache.org/repos/asf?p=wicket.git;h=ad286c3&quot; class=&quot;external-link&quot; rel=&quot;nofollow&quot;&gt;https://git-wip-us.apache.org/repos/asf?p=wicket.git;h=ad286c3&lt;/a&gt; ]&lt;/p&gt;

&lt;p&gt;&lt;a href=&quot;https://issues.apache.org/jira/browse/WICKET-5980&quot; title=&quot;When using Servlet 3.0 filter Wicket calculates filter path wrong&quot; class=&quot;issue-link&quot; data-issue-key=&quot;WICKET-5980&quot;&gt;&lt;del&gt;WICKET-5980&lt;/del&gt;&lt;/a&gt; Servlet 3 Filter path calculated wrong&lt;/p&gt;

&lt;p&gt;Update the comments why a reference to the #application has to be acquired&lt;/p&gt;</comment>
                    </comments>
                    <attachments>
                    </attachments>
                <subtasks>
                    </subtasks>
                <customfields>
                                                <customfield id="customfield_12310310" key="com.atlassian.jira.toolkit:attachments">
                        <customfieldname>Attachment count</customfieldname>
                        <customfieldvalues>
                            <customfieldvalue>0.0</customfieldvalue>
                        </customfieldvalues>
                    </customfield>
                                                                                                                                                                                                                                                                                                                                                                                                                                                                                                                                                            <customfield id="customfield_12310220" key="com.atlassian.jira.ext.charting:firstresponsedate">
                        <customfieldname>Date of First Response</customfieldname>
                        <customfieldvalues>
                            <customfieldvalue>Fri, 11 Sep 2015 17:00:27 +0000</customfieldvalue>

                        </customfieldvalues>
                    </customfield>
                                                                                                                                                                                                                                                                                                                                                                                    <customfield id="customfield_12310420" key="com.pyxis.greenhopper.jira:gh-global-rank">
                        <customfieldname>Global Rank</customfieldname>
                        <customfieldvalues>
                            <customfieldvalue>9223372036854775807</customfieldvalue>
                        </customfieldvalues>
                    </customfield>
                                                                                                                                                    <customfield id="customfield_12311820" key="com.pyxis.greenhopper.jira:gh-lexo-rank">
                        <customfieldname>Rank</customfieldname>
                        <customfieldvalues>
                            <customfieldvalue>0|i2k2cv:</customfieldvalue>

                        </customfieldvalues>
                    </customfield>
                                                                <customfield id="customfield_12310920" key="com.pyxis.greenhopper.jira:gh-global-rank">
                        <customfieldname>Rank (Obsolete)</customfieldname>
                        <customfieldvalues>
                            <customfieldvalue>9223372036854775807</customfieldvalue>
                        </customfieldvalues>
                    </customfield>
                                                                                                                                                                                                                                        <customfield id="customfield_12310222" key="com.atlassian.jira.ext.charting:timeinstatus">
                        <customfieldname>Time in Status</customfieldname>
                        <customfieldvalues>
                            
                        </customfieldvalues>
                    </customfield>
                                                                </customfields>
    </item>

<item>
            <title>[WICKET-5981] Significant Performance Degradation From Wicket 6.20.0 to Wicket 7.0.0</title>
                <link>https://issues.apache.org/jira/browse/WICKET-5981</link>
                <project id="12310561" key="WICKET">Wicket</project>
                    <description>&lt;p&gt;I am experiencing a significant performance degradation for component adds in Wicket 7.0.0, once the component tree for a page gets reasonably large.&lt;/p&gt;

&lt;p&gt;The attached quick start can be used to reproduce the issue.  Please note that NUM_ROWS is set to 10,000 to exaggerate the performance degradation as the size of the component tree increases.  The same degradation (to a lesser extent) can be viewed with a smaller NUM_ROWS variable.&lt;/p&gt;

&lt;p&gt;In Wicket 6.20.0, as the size of the component tree increases, the cost of add() remains relatively constant time-wise.  In Wicket 7.0.0, a component add () is much more expensive (and actually makes our internal web application unusable) with form submits taking more than two or three minutes to come back from the server.&lt;/p&gt;

&lt;p&gt;Here&apos;s some timing examples.  &lt;/p&gt;

&lt;p&gt;=============================================================================================================&lt;/p&gt;

&lt;p&gt;NUM_ROWS = 5000&lt;br/&gt;
Wicket 6.20.0 -&amp;gt; ~200 milliseconds of server side rendering (before browser paints HTML).&lt;br/&gt;
Wicket 7.0.0 -&amp;gt; ~ 10 seconds of server side rendering&lt;/p&gt;

&lt;p&gt;NUM_ROWS = 10000&lt;br/&gt;
Wicket 6.20.0 -&amp;gt; ~ 500 milliseconds of server side rendering&lt;br/&gt;
Wicket 7.0.0 -&amp;gt; ~ 40 seconds of server side rendering&lt;/p&gt;

&lt;p&gt;=============================================================================================================&lt;/p&gt;

&lt;p&gt;The attached quickstart can be used to reproduce the issue on your side.  My guess is that this has to do with the new component queuing feature that was added as part of Wicket 7.0.0.&lt;/p&gt;</description>
                <environment>OpenSuse 13.1
&lt;br/&gt;
Intellij 14.1.4
&lt;br/&gt;
JDK 1.8.0_60
&lt;br/&gt;
Solid State Hard Drive
&lt;br/&gt;
24 GB RAM</environment>
        <key id="12864003">WICKET-5981</key>
            <summary>Significant Performance Degradation From Wicket 6.20.0 to Wicket 7.0.0</summary>
                <type id="1" iconUrl="https://issues.apache.org/jira/images/icons/issuetypes/bug.png">Bug</type>
                                            <priority id="3" iconUrl="https://issues.apache.org/jira/images/icons/priorities/major.png">Major</priority>
                        <status id="6" iconUrl="https://issues.apache.org/jira/images/icons/statuses/closed.png" description="The issue is considered finished, the resolution is correct. Issues which are closed can be reopened.">Closed</status>
                    <statusCategory id="3" key="done" colorName="green"/>
                                    <resolution id="1">Fixed</resolution>
                                        <assignee username="papegaaij">Emond Papegaaij</assignee>
                                    <reporter username="ajg360">Aaron J. Garcia</reporter>
                        <labels>
                            <label>performance</label>
                    </labels>
                <created>Mon, 14 Sep 2015 19:51:00 +0000</created>
                <updated>Fri, 2 Oct 2015 12:26:18 +0000</updated>
                            <resolved>Mon, 21 Sep 2015 12:20:29 +0000</resolved>
                                    <version>7.0.0</version>
                                    <fixVersion>7.1.0</fixVersion>
                                    <component>wicket</component>
                        <due></due>
                            <votes>0</votes>
                                    <watches>5</watches>
                                                                <comments>
                            <comment id="14768922" author="jira-bot" created="Wed, 16 Sep 2015 13:31:17 +0000"  >&lt;p&gt;Commit ce8229325fb63ca9de6a8930229113dfbf852008 in wicket&apos;s branch refs/heads/&lt;a href=&quot;https://issues.apache.org/jira/browse/WICKET-5981&quot; title=&quot;Significant Performance Degradation From Wicket 6.20.0 to Wicket 7.0.0&quot; class=&quot;issue-link&quot; data-issue-key=&quot;WICKET-5981&quot;&gt;&lt;del&gt;WICKET-5981&lt;/del&gt;&lt;/a&gt; from &lt;a href=&quot;https://issues.apache.org/jira/secure/ViewProfile.jspa?name=papegaaij&quot; class=&quot;user-hover&quot; rel=&quot;papegaaij&quot;&gt;Emond Papegaaij&lt;/a&gt;&lt;br/&gt;
[ &lt;a href=&quot;https://git-wip-us.apache.org/repos/asf?p=wicket.git;h=ce82293&quot; class=&quot;external-link&quot; rel=&quot;nofollow&quot;&gt;https://git-wip-us.apache.org/repos/asf?p=wicket.git;h=ce82293&lt;/a&gt; ]&lt;/p&gt;

&lt;p&gt;&lt;a href=&quot;https://issues.apache.org/jira/browse/WICKET-5981&quot; title=&quot;Significant Performance Degradation From Wicket 6.20.0 to Wicket 7.0.0&quot; class=&quot;issue-link&quot; data-issue-key=&quot;WICKET-5981&quot;&gt;&lt;del&gt;WICKET-5981&lt;/del&gt;&lt;/a&gt;: Fixed performance degradation due to component queueing&lt;/p&gt;</comment>
                            <comment id="14768928" author="papegaaij" created="Wed, 16 Sep 2015 13:33:09 +0000"  >&lt;p&gt;Martijn and I did some testing, and the problem is caused by O(n^2) in component dequeueing. For every component added, all components are visited for dequeueing. The above patch breaks this path, without breaking any tests, but might break something else. Please review.&lt;/p&gt;</comment>
                            <comment id="14769014" author="bitstorm" created="Wed, 16 Sep 2015 14:26:20 +0000"  >&lt;p&gt;I&apos;ve also prepared a slightly different patch, but the idea behind it is exactly the same. See attachment.&lt;/p&gt;</comment>
                            <comment id="14905098" author="jira-bot" created="Wed, 23 Sep 2015 19:31:50 +0000"  >&lt;p&gt;Commit eb125865624747fd2d216e16133a8d9181c19265 in wicket&apos;s branch refs/heads/master from &lt;a href=&quot;https://issues.apache.org/jira/secure/ViewProfile.jspa?name=mgrigorov&quot; class=&quot;user-hover&quot; rel=&quot;mgrigorov&quot;&gt;Martin Grigorov&lt;/a&gt;&lt;br/&gt;
[ &lt;a href=&quot;https://git-wip-us.apache.org/repos/asf?p=wicket.git;h=eb12586&quot; class=&quot;external-link&quot; rel=&quot;nofollow&quot;&gt;https://git-wip-us.apache.org/repos/asf?p=wicket.git;h=eb12586&lt;/a&gt; ]&lt;/p&gt;

&lt;p&gt;&lt;a href=&quot;https://issues.apache.org/jira/browse/WICKET-5981&quot; title=&quot;Significant Performance Degradation From Wicket 6.20.0 to Wicket 7.0.0&quot; class=&quot;issue-link&quot; data-issue-key=&quot;WICKET-5981&quot;&gt;&lt;del&gt;WICKET-5981&lt;/del&gt;&lt;/a&gt; Fix the behavior of MarkupContainer#get(int) for non-empty MarkupContainer and non-existing index&lt;/p&gt;</comment>
                            <comment id="14941073" author="jira-bot" created="Fri, 2 Oct 2015 12:26:18 +0000"  >&lt;p&gt;Commit 00019e07c3837eae6d0c75d00c0943e46b76f22b in wicket&apos;s branch refs/heads/master from &lt;a href=&quot;https://issues.apache.org/jira/secure/ViewProfile.jspa?name=bitstorm&quot; class=&quot;user-hover&quot; rel=&quot;bitstorm&quot;&gt;Andrea Del Bene&lt;/a&gt;&lt;br/&gt;
[ &lt;a href=&quot;https://git-wip-us.apache.org/repos/asf?p=wicket.git;h=00019e0&quot; class=&quot;external-link&quot; rel=&quot;nofollow&quot;&gt;https://git-wip-us.apache.org/repos/asf?p=wicket.git;h=00019e0&lt;/a&gt; ]&lt;/p&gt;

&lt;p&gt;&lt;a href=&quot;https://issues.apache.org/jira/browse/WICKET-5988&quot; title=&quot;WICKET-5981 breaks forms inside borders&quot; class=&quot;issue-link&quot; data-issue-key=&quot;WICKET-5988&quot;&gt;&lt;del&gt;WICKET-5988&lt;/del&gt;&lt;/a&gt; &lt;a href=&quot;https://issues.apache.org/jira/browse/WICKET-5981&quot; title=&quot;Significant Performance Degradation From Wicket 6.20.0 to Wicket 7.0.0&quot; class=&quot;issue-link&quot; data-issue-key=&quot;WICKET-5981&quot;&gt;&lt;del&gt;WICKET-5981&lt;/del&gt;&lt;/a&gt; breaks forms inside borders&lt;/p&gt;</comment>
                    </comments>
                    <attachments>
                            <attachment id="12756268" name="WICKET-5981-Significant-Performance-Degradation-From.patch" size="5919" author="bitstorm" created="Wed, 16 Sep 2015 14:36:49 +0000"/>
                            <attachment id="12755804" name="quickstart.tar" size="81920" author="ajg360" created="Mon, 14 Sep 2015 19:51:48 +0000"/>
                    </attachments>
                <subtasks>
                    </subtasks>
                <customfields>
                                                <customfield id="customfield_12310310" key="com.atlassian.jira.toolkit:attachments">
                        <customfieldname>Attachment count</customfieldname>
                        <customfieldvalues>
                            <customfieldvalue>2.0</customfieldvalue>
                        </customfieldvalues>
                    </customfield>
                                                                                                                                                                                                                                                                                                                                                                                                                                                                                                                                                            <customfield id="customfield_12310220" key="com.atlassian.jira.ext.charting:firstresponsedate">
                        <customfieldname>Date of First Response</customfieldname>
                        <customfieldvalues>
                            <customfieldvalue>Wed, 16 Sep 2015 13:31:17 +0000</customfieldvalue>

                        </customfieldvalues>
                    </customfield>
                                                                                                                                                                                <customfield id="customfield_12310250" key="com.atlassian.jira.plugin.system.customfieldtypes:multicheckboxes">
                        <customfieldname>Flags</customfieldname>
                        <customfieldvalues>
                                <customfieldvalue key="10431"><![CDATA[Important]]></customfieldvalue>
    
                        </customfieldvalues>
                    </customfield>
                                                                                                                                                                                                                                        <customfield id="customfield_12310420" key="com.pyxis.greenhopper.jira:gh-global-rank">
                        <customfieldname>Global Rank</customfieldname>
                        <customfieldvalues>
                            <customfieldvalue>9223372036854775807</customfieldvalue>
                        </customfieldvalues>
                    </customfield>
                                                                                                                                                    <customfield id="customfield_12311820" key="com.pyxis.greenhopper.jira:gh-lexo-rank">
                        <customfieldname>Rank</customfieldname>
                        <customfieldvalues>
                            <customfieldvalue>0|i2k5pr:</customfieldvalue>

                        </customfieldvalues>
                    </customfield>
                                                                <customfield id="customfield_12310920" key="com.pyxis.greenhopper.jira:gh-global-rank">
                        <customfieldname>Rank (Obsolete)</customfieldname>
                        <customfieldvalues>
                            <customfieldvalue>9223372036854775807</customfieldvalue>
                        </customfieldvalues>
                    </customfield>
                                                                                                                                                                                                                                        <customfield id="customfield_12310222" key="com.atlassian.jira.ext.charting:timeinstatus">
                        <customfieldname>Time in Status</customfieldname>
                        <customfieldvalues>
                            
                        </customfieldvalues>
                    </customfield>
                                                                </customfields>
    </item>

<item>
            <title>[WICKET-5982] WicketTester.assertFeedback is broken</title>
                <link>https://issues.apache.org/jira/browse/WICKET-5982</link>
                <project id="12310561" key="WICKET">Wicket</project>
                    <description>&lt;p&gt;I switched from Wicket 6.19.0 to 7.0.0 and some of my tests fail because of the feedback tester.&lt;/p&gt;

&lt;p&gt;The &quot;old&quot; assertFeedback used &lt;/p&gt;
&lt;div class=&quot;code panel&quot; style=&quot;border-width: 1px;&quot;&gt;&lt;div class=&quot;codeContent panelContent&quot;&gt;
&lt;pre class=&quot;code-java&quot;&gt;&lt;span class=&quot;code-keyword&quot;&gt;if&lt;/span&gt; (Objects.equal(expected, actual.getMessage().toString()))&lt;/pre&gt;
&lt;/div&gt;&lt;/div&gt;

&lt;p&gt;While the new goes without the toString call. Thats where my tests fail.&lt;/p&gt;</description>
                <environment>Win7 x64, Java 8u51</environment>
        <key id="12875349">WICKET-5982</key>
            <summary>WicketTester.assertFeedback is broken</summary>
                <type id="1" iconUrl="https://issues.apache.org/jira/images/icons/issuetypes/bug.png">Bug</type>
                                            <priority id="4" iconUrl="https://issues.apache.org/jira/images/icons/priorities/minor.png">Minor</priority>
                        <status id="5" iconUrl="https://issues.apache.org/jira/images/icons/statuses/resolved.png" description="A resolution has been taken, and it is awaiting verification by reporter. From here issues are either reopened, or are closed.">Resolved</status>
                    <statusCategory id="3" key="done" colorName="green"/>
                                    <resolution id="8">Not A Problem</resolution>
                                        <assignee username="svenmeier">Sven Meier</assignee>
                                    <reporter username="cradtke">Christoph Radtke</reporter>
                        <labels>
                    </labels>
                <created>Thu, 17 Sep 2015 12:48:02 +0000</created>
                <updated>Thu, 17 Sep 2015 13:58:53 +0000</updated>
                            <resolved>Thu, 17 Sep 2015 13:58:53 +0000</resolved>
                                    <version>7.0.0</version>
                                                    <component>wicket</component>
                        <due></due>
                            <votes>0</votes>
                                    <watches>2</watches>
                                                                <comments>
                            <comment id="14802946" author="svenmeier" created="Thu, 17 Sep 2015 13:57:45 +0000"  >&lt;p&gt;Since &lt;a href=&quot;https://issues.apache.org/jira/browse/WICKET-5128&quot; title=&quot;Allow for Testing Component relative Feedback-Messages in Wicket-Tester&quot; class=&quot;issue-link&quot; data-issue-key=&quot;WICKET-5128&quot;&gt;&lt;del&gt;WICKET-5128&lt;/del&gt;&lt;/a&gt; / &lt;a href=&quot;https://issues.apache.org/jira/browse/WICKET-4585&quot; title=&quot;WicketTester.assertErrorMessages passes even if the message isn&amp;#39;t visible on the page&quot; class=&quot;issue-link&quot; data-issue-key=&quot;WICKET-4585&quot;&gt;&lt;del&gt;WICKET-4585&lt;/del&gt;&lt;/a&gt; you have to assert on the actual message object, not its string representation.&lt;/p&gt;

&lt;p&gt;See the migration guide:&lt;/p&gt;

&lt;p&gt;&lt;a href=&quot;https://cwiki.apache.org/confluence/display/WICKET/Migration+to+Wicket+7.0#MigrationtoWicket7.0-WicketTesterassertfeedbackmessagemethodsworkwithjava.io.SerializableWICKET-5128&quot; class=&quot;external-link&quot; rel=&quot;nofollow&quot;&gt;https://cwiki.apache.org/confluence/display/WICKET/Migration+to+Wicket+7.0#MigrationtoWicket7.0-WicketTesterassertfeedbackmessagemethodsworkwithjava.io.SerializableWICKET-5128&lt;/a&gt;&lt;/p&gt;</comment>
                    </comments>
                    <attachments>
                    </attachments>
                <subtasks>
                    </subtasks>
                <customfields>
                                                <customfield id="customfield_12310310" key="com.atlassian.jira.toolkit:attachments">
                        <customfieldname>Attachment count</customfieldname>
                        <customfieldvalues>
                            <customfieldvalue>0.0</customfieldvalue>
                        </customfieldvalues>
                    </customfield>
                                                                                                                                                                                                                                                                                                                                                                                                                                                                                                                                                            <customfield id="customfield_12310220" key="com.atlassian.jira.ext.charting:firstresponsedate">
                        <customfieldname>Date of First Response</customfieldname>
                        <customfieldvalues>
                            <customfieldvalue>Thu, 17 Sep 2015 13:57:45 +0000</customfieldvalue>

                        </customfieldvalues>
                    </customfield>
                                                                                                                                                                                                                                                                                                                                                                                    <customfield id="customfield_12310420" key="com.pyxis.greenhopper.jira:gh-global-rank">
                        <customfieldname>Global Rank</customfieldname>
                        <customfieldvalues>
                            <customfieldvalue>9223372036854775807</customfieldvalue>
                        </customfieldvalues>
                    </customfield>
                                                                                                                                                    <customfield id="customfield_12311820" key="com.pyxis.greenhopper.jira:gh-lexo-rank">
                        <customfieldname>Rank</customfieldname>
                        <customfieldvalues>
                            <customfieldvalue>0|i2kauv:</customfieldvalue>

                        </customfieldvalues>
                    </customfield>
                                                                <customfield id="customfield_12310920" key="com.pyxis.greenhopper.jira:gh-global-rank">
                        <customfieldname>Rank (Obsolete)</customfieldname>
                        <customfieldvalues>
                            <customfieldvalue>9223372036854775807</customfieldvalue>
                        </customfieldvalues>
                    </customfield>
                                                                                                                                                                                                                                        <customfield id="customfield_12310222" key="com.atlassian.jira.ext.charting:timeinstatus">
                        <customfieldname>Time in Status</customfieldname>
                        <customfieldvalues>
                            
                        </customfieldvalues>
                    </customfield>
                                                                </customfields>
    </item>

<item>
            <title>[WICKET-5983] O(n^2) complexity in MarkupContainer.add</title>
                <link>https://issues.apache.org/jira/browse/WICKET-5983</link>
                <project id="12310561" key="WICKET">Wicket</project>
                    <description>&lt;p&gt;MarkupContainer.add has O(n^2) complexity on the number of childs, because it searches through all other childs for a child with the same id. This may not be much of a problem in most situations, but in large tables, the performance can get very bad.&lt;/p&gt;

&lt;p&gt;Constructing a table with n rows, with 6 cells in each row takes (10k iterations) in Wicket 6.20.0 (Wicket 7 should be comparable, but &lt;a href=&quot;https://issues.apache.org/jira/browse/WICKET-5981&quot; title=&quot;Significant Performance Degradation From Wicket 6.20.0 to Wicket 7.0.0&quot; class=&quot;issue-link&quot; data-issue-key=&quot;WICKET-5981&quot;&gt;&lt;del&gt;WICKET-5981&lt;/del&gt;&lt;/a&gt; kills perfomance badly):&lt;br/&gt;
  10 -&amp;gt;   132ms&lt;br/&gt;
  20 -&amp;gt;   245ms&lt;br/&gt;
  40 -&amp;gt;   465ms&lt;br/&gt;
  80 -&amp;gt;  1000ms&lt;br/&gt;
 160 -&amp;gt;  2444ms&lt;br/&gt;
 320 -&amp;gt;  6989ms&lt;br/&gt;
 640 -&amp;gt; 23201ms&lt;br/&gt;
1280 -&amp;gt; 80784ms&lt;/p&gt;</description>
                <environment></environment>
        <key id="12883447">WICKET-5983</key>
            <summary>O(n^2) complexity in MarkupContainer.add</summary>
                <type id="1" iconUrl="https://issues.apache.org/jira/images/icons/issuetypes/bug.png">Bug</type>
                                            <priority id="4" iconUrl="https://issues.apache.org/jira/images/icons/priorities/minor.png">Minor</priority>
                        <status id="6" iconUrl="https://issues.apache.org/jira/images/icons/statuses/closed.png" description="The issue is considered finished, the resolution is correct. Issues which are closed can be reopened.">Closed</status>
                    <statusCategory id="3" key="done" colorName="green"/>
                                    <resolution id="1">Fixed</resolution>
                                        <assignee username="papegaaij">Emond Papegaaij</assignee>
                                    <reporter username="papegaaij">Emond Papegaaij</reporter>
                        <labels>
                    </labels>
                <created>Fri, 18 Sep 2015 12:07:09 +0000</created>
                <updated>Wed, 28 Oct 2015 07:07:49 +0000</updated>
                            <resolved>Mon, 21 Sep 2015 12:29:50 +0000</resolved>
                                    <version>1.5.13</version>
                    <version>6.20.0</version>
                    <version>7.0.0</version>
                                    <fixVersion>7.1.0</fixVersion>
                                    <component>wicket</component>
                        <due></due>
                            <votes>0</votes>
                                    <watches>3</watches>
                                                                <comments>
                            <comment id="14847326" author="jira-bot" created="Fri, 18 Sep 2015 12:08:40 +0000"  >&lt;p&gt;Commit 7b49be52e1a082d910147d28a34961fe6fba13af in wicket&apos;s branch refs/heads/&lt;a href=&quot;https://issues.apache.org/jira/browse/WICKET-5981&quot; title=&quot;Significant Performance Degradation From Wicket 6.20.0 to Wicket 7.0.0&quot; class=&quot;issue-link&quot; data-issue-key=&quot;WICKET-5981&quot;&gt;&lt;del&gt;WICKET-5981&lt;/del&gt;&lt;/a&gt; from &lt;a href=&quot;https://issues.apache.org/jira/secure/ViewProfile.jspa?name=papegaaij&quot; class=&quot;user-hover&quot; rel=&quot;papegaaij&quot;&gt;Emond Papegaaij&lt;/a&gt;&lt;br/&gt;
[ &lt;a href=&quot;https://git-wip-us.apache.org/repos/asf?p=wicket.git;h=7b49be5&quot; class=&quot;external-link&quot; rel=&quot;nofollow&quot;&gt;https://git-wip-us.apache.org/repos/asf?p=wicket.git;h=7b49be5&lt;/a&gt; ]&lt;/p&gt;

&lt;p&gt;&lt;a href=&quot;https://issues.apache.org/jira/browse/WICKET-5983&quot; title=&quot;O(n^2) complexity in MarkupContainer.add&quot; class=&quot;issue-link&quot; data-issue-key=&quot;WICKET-5983&quot;&gt;&lt;del&gt;WICKET-5983&lt;/del&gt;&lt;/a&gt;: mostly linear performance in MarkupContainer.add&lt;/p&gt;</comment>
                            <comment id="14847330" author="papegaaij" created="Fri, 18 Sep 2015 12:12:07 +0000"  >&lt;p&gt;This patch reduces times to:&lt;br/&gt;
10 -&amp;gt; 147ms&lt;br/&gt;
20 -&amp;gt; 249ms&lt;br/&gt;
40 -&amp;gt; 442ms&lt;br/&gt;
80 -&amp;gt; 784ms&lt;br/&gt;
160 -&amp;gt; 1541ms&lt;br/&gt;
320 -&amp;gt; 3059ms&lt;br/&gt;
640 -&amp;gt; 6169ms&lt;br/&gt;
1280 -&amp;gt; 12478ms&lt;/p&gt;

&lt;p&gt;The increase for 10 rows seems to be a Wicket 6 vs 7 issue&lt;/p&gt;</comment>
                            <comment id="14852722" author="jira-bot" created="Fri, 18 Sep 2015 12:46:27 +0000"  >&lt;p&gt;Commit 26cecdc6fabb8c4dadf457a2e4b22ef8c6eb1ea3 in wicket&apos;s branch refs/heads/&lt;a href=&quot;https://issues.apache.org/jira/browse/WICKET-5981&quot; title=&quot;Significant Performance Degradation From Wicket 6.20.0 to Wicket 7.0.0&quot; class=&quot;issue-link&quot; data-issue-key=&quot;WICKET-5981&quot;&gt;&lt;del&gt;WICKET-5981&lt;/del&gt;&lt;/a&gt; from &lt;a href=&quot;https://issues.apache.org/jira/secure/ViewProfile.jspa?name=papegaaij&quot; class=&quot;user-hover&quot; rel=&quot;papegaaij&quot;&gt;Emond Papegaaij&lt;/a&gt;&lt;br/&gt;
[ &lt;a href=&quot;https://git-wip-us.apache.org/repos/asf?p=wicket.git;h=26cecdc&quot; class=&quot;external-link&quot; rel=&quot;nofollow&quot;&gt;https://git-wip-us.apache.org/repos/asf?p=wicket.git;h=26cecdc&lt;/a&gt; ]&lt;/p&gt;

&lt;p&gt;&lt;a href=&quot;https://issues.apache.org/jira/browse/WICKET-5983&quot; title=&quot;O(n^2) complexity in MarkupContainer.add&quot; class=&quot;issue-link&quot; data-issue-key=&quot;WICKET-5983&quot;&gt;&lt;del&gt;WICKET-5983&lt;/del&gt;&lt;/a&gt;: mostly linear performance in MarkupContainer.add&lt;/p&gt;</comment>
                            <comment id="14977875" author="interface" created="Wed, 28 Oct 2015 07:07:49 +0000"  >&lt;p&gt;Can it be improved also in the version 6.x?&lt;/p&gt;</comment>
                    </comments>
                    <attachments>
                    </attachments>
                <subtasks>
                    </subtasks>
                <customfields>
                                                <customfield id="customfield_12310310" key="com.atlassian.jira.toolkit:attachments">
                        <customfieldname>Attachment count</customfieldname>
                        <customfieldvalues>
                            <customfieldvalue>0.0</customfieldvalue>
                        </customfieldvalues>
                    </customfield>
                                                                                                                                                                                                                                                                                                                                                                                                                                                                                                                                                            <customfield id="customfield_12310220" key="com.atlassian.jira.ext.charting:firstresponsedate">
                        <customfieldname>Date of First Response</customfieldname>
                        <customfieldvalues>
                            <customfieldvalue>Fri, 18 Sep 2015 12:08:40 +0000</customfieldvalue>

                        </customfieldvalues>
                    </customfield>
                                                                                                                                                                                                                                                                                                                                                                                    <customfield id="customfield_12310420" key="com.pyxis.greenhopper.jira:gh-global-rank">
                        <customfieldname>Global Rank</customfieldname>
                        <customfieldvalues>
                            <customfieldvalue>9223372036854775807</customfieldvalue>
                        </customfieldvalues>
                    </customfield>
                                                                                                                                                    <customfield id="customfield_12311820" key="com.pyxis.greenhopper.jira:gh-lexo-rank">
                        <customfieldname>Rank</customfieldname>
                        <customfieldvalues>
                            <customfieldvalue>0|i2ke1j:</customfieldvalue>

                        </customfieldvalues>
                    </customfield>
                                                                <customfield id="customfield_12310920" key="com.pyxis.greenhopper.jira:gh-global-rank">
                        <customfieldname>Rank (Obsolete)</customfieldname>
                        <customfieldvalues>
                            <customfieldvalue>9223372036854775807</customfieldvalue>
                        </customfieldvalues>
                    </customfield>
                                                                                                                                                                                                                                        <customfield id="customfield_12310222" key="com.atlassian.jira.ext.charting:timeinstatus">
                        <customfieldname>Time in Status</customfieldname>
                        <customfieldvalues>
                            
                        </customfieldvalues>
                    </customfield>
                                                                </customfields>
    </item>

<item>
            <title>[WICKET-5985] WritePendingException when serving static assets from Jetty with Wicket</title>
                <link>https://issues.apache.org/jira/browse/WICKET-5985</link>
                <project id="12310561" key="WICKET">Wicket</project>
                    <description>&lt;p&gt;I posted a bug report on Jetty&apos;s bug tracker recently about some WritePendingExceptions I was getting when I requested static content (external issue url attached). Jetty is serving that static content asynchronously (to save threads), so the WicketFilter should not be calling flushBuffers as it is. The Jetty team suggested that the WicketFilter be updated to understand that content can be created asynchronously.&lt;/p&gt;

&lt;p&gt;A workaround in the meantime is that I can set the WicketFilter to be installed as not supporting async: &lt;br/&gt;
wicketHolder.setAsyncSupported(false);&lt;/p&gt;</description>
                <environment>Windows 7 x64</environment>
        <key id="12895114">WICKET-5985</key>
            <summary>WritePendingException when serving static assets from Jetty with Wicket</summary>
                <type id="1" iconUrl="https://issues.apache.org/jira/images/icons/issuetypes/bug.png">Bug</type>
                                            <priority id="4" iconUrl="https://issues.apache.org/jira/images/icons/priorities/minor.png">Minor</priority>
                        <status id="5" iconUrl="https://issues.apache.org/jira/images/icons/statuses/resolved.png" description="A resolution has been taken, and it is awaiting verification by reporter. From here issues are either reopened, or are closed.">Resolved</status>
                    <statusCategory id="3" key="done" colorName="green"/>
                                    <resolution id="2">Won&apos;t Fix</resolution>
                                        <assignee username="-1">Unassigned</assignee>
                                    <reporter username="pokej6">Jeremy Sss</reporter>
                        <labels>
                    </labels>
                <created>Mon, 21 Sep 2015 13:06:46 +0000</created>
                <updated>Mon, 21 Sep 2015 13:43:36 +0000</updated>
                            <resolved>Mon, 21 Sep 2015 13:12:05 +0000</resolved>
                                    <version>6.20.0</version>
                                                        <due></due>
                            <votes>0</votes>
                                    <watches>3</watches>
                                                                <comments>
                            <comment id="14900649" author="mgrigorov" created="Mon, 21 Sep 2015 13:12:06 +0000"  >&lt;p&gt;This is fixed long time ago in Wicket 7.x.&lt;br/&gt;
Wicket 6.x cannot use Servlet 3.x APIs so this check cannot be done (unless using Reflection APIs).&lt;/p&gt;

&lt;p&gt;You are recommended to upgrade to Wicket 7.0.0+&lt;/p&gt;</comment>
                            <comment id="14900677" author="pokej6" created="Mon, 21 Sep 2015 13:18:11 +0000"  >&lt;p&gt;Thanks &lt;a href=&quot;https://issues.apache.org/jira/secure/ViewProfile.jspa?name=mgrigorov&quot; class=&quot;user-hover&quot; rel=&quot;mgrigorov&quot;&gt;Martin Grigorov&lt;/a&gt;. I thought for sure that I tested with Wicket 7.x and saw the same error but I must have failed to clean my project before building because I just retested and everything is looking fine. Does setAsyncSupported(false) have any other side-effects that you know of assuming I stick with Wicket 6.20.0 for a while before upgrading?&lt;/p&gt;</comment>
                            <comment id="14900681" author="mgrigorov" created="Mon, 21 Sep 2015 13:23:48 +0000"  >&lt;p&gt;setAsyncSupported(false) is the default in Servlet specs, so I don&apos;t expect problems. But as we can see this is not easy to predict...&lt;br/&gt;
Isn&apos;t there a way to configure Jetty to use synch writes?&lt;/p&gt;

&lt;p&gt;Maybe we should use Reflections after all?!&lt;br/&gt;
Devs: what do you think ?&lt;/p&gt;</comment>
                            <comment id="14900702" author="svenmeier" created="Mon, 21 Sep 2015 13:43:36 +0000"  >&lt;p&gt;As long as there are workarounds (e.g. configuring Jetty) I&apos;d prefer to leave these special cases out of Wicket&apos;s code.&lt;/p&gt;</comment>
                    </comments>
                    <attachments>
                    </attachments>
                <subtasks>
                    </subtasks>
                <customfields>
                                                <customfield id="customfield_12310310" key="com.atlassian.jira.toolkit:attachments">
                        <customfieldname>Attachment count</customfieldname>
                        <customfieldvalues>
                            <customfieldvalue>0.0</customfieldvalue>
                        </customfieldvalues>
                    </customfield>
                                                                                                                                                                                                                                                                                                                                                                                                                                                                                                                                                            <customfield id="customfield_12310220" key="com.atlassian.jira.ext.charting:firstresponsedate">
                        <customfieldname>Date of First Response</customfieldname>
                        <customfieldvalues>
                            <customfieldvalue>Mon, 21 Sep 2015 13:12:06 +0000</customfieldvalue>

                        </customfieldvalues>
                    </customfield>
                                                                                                                        <customfield id="customfield_12311020" key="com.atlassian.jira.plugin.system.customfieldtypes:url">
                        <customfieldname>External issue URL</customfieldname>
                        <customfieldvalues>
                            <customfieldvalue><![CDATA[https://bugs.eclipse.org/bugs/show_bug.cgi?id=477240]]></customfieldvalue>

                        </customfieldvalues>
                    </customfield>
                                                                                                                                                                                                                                                                                                <customfield id="customfield_12310420" key="com.pyxis.greenhopper.jira:gh-global-rank">
                        <customfieldname>Global Rank</customfieldname>
                        <customfieldvalues>
                            <customfieldvalue>9223372036854775807</customfieldvalue>
                        </customfieldvalues>
                    </customfield>
                                                                                                                                                    <customfield id="customfield_12311820" key="com.pyxis.greenhopper.jira:gh-lexo-rank">
                        <customfieldname>Rank</customfieldname>
                        <customfieldvalues>
                            <customfieldvalue>0|i2lcev:</customfieldvalue>

                        </customfieldvalues>
                    </customfield>
                                                                <customfield id="customfield_12310920" key="com.pyxis.greenhopper.jira:gh-global-rank">
                        <customfieldname>Rank (Obsolete)</customfieldname>
                        <customfieldvalues>
                            <customfieldvalue>9223372036854775807</customfieldvalue>
                        </customfieldvalues>
                    </customfield>
                                                                                                                                                                                                                                        <customfield id="customfield_12310222" key="com.atlassian.jira.ext.charting:timeinstatus">
                        <customfieldname>Time in Status</customfieldname>
                        <customfieldvalues>
                            
                        </customfieldvalues>
                    </customfield>
                                                                </customfields>
    </item>

<item>
            <title>[WICKET-5987] StringLengthValidator does not validate, but cuts off input</title>
                <link>https://issues.apache.org/jira/browse/WICKET-5987</link>
                <project id="12310561" key="WICKET">Wicket</project>
                    <description>&lt;p&gt;I have a change-password-page with a PasswordField with a StringValidator.lengthBetween( 3, 20 ).&lt;/p&gt;

&lt;p&gt;I ran into an error where I could paste a long password (&amp;gt;20 chars), and Wicket not throwing errors, but cutting the password to length 20.&lt;/p&gt;

&lt;p&gt;Wicket version: 7.0&lt;br/&gt;
Chrome: 45&lt;/p&gt;

&lt;p&gt;The maxlength is rendered as attribute on the element.&lt;/p&gt;

&lt;p&gt;&amp;lt;input id=&quot;password&quot; type=&quot;password&quot; name=&quot;password&quot; value=&quot;&quot; maxlength=&quot;20&quot; minlength=&quot;3&quot;&amp;gt;&lt;/p&gt;</description>
                <environment>ubuntu 14.04 LTS, Chrome 45, Java 8</environment>
        <key id="12898597">WICKET-5987</key>
            <summary>StringLengthValidator does not validate, but cuts off input</summary>
                <type id="1" iconUrl="https://issues.apache.org/jira/images/icons/issuetypes/bug.png">Bug</type>
                                            <priority id="3" iconUrl="https://issues.apache.org/jira/images/icons/priorities/major.png">Major</priority>
                        <status id="5" iconUrl="https://issues.apache.org/jira/images/icons/statuses/resolved.png" description="A resolution has been taken, and it is awaiting verification by reporter. From here issues are either reopened, or are closed.">Resolved</status>
                    <statusCategory id="3" key="done" colorName="green"/>
                                    <resolution id="2">Won&apos;t Fix</resolution>
                                        <assignee username="mgrigorov">Martin Grigorov</assignee>
                                    <reporter username="robau">Rob Audenaerde</reporter>
                        <labels>
                    </labels>
                <created>Mon, 28 Sep 2015 09:18:30 +0000</created>
                <updated>Sat, 3 Oct 2015 11:21:44 +0000</updated>
                            <resolved>Sat, 3 Oct 2015 11:21:21 +0000</resolved>
                                    <version>7.0.0</version>
                                                        <due></due>
                            <votes>0</votes>
                                    <watches>5</watches>
                                                                <comments>
                            <comment id="14933893" author="mgrigorov" created="Mon, 28 Sep 2015 20:00:49 +0000"  >&lt;p&gt;How do you manage to send the longer value to the server?&lt;br/&gt;
I guess you paste something longer than 20 chars but the browser accepts only the first 20 chars in the text field and thus sends just them.&lt;br/&gt;
Please verify with DevTools/Firebug.&lt;/p&gt;</comment>
                            <comment id="14933896" author="mgrigorov" created="Mon, 28 Sep 2015 20:03:15 +0000"  >&lt;p&gt;If you change the form method to GET and then paste something like &quot;http://localhost:8080/?f1_hf_0=&amp;amp;0-1.IFormSubmitListener-f=&amp;amp;p=qwertyuiopasdfghjklzxcvbnm1234567890&quot; then you&apos;ll see that the error is there.&lt;/p&gt;</comment>
                            <comment id="14934789" author="robau" created="Tue, 29 Sep 2015 07:27:02 +0000"  >&lt;p&gt;Ah I see. &lt;/p&gt;

&lt;p&gt;I think I made a mistake during pasting in the PasswordField; I could not see it because it renders only password-characters. &lt;/p&gt;

&lt;p&gt;The issue is less of a problem now, but I think it is still a good idea to remove the &lt;tt&gt;maxLengh&lt;/tt&gt; from the &lt;tt&gt;input&lt;/tt&gt; if &lt;tt&gt;type&lt;/tt&gt; is &lt;tt&gt;password&lt;/tt&gt;, because the user has no visual feedback on what he did wrong. In my case: could not log in, because the last characters got chopped off. &lt;/p&gt;

&lt;p&gt;What do you think?&lt;/p&gt;
</comment>
                            <comment id="14936891" author="gnikolaus" created="Wed, 30 Sep 2015 14:26:26 +0000"  >&lt;p&gt;Well, the cleaner sollution would probably be if the webbrowser would give the user a warning (or some kind of &quot;heads up&quot;) if he pasted or tried to paste something into an input field thats bigger than the maxlength.&lt;br/&gt;
So maybe you should open a ticket for firefox, chrome etc. &lt;img class=&quot;emoticon&quot; src=&quot;https://issues.apache.org/jira/images/icons/emoticons/wink.gif&quot; height=&quot;16&quot; width=&quot;16&quot; align=&quot;absmiddle&quot; alt=&quot;&quot; border=&quot;0&quot;/&gt;&lt;/p&gt;

&lt;p&gt;But i do think it would make sense if the adding of minlength/maxlength could at least be turned of for the StringValidator.&lt;/p&gt;


&lt;p&gt;Example:&lt;/p&gt;

&lt;p&gt;German ibans are allways 22 digits, so you obviously want to validate the length.&lt;br/&gt;
However they are often written with spaces inbetween to make them more readably for humans.&lt;br/&gt;
e.G: &quot;DE89 3704 0044 0532 0130 00&quot;&lt;/p&gt;


&lt;p&gt;An input with a maxlength of 22 would have the effect that pasting the above iban would result in &quot;DE89 3704 0044 0532 01&quot; and most users don&apos;t immediatly realize that thats just 18 digits and not 22.&lt;br/&gt;
The way I allways handled this until now was to &lt;em&gt;not&lt;/em&gt; give the input a maxlength and then remove possible spaces from the user input with javascript/ajax (on Blur / Change).&lt;br/&gt;
(User pastes &quot;DE89 3704 0044 0532 0130 00&quot; gets turned into -&amp;gt; &quot;DE89370400440532013000&quot;)&lt;/p&gt;

&lt;p&gt;Thats one example where I wanted to validate the String length on a form submit, but did not want a maxlength attribute.&lt;/p&gt;</comment>
                            <comment id="14936920" author="svenmeier" created="Wed, 30 Sep 2015 14:44:24 +0000"  >&lt;p&gt;You can easily write a converter, that removes whitespace and validates the iban too.&lt;/p&gt;

&lt;p&gt;No need for StringValidator to handle all special cases.&lt;/p&gt;</comment>
                            <comment id="14936961" author="gnikolaus" created="Wed, 30 Sep 2015 15:08:50 +0000"  >&lt;p&gt;I think you misunderstood me.&lt;/p&gt;

&lt;p&gt;A converter would not help in this case as the cutting of by maxlength happens in the client / browser.&lt;/p&gt;



&lt;p&gt;I also never said I want the StringValidator to handle anything in this case, just an option to turn of the automatic adding of the maxlength attribute.&lt;/p&gt;


&lt;p&gt;Basicly all I wanted was the Option to say:&lt;/p&gt;

&lt;p&gt;StringValidator sVal = new StringValidator(22, 22);&lt;br/&gt;
sVal.setAddLengthAttributesToTag(false);&lt;/p&gt;

&lt;p&gt;And then the Validator doesn&apos;t add the maxlength attribute to the tag (Default should of course be old behaviour = true).&lt;/p&gt;


&lt;p&gt;Also, please note that this was just an example where I tried to show that sometimes you do indeed want to validate the Length of a String on Submit but don&apos;t want a maxlength attribute in the html.&lt;/p&gt;</comment>
                            <comment id="14936973" author="svenmeier" created="Wed, 30 Sep 2015 15:11:40 +0000"  >&lt;p&gt;&amp;gt;A converter would not help in this case as the cutting of by maxlength happens in the client&lt;/p&gt;

&lt;p&gt;Your choice.&lt;/p&gt;

&lt;p&gt;&amp;gt; sVal.setAddLengthAttributesToTag(false);&lt;/p&gt;

&lt;p&gt;That method name sounds like handling special cases to me.&lt;/p&gt;</comment>
                            <comment id="14936986" author="gnikolaus" created="Wed, 30 Sep 2015 15:21:00 +0000"  >&lt;p&gt;&amp;gt;&amp;gt;A converter would not help in this case as the cutting of by maxlength happens in the client&lt;br/&gt;
&amp;gt;&lt;br/&gt;
&amp;gt;Your choice.&lt;/p&gt;

&lt;p&gt;What? How is it my choice how browsers implement and handle the maxlength attribute on input fields?&lt;/p&gt;
</comment>
                            <comment id="14936988" author="robau" created="Wed, 30 Sep 2015 15:22:20 +0000"  >&lt;blockquote&gt;&lt;p&gt;So maybe you should open a ticket for firefox, chrome etc. &lt;/p&gt;&lt;/blockquote&gt;

&lt;p&gt;Well actually, I agree that it is a browser UX problem, because they just &apos;chop-off&apos; characters.&lt;/p&gt;

&lt;blockquote&gt;&lt;p&gt;sVal.setAddLengthAttributesToTag(false);&lt;/p&gt;&lt;/blockquote&gt;

&lt;p&gt;An option for turning off the HTML attributes would work fine. The annoying part is that you will not find out what is happening if you forget to call this method. There seem to be more problems associated with the &lt;tt&gt;maxlength&lt;/tt&gt; attribute:  &lt;a href=&quot;http://tjvantoll.com/2012/10/17/maxlength-constraint-validation-oddities/&quot; class=&quot;external-link&quot; rel=&quot;nofollow&quot;&gt;http://tjvantoll.com/2012/10/17/maxlength-constraint-validation-oddities/&lt;/a&gt;&lt;/p&gt;

&lt;p&gt;Because of the undefined/unexpected effects, I would prefer a default &lt;tt&gt;setAddLengthAttributesToTag(false);&lt;/tt&gt;, but I can live with just the method &lt;img class=&quot;emoticon&quot; src=&quot;https://issues.apache.org/jira/images/icons/emoticons/smile.gif&quot; height=&quot;16&quot; width=&quot;16&quot; align=&quot;absmiddle&quot; alt=&quot;&quot; border=&quot;0&quot;/&gt;&lt;/p&gt;</comment>
                            <comment id="14937027" author="gnikolaus" created="Wed, 30 Sep 2015 15:47:18 +0000"  >&lt;p&gt;&amp;gt; Because of the undefined/unexpected effects, I would prefer a default setAddLengthAttributesToTag(false);&lt;/p&gt;

&lt;p&gt;I actually agree and the maxlength attribute caused me enough trouble that I basicly don&apos;t use it anymore.&lt;/p&gt;

&lt;p&gt;And I lost count how often some customer would blindly look at his keyboard typing away while not realizing that none of his keypresses were making it into the input field because he already reached the maxlength and then later make an angry bugreport how our programm ignored half of his input.&lt;br/&gt;
Or the already mentioned pasting problem where we would get angry calls that &quot;It tells me input x is wrong, but that can&apos;t be because I copy and pasted it into the textfield!&quot; while only half of what the user copied really gut pasted because of maxlength.&lt;/p&gt;

&lt;p&gt;In the end I found out that letting the user enter a text of whatever-length he wants and later giving him an error message that his input is invalid because its too long works out better for everyone involved. &lt;/p&gt;


&lt;p&gt;But it seems like we are in the minority in this case and furthermore I can understand beeing hesitant when changing previous default behaviours.&lt;br/&gt;
Hence my idea to keep the old default behaviour but giving an option to turn it of.&lt;/p&gt;</comment>
                            <comment id="14937462" author="svenmeier" created="Wed, 30 Sep 2015 16:19:52 +0000"  >&lt;p&gt;&lt;a href=&quot;https://issues.apache.org/jira/secure/ViewProfile.jspa?name=gnikolaus&quot; class=&quot;user-hover&quot; rel=&quot;gnikolaus&quot;&gt;Gregor Nikolaus&lt;/a&gt; &amp;gt;What? How is it my choice&lt;/p&gt;

&lt;p&gt;It&apos;s your choice to use a &lt;b&gt;client-side&lt;/b&gt; solution to remove whitespace in your example.&lt;br/&gt;
IMHO a better solution would be to write a converter from string to iban, removing whitespace and  checking the checksum on the server-side. No need to use a StringValidator here.&lt;/p&gt;

&lt;p&gt;Regarding maxLength: I don&apos;t like this attribute either - it&apos;s especially annoying on date inputs &lt;img class=&quot;emoticon&quot; src=&quot;https://issues.apache.org/jira/images/icons/emoticons/tongue.gif&quot; height=&quot;16&quot; width=&quot;16&quot; align=&quot;absmiddle&quot; alt=&quot;&quot; border=&quot;0&quot;/&gt;.&lt;/p&gt;</comment>
                            <comment id="14937694" author="gnikolaus" created="Wed, 30 Sep 2015 16:44:21 +0000"  >&lt;p&gt;&amp;gt; It&apos;s your choice to use a client-side solution to remove whitespace in your example.&lt;br/&gt;
&amp;gt; IMHO a better solution would be to write a converter from string to iban, removing whitespace and checking the checksum on the server-side. No need to use a StringValidator here.&lt;/p&gt;

&lt;p&gt;Ah, now i get. Just to clarify: I do of course use an extra IBAN validator here checking for checksums etc. and not the StringValidator &lt;img class=&quot;emoticon&quot; src=&quot;https://issues.apache.org/jira/images/icons/emoticons/smile.gif&quot; height=&quot;16&quot; width=&quot;16&quot; align=&quot;absmiddle&quot; alt=&quot;&quot; border=&quot;0&quot;/&gt;&lt;/p&gt;


&lt;p&gt;I was just trying to give an (somewhat real-life) example of one instance where despite having a max length for an input setting the maxLength as an html attribute might not be desirable and IBANs was the first thing that came to my mind. &lt;/p&gt;


&lt;p&gt;&amp;gt; Regarding maxLength: I don&apos;t like this attribute either - it&apos;s especially annoying on date inputs&lt;/p&gt;

&lt;p&gt;FTR: I would be okay with having StringValidator not add the minlegth and maxlength attributes at all. Just completly removing that part and call this &quot;resolved&quot; would be my preferred solution.&lt;br/&gt;
My proposal was thought of as a compromise for those wanting to keep it, hence I wrote &quot;could at least be turned of&quot; in my first post.  (emphasis on &quot;at least&quot; &lt;img class=&quot;emoticon&quot; src=&quot;https://issues.apache.org/jira/images/icons/emoticons/wink.gif&quot; height=&quot;16&quot; width=&quot;16&quot; align=&quot;absmiddle&quot; alt=&quot;&quot; border=&quot;0&quot;/&gt;)&lt;/p&gt;</comment>
                            <comment id="14942234" author="mgrigorov" created="Sat, 3 Oct 2015 11:17:15 +0000"  >&lt;p&gt;I was going to add protected method that the application developer could override and suppress this behavior, but I see I&apos;ll have to the same for &apos;minlength&apos;...&lt;br/&gt;
I see no reason to make it so configurable/complex - the application developer could just override #onComponentTag(). &lt;br/&gt;
Just use the constructors, e.g. &apos;new StringValidator(min, max)&apos;, instead of the static factory methods.&lt;/p&gt;

&lt;p&gt;Changing StringValidator to not write these attributes is a rather big behavior change that may break applications in production. We can do it for Wicket 8.x if you think this is the better default.&lt;/p&gt;</comment>
                            <comment id="14942237" author="jira-bot" created="Sat, 3 Oct 2015 11:21:44 +0000"  >&lt;p&gt;Commit 65e15beb4c83508363d79bdd82b7523426affec7 in wicket&apos;s branch refs/heads/master from &lt;a href=&quot;https://issues.apache.org/jira/secure/ViewProfile.jspa?name=mgrigorov&quot; class=&quot;user-hover&quot; rel=&quot;mgrigorov&quot;&gt;Martin Grigorov&lt;/a&gt;&lt;br/&gt;
[ &lt;a href=&quot;https://git-wip-us.apache.org/repos/asf?p=wicket.git;h=65e15be&quot; class=&quot;external-link&quot; rel=&quot;nofollow&quot;&gt;https://git-wip-us.apache.org/repos/asf?p=wicket.git;h=65e15be&lt;/a&gt; ]&lt;/p&gt;

&lt;p&gt;&lt;a href=&quot;https://issues.apache.org/jira/browse/WICKET-5987&quot; title=&quot;StringLengthValidator does not validate, but cuts off input&quot; class=&quot;issue-link&quot; data-issue-key=&quot;WICKET-5987&quot;&gt;&lt;del&gt;WICKET-5987&lt;/del&gt;&lt;/a&gt; StringLengthValidator does not validate, but cuts off input&lt;/p&gt;

&lt;p&gt;Make #hasLengthAttribute() visible/overrideable&lt;/p&gt;</comment>
                    </comments>
                    <attachments>
                            <attachment id="12763203" name="stringlenghttest.zip" size="46169" author="robau" created="Mon, 28 Sep 2015 09:19:07 +0000"/>
                    </attachments>
                <subtasks>
                    </subtasks>
                <customfields>
                                                <customfield id="customfield_12310310" key="com.atlassian.jira.toolkit:attachments">
                        <customfieldname>Attachment count</customfieldname>
                        <customfieldvalues>
                            <customfieldvalue>1.0</customfieldvalue>
                        </customfieldvalues>
                    </customfield>
                                                                                                                                                                                                                                                                                                                                                                                                                                                                                                                                                            <customfield id="customfield_12310220" key="com.atlassian.jira.ext.charting:firstresponsedate">
                        <customfieldname>Date of First Response</customfieldname>
                        <customfieldvalues>
                            <customfieldvalue>Mon, 28 Sep 2015 20:00:49 +0000</customfieldvalue>

                        </customfieldvalues>
                    </customfield>
                                                                                                                                                                                                                                                                                                                                                                                    <customfield id="customfield_12310420" key="com.pyxis.greenhopper.jira:gh-global-rank">
                        <customfieldname>Global Rank</customfieldname>
                        <customfieldvalues>
                            <customfieldvalue>9223372036854775807</customfieldvalue>
                        </customfieldvalues>
                    </customfield>
                                                                                                                                                    <customfield id="customfield_12311820" key="com.pyxis.greenhopper.jira:gh-lexo-rank">
                        <customfieldname>Rank</customfieldname>
                        <customfieldvalues>
                            <customfieldvalue>0|i2lxv3:</customfieldvalue>

                        </customfieldvalues>
                    </customfield>
                                                                <customfield id="customfield_12310920" key="com.pyxis.greenhopper.jira:gh-global-rank">
                        <customfieldname>Rank (Obsolete)</customfieldname>
                        <customfieldvalues>
                            <customfieldvalue>9223372036854775807</customfieldvalue>
                        </customfieldvalues>
                    </customfield>
                                                                                                                                                                                                                                        <customfield id="customfield_12310222" key="com.atlassian.jira.ext.charting:timeinstatus">
                        <customfieldname>Time in Status</customfieldname>
                        <customfieldvalues>
                            
                        </customfieldvalues>
                    </customfield>
                                                                </customfields>
    </item>
</channel>
</rss>
