<!--
RSS generated by JIRA (7.6.3#76005-sha1:8a4e38d34af948780dbf52044e7aafb13a7cae58) at Mon Apr 08 11:26:46 UTC 2019

It is possible to restrict the fields that are returned in this document by specifying the 'field' parameter in your request.
For example, to request only the issue key and summary append 'field=key&field=summary' to the URL of your request.
-->
<!-- If you wish to do custom client-side styling of RSS, uncomment this:
<?xml-stylesheet href="https://issues.apache.org/jira/styles/jiraxml2html.xsl" type="text/xsl"?>
-->
<rss version="0.92">
    <channel>
        <title>ASF JIRA</title>
        <link>https://issues.apache.org/jira/issues/?jql=project+%3D+WICKET+AND+issuetype+%3D+Bug+AND+created+%3E%3D+2017-12-01+AND+created+%3C%3D+2018-01-01</link>
        <description>An XML representation of a search request</description>
                <language>en-uk</language>
                        <issue start="0" end="6" total="6"/>
                <build-info>
            <version>7.6.3</version>
            <build-number>76005</build-number>
            <build-date>09-01-2018</build-date>
        </build-info>

<item>
            <title>[WICKET-6515] Function &apos;submitMultipartForm&apos; doesn&apos;t work correctly in FF</title>
                <link>https://issues.apache.org/jira/browse/WICKET-6515</link>
                <project id="12310561" key="WICKET">Wicket</project>
                    <description>&lt;p&gt;We had done the migration from wicket 6 to wicket 7.9 and after that NextButton with custom AjaxFormSubmitBehavior doesn&apos;t work as expected in FireFox (in other browsers it works well). After investigation I found that the reason of this issue lays in this code:&lt;/p&gt;

&lt;p&gt;file: wicket-ajax-jquery.js:979&lt;/p&gt;

&lt;p&gt;// handled, restore state and return true&lt;br/&gt;
form.action = originalFormAction;&lt;br/&gt;
form.target = originalFormTarget;&lt;br/&gt;
form.method = originalFormMethod;&lt;br/&gt;
form.enctype = originalFormEnctype;&lt;br/&gt;
form.encoding = originalFormEncoding;&lt;/p&gt;

&lt;p&gt;For FF it looks like &apos;form.action&apos; is receive &apos;originalFormAction&apos; before request (submit) executing. If I comment out this code then &apos;form.submit()&apos; will work well for FF and for other browsers.&lt;/p&gt;

&lt;p&gt;P.S. Currently I moved this code to handleMultipartComplete but it doesn&apos;t cover cases when it will not be completed any way.&lt;/p&gt;</description>
                <environment>Ubuntu 16.04, Firefox 57.0.1 (64 bit)</environment>
        <key id="13127633">WICKET-6515</key>
            <summary>Function &apos;submitMultipartForm&apos; doesn&apos;t work correctly in FF</summary>
                <type id="1" iconUrl="https://issues.apache.org/jira/secure/viewavatar?size=xsmall&amp;avatarId=21133&amp;avatarType=issuetype">Bug</type>
                                            <priority id="4" iconUrl="https://issues.apache.org/jira/images/icons/priorities/minor.svg">Minor</priority>
                        <status id="1" iconUrl="https://issues.apache.org/jira/images/icons/statuses/open.png" description="The issue is open and ready for the assignee to start work on it.">Open</status>
                    <statusCategory id="2" key="new" colorName="blue-gray"/>
                                    <resolution id="-1">Unresolved</resolution>
                                        <assignee username="-1">Unassigned</assignee>
                                    <reporter username="alexeyz">Alexey Zlobin</reporter>
                        <labels>
                    </labels>
                <created>Fri, 29 Dec 2017 06:27:06 +0000</created>
                <updated>Sat, 30 Dec 2017 20:36:48 +0000</updated>
                                            <version>7.9.0</version>
                                                    <component>wicket</component>
                        <due></due>
                            <votes>0</votes>
                                    <watches>3</watches>
                                                                <comments>
                            <comment id="16306055" author="solomax" created="Fri, 29 Dec 2017 07:32:33 +0000"  >&lt;p&gt;Do you have quickstart project demonstrating this?&lt;/p&gt;</comment>
                            <comment id="16306157" author="alexeyz" created="Fri, 29 Dec 2017 09:49:15 +0000"  >&lt;p&gt;At this moment I haven&apos;t it.&lt;/p&gt;</comment>
                            <comment id="16306503" author="svenmeier" created="Fri, 29 Dec 2017 20:11:53 +0000"  >&lt;p&gt;This works fine with Wicket&apos;s JavaScript test and Firefox 57.0.3. Please create a quickstart.&lt;/p&gt;</comment>
                    </comments>
                    <attachments>
                    </attachments>
                <subtasks>
                    </subtasks>
                <customfields>
                                                <customfield id="customfield_12310310" key="com.atlassian.jira.toolkit:attachments">
                        <customfieldname>Attachment count</customfieldname>
                        <customfieldvalues>
                            <customfieldvalue>0.0</customfieldvalue>
                        </customfieldvalues>
                    </customfield>
                                                                                                                                                                                                                                                                                                                                                                                                                                                                                                                                                                                        <customfield id="customfield_12310220" key="com.atlassian.jira.ext.charting:firstresponsedate">
                        <customfieldname>Date of First Response</customfieldname>
                        <customfieldvalues>
                            <customfieldvalue>Fri, 29 Dec 2017 07:32:33 +0000</customfieldvalue>

                        </customfieldvalues>
                    </customfield>
                                                                                                                        <customfield id="customfield_12313422" key="com.atlassian.jirafisheyeplugin:jobcheckbox">
                        <customfieldname>Enable Automatic Patch Review</customfieldname>
                        <customfieldvalues>
                            <customfieldvalue><![CDATA[false]]></customfieldvalue>

                        </customfieldvalues>
                    </customfield>
                                                                                                                                                                                                                                                                                                                                                                                                                                                                        <customfield id="customfield_12310420" key="com.pyxis.greenhopper.jira:gh-global-rank">
                        <customfieldname>Global Rank</customfieldname>
                        <customfieldvalues>
                            <customfieldvalue>9223372036854775807</customfieldvalue>
                        </customfieldvalues>
                    </customfield>
                                                                                                                        <customfield id="customfield_12312521" key="com.atlassian.jira.toolkit:LastCommentDate">
                        <customfieldname>Last public comment date</customfieldname>
                        <customfieldvalues>
                            1 year, 14 weeks, 2 days ago
                        </customfieldvalues>
                    </customfield>
                                                                                                                                                    <customfield id="customfield_12311820" key="com.pyxis.greenhopper.jira:gh-lexo-rank">
                        <customfieldname>Rank</customfieldname>
                        <customfieldvalues>
                            <customfieldvalue>0|i3od1j:</customfieldvalue>

                        </customfieldvalues>
                    </customfield>
                                                                <customfield id="customfield_12310920" key="com.pyxis.greenhopper.jira:gh-global-rank">
                        <customfieldname>Rank (Obsolete)</customfieldname>
                        <customfieldvalues>
                            <customfieldvalue>9223372036854775807</customfieldvalue>
                        </customfieldvalues>
                    </customfield>
                                                                                                                                                                                                                                                                                                                            </customfields>
    </item>


<item>
            <title>[WICKET-6513] NullPointerException at PageStoreManager$SessionEntry after login</title>
                <link>https://issues.apache.org/jira/browse/WICKET-6513</link>
                <project id="12310561" key="WICKET">Wicket</project>
                    <description>&lt;p&gt;I tried to use memcached-session-manager with Kryo serialization strategy - &lt;a href=&quot;https://github.com/magro/memcached-session-manager/wiki&quot; class=&quot;external-link&quot; rel=&quot;nofollow&quot;&gt;https://github.com/magro/memcached-session-manager/wiki&lt;/a&gt;&lt;br/&gt;
It works fine but after login NullPointerException was generated.&lt;br/&gt;
I think the problem is a transient field storingTouchedPages that may be null after deserialization.&lt;/p&gt;</description>
                <environment></environment>
        <key id="13127374">WICKET-6513</key>
            <summary>NullPointerException at PageStoreManager$SessionEntry after login</summary>
                <type id="1" iconUrl="https://issues.apache.org/jira/secure/viewavatar?size=xsmall&amp;avatarId=21133&amp;avatarType=issuetype">Bug</type>
                                            <priority id="3" iconUrl="https://issues.apache.org/jira/images/icons/priorities/major.svg">Major</priority>
                        <status id="5" iconUrl="https://issues.apache.org/jira/images/icons/statuses/resolved.png" description="A resolution has been taken, and it is awaiting verification by reporter. From here issues are either reopened, or are closed.">Resolved</status>
                    <statusCategory id="3" key="done" colorName="green"/>
                                    <resolution id="1">Fixed</resolution>
                                        <assignee username="mgrigorov">Martin Grigorov</assignee>
                                    <reporter username="achurilov">Arkadiy Churilov</reporter>
                        <labels>
                    </labels>
                <created>Wed, 27 Dec 2017 14:07:39 +0000</created>
                <updated>Tue, 6 Feb 2018 12:53:25 +0000</updated>
                            <resolved>Sat, 30 Dec 2017 21:50:36 +0000</resolved>
                                    <version>7.9.0</version>
                                    <fixVersion>7.10.0</fixVersion>
                    <fixVersion>8.0.0-M9</fixVersion>
                                        <due></due>
                            <votes>0</votes>
                                    <watches>5</watches>
                                                                <comments>
                            <comment id="16304604" author="svenmeier" created="Wed, 27 Dec 2017 15:47:35 +0000"  >&lt;p&gt;#storingTouchedPages is re-initialized in #readObject() - it seems Kryo isn&apos;t calling that callback &lt;img class=&quot;emoticon&quot; src=&quot;https://issues.apache.org/jira/images/icons/emoticons/sad.png&quot; height=&quot;16&quot; width=&quot;16&quot; align=&quot;absmiddle&quot; alt=&quot;&quot; border=&quot;0&quot;/&gt;.&lt;/p&gt;</comment>
                            <comment id="16304709" author="achurilov" created="Wed, 27 Dec 2017 17:53:06 +0000"  >&lt;p&gt;I have checked. You are right - Kryo isn&apos;t calling #readObject() &lt;img class=&quot;emoticon&quot; src=&quot;https://issues.apache.org/jira/images/icons/emoticons/sad.png&quot; height=&quot;16&quot; width=&quot;16&quot; align=&quot;absmiddle&quot; alt=&quot;&quot; border=&quot;0&quot;/&gt;&lt;br/&gt;
Can you add fix in #valueUnbound() to check if storingTouchedPages is null?&lt;/p&gt;</comment>
                            <comment id="16305081" author="solomax" created="Thu, 28 Dec 2017 05:53:39 +0000"  >&lt;p&gt;Maybe these projects can be used to achieve the same:&lt;br/&gt;
&lt;a href=&quot;https://github.com/wicketstuff/core/tree/master/datastores-parent/datastore-memcached&quot; class=&quot;external-link&quot; rel=&quot;nofollow&quot;&gt;https://github.com/wicketstuff/core/tree/master/datastores-parent/datastore-memcached&lt;/a&gt;&lt;br/&gt;
&lt;a href=&quot;https://github.com/wicketstuff/core/tree/master/serializer-kryo&quot; class=&quot;external-link&quot; rel=&quot;nofollow&quot;&gt;https://github.com/wicketstuff/core/tree/master/serializer-kryo&lt;/a&gt;&lt;br/&gt;
&lt;a href=&quot;https://github.com/wicketstuff/core/tree/master/serializer-kryo2&quot; class=&quot;external-link&quot; rel=&quot;nofollow&quot;&gt;https://github.com/wicketstuff/core/tree/master/serializer-kryo2&lt;/a&gt;&lt;/p&gt;</comment>
                            <comment id="16306964" author="jira-bot" created="Sat, 30 Dec 2017 21:50:08 +0000"  >&lt;p&gt;Commit 869ff926557468b23032ca78e1503ecd530e9aac in wicket&apos;s branch refs/heads/master from &lt;a href=&quot;https://issues.apache.org/jira/secure/ViewProfile.jspa?name=mgrigorov&quot; class=&quot;user-hover&quot; rel=&quot;mgrigorov&quot;&gt;Martin Grigorov&lt;/a&gt;&lt;br/&gt;
[ &lt;a href=&quot;https://git-wip-us.apache.org/repos/asf?p=wicket.git;h=869ff92&quot; class=&quot;external-link&quot; rel=&quot;nofollow&quot;&gt;https://git-wip-us.apache.org/repos/asf?p=wicket.git;h=869ff92&lt;/a&gt; ]&lt;/p&gt;

&lt;p&gt;&lt;a href=&quot;https://issues.apache.org/jira/browse/WICKET-6513&quot; title=&quot;NullPointerException at PageStoreManager$SessionEntry after login&quot; class=&quot;issue-link&quot; data-issue-key=&quot;WICKET-6513&quot;&gt;&lt;del&gt;WICKET-6513&lt;/del&gt;&lt;/a&gt; NullPointerException at PageStoreManager$SessionEntry after login&lt;/p&gt;

&lt;p&gt;Check for storeTouchedPages == null before trying to use it.&lt;br/&gt;
It might be null in case an alternative serialization library is used&lt;/p&gt;</comment>
                            <comment id="16306965" author="jira-bot" created="Sat, 30 Dec 2017 21:50:29 +0000"  >&lt;p&gt;Commit 8c7f583a3c74d4a9fa7ac1caa1bd06e432986902 in wicket&apos;s branch refs/heads/wicket-7.x from &lt;a href=&quot;https://issues.apache.org/jira/secure/ViewProfile.jspa?name=mgrigorov&quot; class=&quot;user-hover&quot; rel=&quot;mgrigorov&quot;&gt;Martin Grigorov&lt;/a&gt;&lt;br/&gt;
[ &lt;a href=&quot;https://git-wip-us.apache.org/repos/asf?p=wicket.git;h=8c7f583&quot; class=&quot;external-link&quot; rel=&quot;nofollow&quot;&gt;https://git-wip-us.apache.org/repos/asf?p=wicket.git;h=8c7f583&lt;/a&gt; ]&lt;/p&gt;

&lt;p&gt;&lt;a href=&quot;https://issues.apache.org/jira/browse/WICKET-6513&quot; title=&quot;NullPointerException at PageStoreManager$SessionEntry after login&quot; class=&quot;issue-link&quot; data-issue-key=&quot;WICKET-6513&quot;&gt;&lt;del&gt;WICKET-6513&lt;/del&gt;&lt;/a&gt; NullPointerException at PageStoreManager$SessionEntry after login&lt;/p&gt;

&lt;p&gt;Check for storeTouchedPages == null before trying to use it.&lt;br/&gt;
It might be null in case an alternative serialization library is used&lt;/p&gt;

&lt;p&gt;(cherry picked from commit 869ff926557468b23032ca78e1503ecd530e9aac)&lt;/p&gt;</comment>
                    </comments>
                    <attachments>
                    </attachments>
                <subtasks>
                    </subtasks>
                <customfields>
                                                <customfield id="customfield_12310310" key="com.atlassian.jira.toolkit:attachments">
                        <customfieldname>Attachment count</customfieldname>
                        <customfieldvalues>
                            <customfieldvalue>0.0</customfieldvalue>
                        </customfieldvalues>
                    </customfield>
                                                                                                                                                                                                                                                                                                                                                                                                                                                                                                                                                                                        <customfield id="customfield_12310220" key="com.atlassian.jira.ext.charting:firstresponsedate">
                        <customfieldname>Date of First Response</customfieldname>
                        <customfieldvalues>
                            <customfieldvalue>Wed, 27 Dec 2017 15:47:35 +0000</customfieldvalue>

                        </customfieldvalues>
                    </customfield>
                                                                                            <customfield id="customfield_12312720" key="com.atlassian.jira.plugin.system.customfieldtypes:textarea">
                        <customfieldname>Docs Text</customfieldname>
                        <customfieldvalues>
                            <customfieldvalue>25-12-2017 5:00:13 PM org.apache.catalina.core.StandardWrapperValve invoke&lt;br/&gt;
SEVERE: Servlet.service() for servlet [default] in context with path [] threw exception&lt;br/&gt;
java.lang.NullPointerException&lt;br/&gt;
	at org.apache.wicket.page.PageStoreManager$SessionEntry.valueUnbound(PageStoreManager.java:341)&lt;br/&gt;
	at org.apache.catalina.session.StandardSession.removeAttributeInternal(StandardSession.java:1849)&lt;br/&gt;
	at de.javakaffee.web.msm.MemcachedBackupSession.removeAttributeInternal(MemcachedBackupSession.java:614)&lt;br/&gt;
	at org.apache.catalina.session.StandardSession.expire(StandardSession.java:869)&lt;br/&gt;
	at org.apache.catalina.session.StandardSession.expire(StandardSession.java:731)&lt;br/&gt;
	at org.apache.catalina.session.StandardSession.invalidate(StandardSession.java:1263)&lt;br/&gt;
	at org.apache.catalina.session.StandardSessionFacade.invalidate(StandardSessionFacade.java:183)&lt;br/&gt;
	at org.springframework.security.web.authentication.session.SessionFixationProtectionStrategy.applySessionFixation(SessionFixationProtectionStrategy.java:93)&lt;br/&gt;
	at org.springframework.security.web.authentication.session.AbstractSessionFixationProtectionStrategy.onAuthentication(AbstractSessionFixationProtectionStrategy.java:82)&lt;br/&gt;
	at org.springframework.security.web.authentication.session.SessionFixationProtectionStrategy.onAuthentication(SessionFixationProtectionStrategy.java:55)&lt;br/&gt;
	at org.springframework.security.web.authentication.session.ConcurrentSessionControlStrategy.onAuthentication(ConcurrentSessionControlStrategy.java:68)&lt;br/&gt;
	at org.springframework.security.web.authentication.AbstractAuthenticationProcessingFilter.doFilter(AbstractAuthenticationProcessingFilter.java:216)&lt;br/&gt;
	at org.springframework.security.web.FilterChainProxy$VirtualFilterChain.doFilter(FilterChainProxy.java:342)&lt;br/&gt;
	at org.springframework.security.web.authentication.logout.LogoutFilter.doFilter(LogoutFilter.java:110)&lt;br/&gt;
	at org.springframework.security.web.FilterChainProxy$VirtualFilterChain.doFilter(FilterChainProxy.java:342)&lt;br/&gt;
	at org.springframework.security.web.context.request.async.WebAsyncManagerIntegrationFilter.doFilterInternal(WebAsyncManagerIntegrationFilter.java:50)&lt;br/&gt;
	at org.springframework.web.filter.OncePerRequestFilter.doFilter(OncePerRequestFilter.java:107)&lt;br/&gt;
	at org.springframework.security.web.FilterChainProxy$VirtualFilterChain.doFilter(FilterChainProxy.java:342)&lt;br/&gt;
	at org.springframework.security.web.session.ConcurrentSessionFilter.doFilter(ConcurrentSessionFilter.java:125)&lt;br/&gt;
	at org.springframework.security.web.FilterChainProxy$VirtualFilterChain.doFilter(FilterChainProxy.java:342)&lt;br/&gt;
	at org.springframework.web.filter.RequestContextFilter.doFilterInternal(RequestContextFilter.java:99)&lt;br/&gt;
	at org.springframework.web.filter.OncePerRequestFilter.doFilter(OncePerRequestFilter.java:107)&lt;br/&gt;
	at org.springframework.security.web.FilterChainProxy$VirtualFilterChain.doFilter(FilterChainProxy.java:342)&lt;br/&gt;
	at org.springframework.security.web.context.SecurityContextPersistenceFilter.doFilter(SecurityContextPersistenceFilter.java:87)&lt;br/&gt;
	at org.springframework.security.web.FilterChainProxy$VirtualFilterChain.doFilter(FilterChainProxy.java:342)&lt;br/&gt;
	at org.springframework.security.web.FilterChainProxy.doFilterInternal(FilterChainProxy.java:192)&lt;br/&gt;
	at org.springframework.security.web.FilterChainProxy.doFilter(FilterChainProxy.java:160)&lt;br/&gt;
	at org.springframework.web.filter.DelegatingFilterProxy.invokeDelegate(DelegatingFilterProxy.java:346)&lt;br/&gt;
	at org.springframework.web.filter.DelegatingFilterProxy.doFilter(DelegatingFilterProxy.java:262)&lt;br/&gt;
	at org.apache.catalina.core.ApplicationFilterChain.internalDoFilter(ApplicationFilterChain.java:241)&lt;br/&gt;
	at org.apache.catalina.core.ApplicationFilterChain.doFilter(ApplicationFilterChain.java:208)&lt;br/&gt;
	at org.springframework.web.filter.CharacterEncodingFilter.doFilterInternal(CharacterEncodingFilter.java:197)&lt;br/&gt;
	at org.springframework.web.filter.OncePerRequestFilter.doFilter(OncePerRequestFilter.java:107)&lt;br/&gt;
	at org.apache.catalina.core.ApplicationFilterChain.internalDoFilter(ApplicationFilterChain.java:241)&lt;br/&gt;
	at org.apache.catalina.core.ApplicationFilterChain.doFilter(ApplicationFilterChain.java:208)&lt;br/&gt;
	at org.apache.catalina.core.StandardWrapperValve.invoke(StandardWrapperValve.java:220)&lt;br/&gt;
	at org.apache.catalina.core.StandardContextValve.invoke(StandardContextValve.java:122)&lt;br/&gt;
	at de.javakaffee.web.msm.RequestTrackingContextValve.invoke(RequestTrackingContextValve.java:99)&lt;br/&gt;
	at org.apache.catalina.authenticator.AuthenticatorBase.invoke(AuthenticatorBase.java:505)&lt;br/&gt;
	at org.apache.catalina.core.StandardHostValve.invoke(StandardHostValve.java:169)&lt;br/&gt;
	at de.javakaffee.web.msm.RequestTrackingHostValve.invoke(RequestTrackingHostValve.java:157)&lt;br/&gt;
	at org.apache.catalina.valves.ErrorReportValve.invoke(ErrorReportValve.java:103)&lt;br/&gt;
	at org.apache.catalina.valves.AccessLogValve.invoke(AccessLogValve.java:956)&lt;br/&gt;
	at org.apache.catalina.core.StandardEngineValve.invoke(StandardEngineValve.java:116)&lt;br/&gt;
	at org.apache.catalina.connector.CoyoteAdapter.service(CoyoteAdapter.java:436)&lt;br/&gt;
	at org.apache.coyote.http11.AbstractHttp11Processor.process(AbstractHttp11Processor.java:1078)&lt;br/&gt;
	at org.apache.coyote.AbstractProtocol$AbstractConnectionHandler.process(AbstractProtocol.java:625)&lt;br/&gt;
	at org.apache.tomcat.util.net.JIoEndpoint$SocketProcessor.run(JIoEndpoint.java:318)&lt;br/&gt;
	at java.util.concurrent.ThreadPoolExecutor.runWorker(ThreadPoolExecutor.java:1142)&lt;br/&gt;
	at java.util.concurrent.ThreadPoolExecutor$Worker.run(ThreadPoolExecutor.java:617)&lt;br/&gt;
	at org.apache.tomcat.util.threads.TaskThread$WrappingRunnable.run(TaskThread.java:61)&lt;br/&gt;
	at java.lang.Thread.run(Thread.java:745)&lt;br/&gt;
&lt;br/&gt;
</customfieldvalue>

                        </customfieldvalues>
                    </customfield>
                                                                <customfield id="customfield_12313422" key="com.atlassian.jirafisheyeplugin:jobcheckbox">
                        <customfieldname>Enable Automatic Patch Review</customfieldname>
                        <customfieldvalues>
                            <customfieldvalue><![CDATA[false]]></customfieldvalue>

                        </customfieldvalues>
                    </customfield>
                                                                                                                                                                                                                                                                                                                                                                                                                                                                        <customfield id="customfield_12310420" key="com.pyxis.greenhopper.jira:gh-global-rank">
                        <customfieldname>Global Rank</customfieldname>
                        <customfieldvalues>
                            <customfieldvalue>9223372036854775807</customfieldvalue>
                        </customfieldvalues>
                    </customfield>
                                                                                                                        <customfield id="customfield_12312521" key="com.atlassian.jira.toolkit:LastCommentDate">
                        <customfieldname>Last public comment date</customfieldname>
                        <customfieldvalues>
                            1 year, 14 weeks, 1 day ago
                        </customfieldvalues>
                    </customfield>
                                                                                                                                                    <customfield id="customfield_12311820" key="com.pyxis.greenhopper.jira:gh-lexo-rank">
                        <customfieldname>Rank</customfieldname>
                        <customfieldvalues>
                            <customfieldvalue>0|i3obfz:</customfieldvalue>

                        </customfieldvalues>
                    </customfield>
                                                                <customfield id="customfield_12310920" key="com.pyxis.greenhopper.jira:gh-global-rank">
                        <customfieldname>Rank (Obsolete)</customfieldname>
                        <customfieldvalues>
                            <customfieldvalue>9223372036854775807</customfieldvalue>
                        </customfieldvalues>
                    </customfield>
                                                                                                                                                                                                                                                                                                                            <customfield id="customfield_12310222" key="com.atlassian.jira.ext.charting:timeinstatus">
                        <customfieldname>Time in Status</customfieldname>
                        <customfieldvalues>
                            
                        </customfieldvalues>
                    </customfield>
                                    </customfields>
    </item>


<item>
            <title>[WICKET-6512] pageId is being reset during Session::replaceSession() call</title>
                <link>https://issues.apache.org/jira/browse/WICKET-6512</link>
                <project id="12310561" key="WICKET">Wicket</project>
                    <description>&lt;p&gt;I&apos;m using replaceSession(); method to prevent session fixation&lt;/p&gt;

&lt;p&gt;2 pages are being created with same pageId, in case Session.get().replaceSession(); method is being called to prevent session fixation&lt;/p&gt;

&lt;p&gt;Du to pageId is being set to 0 during session replacement process&lt;/p&gt;

&lt;p&gt;discussion thread: &lt;a href=&quot;http://markmail.org/message/vve2o4wrytonm7w5&quot; class=&quot;external-link&quot; rel=&quot;nofollow&quot;&gt;http://markmail.org/message/vve2o4wrytonm7w5&lt;/a&gt;&lt;/p&gt;</description>
                <environment></environment>
        <key id="13127155">WICKET-6512</key>
            <summary>pageId is being reset during Session::replaceSession() call</summary>
                <type id="1" iconUrl="https://issues.apache.org/jira/secure/viewavatar?size=xsmall&amp;avatarId=21133&amp;avatarType=issuetype">Bug</type>
                                            <priority id="3" iconUrl="https://issues.apache.org/jira/images/icons/priorities/major.svg">Major</priority>
                        <status id="5" iconUrl="https://issues.apache.org/jira/images/icons/statuses/resolved.png" description="A resolution has been taken, and it is awaiting verification by reporter. From here issues are either reopened, or are closed.">Resolved</status>
                    <statusCategory id="3" key="done" colorName="green"/>
                                    <resolution id="1">Fixed</resolution>
                                        <assignee username="solomax">Maxim Solodovnik</assignee>
                                    <reporter username="solomax">Maxim Solodovnik</reporter>
                        <labels>
                    </labels>
                <created>Tue, 26 Dec 2017 06:08:41 +0000</created>
                <updated>Tue, 6 Feb 2018 12:48:08 +0000</updated>
                            <resolved>Wed, 27 Dec 2017 03:53:12 +0000</resolved>
                                    <version>8.0.0-M8</version>
                                    <fixVersion>8.0.0-M9</fixVersion>
                                    <component>wicket</component>
                        <due></due>
                            <votes>0</votes>
                                    <watches>3</watches>
                                                                <comments>
                            <comment id="16303507" author="jira-bot" created="Tue, 26 Dec 2017 06:10:50 +0000"  >&lt;p&gt;Commit 05a8c7e57d6a2822d09fa1806955707c4cca368e in wicket&apos;s branch refs/heads/&lt;a href=&quot;https://issues.apache.org/jira/browse/WICKET-6512&quot; title=&quot;pageId is being reset during Session::replaceSession() call&quot; class=&quot;issue-link&quot; data-issue-key=&quot;WICKET-6512&quot;&gt;&lt;del&gt;WICKET-6512&lt;/del&gt;&lt;/a&gt;-replaceSession from &lt;a href=&quot;https://issues.apache.org/jira/secure/ViewProfile.jspa?name=solomax&quot; class=&quot;user-hover&quot; rel=&quot;solomax&quot;&gt;Maxim Solodovnik&lt;/a&gt;&lt;br/&gt;
[ &lt;a href=&quot;https://git-wip-us.apache.org/repos/asf?p=wicket.git;h=05a8c7e&quot; class=&quot;external-link&quot; rel=&quot;nofollow&quot;&gt;https://git-wip-us.apache.org/repos/asf?p=wicket.git;h=05a8c7e&lt;/a&gt; ]&lt;/p&gt;

&lt;p&gt;&lt;a href=&quot;https://issues.apache.org/jira/browse/WICKET-6512&quot; title=&quot;pageId is being reset during Session::replaceSession() call&quot; class=&quot;issue-link&quot; data-issue-key=&quot;WICKET-6512&quot;&gt;&lt;del&gt;WICKET-6512&lt;/del&gt;&lt;/a&gt; feedbackMessages, style, pageId, sequence and temporarySessionAttributes are not being dropped while session replacement&lt;/p&gt;</comment>
                            <comment id="16303508" author="githubbot" created="Tue, 26 Dec 2017 06:11:51 +0000"  >&lt;p&gt;GitHub user solomax opened a pull request:&lt;/p&gt;

&lt;p&gt;    &lt;a href=&quot;https://github.com/apache/wicket/pull/252&quot; class=&quot;external-link&quot; rel=&quot;nofollow&quot;&gt;https://github.com/apache/wicket/pull/252&lt;/a&gt;&lt;/p&gt;

&lt;p&gt;    &lt;a href=&quot;https://issues.apache.org/jira/browse/WICKET-6512&quot; title=&quot;pageId is being reset during Session::replaceSession() call&quot; class=&quot;issue-link&quot; data-issue-key=&quot;WICKET-6512&quot;&gt;&lt;del&gt;WICKET-6512&lt;/del&gt;&lt;/a&gt; feedbackMessages, style, pageId, sequence and temporary&#8230;&lt;/p&gt;

&lt;p&gt;    &#8230;SessionAttributes are not being dropped while session replacement&lt;/p&gt;

&lt;p&gt;You can merge this pull request into a Git repository by running:&lt;/p&gt;

&lt;p&gt;    $ git pull &lt;a href=&quot;https://github.com/apache/wicket&quot; class=&quot;external-link&quot; rel=&quot;nofollow&quot;&gt;https://github.com/apache/wicket&lt;/a&gt; &lt;a href=&quot;https://issues.apache.org/jira/browse/WICKET-6512&quot; title=&quot;pageId is being reset during Session::replaceSession() call&quot; class=&quot;issue-link&quot; data-issue-key=&quot;WICKET-6512&quot;&gt;&lt;del&gt;WICKET-6512&lt;/del&gt;&lt;/a&gt;-replaceSession&lt;/p&gt;

&lt;p&gt;Alternatively you can review and apply these changes as the patch at:&lt;/p&gt;

&lt;p&gt;    &lt;a href=&quot;https://github.com/apache/wicket/pull/252.patch&quot; class=&quot;external-link&quot; rel=&quot;nofollow&quot;&gt;https://github.com/apache/wicket/pull/252.patch&lt;/a&gt;&lt;/p&gt;

&lt;p&gt;To close this pull request, make a commit to your master/trunk branch&lt;br/&gt;
with (at least) the following in the commit message:&lt;/p&gt;

&lt;p&gt;    This closes #252&lt;/p&gt;

&lt;hr /&gt;
&lt;p&gt;commit 05a8c7e57d6a2822d09fa1806955707c4cca368e&lt;br/&gt;
Author: Maxim Solodovnik &amp;lt;solomax666@...&amp;gt;&lt;br/&gt;
Date:   2017-12-26T06:10:33Z&lt;/p&gt;

&lt;p&gt;    &lt;a href=&quot;https://issues.apache.org/jira/browse/WICKET-6512&quot; title=&quot;pageId is being reset during Session::replaceSession() call&quot; class=&quot;issue-link&quot; data-issue-key=&quot;WICKET-6512&quot;&gt;&lt;del&gt;WICKET-6512&lt;/del&gt;&lt;/a&gt; feedbackMessages, style, pageId, sequence and temporarySessionAttributes are not being dropped while session replacement&lt;/p&gt;

&lt;hr /&gt;</comment>
                            <comment id="16304187" author="jira-bot" created="Wed, 27 Dec 2017 03:47:51 +0000"  >&lt;p&gt;Commit 05a8c7e57d6a2822d09fa1806955707c4cca368e in wicket&apos;s branch refs/heads/master from &lt;a href=&quot;https://issues.apache.org/jira/secure/ViewProfile.jspa?name=solomax&quot; class=&quot;user-hover&quot; rel=&quot;solomax&quot;&gt;Maxim Solodovnik&lt;/a&gt;&lt;br/&gt;
[ &lt;a href=&quot;https://git-wip-us.apache.org/repos/asf?p=wicket.git;h=05a8c7e&quot; class=&quot;external-link&quot; rel=&quot;nofollow&quot;&gt;https://git-wip-us.apache.org/repos/asf?p=wicket.git;h=05a8c7e&lt;/a&gt; ]&lt;/p&gt;

&lt;p&gt;&lt;a href=&quot;https://issues.apache.org/jira/browse/WICKET-6512&quot; title=&quot;pageId is being reset during Session::replaceSession() call&quot; class=&quot;issue-link&quot; data-issue-key=&quot;WICKET-6512&quot;&gt;&lt;del&gt;WICKET-6512&lt;/del&gt;&lt;/a&gt; feedbackMessages, style, pageId, sequence and temporarySessionAttributes are not being dropped while session replacement&lt;/p&gt;</comment>
                            <comment id="16304188" author="jira-bot" created="Wed, 27 Dec 2017 03:47:53 +0000"  >&lt;p&gt;Commit db2317bf4c08074277294dbe596af841639513de in wicket&apos;s branch refs/heads/master from &lt;a href=&quot;https://issues.apache.org/jira/secure/ViewProfile.jspa?name=solomax&quot; class=&quot;user-hover&quot; rel=&quot;solomax&quot;&gt;Maxim Solodovnik&lt;/a&gt;&lt;br/&gt;
[ &lt;a href=&quot;https://git-wip-us.apache.org/repos/asf?p=wicket.git;h=db2317b&quot; class=&quot;external-link&quot; rel=&quot;nofollow&quot;&gt;https://git-wip-us.apache.org/repos/asf?p=wicket.git;h=db2317b&lt;/a&gt; ]&lt;/p&gt;

&lt;p&gt;Merge remote-tracking branch &apos;origin/&lt;a href=&quot;https://issues.apache.org/jira/browse/WICKET-6512&quot; title=&quot;pageId is being reset during Session::replaceSession() call&quot; class=&quot;issue-link&quot; data-issue-key=&quot;WICKET-6512&quot;&gt;&lt;del&gt;WICKET-6512&lt;/del&gt;&lt;/a&gt;-replaceSession&apos;&lt;/p&gt;</comment>
                            <comment id="16304189" author="githubbot" created="Wed, 27 Dec 2017 03:48:05 +0000"  >&lt;p&gt;Github user asfgit closed the pull request at:&lt;/p&gt;

&lt;p&gt;    &lt;a href=&quot;https://github.com/apache/wicket/pull/252&quot; class=&quot;external-link&quot; rel=&quot;nofollow&quot;&gt;https://github.com/apache/wicket/pull/252&lt;/a&gt;&lt;/p&gt;</comment>
                    </comments>
                    <attachments>
                    </attachments>
                <subtasks>
                    </subtasks>
                <customfields>
                                                <customfield id="customfield_12310310" key="com.atlassian.jira.toolkit:attachments">
                        <customfieldname>Attachment count</customfieldname>
                        <customfieldvalues>
                            <customfieldvalue>0.0</customfieldvalue>
                        </customfieldvalues>
                    </customfield>
                                                                                                                                                                                                                                                                                                                                                                                                                                                                                                                                                                                        <customfield id="customfield_12310220" key="com.atlassian.jira.ext.charting:firstresponsedate">
                        <customfieldname>Date of First Response</customfieldname>
                        <customfieldvalues>
                            <customfieldvalue>Tue, 26 Dec 2017 06:10:50 +0000</customfieldvalue>

                        </customfieldvalues>
                    </customfield>
                                                                                                                        <customfield id="customfield_12313422" key="com.atlassian.jirafisheyeplugin:jobcheckbox">
                        <customfieldname>Enable Automatic Patch Review</customfieldname>
                        <customfieldvalues>
                            <customfieldvalue><![CDATA[false]]></customfieldvalue>

                        </customfieldvalues>
                    </customfield>
                                                                                                                                                                                                                                                                                                                                                                                                                                                                        <customfield id="customfield_12310420" key="com.pyxis.greenhopper.jira:gh-global-rank">
                        <customfieldname>Global Rank</customfieldname>
                        <customfieldvalues>
                            <customfieldvalue>9223372036854775807</customfieldvalue>
                        </customfieldvalues>
                    </customfield>
                                                                                                                        <customfield id="customfield_12312521" key="com.atlassian.jira.toolkit:LastCommentDate">
                        <customfieldname>Last public comment date</customfieldname>
                        <customfieldvalues>
                            1 year, 14 weeks, 5 days ago
                        </customfieldvalues>
                    </customfield>
                                                                                                                                                    <customfield id="customfield_12311820" key="com.pyxis.greenhopper.jira:gh-lexo-rank">
                        <customfieldname>Rank</customfieldname>
                        <customfieldvalues>
                            <customfieldvalue>0|i3oa3b:</customfieldvalue>

                        </customfieldvalues>
                    </customfield>
                                                                <customfield id="customfield_12310920" key="com.pyxis.greenhopper.jira:gh-global-rank">
                        <customfieldname>Rank (Obsolete)</customfieldname>
                        <customfieldvalues>
                            <customfieldvalue>9223372036854775807</customfieldvalue>
                        </customfieldvalues>
                    </customfield>
                                                                                                                                                                                                                                                                                                                            <customfield id="customfield_12310222" key="com.atlassian.jira.ext.charting:timeinstatus">
                        <customfieldname>Time in Status</customfieldname>
                        <customfieldvalues>
                            
                        </customfieldvalues>
                    </customfield>
                                    </customfields>
    </item>


<item>
            <title>[WICKET-6507] Please add additional constructor to FeedbackCollector</title>
                <link>https://issues.apache.org/jira/browse/WICKET-6507</link>
                <project id="12310561" key="WICKET">Wicket</project>
                    <description>&lt;p&gt;&lt;span class=&quot;error&quot;&gt;&amp;#91;The problem occured to be somewhere else. I&amp;#39;ve created separate issue for clarity&amp;#93;&lt;/span&gt;&lt;/p&gt;</description>
                <environment></environment>
        <key id="13125010">WICKET-6507</key>
            <summary>Please add additional constructor to FeedbackCollector</summary>
                <type id="1" iconUrl="https://issues.apache.org/jira/secure/viewavatar?size=xsmall&amp;avatarId=21133&amp;avatarType=issuetype">Bug</type>
                                            <priority id="3" iconUrl="https://issues.apache.org/jira/images/icons/priorities/major.svg">Major</priority>
                        <status id="5" iconUrl="https://issues.apache.org/jira/images/icons/statuses/resolved.png" description="A resolution has been taken, and it is awaiting verification by reporter. From here issues are either reopened, or are closed.">Resolved</status>
                    <statusCategory id="3" key="done" colorName="green"/>
                                    <resolution id="10004">Not A Bug</resolution>
                                        <assignee username="bitstorm">Andrea Del Bene</assignee>
                                    <reporter username="eximius">Kamil</reporter>
                        <labels>
                    </labels>
                <created>Thu, 14 Dec 2017 17:35:37 +0000</created>
                <updated>Wed, 27 Dec 2017 18:37:48 +0000</updated>
                            <resolved>Fri, 15 Dec 2017 14:04:04 +0000</resolved>
                                    <version>8.0.0-M8</version>
                                                    <component>wicket</component>
                        <due></due>
                            <votes>0</votes>
                                    <watches>2</watches>
                                                                <comments>
                            <comment id="16292385" author="bitstorm" created="Fri, 15 Dec 2017 11:31:54 +0000"  >&lt;p&gt;Hi,&lt;/p&gt;

&lt;p&gt;refactoring can be fooling sometimes. Once you have extracted your code from onSubmit, modelChanged is called on AbstractWindows and no more on the original component. The correct extracted method would be this:&lt;/p&gt;

&lt;div class=&quot;code panel&quot; style=&quot;border-width: 1px;&quot;&gt;&lt;div class=&quot;codeContent panelContent&quot;&gt;
&lt;pre class=&quot;code-java&quot;&gt;
&lt;span class=&quot;code-keyword&quot;&gt;protected&lt;/span&gt; void method(&lt;span class=&quot;code-keyword&quot;&gt;final&lt;/span&gt; AjaxRequestTarget target, IndicatingAjaxButton link) {
	AbstractWindow.&lt;span class=&quot;code-keyword&quot;&gt;this&lt;/span&gt;.onSubmit(target);
	link.modelChanged();
	close(target);
}
&lt;/pre&gt;
&lt;/div&gt;&lt;/div&gt;</comment>
                            <comment id="16294310" author="eximius" created="Sun, 17 Dec 2017 20:17:03 +0000"  >&lt;p&gt;&lt;a href=&quot;https://issues.apache.org/jira/secure/ViewProfile.jspa?name=bitstorm&quot; class=&quot;user-hover&quot; rel=&quot;bitstorm&quot;&gt;Andrea Del Bene&lt;/a&gt;, of course in our real app we have correct version of &quot;modelChanged&quot; called (the one from AbstractWindow). This &quot;bug&quot; was introduced during preparation of this &quot;quickstart&quot; and final effect was identical to the real problem, so I thought it was the cause.&lt;/p&gt;

&lt;p&gt;But the real problem lies in line:&lt;/p&gt;
&lt;div class=&quot;code panel&quot; style=&quot;border-width: 1px;&quot;&gt;&lt;div class=&quot;codeContent panelContent&quot;&gt;
&lt;pre class=&quot;code-java&quot;&gt;
&lt;span class=&quot;code-keyword&quot;&gt;new&lt;/span&gt; FeedbackCollector(form).collect().stream().forEach(FeedbackMessage::markRendered);
&lt;/pre&gt;
&lt;/div&gt;&lt;/div&gt;

&lt;p&gt;I read Javadoc more carefully and I spotted that despite I&apos;m creating the FeedbackCollector explicitly using Component &quot;form&quot;&lt;/p&gt;
&lt;div class=&quot;code panel&quot; style=&quot;border-width: 1px;&quot;&gt;&lt;div class=&quot;codeContent panelContent&quot;&gt;
&lt;pre class=&quot;code-java&quot;&gt;
&lt;span class=&quot;code-keyword&quot;&gt;new&lt;/span&gt; FeedbackCollector(form)
&lt;/pre&gt;
&lt;/div&gt;&lt;/div&gt;
&lt;p&gt;the &lt;/p&gt;
&lt;div class=&quot;code panel&quot; style=&quot;border-width: 1px;&quot;&gt;&lt;div class=&quot;codeContent panelContent&quot;&gt;
&lt;pre class=&quot;code-java&quot;&gt;
includeSession
&lt;/pre&gt;
&lt;/div&gt;&lt;/div&gt;
&lt;p&gt;is set to true, which I is not so obvious. &lt;/p&gt;

&lt;p&gt;Do you think that maybe more reasonable approach would be:&lt;br/&gt;
1) If one is creating FeedbackCollector using no argument constructor it sets includeSession to true (as it is now)&lt;br/&gt;
2) If one is creating FeedbackCollector using the constructor with specific component, includeSession should be set to false by default&lt;br/&gt;
3) You could add additional constructor that takes both: specific Component and includeSession flag&lt;/p&gt;

&lt;p&gt;What do you think about it?&lt;/p&gt;</comment>
                            <comment id="16301289" author="bitstorm" created="Fri, 22 Dec 2017 11:39:46 +0000"  >&lt;p&gt;Hi,&lt;/p&gt;

&lt;p&gt;I think fixing JavaDoc should be enough. We should just make clear that session&apos;s messages are included by default.&lt;/p&gt;</comment>
                            <comment id="16301327" author="eximius" created="Fri, 22 Dec 2017 12:43:42 +0000"  >&lt;p&gt;Javadoc is clear about it. It states:&lt;/p&gt;
&lt;div class=&quot;code panel&quot; style=&quot;border-width: 1px;&quot;&gt;&lt;div class=&quot;codeContent panelContent&quot;&gt;
&lt;pre class=&quot;code-java&quot;&gt;
Constructs a collector that will collect messages from Session and specified container
&lt;/pre&gt;
&lt;/div&gt;&lt;/div&gt;
&lt;p&gt;I must admit, that I didn&apos;t read it, because I just blindly followed (copy-pasted) the advice from dev&apos;s group, I&apos;m sorry &lt;img class=&quot;emoticon&quot; src=&quot;https://issues.apache.org/jira/images/icons/emoticons/sad.png&quot; height=&quot;16&quot; width=&quot;16&quot; align=&quot;absmiddle&quot; alt=&quot;&quot; border=&quot;0&quot;/&gt;&lt;/p&gt;

&lt;p&gt;But the problem here is different: &lt;br/&gt;
If &quot;FedbackCollector&quot; is named &quot;SessionFeedbackCollector&quot; then it would be clear, that session is taken into account all the time, but in this situation I find this misleading.&lt;br/&gt;
In my opinion If one is creating FeedbackCollector using the constructor with specific component then this component should be used instead of session (thus &quot;includeSession&quot; should be set to false by default)&lt;/p&gt;

&lt;p&gt;But you probably wouldn&apos;t change it, that is why I suggested two-parameter contructor.&lt;/p&gt;</comment>
                    </comments>
                <issuelinks>
                            <issuelinktype id="10020">
                    <name>Cloners</name>
                                            <outwardlinks description="is a clone of">
                                        <issuelink>
            <issuekey id="13077192">WICKET-6392</issuekey>
        </issuelink>
                            </outwardlinks>
                                                        </issuelinktype>
                            <issuelinktype id="12310000">
                    <name>Duplicate</name>
                                            <outwardlinks description="duplicates">
                                        <issuelink>
            <issuekey id="13127398">WICKET-6514</issuekey>
        </issuelink>
                            </outwardlinks>
                                                        </issuelinktype>
                    </issuelinks>
                <attachments>
                    </attachments>
                <subtasks>
                    </subtasks>
                <customfields>
                                                <customfield id="customfield_12310310" key="com.atlassian.jira.toolkit:attachments">
                        <customfieldname>Attachment count</customfieldname>
                        <customfieldvalues>
                            <customfieldvalue>0.0</customfieldvalue>
                        </customfieldvalues>
                    </customfield>
                                                                                                                                                                                                                                                                                                                                                                                                                                                                                                                                                                                        <customfield id="customfield_12310220" key="com.atlassian.jira.ext.charting:firstresponsedate">
                        <customfieldname>Date of First Response</customfieldname>
                        <customfieldvalues>
                            <customfieldvalue>Fri, 15 Dec 2017 11:31:54 +0000</customfieldvalue>

                        </customfieldvalues>
                    </customfield>
                                                                                                                        <customfield id="customfield_12313422" key="com.atlassian.jirafisheyeplugin:jobcheckbox">
                        <customfieldname>Enable Automatic Patch Review</customfieldname>
                        <customfieldvalues>
                            <customfieldvalue><![CDATA[false]]></customfieldvalue>

                        </customfieldvalues>
                    </customfield>
                                                                                                                                                                                                                                                                                                                                                                                                                                                                        <customfield id="customfield_12310420" key="com.pyxis.greenhopper.jira:gh-global-rank">
                        <customfieldname>Global Rank</customfieldname>
                        <customfieldvalues>
                            <customfieldvalue>9223372036854775807</customfieldvalue>
                        </customfieldvalues>
                    </customfield>
                                                                                                                        <customfield id="customfield_12312521" key="com.atlassian.jira.toolkit:LastCommentDate">
                        <customfieldname>Last public comment date</customfieldname>
                        <customfieldvalues>
                            1 year, 15 weeks, 2 days ago
                        </customfieldvalues>
                    </customfield>
                                                                                                                                                    <customfield id="customfield_12311820" key="com.pyxis.greenhopper.jira:gh-lexo-rank">
                        <customfieldname>Rank</customfieldname>
                        <customfieldvalues>
                            <customfieldvalue>0|i3nwxj:</customfieldvalue>

                        </customfieldvalues>
                    </customfield>
                                                                <customfield id="customfield_12310920" key="com.pyxis.greenhopper.jira:gh-global-rank">
                        <customfieldname>Rank (Obsolete)</customfieldname>
                        <customfieldvalues>
                            <customfieldvalue>9223372036854775807</customfieldvalue>
                        </customfieldvalues>
                    </customfield>
                                                                                                                                                                                                                                                                                                                            <customfield id="customfield_12310222" key="com.atlassian.jira.ext.charting:timeinstatus">
                        <customfieldname>Time in Status</customfieldname>
                        <customfieldvalues>
                            
                        </customfieldvalues>
                    </customfield>
                                    </customfields>
    </item>


<item>
            <title>[WICKET-6506] Performance issue when large component isn&apos;t visible</title>
                <link>https://issues.apache.org/jira/browse/WICKET-6506</link>
                <project id="12310561" key="WICKET">Wicket</project>
                    <description>&lt;p&gt;Okay, so here&apos;s the situation, I have a component where an Ajax request displays a large table (1000ish rows).  It display fast, no problem, not a great use of resources (not paginating), but ignore that for now.  I then have another Ajax request where I tell the wicket component to not be visible and refresh an area.  No problem so far (although slightly slow, since it&apos;s not generating much html, should be faster).  Now EVERY Ajax request that updates the same area (with the component not in the html) takes a long time to respond (half second), even though it should be returning in ms, because the html is pretty minimal.&lt;/p&gt;

&lt;p&gt;I hooked it up to a profiler and found that it&apos;s spending a large amount of CPU time in &lt;em&gt;MarkupContainer$MarkupChildIterator.refreshInternalIteratorIfNeeded()&lt;/em&gt;. I&apos;m not sure why it would be traversing the component hierarchy of the table that&apos;s not even visible&#8230;but I don&apos;t know enough of the architecture of wicket to really say&#8230;which is why I&apos;ve come here. &lt;img class=&quot;emoticon&quot; src=&quot;https://issues.apache.org/jira/images/icons/emoticons/smile.png&quot; height=&quot;16&quot; width=&quot;16&quot; align=&quot;absmiddle&quot; alt=&quot;&quot; border=&quot;0&quot;/&gt;&lt;/p&gt;

&lt;p&gt;I&apos;ve gone back to 7.1.0 and can confirm that in that version this &quot;problem&quot; does not exist.  The Ajax request is as fast as if I&apos;ve never loaded the large table.&lt;/p&gt;

&lt;p&gt;So I&apos;ve attached a Quickstart showing the problem (currently configured for 8.0.0-M8, but can be complied down to 7.0.0).  When loading the page, first click the refresh link&#8230;this will essentially refresh all the contents in an Ajax request and give you a sense of how fast it &lt;em&gt;should&lt;/em&gt; be.  The table has not been visible yet, so there have been no ListView items created yet.  Then click &quot;show table&quot;, this will generate 2k dummy rows and redisplay the area.  It&apos;s obviously slower because it&apos;s generating 350k of html (but surprisingly fast &lt;img class=&quot;emoticon&quot; src=&quot;https://issues.apache.org/jira/images/icons/emoticons/tongue.png&quot; height=&quot;16&quot; width=&quot;16&quot; align=&quot;absmiddle&quot; alt=&quot;&quot; border=&quot;0&quot;/&gt;).  Then click hide table.  It takes about the same amount of time to hide the table as it does to show it, which is odd, because the html being regenerated is the same as if there were no table displayed.  Then go ahead and click &quot;refresh&quot; and you&apos;ll see that refreshing a basically empty component is slow because it&apos;s referencing all the components in the wicket hierarchy (MarkupChildIterator.refreshInternalIteratorIfNeeded) even though they&apos;re not visible.&lt;/p&gt;

&lt;p&gt;This affects all versions from 7.2.0 and onward.&lt;/p&gt;</description>
                <environment></environment>
        <key id="13124744">WICKET-6506</key>
            <summary>Performance issue when large component isn&apos;t visible</summary>
                <type id="1" iconUrl="https://issues.apache.org/jira/secure/viewavatar?size=xsmall&amp;avatarId=21133&amp;avatarType=issuetype">Bug</type>
                                            <priority id="3" iconUrl="https://issues.apache.org/jira/images/icons/priorities/major.svg">Major</priority>
                        <status id="5" iconUrl="https://issues.apache.org/jira/images/icons/statuses/resolved.png" description="A resolution has been taken, and it is awaiting verification by reporter. From here issues are either reopened, or are closed.">Resolved</status>
                    <statusCategory id="3" key="done" colorName="green"/>
                                    <resolution id="1">Fixed</resolution>
                                        <assignee username="papegaaij">Emond Papegaaij</assignee>
                                    <reporter username="varscsak">Lon Varscsak</reporter>
                        <labels>
                    </labels>
                <created>Wed, 13 Dec 2017 17:29:13 +0000</created>
                <updated>Tue, 6 Feb 2018 12:52:33 +0000</updated>
                            <resolved>Tue, 19 Dec 2017 13:20:46 +0000</resolved>
                                    <version>7.2.0</version>
                    <version>8.0.0-M8</version>
                                    <fixVersion>7.10.0</fixVersion>
                    <fixVersion>8.0.0-M9</fixVersion>
                                    <component>wicket</component>
                        <due></due>
                            <votes>0</votes>
                                    <watches>3</watches>
                                                                <comments>
                            <comment id="16291091" author="jira-bot" created="Thu, 14 Dec 2017 16:06:01 +0000"  >&lt;p&gt;Commit 0dc04e448ba31de15d8c32b1ee964bebed55bc36 in wicket&apos;s branch refs/heads/&lt;a href=&quot;https://issues.apache.org/jira/browse/WICKET-6506&quot; title=&quot;Performance issue when large component isn&amp;#39;t visible&quot; class=&quot;issue-link&quot; data-issue-key=&quot;WICKET-6506&quot;&gt;&lt;del&gt;WICKET-6506&lt;/del&gt;&lt;/a&gt; from &lt;a href=&quot;https://issues.apache.org/jira/secure/ViewProfile.jspa?name=emond&quot; class=&quot;user-hover&quot; rel=&quot;emond&quot;&gt;Emond Papegaaij&lt;/a&gt;&lt;br/&gt;
[ &lt;a href=&quot;https://git-wip-us.apache.org/repos/asf?p=wicket.git;h=0dc04e4&quot; class=&quot;external-link&quot; rel=&quot;nofollow&quot;&gt;https://git-wip-us.apache.org/repos/asf?p=wicket.git;h=0dc04e4&lt;/a&gt; ]&lt;/p&gt;

&lt;p&gt;&lt;a href=&quot;https://issues.apache.org/jira/browse/WICKET-6506&quot; title=&quot;Performance issue when large component isn&amp;#39;t visible&quot; class=&quot;issue-link&quot; data-issue-key=&quot;WICKET-6506&quot;&gt;&lt;del&gt;WICKET-6506&lt;/del&gt;&lt;/a&gt;: Fix performance regression&lt;/p&gt;

&lt;p&gt;Due to the way modcount == 0 was handled, the iterator was reinitialized&lt;br/&gt;
on every call to next. The fix is to no longer reset the modcount on&lt;br/&gt;
detach but increment it. This even fixed a corner case that was marked&lt;br/&gt;
in the tests.&lt;/p&gt;</comment>
                            <comment id="16291092" author="papegaaij" created="Thu, 14 Dec 2017 16:07:03 +0000"  >&lt;p&gt;As you can see, I&apos;ve probably found a solution for this problem. However, I want to discuss this with &lt;a href=&quot;https://issues.apache.org/jira/secure/ViewProfile.jspa?name=dashorst&quot; class=&quot;user-hover&quot; rel=&quot;dashorst&quot;&gt;Martijn Dashorst&lt;/a&gt; first.&lt;/p&gt;</comment>
                            <comment id="16291127" author="varscsak" created="Thu, 14 Dec 2017 16:26:35 +0000"  >&lt;p&gt;That&apos;s awesome, thanks Edmond.&lt;/p&gt;</comment>
                            <comment id="16296769" author="jira-bot" created="Tue, 19 Dec 2017 13:13:33 +0000"  >&lt;p&gt;Commit 0dc04e448ba31de15d8c32b1ee964bebed55bc36 in wicket&apos;s branch refs/heads/master from &lt;a href=&quot;https://issues.apache.org/jira/secure/ViewProfile.jspa?name=emond&quot; class=&quot;user-hover&quot; rel=&quot;emond&quot;&gt;Emond Papegaaij&lt;/a&gt;&lt;br/&gt;
[ &lt;a href=&quot;https://git-wip-us.apache.org/repos/asf?p=wicket.git;h=0dc04e4&quot; class=&quot;external-link&quot; rel=&quot;nofollow&quot;&gt;https://git-wip-us.apache.org/repos/asf?p=wicket.git;h=0dc04e4&lt;/a&gt; ]&lt;/p&gt;

&lt;p&gt;&lt;a href=&quot;https://issues.apache.org/jira/browse/WICKET-6506&quot; title=&quot;Performance issue when large component isn&amp;#39;t visible&quot; class=&quot;issue-link&quot; data-issue-key=&quot;WICKET-6506&quot;&gt;&lt;del&gt;WICKET-6506&lt;/del&gt;&lt;/a&gt;: Fix performance regression&lt;/p&gt;

&lt;p&gt;Due to the way modcount == 0 was handled, the iterator was reinitialized&lt;br/&gt;
on every call to next. The fix is to no longer reset the modcount on&lt;br/&gt;
detach but increment it. This even fixed a corner case that was marked&lt;br/&gt;
in the tests.&lt;/p&gt;</comment>
                            <comment id="16296770" author="jira-bot" created="Tue, 19 Dec 2017 13:14:04 +0000"  >&lt;p&gt;Commit a352fe2befbbf6ce60c1d9617df34f54fa7190ac in wicket&apos;s branch refs/heads/wicket-7.x from &lt;a href=&quot;https://issues.apache.org/jira/secure/ViewProfile.jspa?name=emond&quot; class=&quot;user-hover&quot; rel=&quot;emond&quot;&gt;Emond Papegaaij&lt;/a&gt;&lt;br/&gt;
[ &lt;a href=&quot;https://git-wip-us.apache.org/repos/asf?p=wicket.git;h=a352fe2&quot; class=&quot;external-link&quot; rel=&quot;nofollow&quot;&gt;https://git-wip-us.apache.org/repos/asf?p=wicket.git;h=a352fe2&lt;/a&gt; ]&lt;/p&gt;

&lt;p&gt;&lt;a href=&quot;https://issues.apache.org/jira/browse/WICKET-6506&quot; title=&quot;Performance issue when large component isn&amp;#39;t visible&quot; class=&quot;issue-link&quot; data-issue-key=&quot;WICKET-6506&quot;&gt;&lt;del&gt;WICKET-6506&lt;/del&gt;&lt;/a&gt;: Fix performance regression&lt;/p&gt;

&lt;p&gt;Due to the way modcount == 0 was handled, the iterator was reinitialized&lt;br/&gt;
on every call to next. The fix is to no longer reset the modcount on&lt;br/&gt;
detach but increment it. This even fixed a corner case that was marked&lt;br/&gt;
in the tests.&lt;/p&gt;</comment>
                            <comment id="16296775" author="papegaaij" created="Tue, 19 Dec 2017 13:20:46 +0000"  >&lt;p&gt;I&apos;ve pushed the fix for the performance regression. This speeds up rendering the table considerably (visible and invisible).&lt;/p&gt;

&lt;p&gt;The refresh is still much slower after rendering the table at least once. This is caused by how ListView works. A ListView creates its items on first render. Even when the ListView is not visible anymore, these items still need to be processed during rendering (for example detached) and this takes time. To get back to the fast state, you have to call ListView.removeAll() when its made invisible to remove all its children.&lt;/p&gt;</comment>
                    </comments>
                    <attachments>
                            <attachment id="12901917" name="slownesstest.tar.gz" size="23713" author="varscsak" created="Wed, 13 Dec 2017 17:24:17 +0000"/>
                    </attachments>
                <subtasks>
                    </subtasks>
                <customfields>
                                                <customfield id="customfield_12310310" key="com.atlassian.jira.toolkit:attachments">
                        <customfieldname>Attachment count</customfieldname>
                        <customfieldvalues>
                            <customfieldvalue>1.0</customfieldvalue>
                        </customfieldvalues>
                    </customfield>
                                                                                                                                                                                                                                                                                                                                                                                                                                                                                                                                                                                        <customfield id="customfield_12310220" key="com.atlassian.jira.ext.charting:firstresponsedate">
                        <customfieldname>Date of First Response</customfieldname>
                        <customfieldvalues>
                            <customfieldvalue>Thu, 14 Dec 2017 16:06:01 +0000</customfieldvalue>

                        </customfieldvalues>
                    </customfield>
                                                                                                                        <customfield id="customfield_12313422" key="com.atlassian.jirafisheyeplugin:jobcheckbox">
                        <customfieldname>Enable Automatic Patch Review</customfieldname>
                        <customfieldvalues>
                            <customfieldvalue><![CDATA[false]]></customfieldvalue>

                        </customfieldvalues>
                    </customfield>
                                                                                                                                                                                                                                                                                                                                                                                                                                                                        <customfield id="customfield_12310420" key="com.pyxis.greenhopper.jira:gh-global-rank">
                        <customfieldname>Global Rank</customfieldname>
                        <customfieldvalues>
                            <customfieldvalue>9223372036854775807</customfieldvalue>
                        </customfieldvalues>
                    </customfield>
                                                                                                                        <customfield id="customfield_12312521" key="com.atlassian.jira.toolkit:LastCommentDate">
                        <customfieldname>Last public comment date</customfieldname>
                        <customfieldvalues>
                            1 year, 15 weeks, 5 days ago
                        </customfieldvalues>
                    </customfield>
                                                                                                                                                    <customfield id="customfield_12311820" key="com.pyxis.greenhopper.jira:gh-lexo-rank">
                        <customfieldname>Rank</customfieldname>
                        <customfieldvalues>
                            <customfieldvalue>0|i3nvb3:</customfieldvalue>

                        </customfieldvalues>
                    </customfield>
                                                                <customfield id="customfield_12310920" key="com.pyxis.greenhopper.jira:gh-global-rank">
                        <customfieldname>Rank (Obsolete)</customfieldname>
                        <customfieldvalues>
                            <customfieldvalue>9223372036854775807</customfieldvalue>
                        </customfieldvalues>
                    </customfield>
                                                                                                                                                                                                                                                                                                                            <customfield id="customfield_12310222" key="com.atlassian.jira.ext.charting:timeinstatus">
                        <customfieldname>Time in Status</customfieldname>
                        <customfieldvalues>
                            
                        </customfieldvalues>
                    </customfield>
                                    </customfields>
    </item>


<item>
            <title>[WICKET-6505] AssertLabel in Wicket Tester doesn&apos;t work with &quot;&amp;&quot;</title>
                <link>https://issues.apache.org/jira/browse/WICKET-6505</link>
                <project id="12310561" key="WICKET">Wicket</project>
                    <description>&lt;p&gt;Adding following label works property:&lt;/p&gt;
&lt;div class=&quot;code panel&quot; style=&quot;border-width: 1px;&quot;&gt;&lt;div class=&quot;codeContent panelContent&quot;&gt;
&lt;pre class=&quot;code-java&quot;&gt;
add(&lt;span class=&quot;code-keyword&quot;&gt;new&lt;/span&gt; Label(&lt;span class=&quot;code-quote&quot;&gt;&quot;test&quot;&lt;/span&gt;, &lt;span class=&quot;code-quote&quot;&gt;&quot;&amp;amp;&amp;amp;&amp;amp;&amp;amp;&amp;amp;&quot;&lt;/span&gt;));
&lt;/pre&gt;
&lt;/div&gt;&lt;/div&gt;

&lt;p&gt;But in ensuing test case fails:&lt;/p&gt;
&lt;div class=&quot;code panel&quot; style=&quot;border-width: 1px;&quot;&gt;&lt;div class=&quot;codeContent panelContent&quot;&gt;
&lt;pre class=&quot;code-java&quot;&gt;
tester.assertLabel(&lt;span class=&quot;code-quote&quot;&gt;&quot;test&quot;&lt;/span&gt;, &lt;span class=&quot;code-quote&quot;&gt;&quot;&amp;amp;&amp;amp;&amp;amp;&amp;amp;&amp;amp;&quot;&lt;/span&gt;);
&lt;/pre&gt;
&lt;/div&gt;&lt;/div&gt;


&lt;p&gt;Giving incoming difference:&lt;/p&gt;

&lt;div class=&quot;preformatted panel&quot; style=&quot;border-width: 1px;&quot;&gt;&lt;div class=&quot;preformattedContent panelContent&quot;&gt;
&lt;pre&gt;Expected :&amp;amp;&amp;amp;&amp;amp;&amp;amp;&amp;amp;
Actual   :&amp;amp;amp;&amp;amp;amp;&amp;amp;amp;&amp;amp;amp;&amp;amp;amp;
&lt;/pre&gt;
&lt;/div&gt;&lt;/div&gt;

&lt;p&gt;Seems like problem with this html special character.&lt;br/&gt;
I attached Wicket Quick Start project  with this problem.&lt;/p&gt;</description>
                <environment></environment>
        <key id="13124731">WICKET-6505</key>
            <summary>AssertLabel in Wicket Tester doesn&apos;t work with &quot;&amp;&quot;</summary>
                <type id="1" iconUrl="https://issues.apache.org/jira/secure/viewavatar?size=xsmall&amp;avatarId=21133&amp;avatarType=issuetype">Bug</type>
                                            <priority id="3" iconUrl="https://issues.apache.org/jira/images/icons/priorities/major.svg">Major</priority>
                        <status id="5" iconUrl="https://issues.apache.org/jira/images/icons/statuses/resolved.png" description="A resolution has been taken, and it is awaiting verification by reporter. From here issues are either reopened, or are closed.">Resolved</status>
                    <statusCategory id="3" key="done" colorName="green"/>
                                    <resolution id="10004">Not A Bug</resolution>
                                        <assignee username="bitstorm">Andrea Del Bene</assignee>
                                    <reporter username="lludwa">&#321;ukasz Ludwa</reporter>
                        <labels>
                    </labels>
                <created>Wed, 13 Dec 2017 16:41:56 +0000</created>
                <updated>Mon, 18 Dec 2017 16:38:17 +0000</updated>
                            <resolved>Fri, 15 Dec 2017 14:27:03 +0000</resolved>
                                    <version>8.0.0-M8</version>
                                                        <due></due>
                            <votes>0</votes>
                                    <watches>3</watches>
                                                                <comments>
                            <comment id="16292599" author="bitstorm" created="Fri, 15 Dec 2017 14:27:03 +0000"  >&lt;p&gt;Hi,&lt;/p&gt;

&lt;p&gt;by default  HTML sensitive characters are escaped. You can disable it using Component#setEscapeModelStrings(false). See &lt;a href=&quot;https://ci.apache.org/projects/wicket/guide/8.x/single.html#_what_is_a_model&quot; class=&quot;external-link&quot; rel=&quot;nofollow&quot;&gt;https://ci.apache.org/projects/wicket/guide/8.x/single.html#_what_is_a_model&lt;/a&gt;&lt;/p&gt;</comment>
                            <comment id="16295146" author="lludwa" created="Mon, 18 Dec 2017 15:49:23 +0000"  >&lt;p&gt;But shouldn&apos;t assertLabel use the same settings as Label and escape passed String when Label&apos;s setEscapeModelStrings is set to true?&lt;/p&gt;</comment>
                            <comment id="16295227" author="bitstorm" created="Mon, 18 Dec 2017 16:38:17 +0000"  >&lt;p&gt;Sorry, I didn&apos;t get your question. By default special characters are escaped, that&apos;s why your &apos;&amp;amp;&apos; are turned to &apos;&amp;amp;&apos;. If you invoke setEscapeModelStrings(false) on your label your unit test passes. The code of your homepage should be like this:&lt;/p&gt;


&lt;div class=&quot;code panel&quot; style=&quot;border-width: 1px;&quot;&gt;&lt;div class=&quot;codeContent panelContent&quot;&gt;
&lt;pre class=&quot;code-java&quot;&gt;
&lt;span class=&quot;code-keyword&quot;&gt;public&lt;/span&gt; HomePage(&lt;span class=&quot;code-keyword&quot;&gt;final&lt;/span&gt; PageParameters parameters) {
	&lt;span class=&quot;code-keyword&quot;&gt;super&lt;/span&gt;(parameters);
	Label label = &lt;span class=&quot;code-keyword&quot;&gt;new&lt;/span&gt; Label(&lt;span class=&quot;code-quote&quot;&gt;&quot;test&quot;&lt;/span&gt;, &lt;span class=&quot;code-quote&quot;&gt;&quot;&amp;amp;&amp;amp;&amp;amp;&amp;amp;&amp;amp;&quot;&lt;/span&gt;);
	label.setEscapeModelStrings(&lt;span class=&quot;code-keyword&quot;&gt;false&lt;/span&gt;);
	add(label);
}
&lt;/pre&gt;
&lt;/div&gt;&lt;/div&gt;</comment>
                    </comments>
                    <attachments>
                            <attachment id="12901913" name="myproject.zip" size="59827" author="lludwa" created="Wed, 13 Dec 2017 16:41:50 +0000"/>
                    </attachments>
                <subtasks>
                    </subtasks>
                <customfields>
                                                <customfield id="customfield_12310310" key="com.atlassian.jira.toolkit:attachments">
                        <customfieldname>Attachment count</customfieldname>
                        <customfieldvalues>
                            <customfieldvalue>1.0</customfieldvalue>
                        </customfieldvalues>
                    </customfield>
                                                                                                                                                                                                                                                                                                                                                                                                                                                                                                                                                                                        <customfield id="customfield_12310220" key="com.atlassian.jira.ext.charting:firstresponsedate">
                        <customfieldname>Date of First Response</customfieldname>
                        <customfieldvalues>
                            <customfieldvalue>Fri, 15 Dec 2017 14:27:03 +0000</customfieldvalue>

                        </customfieldvalues>
                    </customfield>
                                                                                                                        <customfield id="customfield_12313422" key="com.atlassian.jirafisheyeplugin:jobcheckbox">
                        <customfieldname>Enable Automatic Patch Review</customfieldname>
                        <customfieldvalues>
                            <customfieldvalue><![CDATA[false]]></customfieldvalue>

                        </customfieldvalues>
                    </customfield>
                                                                                                                                                                                                                                                                                                                                                                                                                                                                        <customfield id="customfield_12310420" key="com.pyxis.greenhopper.jira:gh-global-rank">
                        <customfieldname>Global Rank</customfieldname>
                        <customfieldvalues>
                            <customfieldvalue>9223372036854775807</customfieldvalue>
                        </customfieldvalues>
                    </customfield>
                                                                                                                        <customfield id="customfield_12312521" key="com.atlassian.jira.toolkit:LastCommentDate">
                        <customfieldname>Last public comment date</customfieldname>
                        <customfieldvalues>
                            1 year, 15 weeks, 6 days ago
                        </customfieldvalues>
                    </customfield>
                                                                                                                                                    <customfield id="customfield_12311820" key="com.pyxis.greenhopper.jira:gh-lexo-rank">
                        <customfieldname>Rank</customfieldname>
                        <customfieldvalues>
                            <customfieldvalue>0|i3nv87:</customfieldvalue>

                        </customfieldvalues>
                    </customfield>
                                                                <customfield id="customfield_12310920" key="com.pyxis.greenhopper.jira:gh-global-rank">
                        <customfieldname>Rank (Obsolete)</customfieldname>
                        <customfieldvalues>
                            <customfieldvalue>9223372036854775807</customfieldvalue>
                        </customfieldvalues>
                    </customfield>
                                                                                                                                                                                                                                                                                                                            <customfield id="customfield_12310222" key="com.atlassian.jira.ext.charting:timeinstatus">
                        <customfieldname>Time in Status</customfieldname>
                        <customfieldvalues>
                            
                        </customfieldvalues>
                    </customfield>
                                    </customfields>
    </item>
</channel>
</rss>