<!--
RSS generated by JIRA (7.6.3#76005-sha1:8a4e38d34af948780dbf52044e7aafb13a7cae58) at Mon Apr 08 11:27:01 UTC 2019

It is possible to restrict the fields that are returned in this document by specifying the 'field' parameter in your request.
For example, to request only the issue key and summary append 'field=key&field=summary' to the URL of your request.
-->
<!-- If you wish to do custom client-side styling of RSS, uncomment this:
<?xml-stylesheet href="https://issues.apache.org/jira/styles/jiraxml2html.xsl" type="text/xsl"?>
-->
<rss version="0.92">
    <channel>
        <title>ASF JIRA</title>
        <link>https://issues.apache.org/jira/issues/?jql=project+%3D+WICKET+AND+issuetype+%3D+Bug+AND+created+%3E%3D+2018-05-01+AND+created+%3C%3D+2018-06-01</link>
        <description>An XML representation of a search request</description>
                <language>en-uk</language>
                        <issue start="0" end="2" total="2"/>
                <build-info>
            <version>7.6.3</version>
            <build-number>76005</build-number>
            <build-date>09-01-2018</build-date>
        </build-info>

<item>
            <title>[WICKET-6553] SelectOptions doesn&apos;t html-encode option values</title>
                <link>https://issues.apache.org/jira/browse/WICKET-6553</link>
                <project id="12310561" key="WICKET">Wicket</project>
                    <description>&lt;p&gt;This will show a javascript alert dialog (jetty:run the attached example app):&lt;/p&gt;
&lt;div class=&quot;code panel&quot; style=&quot;border-width: 1px;&quot;&gt;&lt;div class=&quot;codeContent panelContent&quot;&gt;
&lt;pre class=&quot;code-java&quot;&gt;
add(&lt;span class=&quot;code-keyword&quot;&gt;new&lt;/span&gt; Select&amp;lt;&lt;span class=&quot;code-object&quot;&gt;String&lt;/span&gt;&amp;gt;(&lt;span class=&quot;code-quote&quot;&gt;&quot;select&quot;&lt;/span&gt;)
&#160; &#160; &#160; &#160; .add(&lt;span class=&quot;code-keyword&quot;&gt;new&lt;/span&gt; SelectOptions&amp;lt;&lt;span class=&quot;code-object&quot;&gt;String&lt;/span&gt;&amp;gt;(&lt;span class=&quot;code-quote&quot;&gt;&quot;selectOptions&quot;&lt;/span&gt;, Arrays.asList(&lt;span class=&quot;code-quote&quot;&gt;&quot;&amp;lt;script&amp;gt;alert(&lt;span class=&quot;code-quote&quot;&gt;&apos;hello&apos;&lt;/span&gt;);&amp;lt;/script&amp;gt;&quot;&lt;/span&gt;), &lt;span class=&quot;code-keyword&quot;&gt;new&lt;/span&gt; IOptionRenderer&amp;lt;&lt;span class=&quot;code-object&quot;&gt;String&lt;/span&gt;&amp;gt;() {
&#160; &#160; &#160; &#160; &#160; &#160; &#160; &#160; @Override
&#160; &#160; &#160; &#160; &#160; &#160; &#160; &#160; &lt;span class=&quot;code-keyword&quot;&gt;public&lt;/span&gt; &lt;span class=&quot;code-object&quot;&gt;String&lt;/span&gt; getDisplayValue(&lt;span class=&quot;code-object&quot;&gt;String&lt;/span&gt; arg0) {
&#160; &#160; &#160; &#160; &#160; &#160; &#160; &#160; &#160; &#160; &lt;span class=&quot;code-keyword&quot;&gt;return&lt;/span&gt; arg0;
&#160; &#160; &#160; &#160; &#160; &#160; &#160; &#160; }
&#160; &#160; &#160; &#160; &#160; &#160; &#160; &#160; @Override
&#160; &#160; &#160; &#160; &#160; &#160; &#160; &#160; &lt;span class=&quot;code-keyword&quot;&gt;public&lt;/span&gt; IModel&amp;lt;&lt;span class=&quot;code-object&quot;&gt;String&lt;/span&gt;&amp;gt; getModel(&lt;span class=&quot;code-object&quot;&gt;String&lt;/span&gt; arg0) {
&#160; &#160; &#160; &#160; &#160; &#160; &#160; &#160; &#160; &#160; &lt;span class=&quot;code-keyword&quot;&gt;return&lt;/span&gt; Model.of(arg0);
&#160; &#160; &#160; &#160; &#160; &#160; &#160; &#160; }
&#160; &#160; &#160; &#160; &#160; &#160; })));&lt;/pre&gt;
&lt;/div&gt;&lt;/div&gt;
&lt;p&gt;&#160;&lt;/p&gt;

&lt;p&gt;If I understand correctly, IOptionRenderer is for the user to provide the human-readable representation of the object (in this example just a String), and shouldn&apos;t be responsible for any kind of html encoding.&lt;/p&gt;

&lt;p&gt;Should&#160;org.apache.wicket.extensions.markup.html.form.select.SelectOptions.SimpleSelectOption&#160;do the encoding?&lt;/p&gt;

&lt;p&gt;&#160;&lt;/p&gt;</description>
                <environment></environment>
        <key id="13161995">WICKET-6553</key>
            <summary>SelectOptions doesn&apos;t html-encode option values</summary>
                <type id="1" iconUrl="https://issues.apache.org/jira/secure/viewavatar?size=xsmall&amp;avatarId=21133&amp;avatarType=issuetype">Bug</type>
                                            <priority id="3" iconUrl="https://issues.apache.org/jira/images/icons/priorities/major.svg">Major</priority>
                        <status id="6" iconUrl="https://issues.apache.org/jira/images/icons/statuses/closed.png" description="The issue is considered finished, the resolution is correct. Issues which are not closed can be reopened.">Closed</status>
                    <statusCategory id="3" key="done" colorName="green"/>
                                    <resolution id="1">Fixed</resolution>
                                        <assignee username="svenmeier">Sven Meier</assignee>
                                    <reporter username="jyrimatti">Jyri-Matti L&#228;hteenm&#228;ki</reporter>
                        <labels>
                    </labels>
                <created>Fri, 25 May 2018 07:26:06 +0000</created>
                <updated>Sat, 26 May 2018 18:55:01 +0000</updated>
                            <resolved>Sat, 26 May 2018 18:55:01 +0000</resolved>
                                                    <fixVersion>7.11.0</fixVersion>
                    <fixVersion>8.1.0</fixVersion>
                    <fixVersion>6.30.0</fixVersion>
                                    <component>wicket-extensions</component>
                        <due></due>
                            <votes>0</votes>
                                    <watches>2</watches>
                                                                <comments>
                            <comment id="16491540" author="jira-bot" created="Sat, 26 May 2018 06:45:06 +0000"  >&lt;p&gt;Commit a7af2ad59b52831ba07c4f2a80869af19b569ca4 in wicket&apos;s branch refs/heads/master from &lt;a href=&quot;https://issues.apache.org/jira/secure/ViewProfile.jspa?name=svenmeier&quot; class=&quot;user-hover&quot; rel=&quot;svenmeier&quot;&gt;Sven Meier&lt;/a&gt;&lt;br/&gt;
[ &lt;a href=&quot;https://git-wip-us.apache.org/repos/asf?p=wicket.git;h=a7af2ad&quot; class=&quot;external-link&quot; rel=&quot;nofollow&quot;&gt;https://git-wip-us.apache.org/repos/asf?p=wicket.git;h=a7af2ad&lt;/a&gt; ]&lt;/p&gt;

&lt;p&gt;&lt;a href=&quot;https://issues.apache.org/jira/browse/WICKET-6553&quot; title=&quot;SelectOptions doesn&amp;#39;t html-encode option values&quot; class=&quot;issue-link&quot; data-issue-key=&quot;WICKET-6553&quot;&gt;&lt;del&gt;WICKET-6553&lt;/del&gt;&lt;/a&gt; SelectionOptions escape markup&lt;/p&gt;</comment>
                            <comment id="16491541" author="jira-bot" created="Sat, 26 May 2018 06:45:08 +0000"  >&lt;p&gt;Commit c2bf22c1f98029dcdb5287466061dc9e74c65f89 in wicket&apos;s branch refs/heads/wicket-6.x from &lt;a href=&quot;https://issues.apache.org/jira/secure/ViewProfile.jspa?name=svenmeier&quot; class=&quot;user-hover&quot; rel=&quot;svenmeier&quot;&gt;Sven Meier&lt;/a&gt;&lt;br/&gt;
[ &lt;a href=&quot;https://git-wip-us.apache.org/repos/asf?p=wicket.git;h=c2bf22c&quot; class=&quot;external-link&quot; rel=&quot;nofollow&quot;&gt;https://git-wip-us.apache.org/repos/asf?p=wicket.git;h=c2bf22c&lt;/a&gt; ]&lt;/p&gt;

&lt;p&gt;&lt;a href=&quot;https://issues.apache.org/jira/browse/WICKET-6553&quot; title=&quot;SelectOptions doesn&amp;#39;t html-encode option values&quot; class=&quot;issue-link&quot; data-issue-key=&quot;WICKET-6553&quot;&gt;&lt;del&gt;WICKET-6553&lt;/del&gt;&lt;/a&gt; SelectionOptions escape markup&lt;/p&gt;</comment>
                            <comment id="16491542" author="jira-bot" created="Sat, 26 May 2018 06:45:09 +0000"  >&lt;p&gt;Commit 843cfdaf8f93e26f121afa777dadf168c5e3030c in wicket&apos;s branch refs/heads/wicket-7.x from &lt;a href=&quot;https://issues.apache.org/jira/secure/ViewProfile.jspa?name=svenmeier&quot; class=&quot;user-hover&quot; rel=&quot;svenmeier&quot;&gt;Sven Meier&lt;/a&gt;&lt;br/&gt;
[ &lt;a href=&quot;https://git-wip-us.apache.org/repos/asf?p=wicket.git;h=843cfda&quot; class=&quot;external-link&quot; rel=&quot;nofollow&quot;&gt;https://git-wip-us.apache.org/repos/asf?p=wicket.git;h=843cfda&lt;/a&gt; ]&lt;/p&gt;

&lt;p&gt;&lt;a href=&quot;https://issues.apache.org/jira/browse/WICKET-6553&quot; title=&quot;SelectOptions doesn&amp;#39;t html-encode option values&quot; class=&quot;issue-link&quot; data-issue-key=&quot;WICKET-6553&quot;&gt;&lt;del&gt;WICKET-6553&lt;/del&gt;&lt;/a&gt; SelectionOptions escape markup&lt;/p&gt;</comment>
                            <comment id="16491543" author="jira-bot" created="Sat, 26 May 2018 06:45:10 +0000"  >&lt;p&gt;Commit 4ad94835e74be3eccb52d37201f2a5631e002ca2 in wicket&apos;s branch refs/heads/wicket-8.x from &lt;a href=&quot;https://issues.apache.org/jira/secure/ViewProfile.jspa?name=svenmeier&quot; class=&quot;user-hover&quot; rel=&quot;svenmeier&quot;&gt;Sven Meier&lt;/a&gt;&lt;br/&gt;
[ &lt;a href=&quot;https://git-wip-us.apache.org/repos/asf?p=wicket.git;h=4ad9483&quot; class=&quot;external-link&quot; rel=&quot;nofollow&quot;&gt;https://git-wip-us.apache.org/repos/asf?p=wicket.git;h=4ad9483&lt;/a&gt; ]&lt;/p&gt;

&lt;p&gt;&lt;a href=&quot;https://issues.apache.org/jira/browse/WICKET-6553&quot; title=&quot;SelectOptions doesn&amp;#39;t html-encode option values&quot; class=&quot;issue-link&quot; data-issue-key=&quot;WICKET-6553&quot;&gt;&lt;del&gt;WICKET-6553&lt;/del&gt;&lt;/a&gt; SelectionOptions escape markup&lt;/p&gt;</comment>
                            <comment id="16491785" author="svenmeier" created="Sat, 26 May 2018 18:55:01 +0000"  >&lt;p&gt;I assume that most people will use SelectOptions to&#160; render non-user-input.&lt;/p&gt;

&lt;p&gt;But I agree that it should be the other way around: Escape markup by default and allow people to configure the opposite if they need it. For this SelectOptions will adher to #getEscapeModelStrings() in the future.&lt;/p&gt;

&lt;p&gt;&#160;&lt;/p&gt;</comment>
                    </comments>
                    <attachments>
                            <attachment id="12925107" name="myproject.zip" size="26826" author="jyrimatti" created="Fri, 25 May 2018 07:21:54 +0000"/>
                    </attachments>
                <subtasks>
                    </subtasks>
                <customfields>
                                                <customfield id="customfield_12310310" key="com.atlassian.jira.toolkit:attachments">
                        <customfieldname>Attachment count</customfieldname>
                        <customfieldvalues>
                            <customfieldvalue>1.0</customfieldvalue>
                        </customfieldvalues>
                    </customfield>
                                                                                                                                                                                                                                                                                                                                                                                                                                                                                                                                                                                        <customfield id="customfield_12310220" key="com.atlassian.jira.ext.charting:firstresponsedate">
                        <customfieldname>Date of First Response</customfieldname>
                        <customfieldvalues>
                            <customfieldvalue>Sat, 26 May 2018 06:45:06 +0000</customfieldvalue>

                        </customfieldvalues>
                    </customfield>
                                                                                                                        <customfield id="customfield_12313422" key="com.atlassian.jirafisheyeplugin:jobcheckbox">
                        <customfieldname>Enable Automatic Patch Review</customfieldname>
                        <customfieldvalues>
                            <customfieldvalue><![CDATA[false]]></customfieldvalue>

                        </customfieldvalues>
                    </customfield>
                                                                                                                                                                                                                                                                                                                                                                                                                                                                        <customfield id="customfield_12310420" key="com.pyxis.greenhopper.jira:gh-global-rank">
                        <customfieldname>Global Rank</customfieldname>
                        <customfieldvalues>
                            <customfieldvalue>9223372036854775807</customfieldvalue>
                        </customfieldvalues>
                    </customfield>
                                                                                                                        <customfield id="customfield_12312521" key="com.atlassian.jira.toolkit:LastCommentDate">
                        <customfieldname>Last public comment date</customfieldname>
                        <customfieldvalues>
                            45 weeks, 1 day ago
                        </customfieldvalues>
                    </customfield>
                                                                                                                                                    <customfield id="customfield_12311820" key="com.pyxis.greenhopper.jira:gh-lexo-rank">
                        <customfieldname>Rank</customfieldname>
                        <customfieldvalues>
                            <customfieldvalue>0|i3u5q7:</customfieldvalue>

                        </customfieldvalues>
                    </customfield>
                                                                <customfield id="customfield_12310920" key="com.pyxis.greenhopper.jira:gh-global-rank">
                        <customfieldname>Rank (Obsolete)</customfieldname>
                        <customfieldvalues>
                            <customfieldvalue>9223372036854775807</customfieldvalue>
                        </customfieldvalues>
                    </customfield>
                                                                                                                                                                                                                                                                                                                            <customfield id="customfield_12310222" key="com.atlassian.jira.ext.charting:timeinstatus">
                        <customfieldname>Time in Status</customfieldname>
                        <customfieldvalues>
                            
                        </customfieldvalues>
                    </customfield>
                                    </customfields>
    </item>


<item>
            <title>[WICKET-6552] Spring proxy creation fails with IAE inside ASM ClassReader on JDK10</title>
                <link>https://issues.apache.org/jira/browse/WICKET-6552</link>
                <project id="12310561" key="WICKET">Wicket</project>
                    <description>&lt;p&gt;Seeing that Wicket 8 just got released I was eager to try out the goodies but got stopped quickly by an IAE on some (but not all) web pages inside cglib/asm (see below for the stacktrace).&lt;/p&gt;

&lt;p&gt;Inside WEB-INF/lib we&apos;ve got:&lt;/p&gt;

&lt;p&gt;asm-5.2.jar&lt;br/&gt;
 asm-tree-5.2.jar&lt;br/&gt;
 asm-util-5.2.jar&lt;br/&gt;
 cglib-3.2.5.jar&lt;/p&gt;

&lt;p&gt;which is what I would expect looking at the pom.xml for wicket-ioc 8.0.0 so IMHO the classpath is correct. Everything works fine with wicket-ioc 7.10 and JDK 10.0.1 which was using:&lt;/p&gt;

&lt;p&gt;asm-5.0.3.jar&lt;br/&gt;
 asm-tree-5.0.3.jar&lt;br/&gt;
 asm-util-5.0.3.jar&lt;br/&gt;
 cglib-3.1.jar&lt;/p&gt;

&lt;p&gt;Overriding the dependencies like this:&lt;/p&gt;

&lt;p&gt;&#160;&#160;&#160; &amp;lt;dependency&amp;gt;&lt;br/&gt;
&#160;&#160;&#160;&#160;&#160; &amp;lt;groupId&amp;gt;cglib&amp;lt;/groupId&amp;gt;&lt;br/&gt;
&#160;&#160;&#160;&#160;&#160; &amp;lt;artifactId&amp;gt;cglib&amp;lt;/artifactId&amp;gt;&lt;br/&gt;
&#160;&#160;&#160;&#160;&#160; &amp;lt;version&amp;gt;3.2.6&amp;lt;/version&amp;gt;&lt;br/&gt;
&#160;&#160;&#160; &amp;lt;/dependency&amp;gt;&lt;/p&gt;

&lt;p&gt;&#160;&#160;&#160; &amp;lt;dependency&amp;gt;&lt;br/&gt;
&#160;&#160;&#160;&#160;&#160; &amp;lt;groupId&amp;gt;org.ow2.asm&amp;lt;/groupId&amp;gt;&lt;br/&gt;
&#160;&#160;&#160;&#160;&#160; &amp;lt;artifactId&amp;gt;asm-util&amp;lt;/artifactId&amp;gt;&lt;br/&gt;
&#160;&#160;&#160;&#160;&#160; &amp;lt;version&amp;gt;6.1.1&amp;lt;/version&amp;gt;&lt;br/&gt;
&#160;&#160;&#160; &amp;lt;/dependency&amp;gt;&lt;/p&gt;

&lt;p&gt;&#160;&lt;/p&gt;

&lt;p&gt;makes the exception go away.&lt;br/&gt;
 I had a brief look at the ClassReader constructor and it seems the IAE gets thrown because of a classfile version not supported by ASM&lt;/p&gt;

&lt;p&gt;&#160;&lt;/p&gt;

&lt;p&gt;java.lang.IllegalArgumentException&lt;br/&gt;
 at org.objectweb.asm.ClassReader.&amp;lt;init&amp;gt;(Unknown Source)&lt;br/&gt;
 at org.objectweb.asm.ClassReader.&amp;lt;init&amp;gt;(Unknown Source)&lt;br/&gt;
 at org.objectweb.asm.ClassReader.&amp;lt;init&amp;gt;(Unknown Source)&lt;br/&gt;
 at net.sf.cglib.proxy.BridgeMethodResolver.resolveAll(BridgeMethodResolver.java:63)&lt;br/&gt;
 at net.sf.cglib.proxy.Enhancer.emitMethods(Enhancer.java:1132)&lt;br/&gt;
 at net.sf.cglib.proxy.Enhancer.generateClass(Enhancer.java:630)&lt;br/&gt;
 at net.sf.cglib.core.DefaultGeneratorStrategy.generate(DefaultGeneratorStrategy.java:25)&lt;br/&gt;
 at net.sf.cglib.core.AbstractClassGenerator.generate(AbstractClassGenerator.java:329)&lt;br/&gt;
 at net.sf.cglib.proxy.Enhancer.generate(Enhancer.java:492)&lt;br/&gt;
 at net.sf.cglib.core.AbstractClassGenerator$ClassLoaderData$3.apply(AbstractClassGenerator.java:93)&lt;br/&gt;
 at net.sf.cglib.core.AbstractClassGenerator$ClassLoaderData$3.apply(AbstractClassGenerator.java:91)&lt;br/&gt;
 at net.sf.cglib.core.internal.LoadingCache$2.call(LoadingCache.java:54)&lt;br/&gt;
 at java.base/java.util.concurrent.FutureTask.run(FutureTask.java:264)&lt;br/&gt;
 at net.sf.cglib.core.internal.LoadingCache.createEntry(LoadingCache.java:61)&lt;br/&gt;
 at net.sf.cglib.core.internal.LoadingCache.get(LoadingCache.java:34)&lt;br/&gt;
 at net.sf.cglib.core.AbstractClassGenerator$ClassLoaderData.get(AbstractClassGenerator.java:116)&lt;br/&gt;
 at net.sf.cglib.core.AbstractClassGenerator.create(AbstractClassGenerator.java:291)&lt;br/&gt;
 at net.sf.cglib.proxy.Enhancer.createHelper(Enhancer.java:480)&lt;br/&gt;
 at net.sf.cglib.proxy.Enhancer.create(Enhancer.java:305)&lt;br/&gt;
 at org.apache.wicket.proxy.LazyInitProxyFactory.createProxy(LazyInitProxyFactory.java:192)&lt;br/&gt;
 at org.apache.wicket.spring.injection.annot.AnnotProxyFieldValueFactory.getFieldValue(AnnotProxyFieldValueFactory.java:166)&lt;br/&gt;
 at org.apache.wicket.injection.Injector.inject(Injector.java:111)&lt;br/&gt;
 at org.apache.wicket.spring.injection.annot.SpringComponentInjector.inject(SpringComponentInjector.java:124)&lt;br/&gt;
 at org.apache.wicket.spring.injection.annot.SpringComponentInjector.onInstantiation(SpringComponentInjector.java:130)&lt;br/&gt;
 at org.apache.wicket.application.ComponentInstantiationListenerCollection$1.notify(ComponentInstantiationListenerCollection.java:38)&lt;br/&gt;
 at org.apache.wicket.application.ComponentInstantiationListenerCollection$1.notify(ComponentInstantiationListenerCollection.java:34)&lt;br/&gt;
 at org.apache.wicket.util.listener.ListenerCollection.notify(ListenerCollection.java:80)&lt;br/&gt;
 at org.apache.wicket.application.ComponentInstantiationListenerCollection.onInstantiation(ComponentInstantiationListenerCollection.java:33)&lt;br/&gt;
 at org.apache.wicket.Component.&amp;lt;init&amp;gt;(Component.java:679)&lt;br/&gt;
 at org.apache.wicket.MarkupContainer.&amp;lt;init&amp;gt;(MarkupContainer.java:178)&lt;br/&gt;
 at org.apache.wicket.Page.&amp;lt;init&amp;gt;(Page.java:171)&lt;br/&gt;
 at org.apache.wicket.Page.&amp;lt;init&amp;gt;(Page.java:160)&lt;br/&gt;
 at org.apache.wicket.markup.html.WebPage.&amp;lt;init&amp;gt;(WebPage.java:99)&lt;/p&gt;</description>
                <environment>Ubuntu 18.04 LTS , 64-bit&lt;br/&gt;
Oracle JDK 10.0.1</environment>
        <key id="13161385">WICKET-6552</key>
            <summary>Spring proxy creation fails with IAE inside ASM ClassReader on JDK10</summary>
                <type id="1" iconUrl="https://issues.apache.org/jira/secure/viewavatar?size=xsmall&amp;avatarId=21133&amp;avatarType=issuetype">Bug</type>
                                            <priority id="3" iconUrl="https://issues.apache.org/jira/images/icons/priorities/major.svg">Major</priority>
                        <status id="5" iconUrl="https://issues.apache.org/jira/images/icons/statuses/resolved.png" description="A resolution has been taken, and it is awaiting verification by reporter. From here issues are either reopened, or are closed.">Resolved</status>
                    <statusCategory id="3" key="done" colorName="green"/>
                                    <resolution id="1">Fixed</resolution>
                                        <assignee username="mgrigorov">Martin Grigorov</assignee>
                                    <reporter username="tgierke2342">Tobias Gierke</reporter>
                        <labels>
                    </labels>
                <created>Wed, 23 May 2018 11:28:42 +0000</created>
                <updated>Mon, 28 May 2018 08:56:57 +0000</updated>
                            <resolved>Sat, 26 May 2018 12:01:59 +0000</resolved>
                                    <version>8.0.0</version>
                                    <fixVersion>8.1.0</fixVersion>
                                    <component>wicket-spring</component>
                        <due></due>
                            <votes>0</votes>
                                    <watches>2</watches>
                                                                <comments>
                            <comment id="16487312" author="tgierke2342" created="Wed, 23 May 2018 14:09:07 +0000"  >&lt;p&gt;I did some further experiments but I&apos;m unable to get a proper stack trace (with line numbers for ClassReader) with neither IntelliJ nor Eclipse (I even re-downloaded the ASM sources.jar from Maven central manually..for some reason the class files do not seem to match the sources as also breakpoints wouldn&apos;t work there in both Eclipse and IntelliJ).&lt;/p&gt;</comment>
                            <comment id="16491622" author="jira-bot" created="Sat, 26 May 2018 11:44:25 +0000"  >&lt;p&gt;Commit dade0103a2b563c6a4b3374f5581d33995ce4f1f in wicket&apos;s branch refs/heads/master from &lt;a href=&quot;https://issues.apache.org/jira/secure/ViewProfile.jspa?name=mgrigorov&quot; class=&quot;user-hover&quot; rel=&quot;mgrigorov&quot;&gt;Martin Grigorov&lt;/a&gt;&lt;br/&gt;
[ &lt;a href=&quot;https://git-wip-us.apache.org/repos/asf?p=wicket.git;h=dade010&quot; class=&quot;external-link&quot; rel=&quot;nofollow&quot;&gt;https://git-wip-us.apache.org/repos/asf?p=wicket.git;h=dade010&lt;/a&gt; ]&lt;/p&gt;

&lt;p&gt;&lt;a href=&quot;https://issues.apache.org/jira/browse/WICKET-6552&quot; title=&quot;Spring proxy creation fails with IAE inside ASM ClassReader on JDK10&quot; class=&quot;issue-link&quot; data-issue-key=&quot;WICKET-6552&quot;&gt;&lt;del&gt;WICKET-6552&lt;/del&gt;&lt;/a&gt; Spring proxy creation fails with IAE inside ASM ClassReader on JDK10&lt;/p&gt;

&lt;p&gt;Update CGLIB to 3.2.6 and ASM to 6.2&lt;/p&gt;</comment>
                            <comment id="16491623" author="jira-bot" created="Sat, 26 May 2018 11:57:42 +0000"  >&lt;p&gt;Commit 5f4c81a4d9695fcea928a0058b07aab6a295ca4e in wicket&apos;s branch refs/heads/wicket-8.x from &lt;a href=&quot;https://issues.apache.org/jira/secure/ViewProfile.jspa?name=mgrigorov&quot; class=&quot;user-hover&quot; rel=&quot;mgrigorov&quot;&gt;Martin Grigorov&lt;/a&gt;&lt;br/&gt;
[ &lt;a href=&quot;https://git-wip-us.apache.org/repos/asf?p=wicket.git;h=5f4c81a&quot; class=&quot;external-link&quot; rel=&quot;nofollow&quot;&gt;https://git-wip-us.apache.org/repos/asf?p=wicket.git;h=5f4c81a&lt;/a&gt; ]&lt;/p&gt;

&lt;p&gt;&lt;a href=&quot;https://issues.apache.org/jira/browse/WICKET-6552&quot; title=&quot;Spring proxy creation fails with IAE inside ASM ClassReader on JDK10&quot; class=&quot;issue-link&quot; data-issue-key=&quot;WICKET-6552&quot;&gt;&lt;del&gt;WICKET-6552&lt;/del&gt;&lt;/a&gt; Spring proxy creation fails with IAE inside ASM ClassReader on JDK10&lt;/p&gt;

&lt;p&gt;Update CGLIB to 3.2.6 and ASM to 6.2&lt;/p&gt;

&lt;p&gt;(cherry picked from commit dade0103a2b563c6a4b3374f5581d33995ce4f1f)&lt;/p&gt;</comment>
                            <comment id="16491624" author="jira-bot" created="Sat, 26 May 2018 11:57:43 +0000"  >&lt;p&gt;Commit 899fe94664b135a3a94fb362dfff5e882d18c92a in wicket&apos;s branch refs/heads/wicket-8.x from &lt;a href=&quot;https://issues.apache.org/jira/secure/ViewProfile.jspa?name=mgrigorov&quot; class=&quot;user-hover&quot; rel=&quot;mgrigorov&quot;&gt;Martin Grigorov&lt;/a&gt;&lt;br/&gt;
[ &lt;a href=&quot;https://git-wip-us.apache.org/repos/asf?p=wicket.git;h=899fe94&quot; class=&quot;external-link&quot; rel=&quot;nofollow&quot;&gt;https://git-wip-us.apache.org/repos/asf?p=wicket.git;h=899fe94&lt;/a&gt; ]&lt;/p&gt;

&lt;p&gt;&lt;a href=&quot;https://issues.apache.org/jira/browse/WICKET-6552&quot; title=&quot;Spring proxy creation fails with IAE inside ASM ClassReader on JDK10&quot; class=&quot;issue-link&quot; data-issue-key=&quot;WICKET-6552&quot;&gt;&lt;del&gt;WICKET-6552&lt;/del&gt;&lt;/a&gt; Spring proxy creation fails with IAE inside ASM ClassReader on JDK10&lt;/p&gt;

&lt;p&gt;Upgrade Jetty to 9.4.10. It depends on ASM 6.1.&lt;br/&gt;
9.4.7 was depending on ASM 5.2&lt;/p&gt;</comment>
                            <comment id="16491627" author="mgrigorov" created="Sat, 26 May 2018 12:01:59 +0000"  >&lt;p&gt;I&apos;ve updated ASM to 6.2 and CGLIB to 3.2.6.&lt;br/&gt;
Please try with 8.1.0-SNAPSHOT!&lt;/p&gt;</comment>
                            <comment id="16492425" author="tgierke2342" created="Mon, 28 May 2018 08:56:57 +0000"  >&lt;p&gt;Tested with efa51293df700bee3726571fb7cfef5c23c4fb41 , works for me - thanks !&lt;/p&gt;</comment>
                    </comments>
                    <attachments>
                    </attachments>
                <subtasks>
                    </subtasks>
                <customfields>
                                                <customfield id="customfield_12310310" key="com.atlassian.jira.toolkit:attachments">
                        <customfieldname>Attachment count</customfieldname>
                        <customfieldvalues>
                            <customfieldvalue>0.0</customfieldvalue>
                        </customfieldvalues>
                    </customfield>
                                                                                                                                                                                                                                                                                                                                                                                                                                                                                                                                                                                        <customfield id="customfield_12310220" key="com.atlassian.jira.ext.charting:firstresponsedate">
                        <customfieldname>Date of First Response</customfieldname>
                        <customfieldvalues>
                            <customfieldvalue>Sat, 26 May 2018 11:44:25 +0000</customfieldvalue>

                        </customfieldvalues>
                    </customfield>
                                                                                                                        <customfield id="customfield_12313422" key="com.atlassian.jirafisheyeplugin:jobcheckbox">
                        <customfieldname>Enable Automatic Patch Review</customfieldname>
                        <customfieldvalues>
                            <customfieldvalue><![CDATA[false]]></customfieldvalue>

                        </customfieldvalues>
                    </customfield>
                                                                                                                                                                                                                                                                                                                                                                                                                                                                        <customfield id="customfield_12310420" key="com.pyxis.greenhopper.jira:gh-global-rank">
                        <customfieldname>Global Rank</customfieldname>
                        <customfieldvalues>
                            <customfieldvalue>9223372036854775807</customfieldvalue>
                        </customfieldvalues>
                    </customfield>
                                                                                                                        <customfield id="customfield_12312521" key="com.atlassian.jira.toolkit:LastCommentDate">
                        <customfieldname>Last public comment date</customfieldname>
                        <customfieldvalues>
                            45 weeks ago
                        </customfieldvalues>
                    </customfield>
                                                                                                                                                    <customfield id="customfield_12311820" key="com.pyxis.greenhopper.jira:gh-lexo-rank">
                        <customfieldname>Rank</customfieldname>
                        <customfieldvalues>
                            <customfieldvalue>0|i3u1zj:</customfieldvalue>

                        </customfieldvalues>
                    </customfield>
                                                                <customfield id="customfield_12310920" key="com.pyxis.greenhopper.jira:gh-global-rank">
                        <customfieldname>Rank (Obsolete)</customfieldname>
                        <customfieldvalues>
                            <customfieldvalue>9223372036854775807</customfieldvalue>
                        </customfieldvalues>
                    </customfield>
                                                                                                                                                                                                                                                                                                                            <customfield id="customfield_12310222" key="com.atlassian.jira.ext.charting:timeinstatus">
                        <customfieldname>Time in Status</customfieldname>
                        <customfieldvalues>
                            
                        </customfieldvalues>
                    </customfield>
                                    </customfields>
    </item>
</channel>
</rss>