<!--
RSS generated by JIRA (8.3.4#803005-sha1:1f96e09b3c60279a408a2ae47be3c745f571388b) at Sat Nov 09 15:35:26 UTC 2019

It is possible to restrict the fields that are returned in this document by specifying the 'field' parameter in your request.
For example, to request only the issue key and summary append 'field=key&field=summary' to the URL of your request.
-->
<!-- If you wish to do custom client-side styling of RSS, uncomment this:
<?xml-stylesheet href="https://issues.apache.org/jira/styles/jiraxml2html.xsl" type="text/xsl"?>
-->
<rss version="0.92">
    <channel>
        <title>ASF JIRA</title>
        <link>https://issues.apache.org/jira/issues/?jql=project+%3D+WICKET+AND+issuetype+%3D+Bug+AND+created+%3E%3D+2019-08-01+AND+created+%3C%3D+2019-09-01</link>
        <description>An XML representation of a search request</description>
                <language>en-uk</language>
                        <issue start="0" end="2" total="2"/>
                <build-info>
            <version>8.3.4</version>
            <build-number>803005</build-number>
            <build-date>13-09-2019</build-date>
        </build-info>

<item>
            <title>[WICKET-6697] Wicket.DOM.toggleClass JS method is missing</title>
                <link>https://issues.apache.org/jira/browse/WICKET-6697</link>
                <project id="12310561" key="WICKET">Wicket</project>
                    <description>&lt;p&gt;Wicket.DOM.toggleClass JS method is missing (being called from org.apache.wicket.markup.html.form.AutoLabelResolver.AutoLabelMarker)&lt;/p&gt;</description>
                <environment></environment>
        <key id="13252072">WICKET-6697</key>
            <summary>Wicket.DOM.toggleClass JS method is missing</summary>
                <type id="1" iconUrl="https://issues.apache.org/jira/secure/viewavatar?size=xsmall&amp;avatarId=21133&amp;avatarType=issuetype">Bug</type>
                                            <priority id="4" iconUrl="https://issues.apache.org/jira/images/icons/priorities/minor.svg">Minor</priority>
                        <status id="5" iconUrl="https://issues.apache.org/jira/images/icons/statuses/resolved.png" description="A resolution has been taken, and it is awaiting verification by reporter. From here issues are either reopened, or are closed.">Resolved</status>
                    <statusCategory id="3" key="done" colorName="green"/>
                                    <resolution id="1">Fixed</resolution>
                                        <assignee username="solomax">Maxim Solodovnik</assignee>
                                    <reporter username="solomax">Maxim Solodovnik</reporter>
                        <labels>
                    </labels>
                <created>Wed, 21 Aug 2019 09:19:10 +0000</created>
                <updated>Wed, 21 Aug 2019 09:28:10 +0000</updated>
                            <resolved>Wed, 21 Aug 2019 09:28:10 +0000</resolved>
                                    <version>9.0.0-M2</version>
                                    <fixVersion>9.0.0-M3</fixVersion>
                                    <component>wicket-core</component>
                        <due></due>
                            <votes>0</votes>
                                    <watches>2</watches>
                                                                <comments>
                            <comment id="16912122" author="jira-bot" created="Wed, 21 Aug 2019 09:26:46 +0000"  >&lt;p&gt;Commit 11cb86a5655a99e73a94fbc195b40cd5249bb442 in wicket&apos;s branch refs/heads/master from Maxim Solodovnik&lt;br/&gt;
[ &lt;a href=&quot;https://gitbox.apache.org/repos/asf?p=wicket.git;h=11cb86a&quot; class=&quot;external-link&quot; rel=&quot;nofollow&quot;&gt;https://gitbox.apache.org/repos/asf?p=wicket.git;h=11cb86a&lt;/a&gt; ]&lt;/p&gt;

&lt;p&gt;&lt;a href=&quot;https://issues.apache.org/jira/browse/WICKET-6697&quot; title=&quot;Wicket.DOM.toggleClass JS method is missing&quot; class=&quot;issue-link&quot; data-issue-key=&quot;WICKET-6697&quot;&gt;&lt;del&gt;WICKET-6697&lt;/del&gt;&lt;/a&gt; wicket.DOM.toggleClass is restored&lt;/p&gt;</comment>
                    </comments>
                <issuelinks>
                            <issuelinktype id="12310560">
                    <name>Problem/Incident</name>
                                                                <inwardlinks description="is caused by">
                                        <issuelink>
            <issuekey id="13233396">WICKET-6667</issuekey>
        </issuelink>
                            </inwardlinks>
                                    </issuelinktype>
                    </issuelinks>
                <attachments>
                    </attachments>
                <subtasks>
                    </subtasks>
                <customfields>
                                                <customfield id="customfield_12310310" key="com.atlassian.jira.toolkit:attachments">
                        <customfieldname>Attachment count</customfieldname>
                        <customfieldvalues>
                            <customfieldvalue>0.0</customfieldvalue>
                        </customfieldvalues>
                    </customfield>
                                                                                                                                                                                                                                                                                                                                                                                                                                                                                                                                                                                                                    <customfield id="customfield_12310220" key="com.atlassian.jira.ext.charting:firstresponsedate">
                        <customfieldname>Date of First Response</customfieldname>
                        <customfieldvalues>
                            <customfieldvalue>Wed, 21 Aug 2019 09:26:46 +0000</customfieldvalue>

                        </customfieldvalues>
                    </customfield>
                                                                <customfield id="customfield_12314020" key="com.atlassian.jira.plugins.jira-development-integration-plugin:devsummary">
                        <customfieldname>Development</customfieldname>
                        <customfieldvalues>
                            
                        </customfieldvalues>
                    </customfield>
                                                                                                                        <customfield id="customfield_12313422" key="com.atlassian.jirafisheyeplugin:jobcheckbox">
                        <customfieldname>Enable Automatic Patch Review</customfieldname>
                        <customfieldvalues>
                            <customfieldvalue><![CDATA[false]]></customfieldvalue>

                        </customfieldvalues>
                    </customfield>
                                                                                                                                                                                                                                                                                                                                                                                                                                                                        <customfield id="customfield_12310420" key="com.pyxis.greenhopper.jira:gh-global-rank">
                        <customfieldname>Global Rank</customfieldname>
                        <customfieldvalues>
                            <customfieldvalue>9223372036854775807</customfieldvalue>
                        </customfieldvalues>
                    </customfield>
                                                                                                                        <customfield id="customfield_12312521" key="com.atlassian.jira.toolkit:LastCommentDate">
                        <customfieldname>Last public comment date</customfieldname>
                        <customfieldvalues>
                            11 weeks, 3 days ago
                        </customfieldvalues>
                    </customfield>
                                                                                                                                                    <customfield id="customfield_12311820" key="com.pyxis.greenhopper.jira:gh-lexo-rank">
                        <customfieldname>Rank</customfieldname>
                        <customfieldvalues>
                            <customfieldvalue>0|z05vlc:</customfieldvalue>

                        </customfieldvalues>
                    </customfield>
                                                                <customfield id="customfield_12310920" key="com.pyxis.greenhopper.jira:gh-global-rank">
                        <customfieldname>Rank (Obsolete)</customfieldname>
                        <customfieldvalues>
                            <customfieldvalue>9223372036854775807</customfieldvalue>
                        </customfieldvalues>
                    </customfield>
                                                                                                                                                                                                                                                                                                                                                        <customfield id="customfield_12310222" key="com.atlassian.jira.ext.charting:timeinstatus">
                        <customfieldname>Time in Status</customfieldname>
                        <customfieldvalues>
                            
                        </customfieldvalues>
                    </customfield>
                                                                </customfields>
    </item>


<item>
            <title>[WICKET-6692] Page deserialization on websocket close - possible performance issue</title>
                <link>https://issues.apache.org/jira/browse/WICKET-6692</link>
                <project id="12310561" key="WICKET">Wicket</project>
                    <description>&lt;p&gt;We have a page with websocket connection (using WebSocketBehavior). When user navigates to another page, a websocket connection is closed&#160;and AbstractWebSocketProcessor.onClose method is called. This causes broadcasting a message to connected page:&lt;/p&gt;
&lt;div class=&quot;code panel&quot; style=&quot;border-width: 1px;&quot;&gt;&lt;div class=&quot;codeContent panelContent&quot;&gt;
&lt;pre class=&quot;code-java&quot;&gt;
&#160;broadcastMessage(&lt;span class=&quot;code-keyword&quot;&gt;new&lt;/span&gt; ClosedMessage(getApplication(), getSessionId(), key));
&lt;/pre&gt;
&lt;/div&gt;&lt;/div&gt;
&lt;p&gt;and leads to page deserialisation (from PageStore).&lt;br/&gt;
I wonder how it can affect performance: almost every page navigation causes page deserialization (when it should&#160;occur only for back button or when some websocket message comes and application need to process it).&lt;br/&gt;
&#160;&lt;br/&gt;
Maybe this message should be send only when needed or maybe I should not care and current behaviour does not affect performance?&lt;br/&gt;
&#160;&lt;br/&gt;
I have attached a simple quick start:&lt;/p&gt;
&lt;ul class=&quot;alternate&quot; type=&quot;square&quot;&gt;
	&lt;li&gt;click links to navigate between pages: &#8220;Nav 1&#8221; and &#8220;Home&#8221;,&lt;/li&gt;
	&lt;li&gt;after each click you can see &#8220;&amp;gt;&amp;gt; Closed message: &#8230;&#8221; on System.out (so closed message was sent),&lt;/li&gt;
	&lt;li&gt;AbstractWebSocketProcessor broadcast a ClosedMessage to a page, which causes its deserialization (you can debug IPageStore.getPage call).&lt;/li&gt;
&lt;/ul&gt;
</description>
                <environment></environment>
        <key id="13248858">WICKET-6692</key>
            <summary>Page deserialization on websocket close - possible performance issue</summary>
                <type id="1" iconUrl="https://issues.apache.org/jira/secure/viewavatar?size=xsmall&amp;avatarId=21133&amp;avatarType=issuetype">Bug</type>
                                            <priority id="3" iconUrl="https://issues.apache.org/jira/images/icons/priorities/major.svg">Major</priority>
                        <status id="5" iconUrl="https://issues.apache.org/jira/images/icons/statuses/resolved.png" description="A resolution has been taken, and it is awaiting verification by reporter. From here issues are either reopened, or are closed.">Resolved</status>
                    <statusCategory id="3" key="done" colorName="green"/>
                                    <resolution id="1">Fixed</resolution>
                                        <assignee username="mgrigorov">Martin Tzvetanov Grigorov</assignee>
                                    <reporter username="interface">Daniel Stoch</reporter>
                        <labels>
                    </labels>
                <created>Mon, 5 Aug 2019 10:46:43 +0000</created>
                <updated>Wed, 14 Aug 2019 14:37:44 +0000</updated>
                            <resolved>Wed, 14 Aug 2019 14:37:43 +0000</resolved>
                                    <version>6.30.0</version>
                    <version>8.5.0</version>
                                    <fixVersion>8.6.1</fixVersion>
                    <fixVersion>9.0.0-M3</fixVersion>
                                    <component>wicket-native-websocket</component>
                        <due></due>
                            <votes>0</votes>
                                    <watches>3</watches>
                                                                <comments>
                            <comment id="16907207" author="mgrigorov" created="Wed, 14 Aug 2019 12:01:52 +0000"  >&lt;p&gt;This is how it behaved since day 1 of Wicket Native WebSocket integration.&lt;/p&gt;

&lt;p&gt;I agree that most probably most of the applications do not care about this event and can avoid the unnecessary deserialization.&lt;/p&gt;

&lt;p&gt;I&apos;ll see whether this can be made configurable.&lt;/p&gt;</comment>
                            <comment id="16907210" author="interface" created="Wed, 14 Aug 2019 12:08:20 +0000"  >&lt;p&gt;I&apos;ve tried to override&#160;onClose() method, but it needs some reflection hacks to access&#160;connectionRegistry field and&#160;getRegistryKey method (which are private) to implement this as:&lt;/p&gt;
&lt;div class=&quot;code panel&quot; style=&quot;border-width: 1px;&quot;&gt;&lt;div class=&quot;codeContent panelContent&quot;&gt;
&lt;pre class=&quot;code-java&quot;&gt;
	@Override
	&lt;span class=&quot;code-keyword&quot;&gt;public&lt;/span&gt; void onClose(&lt;span class=&quot;code-object&quot;&gt;int&lt;/span&gt; closeCode, &lt;span class=&quot;code-object&quot;&gt;String&lt;/span&gt; message)
	{
		IKey key = getRegistryKey();
		connectionRegistry.removeConnection(getApplication(), getSessionId(), key);
	}
&lt;/pre&gt;
&lt;/div&gt;&lt;/div&gt;</comment>
                            <comment id="16907215" author="jira-bot" created="Wed, 14 Aug 2019 12:16:34 +0000"  >&lt;p&gt;Commit 4425c508d105481da85bbfc8dbee4bf88f62caa4 in wicket&apos;s branch refs/heads/wicket-8.x from Martin Tzvetanov Grigorov&lt;br/&gt;
[ &lt;a href=&quot;https://gitbox.apache.org/repos/asf?p=wicket.git;h=4425c50&quot; class=&quot;external-link&quot; rel=&quot;nofollow&quot;&gt;https://gitbox.apache.org/repos/asf?p=wicket.git;h=4425c50&lt;/a&gt; ]&lt;/p&gt;

&lt;p&gt;&lt;a href=&quot;https://issues.apache.org/jira/browse/WICKET-6692&quot; title=&quot;Page deserialization on websocket close - possible performance issue&quot; class=&quot;issue-link&quot; data-issue-key=&quot;WICKET-6692&quot;&gt;&lt;del&gt;WICKET-6692&lt;/del&gt;&lt;/a&gt; Page deserialization on websocket close - possible performance issue&lt;/p&gt;

&lt;p&gt;Introduce WebSocketSettings#setNotifyOnCloseEvent(Function&amp;lt;Integer, Boolean&amp;gt;) that can be used to decide whether to call #broadcastMessage() for close events.&lt;/p&gt;</comment>
                            <comment id="16907216" author="jira-bot" created="Wed, 14 Aug 2019 12:16:49 +0000"  >&lt;p&gt;Commit 0b2caa8dfae6cde4e521b708c676e6611ec99b34 in wicket&apos;s branch refs/heads/master from Martin Tzvetanov Grigorov&lt;br/&gt;
[ &lt;a href=&quot;https://gitbox.apache.org/repos/asf?p=wicket.git;h=0b2caa8&quot; class=&quot;external-link&quot; rel=&quot;nofollow&quot;&gt;https://gitbox.apache.org/repos/asf?p=wicket.git;h=0b2caa8&lt;/a&gt; ]&lt;/p&gt;

&lt;p&gt;&lt;a href=&quot;https://issues.apache.org/jira/browse/WICKET-6692&quot; title=&quot;Page deserialization on websocket close - possible performance issue&quot; class=&quot;issue-link&quot; data-issue-key=&quot;WICKET-6692&quot;&gt;&lt;del&gt;WICKET-6692&lt;/del&gt;&lt;/a&gt; Page deserialization on websocket close - possible performance issue&lt;/p&gt;

&lt;p&gt;Introduce WebSocketSettings#setNotifyOnCloseEvent(Function&amp;lt;Integer, Boolean&amp;gt;) that can be used to decide whether to call #broadcastMessage() for close events.&lt;/p&gt;

&lt;p&gt;(cherry picked from commit 4425c508d105481da85bbfc8dbee4bf88f62caa4)&lt;/p&gt;</comment>
                            <comment id="16907218" author="mgrigorov" created="Wed, 14 Aug 2019 12:18:37 +0000"  >&lt;p&gt;I&apos;ve pushed a new &quot;setting&quot; in WebSocketSettings which can be used to decide whether to call the onClose() method.&lt;/p&gt;

&lt;p&gt;In Wicket 8.x it will call it by default to preserve the current behavior.&lt;/p&gt;

&lt;p&gt;In Wicket 9.x we can change it to not call it if other developers/users say it would be a good change.&lt;/p&gt;</comment>
                            <comment id="16907225" author="interface" created="Wed, 14 Aug 2019 12:24:08 +0000"  >&lt;p&gt;Thank you. Can you add this change to 6.x as well?&lt;/p&gt;</comment>
                            <comment id="16907227" author="mgrigorov" created="Wed, 14 Aug 2019 12:26:26 +0000"  >&lt;p&gt;Sorry, but Wicket 6.x receives only security related fixes.&lt;/p&gt;</comment>
                    </comments>
                    <attachments>
                            <attachment id="12976685" name="websocket-deser-onclose.zip" size="30171" author="interface" created="Mon, 5 Aug 2019 10:47:11 +0000"/>
                    </attachments>
                <subtasks>
                    </subtasks>
                <customfields>
                                                <customfield id="customfield_12310310" key="com.atlassian.jira.toolkit:attachments">
                        <customfieldname>Attachment count</customfieldname>
                        <customfieldvalues>
                            <customfieldvalue>1.0</customfieldvalue>
                        </customfieldvalues>
                    </customfield>
                                                                                                                                                                                                                                                                                                                                                                                                                                                                                                                                                                                                                    <customfield id="customfield_12310220" key="com.atlassian.jira.ext.charting:firstresponsedate">
                        <customfieldname>Date of First Response</customfieldname>
                        <customfieldvalues>
                            <customfieldvalue>Wed, 14 Aug 2019 12:01:52 +0000</customfieldvalue>

                        </customfieldvalues>
                    </customfield>
                                                                <customfield id="customfield_12314020" key="com.atlassian.jira.plugins.jira-development-integration-plugin:devsummary">
                        <customfieldname>Development</customfieldname>
                        <customfieldvalues>
                            
                        </customfieldvalues>
                    </customfield>
                                                                                                                        <customfield id="customfield_12313422" key="com.atlassian.jirafisheyeplugin:jobcheckbox">
                        <customfieldname>Enable Automatic Patch Review</customfieldname>
                        <customfieldvalues>
                            <customfieldvalue><![CDATA[false]]></customfieldvalue>

                        </customfieldvalues>
                    </customfield>
                                                                                                                                                                                                                                                                                                                                                                                                                                                                        <customfield id="customfield_12310420" key="com.pyxis.greenhopper.jira:gh-global-rank">
                        <customfieldname>Global Rank</customfieldname>
                        <customfieldvalues>
                            <customfieldvalue>9223372036854775807</customfieldvalue>
                        </customfieldvalues>
                    </customfield>
                                                                                                                        <customfield id="customfield_12312521" key="com.atlassian.jira.toolkit:LastCommentDate">
                        <customfieldname>Last public comment date</customfieldname>
                        <customfieldvalues>
                            12 weeks, 3 days ago
                        </customfieldvalues>
                    </customfield>
                                                                                                                                                    <customfield id="customfield_12311820" key="com.pyxis.greenhopper.jira:gh-lexo-rank">
                        <customfieldname>Rank</customfieldname>
                        <customfieldvalues>
                            <customfieldvalue>0|z05bw8:</customfieldvalue>

                        </customfieldvalues>
                    </customfield>
                                                                <customfield id="customfield_12310920" key="com.pyxis.greenhopper.jira:gh-global-rank">
                        <customfieldname>Rank (Obsolete)</customfieldname>
                        <customfieldvalues>
                            <customfieldvalue>9223372036854775807</customfieldvalue>
                        </customfieldvalues>
                    </customfield>
                                                                                                                                                                                                                                                                                                                                                        <customfield id="customfield_12310222" key="com.atlassian.jira.ext.charting:timeinstatus">
                        <customfieldname>Time in Status</customfieldname>
                        <customfieldvalues>
                            
                        </customfieldvalues>
                    </customfield>
                                                                </customfields>
    </item>
</channel>
</rss>