<!--
RSS generated by JIRA (7.6.3#76005-sha1:8a4e38d34af948780dbf52044e7aafb13a7cae58) at Mon Apr 08 11:25:43 UTC 2019

It is possible to restrict the fields that are returned in this document by specifying the 'field' parameter in your request.
For example, to request only the issue key and summary append 'field=key&field=summary' to the URL of your request.
-->
<!-- If you wish to do custom client-side styling of RSS, uncomment this:
<?xml-stylesheet href="https://issues.apache.org/jira/styles/jiraxml2html.xsl" type="text/xsl"?>
-->
<rss version="0.92">
    <channel>
        <title>ASF JIRA</title>
        <link>https://issues.apache.org/jira/issues/?jql=project+%3D+WICKET+AND+issuetype+%3D+Bug+AND+created+%3E%3D+2016-04-01+AND+created+%3C%3D+2016-05-01</link>
        <description>An XML representation of a search request</description>
                <language>en-uk</language>
                        <issue start="0" end="6" total="6"/>
                <build-info>
            <version>7.6.3</version>
            <build-number>76005</build-number>
            <build-date>09-01-2018</build-date>
        </build-info>

<item>
            <title>[WICKET-6151] DebugBar/PageSizeDebugPanel throws NullPointerException (need wrapper exception with more detail)</title>
                <link>https://issues.apache.org/jira/browse/WICKET-6151</link>
                <project id="12310561" key="WICKET">Wicket</project>
                    <description>&lt;p&gt;Probably due to unserializable model somewhere... in which case Wicket should give an explanation error.&lt;/p&gt;

&lt;div class=&quot;preformatted panel&quot; style=&quot;border-width: 1px;&quot;&gt;&lt;div class=&quot;preformattedContent panelContent&quot;&gt;
&lt;pre&gt;org.apache.wicket.WicketRuntimeException
Exception in rendering component: [Component id = data]
at org.apache.wicket.Component.internalRenderComponent(Component.java:2589)
at org.apache.wicket.markup.html.WebComponent.onRender(WebComponent.java:60)
at org.apache.wicket.Component.internalRender(Component.java:2380)
at org.apache.wicket.Component.render(Component.java:2308)
at org.apache.wicket.MarkupContainer.renderNext(MarkupContainer.java:1524)
at org.apache.wicket.MarkupContainer.renderAll(MarkupContainer.java:1759)
at org.apache.wicket.MarkupContainer.renderComponentTagBody(MarkupContainer.java:1734)
at org.apache.wicket.MarkupContainer.onComponentTagBody(MarkupContainer.java:1657)
at org.apache.wicket.markup.html.link.AbstractLink.onComponentTagBody(AbstractLink.java:82)
at org.apache.wicket.markup.html.panel.DefaultMarkupSourcingStrategy.onComponentTagBody(DefaultMarkupSourcingStrategy.java:70)
at org.apache.wicket.Component.internalRenderComponent(Component.java:2565)
at org.apache.wicket.MarkupContainer.onRender(MarkupContainer.java:1698)
at org.apache.wicket.Component.internalRender(Component.java:2380)
at org.apache.wicket.Component.render(Component.java:2308)
at org.apache.wicket.MarkupContainer.renderNext(MarkupContainer.java:1524)
at org.apache.wicket.MarkupContainer.renderAll(MarkupContainer.java:1759)
at org.apache.wicket.MarkupContainer.renderComponentTagBody(MarkupContainer.java:1734)
at org.apache.wicket.MarkupContainer.renderAssociatedMarkup(MarkupContainer.java:797)
at org.apache.wicket.markup.html.panel.AssociatedMarkupSourcingStrategy.renderAssociatedMarkup(AssociatedMarkupSourcingStrategy.java:77)
at org.apache.wicket.markup.html.panel.PanelMarkupSourcingStrategy.onComponentTagBody(PanelMarkupSourcingStrategy.java:112)
at org.apache.wicket.Component.internalRenderComponent(Component.java:2565)
at org.apache.wicket.MarkupContainer.onRender(MarkupContainer.java:1698)
at org.apache.wicket.Component.internalRender(Component.java:2380)
at org.apache.wicket.Component.render(Component.java:2308)
at org.apache.wicket.MarkupContainer.renderNext(MarkupContainer.java:1524)
at org.apache.wicket.MarkupContainer.renderAll(MarkupContainer.java:1759)
at org.apache.wicket.MarkupContainer.renderComponentTagBody(MarkupContainer.java:1734)
at org.apache.wicket.MarkupContainer.onComponentTagBody(MarkupContainer.java:1657)
at org.apache.wicket.markup.html.panel.DefaultMarkupSourcingStrategy.onComponentTagBody(DefaultMarkupSourcingStrategy.java:70)
at org.apache.wicket.Component.internalRenderComponent(Component.java:2565)
at org.apache.wicket.MarkupContainer.onRender(MarkupContainer.java:1698)
at org.apache.wicket.Component.internalRender(Component.java:2380)
at org.apache.wicket.Component.render(Component.java:2308)
at org.apache.wicket.markup.html.list.ListView.renderItem(ListView.java:584)
at org.apache.wicket.markup.html.list.ListView.renderChild(ListView.java:573)
at org.apache.wicket.markup.repeater.AbstractRepeater.onRender(AbstractRepeater.java:102)
at org.apache.wicket.Component.internalRender(Component.java:2380)
at org.apache.wicket.Component.render(Component.java:2308)
at org.apache.wicket.MarkupContainer.renderNext(MarkupContainer.java:1524)
at org.apache.wicket.MarkupContainer.renderAll(MarkupContainer.java:1759)
at org.apache.wicket.MarkupContainer.renderComponentTagBody(MarkupContainer.java:1734)
at org.apache.wicket.MarkupContainer.onComponentTagBody(MarkupContainer.java:1657)
at org.apache.wicket.markup.html.panel.DefaultMarkupSourcingStrategy.onComponentTagBody(DefaultMarkupSourcingStrategy.java:70)
at org.apache.wicket.Component.internalRenderComponent(Component.java:2565)
at org.apache.wicket.MarkupContainer.onRender(MarkupContainer.java:1698)
at org.apache.wicket.Component.internalRender(Component.java:2380)
at org.apache.wicket.Component.render(Component.java:2308)
at org.apache.wicket.MarkupContainer.renderNext(MarkupContainer.java:1524)
at org.apache.wicket.MarkupContainer.renderAll(MarkupContainer.java:1759)
at org.apache.wicket.MarkupContainer.renderComponentTagBody(MarkupContainer.java:1734)
at org.apache.wicket.MarkupContainer.renderAssociatedMarkup(MarkupContainer.java:797)
at org.apache.wicket.markup.html.panel.AssociatedMarkupSourcingStrategy.renderAssociatedMarkup(AssociatedMarkupSourcingStrategy.java:77)
at org.apache.wicket.markup.html.panel.PanelMarkupSourcingStrategy.onComponentTagBody(PanelMarkupSourcingStrategy.java:112)
at org.apache.wicket.Component.internalRenderComponent(Component.java:2565)
at org.apache.wicket.MarkupContainer.onRender(MarkupContainer.java:1698)
at org.apache.wicket.Component.internalRender(Component.java:2380)
at org.apache.wicket.Component.render(Component.java:2308)
at org.apache.wicket.MarkupContainer.renderNext(MarkupContainer.java:1524)
at org.apache.wicket.MarkupContainer.renderAll(MarkupContainer.java:1759)
at org.apache.wicket.MarkupContainer.renderComponentTagBody(MarkupContainer.java:1734)
at org.apache.wicket.MarkupContainer.onComponentTagBody(MarkupContainer.java:1657)
at org.apache.wicket.markup.html.panel.DefaultMarkupSourcingStrategy.onComponentTagBody(DefaultMarkupSourcingStrategy.java:70)
at org.apache.wicket.Component.internalRenderComponent(Component.java:2565)
at org.apache.wicket.MarkupContainer.onRender(MarkupContainer.java:1698)
at org.apache.wicket.Component.internalRender(Component.java:2380)
at org.apache.wicket.Component.render(Component.java:2308)
at org.apache.wicket.MarkupContainer.renderNext(MarkupContainer.java:1524)
at org.apache.wicket.MarkupContainer.renderAll(MarkupContainer.java:1759)
at org.apache.wicket.Page.onRender(Page.java:879)
at org.apache.wicket.markup.html.WebPage.onRender(WebPage.java:141)
at org.apache.wicket.Component.internalRender(Component.java:2380)
at org.apache.wicket.Component.render(Component.java:2308)
at org.apache.wicket.Page.renderPage(Page.java:1018)
at org.apache.wicket.request.handler.render.WebPageRenderer.renderPage(WebPageRenderer.java:124)
at org.apache.wicket.request.handler.render.WebPageRenderer.respond(WebPageRenderer.java:236)
at org.apache.wicket.core.request.handler.RenderPageRequestHandler.respond(RenderPageRequestHandler.java:175)
at org.apache.wicket.request.cycle.RequestCycle$HandlerExecutor.respond(RequestCycle.java:895)
at org.apache.wicket.request.RequestHandlerStack.execute(RequestHandlerStack.java:64)
at org.apache.wicket.request.cycle.RequestCycle.execute(RequestCycle.java:265)
at org.apache.wicket.request.cycle.RequestCycle.processRequest(RequestCycle.java:222)
at org.apache.wicket.request.cycle.RequestCycle.processRequestAndDetach(RequestCycle.java:293)
java.lang.RuntimeException
An error occurred while getting the model object for Component: [Component id = data, page = id.co.bippo.cart.web.pub.ProductCartViewPage, path = 32:dev:content:contributors:3:contrib:link:data.Label, isVisible = true, isVersioned = true, markup = [markup = jar:file:/home/anton/space_spring/.metadata/.plugins/org.eclipse.wst.server.core/tmp1/wtpwebapps/id.co.bippo.springapp/WEB-INF/lib/wicket-devutils-7.2.0.jar!/org/apache/wicket/devutils/debugbar/StandardDebugPanel.html &amp;lt;span wicket:id=&quot;data&quot;&amp;gt;&amp;lt;/span&amp;gt;, index = 0, current = &apos;&amp;lt;span wicket:id=&quot;data&quot;&amp;gt;&apos; (line 0, column 0)]]
at org.apache.wicket.Component.getDefaultModelObject(Component.java:1631)
at org.apache.wicket.Component.getDefaultModelObjectAsString(Component.java:1654)
at org.apache.wicket.markup.html.basic.Label.onComponentTagBody(Label.java:115)
at org.apache.wicket.markup.html.panel.DefaultMarkupSourcingStrategy.onComponentTagBody(DefaultMarkupSourcingStrategy.java:70)
at org.apache.wicket.Component.internalRenderComponent(Component.java:2565)Caused by: 
java.lang.NullPointerException
at java.io.ByteArrayInputStream.&amp;lt;init&amp;gt;(ByteArrayInputStream.java:106)
at org.apache.wicket.serialize.java.JavaSerializer.deserialize(JavaSerializer.java:105)
at org.apache.wicket.core.util.lang.WicketObjects.cloneObject(WicketObjects.java:313)
at org.apache.wicket.core.util.lang.WicketObjects.sizeof(WicketObjects.java:377)
at org.apache.wicket.devutils.debugbar.PageSizeDebugPanel$2.getObject(PageSizeDebugPanel.java:96)
at org.apache.wicket.devutils.debugbar.PageSizeDebugPanel$2.getObject(PageSizeDebugPanel.java:89)
at org.apache.wicket.Component.getDefaultModelObject(Component.java:1626)
&lt;/pre&gt;
&lt;/div&gt;&lt;/div&gt;

&lt;p&gt;Follow-up to &lt;a href=&quot;https://issues.apache.org/jira/browse/WICKET-5807&quot; title=&quot;Add diagnostic messages on java.io.NotSerializableException on DebugBar&amp;#39;s StandardDebugPanel, path = 1:dev:content:contributors:3:contrib:link:data.Label&quot; class=&quot;issue-link&quot; data-issue-key=&quot;WICKET-5807&quot;&gt;&lt;del&gt;WICKET-5807&lt;/del&gt;&lt;/a&gt;&lt;/p&gt;

&lt;p&gt;Original reporter: &lt;a href=&quot;https://issues.apache.org/jira/secure/ViewProfile.jspa?name=AntonKurniawan&quot; class=&quot;user-hover&quot; rel=&quot;AntonKurniawan&quot;&gt;Anton Kurniawan&lt;/a&gt;&lt;/p&gt;</description>
                <environment>Tomcat 7, JDK 8, Linux Mint 17.3 64bit, Spring 4.2.5</environment>
        <key id="12961659">WICKET-6151</key>
            <summary>DebugBar/PageSizeDebugPanel throws NullPointerException (need wrapper exception with more detail)</summary>
                <type id="1" iconUrl="https://issues.apache.org/jira/secure/viewavatar?size=xsmall&amp;avatarId=21133&amp;avatarType=issuetype">Bug</type>
                                            <priority id="4" iconUrl="https://issues.apache.org/jira/images/icons/priorities/minor.svg">Minor</priority>
                        <status id="5" iconUrl="https://issues.apache.org/jira/images/icons/statuses/resolved.png" description="A resolution has been taken, and it is awaiting verification by reporter. From here issues are either reopened, or are closed.">Resolved</status>
                    <statusCategory id="3" key="done" colorName="green"/>
                                    <resolution id="1">Fixed</resolution>
                                        <assignee username="mgrigorov">Martin Grigorov</assignee>
                                    <reporter username="ceefour">Hendy Irawan</reporter>
                        <labels>
                    </labels>
                <created>Fri, 22 Apr 2016 14:34:57 +0000</created>
                <updated>Fri, 22 Apr 2016 21:16:28 +0000</updated>
                            <resolved>Fri, 22 Apr 2016 21:16:28 +0000</resolved>
                                    <version>7.2.0</version>
                                    <fixVersion>7.3.0</fixVersion>
                    <fixVersion>8.0.0-M1</fixVersion>
                                    <component>wicket-devutils</component>
                        <due></due>
                            <votes>0</votes>
                                    <watches>2</watches>
                                                                <comments>
                            <comment id="15254713" author="jira-bot" created="Fri, 22 Apr 2016 21:16:05 +0000"  >&lt;p&gt;Commit 69f2d0ad9820e8ada6907ff1fa8138c89970713c in wicket&apos;s branch refs/heads/master from &lt;a href=&quot;https://issues.apache.org/jira/secure/ViewProfile.jspa?name=mgrigorov&quot; class=&quot;user-hover&quot; rel=&quot;mgrigorov&quot;&gt;Martin Grigorov&lt;/a&gt;&lt;br/&gt;
[ &lt;a href=&quot;https://git-wip-us.apache.org/repos/asf?p=wicket.git;h=69f2d0a&quot; class=&quot;external-link&quot; rel=&quot;nofollow&quot;&gt;https://git-wip-us.apache.org/repos/asf?p=wicket.git;h=69f2d0a&lt;/a&gt; ]&lt;/p&gt;

&lt;p&gt;&lt;a href=&quot;https://issues.apache.org/jira/browse/WICKET-6151&quot; title=&quot;DebugBar/PageSizeDebugPanel throws NullPointerException (need wrapper exception with more detail)&quot; class=&quot;issue-link&quot; data-issue-key=&quot;WICKET-6151&quot;&gt;&lt;del&gt;WICKET-6151&lt;/del&gt;&lt;/a&gt; DebugBar/PageSizeDebugPanel throws NullPointerException (need wrapper exception with more detail)&lt;/p&gt;

&lt;p&gt;Throw an exception if the result of serializing an object is null.&lt;br/&gt;
Passing null to deserialization will lead to NullPointerException without details of the problematic object&lt;/p&gt;</comment>
                            <comment id="15254714" author="jira-bot" created="Fri, 22 Apr 2016 21:16:23 +0000"  >&lt;p&gt;Commit ff41797cd7682964329fe3baf61ec78cde78f55f in wicket&apos;s branch refs/heads/wicket-7.x from &lt;a href=&quot;https://issues.apache.org/jira/secure/ViewProfile.jspa?name=mgrigorov&quot; class=&quot;user-hover&quot; rel=&quot;mgrigorov&quot;&gt;Martin Grigorov&lt;/a&gt;&lt;br/&gt;
[ &lt;a href=&quot;https://git-wip-us.apache.org/repos/asf?p=wicket.git;h=ff41797&quot; class=&quot;external-link&quot; rel=&quot;nofollow&quot;&gt;https://git-wip-us.apache.org/repos/asf?p=wicket.git;h=ff41797&lt;/a&gt; ]&lt;/p&gt;

&lt;p&gt;&lt;a href=&quot;https://issues.apache.org/jira/browse/WICKET-6151&quot; title=&quot;DebugBar/PageSizeDebugPanel throws NullPointerException (need wrapper exception with more detail)&quot; class=&quot;issue-link&quot; data-issue-key=&quot;WICKET-6151&quot;&gt;&lt;del&gt;WICKET-6151&lt;/del&gt;&lt;/a&gt; DebugBar/PageSizeDebugPanel throws NullPointerException (need wrapper exception with more detail)&lt;/p&gt;

&lt;p&gt;Throw an exception if the result of serializing an object is null.&lt;br/&gt;
Passing null to deserialization will lead to NullPointerException without details of the problematic object&lt;/p&gt;</comment>
                    </comments>
                <issuelinks>
                            <issuelinktype id="10001">
                    <name>dependent</name>
                                            <outwardlinks description="depends upon">
                                        <issuelink>
            <issuekey id="12765744">WICKET-5807</issuekey>
        </issuelink>
                            </outwardlinks>
                                                        </issuelinktype>
                    </issuelinks>
                <attachments>
                    </attachments>
                <subtasks>
                    </subtasks>
                <customfields>
                                                <customfield id="customfield_12310310" key="com.atlassian.jira.toolkit:attachments">
                        <customfieldname>Attachment count</customfieldname>
                        <customfieldvalues>
                            <customfieldvalue>0.0</customfieldvalue>
                        </customfieldvalues>
                    </customfield>
                                                                                                                                                                                                                                                                                                                                                                                                                                                                                                                                                                                        <customfield id="customfield_12310220" key="com.atlassian.jira.ext.charting:firstresponsedate">
                        <customfieldname>Date of First Response</customfieldname>
                        <customfieldvalues>
                            <customfieldvalue>Fri, 22 Apr 2016 21:16:05 +0000</customfieldvalue>

                        </customfieldvalues>
                    </customfield>
                                                                                                                        <customfield id="customfield_12313422" key="com.atlassian.jirafisheyeplugin:jobcheckbox">
                        <customfieldname>Enable Automatic Patch Review</customfieldname>
                        <customfieldvalues>
                            <customfieldvalue><![CDATA[false]]></customfieldvalue>

                        </customfieldvalues>
                    </customfield>
                                                                                                                                                    <customfield id="customfield_12311020" key="com.atlassian.jira.plugin.system.customfieldtypes:url">
                        <customfieldname>External issue URL</customfieldname>
                        <customfieldvalues>
                            <customfieldvalue><![CDATA[https://idbippo.atlassian.net/browse/BC-3838]]></customfieldvalue>

                        </customfieldvalues>
                    </customfield>
                                                                                                                                                                                                                                                                                                                                                        <customfield id="customfield_12310420" key="com.pyxis.greenhopper.jira:gh-global-rank">
                        <customfieldname>Global Rank</customfieldname>
                        <customfieldvalues>
                            <customfieldvalue>9223372036854775807</customfieldvalue>
                        </customfieldvalues>
                    </customfield>
                                                                                                                        <customfield id="customfield_12312521" key="com.atlassian.jira.toolkit:LastCommentDate">
                        <customfieldname>Last public comment date</customfieldname>
                        <customfieldvalues>
                            2 years, 50 weeks, 2 days ago
                        </customfieldvalues>
                    </customfield>
                                                                                                                                                    <customfield id="customfield_12311820" key="com.pyxis.greenhopper.jira:gh-lexo-rank">
                        <customfieldname>Rank</customfieldname>
                        <customfieldvalues>
                            <customfieldvalue>0|i2wlcn:</customfieldvalue>

                        </customfieldvalues>
                    </customfield>
                                                                <customfield id="customfield_12310920" key="com.pyxis.greenhopper.jira:gh-global-rank">
                        <customfieldname>Rank (Obsolete)</customfieldname>
                        <customfieldvalues>
                            <customfieldvalue>9223372036854775807</customfieldvalue>
                        </customfieldvalues>
                    </customfield>
                                                                                                                                                                                                                                                                                                                            <customfield id="customfield_12310222" key="com.atlassian.jira.ext.charting:timeinstatus">
                        <customfieldname>Time in Status</customfieldname>
                        <customfieldvalues>
                            
                        </customfieldvalues>
                    </customfield>
                                    </customfields>
    </item>


<item>
            <title>[WICKET-6149] ListView of AjaxCheckBox, only the first checkbox is callbacked</title>
                <link>https://issues.apache.org/jira/browse/WICKET-6149</link>
                <project id="12310561" key="WICKET">Wicket</project>
                    <description>&lt;p&gt;I want to update a dropdown list with ajax calls triggered by checkboxes.&lt;br/&gt;
I have a ListView of AjaxCheckBoxes but only the first AjaxCheckBox is callbacked.&lt;br/&gt;
It appears that all ajax calls are triggered by the first check box. Changing the following checkboxes have not effect.&lt;/p&gt;

&lt;p&gt;DropDownChoice&amp;lt;String&amp;gt; ddc = new DropDownChoice&amp;lt;String&amp;gt;(&quot;ddcName&quot;, listProps);&lt;br/&gt;
ddc.setOutputMarkupId(true);&lt;br/&gt;
add(ddc);&lt;/p&gt;

&lt;p&gt;final IModel&amp;lt;ValueMap&amp;gt; thisModel = getModel();&lt;br/&gt;
ListView&amp;lt;LauncherModule&amp;gt; listModules = new ListView&amp;lt;LauncherModule&amp;gt;(&quot;list.module.beans&quot;, PluginsConfigHelper.getModules()) {&lt;br/&gt;
	private static final long serialVersionUID = 1L;&lt;br/&gt;
	@Override&lt;br/&gt;
	protected void populateItem(ListItem&amp;lt;Module&amp;gt; item) {&lt;br/&gt;
		AjaxCheckBox box = new AjaxCheckBox(&quot;myCheckBox&quot;, Model.of(Boolean.TRUE) {&lt;/p&gt;

&lt;p&gt;			private static final long serialVersionUID = 1L;&lt;/p&gt;

&lt;p&gt;			@Override&lt;br/&gt;
			protected void onUpdate(AjaxRequestTarget target) &lt;/p&gt;
{
				target.add(ddc);
			}
&lt;p&gt;		};&lt;br/&gt;
		box.setOutputMarkupId(true);&lt;br/&gt;
		box.setOutputMarkupPlaceholderTag(true);&lt;br/&gt;
		item.add(box);&lt;br/&gt;
	}&lt;br/&gt;
};&lt;/p&gt;
</description>
                <environment>jetty, chrome</environment>
        <key id="12960369">WICKET-6149</key>
            <summary>ListView of AjaxCheckBox, only the first checkbox is callbacked</summary>
                <type id="1" iconUrl="https://issues.apache.org/jira/secure/viewavatar?size=xsmall&amp;avatarId=21133&amp;avatarType=issuetype">Bug</type>
                                            <priority id="4" iconUrl="https://issues.apache.org/jira/images/icons/priorities/minor.svg">Minor</priority>
                        <status id="5" iconUrl="https://issues.apache.org/jira/images/icons/statuses/resolved.png" description="A resolution has been taken, and it is awaiting verification by reporter. From here issues are either reopened, or are closed.">Resolved</status>
                    <statusCategory id="3" key="done" colorName="green"/>
                                    <resolution id="5">Cannot Reproduce</resolution>
                                        <assignee username="-1">Unassigned</assignee>
                                    <reporter username="alexandre-ricciardi">Alexandre</reporter>
                        <labels>
                    </labels>
                <created>Wed, 20 Apr 2016 14:51:12 +0000</created>
                <updated>Wed, 20 Apr 2016 15:15:19 +0000</updated>
                            <resolved>Wed, 20 Apr 2016 15:15:19 +0000</resolved>
                                    <version>7.2.0</version>
                                                    <component>wicket</component>
                        <due></due>
                            <votes>0</votes>
                                    <watches>2</watches>
                                                                <comments>
                            <comment id="15250073" author="mgrigorov" created="Wed, 20 Apr 2016 15:15:19 +0000"  >&lt;p&gt;Please use the users@ mailing lists for help.&lt;br/&gt;
Also it would be easier to help you if you provide a quickstart application.&lt;/p&gt;</comment>
                    </comments>
                    <attachments>
                    </attachments>
                <subtasks>
                    </subtasks>
                <customfields>
                                                <customfield id="customfield_12310310" key="com.atlassian.jira.toolkit:attachments">
                        <customfieldname>Attachment count</customfieldname>
                        <customfieldvalues>
                            <customfieldvalue>0.0</customfieldvalue>
                        </customfieldvalues>
                    </customfield>
                                                                                                                                                                                                                                                                                                                                                                                                                                                                                                                                                                                        <customfield id="customfield_12310220" key="com.atlassian.jira.ext.charting:firstresponsedate">
                        <customfieldname>Date of First Response</customfieldname>
                        <customfieldvalues>
                            <customfieldvalue>Wed, 20 Apr 2016 15:15:19 +0000</customfieldvalue>

                        </customfieldvalues>
                    </customfield>
                                                                                                                        <customfield id="customfield_12313422" key="com.atlassian.jirafisheyeplugin:jobcheckbox">
                        <customfieldname>Enable Automatic Patch Review</customfieldname>
                        <customfieldvalues>
                            <customfieldvalue><![CDATA[false]]></customfieldvalue>

                        </customfieldvalues>
                    </customfield>
                                                                                                                                                                                                                                                                                                                                                                                                                                                                        <customfield id="customfield_12310420" key="com.pyxis.greenhopper.jira:gh-global-rank">
                        <customfieldname>Global Rank</customfieldname>
                        <customfieldvalues>
                            <customfieldvalue>9223372036854775807</customfieldvalue>
                        </customfieldvalues>
                    </customfield>
                                                                                                                        <customfield id="customfield_12312521" key="com.atlassian.jira.toolkit:LastCommentDate">
                        <customfieldname>Last public comment date</customfieldname>
                        <customfieldvalues>
                            2 years, 50 weeks, 4 days ago
                        </customfieldvalues>
                    </customfield>
                                                                                                                                                    <customfield id="customfield_12311820" key="com.pyxis.greenhopper.jira:gh-lexo-rank">
                        <customfieldname>Rank</customfieldname>
                        <customfieldvalues>
                            <customfieldvalue>0|i2wduv:</customfieldvalue>

                        </customfieldvalues>
                    </customfield>
                                                                <customfield id="customfield_12310920" key="com.pyxis.greenhopper.jira:gh-global-rank">
                        <customfieldname>Rank (Obsolete)</customfieldname>
                        <customfieldvalues>
                            <customfieldvalue>9223372036854775807</customfieldvalue>
                        </customfieldvalues>
                    </customfield>
                                                                                                                                                                                                                                                                                                                            <customfield id="customfield_12310222" key="com.atlassian.jira.ext.charting:timeinstatus">
                        <customfieldname>Time in Status</customfieldname>
                        <customfieldvalues>
                            
                        </customfieldvalues>
                    </customfield>
                                    </customfields>
    </item>


<item>
            <title>[WICKET-6141] Runtime Exception rendering ComponentTag with RelativePathPrefixHandler</title>
                <link>https://issues.apache.org/jira/browse/WICKET-6141</link>
                <project id="12310561" key="WICKET">Wicket</project>
                    <description>&lt;p&gt;Sorry for my bad english, this is hard to explain...&lt;/p&gt;

&lt;p&gt;I get this exception:&lt;/p&gt;
&lt;div class=&quot;preformatted panel&quot; style=&quot;border-width: 1px;&quot;&gt;&lt;div class=&quot;preformattedContent panelContent&quot;&gt;
&lt;pre&gt;Last cause: The component [TransparentWebMarkupContainer [Component id = wicket_relative_path_prefix_7]] was rendered already
&lt;/pre&gt;
&lt;/div&gt;&lt;/div&gt;

&lt;p&gt;I have one base page and two sub-pages which extend my base page&lt;br/&gt;
When the markup contains ComponentTag filtered by RelativePathPrefixHandler (ie no wicket:id and href attribute), the request&apos;s counter REQUEST_COUNTER_KEY is incremented. &lt;br/&gt;
This step is fine and my first page is displayed.&lt;/p&gt;

&lt;p&gt;Wicket put the basepage and the first sub-page in cache.&lt;/p&gt;

&lt;p&gt;When i want to render the second page, the REQUEST_COUNTER_KEY  restarts to 0 BUT : all RelativePathPrefixHandler ComponentTag of the base page keep the same id, which can be the same that one or more RelativePathPrefixHandler ComponentTag of the second sub-page.&lt;/p&gt;

&lt;p&gt;The exception occurs only when :&lt;br/&gt;
There are RelativePathPrefixHandler ComponentTags in header with &amp;lt;wicket:header-items /&amp;gt; tag or there are RelativePathPrefixHandler ComponentTags in the body of the base page.&lt;/p&gt;

&lt;p&gt;The problem is in MarkupContainer :&lt;/p&gt;
&lt;div class=&quot;preformatted panel&quot; style=&quot;border-width: 1px;&quot;&gt;&lt;div class=&quot;preformattedContent panelContent&quot;&gt;
&lt;pre&gt;protected boolean renderNext(final MarkupStream markupStream)
	{
		// Get the current markup element
		final MarkupElement element = markupStream.get();

		// If it&apos;s a tag like &amp;lt;wicket..&amp;gt; or &amp;lt;span wicket:id=&quot;...&quot; &amp;gt;
		if ((element instanceof ComponentTag) &amp;amp;&amp;amp; !markupStream.atCloseTag())
		{
			// Get element as tag
			final ComponentTag tag = (ComponentTag)element;

			// Get component id
			final String id = tag.getId();

			// Get the component for the id from the given container
			Component component = get(id);
&lt;/pre&gt;
&lt;/div&gt;&lt;/div&gt;

&lt;p&gt;While rendering the relative Prefix tag in header with wicket:header-items in head, instanceof MarkupContainer is the Page&lt;br/&gt;
While getting the component (get(id)), the id occurs twice and the second tag render the first one&lt;/p&gt;

&lt;p&gt;( !! this is realy hard to explain.... !!)&lt;br/&gt;
The QuickStart app will show you much better what i&apos;m trying to say.&lt;/p&gt;

&lt;p&gt;Go to the home page, and click to the &quot;Second Page&quot; link&lt;/p&gt;



</description>
                <environment></environment>
        <key id="12958178">WICKET-6141</key>
            <summary>Runtime Exception rendering ComponentTag with RelativePathPrefixHandler</summary>
                <type id="1" iconUrl="https://issues.apache.org/jira/secure/viewavatar?size=xsmall&amp;avatarId=21133&amp;avatarType=issuetype">Bug</type>
                                            <priority id="3" iconUrl="https://issues.apache.org/jira/images/icons/priorities/major.svg">Major</priority>
                        <status id="5" iconUrl="https://issues.apache.org/jira/images/icons/statuses/resolved.png" description="A resolution has been taken, and it is awaiting verification by reporter. From here issues are either reopened, or are closed.">Resolved</status>
                    <statusCategory id="3" key="done" colorName="green"/>
                                    <resolution id="3">Duplicate</resolution>
                                        <assignee username="-1">Unassigned</assignee>
                                    <reporter username="darkvadaure">Palancher aur&#233;lien</reporter>
                        <labels>
                            <label>Exception</label>
                            <label>RelativePathPrefixHandler</label>
                    </labels>
                <created>Tue, 12 Apr 2016 17:53:33 +0000</created>
                <updated>Wed, 13 Apr 2016 09:09:33 +0000</updated>
                            <resolved>Tue, 12 Apr 2016 19:27:33 +0000</resolved>
                                    <version>7.2.0</version>
                                    <fixVersion>7.3.0</fixVersion>
                    <fixVersion>8.0.0-M1</fixVersion>
                                    <component>wicket</component>
                        <due></due>
                            <votes>0</votes>
                                    <watches>2</watches>
                                                                <comments>
                            <comment id="15237817" author="mgrigorov" created="Tue, 12 Apr 2016 19:27:33 +0000"  >&lt;p&gt;Please test with 7.3.0-SNAPSHOT and add a comment if this is not fixed with &lt;a href=&quot;https://issues.apache.org/jira/browse/WICKET-6093&quot; title=&quot;MarkupException due to ID collision in RelativePathPrefixHandler&quot; class=&quot;issue-link&quot; data-issue-key=&quot;WICKET-6093&quot;&gt;&lt;del&gt;WICKET-6093&lt;/del&gt;&lt;/a&gt;.&lt;br/&gt;
Thanks!&lt;/p&gt;</comment>
                            <comment id="15238910" author="darkvadaure" created="Wed, 13 Apr 2016 09:08:06 +0000"  >&lt;p&gt;Works fine, thx ! Do you have a release date for 7.3.0 ?&lt;/p&gt;</comment>
                            <comment id="15238912" author="mgrigorov" created="Wed, 13 Apr 2016 09:09:33 +0000"  >&lt;p&gt;Any time now!&lt;br/&gt;
Should be available in few days!&lt;/p&gt;</comment>
                    </comments>
                <issuelinks>
                            <issuelinktype id="12310000">
                    <name>Duplicate</name>
                                            <outwardlinks description="duplicates">
                                        <issuelink>
            <issuekey id="12938027">WICKET-6093</issuekey>
        </issuelink>
                            </outwardlinks>
                                                        </issuelinktype>
                    </issuelinks>
                <attachments>
                            <attachment id="12798321" name="WicketQuickstart2.war" size="45954" author="darkvadaure" created="Tue, 12 Apr 2016 17:54:09 +0000"/>
                    </attachments>
                <subtasks>
                    </subtasks>
                <customfields>
                                                <customfield id="customfield_12310310" key="com.atlassian.jira.toolkit:attachments">
                        <customfieldname>Attachment count</customfieldname>
                        <customfieldvalues>
                            <customfieldvalue>1.0</customfieldvalue>
                        </customfieldvalues>
                    </customfield>
                                                                                                                                                                                                                                                                                                                                                                                                                                                                                                                                                                                        <customfield id="customfield_12310220" key="com.atlassian.jira.ext.charting:firstresponsedate">
                        <customfieldname>Date of First Response</customfieldname>
                        <customfieldvalues>
                            <customfieldvalue>Tue, 12 Apr 2016 19:27:33 +0000</customfieldvalue>

                        </customfieldvalues>
                    </customfield>
                                                                                                                        <customfield id="customfield_12313422" key="com.atlassian.jirafisheyeplugin:jobcheckbox">
                        <customfieldname>Enable Automatic Patch Review</customfieldname>
                        <customfieldvalues>
                            <customfieldvalue><![CDATA[false]]></customfieldvalue>

                        </customfieldvalues>
                    </customfield>
                                                                                                                                                                                                                                                                                                                                                                                                                                                                        <customfield id="customfield_12310420" key="com.pyxis.greenhopper.jira:gh-global-rank">
                        <customfieldname>Global Rank</customfieldname>
                        <customfieldvalues>
                            <customfieldvalue>9223372036854775807</customfieldvalue>
                        </customfieldvalues>
                    </customfield>
                                                                                                                        <customfield id="customfield_12312521" key="com.atlassian.jira.toolkit:LastCommentDate">
                        <customfieldname>Last public comment date</customfieldname>
                        <customfieldvalues>
                            2 years, 51 weeks, 5 days ago
                        </customfieldvalues>
                    </customfield>
                                                                                                                                                    <customfield id="customfield_12311820" key="com.pyxis.greenhopper.jira:gh-lexo-rank">
                        <customfieldname>Rank</customfieldname>
                        <customfieldvalues>
                            <customfieldvalue>0|i2w0c7:</customfieldvalue>

                        </customfieldvalues>
                    </customfield>
                                                                <customfield id="customfield_12310920" key="com.pyxis.greenhopper.jira:gh-global-rank">
                        <customfieldname>Rank (Obsolete)</customfieldname>
                        <customfieldvalues>
                            <customfieldvalue>9223372036854775807</customfieldvalue>
                        </customfieldvalues>
                    </customfield>
                                                                                                                                                                                                                                                                                                                            <customfield id="customfield_12310222" key="com.atlassian.jira.ext.charting:timeinstatus">
                        <customfieldname>Time in Status</customfieldname>
                        <customfieldvalues>
                            
                        </customfieldvalues>
                    </customfield>
                                    </customfields>
    </item>


<item>
            <title>[WICKET-6139] AjaxButton forces rendering type=&quot;button&quot; </title>
                <link>https://issues.apache.org/jira/browse/WICKET-6139</link>
                <project id="12310561" key="WICKET">Wicket</project>
                    <description>&lt;p&gt;Since &lt;a href=&quot;https://issues.apache.org/jira/browse/WICKET-5594&quot; title=&quot;AjaxButton #onSubmit() #onError() intricacies&quot; class=&quot;issue-link&quot; data-issue-key=&quot;WICKET-5594&quot;&gt;&lt;del&gt;WICKET-5594&lt;/del&gt;&lt;/a&gt; AjaxButton forces rendering type=&quot;button&quot;. I understand, that this is the desired behavior if JavaScript is disabled. On the other hand it disables the browser behavior &quot;submit form on enter&quot; when JavaScript is enabled. I can&apos;t see any problem on using type=&quot;submit&quot; in conjunction with AjaxButton, since the designated Methods onSubmit(AjaxRequestTarget target, Form&amp;lt;?&amp;gt; form), onAfterSubmit(AjaxRequestTarget target, Form&amp;lt;?&amp;gt; form) and onError(AjaxRequestTarget target, Form&amp;lt;?&amp;gt; form) will be called when pressing enter.&lt;/p&gt;

&lt;p&gt;The new behavior affects a lot of forms in our wicket applications we are currently porting from Wicket 6 to 7. &lt;/p&gt;</description>
                <environment></environment>
        <key id="12956534">WICKET-6139</key>
            <summary>AjaxButton forces rendering type=&quot;button&quot; </summary>
                <type id="1" iconUrl="https://issues.apache.org/jira/secure/viewavatar?size=xsmall&amp;avatarId=21133&amp;avatarType=issuetype">Bug</type>
                                            <priority id="4" iconUrl="https://issues.apache.org/jira/images/icons/priorities/minor.svg">Minor</priority>
                        <status id="5" iconUrl="https://issues.apache.org/jira/images/icons/statuses/resolved.png" description="A resolution has been taken, and it is awaiting verification by reporter. From here issues are either reopened, or are closed.">Resolved</status>
                    <statusCategory id="3" key="done" colorName="green"/>
                                    <resolution id="1">Fixed</resolution>
                                        <assignee username="svenmeier">Sven Meier</assignee>
                                    <reporter username="rfoerthe">Roland Foerther</reporter>
                        <labels>
                    </labels>
                <created>Wed, 6 Apr 2016 15:57:34 +0000</created>
                <updated>Thu, 7 Apr 2016 07:23:53 +0000</updated>
                            <resolved>Thu, 7 Apr 2016 07:23:53 +0000</resolved>
                                    <version>7.0.0-M2</version>
                                    <fixVersion>7.3.0</fixVersion>
                    <fixVersion>8.0.0-M1</fixVersion>
                                    <component>wicket</component>
                        <due></due>
                            <votes>0</votes>
                                    <watches>3</watches>
                                                                <comments>
                            <comment id="15228671" author="svenmeier" created="Wed, 6 Apr 2016 17:12:24 +0000"  >&lt;p&gt;Hi Roland,&lt;/p&gt;

&lt;p&gt;I think we revert part of the commit to &lt;a href=&quot;https://issues.apache.org/jira/browse/WICKET-5594&quot; title=&quot;AjaxButton #onSubmit() #onError() intricacies&quot; class=&quot;issue-link&quot; data-issue-key=&quot;WICKET-5594&quot;&gt;&lt;del&gt;WICKET-5594&lt;/del&gt;&lt;/a&gt; and leave the button type as specified in the markup:&lt;/p&gt;

&lt;ul class=&quot;alternate&quot; type=&quot;square&quot;&gt;
	&lt;li&gt;if JavaScript is disabled, the browser will submit the form non-Ajax and AjaxButton#submit() will log a warning. This is actually an improvement over the current situation, where clicking the buttons does nothing.&lt;/li&gt;
	&lt;li&gt;if JavaScript is enabled, Wicket will submit the form via XMLHttpRequest regardless whether you&apos;ve clicked the button or used the enter key to submit the first submitting button.&lt;/li&gt;
&lt;/ul&gt;


&lt;p&gt;WDYT?&lt;/p&gt;</comment>
                            <comment id="15229812" author="rfoerthe" created="Thu, 7 Apr 2016 06:57:59 +0000"  >&lt;p&gt;Hi Sven,&lt;/p&gt;

&lt;p&gt;that would be a good solution.&lt;/p&gt;</comment>
                            <comment id="15229827" author="jira-bot" created="Thu, 7 Apr 2016 07:18:52 +0000"  >&lt;p&gt;Commit e70c170cef191a3dc5f52331c8e04a5e12295bb5 in wicket&apos;s branch refs/heads/wicket-7.x from &lt;a href=&quot;https://issues.apache.org/jira/secure/ViewProfile.jspa?name=svenmeier&quot; class=&quot;user-hover&quot; rel=&quot;svenmeier&quot;&gt;Sven Meier&lt;/a&gt;&lt;br/&gt;
[ &lt;a href=&quot;https://git-wip-us.apache.org/repos/asf?p=wicket.git;h=e70c170&quot; class=&quot;external-link&quot; rel=&quot;nofollow&quot;&gt;https://git-wip-us.apache.org/repos/asf?p=wicket.git;h=e70c170&lt;/a&gt; ]&lt;/p&gt;

&lt;p&gt;&lt;a href=&quot;https://issues.apache.org/jira/browse/WICKET-6139&quot; title=&quot;AjaxButton forces rendering type=&amp;quot;button&amp;quot; &quot; class=&quot;issue-link&quot; data-issue-key=&quot;WICKET-6139&quot;&gt;&lt;del&gt;WICKET-6139&lt;/del&gt;&lt;/a&gt; don&apos;t tamper with button type: AjaxButton with JavaScript disabled will now log a warning instead of ignoring the click&lt;/p&gt;</comment>
                            <comment id="15229828" author="jira-bot" created="Thu, 7 Apr 2016 07:19:04 +0000"  >&lt;p&gt;Commit 686058119dd795b3de7f2016e3e64fb8f025f813 in wicket&apos;s branch refs/heads/master from &lt;a href=&quot;https://issues.apache.org/jira/secure/ViewProfile.jspa?name=svenmeier&quot; class=&quot;user-hover&quot; rel=&quot;svenmeier&quot;&gt;Sven Meier&lt;/a&gt;&lt;br/&gt;
[ &lt;a href=&quot;https://git-wip-us.apache.org/repos/asf?p=wicket.git;h=6860581&quot; class=&quot;external-link&quot; rel=&quot;nofollow&quot;&gt;https://git-wip-us.apache.org/repos/asf?p=wicket.git;h=6860581&lt;/a&gt; ]&lt;/p&gt;

&lt;p&gt;&lt;a href=&quot;https://issues.apache.org/jira/browse/WICKET-6139&quot; title=&quot;AjaxButton forces rendering type=&amp;quot;button&amp;quot; &quot; class=&quot;issue-link&quot; data-issue-key=&quot;WICKET-6139&quot;&gt;&lt;del&gt;WICKET-6139&lt;/del&gt;&lt;/a&gt; don&apos;t tamper with button type: AjaxButton with JavaScript disabled will now log a warning instead of ignoring the click&lt;/p&gt;</comment>
                            <comment id="15229833" author="svenmeier" created="Thu, 7 Apr 2016 07:23:53 +0000"  >&lt;p&gt;It seems tampering with the button type was a bad idea after all: it is left untouched now.&lt;br/&gt;
When JavaScript is disabled, the normal HTTP request will be logged as a warning, effectively ignoring the click as before. Users can just use type=&quot;button&quot; in their markup if they want to prevent the superfluous request in this case.&lt;/p&gt;</comment>
                    </comments>
                <issuelinks>
                            <issuelinktype id="12310050">
                    <name>Regression</name>
                                                                <inwardlinks description="is broken by">
                                        <issuelink>
            <issuekey id="12714834">WICKET-5594</issuekey>
        </issuelink>
                            </inwardlinks>
                                    </issuelinktype>
                    </issuelinks>
                <attachments>
                    </attachments>
                <subtasks>
                    </subtasks>
                <customfields>
                                                <customfield id="customfield_12310310" key="com.atlassian.jira.toolkit:attachments">
                        <customfieldname>Attachment count</customfieldname>
                        <customfieldvalues>
                            <customfieldvalue>0.0</customfieldvalue>
                        </customfieldvalues>
                    </customfield>
                                                                                                                                                                                                                                                                                                                                                                                                                                                                                                                                                                                        <customfield id="customfield_12310220" key="com.atlassian.jira.ext.charting:firstresponsedate">
                        <customfieldname>Date of First Response</customfieldname>
                        <customfieldvalues>
                            <customfieldvalue>Wed, 6 Apr 2016 17:12:24 +0000</customfieldvalue>

                        </customfieldvalues>
                    </customfield>
                                                                                                                        <customfield id="customfield_12313422" key="com.atlassian.jirafisheyeplugin:jobcheckbox">
                        <customfieldname>Enable Automatic Patch Review</customfieldname>
                        <customfieldvalues>
                            <customfieldvalue><![CDATA[false]]></customfieldvalue>

                        </customfieldvalues>
                    </customfield>
                                                                                                                                                                                                                                                                                                                                                                                                                                                                        <customfield id="customfield_12310420" key="com.pyxis.greenhopper.jira:gh-global-rank">
                        <customfieldname>Global Rank</customfieldname>
                        <customfieldvalues>
                            <customfieldvalue>9223372036854775807</customfieldvalue>
                        </customfieldvalues>
                    </customfield>
                                                                                                                        <customfield id="customfield_12312521" key="com.atlassian.jira.toolkit:LastCommentDate">
                        <customfieldname>Last public comment date</customfieldname>
                        <customfieldvalues>
                            3 years, 4 days ago
                        </customfieldvalues>
                    </customfield>
                                                                                                                                                    <customfield id="customfield_12311820" key="com.pyxis.greenhopper.jira:gh-lexo-rank">
                        <customfieldname>Rank</customfieldname>
                        <customfieldvalues>
                            <customfieldvalue>0|i2vq7j:</customfieldvalue>

                        </customfieldvalues>
                    </customfield>
                                                                <customfield id="customfield_12310920" key="com.pyxis.greenhopper.jira:gh-global-rank">
                        <customfieldname>Rank (Obsolete)</customfieldname>
                        <customfieldvalues>
                            <customfieldvalue>9223372036854775807</customfieldvalue>
                        </customfieldvalues>
                    </customfield>
                                                                                                                                                                                                                                                                                                                            <customfield id="customfield_12310222" key="com.atlassian.jira.ext.charting:timeinstatus">
                        <customfieldname>Time in Status</customfieldname>
                        <customfieldvalues>
                            
                        </customfieldvalues>
                    </customfield>
                                    </customfields>
    </item>


<item>
            <title>[WICKET-6136] AutoCompleteTextField issue in Android 5.1.1</title>
                <link>https://issues.apache.org/jira/browse/WICKET-6136</link>
                <project id="12310561" key="WICKET">Wicket</project>
                    <description>&lt;p&gt;Quick note: we have only been able to reproduce this issue on Samsung devices running Android 5.1.1. The issue affects Chrome and the Samsung browser, whereas Firefox appears to be fine. &lt;em&gt;2016-08-15:&lt;/em&gt; customer told us that the AutoCompleteTextField has also begun to show the erroneous behaviour on Firefox now.&lt;/p&gt;

&lt;p&gt;We were unable to reproduce the issue on a Nexus smartphone running Android 6. We were also unable to reproduce the issue on a Sony device running Android 5.1.1.&lt;/p&gt;

&lt;p&gt;Reproduction steps:&lt;/p&gt;

&lt;p&gt;1. Fire up the provided Quickstart.&lt;br/&gt;
2. Enter some text (e.g. &quot;un&quot;) to summon the list of suggestions.&lt;br/&gt;
3. Tap on one of the suggested countries.&lt;br/&gt;
4. Observe that no country was selected.&lt;/p&gt;</description>
                <environment>Chrome on Samsung Galaxy Note 4 running Android 5.1.1</environment>
        <key id="12955256">WICKET-6136</key>
            <summary>AutoCompleteTextField issue in Android 5.1.1</summary>
                <type id="1" iconUrl="https://issues.apache.org/jira/secure/viewavatar?size=xsmall&amp;avatarId=21133&amp;avatarType=issuetype">Bug</type>
                                            <priority id="3" iconUrl="https://issues.apache.org/jira/images/icons/priorities/major.svg">Major</priority>
                        <status id="5" iconUrl="https://issues.apache.org/jira/images/icons/statuses/resolved.png" description="A resolution has been taken, and it is awaiting verification by reporter. From here issues are either reopened, or are closed.">Resolved</status>
                    <statusCategory id="3" key="done" colorName="green"/>
                                    <resolution id="1">Fixed</resolution>
                                        <assignee username="svenmeier">Sven Meier</assignee>
                                    <reporter username="RaKauf">Remy Kaufmann</reporter>
                        <labels>
                    </labels>
                <created>Fri, 1 Apr 2016 09:42:12 +0000</created>
                <updated>Wed, 31 Aug 2016 11:18:43 +0000</updated>
                            <resolved>Tue, 30 Aug 2016 10:27:14 +0000</resolved>
                                    <version>7.2.0</version>
                    <version>6.22.0</version>
                                    <fixVersion>8.0.0-M2</fixVersion>
                    <fixVersion>6.25.0</fixVersion>
                    <fixVersion>7.5.0</fixVersion>
                                    <component>wicket-extensions</component>
                        <due></due>
                            <votes>0</votes>
                                    <watches>4</watches>
                                                                <comments>
                            <comment id="15226282" author="svenmeier" created="Tue, 5 Apr 2016 13:53:48 +0000"  >&lt;p&gt;Works fine here with stock Android browser on 5.1.1.&lt;/p&gt;

&lt;p&gt;Please try out latest 7.x.&lt;/p&gt;</comment>
                            <comment id="15227895" author="rakauf" created="Wed, 6 Apr 2016 07:43:44 +0000"  >&lt;p&gt;Hi Sven. Thank you for investigating this issue.&lt;/p&gt;

&lt;p&gt;I attempted to reproduce the issue under Wicket 7.2 as per your request. Unfortunately, I still encountered the issue, both in the stock Samsung browser and in Chrome (49.0.2623.105). I have attached the Wicket 7.x Quickstart for your convenience.&lt;/p&gt;

&lt;p&gt;Are you trying to reproduce the issue on a Samsung device? As I mentioned in the description, we were unable to reproduce the issue on a Sony device running Android 5.1.1, so it might be manufacturer-specific.&lt;/p&gt;</comment>
                            <comment id="15227969" author="mgrigorov" created="Wed, 6 Apr 2016 08:49:02 +0000"  >&lt;p&gt;I can reproduce the problem with Android 5.0 / Samsung device.&lt;br/&gt;
The selection works on the second attempt though.&lt;/p&gt;</comment>
                            <comment id="15268271" author="rakauf" created="Tue, 3 May 2016 07:23:24 +0000"  >&lt;p&gt;Given that Martin managed to reproduce the problem, will you be addressing it in Wicket 6.23? Or do you feel that it is too specific of an problem (with a simple yet slightly annoying workaround) to bother fixing?&lt;/p&gt;</comment>
                            <comment id="15268279" author="mgrigorov" created="Tue, 3 May 2016 07:31:41 +0000"  >&lt;p&gt;6.23 is already built and voted. It will be released soon!&lt;/p&gt;

&lt;p&gt;I am not sure how soon I&apos;ll find time for this problem. It is very low on my list of TODOs.&lt;br/&gt;
Maybe someone else will pick it up. Or someone will send a patch...&lt;/p&gt;</comment>
                            <comment id="15420696" author="rakauf" created="Mon, 15 Aug 2016 07:31:27 +0000"  >&lt;p&gt;Just a quick update - the customer affected by this issue has reported that after updating to Firefox 48.0, the issue began occurring in Firefox as well. They have also since upgraded to Android 6.0.1, so it would seem that the issue is not limited to Android 5.x.&lt;/p&gt;

&lt;p&gt;Customer also reported that the AutoComplete does still work correctly in the Puffin browser.&lt;/p&gt;</comment>
                            <comment id="15422441" author="rakauf" created="Tue, 16 Aug 2016 08:48:21 +0000"  >&lt;p&gt;Looks like the issue has surfaced in Chrome 52 on our Nexus 9 running Android 6.0.1 as well.&lt;/p&gt;

&lt;p&gt;As mister Grigorov mentioned earlier, selection does work on the second attempt. However, our application has &lt;em&gt;show list on focus gain&lt;/em&gt; set to false, which means that you do not get a second attempt, exacerbating the issue.&lt;/p&gt;</comment>
                            <comment id="15422739" author="rakauf" created="Tue, 16 Aug 2016 13:44:25 +0000"  >&lt;p&gt;I spent some time on the issue today. Looks like the cause lies in the &lt;em&gt;input&lt;/em&gt; event being fired when the input element loses focus (e.g. because you click or tap on an option in the auto-complete dropdown). I&apos;ll try to explain how I came to this conclusion.&lt;/p&gt;

&lt;ul&gt;
	&lt;li&gt;When the incorrect behavior described in this call occurs, an error is logged to the browser console: &lt;em&gt;cannot read property &apos;attributes&apos; of undefined&lt;/em&gt;.&lt;/li&gt;
	&lt;li&gt;This occurs in &lt;em&gt;wicket-autocomplete.js&lt;/em&gt;, in the function &lt;em&gt;getSelectedValue()&lt;/em&gt;, where the variable &lt;em&gt;selectableElement&lt;/em&gt; remains undefined after an assignment.&lt;/li&gt;
	&lt;li&gt;The assignment &lt;em&gt;selectableElement = getSelectableElement(selected)&lt;/em&gt; fails because &lt;em&gt;selected&lt;/em&gt; is &lt;em&gt;-1&lt;/em&gt;.&lt;/li&gt;
	&lt;li&gt;Feels like I have &lt;a href=&quot;https://issues.apache.org/jira/browse/WICKET-5959&quot; class=&quot;external-link&quot; rel=&quot;nofollow&quot;&gt;seen this before&lt;/a&gt; somewhere.&lt;/li&gt;
&lt;/ul&gt;


&lt;p&gt;When I click on an option in the autocomplete dropdown, the following sequence of actions occurs:&lt;/p&gt;

&lt;ul&gt;
	&lt;li&gt;First, the &lt;em&gt;mouseOverFunc&lt;/em&gt; event handler is triggered and correctly sets &lt;em&gt;selected&lt;/em&gt; to a value such as &lt;em&gt;2&lt;/em&gt;.&lt;/li&gt;
	&lt;li&gt;Then, the &lt;em&gt;inputChange&lt;/em&gt; event handler is erroneously triggered, and sets &lt;em&gt;selected&lt;/em&gt; back to &lt;em&gt;-1&lt;/em&gt; (via the &lt;em&gt;updateChoices()&lt;/em&gt; subroutine).&lt;/li&gt;
	&lt;li&gt;Finally, the &lt;em&gt;clickFunc&lt;/em&gt; event handler is triggered, and proceeds to break because &lt;em&gt;selected&lt;/em&gt; is &lt;em&gt;-1&lt;/em&gt;.&lt;/li&gt;
&lt;/ul&gt;


&lt;p&gt;I also noticed that the &lt;em&gt;inputChange&lt;/em&gt; event handler is called when the input element simply loses focus. As such, the handler being triggered does not seem to be strictly related to clicking on an option in the autocomplete dropdown. Furthermore, I also noticed that the &lt;em&gt;inputChange&lt;/em&gt; event handler was never called when I used my desktop&apos;s browser rather than my Nexus tablet.&lt;/p&gt;

&lt;p&gt;The &lt;em&gt;inputChange&lt;/em&gt; event type had me puzzled for a bit. If I understand correctly, it&apos;s an abstraction introduced by Wicket to work around some Internet Explorer issues. For modern browsers, it simply appears to bind an event handler to &lt;em&gt;input&lt;/em&gt; events on the input element through jQuery.&lt;/p&gt;

&lt;p&gt;For further investigation, I created a simpler scenario with a plain input element and a simple jQuery &lt;em&gt;input&lt;/em&gt; event handler that logged something to the console. When using my Nexus tablet, entering a character in the input resulted in a log message, and then tapping outside the input to drop focus resulted in yet another log message. When using my desktop, typing a character in the input resulted in a log message, but clicking outside the input to drop focus would not.&lt;/p&gt;

&lt;p&gt;I will attach a modified &lt;em&gt;homepage.html&lt;/em&gt; file which includes the simple input and event handler mentioned in the previous paragraph.&lt;/p&gt;

&lt;p&gt;Looks like there&apos;s some fundamentally different behavior between mobile and desktop browsers in this regard, and I&apos;m not sure how to proceed from here. Perhaps a quick and dirty solution would be to also store the last value of the text input, compare against that whenever the &lt;em&gt;inputChange&lt;/em&gt; event handler is triggered, and not executing any of the logic in the event handler when the old value matches the new one.&lt;/p&gt;

&lt;p&gt;Hope this helps!&lt;/p&gt;</comment>
                            <comment id="15438712" author="svenmeier" created="Fri, 26 Aug 2016 09:29:23 +0000"  >&lt;p&gt;I&apos;m debugging this right now, and it seems there are two problems at least:&lt;/p&gt;

&lt;p&gt;Sometimes the mouseover-function is not called (which makes sense on a touch device) and in the click-function the selected index is still -1 (resulting in &quot;cannot read property &apos;attributes&apos; of undefined&quot;) - this was easy to fix.&lt;/p&gt;

&lt;p&gt;There&apos;s another problem with the positioning of the popup, which is opened with a offset equalling the current scroll position:&lt;br/&gt;
If the window is scrolled between opening of the popup and selection of an entry, the popup is respositioned in onmouseover-&amp;gt;render, resulting in the click being invoked on the wrong entry (or none at all if there&apos;s no longer an entry under the mouse).&lt;/p&gt;</comment>
                            <comment id="15438840" author="jira-bot" created="Fri, 26 Aug 2016 12:00:02 +0000"  >&lt;p&gt;Commit 72a7fb0145fa760df4cfab0aaf26273bb7cde15e in wicket&apos;s branch refs/heads/wicket-6.x from &lt;a href=&quot;https://issues.apache.org/jira/secure/ViewProfile.jspa?name=svenmeier&quot; class=&quot;user-hover&quot; rel=&quot;svenmeier&quot;&gt;Sven Meier&lt;/a&gt;&lt;br/&gt;
[ &lt;a href=&quot;https://git-wip-us.apache.org/repos/asf?p=wicket.git;h=72a7fb0&quot; class=&quot;external-link&quot; rel=&quot;nofollow&quot;&gt;https://git-wip-us.apache.org/repos/asf?p=wicket.git;h=72a7fb0&lt;/a&gt; ]&lt;/p&gt;

&lt;p&gt;&lt;a href=&quot;https://issues.apache.org/jira/browse/WICKET-6136&quot; title=&quot;AutoCompleteTextField issue in Android 5.1.1&quot; class=&quot;issue-link&quot; data-issue-key=&quot;WICKET-6136&quot;&gt;&lt;del&gt;WICKET-6136&lt;/del&gt;&lt;/a&gt; mouseOver might not be called&lt;/p&gt;</comment>
                            <comment id="15438841" author="jira-bot" created="Fri, 26 Aug 2016 12:00:19 +0000"  >&lt;p&gt;Commit 829fd93c0f047cac457ce59a82e483783d68407f in wicket&apos;s branch refs/heads/wicket-7.x from &lt;a href=&quot;https://issues.apache.org/jira/secure/ViewProfile.jspa?name=svenmeier&quot; class=&quot;user-hover&quot; rel=&quot;svenmeier&quot;&gt;Sven Meier&lt;/a&gt;&lt;br/&gt;
[ &lt;a href=&quot;https://git-wip-us.apache.org/repos/asf?p=wicket.git;h=829fd93&quot; class=&quot;external-link&quot; rel=&quot;nofollow&quot;&gt;https://git-wip-us.apache.org/repos/asf?p=wicket.git;h=829fd93&lt;/a&gt; ]&lt;/p&gt;

&lt;p&gt;&lt;a href=&quot;https://issues.apache.org/jira/browse/WICKET-6136&quot; title=&quot;AutoCompleteTextField issue in Android 5.1.1&quot; class=&quot;issue-link&quot; data-issue-key=&quot;WICKET-6136&quot;&gt;&lt;del&gt;WICKET-6136&lt;/del&gt;&lt;/a&gt; mouseOver might not be called&lt;/p&gt;</comment>
                            <comment id="15438844" author="jira-bot" created="Fri, 26 Aug 2016 12:00:46 +0000"  >&lt;p&gt;Commit 628091ab40eea0a26d824927b648899ed01b2a22 in wicket&apos;s branch refs/heads/master from &lt;a href=&quot;https://issues.apache.org/jira/secure/ViewProfile.jspa?name=svenmeier&quot; class=&quot;user-hover&quot; rel=&quot;svenmeier&quot;&gt;Sven Meier&lt;/a&gt;&lt;br/&gt;
[ &lt;a href=&quot;https://git-wip-us.apache.org/repos/asf?p=wicket.git;h=628091a&quot; class=&quot;external-link&quot; rel=&quot;nofollow&quot;&gt;https://git-wip-us.apache.org/repos/asf?p=wicket.git;h=628091a&lt;/a&gt; ]&lt;/p&gt;

&lt;p&gt;&lt;a href=&quot;https://issues.apache.org/jira/browse/WICKET-6136&quot; title=&quot;AutoCompleteTextField issue in Android 5.1.1&quot; class=&quot;issue-link&quot; data-issue-key=&quot;WICKET-6136&quot;&gt;&lt;del&gt;WICKET-6136&lt;/del&gt;&lt;/a&gt; mouseOver might not be called&lt;/p&gt;</comment>
                            <comment id="15438847" author="svenmeier" created="Fri, 26 Aug 2016 12:02:02 +0000"  >&lt;p&gt;I&apos;ve pushed a first enhancement.&lt;/p&gt;

&lt;p&gt;&lt;a href=&quot;https://issues.apache.org/jira/secure/ViewProfile.jspa?name=RaKauf&quot; class=&quot;user-hover&quot; rel=&quot;RaKauf&quot;&gt;Remy Kaufmann&lt;/a&gt; perhaps you could give it a try already?&lt;/p&gt;</comment>
                            <comment id="15446070" author="rakauf" created="Mon, 29 Aug 2016 14:44:07 +0000"  >&lt;p&gt;Hey Sven, thank you for taking some time to investigate this issue. I would love to give your candidate fix a try, but I&apos;m afraid I don&apos;t know how to merge your change into my Wicket Quickstart environment. Any pointers?&lt;/p&gt;</comment>
                            <comment id="15446095" author="mgrigorov" created="Mon, 29 Aug 2016 14:53:00 +0000"  >&lt;p&gt;Just change the version to 7.5.0-SNAPSHOT.&lt;br/&gt;
Wicket Quickstart pom.xml has the repository for snapshots already included at the bottom (&lt;a href=&quot;https://github.com/apache/wicket/blob/1271f9a6cb88baa7eba557281d2f8e470e2fa5dd/archetypes/quickstart/src/main/resources/archetype-resources/pom.xml#L170-L181&quot; class=&quot;external-link&quot; rel=&quot;nofollow&quot;&gt;https://github.com/apache/wicket/blob/1271f9a6cb88baa7eba557281d2f8e470e2fa5dd/archetypes/quickstart/src/main/resources/archetype-resources/pom.xml#L170-L181&lt;/a&gt;)&lt;/p&gt;</comment>
                            <comment id="15448340" author="rakauf" created="Tue, 30 Aug 2016 07:38:11 +0000"  >&lt;p&gt;Thank you, Martin.&lt;/p&gt;

&lt;p&gt;Sven, I have tried your fix, and it seems to have fixed the issue. I do feel that the code path taken after tapping an option is a bit quirky, though. First, the &lt;em&gt;mouseOverFunc&lt;/em&gt; handler is triggered (this seems to happen consistenly on our Nexus at least), which correctly sets the selected element. Following this, the anonymous &lt;em&gt;inputChange&lt;/em&gt; handler is triggered, which then enters the default case due to &lt;em&gt;kc&lt;/em&gt; being &lt;em&gt;undefined&lt;/em&gt; and undoes the selection through &lt;em&gt;updateChoices()&lt;/em&gt;. Finally, the &lt;em&gt;clickFunc&lt;/em&gt; handler is triggered, which now again sets the selected element due to your change. That said, if some devices do indeed not consistently trigger the &lt;em&gt;mouseOverFunc&lt;/em&gt; handler, then setting the selected element in the &lt;em&gt;clickFunc&lt;/em&gt; handler almost seems to be a necessity.&lt;/p&gt;

&lt;p&gt;I was also able to reproduce the scrolling-related issue you mentioned, but while annoying, I&apos;d say it&apos;s far less critical than not being able to select any options at all.&lt;/p&gt;</comment>
                            <comment id="15448678" author="svenmeier" created="Tue, 30 Aug 2016 10:26:13 +0000"  >&lt;p&gt;inputChange is called, because a &apos;click&apos; (touch) on an entry will steal the focus from the input - that&apos;s expected.&lt;/p&gt;

&lt;p&gt;Wrong positioning of the popup seems to be a jQuery issue on mobile devices:&lt;/p&gt;

&lt;p&gt;&lt;a href=&quot;https://github.com/jquery/jquery/issues/3187&quot; class=&quot;external-link&quot; rel=&quot;nofollow&quot;&gt;https://github.com/jquery/jquery/issues/3187&lt;/a&gt;&lt;/p&gt;</comment>
                            <comment id="15448681" author="svenmeier" created="Tue, 30 Aug 2016 10:27:14 +0000"  >&lt;p&gt;Resolving since the main problem with selection is fixed now.&lt;/p&gt;

&lt;p&gt;Correct positioning of the popup has to be fixed in jQuery&lt;/p&gt;</comment>
                            <comment id="15451952" author="rakauf" created="Wed, 31 Aug 2016 11:18:43 +0000"  >&lt;p&gt;Huh. I was under the impression that &lt;em&gt;input&lt;/em&gt; events should only fire when the input&apos;s actual value is changed, not when it merely loses focus.&lt;/p&gt;

&lt;p&gt;Regardless, thank you very much for addressing this issue!&lt;/p&gt;</comment>
                    </comments>
                    <attachments>
                            <attachment id="12823893" name="HomePage.html" size="1690" author="RaKauf" created="Tue, 16 Aug 2016 13:45:43 +0000"/>
                            <attachment id="12797259" name="quickstart (wicket 7).zip" size="47462" author="RaKauf" created="Wed, 6 Apr 2016 07:44:07 +0000"/>
                            <attachment id="12796508" name="quickstart.zip" size="44428" author="RaKauf" created="Fri, 1 Apr 2016 09:42:45 +0000"/>
                    </attachments>
                <subtasks>
                    </subtasks>
                <customfields>
                                                <customfield id="customfield_12310310" key="com.atlassian.jira.toolkit:attachments">
                        <customfieldname>Attachment count</customfieldname>
                        <customfieldvalues>
                            <customfieldvalue>3.0</customfieldvalue>
                        </customfieldvalues>
                    </customfield>
                                                                                                                                                                                                                                                                                                                                                                                                                                                                                                                                                                                        <customfield id="customfield_12310220" key="com.atlassian.jira.ext.charting:firstresponsedate">
                        <customfieldname>Date of First Response</customfieldname>
                        <customfieldvalues>
                            <customfieldvalue>Tue, 5 Apr 2016 13:53:48 +0000</customfieldvalue>

                        </customfieldvalues>
                    </customfield>
                                                                                                                        <customfield id="customfield_12313422" key="com.atlassian.jirafisheyeplugin:jobcheckbox">
                        <customfieldname>Enable Automatic Patch Review</customfieldname>
                        <customfieldvalues>
                            <customfieldvalue><![CDATA[false]]></customfieldvalue>

                        </customfieldvalues>
                    </customfield>
                                                                                                                                                                                                                                                                                                                                                                                                                                                                        <customfield id="customfield_12310420" key="com.pyxis.greenhopper.jira:gh-global-rank">
                        <customfieldname>Global Rank</customfieldname>
                        <customfieldvalues>
                            <customfieldvalue>9223372036854775807</customfieldvalue>
                        </customfieldvalues>
                    </customfield>
                                                                                                                        <customfield id="customfield_12312521" key="com.atlassian.jira.toolkit:LastCommentDate">
                        <customfieldname>Last public comment date</customfieldname>
                        <customfieldvalues>
                            2 years, 31 weeks, 5 days ago
                        </customfieldvalues>
                    </customfield>
                                                                                                                                                    <customfield id="customfield_12311820" key="com.pyxis.greenhopper.jira:gh-lexo-rank">
                        <customfieldname>Rank</customfieldname>
                        <customfieldvalues>
                            <customfieldvalue>0|i2vic7:</customfieldvalue>

                        </customfieldvalues>
                    </customfield>
                                                                <customfield id="customfield_12310920" key="com.pyxis.greenhopper.jira:gh-global-rank">
                        <customfieldname>Rank (Obsolete)</customfieldname>
                        <customfieldvalues>
                            <customfieldvalue>9223372036854775807</customfieldvalue>
                        </customfieldvalues>
                    </customfield>
                                                                                                                                                                                                                                                                                                                            <customfield id="customfield_12310222" key="com.atlassian.jira.ext.charting:timeinstatus">
                        <customfieldname>Time in Status</customfieldname>
                        <customfieldvalues>
                            
                        </customfieldvalues>
                    </customfield>
                                    </customfields>
    </item>


<item>
            <title>[WICKET-6135] There is no good way to get POST body content</title>
                <link>https://issues.apache.org/jira/browse/WICKET-6135</link>
                <project id="12310561" key="WICKET">Wicket</project>
                    <description>&lt;p&gt;There is no way to obtain whole HTTP POST body.&lt;br/&gt;
The reason of that is the following:&lt;br/&gt;
Mappers invoke WebRequest.isAjax() and isAjax() is trying to&lt;br/&gt;
getRequestParameters() - so body of POST parsed prior to actual&lt;br/&gt;
getInputStream() in code. &lt;/p&gt;

&lt;p&gt;There is bad workaround: to collect body through something like getRequest().getPostParameters().getParameterNames().iterator().next().&lt;/p&gt;

&lt;p&gt;But it&apos;s really bad because of the following reasons:&lt;/p&gt;

&lt;p&gt;1) Map can not guarantee that order of keys remain the same. In my&lt;br/&gt;
case Jetty use HashMap as underling storage.&lt;br/&gt;
2) Some part of content might be URL encoded. So after collecting all&lt;br/&gt;
back: it&apos;s hard to revert exectly to initial value due to fact that&lt;br/&gt;
some parts contained URL encoded stuff.&lt;br/&gt;
3) POST can contain huge body. So it looks very strange.&lt;/p&gt;

&lt;p&gt;As a work-around I use Filter configured prior to wicket to intercept&lt;br/&gt;
body whenever it&apos;s needed:&lt;br/&gt;
&lt;a href=&quot;https://github.com/OrienteerDW/wicket-orientdb/commit/c9e706d9e84a828901a5ad97ed50aa46521f7bfb&quot; class=&quot;external-link&quot; rel=&quot;nofollow&quot;&gt;https://github.com/OrienteerDW/wicket-orientdb/commit/c9e706d9e84a828901a5ad97ed50aa46521f7bfb&lt;/a&gt;&lt;/p&gt;

&lt;p&gt;Please find a good way to get required stuff in wicket.&lt;/p&gt;</description>
                <environment></environment>
        <key id="12955149">WICKET-6135</key>
            <summary>There is no good way to get POST body content</summary>
                <type id="1" iconUrl="https://issues.apache.org/jira/secure/viewavatar?size=xsmall&amp;avatarId=21133&amp;avatarType=issuetype">Bug</type>
                                            <priority id="3" iconUrl="https://issues.apache.org/jira/images/icons/priorities/major.svg">Major</priority>
                        <status id="5" iconUrl="https://issues.apache.org/jira/images/icons/statuses/resolved.png" description="A resolution has been taken, and it is awaiting verification by reporter. From here issues are either reopened, or are closed.">Resolved</status>
                    <statusCategory id="3" key="done" colorName="green"/>
                                    <resolution id="1">Fixed</resolution>
                                        <assignee username="mgrigorov">Martin Grigorov</assignee>
                                    <reporter username="phantom">Ilia Naryzhny</reporter>
                        <labels>
                    </labels>
                <created>Fri, 1 Apr 2016 00:08:17 +0000</created>
                <updated>Tue, 19 Apr 2016 20:52:40 +0000</updated>
                            <resolved>Tue, 19 Apr 2016 20:52:40 +0000</resolved>
                                    <version>7.2.0</version>
                                    <fixVersion>7.3.0</fixVersion>
                    <fixVersion>8.0.0-M1</fixVersion>
                    <fixVersion>6.23.0</fixVersion>
                                    <component>wicket</component>
                        <due></due>
                            <votes>0</votes>
                                    <watches>3</watches>
                                                                <comments>
                            <comment id="15220897" author="phantom" created="Fri, 1 Apr 2016 00:09:42 +0000"  >&lt;p&gt;Is it really required for isAjax() method check POST parameters as&lt;br/&gt;
well? I mean, may be flag is in query string and there is even no goal&lt;br/&gt;
to check POST body. In this case fix will be easy.&lt;/p&gt;</comment>
                            <comment id="15248607" author="jira-bot" created="Tue, 19 Apr 2016 20:51:07 +0000"  >&lt;p&gt;Commit 3920131bf7e4ec631aa80058667e5cd27762c26b in wicket&apos;s branch refs/heads/master from &lt;a href=&quot;https://issues.apache.org/jira/secure/ViewProfile.jspa?name=mgrigorov&quot; class=&quot;user-hover&quot; rel=&quot;mgrigorov&quot;&gt;Martin Grigorov&lt;/a&gt;&lt;br/&gt;
[ &lt;a href=&quot;https://git-wip-us.apache.org/repos/asf?p=wicket.git;h=3920131&quot; class=&quot;external-link&quot; rel=&quot;nofollow&quot;&gt;https://git-wip-us.apache.org/repos/asf?p=wicket.git;h=3920131&lt;/a&gt; ]&lt;/p&gt;

&lt;p&gt;&lt;a href=&quot;https://issues.apache.org/jira/browse/WICKET-6135&quot; title=&quot;There is no good way to get POST body content&quot; class=&quot;issue-link&quot; data-issue-key=&quot;WICKET-6135&quot;&gt;&lt;del&gt;WICKET-6135&lt;/del&gt;&lt;/a&gt; There is no good way to get POST body content&lt;/p&gt;</comment>
                            <comment id="15248609" author="jira-bot" created="Tue, 19 Apr 2016 20:51:39 +0000"  >&lt;p&gt;Commit eb1f07be5de3a7123eb8b84c0e90653ecc74e333 in wicket&apos;s branch refs/heads/wicket-7.x from &lt;a href=&quot;https://issues.apache.org/jira/secure/ViewProfile.jspa?name=mgrigorov&quot; class=&quot;user-hover&quot; rel=&quot;mgrigorov&quot;&gt;Martin Grigorov&lt;/a&gt;&lt;br/&gt;
[ &lt;a href=&quot;https://git-wip-us.apache.org/repos/asf?p=wicket.git;h=eb1f07b&quot; class=&quot;external-link&quot; rel=&quot;nofollow&quot;&gt;https://git-wip-us.apache.org/repos/asf?p=wicket.git;h=eb1f07b&lt;/a&gt; ]&lt;/p&gt;

&lt;p&gt;&lt;a href=&quot;https://issues.apache.org/jira/browse/WICKET-6135&quot; title=&quot;There is no good way to get POST body content&quot; class=&quot;issue-link&quot; data-issue-key=&quot;WICKET-6135&quot;&gt;&lt;del&gt;WICKET-6135&lt;/del&gt;&lt;/a&gt; There is no good way to get POST body content&lt;/p&gt;</comment>
                            <comment id="15248610" author="jira-bot" created="Tue, 19 Apr 2016 20:51:58 +0000"  >&lt;p&gt;Commit 23ab412048c644d014219a671e9eec1f2c495fe9 in wicket&apos;s branch refs/heads/wicket-6.x from &lt;a href=&quot;https://issues.apache.org/jira/secure/ViewProfile.jspa?name=mgrigorov&quot; class=&quot;user-hover&quot; rel=&quot;mgrigorov&quot;&gt;Martin Grigorov&lt;/a&gt;&lt;br/&gt;
[ &lt;a href=&quot;https://git-wip-us.apache.org/repos/asf?p=wicket.git;h=23ab412&quot; class=&quot;external-link&quot; rel=&quot;nofollow&quot;&gt;https://git-wip-us.apache.org/repos/asf?p=wicket.git;h=23ab412&lt;/a&gt; ]&lt;/p&gt;

&lt;p&gt;&lt;a href=&quot;https://issues.apache.org/jira/browse/WICKET-6135&quot; title=&quot;There is no good way to get POST body content&quot; class=&quot;issue-link&quot; data-issue-key=&quot;WICKET-6135&quot;&gt;&lt;del&gt;WICKET-6135&lt;/del&gt;&lt;/a&gt; There is no good way to get POST body content&lt;/p&gt;</comment>
                            <comment id="15248612" author="mgrigorov" created="Tue, 19 Apr 2016 20:52:40 +0000"  >&lt;p&gt;WebRequest#isAjax() now uses only the GET parameters.&lt;/p&gt;</comment>
                    </comments>
                    <attachments>
                    </attachments>
                <subtasks>
                    </subtasks>
                <customfields>
                                                <customfield id="customfield_12310310" key="com.atlassian.jira.toolkit:attachments">
                        <customfieldname>Attachment count</customfieldname>
                        <customfieldvalues>
                            <customfieldvalue>0.0</customfieldvalue>
                        </customfieldvalues>
                    </customfield>
                                                                                                                                                                                                                                                                                                                                                                                                                                                                                                                                                                                        <customfield id="customfield_12310220" key="com.atlassian.jira.ext.charting:firstresponsedate">
                        <customfieldname>Date of First Response</customfieldname>
                        <customfieldvalues>
                            <customfieldvalue>Tue, 19 Apr 2016 20:51:07 +0000</customfieldvalue>

                        </customfieldvalues>
                    </customfield>
                                                                                                                        <customfield id="customfield_12313422" key="com.atlassian.jirafisheyeplugin:jobcheckbox">
                        <customfieldname>Enable Automatic Patch Review</customfieldname>
                        <customfieldvalues>
                            <customfieldvalue><![CDATA[false]]></customfieldvalue>

                        </customfieldvalues>
                    </customfield>
                                                                                                                                                                                                                                                                                                                                                                                                                                                                        <customfield id="customfield_12310420" key="com.pyxis.greenhopper.jira:gh-global-rank">
                        <customfieldname>Global Rank</customfieldname>
                        <customfieldvalues>
                            <customfieldvalue>9223372036854775807</customfieldvalue>
                        </customfieldvalues>
                    </customfield>
                                                                                                                        <customfield id="customfield_12312521" key="com.atlassian.jira.toolkit:LastCommentDate">
                        <customfieldname>Last public comment date</customfieldname>
                        <customfieldvalues>
                            2 years, 50 weeks, 5 days ago
                        </customfieldvalues>
                    </customfield>
                                                                                                                                                    <customfield id="customfield_12311820" key="com.pyxis.greenhopper.jira:gh-lexo-rank">
                        <customfieldname>Rank</customfieldname>
                        <customfieldvalues>
                            <customfieldvalue>0|i2vhof:</customfieldvalue>

                        </customfieldvalues>
                    </customfield>
                                                                <customfield id="customfield_12310920" key="com.pyxis.greenhopper.jira:gh-global-rank">
                        <customfieldname>Rank (Obsolete)</customfieldname>
                        <customfieldvalues>
                            <customfieldvalue>9223372036854775807</customfieldvalue>
                        </customfieldvalues>
                    </customfield>
                                                                                                                                                                                                                                                                                                                            <customfield id="customfield_12310222" key="com.atlassian.jira.ext.charting:timeinstatus">
                        <customfieldname>Time in Status</customfieldname>
                        <customfieldvalues>
                            
                        </customfieldvalues>
                    </customfield>
                                    </customfields>
    </item>
</channel>
</rss>