<!--
RSS generated by JIRA (7.6.3#76005-sha1:8a4e38d34af948780dbf52044e7aafb13a7cae58) at Mon Apr 08 11:26:11 UTC 2019

It is possible to restrict the fields that are returned in this document by specifying the 'field' parameter in your request.
For example, to request only the issue key and summary append 'field=key&field=summary' to the URL of your request.
-->
<!-- If you wish to do custom client-side styling of RSS, uncomment this:
<?xml-stylesheet href="https://issues.apache.org/jira/styles/jiraxml2html.xsl" type="text/xsl"?>
-->
<rss version="0.92">
    <channel>
        <title>ASF JIRA</title>
        <link>https://issues.apache.org/jira/issues/?jql=project+%3D+WICKET+AND+issuetype+%3D+Bug+AND+created+%3E%3D+2017-01-01+AND+created+%3C%3D+2017-02-01</link>
        <description>An XML representation of a search request</description>
                <language>en-uk</language>
                        <issue start="0" end="8" total="8"/>
                <build-info>
            <version>7.6.3</version>
            <build-number>76005</build-number>
            <build-date>09-01-2018</build-date>
        </build-info>

<item>
            <title>[WICKET-6314] 7.6 release references 7.5-SNAPSHOT poms</title>
                <link>https://issues.apache.org/jira/browse/WICKET-6314</link>
                <project id="12310561" key="WICKET">Wicket</project>
                    <description>&lt;p&gt;mvn install fails, due to referencing 7.5-SNAPSHOT dependencies&lt;/p&gt;

&lt;p&gt;Error:&lt;/p&gt;
&lt;div class=&quot;code panel&quot; style=&quot;border-width: 1px;&quot;&gt;&lt;div class=&quot;codeContent panelContent&quot;&gt;
&lt;pre class=&quot;code-none&quot;&gt;jan@Daisy:/tmp$ mvn archetype:generate -DarchetypeGroupId=org.apache.wicket -DarchetypeArtifactId=wicket-archetype-quickstart -DarchetypeVersion=7.6.0 -DgroupId=com.mycompany -DartifactId=myproject -DarchetypeRepository=https://repository.apache.org/ -DinteractiveMode=false                                                                                                                                                                                                                                                                            
[INFO] Scanning for projects...                                                                                                                                                                                                                                                
[INFO]                                                                                                                                                                                                                                                                         
[INFO] ------------------------------------------------------------------------                                                                                                                                                                                                
[INFO] Building Maven Stub Project (No POM) 1                                                                                                                                                                                                                                  
[INFO] ------------------------------------------------------------------------                                                                                                                                                                                                
[INFO]                                                                                                                                                                                                                                                                         
[INFO] &amp;gt;&amp;gt;&amp;gt; maven-archetype-plugin:2.4:generate (default-cli) @ standalone-pom &amp;gt;&amp;gt;&amp;gt;                                                                                                                                                                                              
[INFO]                                                                                                                                                                                                                                                                         
[INFO] &amp;lt;&amp;lt;&amp;lt; maven-archetype-plugin:2.4:generate (default-cli) @ standalone-pom &amp;lt;&amp;lt;&amp;lt;
[INFO] 
[INFO] --- maven-archetype-plugin:2.4:generate (default-cli) @ standalone-pom ---
[INFO] Generating project in Batch mode
[INFO] Archetype defined by properties
[INFO] ----------------------------------------------------------------------------
[INFO] Using following parameters for creating project from Archetype: wicket-archetype-quickstart:7.6.0
[INFO] ----------------------------------------------------------------------------
[INFO] Parameter: groupId, Value: com.mycompany
[INFO] Parameter: artifactId, Value: myproject
[INFO] Parameter: version, Value: 1.0-SNAPSHOT
[INFO] Parameter: package, Value: com.mycompany
[INFO] Parameter: packageInPathFormat, Value: com/mycompany
[INFO] Parameter: version, Value: 1.0-SNAPSHOT
[INFO] Parameter: package, Value: com.mycompany
[INFO] Parameter: groupId, Value: com.mycompany
[INFO] Parameter: log4j.properties, Value: log4j2.xml
[INFO] Parameter: artifactId, Value: myproject
[INFO] project created from Archetype in dir: /tmp/myproject
[INFO] ------------------------------------------------------------------------
[INFO] BUILD SUCCESS
[INFO] ------------------------------------------------------------------------
[INFO] Total time: 0.671s
[INFO] Finished at: Tue Jan 31 14:03:07 CET 2017
[INFO] Final Memory: 13M/145M
[INFO] ------------------------------------------------------------------------
jan@Daisy:/tmp$ cd myproject/
jan@Daisy:/tmp/myproject$ ls -lh
total 12K
-rw-r--r-- 1 jan jan 5.5K Jan 31 14:03 pom.xml
drwxr-xr-x 4 jan jan 4.0K Jan 31 14:03 src
jan@Daisy:/tmp/myproject$ mvn install
[INFO] Scanning for projects...
[INFO]                                                                         
[INFO] ------------------------------------------------------------------------
[INFO] Building quickstart 1.0-SNAPSHOT
[INFO] ------------------------------------------------------------------------
Downloading: https://repository.apache.org/content/repositories/snapshots/org/apache/wicket/wicket-core/7.5.0-SNAPSHOT/maven-metadata.xml
Downloading: https://repository.apache.org/content/repositories/snapshots/org/apache/wicket/wicket-core/7.5.0-SNAPSHOT/wicket-core-7.5.0-SNAPSHOT.pom
[WARNING] The POM for org.apache.wicket:wicket-core:jar:7.5.0-SNAPSHOT is missing, no dependency information available
Downloading: https://repository.apache.org/content/repositories/snapshots/org/apache/wicket/wicket-core/7.5.0-SNAPSHOT/wicket-core-7.5.0-SNAPSHOT.jar
[INFO] ------------------------------------------------------------------------
[INFO] BUILD FAILURE
[INFO] ------------------------------------------------------------------------
[INFO] Total time: 2.348s
[INFO] Finished at: Tue Jan 31 14:03:21 CET 2017
[INFO] Final Memory: 9M/145M
[INFO] ------------------------------------------------------------------------
[ERROR] Failed to execute goal on project myproject: Could not resolve dependencies for project com.mycompany:myproject:war:1.0-SNAPSHOT: Could not find artifact org.apache.wicket:wicket-core:jar:7.5.0-SNAPSHOT in Apache Nexus (https://repository.apache.org/content/repositories/snapshots/) -&amp;gt; [Help 1]
[ERROR] 
[ERROR] To see the full stack trace of the errors, re-run Maven with the -e switch.
[ERROR] Re-run Maven using the -X switch to enable full debug logging.
[ERROR] 
[ERROR] For more information about the errors and possible solutions, please read the following articles:
[ERROR] [Help 1] http://cwiki.apache.org/confluence/display/MAVEN/DependencyResolutionException
&lt;/pre&gt;
&lt;/div&gt;&lt;/div&gt;

&lt;p&gt;Looking at myproject/pom.xml there is:&lt;/p&gt;
&lt;div class=&quot;code panel&quot; style=&quot;border-width: 1px;&quot;&gt;&lt;div class=&quot;codeContent panelContent&quot;&gt;
&lt;pre class=&quot;code-xml&quot;&gt;&lt;span class=&quot;code-tag&quot;&gt;&amp;lt;wicket.version&amp;gt;&lt;/span&gt;7.5.0-SNAPSHOT&lt;span class=&quot;code-tag&quot;&gt;&amp;lt;/wicket.version&amp;gt;&lt;/span&gt;
&lt;/pre&gt;
&lt;/div&gt;&lt;/div&gt;
&lt;p&gt;After changing this to 7.6.0 everything is fine.&lt;/p&gt;</description>
                <environment>Debian GNU/Linux Jessie</environment>
        <key id="13039174">WICKET-6314</key>
            <summary>7.6 release references 7.5-SNAPSHOT poms</summary>
                <type id="1" iconUrl="https://issues.apache.org/jira/secure/viewavatar?size=xsmall&amp;avatarId=21133&amp;avatarType=issuetype">Bug</type>
                                            <priority id="4" iconUrl="https://issues.apache.org/jira/images/icons/priorities/minor.svg">Minor</priority>
                        <status id="5" iconUrl="https://issues.apache.org/jira/images/icons/statuses/resolved.png" description="A resolution has been taken, and it is awaiting verification by reporter. From here issues are either reopened, or are closed.">Resolved</status>
                    <statusCategory id="3" key="done" colorName="green"/>
                                    <resolution id="1">Fixed</resolution>
                                        <assignee username="mgrigorov">Martin Grigorov</assignee>
                                    <reporter username="jan.luehr@anderscore.com">Jan L&#252;hr</reporter>
                        <labels>
                    </labels>
                <created>Tue, 31 Jan 2017 13:10:47 +0000</created>
                <updated>Tue, 31 Jan 2017 20:33:20 +0000</updated>
                            <resolved>Tue, 31 Jan 2017 20:33:20 +0000</resolved>
                                    <version>7.6.0</version>
                                    <fixVersion>6.27.0</fixVersion>
                    <fixVersion>7.7.0</fixVersion>
                    <fixVersion>8.0.0-M4</fixVersion>
                                    <component>wicket</component>
                        <due></due>
                            <votes>0</votes>
                                    <watches>2</watches>
                                                                <comments>
                            <comment id="15847459" author="mgrigorov" created="Tue, 31 Jan 2017 20:33:20 +0000"  >&lt;p&gt;Fixed by &lt;a href=&quot;https://git1-us-west.apache.org/repos/asf?p=wicket.git;a=commit;h=86f7cb04&quot; class=&quot;external-link&quot; rel=&quot;nofollow&quot;&gt;https://git1-us-west.apache.org/repos/asf?p=wicket.git;a=commit;h=86f7cb04&lt;/a&gt;.&lt;/p&gt;</comment>
                    </comments>
                    <attachments>
                    </attachments>
                <subtasks>
                    </subtasks>
                <customfields>
                                                <customfield id="customfield_12310310" key="com.atlassian.jira.toolkit:attachments">
                        <customfieldname>Attachment count</customfieldname>
                        <customfieldvalues>
                            <customfieldvalue>0.0</customfieldvalue>
                        </customfieldvalues>
                    </customfield>
                                                                                                                                                                                                                                                                                                                                                                                                                                                                                                                                                                                        <customfield id="customfield_12310220" key="com.atlassian.jira.ext.charting:firstresponsedate">
                        <customfieldname>Date of First Response</customfieldname>
                        <customfieldvalues>
                            <customfieldvalue>Tue, 31 Jan 2017 20:33:20 +0000</customfieldvalue>

                        </customfieldvalues>
                    </customfield>
                                                                                                                        <customfield id="customfield_12313422" key="com.atlassian.jirafisheyeplugin:jobcheckbox">
                        <customfieldname>Enable Automatic Patch Review</customfieldname>
                        <customfieldvalues>
                            <customfieldvalue><![CDATA[false]]></customfieldvalue>

                        </customfieldvalues>
                    </customfield>
                                                                                                                                                                                                                                                                                                                                                                                                                                                                        <customfield id="customfield_12310420" key="com.pyxis.greenhopper.jira:gh-global-rank">
                        <customfieldname>Global Rank</customfieldname>
                        <customfieldvalues>
                            <customfieldvalue>9223372036854775807</customfieldvalue>
                        </customfieldvalues>
                    </customfield>
                                                                                                                        <customfield id="customfield_12312521" key="com.atlassian.jira.toolkit:LastCommentDate">
                        <customfieldname>Last public comment date</customfieldname>
                        <customfieldvalues>
                            2 years, 9 weeks, 5 days ago
                        </customfieldvalues>
                    </customfield>
                                                                                                                                                    <customfield id="customfield_12311820" key="com.pyxis.greenhopper.jira:gh-lexo-rank">
                        <customfieldname>Rank</customfieldname>
                        <customfieldvalues>
                            <customfieldvalue>0|i39ezz:</customfieldvalue>

                        </customfieldvalues>
                    </customfield>
                                                                <customfield id="customfield_12310920" key="com.pyxis.greenhopper.jira:gh-global-rank">
                        <customfieldname>Rank (Obsolete)</customfieldname>
                        <customfieldvalues>
                            <customfieldvalue>9223372036854775807</customfieldvalue>
                        </customfieldvalues>
                    </customfield>
                                                                                                                                                                                                                                                                                                                            <customfield id="customfield_12310222" key="com.atlassian.jira.ext.charting:timeinstatus">
                        <customfieldname>Time in Status</customfieldname>
                        <customfieldvalues>
                            
                        </customfieldvalues>
                    </customfield>
                                    </customfields>
    </item>


<item>
            <title>[WICKET-6313] Missing Images</title>
                <link>https://issues.apache.org/jira/browse/WICKET-6313</link>
                <project id="12310561" key="WICKET">Wicket</project>
                    <description>&lt;p&gt;Some Images - some UML class-diagrams - are not included in the PDF-Version when building the guide with mvn -Pguide install. These files are included in the html-Version (see screenshot)&lt;/p&gt;

&lt;p&gt;I noticed some .png-inclusion related warnings during the build:&lt;br/&gt;
asciidoctor: WARNING: could not embed image&lt;/p&gt;

&lt;p&gt;/tmp/wicket/wicket-user-guide/src/main/asciidoc/img/inmethod-grid2.png;&lt;br/&gt;
PNG uses unsupported interlace method&lt;/p&gt;</description>
                <environment>Debian GNU/Linux &amp;quot;Jessie&amp;quot;</environment>
        <key id="13039144">WICKET-6313</key>
            <summary>Missing Images</summary>
                <type id="1" iconUrl="https://issues.apache.org/jira/secure/viewavatar?size=xsmall&amp;avatarId=21133&amp;avatarType=issuetype">Bug</type>
                                            <priority id="3" iconUrl="https://issues.apache.org/jira/images/icons/priorities/major.svg">Major</priority>
                        <status id="6" iconUrl="https://issues.apache.org/jira/images/icons/statuses/closed.png" description="The issue is considered finished, the resolution is correct. Issues which are not closed can be reopened.">Closed</status>
                    <statusCategory id="3" key="done" colorName="green"/>
                                    <resolution id="1">Fixed</resolution>
                                        <assignee username="bitstorm">Andrea Del Bene</assignee>
                                    <reporter username="jan.luehr@anderscore.com">Jan L&#252;hr</reporter>
                        <labels>
                    </labels>
                <created>Tue, 31 Jan 2017 10:03:01 +0000</created>
                <updated>Mon, 13 Feb 2017 13:14:11 +0000</updated>
                            <resolved>Mon, 13 Feb 2017 13:14:11 +0000</resolved>
                                    <version>7.6.0</version>
                    <version>8.0.0-M4</version>
                                    <fixVersion>7.6.0</fixVersion>
                    <fixVersion>8.0.0-M4</fixVersion>
                                    <component>guide</component>
                        <due></due>
                            <votes>0</votes>
                                    <watches>4</watches>
                                                                <comments>
                            <comment id="15861467" author="jira-bot" created="Fri, 10 Feb 2017 16:11:53 +0000"  >&lt;p&gt;Commit e8aea229e28bcdf7ef52997532054255f8098115 in wicket&apos;s branch refs/heads/master from &lt;a href=&quot;https://issues.apache.org/jira/secure/ViewProfile.jspa?name=bitstorm&quot; class=&quot;user-hover&quot; rel=&quot;bitstorm&quot;&gt;Andrea Del Bene&lt;/a&gt;&lt;br/&gt;
[ &lt;a href=&quot;https://git-wip-us.apache.org/repos/asf?p=wicket.git;h=e8aea22&quot; class=&quot;external-link&quot; rel=&quot;nofollow&quot;&gt;https://git-wip-us.apache.org/repos/asf?p=wicket.git;h=e8aea22&lt;/a&gt; ]&lt;/p&gt;

&lt;p&gt;&lt;a href=&quot;https://issues.apache.org/jira/browse/WICKET-6313&quot; title=&quot;Missing Images&quot; class=&quot;issue-link&quot; data-issue-key=&quot;WICKET-6313&quot;&gt;&lt;del&gt;WICKET-6313&lt;/del&gt;&lt;/a&gt; images reconverted to be embedded in the pdf&lt;/p&gt;</comment>
                            <comment id="15861535" author="jira-bot" created="Fri, 10 Feb 2017 16:57:41 +0000"  >&lt;p&gt;Commit 0f96729c43db55d749dba3fa4777b390a751e847 in wicket&apos;s branch refs/heads/wicket-7.x from &lt;a href=&quot;https://issues.apache.org/jira/secure/ViewProfile.jspa?name=bitstorm&quot; class=&quot;user-hover&quot; rel=&quot;bitstorm&quot;&gt;Andrea Del Bene&lt;/a&gt;&lt;br/&gt;
[ &lt;a href=&quot;https://git-wip-us.apache.org/repos/asf?p=wicket.git;h=0f96729&quot; class=&quot;external-link&quot; rel=&quot;nofollow&quot;&gt;https://git-wip-us.apache.org/repos/asf?p=wicket.git;h=0f96729&lt;/a&gt; ]&lt;/p&gt;

&lt;p&gt;&lt;a href=&quot;https://issues.apache.org/jira/browse/WICKET-6313&quot; title=&quot;Missing Images&quot; class=&quot;issue-link&quot; data-issue-key=&quot;WICKET-6313&quot;&gt;&lt;del&gt;WICKET-6313&lt;/del&gt;&lt;/a&gt; images reconverted to be embedded in the pdf&lt;/p&gt;</comment>
                            <comment id="15863219" author="jira-bot" created="Mon, 13 Feb 2017 05:16:04 +0000"  >&lt;p&gt;Commit ede069b9b9617eb96b1705ab3515cc5ebe530279 in wicket&apos;s branch refs/heads/&lt;a href=&quot;https://issues.apache.org/jira/browse/WICKET-6318&quot; title=&quot;To make PropertyResolver a configurable implementation&quot; class=&quot;issue-link&quot; data-issue-key=&quot;WICKET-6318&quot;&gt;WICKET-6318&lt;/a&gt;-configurable-property-expression-resolver from Pedro Henrique Oliveira dos Santos&lt;br/&gt;
[ &lt;a href=&quot;https://git-wip-us.apache.org/repos/asf?p=wicket.git;h=ede069b&quot; class=&quot;external-link&quot; rel=&quot;nofollow&quot;&gt;https://git-wip-us.apache.org/repos/asf?p=wicket.git;h=ede069b&lt;/a&gt; ]&lt;/p&gt;

&lt;p&gt;&lt;a href=&quot;https://issues.apache.org/jira/browse/WICKET-6313&quot; title=&quot;Missing Images&quot; class=&quot;issue-link&quot; data-issue-key=&quot;WICKET-6313&quot;&gt;&lt;del&gt;WICKET-6313&lt;/del&gt;&lt;/a&gt; simplified IPropertyExpressionResolver, keeping one CachingPropertyLocator per OGNLPropertyExpressionResolver instance, javadoc&lt;/p&gt;</comment>
                            <comment id="15863220" author="jira-bot" created="Mon, 13 Feb 2017 05:16:07 +0000"  >&lt;p&gt;Commit fa0f12624c97e99a37f2fbe0f9b8e41215bedb1f in wicket&apos;s branch refs/heads/&lt;a href=&quot;https://issues.apache.org/jira/browse/WICKET-6318&quot; title=&quot;To make PropertyResolver a configurable implementation&quot; class=&quot;issue-link&quot; data-issue-key=&quot;WICKET-6318&quot;&gt;WICKET-6318&lt;/a&gt;-configurable-property-expression-resolver from Pedro Henrique Oliveira dos Santos&lt;br/&gt;
[ &lt;a href=&quot;https://git-wip-us.apache.org/repos/asf?p=wicket.git;h=fa0f126&quot; class=&quot;external-link&quot; rel=&quot;nofollow&quot;&gt;https://git-wip-us.apache.org/repos/asf?p=wicket.git;h=fa0f126&lt;/a&gt; ]&lt;/p&gt;

&lt;p&gt;&lt;a href=&quot;https://issues.apache.org/jira/browse/WICKET-6313&quot; title=&quot;Missing Images&quot; class=&quot;issue-link&quot; data-issue-key=&quot;WICKET-6313&quot;&gt;&lt;del&gt;WICKET-6313&lt;/del&gt;&lt;/a&gt; updating wicket-bean-validation project to use the new property resolution api&lt;/p&gt;</comment>
                            <comment id="15863227" author="pedrosans" created="Mon, 13 Feb 2017 05:26:23 +0000"  >&lt;p&gt;Hi Andera, ignore the last two notifications on this ticket, I mistyped the ticket number in the commit message. I meant &lt;a href=&quot;https://issues.apache.org/jira/browse/WICKET-6318&quot; title=&quot;To make PropertyResolver a configurable implementation&quot; class=&quot;issue-link&quot; data-issue-key=&quot;WICKET-6318&quot;&gt;WICKET-6318&lt;/a&gt;&lt;/p&gt;</comment>
                            <comment id="15863640" author="bitstorm" created="Mon, 13 Feb 2017 13:14:11 +0000"  >&lt;p&gt;hi &lt;a href=&quot;https://issues.apache.org/jira/secure/ViewProfile.jspa?name=pedrosans&quot; class=&quot;user-hover&quot; rel=&quot;pedrosans&quot;&gt;Pedro Santos&lt;/a&gt;,&lt;/p&gt;

&lt;p&gt;no problem.&lt;/p&gt;</comment>
                    </comments>
                    <attachments>
                            <attachment id="12850174" name="pdf_vs_html.png" size="376586" author="jan.luehr@anderscore.com" created="Tue, 31 Jan 2017 10:03:01 +0000"/>
                    </attachments>
                <subtasks>
                    </subtasks>
                <customfields>
                                                <customfield id="customfield_12310310" key="com.atlassian.jira.toolkit:attachments">
                        <customfieldname>Attachment count</customfieldname>
                        <customfieldvalues>
                            <customfieldvalue>1.0</customfieldvalue>
                        </customfieldvalues>
                    </customfield>
                                                                                                                                                                                                                                                                                                                                                                                                                                                                                                                                                                                        <customfield id="customfield_12310220" key="com.atlassian.jira.ext.charting:firstresponsedate">
                        <customfieldname>Date of First Response</customfieldname>
                        <customfieldvalues>
                            <customfieldvalue>Fri, 10 Feb 2017 16:11:53 +0000</customfieldvalue>

                        </customfieldvalues>
                    </customfield>
                                                                                                                        <customfield id="customfield_12313422" key="com.atlassian.jirafisheyeplugin:jobcheckbox">
                        <customfieldname>Enable Automatic Patch Review</customfieldname>
                        <customfieldvalues>
                            <customfieldvalue><![CDATA[false]]></customfieldvalue>

                        </customfieldvalues>
                    </customfield>
                                                                                                                                                                                                                                                                                                                                                                                                                                                                        <customfield id="customfield_12310420" key="com.pyxis.greenhopper.jira:gh-global-rank">
                        <customfieldname>Global Rank</customfieldname>
                        <customfieldvalues>
                            <customfieldvalue>9223372036854775807</customfieldvalue>
                        </customfieldvalues>
                    </customfield>
                                                                                                                        <customfield id="customfield_12312521" key="com.atlassian.jira.toolkit:LastCommentDate">
                        <customfieldname>Last public comment date</customfieldname>
                        <customfieldvalues>
                            2 years, 7 weeks, 6 days ago
                        </customfieldvalues>
                    </customfield>
                                                                                                                                                    <customfield id="customfield_12311820" key="com.pyxis.greenhopper.jira:gh-lexo-rank">
                        <customfieldname>Rank</customfieldname>
                        <customfieldvalues>
                            <customfieldvalue>0|i39etb:</customfieldvalue>

                        </customfieldvalues>
                    </customfield>
                                                                <customfield id="customfield_12310920" key="com.pyxis.greenhopper.jira:gh-global-rank">
                        <customfieldname>Rank (Obsolete)</customfieldname>
                        <customfieldvalues>
                            <customfieldvalue>9223372036854775807</customfieldvalue>
                        </customfieldvalues>
                    </customfield>
                                                                                                                                                                                                                                                                                                                            <customfield id="customfield_12310222" key="com.atlassian.jira.ext.charting:timeinstatus">
                        <customfieldname>Time in Status</customfieldname>
                        <customfieldvalues>
                            
                        </customfieldvalues>
                    </customfield>
                                    </customfields>
    </item>


<item>
            <title>[WICKET-6312] Possible bug. Element looks like id appearing sometimes  in the path of ResourceReference.</title>
                <link>https://issues.apache.org/jira/browse/WICKET-6312</link>
                <project id="12310561" key="WICKET">Wicket</project>
                    <description>&lt;p&gt;In our program creates the resource&lt;/p&gt;
&lt;div class=&quot;code panel&quot; style=&quot;border-width: 1px;&quot;&gt;&lt;div class=&quot;codeContent panelContent&quot;&gt;
&lt;pre class=&quot;code-java&quot;&gt; &lt;span class=&quot;code-keyword&quot;&gt;public&lt;/span&gt; &lt;span class=&quot;code-keyword&quot;&gt;static&lt;/span&gt; &lt;span class=&quot;code-keyword&quot;&gt;final&lt;/span&gt; ResourceReference EXPANDED = &lt;span class=&quot;code-keyword&quot;&gt;new&lt;/span&gt; PackageResourceReference(Application.class,
      &lt;span class=&quot;code-quote&quot;&gt;&quot;resources/img/menu/expanded.gif&quot;&lt;/span&gt;);
&lt;/pre&gt;
&lt;/div&gt;&lt;/div&gt;

&lt;p&gt;Most of the time everything works fine, but sometimes 1 time in 1-2 months, a warning message appears in the logs:&lt;/p&gt;
&lt;div class=&quot;code panel&quot; style=&quot;border-width: 1px;&quot;&gt;&lt;div class=&quot;codeContent panelContent&quot;&gt;
&lt;pre class=&quot;code-java&quot;&gt;2016-12-16 11:20:51,729 WARN WARN [org.apache.wicket.request.resource.ResourceReferenceRegistry/TP-Processor19] A ResourceReference wont be created &lt;span class=&quot;code-keyword&quot;&gt;for&lt;/span&gt; a resource with key [scope: com.example.Application; name: resources/img/me1ad7nu/expanded.gif; locale: &lt;span class=&quot;code-keyword&quot;&gt;null&lt;/span&gt;; style: &lt;span class=&quot;code-keyword&quot;&gt;null&lt;/span&gt;; variation: &lt;span class=&quot;code-keyword&quot;&gt;null&lt;/span&gt;] because it cannot be located.
&lt;/pre&gt;
&lt;/div&gt;&lt;/div&gt;

&lt;p&gt;I want to know the reason for which &lt;b&gt;1ad7&lt;/b&gt; may appear in the URL. It looks like a strange and difficult reproducible bug.&lt;/p&gt;</description>
                <environment></environment>
        <key id="13038878">WICKET-6312</key>
            <summary>Possible bug. Element looks like id appearing sometimes  in the path of ResourceReference.</summary>
                <type id="1" iconUrl="https://issues.apache.org/jira/secure/viewavatar?size=xsmall&amp;avatarId=21133&amp;avatarType=issuetype">Bug</type>
                                            <priority id="4" iconUrl="https://issues.apache.org/jira/images/icons/priorities/minor.svg">Minor</priority>
                        <status id="5" iconUrl="https://issues.apache.org/jira/images/icons/statuses/resolved.png" description="A resolution has been taken, and it is awaiting verification by reporter. From here issues are either reopened, or are closed.">Resolved</status>
                    <statusCategory id="3" key="done" colorName="green"/>
                                    <resolution id="5">Cannot Reproduce</resolution>
                                        <assignee username="-1">Unassigned</assignee>
                                    <reporter username="rastafiz">Aleksey</reporter>
                        <labels>
                    </labels>
                <created>Mon, 30 Jan 2017 12:07:01 +0000</created>
                <updated>Mon, 3 Apr 2017 07:15:11 +0000</updated>
                            <resolved>Mon, 3 Apr 2017 07:15:11 +0000</resolved>
                                    <version>6.21.0</version>
                                                    <component>wicket</component>
                        <due></due>
                            <votes>0</votes>
                                    <watches>2</watches>
                                                                <comments>
                            <comment id="15845131" author="mgrigorov" created="Mon, 30 Jan 2017 12:34:10 +0000"  >&lt;p&gt;Wicket doesn&apos;t manipulates this part of the url.&lt;br/&gt;
The only manipulation that is made is on `expanded.gif` to add cache hash, e.g. `expanded-123456.gif`.&lt;br/&gt;
We would need a quickstart application that reproduces the problem to be able to see what goes wrong.&lt;/p&gt;</comment>
                    </comments>
                    <attachments>
                    </attachments>
                <subtasks>
                    </subtasks>
                <customfields>
                                                <customfield id="customfield_12310310" key="com.atlassian.jira.toolkit:attachments">
                        <customfieldname>Attachment count</customfieldname>
                        <customfieldvalues>
                            <customfieldvalue>0.0</customfieldvalue>
                        </customfieldvalues>
                    </customfield>
                                                                                                                                                                                                                                                                                                                                                                                                                                                                                                                                                                                        <customfield id="customfield_12310220" key="com.atlassian.jira.ext.charting:firstresponsedate">
                        <customfieldname>Date of First Response</customfieldname>
                        <customfieldvalues>
                            <customfieldvalue>Mon, 30 Jan 2017 12:34:10 +0000</customfieldvalue>

                        </customfieldvalues>
                    </customfield>
                                                                                                                        <customfield id="customfield_12313422" key="com.atlassian.jirafisheyeplugin:jobcheckbox">
                        <customfieldname>Enable Automatic Patch Review</customfieldname>
                        <customfieldvalues>
                            <customfieldvalue><![CDATA[false]]></customfieldvalue>

                        </customfieldvalues>
                    </customfield>
                                                                                                                                                                                                                                                                                                                                                                                                                                                                        <customfield id="customfield_12310420" key="com.pyxis.greenhopper.jira:gh-global-rank">
                        <customfieldname>Global Rank</customfieldname>
                        <customfieldvalues>
                            <customfieldvalue>9223372036854775807</customfieldvalue>
                        </customfieldvalues>
                    </customfield>
                                                                                                                        <customfield id="customfield_12312521" key="com.atlassian.jira.toolkit:LastCommentDate">
                        <customfieldname>Last public comment date</customfieldname>
                        <customfieldvalues>
                            2 years, 9 weeks, 6 days ago
                        </customfieldvalues>
                    </customfield>
                                                                                                                                                    <customfield id="customfield_12311820" key="com.pyxis.greenhopper.jira:gh-lexo-rank">
                        <customfieldname>Rank</customfieldname>
                        <customfieldvalues>
                            <customfieldvalue>0|i39d67:</customfieldvalue>

                        </customfieldvalues>
                    </customfield>
                                                                <customfield id="customfield_12310920" key="com.pyxis.greenhopper.jira:gh-global-rank">
                        <customfieldname>Rank (Obsolete)</customfieldname>
                        <customfieldvalues>
                            <customfieldvalue>9223372036854775807</customfieldvalue>
                        </customfieldvalues>
                    </customfield>
                                                                                                                                                                                                                                                                                                                            <customfield id="customfield_12310222" key="com.atlassian.jira.ext.charting:timeinstatus">
                        <customfieldname>Time in Status</customfieldname>
                        <customfieldvalues>
                            
                        </customfieldvalues>
                    </customfield>
                                    </customfields>
    </item>


<item>
            <title>[WICKET-6311] SignOutPage_ru.html is missing</title>
                <link>https://issues.apache.org/jira/browse/WICKET-6311</link>
                <project id="12310561" key="WICKET">Wicket</project>
                    <description>&lt;p&gt;SignInPage_ru.html present&lt;br/&gt;
SignOutPage_ru.html is missing&lt;/p&gt;</description>
                <environment></environment>
        <key id="13037066">WICKET-6311</key>
            <summary>SignOutPage_ru.html is missing</summary>
                <type id="1" iconUrl="https://issues.apache.org/jira/secure/viewavatar?size=xsmall&amp;avatarId=21133&amp;avatarType=issuetype">Bug</type>
                                            <priority id="5" iconUrl="https://issues.apache.org/jira/images/icons/priorities/trivial.svg">Trivial</priority>
                        <status id="5" iconUrl="https://issues.apache.org/jira/images/icons/statuses/resolved.png" description="A resolution has been taken, and it is awaiting verification by reporter. From here issues are either reopened, or are closed.">Resolved</status>
                    <statusCategory id="3" key="done" colorName="green"/>
                                    <resolution id="1">Fixed</resolution>
                                        <assignee username="mgrigorov">Martin Grigorov</assignee>
                                    <reporter username="solomax">Maxim Solodovnik</reporter>
                        <labels>
                    </labels>
                <created>Mon, 23 Jan 2017 14:59:53 +0000</created>
                <updated>Thu, 26 Jan 2017 01:15:37 +0000</updated>
                            <resolved>Wed, 25 Jan 2017 20:50:51 +0000</resolved>
                                    <version>7.6.0</version>
                                    <fixVersion>7.7.0</fixVersion>
                    <fixVersion>8.0.0-M4</fixVersion>
                                    <component>wicket-auth-roles</component>
                        <due></due>
                            <votes>0</votes>
                                    <watches>4</watches>
                                                                <comments>
                            <comment id="15834716" author="githubbot" created="Mon, 23 Jan 2017 15:11:12 +0000"  >&lt;p&gt;GitHub user solomax opened a pull request:&lt;/p&gt;

&lt;p&gt;    &lt;a href=&quot;https://github.com/apache/wicket/pull/206&quot; class=&quot;external-link&quot; rel=&quot;nofollow&quot;&gt;https://github.com/apache/wicket/pull/206&lt;/a&gt;&lt;/p&gt;

&lt;p&gt;    &lt;a href=&quot;https://issues.apache.org/jira/browse/WICKET-6311&quot; title=&quot;SignOutPage_ru.html is missing&quot; class=&quot;issue-link&quot; data-issue-key=&quot;WICKET-6311&quot;&gt;&lt;del&gt;WICKET-6311&lt;/del&gt;&lt;/a&gt; Russian sign out page is added&lt;/p&gt;



&lt;p&gt;You can merge this pull request into a Git repository by running:&lt;/p&gt;

&lt;p&gt;    $ git pull &lt;a href=&quot;https://github.com/solomax/wicket&quot; class=&quot;external-link&quot; rel=&quot;nofollow&quot;&gt;https://github.com/solomax/wicket&lt;/a&gt; master&lt;/p&gt;

&lt;p&gt;Alternatively you can review and apply these changes as the patch at:&lt;/p&gt;

&lt;p&gt;    &lt;a href=&quot;https://github.com/apache/wicket/pull/206.patch&quot; class=&quot;external-link&quot; rel=&quot;nofollow&quot;&gt;https://github.com/apache/wicket/pull/206.patch&lt;/a&gt;&lt;/p&gt;

&lt;p&gt;To close this pull request, make a commit to your master/trunk branch&lt;br/&gt;
with (at least) the following in the commit message:&lt;/p&gt;

&lt;p&gt;    This closes #206&lt;/p&gt;

&lt;hr /&gt;
&lt;p&gt;commit ef66df872de4314b524b7e83943113f5c23642a7&lt;br/&gt;
Author: Maxim Solodovnik &amp;lt;solomax666@gmail.com&amp;gt;&lt;br/&gt;
Date:   2017-01-23T15:09:25Z&lt;/p&gt;

&lt;p&gt;    Russian sign out page is added&lt;/p&gt;

&lt;hr /&gt;</comment>
                            <comment id="15834717" author="githubbot" created="Mon, 23 Jan 2017 15:11:34 +0000"  >&lt;p&gt;GitHub user solomax opened a pull request:&lt;/p&gt;

&lt;p&gt;    &lt;a href=&quot;https://github.com/apache/wicket/pull/207&quot; class=&quot;external-link&quot; rel=&quot;nofollow&quot;&gt;https://github.com/apache/wicket/pull/207&lt;/a&gt;&lt;/p&gt;

&lt;p&gt;    &lt;a href=&quot;https://issues.apache.org/jira/browse/WICKET-6311&quot; title=&quot;SignOutPage_ru.html is missing&quot; class=&quot;issue-link&quot; data-issue-key=&quot;WICKET-6311&quot;&gt;&lt;del&gt;WICKET-6311&lt;/del&gt;&lt;/a&gt; Russian sign out page is added&lt;/p&gt;



&lt;p&gt;You can merge this pull request into a Git repository by running:&lt;/p&gt;

&lt;p&gt;    $ git pull &lt;a href=&quot;https://github.com/solomax/wicket&quot; class=&quot;external-link&quot; rel=&quot;nofollow&quot;&gt;https://github.com/solomax/wicket&lt;/a&gt; wicket-7.x&lt;/p&gt;

&lt;p&gt;Alternatively you can review and apply these changes as the patch at:&lt;/p&gt;

&lt;p&gt;    &lt;a href=&quot;https://github.com/apache/wicket/pull/207.patch&quot; class=&quot;external-link&quot; rel=&quot;nofollow&quot;&gt;https://github.com/apache/wicket/pull/207.patch&lt;/a&gt;&lt;/p&gt;

&lt;p&gt;To close this pull request, make a commit to your master/trunk branch&lt;br/&gt;
with (at least) the following in the commit message:&lt;/p&gt;

&lt;p&gt;    This closes #207&lt;/p&gt;

&lt;hr /&gt;

&lt;hr /&gt;</comment>
                            <comment id="15838541" author="githubbot" created="Wed, 25 Jan 2017 20:45:28 +0000"  >&lt;p&gt;Github user asfgit closed the pull request at:&lt;/p&gt;

&lt;p&gt;    &lt;a href=&quot;https://github.com/apache/wicket/pull/206&quot; class=&quot;external-link&quot; rel=&quot;nofollow&quot;&gt;https://github.com/apache/wicket/pull/206&lt;/a&gt;&lt;/p&gt;</comment>
                            <comment id="15838552" author="jira-bot" created="Wed, 25 Jan 2017 20:50:37 +0000"  >&lt;p&gt;Commit c579ba1c23881900bf179b46b49d2146d5f85216 in wicket&apos;s branch refs/heads/wicket-7.x from &lt;a href=&quot;https://issues.apache.org/jira/secure/ViewProfile.jspa?name=solomax&quot; class=&quot;user-hover&quot; rel=&quot;solomax&quot;&gt;Maxim Solodovnik&lt;/a&gt;&lt;br/&gt;
[ &lt;a href=&quot;https://git-wip-us.apache.org/repos/asf?p=wicket.git;h=c579ba1&quot; class=&quot;external-link&quot; rel=&quot;nofollow&quot;&gt;https://git-wip-us.apache.org/repos/asf?p=wicket.git;h=c579ba1&lt;/a&gt; ]&lt;/p&gt;

&lt;p&gt;&lt;a href=&quot;https://issues.apache.org/jira/browse/WICKET-6311&quot; title=&quot;SignOutPage_ru.html is missing&quot; class=&quot;issue-link&quot; data-issue-key=&quot;WICKET-6311&quot;&gt;&lt;del&gt;WICKET-6311&lt;/del&gt;&lt;/a&gt; Russian sign out page is added&lt;/p&gt;</comment>
                            <comment id="15838553" author="mgrigorov" created="Wed, 25 Jan 2017 20:50:51 +0000"  >&lt;p&gt;Thanks!&lt;/p&gt;</comment>
                            <comment id="15838557" author="githubbot" created="Wed, 25 Jan 2017 20:52:59 +0000"  >&lt;p&gt;Github user martin-g commented on the issue:&lt;/p&gt;

&lt;p&gt;    &lt;a href=&quot;https://github.com/apache/wicket/pull/207&quot; class=&quot;external-link&quot; rel=&quot;nofollow&quot;&gt;https://github.com/apache/wicket/pull/207&lt;/a&gt;&lt;/p&gt;

&lt;p&gt;    I&apos;ve amended the commit to add &apos;&lt;a href=&quot;https://issues.apache.org/jira/browse/WICKET-6311&quot; title=&quot;SignOutPage_ru.html is missing&quot; class=&quot;issue-link&quot; data-issue-key=&quot;WICKET-6311&quot;&gt;&lt;del&gt;WICKET-6311&lt;/del&gt;&lt;/a&gt;&apos; in the message and now the auto-close won&apos;t work.&lt;br/&gt;
    @solomax Please close this PR! Thanks!&lt;/p&gt;</comment>
                            <comment id="15838959" author="githubbot" created="Thu, 26 Jan 2017 01:15:37 +0000"  >&lt;p&gt;Github user solomax closed the pull request at:&lt;/p&gt;

&lt;p&gt;    &lt;a href=&quot;https://github.com/apache/wicket/pull/207&quot; class=&quot;external-link&quot; rel=&quot;nofollow&quot;&gt;https://github.com/apache/wicket/pull/207&lt;/a&gt;&lt;/p&gt;</comment>
                    </comments>
                    <attachments>
                    </attachments>
                <subtasks>
                    </subtasks>
                <customfields>
                                                <customfield id="customfield_12310310" key="com.atlassian.jira.toolkit:attachments">
                        <customfieldname>Attachment count</customfieldname>
                        <customfieldvalues>
                            <customfieldvalue>0.0</customfieldvalue>
                        </customfieldvalues>
                    </customfield>
                                                                                                                                                                                                                                                                                                                                                                                                                                                                                                                                                                                        <customfield id="customfield_12310220" key="com.atlassian.jira.ext.charting:firstresponsedate">
                        <customfieldname>Date of First Response</customfieldname>
                        <customfieldvalues>
                            <customfieldvalue>Mon, 23 Jan 2017 15:11:12 +0000</customfieldvalue>

                        </customfieldvalues>
                    </customfield>
                                                                                                                        <customfield id="customfield_12313422" key="com.atlassian.jirafisheyeplugin:jobcheckbox">
                        <customfieldname>Enable Automatic Patch Review</customfieldname>
                        <customfieldvalues>
                            <customfieldvalue><![CDATA[false]]></customfieldvalue>

                        </customfieldvalues>
                    </customfield>
                                                                                                                                                                                                                                                                                                                                                                                                                                                                        <customfield id="customfield_12310420" key="com.pyxis.greenhopper.jira:gh-global-rank">
                        <customfieldname>Global Rank</customfieldname>
                        <customfieldvalues>
                            <customfieldvalue>9223372036854775807</customfieldvalue>
                        </customfieldvalues>
                    </customfield>
                                                                                                                        <customfield id="customfield_12312521" key="com.atlassian.jira.toolkit:LastCommentDate">
                        <customfieldname>Last public comment date</customfieldname>
                        <customfieldvalues>
                            2 years, 10 weeks, 4 days ago
                        </customfieldvalues>
                    </customfield>
                                                                                                                                                    <customfield id="customfield_12311820" key="com.pyxis.greenhopper.jira:gh-lexo-rank">
                        <customfieldname>Rank</customfieldname>
                        <customfieldvalues>
                            <customfieldvalue>0|i392uv:</customfieldvalue>

                        </customfieldvalues>
                    </customfield>
                                                                <customfield id="customfield_12310920" key="com.pyxis.greenhopper.jira:gh-global-rank">
                        <customfieldname>Rank (Obsolete)</customfieldname>
                        <customfieldvalues>
                            <customfieldvalue>9223372036854775807</customfieldvalue>
                        </customfieldvalues>
                    </customfield>
                                                                                                                                                                                                                                                                                                                            <customfield id="customfield_12310222" key="com.atlassian.jira.ext.charting:timeinstatus">
                        <customfieldname>Time in Status</customfieldname>
                        <customfieldvalues>
                            
                        </customfieldvalues>
                    </customfield>
                                    </customfields>
    </item>


<item>
            <title>[WICKET-6310] Once invalidated the Session will be invalidated on every detach</title>
                <link>https://issues.apache.org/jira/browse/WICKET-6310</link>
                <project id="12310561" key="WICKET">Wicket</project>
                    <description>&lt;p&gt;I&apos;ve created a simple project to show that I&apos;ve a test which works in Wicket 7 but is failing in Wicket 8. Its a simple login form which authenticates a user with Spring Security.&lt;/p&gt;

&lt;p&gt;In Wicket 8 the user is redirected to the LoginPage after a succesul login without an error. In Wicket 7 the user is redirected to the HomePage as expected.&lt;/p&gt;

&lt;p&gt;You can change the version in the maven property section. &lt;/p&gt;

&lt;p&gt;I&apos;ve tried to debug by myself but I didn&apos;t found anything...&lt;/p&gt;

&lt;p&gt;Hint: The test is working in Wicket 8 if you redirect the page with setResponsePage(new HomePage.class) instead of setResponsePage(Homepage.class)&lt;/p&gt;
</description>
                <environment></environment>
        <key id="13035918">WICKET-6310</key>
            <summary>Once invalidated the Session will be invalidated on every detach</summary>
                <type id="1" iconUrl="https://issues.apache.org/jira/secure/viewavatar?size=xsmall&amp;avatarId=21133&amp;avatarType=issuetype">Bug</type>
                                            <priority id="3" iconUrl="https://issues.apache.org/jira/images/icons/priorities/major.svg">Major</priority>
                        <status id="5" iconUrl="https://issues.apache.org/jira/images/icons/statuses/resolved.png" description="A resolution has been taken, and it is awaiting verification by reporter. From here issues are either reopened, or are closed.">Resolved</status>
                    <statusCategory id="3" key="done" colorName="green"/>
                                    <resolution id="1">Fixed</resolution>
                                        <assignee username="mgrigorov">Martin Grigorov</assignee>
                                    <reporter username="marc-g">Marc G.</reporter>
                        <labels>
                    </labels>
                <created>Wed, 18 Jan 2017 16:38:54 +0000</created>
                <updated>Thu, 25 Oct 2018 13:51:38 +0000</updated>
                            <resolved>Wed, 25 Jan 2017 22:18:04 +0000</resolved>
                                    <version>8.0.0-M3</version>
                                    <fixVersion>8.0.0-M4</fixVersion>
                                    <component>wicket</component>
                        <due></due>
                            <votes>0</votes>
                                    <watches>3</watches>
                                                                <comments>
                            <comment id="15829550" author="mgrigorov" created="Thu, 19 Jan 2017 09:00:45 +0000"  >&lt;p&gt;By reading the description I think I see the reason.&lt;br/&gt;
If the login page is stateless then the data stored in InterceptData is lost because there is no http session yet.&lt;br/&gt;
If you use `setResponsePage(new SomePage())` then Wicket binds a Session to make sure that this particular page instance is used after the redirect and then the InterceptData is still around and used.&lt;/p&gt;

&lt;p&gt;I don&apos;t have a solution for this though.&lt;br/&gt;
The only workaround I see is to make the LoginPage stateful but then the application will be vulnerable to attacks unless additional logic is added to invalidate the session in case of unsuccessful authentication. But then we are back to square one (lost InterceptData).&lt;/p&gt;</comment>
                            <comment id="15831968" author="marc-g" created="Fri, 20 Jan 2017 15:41:52 +0000"  >&lt;p&gt;I&apos;ve confess that my login page is stateful...&lt;br/&gt;
It&apos;s on my to do list!&lt;/p&gt;</comment>
                            <comment id="15838696" author="jira-bot" created="Wed, 25 Jan 2017 22:14:04 +0000"  >&lt;p&gt;Commit 7716586c713f0645868c023d1340554860526ca2 in wicket&apos;s branch refs/heads/master from &lt;a href=&quot;https://issues.apache.org/jira/secure/ViewProfile.jspa?name=mgrigorov&quot; class=&quot;user-hover&quot; rel=&quot;mgrigorov&quot;&gt;Martin Grigorov&lt;/a&gt;&lt;br/&gt;
[ &lt;a href=&quot;https://git-wip-us.apache.org/repos/asf?p=wicket.git;h=7716586&quot; class=&quot;external-link&quot; rel=&quot;nofollow&quot;&gt;https://git-wip-us.apache.org/repos/asf?p=wicket.git;h=7716586&lt;/a&gt; ]&lt;/p&gt;

&lt;p&gt;&lt;a href=&quot;https://issues.apache.org/jira/browse/WICKET-6310&quot; title=&quot;Once invalidated the Session will be invalidated on every detach&quot; class=&quot;issue-link&quot; data-issue-key=&quot;WICKET-6310&quot;&gt;&lt;del&gt;WICKET-6310&lt;/del&gt;&lt;/a&gt; Once invalidated the Session will be invalidated on every detach&lt;/p&gt;</comment>
                            <comment id="15838705" author="mgrigorov" created="Wed, 25 Jan 2017 22:18:04 +0000"  >&lt;p&gt;It was really a bug in Wicket!&lt;/p&gt;

&lt;p&gt;Your test started with `session.signOut()` and this leaded to invalidation of the session after each request cycle.&lt;br/&gt;
So the user has been logged in, then redirected to the HomePage, but after the redirect the session has been invalidated again and the user has been lost, and then the authorization strategy declined the instantiation of HomePage because it is only for USER role.&lt;/p&gt;

&lt;p&gt;Thanks for the quickstart!&lt;/p&gt;</comment>
                            <comment id="15838709" author="jira-bot" created="Wed, 25 Jan 2017 22:21:47 +0000"  >&lt;p&gt;Commit 5b5e25c9c89ef175e9d0799752bfdaa5205379df in wicket&apos;s branch refs/heads/master from &lt;a href=&quot;https://issues.apache.org/jira/secure/ViewProfile.jspa?name=mgrigorov&quot; class=&quot;user-hover&quot; rel=&quot;mgrigorov&quot;&gt;Martin Grigorov&lt;/a&gt;&lt;br/&gt;
[ &lt;a href=&quot;https://git-wip-us.apache.org/repos/asf?p=wicket.git;h=5b5e25c&quot; class=&quot;external-link&quot; rel=&quot;nofollow&quot;&gt;https://git-wip-us.apache.org/repos/asf?p=wicket.git;h=5b5e25c&lt;/a&gt; ]&lt;/p&gt;

&lt;p&gt;&lt;a href=&quot;https://issues.apache.org/jira/browse/WICKET-6310&quot; title=&quot;Once invalidated the Session will be invalidated on every detach&quot; class=&quot;issue-link&quot; data-issue-key=&quot;WICKET-6310&quot;&gt;&lt;del&gt;WICKET-6310&lt;/del&gt;&lt;/a&gt; Add licence, fix typo and optimize imports&lt;/p&gt;</comment>
                    </comments>
                <issuelinks>
                            <issuelinktype id="12310560">
                    <name>Problem/Incident</name>
                                            <outwardlinks description="causes">
                                        <issuelink>
            <issuekey id="13193472">WICKET-6602</issuekey>
        </issuelink>
                            </outwardlinks>
                                                        </issuelinktype>
                    </issuelinks>
                <attachments>
                            <attachment id="12848091" name="spring-security.zip" size="9703" author="marc-g" created="Wed, 18 Jan 2017 16:38:54 +0000"/>
                    </attachments>
                <subtasks>
                    </subtasks>
                <customfields>
                                                <customfield id="customfield_12310310" key="com.atlassian.jira.toolkit:attachments">
                        <customfieldname>Attachment count</customfieldname>
                        <customfieldvalues>
                            <customfieldvalue>1.0</customfieldvalue>
                        </customfieldvalues>
                    </customfield>
                                                                                                                                                                                                                                                                                                                                                                                                                                                                                                                                                                                        <customfield id="customfield_12310220" key="com.atlassian.jira.ext.charting:firstresponsedate">
                        <customfieldname>Date of First Response</customfieldname>
                        <customfieldvalues>
                            <customfieldvalue>Thu, 19 Jan 2017 09:00:45 +0000</customfieldvalue>

                        </customfieldvalues>
                    </customfield>
                                                                                                                        <customfield id="customfield_12313422" key="com.atlassian.jirafisheyeplugin:jobcheckbox">
                        <customfieldname>Enable Automatic Patch Review</customfieldname>
                        <customfieldvalues>
                            <customfieldvalue><![CDATA[false]]></customfieldvalue>

                        </customfieldvalues>
                    </customfield>
                                                                                                                                                                                                                                                                                                                                                                                                                                                                        <customfield id="customfield_12310420" key="com.pyxis.greenhopper.jira:gh-global-rank">
                        <customfieldname>Global Rank</customfieldname>
                        <customfieldvalues>
                            <customfieldvalue>9223372036854775807</customfieldvalue>
                        </customfieldvalues>
                    </customfield>
                                                                                                                        <customfield id="customfield_12312521" key="com.atlassian.jira.toolkit:LastCommentDate">
                        <customfieldname>Last public comment date</customfieldname>
                        <customfieldvalues>
                            2 years, 10 weeks, 4 days ago
                        </customfieldvalues>
                    </customfield>
                                                                                                                                                    <customfield id="customfield_12311820" key="com.pyxis.greenhopper.jira:gh-lexo-rank">
                        <customfieldname>Rank</customfieldname>
                        <customfieldvalues>
                            <customfieldvalue>0|i38vrj:</customfieldvalue>

                        </customfieldvalues>
                    </customfield>
                                                                <customfield id="customfield_12310920" key="com.pyxis.greenhopper.jira:gh-global-rank">
                        <customfieldname>Rank (Obsolete)</customfieldname>
                        <customfieldvalues>
                            <customfieldvalue>9223372036854775807</customfieldvalue>
                        </customfieldvalues>
                    </customfield>
                                                                                                                                                                                                                                                                                                                            <customfield id="customfield_12310222" key="com.atlassian.jira.ext.charting:timeinstatus">
                        <customfieldname>Time in Status</customfieldname>
                        <customfieldvalues>
                            
                        </customfieldvalues>
                    </customfield>
                                    </customfields>
    </item>


<item>
            <title>[WICKET-6306] Changing model object of Panel added to a Border not allowed</title>
                <link>https://issues.apache.org/jira/browse/WICKET-6306</link>
                <project id="12310561" key="WICKET">Wicket</project>
                    <description>&lt;p&gt;It is not allowed to change the model object of a panel added to a border component (see attachment). &lt;br/&gt;
The quickstart demonstrates the problem. Here you can find 3 test pages all with a TextField and a Panel with a TextField. For each component, the model object is set at the onConfigure method. At the first page both components are added to the page itself. At the second page both components are added to the border body container of a Border component. At the third page both components are added to a &quot;Layout&quot; container (a Border component too). The third page is not rendered with Wicket 7.5.0 (see stacktrace).&lt;br/&gt;
It was working for Wicket 7.4.0&lt;/p&gt;

&lt;p&gt;org.apache.wicket.WicketRuntimeException: Cannot modify component hierarchy after render phase has started (page version cant change then anymore)&lt;br/&gt;
     at org.apache.wicket.Component.checkHierarchyChange(Component.java:3674)&lt;br/&gt;
     at org.apache.wicket.Page.dirty(Page.java:271)&lt;br/&gt;
     at org.apache.wicket.markup.html.WebPage.dirty(WebPage.java:332)&lt;br/&gt;
     at org.apache.wicket.Page.dirty(Page.java:250)&lt;br/&gt;
     at org.apache.wicket.Page.componentModelChanging(Page.java:904)&lt;br/&gt;
     at org.apache.wicket.Component.modelChanging(Component.java:2230)&lt;br/&gt;
     at org.apache.wicket.Component.setDefaultModelObject(Component.java:3133)&lt;br/&gt;
     at org.apache.wicket.markup.html.form.FormComponent.setModelObject(FormComponent.java:1579)&lt;br/&gt;
     at com.mycompany.front.wicket.components.TestPanel.onConfigure(TestPanel.java:30)&lt;/p&gt;</description>
                <environment></environment>
        <key id="13035137">WICKET-6306</key>
            <summary>Changing model object of Panel added to a Border not allowed</summary>
                <type id="1" iconUrl="https://issues.apache.org/jira/secure/viewavatar?size=xsmall&amp;avatarId=21133&amp;avatarType=issuetype">Bug</type>
                                            <priority id="3" iconUrl="https://issues.apache.org/jira/images/icons/priorities/major.svg">Major</priority>
                        <status id="5" iconUrl="https://issues.apache.org/jira/images/icons/statuses/resolved.png" description="A resolution has been taken, and it is awaiting verification by reporter. From here issues are either reopened, or are closed.">Resolved</status>
                    <statusCategory id="3" key="done" colorName="green"/>
                                    <resolution id="1">Fixed</resolution>
                                        <assignee username="bitstorm">Andrea Del Bene</assignee>
                                    <reporter username="forchel">Dirk Forchel</reporter>
                        <labels>
                    </labels>
                <created>Mon, 16 Jan 2017 07:51:53 +0000</created>
                <updated>Thu, 15 Jun 2017 04:59:23 +0000</updated>
                            <resolved>Tue, 17 Jan 2017 12:27:58 +0000</resolved>
                                    <version>7.5.0</version>
                    <version>7.6.0</version>
                                    <fixVersion>7.7.0</fixVersion>
                    <fixVersion>8.0.0-M4</fixVersion>
                                    <component>wicket</component>
                        <due></due>
                            <votes>0</votes>
                                    <watches>2</watches>
                                                                <comments>
                            <comment id="15826210" author="bitstorm" created="Tue, 17 Jan 2017 15:30:20 +0000"  >&lt;p&gt;Hi &lt;a href=&quot;https://issues.apache.org/jira/secure/ViewProfile.jspa?name=forchel&quot; class=&quot;user-hover&quot; rel=&quot;forchel&quot;&gt;Dirk Forchel&lt;/a&gt;,&lt;/p&gt;

&lt;p&gt;last snapshots should solve the problems with border and nested components.&lt;/p&gt;</comment>
                            <comment id="15827485" author="forchel" created="Wed, 18 Jan 2017 06:15:46 +0000"  >&lt;p&gt;Ciao Andrea,&lt;br/&gt;
I&apos;ll wait till the next official release (Wicket 7.7.0).&lt;br/&gt;
 Dirk&lt;/p&gt;</comment>
                    </comments>
                <issuelinks>
                            <issuelinktype id="12310060">
                    <name>Container</name>
                                                                <inwardlinks description="Is contained by">
                                        <issuelink>
            <issuekey id="13033768">WICKET-6303</issuekey>
        </issuelink>
                            </inwardlinks>
                                    </issuelinktype>
                            <issuelinktype id="10030">
                    <name>Reference</name>
                                            <outwardlinks description="relates to">
                                        <issuelink>
            <issuekey id="12992200">WICKET-6216</issuekey>
        </issuelink>
            <issuelink>
            <issuekey id="13079960">WICKET-6399</issuekey>
        </issuelink>
                            </outwardlinks>
                                                        </issuelinktype>
                    </issuelinks>
                <attachments>
                            <attachment id="12847587" name="testproject.zip" size="45636" author="forchel" created="Mon, 16 Jan 2017 07:51:53 +0000"/>
                    </attachments>
                <subtasks>
                    </subtasks>
                <customfields>
                                                <customfield id="customfield_12310310" key="com.atlassian.jira.toolkit:attachments">
                        <customfieldname>Attachment count</customfieldname>
                        <customfieldvalues>
                            <customfieldvalue>1.0</customfieldvalue>
                        </customfieldvalues>
                    </customfield>
                                                                                                                                                                                                                                                                                                                                                                                                                                                                                                                                                                                        <customfield id="customfield_12310220" key="com.atlassian.jira.ext.charting:firstresponsedate">
                        <customfieldname>Date of First Response</customfieldname>
                        <customfieldvalues>
                            <customfieldvalue>Tue, 17 Jan 2017 15:30:20 +0000</customfieldvalue>

                        </customfieldvalues>
                    </customfield>
                                                                                                                        <customfield id="customfield_12313422" key="com.atlassian.jirafisheyeplugin:jobcheckbox">
                        <customfieldname>Enable Automatic Patch Review</customfieldname>
                        <customfieldvalues>
                            <customfieldvalue><![CDATA[false]]></customfieldvalue>

                        </customfieldvalues>
                    </customfield>
                                                                                                                                                                                                                                                                                                                                                                                                                                                                        <customfield id="customfield_12310420" key="com.pyxis.greenhopper.jira:gh-global-rank">
                        <customfieldname>Global Rank</customfieldname>
                        <customfieldvalues>
                            <customfieldvalue>9223372036854775807</customfieldvalue>
                        </customfieldvalues>
                    </customfield>
                                                                                                                        <customfield id="customfield_12312521" key="com.atlassian.jira.toolkit:LastCommentDate">
                        <customfieldname>Last public comment date</customfieldname>
                        <customfieldvalues>
                            2 years, 11 weeks, 5 days ago
                        </customfieldvalues>
                    </customfield>
                                                                                                                                                    <customfield id="customfield_12311820" key="com.pyxis.greenhopper.jira:gh-lexo-rank">
                        <customfieldname>Rank</customfieldname>
                        <customfieldvalues>
                            <customfieldvalue>0|i38qyn:</customfieldvalue>

                        </customfieldvalues>
                    </customfield>
                                                                <customfield id="customfield_12310920" key="com.pyxis.greenhopper.jira:gh-global-rank">
                        <customfieldname>Rank (Obsolete)</customfieldname>
                        <customfieldvalues>
                            <customfieldvalue>9223372036854775807</customfieldvalue>
                        </customfieldvalues>
                    </customfield>
                                                                                                                                                                                                                                                                                                                            <customfield id="customfield_12310222" key="com.atlassian.jira.ext.charting:timeinstatus">
                        <customfieldname>Time in Status</customfieldname>
                        <customfieldvalues>
                            
                        </customfieldvalues>
                    </customfield>
                                    </customfields>
    </item>


<item>
            <title>[WICKET-6303] renderHead method of a Behavior added to a Border body is not called</title>
                <link>https://issues.apache.org/jira/browse/WICKET-6303</link>
                <project id="12310561" key="WICKET">Wicket</project>
                    <description>&lt;p&gt;The renderHead method of a Behavior added to a Border body is not called, which means, all added HeaderItems (e.g. JavaScriptHeaderItem, OnDomReadyHeaderItem) are not called.&lt;br/&gt;
See quickstart to reproduce the error (was working with Wicket 7.4.0)&lt;/p&gt;

&lt;p&gt;Refers to &lt;a href=&quot;https://issues.apache.org/jira/browse/WICKET-6185&quot; class=&quot;external-link&quot; rel=&quot;nofollow&quot;&gt;https://issues.apache.org/jira/browse/WICKET-6185&lt;/a&gt;&lt;/p&gt;</description>
                <environment></environment>
        <key id="13033768">WICKET-6303</key>
            <summary>renderHead method of a Behavior added to a Border body is not called</summary>
                <type id="1" iconUrl="https://issues.apache.org/jira/secure/viewavatar?size=xsmall&amp;avatarId=21133&amp;avatarType=issuetype">Bug</type>
                                            <priority id="3" iconUrl="https://issues.apache.org/jira/images/icons/priorities/major.svg">Major</priority>
                        <status id="5" iconUrl="https://issues.apache.org/jira/images/icons/statuses/resolved.png" description="A resolution has been taken, and it is awaiting verification by reporter. From here issues are either reopened, or are closed.">Resolved</status>
                    <statusCategory id="3" key="done" colorName="green"/>
                                    <resolution id="1">Fixed</resolution>
                                        <assignee username="bitstorm">Andrea Del Bene</assignee>
                                    <reporter username="forchel">Dirk Forchel</reporter>
                        <labels>
                    </labels>
                <created>Wed, 11 Jan 2017 15:59:47 +0000</created>
                <updated>Thu, 15 Jun 2017 04:59:23 +0000</updated>
                            <resolved>Tue, 17 Jan 2017 12:27:48 +0000</resolved>
                                    <version>7.5.0</version>
                    <version>7.6.0</version>
                                    <fixVersion>7.7.0</fixVersion>
                    <fixVersion>8.0.0-M4</fixVersion>
                                    <component>wicket</component>
                        <due></due>
                            <votes>0</votes>
                                    <watches>2</watches>
                                                                <comments>
                            <comment id="15823815" author="jira-bot" created="Mon, 16 Jan 2017 11:39:49 +0000"  >&lt;p&gt;Commit 06a0f4a9a73c7d5b6d50a88a0d8003557a460f83 in wicket&apos;s branch refs/heads/master from &lt;a href=&quot;https://issues.apache.org/jira/secure/ViewProfile.jspa?name=bitstorm&quot; class=&quot;user-hover&quot; rel=&quot;bitstorm&quot;&gt;Andrea Del Bene&lt;/a&gt;&lt;br/&gt;
[ &lt;a href=&quot;https://git-wip-us.apache.org/repos/asf?p=wicket.git;h=06a0f4a&quot; class=&quot;external-link&quot; rel=&quot;nofollow&quot;&gt;https://git-wip-us.apache.org/repos/asf?p=wicket.git;h=06a0f4a&lt;/a&gt; ]&lt;/p&gt;

&lt;p&gt;&lt;a href=&quot;https://issues.apache.org/jira/browse/WICKET-6303&quot; title=&quot;renderHead method of a Behavior added to a Border body is not called&quot; class=&quot;issue-link&quot; data-issue-key=&quot;WICKET-6303&quot;&gt;&lt;del&gt;WICKET-6303&lt;/del&gt;&lt;/a&gt; renderHead method of a Behavior added to a Border body is&lt;br/&gt;
not called&lt;/p&gt;</comment>
                            <comment id="15824010" author="jira-bot" created="Mon, 16 Jan 2017 14:10:58 +0000"  >&lt;p&gt;Commit 1bf8ca049f917f0ffa56da90ad71dda1339ab5e8 in wicket&apos;s branch refs/heads/master from &lt;a href=&quot;https://issues.apache.org/jira/secure/ViewProfile.jspa?name=bitstorm&quot; class=&quot;user-hover&quot; rel=&quot;bitstorm&quot;&gt;Andrea Del Bene&lt;/a&gt;&lt;br/&gt;
[ &lt;a href=&quot;https://git-wip-us.apache.org/repos/asf?p=wicket.git;h=1bf8ca0&quot; class=&quot;external-link&quot; rel=&quot;nofollow&quot;&gt;https://git-wip-us.apache.org/repos/asf?p=wicket.git;h=1bf8ca0&lt;/a&gt; ]&lt;/p&gt;

&lt;p&gt;&lt;a href=&quot;https://issues.apache.org/jira/browse/WICKET-6303&quot; title=&quot;renderHead method of a Behavior added to a Border body is not called&quot; class=&quot;issue-link&quot; data-issue-key=&quot;WICKET-6303&quot;&gt;&lt;del&gt;WICKET-6303&lt;/del&gt;&lt;/a&gt; we don&apos;t need to explicitly set border&apos;s body parent&lt;/p&gt;</comment>
                            <comment id="15824625" author="jira-bot" created="Mon, 16 Jan 2017 21:43:50 +0000"  >&lt;p&gt;Commit 954750ce1bf7bcee321c9d2a35e278eace8fca85 in wicket&apos;s branch refs/heads/master from &lt;a href=&quot;https://issues.apache.org/jira/secure/ViewProfile.jspa?name=bitstorm&quot; class=&quot;user-hover&quot; rel=&quot;bitstorm&quot;&gt;Andrea Del Bene&lt;/a&gt;&lt;br/&gt;
[ &lt;a href=&quot;https://git-wip-us.apache.org/repos/asf?p=wicket.git;h=954750c&quot; class=&quot;external-link&quot; rel=&quot;nofollow&quot;&gt;https://git-wip-us.apache.org/repos/asf?p=wicket.git;h=954750c&lt;/a&gt; ]&lt;/p&gt;

&lt;p&gt;&lt;a href=&quot;https://issues.apache.org/jira/browse/WICKET-6303&quot; title=&quot;renderHead method of a Behavior added to a Border body is not called&quot; class=&quot;issue-link&quot; data-issue-key=&quot;WICKET-6303&quot;&gt;&lt;del&gt;WICKET-6303&lt;/del&gt;&lt;/a&gt; added test case&lt;/p&gt;</comment>
                            <comment id="15825884" author="jira-bot" created="Tue, 17 Jan 2017 11:25:41 +0000"  >&lt;p&gt;Commit 321ccb814413cdc6cbbce7b3cdf24bc49e028aac in wicket&apos;s branch refs/heads/wicket-7.x from &lt;a href=&quot;https://issues.apache.org/jira/secure/ViewProfile.jspa?name=bitstorm&quot; class=&quot;user-hover&quot; rel=&quot;bitstorm&quot;&gt;Andrea Del Bene&lt;/a&gt;&lt;br/&gt;
[ &lt;a href=&quot;https://git-wip-us.apache.org/repos/asf?p=wicket.git;h=321ccb8&quot; class=&quot;external-link&quot; rel=&quot;nofollow&quot;&gt;https://git-wip-us.apache.org/repos/asf?p=wicket.git;h=321ccb8&lt;/a&gt; ]&lt;/p&gt;

&lt;p&gt;&lt;a href=&quot;https://issues.apache.org/jira/browse/WICKET-6303&quot; title=&quot;renderHead method of a Behavior added to a Border body is not called&quot; class=&quot;issue-link&quot; data-issue-key=&quot;WICKET-6303&quot;&gt;&lt;del&gt;WICKET-6303&lt;/del&gt;&lt;/a&gt; renderHead method of a Behavior added to a Border body is not called&lt;/p&gt;</comment>
                            <comment id="15825941" author="jira-bot" created="Tue, 17 Jan 2017 11:58:38 +0000"  >&lt;p&gt;Commit 520da509fe6ac4a9a8012eebb3bc1dafcf2a20cb in wicket&apos;s branch refs/heads/master from &lt;a href=&quot;https://issues.apache.org/jira/secure/ViewProfile.jspa?name=bitstorm&quot; class=&quot;user-hover&quot; rel=&quot;bitstorm&quot;&gt;Andrea Del Bene&lt;/a&gt;&lt;br/&gt;
[ &lt;a href=&quot;https://git-wip-us.apache.org/repos/asf?p=wicket.git;h=520da50&quot; class=&quot;external-link&quot; rel=&quot;nofollow&quot;&gt;https://git-wip-us.apache.org/repos/asf?p=wicket.git;h=520da50&lt;/a&gt; ]&lt;/p&gt;

&lt;p&gt;&lt;a href=&quot;https://issues.apache.org/jira/browse/WICKET-6303&quot; title=&quot;renderHead method of a Behavior added to a Border body is not called&quot; class=&quot;issue-link&quot; data-issue-key=&quot;WICKET-6303&quot;&gt;&lt;del&gt;WICKET-6303&lt;/del&gt;&lt;/a&gt; fixed test case code&lt;/p&gt;</comment>
                    </comments>
                <issuelinks>
                            <issuelinktype id="12310060">
                    <name>Container</name>
                                            <outwardlinks description="contains">
                                        <issuelink>
            <issuekey id="13035137">WICKET-6306</issuekey>
        </issuelink>
                            </outwardlinks>
                                                        </issuelinktype>
                            <issuelinktype id="10030">
                    <name>Reference</name>
                                            <outwardlinks description="relates to">
                                        <issuelink>
            <issuekey id="12980449">WICKET-6185</issuekey>
        </issuelink>
            <issuelink>
            <issuekey id="13073399">WICKET-6374</issuekey>
        </issuelink>
            <issuelink>
            <issuekey id="13079960">WICKET-6399</issuekey>
        </issuelink>
                            </outwardlinks>
                                                        </issuelinktype>
                    </issuelinks>
                <attachments>
                            <attachment id="12846857" name="myproject2.zip" size="60545" author="forchel" created="Wed, 11 Jan 2017 15:59:47 +0000"/>
                    </attachments>
                <subtasks>
                    </subtasks>
                <customfields>
                                                <customfield id="customfield_12310310" key="com.atlassian.jira.toolkit:attachments">
                        <customfieldname>Attachment count</customfieldname>
                        <customfieldvalues>
                            <customfieldvalue>1.0</customfieldvalue>
                        </customfieldvalues>
                    </customfield>
                                                                                                                                                                                                                                                                                                                                                                                                                                                                                                                                                                                        <customfield id="customfield_12310220" key="com.atlassian.jira.ext.charting:firstresponsedate">
                        <customfieldname>Date of First Response</customfieldname>
                        <customfieldvalues>
                            <customfieldvalue>Mon, 16 Jan 2017 11:39:49 +0000</customfieldvalue>

                        </customfieldvalues>
                    </customfield>
                                                                                                                        <customfield id="customfield_12313422" key="com.atlassian.jirafisheyeplugin:jobcheckbox">
                        <customfieldname>Enable Automatic Patch Review</customfieldname>
                        <customfieldvalues>
                            <customfieldvalue><![CDATA[false]]></customfieldvalue>

                        </customfieldvalues>
                    </customfield>
                                                                                                                                                                                                                                                                                                                                                                                                                                                                        <customfield id="customfield_12310420" key="com.pyxis.greenhopper.jira:gh-global-rank">
                        <customfieldname>Global Rank</customfieldname>
                        <customfieldvalues>
                            <customfieldvalue>9223372036854775807</customfieldvalue>
                        </customfieldvalues>
                    </customfield>
                                                                                                                        <customfield id="customfield_12312521" key="com.atlassian.jira.toolkit:LastCommentDate">
                        <customfieldname>Last public comment date</customfieldname>
                        <customfieldvalues>
                            2 years, 11 weeks, 5 days ago
                        </customfieldvalues>
                    </customfield>
                                                                                                                                                    <customfield id="customfield_12311820" key="com.pyxis.greenhopper.jira:gh-lexo-rank">
                        <customfieldname>Rank</customfieldname>
                        <customfieldvalues>
                            <customfieldvalue>0|i38kan:</customfieldvalue>

                        </customfieldvalues>
                    </customfield>
                                                                <customfield id="customfield_12310920" key="com.pyxis.greenhopper.jira:gh-global-rank">
                        <customfieldname>Rank (Obsolete)</customfieldname>
                        <customfieldvalues>
                            <customfieldvalue>9223372036854775807</customfieldvalue>
                        </customfieldvalues>
                    </customfield>
                                                                                                                                                                                                                                                                                                                            <customfield id="customfield_12310222" key="com.atlassian.jira.ext.charting:timeinstatus">
                        <customfieldname>Time in Status</customfieldname>
                        <customfieldvalues>
                            
                        </customfieldvalues>
                    </customfield>
                                    </customfields>
    </item>


<item>
            <title>[WICKET-6302] Autofocus does not work with Validator popover decorators</title>
                <link>https://issues.apache.org/jira/browse/WICKET-6302</link>
                <project id="12310561" key="WICKET">Wicket</project>
                    <description>&lt;p&gt;If you add an autofocus attribute to your markup on a form input element which you added a validator to:&lt;br/&gt;
&amp;lt;input type=&quot;text&quot; class=&quot;form-control&quot; wicket:id=&quot;firstName&quot; autofocus&amp;gt;&lt;/p&gt;

&lt;p&gt;In your wicket code you have some validators added like PatternValidator or StringValidator to some of the TextField components and have an EmailAddressValidator in the form that will be submitted. If their is a validation issue on the form it will not always display the validation error in popovers for all the fields where the validation has failed, like it would without the autofocus.&lt;/p&gt;</description>
                <environment></environment>
        <key id="13032258">WICKET-6302</key>
            <summary>Autofocus does not work with Validator popover decorators</summary>
                <type id="1" iconUrl="https://issues.apache.org/jira/secure/viewavatar?size=xsmall&amp;avatarId=21133&amp;avatarType=issuetype">Bug</type>
                                            <priority id="4" iconUrl="https://issues.apache.org/jira/images/icons/priorities/minor.svg">Minor</priority>
                        <status id="5" iconUrl="https://issues.apache.org/jira/images/icons/statuses/resolved.png" description="A resolution has been taken, and it is awaiting verification by reporter. From here issues are either reopened, or are closed.">Resolved</status>
                    <statusCategory id="3" key="done" colorName="green"/>
                                    <resolution id="5">Cannot Reproduce</resolution>
                                        <assignee username="-1">Unassigned</assignee>
                                    <reporter username="bswart@magnet.ie">Brevard Swart</reporter>
                        <labels>
                    </labels>
                <created>Thu, 5 Jan 2017 13:47:11 +0000</created>
                <updated>Tue, 31 Jan 2017 20:08:47 +0000</updated>
                            <resolved>Tue, 31 Jan 2017 20:08:47 +0000</resolved>
                                    <version>7.5.0</version>
                                                    <component>wicket</component>
                        <due></due>
                            <votes>0</votes>
                                    <watches>2</watches>
                                                                <comments>
                            <comment id="15801427" author="mgrigorov" created="Thu, 5 Jan 2017 14:06:18 +0000"  >&lt;p&gt;Can you please provide a quickstart app that demonstrates the issue ?&lt;br/&gt;
Thanks!&lt;/p&gt;</comment>
                            <comment id="15847422" author="mgrigorov" created="Tue, 31 Jan 2017 20:08:47 +0000"  >&lt;p&gt;Closing as &quot;Cannot reproduce&quot;.&lt;br/&gt;
Please provide a quickstart that demonstrates the problem and we will reopen the ticket!&lt;br/&gt;
Thank you!&lt;/p&gt;</comment>
                    </comments>
                    <attachments>
                    </attachments>
                <subtasks>
                    </subtasks>
                <customfields>
                                                <customfield id="customfield_12310310" key="com.atlassian.jira.toolkit:attachments">
                        <customfieldname>Attachment count</customfieldname>
                        <customfieldvalues>
                            <customfieldvalue>0.0</customfieldvalue>
                        </customfieldvalues>
                    </customfield>
                                                                                                                                                                                                                                                                                                                                                                                                                                                                                                                                                                                        <customfield id="customfield_12310220" key="com.atlassian.jira.ext.charting:firstresponsedate">
                        <customfieldname>Date of First Response</customfieldname>
                        <customfieldvalues>
                            <customfieldvalue>Thu, 5 Jan 2017 14:06:18 +0000</customfieldvalue>

                        </customfieldvalues>
                    </customfield>
                                                                                                                        <customfield id="customfield_12313422" key="com.atlassian.jirafisheyeplugin:jobcheckbox">
                        <customfieldname>Enable Automatic Patch Review</customfieldname>
                        <customfieldvalues>
                            <customfieldvalue><![CDATA[false]]></customfieldvalue>

                        </customfieldvalues>
                    </customfield>
                                                                                                                                                                                                                                                                                                                                                                                                                                                                        <customfield id="customfield_12310420" key="com.pyxis.greenhopper.jira:gh-global-rank">
                        <customfieldname>Global Rank</customfieldname>
                        <customfieldvalues>
                            <customfieldvalue>9223372036854775807</customfieldvalue>
                        </customfieldvalues>
                    </customfield>
                                                                                                                        <customfield id="customfield_12312521" key="com.atlassian.jira.toolkit:LastCommentDate">
                        <customfieldname>Last public comment date</customfieldname>
                        <customfieldvalues>
                            2 years, 9 weeks, 5 days ago
                        </customfieldvalues>
                    </customfield>
                                                                                                                                                    <customfield id="customfield_12311820" key="com.pyxis.greenhopper.jira:gh-lexo-rank">
                        <customfieldname>Rank</customfieldname>
                        <customfieldvalues>
                            <customfieldvalue>0|i38azj:</customfieldvalue>

                        </customfieldvalues>
                    </customfield>
                                                                <customfield id="customfield_12310920" key="com.pyxis.greenhopper.jira:gh-global-rank">
                        <customfieldname>Rank (Obsolete)</customfieldname>
                        <customfieldvalues>
                            <customfieldvalue>9223372036854775807</customfieldvalue>
                        </customfieldvalues>
                    </customfield>
                                                                                                                                                                                                                                                                                                                            <customfield id="customfield_12310222" key="com.atlassian.jira.ext.charting:timeinstatus">
                        <customfieldname>Time in Status</customfieldname>
                        <customfieldvalues>
                            
                        </customfieldvalues>
                    </customfield>
                                    </customfields>
    </item>
</channel>
</rss>