<!--
RSS generated by JIRA (7.6.3#76005-sha1:8a4e38d34af948780dbf52044e7aafb13a7cae58) at Fri Apr 05 23:50:16 UTC 2019

It is possible to restrict the fields that are returned in this document by specifying the 'field' parameter in your request.
For example, to request only the issue key and summary append 'field=key&field=summary' to the URL of your request.
-->
<!-- If you wish to do custom client-side styling of RSS, uncomment this:
<?xml-stylesheet href="https://issues.apache.org/jira/styles/jiraxml2html.xsl" type="text/xsl"?>
-->
<rss version="0.92">
    <channel>
        <title>ASF JIRA</title>
        <link>https://issues.apache.org/jira/issues/?jql=project+%3D+AMQ+AND+issuetype+%3D+Bug+AND+created+%3E%3D+2018-09-01+AND+created+%3C%3D+2018-10-01</link>
        <description>An XML representation of a search request</description>
                <language>en-uk</language>
                        <issue start="0" end="8" total="8"/>
                <build-info>
            <version>7.6.3</version>
            <build-number>76005</build-number>
            <build-date>09-01-2018</build-date>
        </build-info>

<item>
            <title>[AMQ-7062] RedeliverPlugin can loop on duplicate detection sending to dlq</title>
                <link>https://issues.apache.org/jira/browse/AMQ-7062</link>
                <project id="12311210" key="AMQ">ActiveMQ</project>
                    <description>&lt;p&gt;When brokers &quot;RedeliveryPlugin&quot; is configured with maximumRedeliveries=&quot;-1&quot; (deliver forever) and a &quot;duplicate message from store&quot; is detected, the duplicate message never makes it to the DLQ and keeps getting redelivered to the original queue.&lt;/p&gt;
&lt;div class=&quot;code panel&quot; style=&quot;border-width: 1px;&quot;&gt;&lt;div class=&quot;codeContent panelContent&quot;&gt;
&lt;pre class=&quot;code-java&quot;&gt;
WARN  | JobScheduler:JMS | AbstractStoreCursor              | gion.cursors.AbstractStoreCursor  116 | org.apache.activemq.broker.region.cursors.QueueStorePrefetch@13044dcb:MYQUEUEXXX,batchResetNeeded=&lt;span class=&quot;code-keyword&quot;&gt;false&lt;/span&gt;,size=0,cacheEnabled=&lt;span class=&quot;code-keyword&quot;&gt;true&lt;/span&gt;,maxBatchSize:3,hasSpace:&lt;span class=&quot;code-keyword&quot;&gt;true&lt;/span&gt;,pendingCachedIds.size:1,lastSyncCachedId:&lt;span class=&quot;code-keyword&quot;&gt;null&lt;/span&gt;,lastSyncCachedId-seq:&lt;span class=&quot;code-keyword&quot;&gt;null&lt;/span&gt;,lastAsyncCachedId:ID:MYID2XXX-41992-1537343117867-33:1:1:1:31,lastAsyncCachedId-seq:34164,store=permits:9999,sd=nextSeq:34228,lastRet:MessageOrderCursor:[def:0, low:0, high:0],pending:0 - cursor got duplicate send ID:MYIDXXX1536652818855-25:1:2:1:4 seq: org.apache.activemq.store.kahadb.KahaDBStore$StoreQueueTask$InnerFutureTask@26c9ffc9
WARN  | JobScheduler:JMS | Queue                            | mq.broker.region.BaseDestination  853 | duplicate message from store ID:MYIDXXX1536652818855-25:1:2:1:4, redirecting &lt;span class=&quot;code-keyword&quot;&gt;for&lt;/span&gt; dlq processing
TRACE | JobScheduler:JMS | RedeliveryPlugin                 | emq.broker.util.RedeliveryPlugin  173 | redelivery #31514 of: ID:MYIDXXX1536652818855-25:1:2:1:4 with delay: 10000, dest: queue:&lt;span class=&quot;code-comment&quot;&gt;//MYQUEUEXXX
&lt;/span&gt;WARN  | JobScheduler:JMS | AbstractStoreCursor              | gion.cursors.AbstractStoreCursor  116 | org.apache.activemq.broker.region.cursors.QueueStorePrefetch@13044dcb:MYQUEUEXXX,batchResetNeeded=&lt;span class=&quot;code-keyword&quot;&gt;false&lt;/span&gt;,size=0,cacheEnabled=&lt;span class=&quot;code-keyword&quot;&gt;true&lt;/span&gt;,maxBatchSize:3,hasSpace:&lt;span class=&quot;code-keyword&quot;&gt;true&lt;/span&gt;,pendingCachedIds.size:1,lastSyncCachedId:&lt;span class=&quot;code-keyword&quot;&gt;null&lt;/span&gt;,lastSyncCachedId-seq:&lt;span class=&quot;code-keyword&quot;&gt;null&lt;/span&gt;,lastAsyncCachedId:ID:MYID2XXX-41992-1537343117867-33:1:1:1:31,lastAsyncCachedId-seq:34164,store=permits:9999,sd=nextSeq:34229,lastRet:MessageOrderCursor:[def:0, low:0, high:0],pending:0 - cursor got duplicate send ID:MYIDXXX1536652818855-25:1:2:1:4 seq: org.apache.activemq.store.kahadb.KahaDBStore$StoreQueueTask$InnerFutureTask@7be7d7d7
WARN  | JobScheduler:JMS | Queue                            | mq.broker.region.BaseDestination  853 | duplicate message from store ID:MYIDXXX1536652818855-25:1:2:1:4, redirecting &lt;span class=&quot;code-keyword&quot;&gt;for&lt;/span&gt; dlq processing
TRACE | JobScheduler:JMS | RedeliveryPlugin                 | emq.broker.util.RedeliveryPlugin  173 | redelivery #31515 of: ID:MYIDXXX1536652818855-25:1:2:1:4 with delay: 10000, dest: queue:&lt;span class=&quot;code-comment&quot;&gt;//MYQUEUEXXX
&lt;/span&gt;WARN  | JobScheduler:JMS | AbstractStoreCursor              | gion.cursors.AbstractStoreCursor  116 | org.apache.activemq.broker.region.cursors.QueueStorePrefetch@13044dcb:MYQUEUEXXX,batchResetNeeded=&lt;span class=&quot;code-keyword&quot;&gt;false&lt;/span&gt;,size=0,cacheEnabled=&lt;span class=&quot;code-keyword&quot;&gt;true&lt;/span&gt;,maxBatchSize:3,hasSpace:&lt;span class=&quot;code-keyword&quot;&gt;true&lt;/span&gt;,pendingCachedIds.size:1,lastSyncCachedId:&lt;span class=&quot;code-keyword&quot;&gt;null&lt;/span&gt;,lastSyncCachedId-seq:&lt;span class=&quot;code-keyword&quot;&gt;null&lt;/span&gt;,lastAsyncCachedId:ID:MYID2XXX-41992-1537343117867-33:1:1:1:31,lastAsyncCachedId-seq:34164,store=permits:9999,sd=nextSeq:34230,lastRet:MessageOrderCursor:[def:0, low:0, high:0],pending:0 - cursor got duplicate send ID:MYIDXXX1536652818855-25:1:2:1:4 seq: org.apache.activemq.store.kahadb.KahaDBStore$StoreQueueTask$InnerFutureTask@17f4d783
WARN  | JobScheduler:JMS | Queue                            | mq.broker.region.BaseDestination  853 | duplicate message from store ID:MYIDXXX1536652818855-25:1:2:1:4, redirecting &lt;span class=&quot;code-keyword&quot;&gt;for&lt;/span&gt; dlq processing
TRACE | JobScheduler:JMS | RedeliveryPlugin                 | emq.broker.util.RedeliveryPlugin  173 | redelivery #31516 of: ID:MYIDXXX1536652818855-25:1:2:1:4 with delay: 10000, dest: queue:&lt;span class=&quot;code-comment&quot;&gt;//MYQUEUEXXX&lt;/span&gt;
&lt;/pre&gt;
&lt;/div&gt;&lt;/div&gt;
&lt;p&gt;&#160;&lt;br/&gt;
 &#160;&lt;/p&gt;</description>
                <environment></environment>
        <key id="13187365">AMQ-7062</key>
            <summary>RedeliverPlugin can loop on duplicate detection sending to dlq</summary>
                <type id="1" iconUrl="https://issues.apache.org/jira/secure/viewavatar?size=xsmall&amp;avatarId=21133&amp;avatarType=issuetype">Bug</type>
                                            <priority id="3" iconUrl="https://issues.apache.org/jira/images/icons/priorities/major.svg">Major</priority>
                        <status id="5" iconUrl="https://issues.apache.org/jira/images/icons/statuses/resolved.png" description="A resolution has been taken, and it is awaiting verification by reporter. From here issues are either reopened, or are closed.">Resolved</status>
                    <statusCategory id="3" key="done" colorName="green"/>
                                    <resolution id="1">Fixed</resolution>
                                        <assignee username="gtully">Gary Tully</assignee>
                                    <reporter username="gtully">Gary Tully</reporter>
                        <labels>
                    </labels>
                <created>Tue, 25 Sep 2018 16:57:29 +0000</created>
                <updated>Wed, 26 Sep 2018 10:50:09 +0000</updated>
                            <resolved>Wed, 26 Sep 2018 10:50:09 +0000</resolved>
                                    <version>5.15.0</version>
                                    <fixVersion>5.16.0</fixVersion>
                                    <component>Broker</component>
                        <due></due>
                            <votes>0</votes>
                                    <watches>2</watches>
                                                                <comments>
                            <comment id="16628531" author="jira-bot" created="Wed, 26 Sep 2018 10:25:21 +0000"  >&lt;p&gt;Commit 5246151288873d05e2a892afe7d42f3ee0e44275 in activemq&apos;s branch refs/heads/master from gtully&lt;br/&gt;
[ &lt;a href=&quot;https://git-wip-us.apache.org/repos/asf?p=activemq.git;h=5246151&quot; class=&quot;external-link&quot; rel=&quot;nofollow&quot;&gt;https://git-wip-us.apache.org/repos/asf?p=activemq.git;h=5246151&lt;/a&gt; ]&lt;/p&gt;

&lt;p&gt;&lt;a href=&quot;https://issues.apache.org/jira/browse/AMQ-7062&quot; title=&quot;RedeliverPlugin can loop on duplicate detection sending to dlq&quot; class=&quot;issue-link&quot; data-issue-key=&quot;AMQ-7062&quot;&gt;&lt;del&gt;AMQ-7062&lt;/del&gt;&lt;/a&gt; - have redelivery plugin ignore messages detected as duplicates&lt;/p&gt;</comment>
                    </comments>
                    <attachments>
                    </attachments>
                <subtasks>
                    </subtasks>
                <customfields>
                                                <customfield id="customfield_12310310" key="com.atlassian.jira.toolkit:attachments">
                        <customfieldname>Attachment count</customfieldname>
                        <customfieldvalues>
                            <customfieldvalue>0.0</customfieldvalue>
                        </customfieldvalues>
                    </customfield>
                                                                                                                                                                                                                                                                                                                                                                                                                                                                                                                                                                                        <customfield id="customfield_12310220" key="com.atlassian.jira.ext.charting:firstresponsedate">
                        <customfieldname>Date of First Response</customfieldname>
                        <customfieldvalues>
                            <customfieldvalue>Wed, 26 Sep 2018 10:25:21 +0000</customfieldvalue>

                        </customfieldvalues>
                    </customfield>
                                                                                                                        <customfield id="customfield_12313422" key="com.atlassian.jirafisheyeplugin:jobcheckbox">
                        <customfieldname>Enable Automatic Patch Review</customfieldname>
                        <customfieldvalues>
                            <customfieldvalue><![CDATA[false]]></customfieldvalue>

                        </customfieldvalues>
                    </customfield>
                                                                                                                                                                                                                                                                                                                                                                                                                                                                                                    <customfield id="customfield_12310420" key="com.pyxis.greenhopper.jira:gh-global-rank">
                        <customfieldname>Global Rank</customfieldname>
                        <customfieldvalues>
                            <customfieldvalue>9223372036854775807</customfieldvalue>
                        </customfieldvalues>
                    </customfield>
                                                                                                                        <customfield id="customfield_12312521" key="com.atlassian.jira.toolkit:LastCommentDate">
                        <customfieldname>Last public comment date</customfieldname>
                        <customfieldvalues>
                            27 weeks, 2 days ago
                        </customfieldvalues>
                    </customfield>
                                                                                                                                                                                <customfield id="customfield_12311820" key="com.pyxis.greenhopper.jira:gh-lexo-rank">
                        <customfieldname>Rank</customfieldname>
                        <customfieldvalues>
                            <customfieldvalue>0|i3yh8n:</customfieldvalue>

                        </customfieldvalues>
                    </customfield>
                                                                <customfield id="customfield_12310920" key="com.pyxis.greenhopper.jira:gh-global-rank">
                        <customfieldname>Rank (Obsolete)</customfieldname>
                        <customfieldvalues>
                            <customfieldvalue>9223372036854775807</customfieldvalue>
                        </customfieldvalues>
                    </customfield>
                                                                                                                                                                                                                                                                                                                                                        <customfield id="customfield_12310222" key="com.atlassian.jira.ext.charting:timeinstatus">
                        <customfieldname>Time in Status</customfieldname>
                        <customfieldvalues>
                            
                        </customfieldvalues>
                    </customfield>
                                    </customfields>
    </item>


<item>
            <title>[AMQ-7061] Message Expired even though it should be discarded</title>
                <link>https://issues.apache.org/jira/browse/AMQ-7061</link>
                <project id="12311210" key="AMQ">ActiveMQ</project>
                    <description>&lt;p&gt;Original at &lt;a href=&quot;http://markmail.org/message/ym7ivylhu7q5ozce&quot; class=&quot;external-link&quot; rel=&quot;nofollow&quot;&gt;http://markmail.org/message/ym7ivylhu7q5ozce&lt;/a&gt;&lt;/p&gt;

&lt;p&gt;&#160;&lt;/p&gt;

&lt;p&gt;We&apos;re running 5.15.3 and we&apos;re using &amp;lt;&lt;a href=&quot;https://github.com/ARGOeu/nagios-plugins-activemq/&quot; class=&quot;external-link&quot; rel=&quot;nofollow&quot;&gt;https://github.com/ARGOeu/nagios-plugins-activemq/&lt;/a&gt;&amp;gt; for monitoring (SSL&apos;ed) OpenWire. Healthchecks fail and to not get our aliveness-check queue filled with old messages we added TTL via &amp;lt;&lt;a href=&quot;https://github.com/ARGOeu/nagios-plugins-activemq/blob/3d6d43c/lib/OpenWireProbe/src/org/activemq/probes/OpenWireProbe.java#L124-L126&quot; class=&quot;external-link&quot; rel=&quot;nofollow&quot;&gt;https://github.com/ARGOeu/nagios-plugins-activemq/blob/3d6d43c/lib/OpenWireProbe/src/org/activemq/probes/OpenWireProbe.java#L124-L126&lt;/a&gt;&amp;gt;. We got one DLQ&apos;d OpenWire check message and just discarded it but when we got the second one I started to investigate.&lt;/p&gt;

&lt;p&gt;The message which got put into the DLQ has the propery: dlqDeliveryFailureCause java.lang.Throwable: Message Expired. Expiration:1537468027378&lt;/p&gt;

&lt;p&gt;Our configuration related to the queue aliveness-test in activemq.xml is:&lt;/p&gt;

&lt;p&gt;&lt;span class=&quot;error&quot;&gt;&amp;#91;...&amp;#93;&lt;/span&gt; &amp;lt;authorizationEntry queue=&quot;aliveness-test.&amp;gt;&quot; read=&quot;monitoring&quot; write=&quot;monitoring&quot; admin=&quot;admins&quot; /&amp;gt; &lt;span class=&quot;error&quot;&gt;&amp;#91;...&amp;#93;&lt;/span&gt; &amp;lt;queue physicalName=&quot;aliveness-test&quot;/&amp;gt; &lt;span class=&quot;error&quot;&gt;&amp;#91;...&amp;#93;&lt;/span&gt; &amp;lt;policyEntry queue=&quot;aliveness-test&quot;&amp;gt; &amp;lt;!-- Tell the dead letter strategy not to process expired messages so that they will just be discarded instead of being sent to the DLQ --&amp;gt; &amp;lt;deadLetterStrategy&amp;gt; &amp;lt;sharedDeadLetterStrategy processExpired=&quot;false&quot; /&amp;gt; &amp;lt;/deadLetterStrategy&amp;gt; &amp;lt;/policyEntry&amp;gt; &lt;span class=&quot;error&quot;&gt;&amp;#91;...&amp;#93;&lt;/span&gt;&lt;/p&gt;

&lt;p&gt;I just noticed a bug that our TTL is set to 60ms (instead of seconds) but that&apos;s just how fast ActiveMQ is ; ) So I don&apos;t think that&apos;s related.&lt;/p&gt;

&lt;p&gt;So what we expect is for those messages to just get deleted but instead we they get DLQ&apos;d into ActiveMQ.DLQ (since no DLQ is configured).&lt;/p&gt;</description>
                <environment>&lt;p&gt;Debian 9.5&lt;/p&gt;

&lt;p&gt;java version &quot;1.8.0_162&quot;&lt;br/&gt;
Java(TM) SE Runtime Environment (build 1.8.0_162-b12)&lt;br/&gt;
Java HotSpot(TM) 64-Bit Server VM (build 25.162-b12, mixed mode)&lt;/p&gt;</environment>
        <key id="13186993">AMQ-7061</key>
            <summary>Message Expired even though it should be discarded</summary>
                <type id="1" iconUrl="https://issues.apache.org/jira/secure/viewavatar?size=xsmall&amp;avatarId=21133&amp;avatarType=issuetype">Bug</type>
                                            <priority id="4" iconUrl="https://issues.apache.org/jira/images/icons/priorities/minor.svg">Minor</priority>
                        <status id="1" iconUrl="https://issues.apache.org/jira/images/icons/statuses/open.png" description="The issue is open and ready for the assignee to start work on it.">Open</status>
                    <statusCategory id="2" key="new" colorName="blue-gray"/>
                                    <resolution id="-1">Unresolved</resolution>
                                        <assignee username="-1">Unassigned</assignee>
                                    <reporter username="simmel">Simon Lundstrom</reporter>
                        <labels>
                    </labels>
                <created>Mon, 24 Sep 2018 11:23:51 +0000</created>
                <updated>Mon, 24 Sep 2018 11:23:51 +0000</updated>
                                            <version>5.15.3</version>
                                                        <due></due>
                            <votes>0</votes>
                                    <watches>2</watches>
                                                                        <attachments>
                    </attachments>
                <subtasks>
                    </subtasks>
                <customfields>
                                                <customfield id="customfield_12310310" key="com.atlassian.jira.toolkit:attachments">
                        <customfieldname>Attachment count</customfieldname>
                        <customfieldvalues>
                            <customfieldvalue>0.0</customfieldvalue>
                        </customfieldvalues>
                    </customfield>
                                                                                                                                                                                                                                                                                                                                                                                                                                                                                                                                                                                                                                                                            <customfield id="customfield_12313422" key="com.atlassian.jirafisheyeplugin:jobcheckbox">
                        <customfieldname>Enable Automatic Patch Review</customfieldname>
                        <customfieldvalues>
                            <customfieldvalue><![CDATA[false]]></customfieldvalue>

                        </customfieldvalues>
                    </customfield>
                                                                                                                                                                                                                                                                                                                                                                                                                                                                                                    <customfield id="customfield_12310420" key="com.pyxis.greenhopper.jira:gh-global-rank">
                        <customfieldname>Global Rank</customfieldname>
                        <customfieldvalues>
                            <customfieldvalue>9223372036854775807</customfieldvalue>
                        </customfieldvalues>
                    </customfield>
                                                                                                                        <customfield id="customfield_12312521" key="com.atlassian.jira.toolkit:LastCommentDate">
                        <customfieldname>Last public comment date</customfieldname>
                        <customfieldvalues>
                            27 weeks, 4 days ago
                        </customfieldvalues>
                    </customfield>
                                                                                                                                                                                <customfield id="customfield_12311820" key="com.pyxis.greenhopper.jira:gh-lexo-rank">
                        <customfieldname>Rank</customfieldname>
                        <customfieldvalues>
                            <customfieldvalue>0|i3yeyv:</customfieldvalue>

                        </customfieldvalues>
                    </customfield>
                                                                <customfield id="customfield_12310920" key="com.pyxis.greenhopper.jira:gh-global-rank">
                        <customfieldname>Rank (Obsolete)</customfieldname>
                        <customfieldvalues>
                            <customfieldvalue>9223372036854775807</customfieldvalue>
                        </customfieldvalues>
                    </customfield>
                                                                                                                                                                                                                                                                                                                                                        </customfields>
    </item>


<item>
            <title>[AMQ-7059] Stale connection hanging at broker during consumer crash</title>
                <link>https://issues.apache.org/jira/browse/AMQ-7059</link>
                <project id="12311210" key="AMQ">ActiveMQ</project>
                    <description>&lt;p&gt;Stale connection hanging at broker during consumer crash :&lt;/p&gt;

&lt;p&gt;Step1 :&lt;br/&gt;
When a consumer is getting attached with ActiveMQ broker, the consumer count is getting increased with one , which is verified through &quot;dstat&quot; command . Also the &quot;netstat&quot; from client machine shows one connection establishment with broker. &lt;/p&gt;

&lt;p&gt;Netstat:&lt;br/&gt;
tcp&#160;&#160;&#160;&#160;&#160;&#160;&#160; 0&#160;&#160;&#160;&#160;&#160; 0&#160;&#160;&#160;&#160; x.x.x.x:61617&#160;&#160;&#160;&#160;&#160;&#160;&#160;&#160; x.x.x.x:44332&#160;&#160;&#160;&#160;&#160;&#160;&#160;&#160; ESTABLISHED 18625/java&lt;/p&gt;

&lt;p&gt;dstat value is:&lt;br/&gt;
Name&#160;&#160;&#160;&#160;&#160;&#160;&#160;&#160;&#160;&#160;&#160;&#160;&#160;&#160;&#160;&#160;&#160;&#160;&#160;&#160;&#160;&#160;&#160;&#160;&#160;&#160;&#160;&#160;&#160;&#160;&#160;&#160;&#160;&#160;&#160;&#160;&#160;&#160;&#160;&#160;&#160;&#160;&#160;&#160;&#160;&#160;&#160;&#160;&#160;&#160;&#160;&#160;&#160;&#160;&#160;&#160;&#160;&#160;&#160;&#160;&#160;&#160; Queue Size&#160; Producer #&#160; Consumer #&#160;&#160; Enqueue #&#160;&#160; Dequeue #&#160;&#160; Forward #&#160;&#160;&#160; Memory %&lt;br/&gt;
consumer.xyz.virtualTopic.abc.productUpdateNotificationEvent.1_0&#160;&#160;&#160;&#160;&#160;&#160;&#160;&#160;&#160;&#160; 8&#160;&#160;&#160;&#160;&#160;&#160; 0&#160;&#160;&#160;&#160;&#160;&#160;&#160; 1&#160;&#160;&#160;&#160;&#160;&#160;&#160;&#160;&#160;&#160;&#160; 10&#160;&#160;&#160;&#160;&#160;&#160;&#160;&#160;&#160; 2&#160;&#160;&#160;&#160;&#160;&#160;&#160;&#160;&#160;&#160;&#160; 0&#160;&#160;&#160;&#160;&#160;&#160;&#160;&#160;&#160;&#160;&#160; 0&lt;/p&gt;


&lt;p&gt;Step2 :&lt;br/&gt;
Kill the client connection and no such connection in netstat from client machine. But still the connection hanging with broker and dstat showing the same result as before. &lt;/p&gt;

&lt;p&gt;Netstat:&lt;br/&gt;
&lt;del&gt;NA&lt;/del&gt;&lt;/p&gt;

&lt;p&gt;dstat value is:&lt;br/&gt;
Name&#160;&#160;&#160;&#160;&#160;&#160;&#160;&#160;&#160;&#160;&#160;&#160;&#160;&#160;&#160;&#160;&#160;&#160;&#160;&#160;&#160;&#160;&#160;&#160;&#160;&#160;&#160;&#160;&#160;&#160;&#160;&#160;&#160;&#160;&#160;&#160;&#160;&#160;&#160;&#160;&#160;&#160;&#160;&#160;&#160;&#160;&#160;&#160;&#160;&#160;&#160;&#160;&#160;&#160;&#160;&#160;&#160;&#160;&#160;&#160;&#160;&#160;&#160;&#160; Queue Size&#160; Producer #&#160; Consumer #&#160;&#160; Enqueue #&#160;&#160; Dequeue #&#160;&#160; Forward #&#160;&#160;&#160; Memory %&lt;br/&gt;
consumer.xyz.virtualTopic.abc.productUpdateNotificationEvent.1_0&#160;&#160;&#160;&#160;&#160;&#160;&#160;&#160;&#160;&#160; 8&#160;&#160;&#160;&#160;&#160;&#160;&#160;&#160;&#160;&#160; 0&#160;&#160;&#160;&#160;&#160;&#160;&#160;&#160;&#160; 1&#160;&#160;&#160;&#160;&#160;&#160;&#160;&#160;&#160;&#160;&#160; 10&#160;&#160;&#160;&#160;&#160;&#160;&#160; 2&#160;&#160;&#160;&#160;&#160;&#160;&#160;&#160;&#160; 0&#160;&#160;&#160;&#160;&#160;&#160;&#160;&#160;&#160;&#160;&#160; 0&lt;/p&gt;

&lt;p&gt;Step 3: &lt;br/&gt;
Few of the message (multiples of 1000) not getting de-queue even after the new client getting connected. So the number of messages and number of consumers is getting increased on every attempt of client termination. When we try to change the &quot;prefetchPolicy.queuePrefetch&quot; property on consumer side, its reflecting so the number of messages are hanging (as configured in property . Eg. If we set value as &quot;prefetchPolicy.queuePrefetch=10&quot;, then 10 messages are hanging on the queue)&lt;/p&gt;

&lt;p&gt;Step 4 : &lt;br/&gt;
After re-starting the broker , all the pending messages are getting de-queued, Where one client is up and running .&lt;/p&gt;</description>
                <environment></environment>
        <key id="13186598">AMQ-7059</key>
            <summary>Stale connection hanging at broker during consumer crash</summary>
                <type id="1" iconUrl="https://issues.apache.org/jira/secure/viewavatar?size=xsmall&amp;avatarId=21133&amp;avatarType=issuetype">Bug</type>
                                            <priority id="3" iconUrl="https://issues.apache.org/jira/images/icons/priorities/major.svg">Major</priority>
                        <status id="1" iconUrl="https://issues.apache.org/jira/images/icons/statuses/open.png" description="The issue is open and ready for the assignee to start work on it.">Open</status>
                    <statusCategory id="2" key="new" colorName="blue-gray"/>
                                    <resolution id="-1">Unresolved</resolution>
                                        <assignee username="-1">Unassigned</assignee>
                                    <reporter username="hemanathan">Hemanathan</reporter>
                        <labels>
                    </labels>
                <created>Fri, 21 Sep 2018 12:06:38 +0000</created>
                <updated>Fri, 21 Sep 2018 12:06:38 +0000</updated>
                                            <version>5.14.0</version>
                                                    <component>Broker</component>
                    <component>Command Line Tools</component>
                    <component>JMS client</component>
                    <component>karaf</component>
                    <component>OSGi/Karaf</component>
                        <due></due>
                            <votes>0</votes>
                                    <watches>1</watches>
                                                                        <attachments>
                    </attachments>
                <subtasks>
                    </subtasks>
                <customfields>
                                                <customfield id="customfield_12310310" key="com.atlassian.jira.toolkit:attachments">
                        <customfieldname>Attachment count</customfieldname>
                        <customfieldvalues>
                            <customfieldvalue>0.0</customfieldvalue>
                        </customfieldvalues>
                    </customfield>
                                                                                                                                                                                                                                                                                                                                                                                                                                                                                                                                                                                                                                                                            <customfield id="customfield_12313422" key="com.atlassian.jirafisheyeplugin:jobcheckbox">
                        <customfieldname>Enable Automatic Patch Review</customfieldname>
                        <customfieldvalues>
                            <customfieldvalue><![CDATA[false]]></customfieldvalue>

                        </customfieldvalues>
                    </customfield>
                                                                                                                                                                                                                                                                                                                                                                                                                                                                                                    <customfield id="customfield_12310420" key="com.pyxis.greenhopper.jira:gh-global-rank">
                        <customfieldname>Global Rank</customfieldname>
                        <customfieldvalues>
                            <customfieldvalue>9223372036854775807</customfieldvalue>
                        </customfieldvalues>
                    </customfield>
                                                                                                                        <customfield id="customfield_12312521" key="com.atlassian.jira.toolkit:LastCommentDate">
                        <customfieldname>Last public comment date</customfieldname>
                        <customfieldvalues>
                            28 weeks ago
                        </customfieldvalues>
                    </customfield>
                                                                                                                                                                                <customfield id="customfield_12311820" key="com.pyxis.greenhopper.jira:gh-lexo-rank">
                        <customfieldname>Rank</customfieldname>
                        <customfieldvalues>
                            <customfieldvalue>0|i3ycjb:</customfieldvalue>

                        </customfieldvalues>
                    </customfield>
                                                                <customfield id="customfield_12310920" key="com.pyxis.greenhopper.jira:gh-global-rank">
                        <customfieldname>Rank (Obsolete)</customfieldname>
                        <customfieldvalues>
                            <customfieldvalue>9223372036854775807</customfieldvalue>
                        </customfieldvalues>
                    </customfield>
                                                                                                                                                                                                                                                                                                                                                        </customfields>
    </item>


<item>
            <title>[AMQ-7058] Write permissions blocked on all queues when one does not have member in LDAP </title>
                <link>https://issues.apache.org/jira/browse/AMQ-7058</link>
                <project id="12311210" key="AMQ">ActiveMQ</project>
                    <description>&lt;p&gt;I&apos;ve only tested with 5.13 and 5.14.4&#160;&lt;/p&gt;

&lt;p&gt;Received this exception after broker start. (full start log attached)&#160;&lt;/p&gt;

&lt;p&gt;2018-09-20 16:19:47,575 | ERROR | Policy not applied!. Error processing policy under &apos;&lt;span class=&quot;error&quot;&gt;&amp;#91;ou=ActiveMQ,ou=CTL,ou=Apps,o=up, (cn=Write)&amp;#93;&lt;/span&gt;&apos; with filter &apos;{}&apos; | org.apache.activemq.security.SimpleCachedLDAPAuthorizationMap | main&lt;br/&gt;
 java.lang.NullPointerException&lt;/p&gt;

&lt;p&gt;Could not write to any queue that had valid write permissions (attached example of error on queue that has valid write permissions). User deeb005 is not authorized to write to: queue://TEST.QUEUE&#160; Ended up finding one queue that had&#160;blank write permissions. One queue not having write permissions should not block all queues from utilizing valid permissions.&#160;&lt;/p&gt;</description>
                <environment></environment>
        <key id="13186533">AMQ-7058</key>
            <summary>Write permissions blocked on all queues when one does not have member in LDAP </summary>
                <type id="1" iconUrl="https://issues.apache.org/jira/secure/viewavatar?size=xsmall&amp;avatarId=21133&amp;avatarType=issuetype">Bug</type>
                                            <priority id="3" iconUrl="https://issues.apache.org/jira/images/icons/priorities/major.svg">Major</priority>
                        <status id="1" iconUrl="https://issues.apache.org/jira/images/icons/statuses/open.png" description="The issue is open and ready for the assignee to start work on it.">Open</status>
                    <statusCategory id="2" key="new" colorName="blue-gray"/>
                                    <resolution id="-1">Unresolved</resolution>
                                        <assignee username="-1">Unassigned</assignee>
                                    <reporter username="puvey">Natisha Stiles</reporter>
                        <labels>
                    </labels>
                <created>Fri, 21 Sep 2018 03:25:44 +0000</created>
                <updated>Fri, 21 Sep 2018 14:03:53 +0000</updated>
                                            <version>5.15.3</version>
                    <version>5.15.4</version>
                                                    <component>Broker</component>
                        <due></due>
                            <votes>0</votes>
                                    <watches>1</watches>
                                                                        <attachments>
                            <attachment id="12940717" name="log.txt" size="12740" author="puvey" created="Fri, 21 Sep 2018 03:06:14 +0000"/>
                            <attachment id="12940716" name="writeError.txt" size="2205" author="puvey" created="Fri, 21 Sep 2018 03:19:06 +0000"/>
                    </attachments>
                <subtasks>
                    </subtasks>
                <customfields>
                                                <customfield id="customfield_12310310" key="com.atlassian.jira.toolkit:attachments">
                        <customfieldname>Attachment count</customfieldname>
                        <customfieldvalues>
                            <customfieldvalue>2.0</customfieldvalue>
                        </customfieldvalues>
                    </customfield>
                                                                                                                                                                                                                                                                                                                                                                                                                                                                                                                                                                                                                                                                            <customfield id="customfield_12313422" key="com.atlassian.jirafisheyeplugin:jobcheckbox">
                        <customfieldname>Enable Automatic Patch Review</customfieldname>
                        <customfieldvalues>
                            <customfieldvalue><![CDATA[false]]></customfieldvalue>

                        </customfieldvalues>
                    </customfield>
                                                                                                                                                                                                                                                                                                                                                                                                                                                                                                    <customfield id="customfield_12310420" key="com.pyxis.greenhopper.jira:gh-global-rank">
                        <customfieldname>Global Rank</customfieldname>
                        <customfieldvalues>
                            <customfieldvalue>9223372036854775807</customfieldvalue>
                        </customfieldvalues>
                    </customfield>
                                                                                                                        <customfield id="customfield_12312521" key="com.atlassian.jira.toolkit:LastCommentDate">
                        <customfieldname>Last public comment date</customfieldname>
                        <customfieldvalues>
                            28 weeks ago
                        </customfieldvalues>
                    </customfield>
                                                                                                                                                                                <customfield id="customfield_12311820" key="com.pyxis.greenhopper.jira:gh-lexo-rank">
                        <customfieldname>Rank</customfieldname>
                        <customfieldvalues>
                            <customfieldvalue>0|i3yc4v:</customfieldvalue>

                        </customfieldvalues>
                    </customfield>
                                                                <customfield id="customfield_12310920" key="com.pyxis.greenhopper.jira:gh-global-rank">
                        <customfieldname>Rank (Obsolete)</customfieldname>
                        <customfieldvalues>
                            <customfieldvalue>9223372036854775807</customfieldvalue>
                        </customfieldvalues>
                    </customfield>
                                                                                                                                                                                                                                                                                                                                                        </customfields>
    </item>


<item>
            <title>[AMQ-7054] Failover timeout does not work</title>
                <link>https://issues.apache.org/jira/browse/AMQ-7054</link>
                <project id="12311210" key="AMQ">ActiveMQ</project>
                    <description>&lt;p&gt;I have configured an activemq-client 5.15.4 with failover, I add the transport option timeout&lt;/p&gt;

&lt;p&gt;&lt;b&gt;failover://(tcp://localhost:61616,tcp://localhost:61618)?timeout=3000&quot;&lt;/b&gt;&lt;/p&gt;

&lt;p&gt;I never get the timeout !!!&lt;/p&gt;

&lt;p&gt;IT WORKS if I use activemq-client 5.8.0, please see the attached logs.&lt;/p&gt;

&lt;p&gt;&#160;&lt;/p&gt;

&lt;p&gt;I wonder if I am configuring in a wrong way failover URL.&lt;/p&gt;

&lt;p&gt;I&#160; have attached a test application that you can use to reproduce the problem, to reproduce it you need to change the version of activemq-client in buid.gradle file.&lt;/p&gt;

&lt;p&gt;TO Run the application:&lt;/p&gt;
&lt;ul&gt;
	&lt;li&gt;Start 2 ActiveMQs accordin one in port 61616 and the second one in 61618&lt;/li&gt;
	&lt;li&gt;Star the test application&#160;&lt;/li&gt;
	&lt;li&gt;Send a http req&#160;&lt;b&gt;curl &lt;a href=&quot;http://localhost:8080/loco&quot; class=&quot;external-link&quot; rel=&quot;nofollow&quot;&gt;http://localhost:8080/loco&lt;/a&gt;&lt;/b&gt;&lt;/li&gt;
	&lt;li&gt;Check that the message go thru&lt;/li&gt;
	&lt;li&gt;Stop both ActiveMQs and send a new http req&lt;/li&gt;
	&lt;li&gt;With amq 5.8.0 you will see the failover timeout&lt;/li&gt;
	&lt;li&gt;With amq 5.15.4 or 5.15.6 you will never see the failover timeout, instead you will see a&#160;java.io.EOFException: null&lt;/li&gt;
&lt;/ul&gt;


&lt;p&gt;Best Regards&lt;/p&gt;

&lt;p&gt;Rafael Espino&lt;/p&gt;</description>
                <environment>&lt;p&gt;Linux or Macos&lt;/p&gt;</environment>
        <key id="13185479">AMQ-7054</key>
            <summary>Failover timeout does not work</summary>
                <type id="1" iconUrl="https://issues.apache.org/jira/secure/viewavatar?size=xsmall&amp;avatarId=21133&amp;avatarType=issuetype">Bug</type>
                                            <priority id="3" iconUrl="https://issues.apache.org/jira/images/icons/priorities/major.svg">Major</priority>
                        <status id="1" iconUrl="https://issues.apache.org/jira/images/icons/statuses/open.png" description="The issue is open and ready for the assignee to start work on it.">Open</status>
                    <statusCategory id="2" key="new" colorName="blue-gray"/>
                                    <resolution id="-1">Unresolved</resolution>
                                        <assignee username="-1">Unassigned</assignee>
                                    <reporter username="espinraf">Rafael Espino</reporter>
                        <labels>
                    </labels>
                <created>Mon, 17 Sep 2018 11:17:02 +0000</created>
                <updated>Mon, 17 Sep 2018 11:17:02 +0000</updated>
                                                                                <due></due>
                            <votes>1</votes>
                                    <watches>2</watches>
                                                                        <attachments>
                            <attachment id="12939960" name="activemq-client-5.15.4.log" size="2347" author="espinraf" created="Mon, 17 Sep 2018 11:16:01 +0000"/>
                            <attachment id="12939961" name="activemq-client-5.8.0.log" size="1455" author="espinraf" created="Mon, 17 Sep 2018 11:16:01 +0000"/>
                            <attachment id="12939962" name="failover-bug.tar" size="71069" author="espinraf" created="Mon, 17 Sep 2018 11:15:46 +0000"/>
                    </attachments>
                <subtasks>
                    </subtasks>
                <customfields>
                                                <customfield id="customfield_12310310" key="com.atlassian.jira.toolkit:attachments">
                        <customfieldname>Attachment count</customfieldname>
                        <customfieldvalues>
                            <customfieldvalue>3.0</customfieldvalue>
                        </customfieldvalues>
                    </customfield>
                                                                                                                                                                                                                                                                                                                                                                                                                                                                                                                                                                                                                                                                            <customfield id="customfield_12313422" key="com.atlassian.jirafisheyeplugin:jobcheckbox">
                        <customfieldname>Enable Automatic Patch Review</customfieldname>
                        <customfieldvalues>
                            <customfieldvalue><![CDATA[false]]></customfieldvalue>

                        </customfieldvalues>
                    </customfield>
                                                                                                                                                                                                                                                                                                                                                                                                                                                                                                    <customfield id="customfield_12310420" key="com.pyxis.greenhopper.jira:gh-global-rank">
                        <customfieldname>Global Rank</customfieldname>
                        <customfieldvalues>
                            <customfieldvalue>9223372036854775807</customfieldvalue>
                        </customfieldvalues>
                    </customfield>
                                                                                                                        <customfield id="customfield_12312521" key="com.atlassian.jira.toolkit:LastCommentDate">
                        <customfieldname>Last public comment date</customfieldname>
                        <customfieldvalues>
                            28 weeks, 4 days ago
                        </customfieldvalues>
                    </customfield>
                                                                                                                                                                                <customfield id="customfield_12311820" key="com.pyxis.greenhopper.jira:gh-lexo-rank">
                        <customfieldname>Rank</customfieldname>
                        <customfieldvalues>
                            <customfieldvalue>0|i3y5nj:</customfieldvalue>

                        </customfieldvalues>
                    </customfield>
                                                                <customfield id="customfield_12310920" key="com.pyxis.greenhopper.jira:gh-global-rank">
                        <customfieldname>Rank (Obsolete)</customfieldname>
                        <customfieldvalues>
                            <customfieldvalue>9223372036854775807</customfieldvalue>
                        </customfieldvalues>
                    </customfield>
                                                                                                                                                                                                                                                                                                                                                        </customfields>
    </item>


<item>
            <title>[AMQ-7051] WebConsole is adding a wrong cache selector to virtualSelectorCacheBrokerPlugin</title>
                <link>https://issues.apache.org/jira/browse/AMQ-7051</link>
                <project id="12311210" key="AMQ">ActiveMQ</project>
                    <description>&lt;p&gt;We have a topic called VirtualTopic.document and four nodes (n1, n2, n2 and n4) listening to their queues created by the VirtualTopic strategy:&lt;/p&gt;
&lt;ul&gt;
	&lt;li&gt;Queue n1: Consumer.n1.VirtualTopic.document&lt;/li&gt;
	&lt;li&gt;Queue n2: Consumer.n2.VirtualTopic.document&lt;/li&gt;
	&lt;li&gt;Queue n3: Consumer.n3.VirtualTopic.document&lt;/li&gt;
	&lt;li&gt;Queue n4: Consumer.n4.VirtualTopic.document&lt;/li&gt;
&lt;/ul&gt;


&lt;p&gt;Each node has its own selector, so that AMQ learns where to forward each message (selectorAware=true on virtual topic). In order to avoid loss of messages when clients are offline, we adopted the virtualSelectorCacheBrokerPlugin.&lt;/p&gt;

&lt;p&gt;It works well, so far. If I send a message matching the selectors of n1 and n2, the message is forwarded to the correct queues (Consumer.n1.VirtualTopic.document and Consumer.n2.VirtualTopic.document).&lt;/p&gt;

&lt;p&gt;The problem: if I browse on the web console to the see the active consumers on queue Consumer.n3.VirtualTopic.document ( &lt;a href=&quot;http://192.168.132.112:8161/admin/queueConsumers.jsp?JMSDestination=Consumer.n3.VirtualTopic.document&quot; class=&quot;external-link&quot; rel=&quot;nofollow&quot;&gt;http://localhost:8161/admin/queueConsumers.jsp?JMSDestination=Consumer.n3.VirtualTopic.document&lt;/a&gt; ) and send a message to any other node (n1, n2 or n4), the message is also sent to the unwanted queue Consumer.n3.VirtualTopic.document.&lt;/p&gt;

&lt;p&gt;I could also notice that only by browsing on webconsole to check the active consumers of a queue is enough to see a change in the binary content of the persitFile of virtualSelectorCacheBrokerPlugin. It seems also that disabling virtualSelectorCacheBrokerPlugin fixes the problem, but then we start to lose messages for offline nodes, which is unacceptable in our scenario.&lt;/p&gt;

&lt;p&gt;&#160;&lt;/p&gt;

&lt;p&gt;&#160;&lt;/p&gt;</description>
                <environment>&lt;p&gt;Java 1.8.0_144&lt;/p&gt;

&lt;p&gt;SO: Ubuntu 16.04 (64bit)&lt;/p&gt;</environment>
        <key id="13184976">AMQ-7051</key>
            <summary>WebConsole is adding a wrong cache selector to virtualSelectorCacheBrokerPlugin</summary>
                <type id="1" iconUrl="https://issues.apache.org/jira/secure/viewavatar?size=xsmall&amp;avatarId=21133&amp;avatarType=issuetype">Bug</type>
                                            <priority id="2" iconUrl="https://issues.apache.org/jira/images/icons/priorities/critical.svg">Critical</priority>
                        <status id="1" iconUrl="https://issues.apache.org/jira/images/icons/statuses/open.png" description="The issue is open and ready for the assignee to start work on it.">Open</status>
                    <statusCategory id="2" key="new" colorName="blue-gray"/>
                                    <resolution id="-1">Unresolved</resolution>
                                        <assignee username="-1">Unassigned</assignee>
                                    <reporter username="muriloconte">M&#225;rcio Monteiro</reporter>
                        <labels>
                    </labels>
                <created>Thu, 13 Sep 2018 18:45:12 +0000</created>
                <updated>Thu, 13 Sep 2018 18:50:46 +0000</updated>
                                            <version>5.15.6</version>
                                                    <component>Selector</component>
                        <due></due>
                            <votes>0</votes>
                                    <watches>1</watches>
                                                                        <attachments>
                            <attachment id="12939593" name="activemq.xml" size="6657" author="muriloconte" created="Thu, 13 Sep 2018 18:46:53 +0000"/>
                    </attachments>
                <subtasks>
                    </subtasks>
                <customfields>
                                                <customfield id="customfield_12310310" key="com.atlassian.jira.toolkit:attachments">
                        <customfieldname>Attachment count</customfieldname>
                        <customfieldvalues>
                            <customfieldvalue>1.0</customfieldvalue>
                        </customfieldvalues>
                    </customfield>
                                                                                                                                                                                                                                                                                                                                                                                                                                                                                                                                                                                                                                                                            <customfield id="customfield_12313422" key="com.atlassian.jirafisheyeplugin:jobcheckbox">
                        <customfieldname>Enable Automatic Patch Review</customfieldname>
                        <customfieldvalues>
                            <customfieldvalue><![CDATA[false]]></customfieldvalue>

                        </customfieldvalues>
                    </customfield>
                                                                                                                                                                                                                                                                                                                                                                                                                                                                                                    <customfield id="customfield_12310420" key="com.pyxis.greenhopper.jira:gh-global-rank">
                        <customfieldname>Global Rank</customfieldname>
                        <customfieldvalues>
                            <customfieldvalue>9223372036854775807</customfieldvalue>
                        </customfieldvalues>
                    </customfield>
                                                                                                                        <customfield id="customfield_12312521" key="com.atlassian.jira.toolkit:LastCommentDate">
                        <customfieldname>Last public comment date</customfieldname>
                        <customfieldvalues>
                            29 weeks, 1 day ago
                        </customfieldvalues>
                    </customfield>
                                                                                                                                                                                <customfield id="customfield_12311820" key="com.pyxis.greenhopper.jira:gh-lexo-rank">
                        <customfieldname>Rank</customfieldname>
                        <customfieldvalues>
                            <customfieldvalue>0|i3y2jr:</customfieldvalue>

                        </customfieldvalues>
                    </customfield>
                                                                <customfield id="customfield_12310920" key="com.pyxis.greenhopper.jira:gh-global-rank">
                        <customfieldname>Rank (Obsolete)</customfieldname>
                        <customfieldvalues>
                            <customfieldvalue>9223372036854775807</customfieldvalue>
                        </customfieldvalues>
                    </customfield>
                                                                                                                                                                                                                                                                                                                                                        </customfields>
    </item>


<item>
            <title>[AMQ-7049] Problem messages sent from topic being stuck in queue</title>
                <link>https://issues.apache.org/jira/browse/AMQ-7049</link>
                <project id="12311210" key="AMQ">ActiveMQ</project>
                    <description>&lt;p&gt;I attempt to send a message from a topic and it shows the Message Enqueued. I check the active subscribers and there are not any for the topic. How do I give a topic active subscribers so the message is sent and not in Enqueued&lt;/p&gt;</description>
                <environment></environment>
        <key id="13183490">AMQ-7049</key>
            <summary>Problem messages sent from topic being stuck in queue</summary>
                <type id="1" iconUrl="https://issues.apache.org/jira/secure/viewavatar?size=xsmall&amp;avatarId=21133&amp;avatarType=issuetype">Bug</type>
                                            <priority id="3" iconUrl="https://issues.apache.org/jira/images/icons/priorities/major.svg">Major</priority>
                        <status id="6" iconUrl="https://issues.apache.org/jira/images/icons/statuses/closed.png" description="The issue is considered finished, the resolution is correct. Issues which are not closed can be reopened.">Closed</status>
                    <statusCategory id="3" key="done" colorName="green"/>
                                    <resolution id="6">Invalid</resolution>
                                        <assignee username="-1">Unassigned</assignee>
                                    <reporter username="jsantew">J&apos;Sante</reporter>
                        <labels>
                    </labels>
                <created>Thu, 6 Sep 2018 20:11:58 +0000</created>
                <updated>Thu, 6 Sep 2018 20:53:04 +0000</updated>
                            <resolved>Thu, 6 Sep 2018 20:53:04 +0000</resolved>
                                    <version>5.15.5</version>
                                                        <due></due>
                            <votes>0</votes>
                                    <watches>1</watches>
                                                                <comments>
                            <comment id="16606376" author="tabish121" created="Thu, 6 Sep 2018 20:53:04 +0000"  >&lt;p&gt;Please direct support questions to the users mailing list, Jira is where bugs are reported.&#160;&lt;/p&gt;</comment>
                    </comments>
                    <attachments>
                            <attachment id="12938702" name="active subsribers.PNG" size="13828" author="jsantew" created="Thu, 6 Sep 2018 20:10:29 +0000"/>
                            <attachment id="12938703" name="topic.PNG" size="3809" author="jsantew" created="Thu, 6 Sep 2018 20:09:52 +0000"/>
                            <attachment id="12938701" name="total subscribers.PNG" size="39267" author="jsantew" created="Thu, 6 Sep 2018 20:11:16 +0000"/>
                    </attachments>
                <subtasks>
                    </subtasks>
                <customfields>
                                                <customfield id="customfield_12310310" key="com.atlassian.jira.toolkit:attachments">
                        <customfieldname>Attachment count</customfieldname>
                        <customfieldvalues>
                            <customfieldvalue>3.0</customfieldvalue>
                        </customfieldvalues>
                    </customfield>
                                                                                                                                                                                                                                                                                                                                                                                                                                                                                                                                                                                        <customfield id="customfield_12310220" key="com.atlassian.jira.ext.charting:firstresponsedate">
                        <customfieldname>Date of First Response</customfieldname>
                        <customfieldvalues>
                            <customfieldvalue>Thu, 6 Sep 2018 20:53:04 +0000</customfieldvalue>

                        </customfieldvalues>
                    </customfield>
                                                                                                                        <customfield id="customfield_12313422" key="com.atlassian.jirafisheyeplugin:jobcheckbox">
                        <customfieldname>Enable Automatic Patch Review</customfieldname>
                        <customfieldvalues>
                            <customfieldvalue><![CDATA[false]]></customfieldvalue>

                        </customfieldvalues>
                    </customfield>
                                                                                                                                                                                                                                                                                                                                                                                                                                                                                                    <customfield id="customfield_12310420" key="com.pyxis.greenhopper.jira:gh-global-rank">
                        <customfieldname>Global Rank</customfieldname>
                        <customfieldvalues>
                            <customfieldvalue>9223372036854775807</customfieldvalue>
                        </customfieldvalues>
                    </customfield>
                                                                                                                        <customfield id="customfield_12312521" key="com.atlassian.jira.toolkit:LastCommentDate">
                        <customfieldname>Last public comment date</customfieldname>
                        <customfieldvalues>
                            30 weeks, 1 day ago
                        </customfieldvalues>
                    </customfield>
                                                                                                                                                                                <customfield id="customfield_12311820" key="com.pyxis.greenhopper.jira:gh-lexo-rank">
                        <customfieldname>Rank</customfieldname>
                        <customfieldvalues>
                            <customfieldvalue>0|i3xthb:</customfieldvalue>

                        </customfieldvalues>
                    </customfield>
                                                                <customfield id="customfield_12310920" key="com.pyxis.greenhopper.jira:gh-global-rank">
                        <customfieldname>Rank (Obsolete)</customfieldname>
                        <customfieldvalues>
                            <customfieldvalue>9223372036854775807</customfieldvalue>
                        </customfieldvalues>
                    </customfield>
                                                                                                                                                                                                                                                                                                                                                        <customfield id="customfield_12310222" key="com.atlassian.jira.ext.charting:timeinstatus">
                        <customfieldname>Time in Status</customfieldname>
                        <customfieldvalues>
                            
                        </customfieldvalues>
                    </customfield>
                                    </customfields>
    </item>


<item>
            <title>[AMQ-7048] Topic disappears from network connector</title>
                <link>https://issues.apache.org/jira/browse/AMQ-7048</link>
                <project id="12311210" key="AMQ">ActiveMQ</project>
                    <description>&lt;p&gt;We run a pair of brokers connected with:&lt;/p&gt;

&lt;p&gt;&amp;lt;networkConnectors&amp;gt;&lt;br/&gt;
&#160;&#160;&#160;&#160;&#160;&#160;&#160;&#160;&#160;&#160;&#160;&#160;&#160;&#160;&#160; &amp;lt;networkConnector name=&quot;Alarm zeus und hera&quot; uri=&quot;static://(tcp://10.162.97.35:61616)&quot; networkTTL=&quot;2&quot; bridgeTempDestinations=&quot;true&quot;/&amp;gt;&lt;br/&gt;
&amp;lt;/networkConnectors&amp;gt;&lt;/p&gt;

&lt;p&gt;Clients connect with the failover URL:failover:(tcp://10.162.97.34:61616,tcp://10.162.97.35:61616)?initialReconnectDelay=100&lt;/p&gt;

&lt;p&gt;Running the broker with 5.15.3 forwarding of messages over the network connector stops after a while for some topics. Other topics are still forwarded. The setup works reliable up and including 5.15.2. The problem occurs with 5.15.3 however.&lt;/p&gt;

&lt;p&gt;In the java console on the broker the topic entry in networkConnectors ... outbound/Topic has disappeared whenever the problem was observed.&lt;/p&gt;

&lt;p&gt;&#160;&lt;/p&gt;

&lt;p&gt;&#160;&lt;/p&gt;

&lt;p&gt;&#160;&lt;/p&gt;</description>
                <environment>&lt;p&gt;Orace Java 1.8.0_74 64 bit on SLES11SP3&lt;/p&gt;

&lt;p&gt;Problem is independent of client version, clients run 5.15.3.&lt;/p&gt;</environment>
        <key id="13182835">AMQ-7048</key>
            <summary>Topic disappears from network connector</summary>
                <type id="1" iconUrl="https://issues.apache.org/jira/secure/viewavatar?size=xsmall&amp;avatarId=21133&amp;avatarType=issuetype">Bug</type>
                                            <priority id="3" iconUrl="https://issues.apache.org/jira/images/icons/priorities/major.svg">Major</priority>
                        <status id="1" iconUrl="https://issues.apache.org/jira/images/icons/statuses/open.png" description="The issue is open and ready for the assignee to start work on it.">Open</status>
                    <statusCategory id="2" key="new" colorName="blue-gray"/>
                                    <resolution id="-1">Unresolved</resolution>
                                        <assignee username="-1">Unassigned</assignee>
                                    <reporter username="mfrey">Martin Frey</reporter>
                        <labels>
                    </labels>
                <created>Tue, 4 Sep 2018 15:05:44 +0000</created>
                <updated>Tue, 4 Sep 2018 15:05:44 +0000</updated>
                                            <version>5.15.3</version>
                                                    <component>Broker</component>
                        <due></due>
                            <votes>1</votes>
                                    <watches>2</watches>
                                                                        <attachments>
                    </attachments>
                <subtasks>
                    </subtasks>
                <customfields>
                                                <customfield id="customfield_12310310" key="com.atlassian.jira.toolkit:attachments">
                        <customfieldname>Attachment count</customfieldname>
                        <customfieldvalues>
                            <customfieldvalue>0.0</customfieldvalue>
                        </customfieldvalues>
                    </customfield>
                                                                                                                                                                                                                                                                                                                                                                                                                                                                                                                                                                                                                                                                            <customfield id="customfield_12313422" key="com.atlassian.jirafisheyeplugin:jobcheckbox">
                        <customfieldname>Enable Automatic Patch Review</customfieldname>
                        <customfieldvalues>
                            <customfieldvalue><![CDATA[false]]></customfieldvalue>

                        </customfieldvalues>
                    </customfield>
                                                                                                                                                                                                                                                                                                                                                                                                                                                                                                    <customfield id="customfield_12310420" key="com.pyxis.greenhopper.jira:gh-global-rank">
                        <customfieldname>Global Rank</customfieldname>
                        <customfieldvalues>
                            <customfieldvalue>9223372036854775807</customfieldvalue>
                        </customfieldvalues>
                    </customfield>
                                                                                                                        <customfield id="customfield_12312521" key="com.atlassian.jira.toolkit:LastCommentDate">
                        <customfieldname>Last public comment date</customfieldname>
                        <customfieldvalues>
                            30 weeks, 3 days ago
                        </customfieldvalues>
                    </customfield>
                                                                                                                                                                                <customfield id="customfield_12311820" key="com.pyxis.greenhopper.jira:gh-lexo-rank">
                        <customfieldname>Rank</customfieldname>
                        <customfieldvalues>
                            <customfieldvalue>0|i3xplj:</customfieldvalue>

                        </customfieldvalues>
                    </customfield>
                                                                <customfield id="customfield_12310920" key="com.pyxis.greenhopper.jira:gh-global-rank">
                        <customfieldname>Rank (Obsolete)</customfieldname>
                        <customfieldvalues>
                            <customfieldvalue>9223372036854775807</customfieldvalue>
                        </customfieldvalues>
                    </customfield>
                                                                <customfield id="customfield_12310080" key="com.atlassian.jira.plugin.system.customfieldtypes:multicheckboxes">
                        <customfieldname>Regression</customfieldname>
                        <customfieldvalues>
                                <customfieldvalue key="10091"><![CDATA[Regression]]></customfieldvalue>
    
                        </customfieldvalues>
                    </customfield>
                                                                                                                                                                                                                                                                                                                            </customfields>
    </item>
</channel>
</rss>