<!--
RSS generated by JIRA (6.3.4#6332-sha1:51bc225ef474afe3128b2f66878477f322397b16) at Tue Mar 31 18:57:54 UTC 2015

It is possible to restrict the fields that are returned in this document by specifying the 'field' parameter in your request.
For example, to request only the issue key and summary add field=key&field=summary to the URL of your request.
For example:
https://issues.apache.org/jira/sr/jira.issueviews:searchrequest-xml/temp/SearchRequest.xml?jqlQuery=project+%3D+AMQ+AND+issuetype+%3D+Bug+AND+created+%3E%3D+2004-11-1+AND+created+%3C%3D+2004-12-1+ORDER+BY+key+ASC&amp;tempMax=200&amp;field=key&amp;field=summary
-->
<!-- If you wish to do custom client-side styling of RSS, uncomment this:
<?xml-stylesheet href="https://issues.apache.org/jira/styles/jiraxml2html.xsl" type="text/xsl"?>
-->
<rss version="0.92">
    <channel>
        <title>ASF JIRA</title>
        <link>https://issues.apache.org/jira/secure/IssueNavigator.jspa?reset=true&amp;jqlQuery=project+%3D+AMQ+AND+issuetype+%3D+Bug+AND+created+%3E%3D+2004-11-1+AND+created+%3C%3D+2004-12-1+ORDER+BY+key+ASC</link>
        <description>An XML representation of a search request</description>
                <language>en-uk</language>
                        <issue start="0" end="11" total="11"/>
                <build-info>
            <version>6.3.4</version>
            <build-number>6332</build-number>
            <build-date>15-08-2014</build-date>
        </build-info>
<item>
            <title>[AMQ-123] It shouldn&apos;t ve said that you can use cvsgrab</title>
                <link>https://issues.apache.org/jira/browse/AMQ-123</link>
                <project id="12311210" key="AMQ">ActiveMQ</project>
                    <description></description>
                <environment></environment>
        <key id="12483910">AMQ-123</key>
            <summary>It shouldn&apos;t ve said that you can use cvsgrab</summary>
                <type id="1" iconUrl="https://issues.apache.org/jira/images/icons/issuetypes/bug.png">Bug</type>
                                            <priority id="4" iconUrl="https://issues.apache.org/jira/images/icons/priorities/minor.png">Minor</priority>
                        <status id="6" iconUrl="https://issues.apache.org/jira/images/icons/statuses/closed.png" description="The issue is considered finished, the resolution is correct. Issues which are closed can be reopened.">Closed</status>
                    <statusCategory id="3" key="done" colorName="green"/>
                                    <resolution id="1">Fixed</resolution>
                                        <assignee username="-1">Unassigned</assignee>
                                    <reporter username="hdockter">Hans Dockter</reporter>
                        <labels>
                    </labels>
                <created>Tue, 2 Nov 2004 13:57:18 +0000</created>
                <updated>Tue, 16 Nov 2004 11:42:08 +0000</updated>
                            <resolved>Tue, 16 Nov 2004 11:42:08 +0000</resolved>
                                                    <fixVersion>1.2</fixVersion>
                                    <component>Documentation</component>
                        <due></due>
                            <votes>0</votes>
                                    <watches>0</watches>
                                                                <comments>
                            <comment id="12943279" author="hdockter" created="Tue, 2 Nov 2004 14:02:51 +0000"  >&lt;p&gt;Accidentally I commited this issue before I was finished.&lt;/p&gt;

&lt;p&gt;Anyway, on the website it is said, that you can use cvsgrab to checkout stuff if you are behind a firewall. &lt;/p&gt;

&lt;p&gt;&lt;a href=&quot;http://activemq.codehaus.org/maven/cvs-usage.html&quot; class=&quot;external-link&quot; rel=&quot;nofollow&quot;&gt;http://activemq.codehaus.org/maven/cvs-usage.html&lt;/a&gt;&lt;/p&gt;

&lt;p&gt;But cvsgrab doesn&apos;t work with fisheye. So if people try it, it might waste quite a bit of their time. It would be good to remove this remark.&lt;/p&gt;</comment>
                            <comment id="12936984" author="jstrachan" created="Tue, 16 Nov 2004 11:42:08 +0000"  >&lt;p&gt;I&apos;ve updated the website...&lt;/p&gt;

&lt;p&gt;&lt;a href=&quot;http://docs.codehaus.org/display/ACTIVEMQ/CVS&quot; class=&quot;external-link&quot; rel=&quot;nofollow&quot;&gt;http://docs.codehaus.org/display/ACTIVEMQ/CVS&lt;/a&gt;&lt;/p&gt;

&lt;p&gt;and we now have tarball support on FishEye&lt;/p&gt;</comment>
                    </comments>
                    <attachments>
                    </attachments>
                <subtasks>
                    </subtasks>
                <customfields>
                                                <customfield id="customfield_12310310" key="com.atlassian.jira.toolkit:attachments">
                        <customfieldname>Attachment count</customfieldname>
                        <customfieldvalues>
                            <customfieldvalue>0.0</customfieldvalue>
                        </customfieldvalues>
                    </customfield>
                                                                                                                        <customfield id="customfield_12310220" key="com.atlassian.jira.ext.charting:firstresponsedate">
                        <customfieldname>Date of First Response</customfieldname>
                        <customfieldvalues>
                            <customfieldvalue>Tue, 16 Nov 2004 11:42:08 +0000</customfieldvalue>

                        </customfieldvalues>
                    </customfield>
                                                                                                                                                                                                            <customfield id="customfield_12310420" key="com.pyxis.greenhopper.jira:gh-global-rank">
                        <customfieldname>Global Rank</customfieldname>
                        <customfieldvalues>
                            <customfieldvalue>48860</customfieldvalue>
                        </customfieldvalues>
                    </customfield>
                                                                                            <customfield id="customfield_12311820" key="com.pyxis.greenhopper.jira:gh-lexo-rank">
                        <customfieldname>Rank</customfieldname>
                        <customfieldvalues>
                            <customfieldvalue>2|hyno4f:</customfieldvalue>

                        </customfieldvalues>
                    </customfield>
                                                                <customfield id="customfield_12310920" key="com.pyxis.greenhopper.jira:gh-global-rank">
                        <customfieldname>Rank (Obsolete)</customfieldname>
                        <customfieldvalues>
                            <customfieldvalue>172095</customfieldvalue>
                        </customfieldvalues>
                    </customfield>
                                                                                                                                                    <customfield id="customfield_12310222" key="com.atlassian.jira.ext.charting:timeinstatus">
                        <customfieldname>Time in Status</customfieldname>
                        <customfieldvalues>
                            
                        </customfieldvalues>
                    </customfield>
                                    </customfields>
    </item>

<item>
            <title>[AMQ-124] activemq-ra doesn&apos;t adhere to the &apos;Equality Constraints&apos; section of the JCA Spec</title>
                <link>https://issues.apache.org/jira/browse/AMQ-124</link>
                <project id="12311210" key="AMQ">ActiveMQ</project>
                    <description>&lt;p&gt;I noticed that certain classes in the activemq-ra module do not follow the &apos;Equality Constraints&apos; as defined by the Java Connector Architecture Specificat v1.5 (see section 16.4).  I&apos;m submitting a patch that contains a fixes and a bunch of unit tests.&lt;/p&gt;</description>
                <environment></environment>
        <key id="12481016">AMQ-124</key>
            <summary>activemq-ra doesn&apos;t adhere to the &apos;Equality Constraints&apos; section of the JCA Spec</summary>
                <type id="1" iconUrl="https://issues.apache.org/jira/images/icons/issuetypes/bug.png">Bug</type>
                                            <priority id="2" iconUrl="https://issues.apache.org/jira/images/icons/priorities/critical.png">Critical</priority>
                        <status id="6" iconUrl="https://issues.apache.org/jira/images/icons/statuses/closed.png" description="The issue is considered finished, the resolution is correct. Issues which are closed can be reopened.">Closed</status>
                    <statusCategory id="3" key="done" colorName="green"/>
                                    <resolution id="1">Fixed</resolution>
                                        <assignee username="-1">Unassigned</assignee>
                                    <reporter username="mgaffney">Michael Gaffney</reporter>
                        <labels>
                    </labels>
                <created>Wed, 3 Nov 2004 01:54:50 +0000</created>
                <updated>Wed, 3 Nov 2004 10:53:22 +0000</updated>
                            <resolved>Wed, 3 Nov 2004 10:53:22 +0000</resolved>
                                    <version>1.2</version>
                                    <fixVersion>1.2</fixVersion>
                                        <due></due>
                            <votes>0</votes>
                                    <watches>0</watches>
                                                                <comments>
                            <comment id="12937146" author="mgaffney" created="Wed, 3 Nov 2004 01:55:17 +0000"  >&lt;p&gt;Here&apos;s the patch...&lt;/p&gt;</comment>
                            <comment id="12936783" author="jstrachan" created="Wed, 3 Nov 2004 10:53:22 +0000"  >&lt;p&gt;Patch applied - thanks Michael!&lt;/p&gt;</comment>
                    </comments>
                    <attachments>
                    </attachments>
                <subtasks>
                    </subtasks>
                <customfields>
                                                <customfield id="customfield_12310310" key="com.atlassian.jira.toolkit:attachments">
                        <customfieldname>Attachment count</customfieldname>
                        <customfieldvalues>
                            <customfieldvalue>0.0</customfieldvalue>
                        </customfieldvalues>
                    </customfield>
                                                                                                                        <customfield id="customfield_12310220" key="com.atlassian.jira.ext.charting:firstresponsedate">
                        <customfieldname>Date of First Response</customfieldname>
                        <customfieldvalues>
                            <customfieldvalue>Wed, 3 Nov 2004 10:53:22 +0000</customfieldvalue>

                        </customfieldvalues>
                    </customfield>
                                                                                                                                                                                                            <customfield id="customfield_12310420" key="com.pyxis.greenhopper.jira:gh-global-rank">
                        <customfieldname>Global Rank</customfieldname>
                        <customfieldvalues>
                            <customfieldvalue>48861</customfieldvalue>
                        </customfieldvalues>
                    </customfield>
                                                                                            <customfield id="customfield_12311820" key="com.pyxis.greenhopper.jira:gh-lexo-rank">
                        <customfieldname>Rank</customfieldname>
                        <customfieldvalues>
                            <customfieldvalue>2|hynmtz:</customfieldvalue>

                        </customfieldvalues>
                    </customfield>
                                                                <customfield id="customfield_12310920" key="com.pyxis.greenhopper.jira:gh-global-rank">
                        <customfieldname>Rank (Obsolete)</customfieldname>
                        <customfieldvalues>
                            <customfieldvalue>171886</customfieldvalue>
                        </customfieldvalues>
                    </customfield>
                                                                                                                                                    <customfield id="customfield_12310222" key="com.atlassian.jira.ext.charting:timeinstatus">
                        <customfieldname>Time in Status</customfieldname>
                        <customfieldvalues>
                            
                        </customfieldvalues>
                    </customfield>
                                    </customfields>
    </item>

<item>
            <title>[AMQ-125] java.lang.outOfMemory - leak or gc problem?</title>
                <link>https://issues.apache.org/jira/browse/AMQ-125</link>
                <project id="12311210" key="AMQ">ActiveMQ</project>
                    <description>&lt;p&gt;I ran the benchmark test with a producer/client that defaults to BENCHMARK.FEED0. The persesitence was on as by default in the release.&lt;/p&gt;

&lt;p&gt;After letting the producer/consumer run for over an hour the broker/server crapped out with a java.lang.outOfMemory error. Both producer and consumer continued to run but were now showing 0.0 for statistics indicating lack of connection.&lt;/p&gt;

&lt;p&gt;It&apos;s difficult to tell what&apos;s happening by this error. I&apos;ve had this problem when the gc fails to recollect memory and I&apos;ve had it from memory &quot;leaks&quot; (yes, I know, technically impossible but it is descriptive.) &lt;/p&gt;

&lt;p&gt;If it is a gc problem then a larger initial broker JVM size may solve the problem. If a resource isn&apos;t being released that just delays the eventual.&lt;/p&gt;</description>
                <environment>&lt;p&gt;Windows2k&lt;br/&gt;
J2sdk1.4.1_02&lt;br/&gt;
activeMQ1.1 release date 10/7/2004 full binary/src zip&lt;/p&gt;</environment>
        <key id="12481257">AMQ-125</key>
            <summary>java.lang.outOfMemory - leak or gc problem?</summary>
                <type id="1" iconUrl="https://issues.apache.org/jira/images/icons/issuetypes/bug.png">Bug</type>
                                            <priority id="3" iconUrl="https://issues.apache.org/jira/images/icons/priorities/major.png">Major</priority>
                        <status id="5" iconUrl="https://issues.apache.org/jira/images/icons/statuses/resolved.png" description="A resolution has been taken, and it is awaiting verification by reporter. From here issues are either reopened, or are closed.">Resolved</status>
                    <statusCategory id="3" key="done" colorName="green"/>
                                    <resolution id="1">Fixed</resolution>
                                        <assignee username="stewie">Stewie</assignee>
                                    <reporter username="bradleej">Bradlee Johnson</reporter>
                        <labels>
                    </labels>
                <created>Wed, 3 Nov 2004 22:55:31 +0000</created>
                <updated>Mon, 22 Nov 2004 02:00:39 +0000</updated>
                            <resolved>Mon, 22 Nov 2004 02:00:39 +0000</resolved>
                                                    <fixVersion>1.2</fixVersion>
                                    <component>Broker</component>
                        <due></due>
                            <votes>0</votes>
                                    <watches>0</watches>
                                                                <comments>
                            <comment id="12936997" author="stewie" created="Mon, 22 Nov 2004 02:00:39 +0000"  >&lt;p&gt;This now appears fixed in release 1.2&lt;/p&gt;</comment>
                    </comments>
                    <attachments>
                    </attachments>
                <subtasks>
                    </subtasks>
                <customfields>
                                                <customfield id="customfield_12310310" key="com.atlassian.jira.toolkit:attachments">
                        <customfieldname>Attachment count</customfieldname>
                        <customfieldvalues>
                            <customfieldvalue>0.0</customfieldvalue>
                        </customfieldvalues>
                    </customfield>
                                                                                                                        <customfield id="customfield_12310220" key="com.atlassian.jira.ext.charting:firstresponsedate">
                        <customfieldname>Date of First Response</customfieldname>
                        <customfieldvalues>
                            <customfieldvalue>Mon, 22 Nov 2004 02:00:39 +0000</customfieldvalue>

                        </customfieldvalues>
                    </customfield>
                                                                                                                                                                                                            <customfield id="customfield_12310420" key="com.pyxis.greenhopper.jira:gh-global-rank">
                        <customfieldname>Global Rank</customfieldname>
                        <customfieldvalues>
                            <customfieldvalue>48862</customfieldvalue>
                        </customfieldvalues>
                    </customfield>
                                                                                            <customfield id="customfield_12311820" key="com.pyxis.greenhopper.jira:gh-lexo-rank">
                        <customfieldname>Rank</customfieldname>
                        <customfieldvalues>
                            <customfieldvalue>2|hz1snz:</customfieldvalue>

                        </customfieldvalues>
                    </customfield>
                                                                <customfield id="customfield_12310920" key="com.pyxis.greenhopper.jira:gh-global-rank">
                        <customfieldname>Rank (Obsolete)</customfieldname>
                        <customfieldvalues>
                            <customfieldvalue>254488</customfieldvalue>
                        </customfieldvalues>
                    </customfield>
                                                                                                                                                    <customfield id="customfield_12310222" key="com.atlassian.jira.ext.charting:timeinstatus">
                        <customfieldname>Time in Status</customfieldname>
                        <customfieldvalues>
                            
                        </customfieldvalues>
                    </customfield>
                                    </customfields>
    </item>

<item>
            <title>[AMQ-126] Specifying maximumRetries for zeroconf discovery agent</title>
                <link>https://issues.apache.org/jira/browse/AMQ-126</link>
                <project id="12311210" key="AMQ">ActiveMQ</project>
                    <description>&lt;p&gt;I&apos;m not seeing how to specify the maximumRetries property, relating to a networkChannel, if I use zeroconf discovery agent.  It looks like the broker dynamically creates a networkChannel once it finds another broker via the zeroconf agent.  The maximumRetries property only applies to the networkChannel which, if specified, must have a URI given as well.  That seems to defeat the purpose of zeroconf.&lt;/p&gt;

&lt;p&gt;How can I override the default maximumRetries when using zeroconf?&lt;/p&gt;</description>
                <environment>&lt;p&gt;Solaris 2.8, jdk 1.4.2_05&lt;/p&gt;</environment>
        <key id="12481306">AMQ-126</key>
            <summary>Specifying maximumRetries for zeroconf discovery agent</summary>
                <type id="1" iconUrl="https://issues.apache.org/jira/images/icons/issuetypes/bug.png">Bug</type>
                                            <priority id="4" iconUrl="https://issues.apache.org/jira/images/icons/priorities/minor.png">Minor</priority>
                        <status id="5" iconUrl="https://issues.apache.org/jira/images/icons/statuses/resolved.png" description="A resolution has been taken, and it is awaiting verification by reporter. From here issues are either reopened, or are closed.">Resolved</status>
                    <statusCategory id="3" key="done" colorName="green"/>
                                    <resolution id="1">Fixed</resolution>
                                        <assignee username="-1">Unassigned</assignee>
                                    <reporter username="yaussy">Kevin Yaussy</reporter>
                        <labels>
                    </labels>
                <created>Fri, 5 Nov 2004 00:50:20 +0000</created>
                <updated>Wed, 6 Jul 2005 13:11:34 +0100</updated>
                            <resolved>Wed, 6 Jul 2005 13:11:34 +0100</resolved>
                                    <version>1.1</version>
                                    <fixVersion>3.1</fixVersion>
                                    <component>Broker</component>
                        <due></due>
                            <votes>0</votes>
                                    <watches>0</watches>
                                                                <comments>
                            <comment id="12936795" author="jstrachan" created="Wed, 6 Jul 2005 13:11:34 +0100"  >&lt;p&gt;maximumRetries is a property on the reliable transport, which can be used with any other transport. &lt;/p&gt;

&lt;p&gt;e.g.&lt;/p&gt;

&lt;p&gt;reliable:(zeroconf://foo, tcp://host:port)?maximumRetries=10&lt;/p&gt;

&lt;p&gt;See this page for more details&lt;br/&gt;
&lt;a href=&quot;http://activemq.org/Configuring+Transports&quot; class=&quot;external-link&quot; rel=&quot;nofollow&quot;&gt;http://activemq.org/Configuring+Transports&lt;/a&gt;&lt;/p&gt;</comment>
                    </comments>
                    <attachments>
                    </attachments>
                <subtasks>
                    </subtasks>
                <customfields>
                                                <customfield id="customfield_12310310" key="com.atlassian.jira.toolkit:attachments">
                        <customfieldname>Attachment count</customfieldname>
                        <customfieldvalues>
                            <customfieldvalue>0.0</customfieldvalue>
                        </customfieldvalues>
                    </customfield>
                                                                                                                        <customfield id="customfield_12310220" key="com.atlassian.jira.ext.charting:firstresponsedate">
                        <customfieldname>Date of First Response</customfieldname>
                        <customfieldvalues>
                            <customfieldvalue>Wed, 6 Jul 2005 12:11:34 +0000</customfieldvalue>

                        </customfieldvalues>
                    </customfield>
                                                                                                                                                                                                            <customfield id="customfield_12310420" key="com.pyxis.greenhopper.jira:gh-global-rank">
                        <customfieldname>Global Rank</customfieldname>
                        <customfieldvalues>
                            <customfieldvalue>48863</customfieldvalue>
                        </customfieldvalues>
                    </customfield>
                                                                                            <customfield id="customfield_12311820" key="com.pyxis.greenhopper.jira:gh-lexo-rank">
                        <customfieldname>Rank</customfieldname>
                        <customfieldvalues>
                            <customfieldvalue>2|hz1sq7:</customfieldvalue>

                        </customfieldvalues>
                    </customfield>
                                                                <customfield id="customfield_12310920" key="com.pyxis.greenhopper.jira:gh-global-rank">
                        <customfieldname>Rank (Obsolete)</customfieldname>
                        <customfieldvalues>
                            <customfieldvalue>254498</customfieldvalue>
                        </customfieldvalues>
                    </customfield>
                                                                                                                                                    <customfield id="customfield_12310222" key="com.atlassian.jira.ext.charting:timeinstatus">
                        <customfieldname>Time in Status</customfieldname>
                        <customfieldvalues>
                            
                        </customfieldvalues>
                    </customfield>
                                    </customfields>
    </item>

<item>
            <title>[AMQ-128] un-acked messages do not get redelivered on Session.close()</title>
                <link>https://issues.apache.org/jira/browse/AMQ-128</link>
                <project id="12311210" key="AMQ">ActiveMQ</project>
                    <description>&lt;p&gt;for client-ack mode it seems that messages not ack&apos;d don &apos;t get redelivered if we close the session.&lt;/p&gt;

&lt;p&gt;seems OK if we close the connection though&lt;/p&gt;</description>
                <environment></environment>
        <key id="12481207">AMQ-128</key>
            <summary>un-acked messages do not get redelivered on Session.close()</summary>
                <type id="1" iconUrl="https://issues.apache.org/jira/images/icons/issuetypes/bug.png">Bug</type>
                                            <priority id="3" iconUrl="https://issues.apache.org/jira/images/icons/priorities/major.png">Major</priority>
                        <status id="5" iconUrl="https://issues.apache.org/jira/images/icons/statuses/resolved.png" description="A resolution has been taken, and it is awaiting verification by reporter. From here issues are either reopened, or are closed.">Resolved</status>
                    <statusCategory id="3" key="done" colorName="green"/>
                                    <resolution id="1">Fixed</resolution>
                                        <assignee username="stewie">Stewie</assignee>
                                    <reporter username="jstrachan">james strachan</reporter>
                        <labels>
                    </labels>
                <created>Mon, 8 Nov 2004 22:18:43 +0000</created>
                <updated>Tue, 9 Nov 2004 17:51:44 +0000</updated>
                            <resolved>Tue, 9 Nov 2004 17:51:44 +0000</resolved>
                                                    <fixVersion>1.2</fixVersion>
                                        <due></due>
                            <votes>0</votes>
                                    <watches>0</watches>
                                                                <comments>
                            <comment id="12936733" author="stewie" created="Tue, 9 Nov 2004 12:42:04 +0000"  >&lt;p&gt;All message types or non-durable topics/queues ?&lt;/p&gt;</comment>
                            <comment id="12936824" author="stewie" created="Tue, 9 Nov 2004 17:51:44 +0000"  >&lt;p&gt;sbe!&lt;/p&gt;</comment>
                    </comments>
                    <attachments>
                    </attachments>
                <subtasks>
                    </subtasks>
                <customfields>
                                                <customfield id="customfield_12310310" key="com.atlassian.jira.toolkit:attachments">
                        <customfieldname>Attachment count</customfieldname>
                        <customfieldvalues>
                            <customfieldvalue>0.0</customfieldvalue>
                        </customfieldvalues>
                    </customfield>
                                                                                                                        <customfield id="customfield_12310220" key="com.atlassian.jira.ext.charting:firstresponsedate">
                        <customfieldname>Date of First Response</customfieldname>
                        <customfieldvalues>
                            <customfieldvalue>Tue, 9 Nov 2004 12:42:04 +0000</customfieldvalue>

                        </customfieldvalues>
                    </customfield>
                                                                                                                                                                                                            <customfield id="customfield_12310420" key="com.pyxis.greenhopper.jira:gh-global-rank">
                        <customfieldname>Global Rank</customfieldname>
                        <customfieldvalues>
                            <customfieldvalue>48865</customfieldvalue>
                        </customfieldvalues>
                    </customfield>
                                                                                            <customfield id="customfield_12311820" key="com.pyxis.greenhopper.jira:gh-lexo-rank">
                        <customfieldname>Rank</customfieldname>
                        <customfieldvalues>
                            <customfieldvalue>2|hz1spz:</customfieldvalue>

                        </customfieldvalues>
                    </customfield>
                                                                <customfield id="customfield_12310920" key="com.pyxis.greenhopper.jira:gh-global-rank">
                        <customfieldname>Rank (Obsolete)</customfieldname>
                        <customfieldvalues>
                            <customfieldvalue>254497</customfieldvalue>
                        </customfieldvalues>
                    </customfield>
                                                                                                                                                    <customfield id="customfield_12310222" key="com.atlassian.jira.ext.charting:timeinstatus">
                        <customfieldname>Time in Status</customfieldname>
                        <customfieldvalues>
                            
                        </customfieldvalues>
                    </customfield>
                                    </customfields>
    </item>

<item>
            <title>[AMQ-129] JBoss Integration: XA transactions not working</title>
                <link>https://issues.apache.org/jira/browse/AMQ-129</link>
                <project id="12311210" key="AMQ">ActiveMQ</project>
                    <description>&lt;p&gt;I&apos;m working on integrating ActiveMQ with JBoss and I&apos;m running into some problems with message delivery to an MDB.  I&apos;m not sure if the bug is in JBoss or in the ActiveMQ connector but I&apos;m hitting a wall so I&apos;m hoping someone can help.  Here is the scenario:&lt;/p&gt;

&lt;p&gt;1.  ActiveMQ broker running on local machine but outside of JBoss. &lt;br/&gt;
2.  Deploy ActiveMQ connector (activemq.rar) as standalone connector - successful&lt;br/&gt;
3.  Deploy ejb-jar file containing an MDB and a jboss.xml file that hooks the MDB to an ActiveMQ queue - successful&lt;br/&gt;
4.  Client places first message on queue and exits - successful &lt;br/&gt;
5.  MDB receives first message - partially-successful (see below)&lt;br/&gt;
6.  Client places second message on queue and exits - successful&lt;br/&gt;
7.  MDB receives second message - failure - The following exception is thrown: javax.transaction.xa.XAException: Transaction &apos;&amp;lt; a JBoss xid number&amp;gt;&apos; has not been started.&lt;/p&gt;

&lt;p&gt;The other interesting thing is that if I shutdown JBoss, then restart it, both messages reappear in the queue and delivery is attempted again, which is why I listed #5 above as only &apos;partially-successful&apos;.  &lt;/p&gt;

&lt;p&gt;I&apos;ll add sample code with instructions on how to reproduce this shortly.&lt;/p&gt;</description>
                <environment>&lt;p&gt;JBoss 4.0.1 RC1&lt;/p&gt;</environment>
        <key id="12481228">AMQ-129</key>
            <summary>JBoss Integration: XA transactions not working</summary>
                <type id="1" iconUrl="https://issues.apache.org/jira/images/icons/issuetypes/bug.png">Bug</type>
                                            <priority id="2" iconUrl="https://issues.apache.org/jira/images/icons/priorities/critical.png">Critical</priority>
                        <status id="6" iconUrl="https://issues.apache.org/jira/images/icons/statuses/closed.png" description="The issue is considered finished, the resolution is correct. Issues which are closed can be reopened.">Closed</status>
                    <statusCategory id="3" key="done" colorName="green"/>
                                    <resolution id="1">Fixed</resolution>
                                        <assignee username="chirino">Hiram Chirino</assignee>
                                    <reporter username="mgaffney">Michael Gaffney</reporter>
                        <labels>
                    </labels>
                <created>Tue, 9 Nov 2004 04:12:36 +0000</created>
                <updated>Fri, 19 Nov 2004 18:57:00 +0000</updated>
                            <resolved>Fri, 19 Nov 2004 18:57:00 +0000</resolved>
                                    <version>1.2</version>
                                    <fixVersion>1.2</fixVersion>
                                        <due></due>
                            <votes>1</votes>
                                    <watches>1</watches>
                                                                <comments>
                            <comment id="12936818" author="mgaffney" created="Tue, 9 Nov 2004 04:16:13 +0000"  >&lt;p&gt;To reproduce this you&apos;ll need the following:&lt;/p&gt;

&lt;p&gt;1.  Latest ActiveMQ source code from cvs&lt;br/&gt;
2.  JBoss 4.0.1RC1&lt;br/&gt;
3.  Sample code in the attached zip file.&lt;/p&gt;

&lt;p&gt;Setup: &lt;br/&gt;
1.  Build the ActiveMQ source code&lt;br/&gt;
2.  Download and install JBoss 4.0.1RC1&lt;br/&gt;
3.  Unzip the attached zip file and run &apos;maven default&apos; on it.&lt;/p&gt;

&lt;p&gt;Running the test (for windows):&lt;br/&gt;
1.  Run &amp;lt;activemq_cvs_home&amp;gt;\modules\assembly\target\activemq-1.2-SNAPSHOT\bin\activemq.bat &lt;br/&gt;
2.  Run &amp;lt;jboss-4.0.1RC1_home&amp;gt;\bin\run.bat&lt;br/&gt;
3.  Copy &amp;lt;activemq_cvs_home&amp;gt;\modules\ra\target\activemq-ra-1.2-SNAPSHOT.rar to &amp;lt;jboss-4.0.1RC1_home&amp;gt;\server\default\deploy&lt;br/&gt;
4.  Wait a second or two for JBoss to complete the rar file deployment&lt;br/&gt;
5.  Copy &amp;lt;mdb_test_home&amp;gt;\target\mdb-test-1.0.jar to &amp;lt;jboss-4.0.1RC1_home&amp;gt;\server\default\deploy&lt;br/&gt;
6.  Open a command window at &amp;lt;mdb_test_home&amp;gt;&lt;br/&gt;
7.  Run &apos;maven send-message&apos; &lt;br/&gt;
8.  Run &apos;maven send-message&apos; again&lt;/p&gt;

&lt;p&gt;I&apos;ll add a log file that traces many of the method calls from the above shortly.&lt;/p&gt;</comment>
                            <comment id="12937098" author="mgaffney" created="Tue, 9 Nov 2004 04:18:56 +0000"  >&lt;p&gt;To help debug this, I created an aspectj module that logged every method call plus the parameters passed into the method and every method exit.  If you look in the attached file &apos;trace.log&apos; you can see the calls being made in the connector.  I only logged method calls within classes in the following packages:&lt;br/&gt;
  -org.codehaus.activemq.ra &lt;br/&gt;
  -org.codehaus.activemq&lt;br/&gt;
  -org.codehaus.activemq.broker &lt;br/&gt;
  -org.codehaus.activemq.broker.impl &lt;br/&gt;
  -org.codehaus.activemq.store.vm&lt;/p&gt;

&lt;p&gt;The log file has five columns as follows:&lt;br/&gt;
Column 1: timestamp&lt;br/&gt;
Column 2: thread&lt;br/&gt;
Column 3: log4j NDC (set by JBoss)&lt;br/&gt;
Column 4: method entry/exit and call stack depth indicator&lt;br/&gt;
Column 5: class and method name with method parameters listed on method entry&lt;/p&gt;

&lt;p&gt;Column 4 indicates method entry with an arrow like this: -&lt;del&gt;&amp;gt; and method exit with an arrow like this &amp;lt;&lt;/del&gt;- .  A dash is added or removed to indicate depth within the call stack.&lt;/p&gt;

&lt;p&gt;Here are a couple of key moments within the log file:&lt;br/&gt;
Line 24 - the rar file finishes deployment&lt;br/&gt;
Line 232 - the ejb jar file finishes deployment&lt;br/&gt;
Line 428 - processing of message one finishes&lt;br/&gt;
Line 723 - processing of message two finishes&lt;br/&gt;
Line 1018 - processing of message three finishes&lt;br/&gt;
Line 1105 - JBoss finishes shutdown (last entry)&lt;/p&gt;

&lt;p&gt;If you look at the processing of the first message, it appears to me that JBoss is following the JCA inflow XA protocol for a one phase commit.  You can see the following calls in the log file: &lt;br/&gt;
  -start (lines 346-357)&lt;br/&gt;
  -message delivery (lines 358-367)&lt;br/&gt;
  -end (lines 368-375)&lt;br/&gt;
  -commit (lines 376-383)&lt;/p&gt;

&lt;p&gt;I also noticed that after the XA commit is called, the ActiveMQSession.messageDelivered gets called (lines 389-412) and within that call, a local transaction is started by the ActiveMQRASession.doStartTransaction method (lines 394-405) but it appears that it is never committed.  That seems odd to me.  Is that the correct behavior?  Does this have anything to do with the exception being thrown when delivery of the second message is attempted? &lt;/p&gt;

&lt;p&gt;Aside from the local transaction question above, I still can&apos;t figure out why the XA transaction commit call does not result in the removal of the message from queue.  Is that the correct behavior?&lt;/p&gt;

&lt;p&gt;This is all of the analysis I&apos;ve been able to do up till now.  I&apos;m finding it difficult to go much further because I don&apos;t yet understand how the broker works to support XA transactions.  Any help on this would be greatly appreciated.&lt;/p&gt;</comment>
                            <comment id="12936947" author="chirino" created="Tue, 9 Nov 2004 19:17:44 +0000"  >&lt;p&gt;Just want to say great bug report!  I will they were all this detailed!    MDB have not been working in Geronimo either.  Starting to dig into this.&lt;/p&gt;</comment>
                            <comment id="12937035" author="mgaffney" created="Tue, 9 Nov 2004 19:33:56 +0000"  >&lt;p&gt;Thanks!  Please let me know if I can help.  I&apos;m still learning my way around the code base, so any pointers on which direction to look would be great.&lt;/p&gt;</comment>
                            <comment id="12936597" author="mgaffney" created="Thu, 11 Nov 2004 18:40:55 +0000"  >&lt;p&gt;I&apos;ve been doing a ton of work on this issue for the last two days.  Lots of learning about the system and transactions (great stuff!).  Do you mind if I take over as the assignee?  I know you have lots on your plate and I would hate for us to be duplicating effort.&lt;/p&gt;</comment>
                            <comment id="12936925" author="jstrachan" created="Fri, 12 Nov 2004 10:34:14 +0000"  >&lt;p&gt;Michael, if you wanna be able to assign stuff to yourself, mail me your email address you used to register with JIRA and I can grant you karma.&lt;/p&gt;</comment>
                            <comment id="12936887" author="mgaffney" created="Fri, 19 Nov 2004 18:57:00 +0000"  >&lt;p&gt;Hiram&apos;s changes of the ServerSessionImpl class to use the MessageEndpoint&apos;s beforeDelivery(..) and afterDelivery() methods resolved this issue.  Thanks Hiram!&lt;/p&gt;</comment>
                    </comments>
                    <attachments>
                    </attachments>
                <subtasks>
                    </subtasks>
                <customfields>
                                                <customfield id="customfield_12310310" key="com.atlassian.jira.toolkit:attachments">
                        <customfieldname>Attachment count</customfieldname>
                        <customfieldvalues>
                            <customfieldvalue>0.0</customfieldvalue>
                        </customfieldvalues>
                    </customfield>
                                                                                                                        <customfield id="customfield_12310220" key="com.atlassian.jira.ext.charting:firstresponsedate">
                        <customfieldname>Date of First Response</customfieldname>
                        <customfieldvalues>
                            <customfieldvalue>Tue, 9 Nov 2004 19:17:44 +0000</customfieldvalue>

                        </customfieldvalues>
                    </customfield>
                                                                                                                                                                                                            <customfield id="customfield_12310420" key="com.pyxis.greenhopper.jira:gh-global-rank">
                        <customfieldname>Global Rank</customfieldname>
                        <customfieldvalues>
                            <customfieldvalue>48866</customfieldvalue>
                        </customfieldvalues>
                    </customfield>
                                                                                            <customfield id="customfield_12311820" key="com.pyxis.greenhopper.jira:gh-lexo-rank">
                        <customfieldname>Rank</customfieldname>
                        <customfieldvalues>
                            <customfieldvalue>2|hylm93:</customfieldvalue>

                        </customfieldvalues>
                    </customfield>
                                                                <customfield id="customfield_12310920" key="com.pyxis.greenhopper.jira:gh-global-rank">
                        <customfieldname>Rank (Obsolete)</customfieldname>
                        <customfieldvalues>
                            <customfieldvalue>160127</customfieldvalue>
                        </customfieldvalues>
                    </customfield>
                                                                                                                                                    <customfield id="customfield_12310222" key="com.atlassian.jira.ext.charting:timeinstatus">
                        <customfieldname>Time in Status</customfieldname>
                        <customfieldvalues>
                            
                        </customfieldvalues>
                    </customfield>
                                    </customfields>
    </item>

<item>
            <title>[AMQ-134] Temporary Topic Destinations broken (changed to Queue Destination)</title>
                <link>https://issues.apache.org/jira/browse/AMQ-134</link>
                <project id="12311210" key="AMQ">ActiveMQ</project>
                    <description>&lt;p&gt;I have to peers that communicate using JMS, the first one creates a message, sets the JMSReplyTo to a temporary (Topic) Destination for the purpose and sends it to the Topic, the second peer receives the message and processes it and responds to the Temporary Topic Destination.&lt;/p&gt;

&lt;p&gt;This all works with OpenJMS, but using ActiveMQ on the second peer the JMSReplyTo property is a QueueDestination and not a TopicDestination (although the name from toString().&lt;/p&gt;

&lt;p&gt;Peer one:&lt;br/&gt;
org.codehaus.activemq.message.ActiveMQTemporaryTopic / TemporaryTopic-{TD&lt;/p&gt;
{ID:dozer-3076-1100891655894-1:0}
&lt;p&gt;TD}ID:dozer-3076-1100891655894-8:0&lt;/p&gt;

&lt;p&gt;Peer two:&lt;br/&gt;
org.codehaus.activemq.message.ActiveMQTemporaryQueue / TemporaryTopic-{TD&lt;/p&gt;
{ID:dozer-3076-1100891655894-1:0}
&lt;p&gt;TD}ID:dozer-3076-1100891655894-8:0&lt;/p&gt;</description>
                <environment>&lt;p&gt;Windows XP, 768MByte RAM, J2SE 1.5.0&lt;/p&gt;</environment>
        <key id="12481283">AMQ-134</key>
            <summary>Temporary Topic Destinations broken (changed to Queue Destination)</summary>
                <type id="1" iconUrl="https://issues.apache.org/jira/images/icons/issuetypes/bug.png">Bug</type>
                                            <priority id="3" iconUrl="https://issues.apache.org/jira/images/icons/priorities/major.png">Major</priority>
                        <status id="6" iconUrl="https://issues.apache.org/jira/images/icons/statuses/closed.png" description="The issue is considered finished, the resolution is correct. Issues which are closed can be reopened.">Closed</status>
                    <statusCategory id="3" key="done" colorName="green"/>
                                    <resolution id="1">Fixed</resolution>
                                        <assignee username="stewie">Stewie</assignee>
                                    <reporter username="nicolaiwadstrom">Nicolai Wadstrom</reporter>
                        <labels>
                    </labels>
                <created>Fri, 19 Nov 2004 22:22:51 +0000</created>
                <updated>Thu, 3 Feb 2005 09:25:12 +0000</updated>
                            <resolved>Wed, 2 Feb 2005 20:15:52 +0000</resolved>
                                    <version>1.1</version>
                    <version>1.2</version>
                                    <fixVersion>2.0</fixVersion>
                                        <due></due>
                            <votes>1</votes>
                                    <watches>1</watches>
                                                                <comments>
                            <comment id="12936751" author="nicolaiwadstrom" created="Fri, 19 Nov 2004 22:36:34 +0000"  >&lt;p&gt;To clarify, Peer One sends the message to a separate Topic for the purpose of sending Requests from which Peer Two consumes messages.&lt;/p&gt;</comment>
                            <comment id="12936981" author="stewie" created="Mon, 22 Nov 2004 02:22:06 +0000"  >&lt;p&gt;Would you mind submitting a test-case? Having problems reproducing this on the latest from CVS&lt;/p&gt;</comment>
                            <comment id="12936713" author="nicolaiwadstrom" created="Sun, 28 Nov 2004 14:42:28 +0000"  >&lt;p&gt;Hi, I have tried this on 1.1 and 1.2-snapshot. I did not submit a test case, because the code is quite large and complex before it reaches this point of the application.&lt;/p&gt;

&lt;p&gt;I will try to isolate a test case and submit it ASAP.&lt;/p&gt;</comment>
                            <comment id="12937237" author="drag0n2" created="Tue, 4 Jan 2005 01:39:58 +0000"  >&lt;p&gt;Test case:&lt;/p&gt;

&lt;p&gt;Server code:&lt;/p&gt;

&lt;p&gt;public class SSTest implements MessageListener {&lt;br/&gt;
    public static void main(String[] args) throws JMSException, NamingException, InterruptedException &lt;/p&gt;
{
        SSTest sst = new SSTest();
        sst.registerListener();
        Thread.sleep(1000000);

    }

&lt;p&gt;    private QueueSession qs;&lt;br/&gt;
    private QueueSession sendSession;&lt;/p&gt;

&lt;p&gt;    public SSTest() throws JMSException &lt;/p&gt;
{
        BrokerContainer container = new BrokerContainerImpl();
        container.addConnector(&quot;tcp://localhost:6126&quot;);
        container.addConnector(&quot;vm://SS&quot;);
        container.start();
    }

&lt;p&gt;    public void registerListener() throws JMSException, NamingException &lt;/p&gt;
{
        ActiveMQConnectionFactory qcf = new ActiveMQConnectionFactory(&quot;vm://SS&quot;);
        qcf.setUseAsyncSend(false);

        QueueConnection qc = qcf.createQueueConnection();
        qs = qc.createQueueSession(false,Session.AUTO_ACKNOWLEDGE);
        sendSession = qc.createQueueSession(false,Session.AUTO_ACKNOWLEDGE);
        Queue queue = (Queue) qs.createQueue(&quot;SS.LoginQueue&quot;);
        QueueReceiver qr = qs.createReceiver(queue);
        qr.setMessageListener(this);
        qc.start();



    }


&lt;p&gt;    public void onMessage(Message msg) {&lt;br/&gt;
        try {&lt;br/&gt;
            if (msg != null &amp;amp;&amp;amp; msg instanceof TextMessage) {&lt;br/&gt;
                TextMessage message = (TextMessage) msg;&lt;br/&gt;
                System.out.println(&quot;Reading message: &quot; +&lt;br/&gt;
                        message.getText());&lt;br/&gt;
                Destination dest = message.getJMSReplyTo();&lt;br/&gt;
                if (dest != null) &lt;/p&gt;
{
                    MessageProducer mp = sendSession.createProducer(dest);
                    TextMessage replyMessage = sendSession.createTextMessage();
                    replyMessage.setText(message.getText());
                    mp.send(replyMessage);
                    mp.close();
                    System.out.println(&quot;Reply sent&quot;);

                }
&lt;p&gt; else &lt;/p&gt;
{
                    System.out.println(&quot;No reply sent&quot;);
                }
&lt;p&gt;            } else &lt;/p&gt;
{
                System.out.println(&quot;Err, problem message is: &quot; + msg);
            }
&lt;p&gt;        } catch (JMSException e) &lt;/p&gt;
{
            e.printStackTrace();
        }
&lt;p&gt;    }&lt;/p&gt;

&lt;p&gt;}&lt;/p&gt;


&lt;p&gt;Client code:&lt;/p&gt;

&lt;p&gt;public class ConnectTest {&lt;/p&gt;

&lt;p&gt;    public static void main(String [] args) throws JMSException, NamingException, InterruptedException {&lt;/p&gt;


&lt;p&gt;        ActiveMQConnectionFactory qcf = new ActiveMQConnectionFactory(&quot;tcp://localhost:6126&quot;);&lt;br/&gt;
        qcf.setUseAsyncSend(false);&lt;/p&gt;

&lt;p&gt;        QueueConnection qc = qcf.createQueueConnection();&lt;br/&gt;
        QueueSession qs = qc.createQueueSession(false,Session.AUTO_ACKNOWLEDGE);&lt;br/&gt;
        Queue queue = qs.createQueue(&quot;SS.LoginQueue&quot;);&lt;br/&gt;
        Queue replyQueue = qs.createTemporaryQueue();&lt;br/&gt;
        int i = 0;&lt;br/&gt;
        while (true) &lt;/p&gt;
{
            TextMessage tm = qs.createTextMessage(&quot;this is a test &quot; + i++);
            tm.setJMSReplyTo(replyQueue);
            QueueSender sender = qs.createSender(queue);
            sender.send(tm);
            sender.close();
            System.out.println(&quot;Here&quot;);
            QueueReceiver receiver = qs.createReceiver(replyQueue);
            Message reply = receiver.receive();              
            TextMessage tmReply = (TextMessage) reply;
            System.out.println(&quot;Received reply: &quot; + tmReply.getText());
            Thread.sleep(5000);
        }
&lt;p&gt;    }&lt;br/&gt;
}&lt;/p&gt;</comment>
                            <comment id="12937125" author="drag0n2" created="Tue, 4 Jan 2005 01:40:39 +0000"  >&lt;p&gt;In the above test case the client waits forever for a reply. &lt;/p&gt;</comment>
                            <comment id="12936841" author="stewie" created="Wed, 5 Jan 2005 12:30:24 +0000"  >&lt;p&gt;There&apos;s a couple of gotchas on the test case submitted.&lt;br/&gt;
On the client side, before messages are delivered, the Connection needs to be started.&lt;br/&gt;
Also, as the test case is using queues, if the Connection is started, only one message will&lt;br/&gt;
be received - as the QueueReceiver is not closed in the while loop, and is not necessarily garbage collected, messages will not necessarily be delivered to the new QueueReceiver.&lt;/p&gt;

&lt;p&gt;After fixing these issues, I can&apos;t reproduce on the latest (1.4). Changing Queues to Topics (which the orginal issue was raised on) still does not produce the behaviour described.&lt;/p&gt;

&lt;p&gt;Please can you confirm that this is still an issue on version 1.4 ?&lt;/p&gt;</comment>
                            <comment id="12936892" author="drag0n2" created="Thu, 6 Jan 2005 02:11:12 +0000"  >&lt;p&gt;OOPS! after fixing the above problems my test program works fine... Would be great if this would come up as a debug message somewhere... Because the send goes out, but the receive never returns....&lt;/p&gt;

&lt;p&gt;Perhaps you should fail the send if the Connection is not started?&lt;/p&gt;</comment>
                            <comment id="12937070" author="jstrachan" created="Thu, 6 Jan 2005 12:16:20 +0000"  >&lt;p&gt;I don&apos;t think we can fail a send() if the connection is not started as we&apos;d not pass the J2EE certification tests if we did. To be compliant I think we have to be able to send() on a non-started connection&lt;/p&gt;</comment>
                            <comment id="12936563" author="drag0n2" created="Thu, 6 Jan 2005 19:49:25 +0000"  >&lt;p&gt;A warning in the log instead would be great then... Otherwise I would have never figured it out.&lt;/p&gt;</comment>
                    </comments>
                    <attachments>
                    </attachments>
                <subtasks>
                    </subtasks>
                <customfields>
                                                <customfield id="customfield_12310310" key="com.atlassian.jira.toolkit:attachments">
                        <customfieldname>Attachment count</customfieldname>
                        <customfieldvalues>
                            <customfieldvalue>0.0</customfieldvalue>
                        </customfieldvalues>
                    </customfield>
                                                                                                                        <customfield id="customfield_12310220" key="com.atlassian.jira.ext.charting:firstresponsedate">
                        <customfieldname>Date of First Response</customfieldname>
                        <customfieldvalues>
                            <customfieldvalue>Mon, 22 Nov 2004 02:22:06 +0000</customfieldvalue>

                        </customfieldvalues>
                    </customfield>
                                                                                                                                                                                                            <customfield id="customfield_12310420" key="com.pyxis.greenhopper.jira:gh-global-rank">
                        <customfieldname>Global Rank</customfieldname>
                        <customfieldvalues>
                            <customfieldvalue>48870</customfieldvalue>
                        </customfieldvalues>
                    </customfield>
                                                                                            <customfield id="customfield_12311820" key="com.pyxis.greenhopper.jira:gh-lexo-rank">
                        <customfieldname>Rank</customfieldname>
                        <customfieldvalues>
                            <customfieldvalue>2|hynnav:</customfieldvalue>

                        </customfieldvalues>
                    </customfield>
                                                                <customfield id="customfield_12310920" key="com.pyxis.greenhopper.jira:gh-global-rank">
                        <customfieldname>Rank (Obsolete)</customfieldname>
                        <customfieldvalues>
                            <customfieldvalue>171962</customfieldvalue>
                        </customfieldvalues>
                    </customfield>
                                                                                                                                                    <customfield id="customfield_12310222" key="com.atlassian.jira.ext.charting:timeinstatus">
                        <customfieldname>Time in Status</customfieldname>
                        <customfieldvalues>
                            
                        </customfieldvalues>
                    </customfield>
                                    </customfields>
    </item>

<item>
            <title>[AMQ-135] Unable to browse queue messages without a consumer.</title>
                <link>https://issues.apache.org/jira/browse/AMQ-135</link>
                <project id="12311210" key="AMQ">ActiveMQ</project>
                    <description>&lt;p&gt;I am unable to browse persistent messages that are sent using a producer without a consumer created on the same session. Attaching a test case that shows what I am trying to do.&lt;br/&gt;
If a consumer is created I am only able to browse 50 of the 100 test messages that are created by the test case(perhaps this should be filed as another bug? I havent read the spec. but I guess all the messages in the queue should be in the enumeration returned by the browser).&lt;/p&gt;</description>
                <environment>&lt;p&gt;CVS HEAD on 20 nov 2004 running on a Windows XP SUN JDK 1.4.2_05 &lt;/p&gt;</environment>
        <key id="12481043">AMQ-135</key>
            <summary>Unable to browse queue messages without a consumer.</summary>
                <type id="1" iconUrl="https://issues.apache.org/jira/images/icons/issuetypes/bug.png">Bug</type>
                                            <priority id="3" iconUrl="https://issues.apache.org/jira/images/icons/priorities/major.png">Major</priority>
                        <status id="6" iconUrl="https://issues.apache.org/jira/images/icons/statuses/closed.png" description="The issue is considered finished, the resolution is correct. Issues which are closed can be reopened.">Closed</status>
                    <statusCategory id="3" key="done" colorName="green"/>
                                    <resolution id="5">Cannot Reproduce</resolution>
                                        <assignee username="chirino">Hiram Chirino</assignee>
                                    <reporter username="aarrgard">Andreas Arrg&#229;rd</reporter>
                        <labels>
                    </labels>
                <created>Sun, 21 Nov 2004 01:45:58 +0000</created>
                <updated>Fri, 15 Jul 2005 22:46:48 +0100</updated>
                            <resolved>Fri, 15 Jul 2005 22:46:48 +0100</resolved>
                                    <version>1.2</version>
                                                        <due></due>
                            <votes>0</votes>
                                    <watches>0</watches>
                                                                <comments>
                            <comment id="12936944" author="chirino" created="Fri, 15 Jul 2005 22:46:06 +0100"  >&lt;p&gt;The attachments to this issue were lost in the jira migration.  Therefore I was not able to see the test case and reproduce.  If this is still a problem please re-open and reatach the test case.&lt;/p&gt;

&lt;p&gt;As a side note:  Please be aware that at the current time the queue browser can not be used conncurently with a queue consumer (the browser will not see the messages prefetched by the consumer).&lt;/p&gt;</comment>
                            <comment id="12936774" author="chirino" created="Fri, 15 Jul 2005 22:46:35 +0100"  >&lt;p&gt;re-opening to set right resolution.&lt;/p&gt;</comment>
                    </comments>
                    <attachments>
                    </attachments>
                <subtasks>
                    </subtasks>
                <customfields>
                                                <customfield id="customfield_12310310" key="com.atlassian.jira.toolkit:attachments">
                        <customfieldname>Attachment count</customfieldname>
                        <customfieldvalues>
                            <customfieldvalue>0.0</customfieldvalue>
                        </customfieldvalues>
                    </customfield>
                                                                                                                        <customfield id="customfield_12310220" key="com.atlassian.jira.ext.charting:firstresponsedate">
                        <customfieldname>Date of First Response</customfieldname>
                        <customfieldvalues>
                            <customfieldvalue>Fri, 15 Jul 2005 21:46:06 +0000</customfieldvalue>

                        </customfieldvalues>
                    </customfield>
                                                                                                                                                                                                            <customfield id="customfield_12310420" key="com.pyxis.greenhopper.jira:gh-global-rank">
                        <customfieldname>Global Rank</customfieldname>
                        <customfieldvalues>
                            <customfieldvalue>84252</customfieldvalue>
                        </customfieldvalues>
                    </customfield>
                                                                                            <customfield id="customfield_12311820" key="com.pyxis.greenhopper.jira:gh-lexo-rank">
                        <customfieldname>Rank</customfieldname>
                        <customfieldvalues>
                            <customfieldvalue>2|hynpnr:</customfieldvalue>

                        </customfieldvalues>
                    </customfield>
                                                                <customfield id="customfield_12310920" key="com.pyxis.greenhopper.jira:gh-global-rank">
                        <customfieldname>Rank (Obsolete)</customfieldname>
                        <customfieldvalues>
                            <customfieldvalue>172344</customfieldvalue>
                        </customfieldvalues>
                    </customfield>
                                                                                                                                                    <customfield id="customfield_12310222" key="com.atlassian.jira.ext.charting:timeinstatus">
                        <customfieldname>Time in Status</customfieldname>
                        <customfieldvalues>
                            
                        </customfieldvalues>
                    </customfield>
                                    </customfields>
    </item>

<item>
            <title>[AMQ-138] Slow down in a Point-to-Point producer heavy scenario</title>
                <link>https://issues.apache.org/jira/browse/AMQ-138</link>
                <project id="12311210" key="AMQ">ActiveMQ</project>
                    <description>&lt;p&gt;In a Point-to-Point producer heavy scenario (i.e 50:5 producers:consumers) message throughput slows to 5msg/sec after a period of time (in the case of 50:5 it was about 40 seconds).&lt;/p&gt;

&lt;p&gt;Messages are set as non-persistent.&lt;br/&gt;
Persistance has been removed from the server.&lt;br/&gt;
Auto_Ack.&lt;br/&gt;
BtyeMessages were used.&lt;/p&gt;

&lt;p&gt;Once slow down starts CPU drops from 100% to 5/10%.&lt;/p&gt;

&lt;p&gt;No error messages from server or clients.&lt;/p&gt;</description>
                <environment>&lt;p&gt;Windows 2000 / Redhat 9.0&lt;br/&gt;
P4 1.5 &lt;br/&gt;
1gig ram&lt;/p&gt;</environment>
        <key id="12481140">AMQ-138</key>
            <summary>Slow down in a Point-to-Point producer heavy scenario</summary>
                <type id="1" iconUrl="https://issues.apache.org/jira/images/icons/issuetypes/bug.png">Bug</type>
                                            <priority id="3" iconUrl="https://issues.apache.org/jira/images/icons/priorities/major.png">Major</priority>
                        <status id="5" iconUrl="https://issues.apache.org/jira/images/icons/statuses/resolved.png" description="A resolution has been taken, and it is awaiting verification by reporter. From here issues are either reopened, or are closed.">Resolved</status>
                    <statusCategory id="3" key="done" colorName="green"/>
                                    <resolution id="1">Fixed</resolution>
                                        <assignee username="stewie">Stewie</assignee>
                                    <reporter username="edcurry">Edward Curry</reporter>
                        <labels>
                    </labels>
                <created>Wed, 24 Nov 2004 17:53:41 +0000</created>
                <updated>Mon, 15 Aug 2005 16:40:16 +0100</updated>
                            <resolved>Mon, 15 Aug 2005 16:40:16 +0100</resolved>
                                    <version>1.1</version>
                    <version>1.2</version>
                                    <fixVersion>3.1</fixVersion>
                                        <due></due>
                            <votes>0</votes>
                                    <watches>0</watches>
                                                                <comments>
                            <comment id="12937335" author="jstrachan" created="Mon, 15 Aug 2005 16:40:16 +0100"  >&lt;p&gt;We&apos;ve tested this heavily and its no longer the case that things slow down with producer heavy scenario.&lt;/p&gt;
</comment>
                    </comments>
                    <attachments>
                    </attachments>
                <subtasks>
                    </subtasks>
                <customfields>
                                                <customfield id="customfield_12310310" key="com.atlassian.jira.toolkit:attachments">
                        <customfieldname>Attachment count</customfieldname>
                        <customfieldvalues>
                            <customfieldvalue>0.0</customfieldvalue>
                        </customfieldvalues>
                    </customfield>
                                                                                                                        <customfield id="customfield_12310220" key="com.atlassian.jira.ext.charting:firstresponsedate">
                        <customfieldname>Date of First Response</customfieldname>
                        <customfieldvalues>
                            <customfieldvalue>Mon, 15 Aug 2005 15:40:16 +0000</customfieldvalue>

                        </customfieldvalues>
                    </customfield>
                                                                                                                                                                                                            <customfield id="customfield_12310420" key="com.pyxis.greenhopper.jira:gh-global-rank">
                        <customfieldname>Global Rank</customfieldname>
                        <customfieldvalues>
                            <customfieldvalue>48873</customfieldvalue>
                        </customfieldvalues>
                    </customfield>
                                                                                            <customfield id="customfield_12311820" key="com.pyxis.greenhopper.jira:gh-lexo-rank">
                        <customfieldname>Rank</customfieldname>
                        <customfieldvalues>
                            <customfieldvalue>2|hz1sp3:</customfieldvalue>

                        </customfieldvalues>
                    </customfield>
                                                                <customfield id="customfield_12310920" key="com.pyxis.greenhopper.jira:gh-global-rank">
                        <customfieldname>Rank (Obsolete)</customfieldname>
                        <customfieldvalues>
                            <customfieldvalue>254493</customfieldvalue>
                        </customfieldvalues>
                    </customfield>
                                                                                                                                                    <customfield id="customfield_12310222" key="com.atlassian.jira.ext.charting:timeinstatus">
                        <customfieldname>Time in Status</customfieldname>
                        <customfieldvalues>
                            
                        </customfieldvalues>
                    </customfield>
                                    </customfields>
    </item>

<item>
            <title>[AMQ-139] ActiveMQ with ActiveCluster appears to leak memory</title>
                <link>https://issues.apache.org/jira/browse/AMQ-139</link>
                <project id="12311210" key="AMQ">ActiveMQ</project>
                    <description>&lt;p&gt;I am using ActiveCluster as part of a long-running Java service inside Tomcat. In production, I have to re-start Tomcat every other days or else I run out of memory. I found through a memory profiler that ActiveMQ seems to be holding many messages in memory. After finding that, I put together a simple test using ActiveCluster which sends out as many messages as it can, and receives them in a separate thread. &lt;/p&gt;

&lt;p&gt;The test case can be run with &quot;ant run&quot;, and the number of messages send but not received will be printed out once a second. After about 30 seconds or so, the error &quot;OutOfMemoryError&quot; is displayed, and messages are stopped being sent or received.&lt;/p&gt;

&lt;p&gt;As a sort-of-related note, this test case uses ActiveMQ 1.0 with the multicast: URL. I wanted to try out ActiveMQ 1.2, but it does not seem to work with the multicast: URL.&lt;/p&gt;</description>
                <environment>&lt;p&gt;Fedora Core 3 with Sun Java 1.4.2_06&lt;/p&gt;</environment>
        <key id="12481189">AMQ-139</key>
            <summary>ActiveMQ with ActiveCluster appears to leak memory</summary>
                <type id="1" iconUrl="https://issues.apache.org/jira/images/icons/issuetypes/bug.png">Bug</type>
                                            <priority id="3" iconUrl="https://issues.apache.org/jira/images/icons/priorities/major.png">Major</priority>
                        <status id="5" iconUrl="https://issues.apache.org/jira/images/icons/statuses/resolved.png" description="A resolution has been taken, and it is awaiting verification by reporter. From here issues are either reopened, or are closed.">Resolved</status>
                    <statusCategory id="3" key="done" colorName="green"/>
                                    <resolution id="1">Fixed</resolution>
                                        <assignee username="stewie">Stewie</assignee>
                                    <reporter username="lazerdye">Terence Haddock</reporter>
                        <labels>
                    </labels>
                <created>Wed, 24 Nov 2004 18:35:26 +0000</created>
                <updated>Tue, 18 Jan 2005 20:15:35 +0000</updated>
                            <resolved>Tue, 18 Jan 2005 20:15:35 +0000</resolved>
                                    <version>1.0</version>
                    <version>1.2</version>
                                    <fixVersion>2.0</fixVersion>
                                        <due></due>
                            <votes>0</votes>
                                    <watches>1</watches>
                                                                <comments>
                            <comment id="12936711" author="lazerdye" created="Wed, 24 Nov 2004 18:36:27 +0000"  >&lt;p&gt;Attached is the test which causes the out of memory error about 30 seconds after running &quot;ant run&quot;.&lt;/p&gt;</comment>
                            <comment id="12936590" author="stewie" created="Fri, 26 Nov 2004 10:52:31 +0000"  >&lt;p&gt;Have you tried the latest from CVS Head for ActiveMQ and ActiveCluster?&lt;/p&gt;</comment>
                            <comment id="12937086" author="lazerdye" created="Tue, 30 Nov 2004 18:52:09 +0000"  >&lt;p&gt;I&apos;d like to, but the current CVS of activecluster fails during the test:&lt;/p&gt;

&lt;p&gt;Testcase: testMembershipCluster(org.codehaus.activecluster.ClusterTest):	FAILED&lt;br/&gt;
Node: 4 with contents: &lt;br/&gt;
junit.framework.AssertionFailedError: Node: 4 with contents: &lt;br/&gt;
	at org.codehaus.activecluster.ClusterTest.testMembershipCluster(ClusterTest.java:68)&lt;br/&gt;
	at sun.reflect.NativeMethodAccessorImpl.invoke0(Native Method)&lt;br/&gt;
	at sun.reflect.NativeMethodAccessorImpl.invoke(NativeMethodAccessorImpl.java:39)&lt;br/&gt;
	at sun.reflect.DelegatingMethodAccessorImpl.invoke(DelegatingMethodAccessorImpl.java:25)&lt;/p&gt;</comment>
                            <comment id="12936800" author="stewie" created="Tue, 18 Jan 2005 20:15:35 +0000"  >&lt;p&gt;Fixed - &lt;/p&gt;</comment>
                    </comments>
                    <attachments>
                    </attachments>
                <subtasks>
                    </subtasks>
                <customfields>
                                                <customfield id="customfield_12310310" key="com.atlassian.jira.toolkit:attachments">
                        <customfieldname>Attachment count</customfieldname>
                        <customfieldvalues>
                            <customfieldvalue>0.0</customfieldvalue>
                        </customfieldvalues>
                    </customfield>
                                                                                                                        <customfield id="customfield_12310220" key="com.atlassian.jira.ext.charting:firstresponsedate">
                        <customfieldname>Date of First Response</customfieldname>
                        <customfieldvalues>
                            <customfieldvalue>Fri, 26 Nov 2004 10:52:31 +0000</customfieldvalue>

                        </customfieldvalues>
                    </customfield>
                                                                                                                                                                                                            <customfield id="customfield_12310420" key="com.pyxis.greenhopper.jira:gh-global-rank">
                        <customfieldname>Global Rank</customfieldname>
                        <customfieldvalues>
                            <customfieldvalue>48874</customfieldvalue>
                        </customfieldvalues>
                    </customfield>
                                                                                            <customfield id="customfield_12311820" key="com.pyxis.greenhopper.jira:gh-lexo-rank">
                        <customfieldname>Rank</customfieldname>
                        <customfieldvalues>
                            <customfieldvalue>2|hylwzz:</customfieldvalue>

                        </customfieldvalues>
                    </customfield>
                                                                <customfield id="customfield_12310920" key="com.pyxis.greenhopper.jira:gh-global-rank">
                        <customfieldname>Rank (Obsolete)</customfieldname>
                        <customfieldvalues>
                            <customfieldvalue>161868</customfieldvalue>
                        </customfieldvalues>
                    </customfield>
                                                                                                                                                    <customfield id="customfield_12310222" key="com.atlassian.jira.ext.charting:timeinstatus">
                        <customfieldname>Time in Status</customfieldname>
                        <customfieldvalues>
                            
                        </customfieldvalues>
                    </customfield>
                                    </customfields>
    </item>

<item>
            <title>[AMQ-140] JNDI name unable to accept slash charactor &quot;/&quot;</title>
                <link>https://issues.apache.org/jira/browse/AMQ-140</link>
                <project id="12311210" key="AMQ">ActiveMQ</project>
                    <description>&lt;p&gt;While using the JNDI properties file I am not able to look a Queue name &quot;jms/Queue&quot;. I think the forward slash is causing an issue.&lt;br/&gt;
The jndi.properties file was:&lt;/p&gt;

&lt;p&gt;java.naming.factory.initial = org.codehaus.activemq.jndi.ActiveMQInitialContextFactory&lt;br/&gt;
brokerURL = tcp://localhost:61616&lt;br/&gt;
queue.jms/Queue = example.MyQueue&lt;/p&gt;</description>
                <environment>&lt;p&gt;Windows&lt;/p&gt;</environment>
        <key id="12481052">AMQ-140</key>
            <summary>JNDI name unable to accept slash charactor &quot;/&quot;</summary>
                <type id="1" iconUrl="https://issues.apache.org/jira/images/icons/issuetypes/bug.png">Bug</type>
                                            <priority id="3" iconUrl="https://issues.apache.org/jira/images/icons/priorities/major.png">Major</priority>
                        <status id="6" iconUrl="https://issues.apache.org/jira/images/icons/statuses/closed.png" description="The issue is considered finished, the resolution is correct. Issues which are closed can be reopened.">Closed</status>
                    <statusCategory id="3" key="done" colorName="green"/>
                                    <resolution id="1">Fixed</resolution>
                                        <assignee username="jstrachan">james strachan</assignee>
                                    <reporter username="jsherman">Jason Sherman</reporter>
                        <labels>
                    </labels>
                <created>Thu, 25 Nov 2004 23:12:31 +0000</created>
                <updated>Thu, 3 May 2012 14:00:32 +0100</updated>
                            <resolved>Tue, 7 Dec 2004 17:04:15 +0000</resolved>
                                    <version>1.3</version>
                                    <fixVersion>1.3</fixVersion>
                                    <component>JMS client</component>
                        <due></due>
                            <votes>0</votes>
                                    <watches>0</watches>
                                                                <comments>
                            <comment id="13267400" author="paarsar" created="Thu, 3 May 2012 13:59:55 +0100"  >&lt;p&gt;try this&lt;/p&gt;


&lt;p&gt;java.naming.factory.initial = org.codehaus.activemq.jndi.ActiveMQWASInitialContextFactory&lt;br/&gt;
brokerURL = tcp://localhost:61616&lt;br/&gt;
java.naming.queue.jms.RUNDMCQ = example.MyQueue&lt;/p&gt;</comment>
                            <comment id="13267402" author="paarsar" created="Thu, 3 May 2012 14:00:32 +0100"  >&lt;p&gt;sorry&lt;/p&gt;

&lt;p&gt;java.naming.factory.initial = org.codehaus.activemq.jndi.ActiveMQWASInitialContextFactory&lt;br/&gt;
brokerURL = tcp://localhost:61616&lt;br/&gt;
java.naming.queue.jms.Queue = example.MyQueue&lt;/p&gt;</comment>
                    </comments>
                    <attachments>
                    </attachments>
                <subtasks>
                    </subtasks>
                <customfields>
                                                <customfield id="customfield_12310310" key="com.atlassian.jira.toolkit:attachments">
                        <customfieldname>Attachment count</customfieldname>
                        <customfieldvalues>
                            <customfieldvalue>0.0</customfieldvalue>
                        </customfieldvalues>
                    </customfield>
                                                                                                                        <customfield id="customfield_12310220" key="com.atlassian.jira.ext.charting:firstresponsedate">
                        <customfieldname>Date of First Response</customfieldname>
                        <customfieldvalues>
                            <customfieldvalue>Thu, 3 May 2012 12:59:55 +0000</customfieldvalue>

                        </customfieldvalues>
                    </customfield>
                                                                                                                                                                                                            <customfield id="customfield_12310420" key="com.pyxis.greenhopper.jira:gh-global-rank">
                        <customfieldname>Global Rank</customfieldname>
                        <customfieldvalues>
                            <customfieldvalue>48875</customfieldvalue>
                        </customfieldvalues>
                    </customfield>
                                                                                            <customfield id="customfield_12311820" key="com.pyxis.greenhopper.jira:gh-lexo-rank">
                        <customfieldname>Rank</customfieldname>
                        <customfieldvalues>
                            <customfieldvalue>2|hynnsv:</customfieldvalue>

                        </customfieldvalues>
                    </customfield>
                                                                <customfield id="customfield_12310920" key="com.pyxis.greenhopper.jira:gh-global-rank">
                        <customfieldname>Rank (Obsolete)</customfieldname>
                        <customfieldvalues>
                            <customfieldvalue>172043</customfieldvalue>
                        </customfieldvalues>
                    </customfield>
                                                                                                                                                    <customfield id="customfield_12310222" key="com.atlassian.jira.ext.charting:timeinstatus">
                        <customfieldname>Time in Status</customfieldname>
                        <customfieldvalues>
                            
                        </customfieldvalues>
                    </customfield>
                                    </customfields>
    </item>
</channel>
</rss>
