<!--
RSS generated by JIRA (6.3.4#6332-sha1:51bc225ef474afe3128b2f66878477f322397b16) at Tue Mar 31 18:57:30 UTC 2015

It is possible to restrict the fields that are returned in this document by specifying the 'field' parameter in your request.
For example, to request only the issue key and summary add field=key&field=summary to the URL of your request.
For example:
https://issues.apache.org/jira/sr/jira.issueviews:searchrequest-xml/temp/SearchRequest.xml?jqlQuery=project+%3D+AMQ+AND+issuetype+%3D+Bug+AND+created+%3E%3D+2004-9-1+AND+created+%3C%3D+2004-10-1+ORDER+BY+key+ASC&amp;tempMax=200&amp;field=key&amp;field=summary
-->
<!-- If you wish to do custom client-side styling of RSS, uncomment this:
<?xml-stylesheet href="https://issues.apache.org/jira/styles/jiraxml2html.xsl" type="text/xsl"?>
-->
<rss version="0.92">
    <channel>
        <title>ASF JIRA</title>
        <link>https://issues.apache.org/jira/secure/IssueNavigator.jspa?reset=true&amp;jqlQuery=project+%3D+AMQ+AND+issuetype+%3D+Bug+AND+created+%3E%3D+2004-9-1+AND+created+%3C%3D+2004-10-1+ORDER+BY+key+ASC</link>
        <description>An XML representation of a search request</description>
                <language>en-uk</language>
                        <issue start="0" end="10" total="10"/>
                <build-info>
            <version>6.3.4</version>
            <build-number>6332</build-number>
            <build-date>15-08-2014</build-date>
        </build-info>
<item>
            <title>[AMQ-77] embedded brokers seem a little broken</title>
                <link>https://issues.apache.org/jira/browse/AMQ-77</link>
                <project id="12311210" key="AMQ">ActiveMQ</project>
                    <description>&lt;p&gt;we should be able to use an embedded broker in an ActiveMQConnectionFactory and use any URL to connect to it; yet there seems a bug somewhere.&lt;/p&gt;

&lt;p&gt;e.g. if I use&lt;/p&gt;

&lt;p&gt;factory.brokerURL = &quot;tcp://localhost:62001&quot;&lt;/p&gt;

&lt;p&gt;and use a Spring embedded broker container factory, we get a socket in use.&lt;/p&gt;

&lt;p&gt;Is it trying to make 2 brokers maybe?&lt;/p&gt;</description>
                <environment></environment>
        <key id="12481492">AMQ-77</key>
            <summary>embedded brokers seem a little broken</summary>
                <type id="1" iconUrl="https://issues.apache.org/jira/images/icons/issuetypes/bug.png">Bug</type>
                                            <priority id="3" iconUrl="https://issues.apache.org/jira/images/icons/priorities/major.png">Major</priority>
                        <status id="5" iconUrl="https://issues.apache.org/jira/images/icons/statuses/resolved.png" description="A resolution has been taken, and it is awaiting verification by reporter. From here issues are either reopened, or are closed.">Resolved</status>
                    <statusCategory id="3" key="done" colorName="green"/>
                                    <resolution id="1">Fixed</resolution>
                                        <assignee username="jstrachan">james strachan</assignee>
                                    <reporter username="jstrachan">james strachan</reporter>
                        <labels>
                    </labels>
                <created>Thu, 2 Sep 2004 15:22:23 +0100</created>
                <updated>Thu, 16 Feb 2006 11:30:45 +0000</updated>
                            <resolved>Mon, 5 Dec 2005 11:37:21 +0000</resolved>
                                                    <fixVersion>4.0 M4</fixVersion>
                                    <component>JMS client</component>
                        <due></due>
                            <votes>1</votes>
                                    <watches>0</watches>
                                                                <comments>
                            <comment id="12936949" author="cameronbraid" created="Tue, 21 Sep 2004 05:23:44 +0100"  >&lt;p&gt;Another related issue si when running two separate JVM&apos;s with both having an embedded broker, when the second one starts up, the following execption is thrown.&lt;/p&gt;

&lt;p&gt;org.springframework.jms.UncategorizedJmsException: Uncategorized exception occured during JMS processing; nested exception is javax.jms.JMSException: Bind to tcp://localhost:61616 failed: Address already in use&lt;br/&gt;
javax.jms.JMSException: Bind to tcp://localhost:61616 failed: Address already in use&lt;br/&gt;
        at org.codehaus.activemq.transport.tcp.TcpTransportServerChannel.&amp;lt;init&amp;gt;(TcpTransportServerChannel.java:74)&lt;br/&gt;
        at org.codehaus.activemq.transport.tcp.TcpTransportServerChannelFactory.create(TcpTransportServerChannelFactory.java:43)&lt;br/&gt;
        at org.codehaus.activemq.transport.TransportServerChannelProvider.create(TransportServerChannelProvider.java:45)&lt;br/&gt;
        at org.codehaus.activemq.broker.impl.BrokerConnectorImpl.createTransportServerChannel(BrokerConnectorImpl.java:379)&lt;br/&gt;
        at org.codehaus.activemq.broker.impl.BrokerConnectorImpl.&amp;lt;init&amp;gt;(BrokerConnectorImpl.java:61)&lt;br/&gt;
        at org.codehaus.activemq.ActiveMQConnectionFactory.createBrokerConnector(ActiveMQConnectionFactory.java:428)&lt;br/&gt;
        at org.codehaus.activemq.ActiveMQConnectionFactory.createTransportChannel(ActiveMQConnectionFactory.java:405)&lt;br/&gt;
        at org.codehaus.activemq.ActiveMQConnectionFactory.createConnection(ActiveMQConnectionFactory.java:301)&lt;br/&gt;
        at org.codehaus.activemq.ActiveMQConnectionFactory.createConnection(ActiveMQConnectionFactory.java:291)&lt;br/&gt;
        at org.springframework.jms.connection.SingleConnectionFactory.doCreateConnection(SingleConnectionFactory.java:150)&lt;br/&gt;
        at org.springframework.jms.connection.SingleConnectionFactory.init(SingleConnectionFactory.java:135)&lt;br/&gt;
        at org.springframework.jms.connection.SingleConnectionFactory.createConnection(SingleConnectionFactory.java:169)&lt;br/&gt;
        at org.springframework.jms.core.JmsTemplate.createConnection(JmsTemplate.java:404)&lt;br/&gt;
        at org.springframework.jms.core.JmsTemplate.execute(JmsTemplate.java:499)&lt;br/&gt;
        at org.springframework.jms.core.JmsTemplate.receive(JmsTemplate.java:663)&lt;br/&gt;
...&lt;/p&gt;


&lt;p&gt;I am using a spring configured embedded broker with :&lt;/p&gt;

&lt;p&gt;&amp;lt;beans&amp;gt;&lt;br/&gt;
    &amp;lt;broker&amp;gt;&lt;br/&gt;
        &amp;lt;connector&amp;gt;&lt;br/&gt;
            &amp;lt;serverTransport uri=&quot;vm://localhost&quot;/&amp;gt;&lt;br/&gt;
        &amp;lt;/connector&amp;gt;&lt;br/&gt;
        &amp;lt;persistence&amp;gt;&lt;br/&gt;
            &amp;lt;berkeleyDbPersistence directory=&quot;berkeleydb&quot;/&amp;gt;&lt;br/&gt;
        &amp;lt;/persistence&amp;gt;&lt;br/&gt;
    &amp;lt;/broker&amp;gt;&lt;br/&gt;
&amp;lt;/beans&amp;gt;&lt;/p&gt;

&lt;p&gt;I was under the impression that TCP sockets wouldn&apos;t be used with this setup.&lt;/p&gt;</comment>
                            <comment id="12937203" author="cameronbraid" created="Tue, 21 Sep 2004 05:24:26 +0100"  >&lt;p&gt;here is my applicationContext.xml excerpt :&lt;/p&gt;

&lt;p&gt;    &amp;lt;bean id=&quot;activeMqConnectionFactory&quot; class=&quot;org.codehaus.activemq.ActiveMQConnectionFactory&quot;&amp;gt;&lt;br/&gt;
        &amp;lt;property name=&quot;useEmbeddedBroker&quot;&amp;gt;&amp;lt;value&amp;gt;true&amp;lt;/value&amp;gt;&amp;lt;/property&amp;gt;&lt;br/&gt;
        &amp;lt;property name=&quot;brokerContainerFactory&quot;&amp;gt;&lt;br/&gt;
            &amp;lt;bean class=&quot;org.codehaus.activemq.spring.SpringBrokerContainerFactory&quot;&amp;gt;&lt;br/&gt;
                &amp;lt;constructor-arg index=&apos;0&apos;&amp;gt;&amp;lt;value&amp;gt;classpath:activeMQ-broker.xml&amp;lt;/value&amp;gt;&amp;lt;/constructor-arg&amp;gt;&lt;br/&gt;
            &amp;lt;/bean&amp;gt;&lt;br/&gt;
        &amp;lt;/property&amp;gt;&lt;br/&gt;
    &amp;lt;/bean&amp;gt;&lt;/p&gt;</comment>
                            <comment id="12937057" author="jstrachan" created="Tue, 21 Sep 2004 15:58:50 +0100"  >&lt;p&gt;Cameron, if you specify the brokerURL property in your ConnectionFactory Spring configuration this should fix this issue.&lt;/p&gt;

&lt;p&gt;brokerURL defaults to localhost:61616. So if you set the embedded flag and then try to connect with the JMS broker it will automatically start a TCP connector.&lt;/p&gt;

&lt;p&gt;setting the brokerURL to something like vm://localhost will avoid this.&lt;/p&gt;

&lt;p&gt;Note that you don&apos;t need to specifiy a vm:.// connector in the broker XML, as these are lightweight objects created on demand. (Though it does no harm having it in the XML).&lt;/p&gt;</comment>
                            <comment id="12937169" author="jstrachan" created="Wed, 22 Sep 2004 08:55:21 +0100"  >&lt;p&gt;e.g. Cameron, if you try this excerpt in your Spring config it should work...&lt;/p&gt;

&lt;p&gt;&#160;&#160;&#160;&#160;&amp;lt;bean id=&quot;activeMqConnectionFactory&quot; class=&quot;org.codehaus.activemq.ActiveMQConnectionFactory&quot;&amp;gt; &lt;br/&gt;
&#160;&#160;&#160;&#160;&#160;&#160;&#160;&#160;&amp;lt;property name=&quot;useEmbeddedBroker&quot;&amp;gt;&amp;lt;value&amp;gt;true&amp;lt;/value&amp;gt;&amp;lt;/property&amp;gt; &lt;br/&gt;
&#160;&#160;&#160;&#160;&#160;&#160;&#160;&#160;&amp;lt;property name=&quot;brokerURL&quot;&amp;gt;&amp;lt;value&amp;gt;vm://localhost&amp;lt;/value&amp;gt;&amp;lt;/property&amp;gt; &lt;br/&gt;
&#160;&#160;&#160;&#160;&#160;&#160;&#160;&#160;&amp;lt;property name=&quot;brokerContainerFactory&quot;&amp;gt; &lt;br/&gt;
&#160;&#160;&#160;&#160;&#160;&#160;&#160;&#160;&#160;&#160;&#160;&#160;&amp;lt;bean class=&quot;org.codehaus.activemq.spring.SpringBrokerContainerFactory&quot;&amp;gt; &lt;br/&gt;
&#160;&#160;&#160;&#160;&#160;&#160;&#160;&#160;&#160;&#160;&#160;&#160;&#160;&#160;&#160;&#160;&amp;lt;constructor-arg index=&apos;0&apos;&amp;gt;&amp;lt;value&amp;gt;classpath:activeMQ-broker.xml&amp;lt;/value&amp;gt;&amp;lt;/constructor-arg&amp;gt; &lt;br/&gt;
&#160;&#160;&#160;&#160;&#160;&#160;&#160;&#160;&#160;&#160;&#160;&#160;&amp;lt;/bean&amp;gt; &lt;br/&gt;
&#160;&#160;&#160;&#160;&#160;&#160;&#160;&#160;&amp;lt;/property&amp;gt; &lt;br/&gt;
&#160;&#160;&#160;&#160;&amp;lt;/bean&amp;gt;&lt;/p&gt;</comment>
                            <comment id="12936987" author="jstrachan" created="Mon, 5 Dec 2005 11:37:21 +0000"  >&lt;p&gt;These issues are resolved in 4.x once and for all&lt;/p&gt;</comment>
                    </comments>
                    <attachments>
                    </attachments>
                <subtasks>
                    </subtasks>
                <customfields>
                                                <customfield id="customfield_12310310" key="com.atlassian.jira.toolkit:attachments">
                        <customfieldname>Attachment count</customfieldname>
                        <customfieldvalues>
                            <customfieldvalue>0.0</customfieldvalue>
                        </customfieldvalues>
                    </customfield>
                                                                                                                        <customfield id="customfield_12310220" key="com.atlassian.jira.ext.charting:firstresponsedate">
                        <customfieldname>Date of First Response</customfieldname>
                        <customfieldvalues>
                            <customfieldvalue>Tue, 21 Sep 2004 04:23:44 +0000</customfieldvalue>

                        </customfieldvalues>
                    </customfield>
                                                                                                                                                                                                            <customfield id="customfield_12310420" key="com.pyxis.greenhopper.jira:gh-global-rank">
                        <customfieldname>Global Rank</customfieldname>
                        <customfieldvalues>
                            <customfieldvalue>48818</customfieldvalue>
                        </customfieldvalues>
                    </customfield>
                                                                                            <customfield id="customfield_12311820" key="com.pyxis.greenhopper.jira:gh-lexo-rank">
                        <customfieldname>Rank</customfieldname>
                        <customfieldvalues>
                            <customfieldvalue>2|hz1sl3:</customfieldvalue>

                        </customfieldvalues>
                    </customfield>
                                                                <customfield id="customfield_12310920" key="com.pyxis.greenhopper.jira:gh-global-rank">
                        <customfieldname>Rank (Obsolete)</customfieldname>
                        <customfieldvalues>
                            <customfieldvalue>254475</customfieldvalue>
                        </customfieldvalues>
                    </customfield>
                                                                                                                                                    <customfield id="customfield_12310222" key="com.atlassian.jira.ext.charting:timeinstatus">
                        <customfieldname>Time in Status</customfieldname>
                        <customfieldvalues>
                            
                        </customfieldvalues>
                    </customfield>
                                    </customfields>
    </item>

<item>
            <title>[AMQ-80] JDBM Message recovery not working with Queues</title>
                <link>https://issues.apache.org/jira/browse/AMQ-80</link>
                <project id="12311210" key="AMQ">ActiveMQ</project>
                    <description>&lt;p&gt;Started the server with:&lt;br/&gt;
 maven server -Dconfig=src\sample-conf\jdbm-example.xml&lt;/p&gt;

&lt;p&gt;Then published some messages with:&lt;br/&gt;
 maven producer -Dtopic=false -Ddurable=true&lt;/p&gt;

&lt;p&gt;Restarted the server and then ran the consumer with:&lt;br/&gt;
 maven consumer -Dtopic=false -Ddurable=true&lt;/p&gt;

&lt;p&gt;Expected the consumer to receive the 10 message published by the producer but it did not receive any.&lt;/p&gt;</description>
                <environment>&lt;p&gt;Windows, JDK 1.4&lt;/p&gt;</environment>
        <key id="12481231">AMQ-80</key>
            <summary>JDBM Message recovery not working with Queues</summary>
                <type id="1" iconUrl="https://issues.apache.org/jira/images/icons/issuetypes/bug.png">Bug</type>
                                            <priority id="3" iconUrl="https://issues.apache.org/jira/images/icons/priorities/major.png">Major</priority>
                        <status id="5" iconUrl="https://issues.apache.org/jira/images/icons/statuses/resolved.png" description="A resolution has been taken, and it is awaiting verification by reporter. From here issues are either reopened, or are closed.">Resolved</status>
                    <statusCategory id="3" key="done" colorName="green"/>
                                    <resolution id="1">Fixed</resolution>
                                        <assignee username="jstrachan">james strachan</assignee>
                                    <reporter username="chirino">Hiram Chirino</reporter>
                        <labels>
                    </labels>
                <created>Sat, 4 Sep 2004 00:06:31 +0100</created>
                <updated>Mon, 21 Mar 2005 11:35:11 +0000</updated>
                            <resolved>Mon, 21 Mar 2005 11:35:11 +0000</resolved>
                                    <version>2.1</version>
                                    <fixVersion>3.0</fixVersion>
                                    <component>Message Store</component>
                        <due></due>
                            <votes>0</votes>
                                    <watches>0</watches>
                                                                <comments>
                            <comment id="12936715" author="stewie" created="Tue, 7 Sep 2004 08:51:11 +0100"  >&lt;p&gt;recovery doesn&apos;t work for Topics either.&lt;/p&gt;

&lt;p&gt;on a restart - non of the subscriptions get initialized  in DurableTopicMessageContainerManager - hence messages get put on the DLQ.&lt;/p&gt;</comment>
                            <comment id="12936678" author="jstrachan" created="Mon, 21 Mar 2005 11:35:11 +0000"  >&lt;p&gt;We&apos;re descoping JDBM support for 3.0 and focussing purely on the journal + JDBC going forward&lt;/p&gt;</comment>
                    </comments>
                    <attachments>
                    </attachments>
                <subtasks>
                    </subtasks>
                <customfields>
                                                <customfield id="customfield_12310310" key="com.atlassian.jira.toolkit:attachments">
                        <customfieldname>Attachment count</customfieldname>
                        <customfieldvalues>
                            <customfieldvalue>0.0</customfieldvalue>
                        </customfieldvalues>
                    </customfield>
                                                                                                                        <customfield id="customfield_12310220" key="com.atlassian.jira.ext.charting:firstresponsedate">
                        <customfieldname>Date of First Response</customfieldname>
                        <customfieldvalues>
                            <customfieldvalue>Tue, 7 Sep 2004 07:51:11 +0000</customfieldvalue>

                        </customfieldvalues>
                    </customfield>
                                                                                                                                                                                                            <customfield id="customfield_12310420" key="com.pyxis.greenhopper.jira:gh-global-rank">
                        <customfieldname>Global Rank</customfieldname>
                        <customfieldvalues>
                            <customfieldvalue>48821</customfieldvalue>
                        </customfieldvalues>
                    </customfield>
                                                                                            <customfield id="customfield_12311820" key="com.pyxis.greenhopper.jira:gh-lexo-rank">
                        <customfieldname>Rank</customfieldname>
                        <customfieldvalues>
                            <customfieldvalue>2|hz1skv:</customfieldvalue>

                        </customfieldvalues>
                    </customfield>
                                                                <customfield id="customfield_12310920" key="com.pyxis.greenhopper.jira:gh-global-rank">
                        <customfieldname>Rank (Obsolete)</customfieldname>
                        <customfieldvalues>
                            <customfieldvalue>254474</customfieldvalue>
                        </customfieldvalues>
                    </customfield>
                                                                                                                                                    <customfield id="customfield_12310222" key="com.atlassian.jira.ext.charting:timeinstatus">
                        <customfieldname>Time in Status</customfieldname>
                        <customfieldvalues>
                            
                        </customfieldvalues>
                    </customfield>
                                    </customfields>
    </item>

<item>
            <title>[AMQ-81] Bdb Message Store recovery not working</title>
                <link>https://issues.apache.org/jira/browse/AMQ-81</link>
                <project id="12311210" key="AMQ">ActiveMQ</project>
                    <description>&lt;p&gt;Started the server with:&lt;br/&gt;
 maven server -Dconfig=src\sample-conf\bdb-example.xml&lt;/p&gt;

&lt;p&gt;Then published some messages with:&lt;br/&gt;
 maven producer -Dtopic=false -Ddurable=true -Durl=tcp://localhost:61401&lt;/p&gt;

&lt;p&gt;Restarted the server and then ran the consumer with:&lt;br/&gt;
 maven consumer -Dtopic=false -Ddurable=true -Durl=tcp://localhost:61401&lt;/p&gt;

&lt;p&gt;The consumer recieved the expected 10 messages.  I then restarted the server and then ran the consumer again and unexpectedly, I received the the 10 message again.&lt;/p&gt;</description>
                <environment>&lt;p&gt;Windows, JDK 1.4&lt;/p&gt;</environment>
        <key id="12481138">AMQ-81</key>
            <summary>Bdb Message Store recovery not working</summary>
                <type id="1" iconUrl="https://issues.apache.org/jira/images/icons/issuetypes/bug.png">Bug</type>
                                            <priority id="3" iconUrl="https://issues.apache.org/jira/images/icons/priorities/major.png">Major</priority>
                        <status id="5" iconUrl="https://issues.apache.org/jira/images/icons/statuses/resolved.png" description="A resolution has been taken, and it is awaiting verification by reporter. From here issues are either reopened, or are closed.">Resolved</status>
                    <statusCategory id="3" key="done" colorName="green"/>
                                    <resolution id="2">Won&apos;t Fix</resolution>
                                        <assignee username="jstrachan">james strachan</assignee>
                                    <reporter username="chirino">Hiram Chirino</reporter>
                        <labels>
                    </labels>
                <created>Sat, 4 Sep 2004 00:19:00 +0100</created>
                <updated>Mon, 21 Mar 2005 11:35:00 +0000</updated>
                            <resolved>Mon, 21 Mar 2005 11:35:00 +0000</resolved>
                                    <version>2.1</version>
                                    <fixVersion>3.0</fixVersion>
                                    <component>Message Store</component>
                        <due></due>
                            <votes>1</votes>
                                    <watches>2</watches>
                                                                <comments>
                            <comment id="12936741" author="jstrachan" created="Mon, 21 Mar 2005 11:35:00 +0000"  >&lt;p&gt;We&apos;re descoping BDB support for 3.0 and focussing purely on the journal + JDBC going forward&lt;/p&gt;</comment>
                    </comments>
                    <attachments>
                    </attachments>
                <subtasks>
                    </subtasks>
                <customfields>
                                                <customfield id="customfield_12310310" key="com.atlassian.jira.toolkit:attachments">
                        <customfieldname>Attachment count</customfieldname>
                        <customfieldvalues>
                            <customfieldvalue>0.0</customfieldvalue>
                        </customfieldvalues>
                    </customfield>
                                                                                                                        <customfield id="customfield_12310220" key="com.atlassian.jira.ext.charting:firstresponsedate">
                        <customfieldname>Date of First Response</customfieldname>
                        <customfieldvalues>
                            <customfieldvalue>Mon, 21 Mar 2005 11:35:00 +0000</customfieldvalue>

                        </customfieldvalues>
                    </customfield>
                                                                                                                                                                                                            <customfield id="customfield_12310420" key="com.pyxis.greenhopper.jira:gh-global-rank">
                        <customfieldname>Global Rank</customfieldname>
                        <customfieldvalues>
                            <customfieldvalue>84258</customfieldvalue>
                        </customfieldvalues>
                    </customfield>
                                                                                            <customfield id="customfield_12311820" key="com.pyxis.greenhopper.jira:gh-lexo-rank">
                        <customfieldname>Rank</customfieldname>
                        <customfieldvalues>
                            <customfieldvalue>2|hz1skn:</customfieldvalue>

                        </customfieldvalues>
                    </customfield>
                                                                <customfield id="customfield_12310920" key="com.pyxis.greenhopper.jira:gh-global-rank">
                        <customfieldname>Rank (Obsolete)</customfieldname>
                        <customfieldvalues>
                            <customfieldvalue>254473</customfieldvalue>
                        </customfieldvalues>
                    </customfield>
                                                                                                                                                    <customfield id="customfield_12310222" key="com.atlassian.jira.ext.charting:timeinstatus">
                        <customfieldname>Time in Status</customfieldname>
                        <customfieldvalues>
                            
                        </customfieldvalues>
                    </customfield>
                                    </customfields>
    </item>

<item>
            <title>[AMQ-89] Problematic Xid comparison in ActiveMQXASession</title>
                <link>https://issues.apache.org/jira/browse/AMQ-89</link>
                <project id="12311210" key="AMQ">ActiveMQ</project>
                    <description>&lt;p&gt;In ActiveMQXASession.java, Xids are tested for equality in various places using the == operator. This will not work properly if the Xids are equal but happen to be different objects. A better approach would be to use a boolean equals(Xid a, Xid b) method that tests the formatId, globalTransactionId and branchQualifier of the involved Xids for equality.&lt;/p&gt;</description>
                <environment>&lt;p&gt;All environments&lt;/p&gt;</environment>
        <key id="12481378">AMQ-89</key>
            <summary>Problematic Xid comparison in ActiveMQXASession</summary>
                <type id="1" iconUrl="https://issues.apache.org/jira/images/icons/issuetypes/bug.png">Bug</type>
                                            <priority id="3" iconUrl="https://issues.apache.org/jira/images/icons/priorities/major.png">Major</priority>
                        <status id="6" iconUrl="https://issues.apache.org/jira/images/icons/statuses/closed.png" description="The issue is considered finished, the resolution is correct. Issues which are closed can be reopened.">Closed</status>
                    <statusCategory id="3" key="done" colorName="green"/>
                                    <resolution id="1">Fixed</resolution>
                                        <assignee username="stewie">Stewie</assignee>
                                    <reporter username="boerdijk">Robin Boerdijk</reporter>
                        <labels>
                    </labels>
                <created>Fri, 17 Sep 2004 18:41:13 +0100</created>
                <updated>Thu, 3 Feb 2005 09:32:09 +0000</updated>
                            <resolved>Thu, 23 Sep 2004 18:59:15 +0100</resolved>
                                    <version>1.0</version>
                    <version>1.1</version>
                    <version>1.2</version>
                                    <fixVersion>1.1</fixVersion>
                                    <component>JMS client</component>
                        <due></due>
                            <votes>0</votes>
                                    <watches>0</watches>
                                                                <comments>
                            <comment id="12936906" author="stewie" created="Thu, 23 Sep 2004 18:59:15 +0100"  >&lt;p&gt;Xid comparisions to use equals - and updated ActiveMQXid equals method&lt;/p&gt;</comment>
                            <comment id="12936948" author="boerdijk" created="Fri, 24 Sep 2004 00:13:22 +0100"  >&lt;p&gt;I see that you now use Xid.equals() to do the testing, but how can you be sure that Xid.equals() does indeed test the formatID, global transaction id and branch qualifier for equality? It&apos;s not required by the JTA spec (as far as I can tell), so to avoid surprises, I would recommend doing the testing with a custom static boolean equals(Xid a, Xid b) method.&lt;/p&gt;</comment>
                            <comment id="12936786" author="stewie" created="Fri, 24 Sep 2004 01:03:43 +0100"  >&lt;p&gt;It&apos;s a fair cop guv, I was just cutting corners. ActiveMQXaSession now uses a static method on ActiveMQXid to test for equality ... &lt;img class=&quot;emoticon&quot; src=&quot;https://issues.apache.org/jira/images/icons/emoticons/smile.gif&quot; height=&quot;16&quot; width=&quot;16&quot; align=&quot;absmiddle&quot; alt=&quot;&quot; border=&quot;0&quot;/&gt;&lt;/p&gt;</comment>
                    </comments>
                    <attachments>
                    </attachments>
                <subtasks>
                    </subtasks>
                <customfields>
                                                <customfield id="customfield_12310310" key="com.atlassian.jira.toolkit:attachments">
                        <customfieldname>Attachment count</customfieldname>
                        <customfieldvalues>
                            <customfieldvalue>0.0</customfieldvalue>
                        </customfieldvalues>
                    </customfield>
                                                                                                                        <customfield id="customfield_12310220" key="com.atlassian.jira.ext.charting:firstresponsedate">
                        <customfieldname>Date of First Response</customfieldname>
                        <customfieldvalues>
                            <customfieldvalue>Thu, 23 Sep 2004 17:59:15 +0000</customfieldvalue>

                        </customfieldvalues>
                    </customfield>
                                                                                                                                                                                                            <customfield id="customfield_12310420" key="com.pyxis.greenhopper.jira:gh-global-rank">
                        <customfieldname>Global Rank</customfieldname>
                        <customfieldvalues>
                            <customfieldvalue>48828</customfieldvalue>
                        </customfieldvalues>
                    </customfield>
                                                                                            <customfield id="customfield_12311820" key="com.pyxis.greenhopper.jira:gh-lexo-rank">
                        <customfieldname>Rank</customfieldname>
                        <customfieldvalues>
                            <customfieldvalue>2|hyno3b:</customfieldvalue>

                        </customfieldvalues>
                    </customfield>
                                                                <customfield id="customfield_12310920" key="com.pyxis.greenhopper.jira:gh-global-rank">
                        <customfieldname>Rank (Obsolete)</customfieldname>
                        <customfieldvalues>
                            <customfieldvalue>172090</customfieldvalue>
                        </customfieldvalues>
                    </customfield>
                                                                                                                                                    <customfield id="customfield_12310222" key="com.atlassian.jira.ext.charting:timeinstatus">
                        <customfieldname>Time in Status</customfieldname>
                        <customfieldvalues>
                            
                        </customfieldvalues>
                    </customfield>
                                    </customfields>
    </item>

<item>
            <title>[AMQ-90] Clustered brokers sends topic messages back and forth</title>
                <link>https://issues.apache.org/jira/browse/AMQ-90</link>
                <project id="12311210" key="AMQ">ActiveMQ</project>
                    <description>&lt;p&gt;When setting up two clustered brokers that each have a consumer listening to the same topic, posted messages are sent back and forth between the two brokers.&lt;/p&gt;

&lt;p&gt;This can be reproduced by configuring the zeroconf example with the topic switch and connecting one consumer to each server. The servers will start to consume a lot of CPU and memory when sending topic messages to that configuration....&lt;/p&gt;</description>
                <environment>&lt;p&gt;1.1-CVS-SNAPSHOP on 19 Sep 2004 running on a Windows XP/SUN JVM 1.4_05&lt;/p&gt;</environment>
        <key id="12481198">AMQ-90</key>
            <summary>Clustered brokers sends topic messages back and forth</summary>
                <type id="1" iconUrl="https://issues.apache.org/jira/images/icons/issuetypes/bug.png">Bug</type>
                                            <priority id="3" iconUrl="https://issues.apache.org/jira/images/icons/priorities/major.png">Major</priority>
                        <status id="6" iconUrl="https://issues.apache.org/jira/images/icons/statuses/closed.png" description="The issue is considered finished, the resolution is correct. Issues which are closed can be reopened.">Closed</status>
                    <statusCategory id="3" key="done" colorName="green"/>
                                    <resolution id="1">Fixed</resolution>
                                        <assignee username="stewie">Stewie</assignee>
                                    <reporter username="aarrgard">Andreas Arrg&#229;rd</reporter>
                        <labels>
                    </labels>
                <created>Mon, 20 Sep 2004 12:59:28 +0100</created>
                <updated>Thu, 3 Feb 2005 09:30:48 +0000</updated>
                            <resolved>Thu, 23 Sep 2004 19:10:48 +0100</resolved>
                                    <version>1.1</version>
                                    <fixVersion>1.1</fixVersion>
                                        <due></due>
                            <votes>0</votes>
                                    <watches>0</watches>
                                                                <comments>
                            <comment id="12937072" author="stewie" created="Thu, 23 Sep 2004 19:10:48 +0100"  >&lt;p&gt;Resolved in CVS head&lt;/p&gt;</comment>
                    </comments>
                    <attachments>
                    </attachments>
                <subtasks>
                    </subtasks>
                <customfields>
                                                <customfield id="customfield_12310310" key="com.atlassian.jira.toolkit:attachments">
                        <customfieldname>Attachment count</customfieldname>
                        <customfieldvalues>
                            <customfieldvalue>0.0</customfieldvalue>
                        </customfieldvalues>
                    </customfield>
                                                                                                                        <customfield id="customfield_12310220" key="com.atlassian.jira.ext.charting:firstresponsedate">
                        <customfieldname>Date of First Response</customfieldname>
                        <customfieldvalues>
                            <customfieldvalue>Thu, 23 Sep 2004 18:10:48 +0000</customfieldvalue>

                        </customfieldvalues>
                    </customfield>
                                                                                                                                                                                                            <customfield id="customfield_12310420" key="com.pyxis.greenhopper.jira:gh-global-rank">
                        <customfieldname>Global Rank</customfieldname>
                        <customfieldvalues>
                            <customfieldvalue>48829</customfieldvalue>
                        </customfieldvalues>
                    </customfield>
                                                                                            <customfield id="customfield_12311820" key="com.pyxis.greenhopper.jira:gh-lexo-rank">
                        <customfieldname>Rank</customfieldname>
                        <customfieldvalues>
                            <customfieldvalue>2|hynnwf:</customfieldvalue>

                        </customfieldvalues>
                    </customfield>
                                                                <customfield id="customfield_12310920" key="com.pyxis.greenhopper.jira:gh-global-rank">
                        <customfieldname>Rank (Obsolete)</customfieldname>
                        <customfieldvalues>
                            <customfieldvalue>172059</customfieldvalue>
                        </customfieldvalues>
                    </customfield>
                                                                                                                                                    <customfield id="customfield_12310222" key="com.atlassian.jira.ext.charting:timeinstatus">
                        <customfieldname>Time in Status</customfieldname>
                        <customfieldvalues>
                            
                        </customfieldvalues>
                    </customfield>
                                    </customfields>
    </item>

<item>
            <title>[AMQ-91] Duplicate Topic deliveries on clustered servers</title>
                <link>https://issues.apache.org/jira/browse/AMQ-91</link>
                <project id="12311210" key="AMQ">ActiveMQ</project>
                    <description>&lt;p&gt;When configuring three or more brokers in a cluster we can receive a lot of duplicate Topic messages. &lt;/p&gt;

&lt;p&gt;This is due to the fact that a broker marks a message as visited when it receives it. This is not a problem for queue message, however for topic messages this becomes a problem since messages are distributed on all the server channels that the broker is aware of (and that the message has not visited?). This means that for three brokers we will get two duplicate deliveries for four broker we will get 12(3x4)? duplicates for five brokers we will get 60(3x4x5)? duplicates.&lt;/p&gt;

&lt;p&gt;Increasing the number of connected brokers in a cluster will have a severe impact in performance...&lt;/p&gt;

&lt;p&gt;Is it possible for the broker to mark topic messages as visited by all the brokers that it will send the message to excluding the one it is about to send to? This way the broker that receives a topic message wont send it to the brokers that have already received it(is about to receive it).&lt;/p&gt;</description>
                <environment>&lt;p&gt;1.1-CVS-SNAPSHOT on 23 Sep 2004 running on a Windows XP/SUN JVM 1.4_05 &lt;/p&gt;</environment>
        <key id="12481240">AMQ-91</key>
            <summary>Duplicate Topic deliveries on clustered servers</summary>
                <type id="1" iconUrl="https://issues.apache.org/jira/images/icons/issuetypes/bug.png">Bug</type>
                                            <priority id="3" iconUrl="https://issues.apache.org/jira/images/icons/priorities/major.png">Major</priority>
                        <status id="6" iconUrl="https://issues.apache.org/jira/images/icons/statuses/closed.png" description="The issue is considered finished, the resolution is correct. Issues which are closed can be reopened.">Closed</status>
                    <statusCategory id="3" key="done" colorName="green"/>
                                    <resolution id="1">Fixed</resolution>
                                        <assignee username="stewie">Stewie</assignee>
                                    <reporter username="aarrgard">Andreas Arrg&#229;rd</reporter>
                        <labels>
                    </labels>
                <created>Fri, 24 Sep 2004 11:33:18 +0100</created>
                <updated>Thu, 3 Feb 2005 09:31:27 +0000</updated>
                            <resolved>Sat, 2 Oct 2004 10:52:44 +0100</resolved>
                                    <version>1.1</version>
                                    <fixVersion>1.1</fixVersion>
                                        <due></due>
                            <votes>0</votes>
                                    <watches>0</watches>
                                                                <comments>
                            <comment id="12937058" author="aarrgard" created="Fri, 24 Sep 2004 12:58:01 +0100"  >&lt;p&gt;Attached a test case that I am using to test different cluster configurations. It reads the configuration files for the brokers in a cluster starting at index 1. It then sets up consumers/produces to the first defined transport for each broker. The test then sends some queue or topic messages in a round robin fashion checking that each message is delivered to each consumer.&lt;/p&gt;

&lt;p&gt;The source code does not conform to the coding standard in ActiveMQ. If you want I can fix that...&lt;/p&gt;</comment>
                            <comment id="12937076" author="stewie" created="Fri, 24 Sep 2004 21:13:39 +0100"  >&lt;p&gt;this is the same problem as &lt;a href=&quot;https://issues.apache.org/jira/browse/AMQ-90&quot; title=&quot;Clustered brokers sends topic messages back and forth&quot; class=&quot;issue-link&quot; data-issue-key=&quot;AMQ-90&quot;&gt;&lt;del&gt;AMQ-90&lt;/del&gt;&lt;/a&gt;&lt;/p&gt;</comment>
                            <comment id="12937264" author="aarrgard" created="Fri, 24 Sep 2004 23:07:30 +0100"  >&lt;p&gt;Perhaps they are related, but the fix of &lt;a href=&quot;https://issues.apache.org/jira/browse/AMQ-90&quot; title=&quot;Clustered brokers sends topic messages back and forth&quot; class=&quot;issue-link&quot; data-issue-key=&quot;AMQ-90&quot;&gt;&lt;del&gt;AMQ-90&lt;/del&gt;&lt;/a&gt; does not cover this problem. However since it only affects clusters with three or more brokers exchanging topic messages I guess that it is not that urgent to fix...&lt;/p&gt;</comment>
                            <comment id="12937227" author="stewie" created="Sat, 25 Sep 2004 11:27:47 +0100"  >&lt;p&gt;In my rush to run through closing outstanding issues - I missed the point you was making. Currently, Networks are only valid for store and forward acyclic network topologies, unless the topology is ring containing only two brokers. &lt;/p&gt;

&lt;p&gt;There is still a few things to add to support clusters. But rather than take the approach that you outlined so well, it will probably more optimal to restrict subscription propagation  within a cluster, as messages are only forwarded on this basis.&lt;/p&gt;</comment>
                            <comment id="12936798" author="stewie" created="Sat, 2 Oct 2004 10:52:44 +0100"  >&lt;p&gt;There&apos;s a Topic cluster test now in usecases, with a Producer/Consumer on each broker. This seems to work ok&lt;/p&gt;</comment>
                    </comments>
                    <attachments>
                    </attachments>
                <subtasks>
                    </subtasks>
                <customfields>
                                                <customfield id="customfield_12310310" key="com.atlassian.jira.toolkit:attachments">
                        <customfieldname>Attachment count</customfieldname>
                        <customfieldvalues>
                            <customfieldvalue>0.0</customfieldvalue>
                        </customfieldvalues>
                    </customfield>
                                                                                                                        <customfield id="customfield_12310220" key="com.atlassian.jira.ext.charting:firstresponsedate">
                        <customfieldname>Date of First Response</customfieldname>
                        <customfieldvalues>
                            <customfieldvalue>Fri, 24 Sep 2004 20:13:39 +0000</customfieldvalue>

                        </customfieldvalues>
                    </customfield>
                                                                                                                                                                                                            <customfield id="customfield_12310420" key="com.pyxis.greenhopper.jira:gh-global-rank">
                        <customfieldname>Global Rank</customfieldname>
                        <customfieldvalues>
                            <customfieldvalue>48830</customfieldvalue>
                        </customfieldvalues>
                    </customfield>
                                                                                            <customfield id="customfield_12311820" key="com.pyxis.greenhopper.jira:gh-lexo-rank">
                        <customfieldname>Rank</customfieldname>
                        <customfieldvalues>
                            <customfieldvalue>2|hynndz:</customfieldvalue>

                        </customfieldvalues>
                    </customfield>
                                                                <customfield id="customfield_12310920" key="com.pyxis.greenhopper.jira:gh-global-rank">
                        <customfieldname>Rank (Obsolete)</customfieldname>
                        <customfieldvalues>
                            <customfieldvalue>171976</customfieldvalue>
                        </customfieldvalues>
                    </customfield>
                                                                                                                                                    <customfield id="customfield_12310222" key="com.atlassian.jira.ext.charting:timeinstatus">
                        <customfieldname>Time in Status</customfieldname>
                        <customfieldvalues>
                            
                        </customfieldvalues>
                    </customfield>
                                    </customfields>
    </item>

<item>
            <title>[AMQ-93] strange behaviour of peer network with queues</title>
                <link>https://issues.apache.org/jira/browse/AMQ-93</link>
                <project id="12311210" key="AMQ">ActiveMQ</project>
                    <description>&lt;p&gt;Try running this in two shells...&lt;/p&gt;

&lt;p&gt;maven -o jndi:consumer -Djndi=src/test/peer-jndi.properties &lt;/p&gt;

&lt;p&gt;(wait for it to startup) then&lt;/p&gt;

&lt;p&gt;maven -o jndi:producer -Djndi=src/test/peer-jndi.properties &lt;/p&gt;


&lt;p&gt;It will use an embedded broker with discovery to create a network. (Its using src/sample-conf/peer.xml to configure the broker).&lt;/p&gt;

&lt;p&gt;If you pass -Dsubject=MyTopic things work perfectly. Though with queues, the consumer seems to get the messages, yet they are not messages 1..100 but instead are like 20 copies of message 39 etc. i.e. lots of duplicates seem to be dispatched for some reason. Something wierd going on.&lt;/p&gt;</description>
                <environment></environment>
        <key id="12481347">AMQ-93</key>
            <summary>strange behaviour of peer network with queues</summary>
                <type id="1" iconUrl="https://issues.apache.org/jira/images/icons/issuetypes/bug.png">Bug</type>
                                            <priority id="3" iconUrl="https://issues.apache.org/jira/images/icons/priorities/major.png">Major</priority>
                        <status id="6" iconUrl="https://issues.apache.org/jira/images/icons/statuses/closed.png" description="The issue is considered finished, the resolution is correct. Issues which are closed can be reopened.">Closed</status>
                    <statusCategory id="3" key="done" colorName="green"/>
                                    <resolution id="1">Fixed</resolution>
                                        <assignee username="stewie">Stewie</assignee>
                                    <reporter username="jstrachan">james strachan</reporter>
                        <labels>
                    </labels>
                <created>Tue, 28 Sep 2004 16:16:16 +0100</created>
                <updated>Thu, 3 Feb 2005 09:30:20 +0000</updated>
                            <resolved>Wed, 6 Oct 2004 19:56:21 +0100</resolved>
                                                    <fixVersion>1.1</fixVersion>
                                        <due></due>
                            <votes>0</votes>
                                    <watches>0</watches>
                                                                <comments>
                            <comment id="12937160" author="stewie" created="Wed, 6 Oct 2004 19:56:21 +0100"  >&lt;p&gt;Fixed in 1.1&lt;/p&gt;</comment>
                    </comments>
                    <attachments>
                    </attachments>
                <subtasks>
                    </subtasks>
                <customfields>
                                                <customfield id="customfield_12310310" key="com.atlassian.jira.toolkit:attachments">
                        <customfieldname>Attachment count</customfieldname>
                        <customfieldvalues>
                            <customfieldvalue>0.0</customfieldvalue>
                        </customfieldvalues>
                    </customfield>
                                                                                                                        <customfield id="customfield_12310220" key="com.atlassian.jira.ext.charting:firstresponsedate">
                        <customfieldname>Date of First Response</customfieldname>
                        <customfieldvalues>
                            <customfieldvalue>Wed, 6 Oct 2004 18:56:21 +0000</customfieldvalue>

                        </customfieldvalues>
                    </customfield>
                                                                                                                                                                                                            <customfield id="customfield_12310420" key="com.pyxis.greenhopper.jira:gh-global-rank">
                        <customfieldname>Global Rank</customfieldname>
                        <customfieldvalues>
                            <customfieldvalue>48832</customfieldvalue>
                        </customfieldvalues>
                    </customfield>
                                                                                            <customfield id="customfield_12311820" key="com.pyxis.greenhopper.jira:gh-lexo-rank">
                        <customfieldname>Rank</customfieldname>
                        <customfieldvalues>
                            <customfieldvalue>2|hyno27:</customfieldvalue>

                        </customfieldvalues>
                    </customfield>
                                                                <customfield id="customfield_12310920" key="com.pyxis.greenhopper.jira:gh-global-rank">
                        <customfieldname>Rank (Obsolete)</customfieldname>
                        <customfieldvalues>
                            <customfieldvalue>172085</customfieldvalue>
                        </customfieldvalues>
                    </customfield>
                                                                                                                                                    <customfield id="customfield_12310222" key="com.atlassian.jira.ext.charting:timeinstatus">
                        <customfieldname>Time in Status</customfieldname>
                        <customfieldvalues>
                            
                        </customfieldvalues>
                    </customfield>
                                    </customfields>
    </item>

<item>
            <title>[AMQ-94] exception listener does not appear to be working properly</title>
                <link>https://issues.apache.org/jira/browse/AMQ-94</link>
                <project id="12311210" key="AMQ">ActiveMQ</project>
                    <description></description>
                <environment></environment>
        <key id="12481293">AMQ-94</key>
            <summary>exception listener does not appear to be working properly</summary>
                <type id="1" iconUrl="https://issues.apache.org/jira/images/icons/issuetypes/bug.png">Bug</type>
                                            <priority id="3" iconUrl="https://issues.apache.org/jira/images/icons/priorities/major.png">Major</priority>
                        <status id="6" iconUrl="https://issues.apache.org/jira/images/icons/statuses/closed.png" description="The issue is considered finished, the resolution is correct. Issues which are closed can be reopened.">Closed</status>
                    <statusCategory id="3" key="done" colorName="green"/>
                                    <resolution id="1">Fixed</resolution>
                                        <assignee username="-1">Unassigned</assignee>
                                    <reporter username="jstrachan">james strachan</reporter>
                        <labels>
                    </labels>
                <created>Tue, 28 Sep 2004 16:20:39 +0100</created>
                <updated>Tue, 28 Sep 2004 16:55:14 +0100</updated>
                            <resolved>Tue, 28 Sep 2004 16:55:14 +0100</resolved>
                                                    <fixVersion>1.1</fixVersion>
                                    <component>JMS client</component>
                        <due></due>
                            <votes>0</votes>
                                    <watches>0</watches>
                                                                        <attachments>
                    </attachments>
                <subtasks>
                    </subtasks>
                <customfields>
                                                <customfield id="customfield_12310310" key="com.atlassian.jira.toolkit:attachments">
                        <customfieldname>Attachment count</customfieldname>
                        <customfieldvalues>
                            <customfieldvalue>0.0</customfieldvalue>
                        </customfieldvalues>
                    </customfield>
                                                                                                                                                                                                                                                                                                <customfield id="customfield_12310420" key="com.pyxis.greenhopper.jira:gh-global-rank">
                        <customfieldname>Global Rank</customfieldname>
                        <customfieldvalues>
                            <customfieldvalue>48833</customfieldvalue>
                        </customfieldvalues>
                    </customfield>
                                                                                            <customfield id="customfield_12311820" key="com.pyxis.greenhopper.jira:gh-lexo-rank">
                        <customfieldname>Rank</customfieldname>
                        <customfieldvalues>
                            <customfieldvalue>2|hynmxj:</customfieldvalue>

                        </customfieldvalues>
                    </customfield>
                                                                <customfield id="customfield_12310920" key="com.pyxis.greenhopper.jira:gh-global-rank">
                        <customfieldname>Rank (Obsolete)</customfieldname>
                        <customfieldvalues>
                            <customfieldvalue>171902</customfieldvalue>
                        </customfieldvalues>
                    </customfield>
                                                                                                                                                    <customfield id="customfield_12310222" key="com.atlassian.jira.ext.charting:timeinstatus">
                        <customfieldname>Time in Status</customfieldname>
                        <customfieldvalues>
                            
                        </customfieldvalues>
                    </customfield>
                                    </customfields>
    </item>

<item>
            <title>[AMQ-96] TcpTransportChannels will always time out on receive after 5 seconds</title>
                <link>https://issues.apache.org/jira/browse/AMQ-96</link>
                <project id="12311210" key="AMQ">ActiveMQ</project>
                    <description>&lt;p&gt;When sockets are initialised in TcpTransportChannel their timeout is set to SO_TIMEOUT (5000 millis). In the read loop in run(), it seems like this timeout is supposed to be set to infinite once the connection is established. This is reasonable since clients can subscribe to an empty destination for days without any traffic and there&apos;s no ping in the protocol. The timeout will be changed if the changeTimeout flag is set but there is no code setting this flag anywhere. &lt;/p&gt;

&lt;p&gt;This means that all connections idle more than 5 seconds will time out. This in combination with &lt;a href=&quot;https://issues.apache.org/jira/browse/AMQ-95&quot; title=&quot;CompositeTransportChannel should retry all entries in the URI list until it times out&quot; class=&quot;issue-link&quot; data-issue-key=&quot;AMQ-95&quot;&gt;&lt;del&gt;AMQ-95&lt;/del&gt;&lt;/a&gt; will render all connections (even HA) unusable after as they will time out and never be reused. &lt;img class=&quot;emoticon&quot; src=&quot;https://issues.apache.org/jira/images/icons/emoticons/smile.gif&quot; height=&quot;16&quot; width=&quot;16&quot; align=&quot;absmiddle&quot; alt=&quot;&quot; border=&quot;0&quot;/&gt;&lt;/p&gt;</description>
                <environment></environment>
        <key id="12481259">AMQ-96</key>
            <summary>TcpTransportChannels will always time out on receive after 5 seconds</summary>
                <type id="1" iconUrl="https://issues.apache.org/jira/images/icons/issuetypes/bug.png">Bug</type>
                                            <priority id="3" iconUrl="https://issues.apache.org/jira/images/icons/priorities/major.png">Major</priority>
                        <status id="5" iconUrl="https://issues.apache.org/jira/images/icons/statuses/resolved.png" description="A resolution has been taken, and it is awaiting verification by reporter. From here issues are either reopened, or are closed.">Resolved</status>
                    <statusCategory id="3" key="done" colorName="green"/>
                                    <resolution id="1">Fixed</resolution>
                                        <assignee username="stewie">Stewie</assignee>
                                    <reporter username="daggerrz">Dag Liodden</reporter>
                        <labels>
                    </labels>
                <created>Wed, 29 Sep 2004 15:24:09 +0100</created>
                <updated>Thu, 30 Sep 2004 16:24:54 +0100</updated>
                            <resolved>Thu, 30 Sep 2004 16:24:54 +0100</resolved>
                                    <version>1.1</version>
                                    <fixVersion>1.1</fixVersion>
                                    <component>Transport</component>
                        <due></due>
                            <votes>0</votes>
                                    <watches>1</watches>
                                                                <comments>
                            <comment id="12937065" author="jstrachan" created="Wed, 29 Sep 2004 15:52:39 +0100"  >&lt;p&gt;Fancy taking a stab at this? Maybe we need a ping protocol?&lt;/p&gt;</comment>
                            <comment id="12937165" author="daggerrz" created="Thu, 30 Sep 2004 11:06:47 +0100"  >&lt;p&gt;Sure, I&apos;ll take a look. &lt;img class=&quot;emoticon&quot; src=&quot;https://issues.apache.org/jira/images/icons/emoticons/smile.gif&quot; height=&quot;16&quot; width=&quot;16&quot; align=&quot;absmiddle&quot; alt=&quot;&quot; border=&quot;0&quot;/&gt;&lt;/p&gt;</comment>
                            <comment id="12937066" author="stewie" created="Thu, 30 Sep 2004 11:43:31 +0100"  >&lt;p&gt;The problem isn&apos;t the timeout per say - it&apos;s the fact the exception is dispatched to the BrokerClient which then assumes it&apos;s a genuine transport error - and closes &lt;/p&gt;</comment>
                            <comment id="12937193" author="daggerrz" created="Thu, 30 Sep 2004 12:05:21 +0100"  >&lt;p&gt;I realise that comment probably was for Stewie, but I have some thoughts on this matter too. &lt;img class=&quot;emoticon&quot; src=&quot;https://issues.apache.org/jira/images/icons/emoticons/smile.gif&quot; height=&quot;16&quot; width=&quot;16&quot; align=&quot;absmiddle&quot; alt=&quot;&quot; border=&quot;0&quot;/&gt;&lt;/p&gt;

&lt;p&gt;1. Is a ping protocol necessary?&lt;br/&gt;
I think so. If something in the receive thread breaks and leaves the socket open or if something goes wrong on one end of a NATted / port forwarded connection it won&apos;t be detected - at least not while there&apos;s no other activity. Pinging will proactively ensure that the application level is working.&lt;/p&gt;

&lt;p&gt;2. Which component&apos;s concern is pinging?&lt;br/&gt;
The concept of &quot;pinging&quot; is probably not a common concern for all transport channels (e.g mutlicast and jgroups?) and even if it seems logical to let ReliableTransportChannel take care of managing the keep-alive, I think it will be much easier to implement this on the TcpTransportChannel level. It will just be a matter of sending a ping packet the first time the socket read times out and fail if the second read also times out. &lt;/p&gt;

&lt;p&gt;Receiving a ping response packet over a WireFormat will require changes in the current WireFormat implementations and the Packet class as a new Packet type will be required. Perhaps adding a simple WIRE_SPECIFIC_PACKET type with unparsed binary content could future proof other link specific needs?&lt;/p&gt;</comment>
                    </comments>
                    <attachments>
                    </attachments>
                <subtasks>
                    </subtasks>
                <customfields>
                                                <customfield id="customfield_12310310" key="com.atlassian.jira.toolkit:attachments">
                        <customfieldname>Attachment count</customfieldname>
                        <customfieldvalues>
                            <customfieldvalue>0.0</customfieldvalue>
                        </customfieldvalues>
                    </customfield>
                                                                                                                        <customfield id="customfield_12310220" key="com.atlassian.jira.ext.charting:firstresponsedate">
                        <customfieldname>Date of First Response</customfieldname>
                        <customfieldvalues>
                            <customfieldvalue>Wed, 29 Sep 2004 14:52:39 +0000</customfieldvalue>

                        </customfieldvalues>
                    </customfield>
                                                                                                                                                                                                            <customfield id="customfield_12310420" key="com.pyxis.greenhopper.jira:gh-global-rank">
                        <customfieldname>Global Rank</customfieldname>
                        <customfieldvalues>
                            <customfieldvalue>48835</customfieldvalue>
                        </customfieldvalues>
                    </customfield>
                                                                                            <customfield id="customfield_12311820" key="com.pyxis.greenhopper.jira:gh-lexo-rank">
                        <customfieldname>Rank</customfieldname>
                        <customfieldvalues>
                            <customfieldvalue>2|hylx0v:</customfieldvalue>

                        </customfieldvalues>
                    </customfield>
                                                                <customfield id="customfield_12310920" key="com.pyxis.greenhopper.jira:gh-global-rank">
                        <customfieldname>Rank (Obsolete)</customfieldname>
                        <customfieldvalues>
                            <customfieldvalue>161872</customfieldvalue>
                        </customfieldvalues>
                    </customfield>
                                                                                                                                                    <customfield id="customfield_12310222" key="com.atlassian.jira.ext.charting:timeinstatus">
                        <customfieldname>Time in Status</customfieldname>
                        <customfieldvalues>
                            
                        </customfieldvalues>
                    </customfield>
                                    </customfields>
    </item>

<item>
            <title>[AMQ-99] ConnectionInfo is not resent on reconnect leaving subscriptions dead</title>
                <link>https://issues.apache.org/jira/browse/AMQ-99</link>
                <project id="12311210" key="AMQ">ActiveMQ</project>
                    <description>&lt;p&gt;When ActiveMQConnection.reconnect() is called after the transport channel is reconnected, sendConnectionInfoToBroker() is called to reinitialise the connection with the broker. This method checks if the connection info has already been sent by checking isConnectionInfoSentToBroker and silently avoid sending the information is the flag i set. This means that the connection won&apos;t be initialised correctly and no messages will be delivered to the connection. &lt;/p&gt;

&lt;p&gt;The problem can be solved by adding &lt;/p&gt;

&lt;p&gt;  isConnectionInfoSentToBroker = false;&lt;/p&gt;

&lt;p&gt;before &lt;/p&gt;

&lt;p&gt;  sendConnectionInfoToBroker();&lt;/p&gt;

&lt;p&gt;in doReconnect().&lt;/p&gt;

&lt;p&gt;The problem can be reproduces by starting a broker and a consumer with a reliable tcp connection, kill and restart the broker and then send some messages to the consumer (they won&apos;t be correctly dispatched).&lt;/p&gt;</description>
                <environment></environment>
        <key id="12481296">AMQ-99</key>
            <summary>ConnectionInfo is not resent on reconnect leaving subscriptions dead</summary>
                <type id="1" iconUrl="https://issues.apache.org/jira/images/icons/issuetypes/bug.png">Bug</type>
                                            <priority id="2" iconUrl="https://issues.apache.org/jira/images/icons/priorities/critical.png">Critical</priority>
                        <status id="6" iconUrl="https://issues.apache.org/jira/images/icons/statuses/closed.png" description="The issue is considered finished, the resolution is correct. Issues which are closed can be reopened.">Closed</status>
                    <statusCategory id="3" key="done" colorName="green"/>
                                    <resolution id="1">Fixed</resolution>
                                        <assignee username="stewie">Stewie</assignee>
                                    <reporter username="daggerrz">Dag Liodden</reporter>
                        <labels>
                    </labels>
                <created>Thu, 30 Sep 2004 18:26:02 +0100</created>
                <updated>Thu, 3 Feb 2005 10:44:57 +0000</updated>
                            <resolved>Wed, 6 Oct 2004 19:54:25 +0100</resolved>
                                    <version>1.1</version>
                                    <fixVersion>2.0</fixVersion>
                                    <component>Transport</component>
                        <due></due>
                            <votes>0</votes>
                                    <watches>0</watches>
                                                                <comments>
                            <comment id="12936734" author="jstrachan" created="Mon, 4 Oct 2004 13:13:46 +0100"  >&lt;p&gt;I thought you&apos;d fixed this one - couldn&apos;t remember&lt;/p&gt;</comment>
                            <comment id="12936262" author="stewie" created="Wed, 6 Oct 2004 19:54:25 +0100"  >&lt;p&gt;This now done - there is a usecase to test this&lt;/p&gt;</comment>
                    </comments>
                    <attachments>
                    </attachments>
                <subtasks>
                    </subtasks>
                <customfields>
                                                <customfield id="customfield_12310310" key="com.atlassian.jira.toolkit:attachments">
                        <customfieldname>Attachment count</customfieldname>
                        <customfieldvalues>
                            <customfieldvalue>0.0</customfieldvalue>
                        </customfieldvalues>
                    </customfield>
                                                                                                                        <customfield id="customfield_12310220" key="com.atlassian.jira.ext.charting:firstresponsedate">
                        <customfieldname>Date of First Response</customfieldname>
                        <customfieldvalues>
                            <customfieldvalue>Mon, 4 Oct 2004 12:13:46 +0000</customfieldvalue>

                        </customfieldvalues>
                    </customfield>
                                                                                                                                                                                                            <customfield id="customfield_12310420" key="com.pyxis.greenhopper.jira:gh-global-rank">
                        <customfieldname>Global Rank</customfieldname>
                        <customfieldvalues>
                            <customfieldvalue>48838</customfieldvalue>
                        </customfieldvalues>
                    </customfield>
                                                                                            <customfield id="customfield_12311820" key="com.pyxis.greenhopper.jira:gh-lexo-rank">
                        <customfieldname>Rank</customfieldname>
                        <customfieldvalues>
                            <customfieldvalue>2|hynmvj:</customfieldvalue>

                        </customfieldvalues>
                    </customfield>
                                                                <customfield id="customfield_12310920" key="com.pyxis.greenhopper.jira:gh-global-rank">
                        <customfieldname>Rank (Obsolete)</customfieldname>
                        <customfieldvalues>
                            <customfieldvalue>171893</customfieldvalue>
                        </customfieldvalues>
                    </customfield>
                                                                                                                                                    <customfield id="customfield_12310222" key="com.atlassian.jira.ext.charting:timeinstatus">
                        <customfieldname>Time in Status</customfieldname>
                        <customfieldvalues>
                            
                        </customfieldvalues>
                    </customfield>
                                    </customfields>
    </item>
</channel>
</rss>
