<!--
RSS generated by JIRA (7.6.3#76005-sha1:8a4e38d34af948780dbf52044e7aafb13a7cae58) at Fri Apr 05 23:49:51 UTC 2019

It is possible to restrict the fields that are returned in this document by specifying the 'field' parameter in your request.
For example, to request only the issue key and summary append 'field=key&field=summary' to the URL of your request.
-->
<!-- If you wish to do custom client-side styling of RSS, uncomment this:
<?xml-stylesheet href="https://issues.apache.org/jira/styles/jiraxml2html.xsl" type="text/xsl"?>
-->
<rss version="0.92">
    <channel>
        <title>ASF JIRA</title>
        <link>https://issues.apache.org/jira/issues/?jql=project+%3D+AMQ+AND+issuetype+%3D+Bug+AND+created+%3E%3D+2017-12-01+AND+created+%3C%3D+2018-01-01</link>
        <description>An XML representation of a search request</description>
                <language>en-uk</language>
                        <issue start="0" end="7" total="7"/>
                <build-info>
            <version>7.6.3</version>
            <build-number>76005</build-number>
            <build-date>09-01-2018</build-date>
        </build-info>

<item>
            <title>[AMQ-6878] backward compatibility issues consumer [ 5.8.0 ] -&gt; AMQ broker [5.12.3 ]</title>
                <link>https://issues.apache.org/jira/browse/AMQ-6878</link>
                <project id="12311210" key="AMQ">ActiveMQ</project>
                    <description>&lt;p&gt;Our client is in 5.8.0 version of ACtiveMQ, where as broker is moved to 5.12.3 version. Now consumer is not receiving messages. &lt;/p&gt;

&lt;p&gt;We found similar AMQ defect, however solution is not provided  :&lt;/p&gt;

&lt;p&gt;&lt;a href=&quot;https://issues.apache.org/jira/browse/AMQ-5023&quot; class=&quot;external-link&quot; rel=&quot;nofollow&quot;&gt;https://issues.apache.org/jira/browse/AMQ-5023&lt;/a&gt;&lt;/p&gt;

&lt;p&gt;We found that org.apache.activemq.command.Message.java - introduced new field  jmsXGroupFirstForConsumer. There are some other reasons also. &lt;br/&gt;
So can you please provide us any patch on 5.8.0 or lower versions of AMQ to consume message of AMQ 5.9 &amp;lt;= versions.&lt;/p&gt;

&lt;p&gt;If we are using 5.15.2 broker, then on consumer [ 5.8.0 with jdk 1.6] side we are getting below :&lt;/p&gt;

&lt;p&gt;Exception in thread &quot;ActiveMQ Transport: HTTP Reader &lt;a href=&quot;http://localhost:22001&quot; class=&quot;external-link&quot; rel=&quot;nofollow&quot;&gt;http://localhost:22001&lt;/a&gt;&quot; com.thoughtworks.xstream.converters.reflection.AbstractReflectionConverter$UnknownFieldException: No such field org.apache.activemq.command.ActiveMQObjectMessage.jmsXGroupFirstForConsumer&lt;br/&gt;
---- Debugging information ----&lt;br/&gt;
field               : jmsXGroupFirstForConsumer&lt;br/&gt;
class               : org.apache.activemq.command.ActiveMQObjectMessage&lt;br/&gt;
required-type       : org.apache.activemq.command.ActiveMQObjectMessage&lt;br/&gt;
converter-type      : com.thoughtworks.xstream.converters.reflection.ReflectionConverter&lt;br/&gt;
path                : /org.apache.activemq.command.MessageDispatch/message/jmsXGroupFirstForConsumer&lt;br/&gt;
line number         : 49&lt;br/&gt;
class&lt;span class=&quot;error&quot;&gt;&amp;#91;1&amp;#93;&lt;/span&gt;            : org.apache.activemq.command.MessageDispatch&lt;br/&gt;
version             : null&lt;br/&gt;
-------------------------------&lt;br/&gt;
	at com.thoughtworks.xstream.converters.reflection.AbstractReflectionConverter.determineType(AbstractReflectionConverter.java:453)&lt;br/&gt;
	at com.thoughtworks.xstream.converters.reflection.AbstractReflectionConverter.doUnmarshal(AbstractReflectionConverter.java:294)&lt;br/&gt;
	at com.thoughtworks.xstream.converters.reflection.AbstractReflectionConverter.unmarshal(AbstractReflectionConverter.java:234)&lt;br/&gt;
	at com.thoughtworks.xstream.core.TreeUnmarshaller.convert(TreeUnmarshaller.java:72)&lt;br/&gt;
	at com.thoughtworks.xstream.core.AbstractReferenceUnmarshaller.convert(AbstractReferenceUnmarshaller.java:65)&lt;br/&gt;
	at com.thoughtworks.xstream.core.TreeUnmarshaller.convertAnother(TreeUnmarshaller.java:66)&lt;br/&gt;
	at com.thoughtworks.xstream.converters.reflection.AbstractReflectionConverter.unmarshallField(AbstractReflectionConverter.java:355)&lt;br/&gt;
	at com.thoughtworks.xstream.converters.reflection.AbstractReflectionConverter.doUnmarshal(AbstractReflectionConverter.java:306)&lt;br/&gt;
	at com.thoughtworks.xstream.converters.reflection.AbstractReflectionConverter.unmarshal(AbstractReflectionConverter.java:234)&lt;br/&gt;
	at com.thoughtworks.xstream.core.TreeUnmarshaller.convert(TreeUnmarshaller.java:72)&lt;br/&gt;
	at com.thoughtworks.xstream.core.AbstractReferenceUnmarshaller.convert(AbstractReferenceUnmarshaller.java:65)&lt;br/&gt;
	at com.thoughtworks.xstream.core.TreeUnmarshaller.convertAnother(TreeUnmarshaller.java:66)&lt;br/&gt;
	at com.thoughtworks.xstream.core.TreeUnmarshaller.convertAnother(TreeUnmarshaller.java:50)&lt;br/&gt;
	at com.thoughtworks.xstream.core.TreeUnmarshaller.start(TreeUnmarshaller.java:134)&lt;br/&gt;
	at com.thoughtworks.xstream.core.AbstractTreeMarshallingStrategy.unmarshal(AbstractTreeMarshallingStrategy.java:32)&lt;br/&gt;
	at com.thoughtworks.xstream.XStream.unmarshal(XStream.java:1058)&lt;br/&gt;
	at com.thoughtworks.xstream.XStream.unmarshal(XStream.java:1042)&lt;br/&gt;
	at com.thoughtworks.xstream.XStream.fromXML(XStream.java:913)&lt;br/&gt;
	at com.thoughtworks.xstream.XStream.fromXML(XStream.java:904)&lt;br/&gt;
	at org.apache.activemq.transport.xstream.XStreamWireFormat.unmarshalText(XStreamWireFormat.java:53)&lt;br/&gt;
	at org.apache.activemq.transport.util.TextWireFormat.unmarshal(TextWireFormat.java:56)&lt;br/&gt;
	at org.apache.activemq.transport.http.HttpClientTransport.run(HttpClientTransport.java:190)&lt;br/&gt;
	at java.lang.Thread.run(Thread.java:682)&lt;/p&gt;</description>
                <environment></environment>
        <key id="13127648">AMQ-6878</key>
            <summary>backward compatibility issues consumer [ 5.8.0 ] -&gt; AMQ broker [5.12.3 ]</summary>
                <type id="1" iconUrl="https://issues.apache.org/jira/secure/viewavatar?size=xsmall&amp;avatarId=21133&amp;avatarType=issuetype">Bug</type>
                                            <priority id="3" iconUrl="https://issues.apache.org/jira/images/icons/priorities/major.svg">Major</priority>
                        <status id="6" iconUrl="https://issues.apache.org/jira/images/icons/statuses/closed.png" description="The issue is considered finished, the resolution is correct. Issues which are not closed can be reopened.">Closed</status>
                    <statusCategory id="3" key="done" colorName="green"/>
                                    <resolution id="2">Won&apos;t Fix</resolution>
                                        <assignee username="-1">Unassigned</assignee>
                                    <reporter username="RajeshMalla">Rajesh Malla</reporter>
                        <labels>
                    </labels>
                <created>Fri, 29 Dec 2017 09:06:28 +0000</created>
                <updated>Fri, 29 Dec 2017 13:34:44 +0000</updated>
                            <resolved>Fri, 29 Dec 2017 13:34:44 +0000</resolved>
                                    <version>5.8.0</version>
                                                    <component>AMQP</component>
                    <component>JMS client</component>
                        <due></due>
                            <votes>0</votes>
                                    <watches>2</watches>
                                                                <comments>
                            <comment id="16306277" author="tabish121" created="Fri, 29 Dec 2017 13:34:44 +0000"  >&lt;p&gt;This is not a supported configuration.  You need to upgrade to the latest release (or at least the same release) on both client and broker if using the HTTP transport, mixed openwire versions don&apos;t work across the HTTP transport.  &lt;/p&gt;</comment>
                    </comments>
                    <attachments>
                            <attachment id="12903996" name="SimpleJMS.java" size="3139" author="RajeshMalla" created="Fri, 29 Dec 2017 09:04:27 +0000"/>
                            <attachment id="12903995" name="pom.xml" size="1610" author="RajeshMalla" created="Fri, 29 Dec 2017 09:04:35 +0000"/>
                    </attachments>
                <subtasks>
                    </subtasks>
                <customfields>
                                                <customfield id="customfield_12310310" key="com.atlassian.jira.toolkit:attachments">
                        <customfieldname>Attachment count</customfieldname>
                        <customfieldvalues>
                            <customfieldvalue>2.0</customfieldvalue>
                        </customfieldvalues>
                    </customfield>
                                                                                                                                                                                                                                                                                                                                                                                                                                                                                                                                                                                        <customfield id="customfield_12310220" key="com.atlassian.jira.ext.charting:firstresponsedate">
                        <customfieldname>Date of First Response</customfieldname>
                        <customfieldvalues>
                            <customfieldvalue>Fri, 29 Dec 2017 13:34:44 +0000</customfieldvalue>

                        </customfieldvalues>
                    </customfield>
                                                                                                                        <customfield id="customfield_12313422" key="com.atlassian.jirafisheyeplugin:jobcheckbox">
                        <customfieldname>Enable Automatic Patch Review</customfieldname>
                        <customfieldvalues>
                            <customfieldvalue><![CDATA[false]]></customfieldvalue>

                        </customfieldvalues>
                    </customfield>
                                                                                                                                                                                                                                                                                                                                                                                                                                                                                                    <customfield id="customfield_12310420" key="com.pyxis.greenhopper.jira:gh-global-rank">
                        <customfieldname>Global Rank</customfieldname>
                        <customfieldvalues>
                            <customfieldvalue>9223372036854775807</customfieldvalue>
                        </customfieldvalues>
                    </customfield>
                                                                                                                        <customfield id="customfield_12312521" key="com.atlassian.jira.toolkit:LastCommentDate">
                        <customfieldname>Last public comment date</customfieldname>
                        <customfieldvalues>
                            1 year, 14 weeks ago
                        </customfieldvalues>
                    </customfield>
                                                                                                                                                                                <customfield id="customfield_12311820" key="com.pyxis.greenhopper.jira:gh-lexo-rank">
                        <customfieldname>Rank</customfieldname>
                        <customfieldvalues>
                            <customfieldvalue>0|i3od4v:</customfieldvalue>

                        </customfieldvalues>
                    </customfield>
                                                                <customfield id="customfield_12310920" key="com.pyxis.greenhopper.jira:gh-global-rank">
                        <customfieldname>Rank (Obsolete)</customfieldname>
                        <customfieldvalues>
                            <customfieldvalue>9223372036854775807</customfieldvalue>
                        </customfieldvalues>
                    </customfield>
                                                                                                                                                                                                                                                                                                                                                        <customfield id="customfield_12310222" key="com.atlassian.jira.ext.charting:timeinstatus">
                        <customfieldname>Time in Status</customfieldname>
                        <customfieldvalues>
                            
                        </customfieldvalues>
                    </customfield>
                                    </customfields>
    </item>


<item>
            <title>[AMQ-6877] http connector - queuePrefetch=0 not working</title>
                <link>https://issues.apache.org/jira/browse/AMQ-6877</link>
                <project id="12311210" key="AMQ">ActiveMQ</project>
                    <description>&lt;p&gt;We have activemq-broker running with 5.12.1 version, attached SimpleJMS.java &amp;amp; pom.xml [ uses 5.12.3 version of activemq-http, activemq-client].&lt;br/&gt;
In the broker activemq.xml - we have enabled http transport connector&lt;br/&gt;
&amp;lt;transportConnector name=&quot;http&quot; uri=&quot;http://0.0.0.0:22001&quot; /&amp;gt;&lt;/p&gt;

&lt;p&gt;Now&lt;br/&gt;
1) in our SimpleJMS.java - if we are removing &lt;br/&gt;
         ((ActiveMQConnection) connection).getPrefetchPolicy().setQueuePrefetch(0);&lt;br/&gt;
    then we are able to send &amp;amp; receive message successfully.&lt;br/&gt;
    If we are setting QueuePrefetch to 0 then Producer is sending message where as Consumer not receiving message &lt;img class=&quot;emoticon&quot; src=&quot;https://issues.apache.org/jira/images/icons/emoticons/sad.png&quot; height=&quot;16&quot; width=&quot;16&quot; align=&quot;absmiddle&quot; alt=&quot;&quot; border=&quot;0&quot;/&gt;&lt;/p&gt;

&lt;p&gt;same SimpleJMS with &amp;amp; without QueuePrefetch=0 is working properly with 5.8.0 version &amp;amp; 5.15.2 latest release.&lt;br/&gt;
all our activemq-http,activemq-client, broker all are in same version.&lt;br/&gt;
with 5.8.0 - we used jdk 1.6&lt;br/&gt;
with 5.15.2 - we used jdk 1.8&lt;br/&gt;
with 5.12.3&lt;span class=&quot;error&quot;&gt;&amp;#91;client&amp;#93;&lt;/span&gt; -&amp;gt; 5.12.1&lt;span class=&quot;error&quot;&gt;&amp;#91;broker&amp;#93;&lt;/span&gt; we tried jdk 1.8 &amp;amp; jdk 1.7 but no luck.&lt;/p&gt;</description>
                <environment></environment>
        <key id="13127508">AMQ-6877</key>
            <summary>http connector - queuePrefetch=0 not working</summary>
                <type id="1" iconUrl="https://issues.apache.org/jira/secure/viewavatar?size=xsmall&amp;avatarId=21133&amp;avatarType=issuetype">Bug</type>
                                            <priority id="3" iconUrl="https://issues.apache.org/jira/images/icons/priorities/major.svg">Major</priority>
                        <status id="6" iconUrl="https://issues.apache.org/jira/images/icons/statuses/closed.png" description="The issue is considered finished, the resolution is correct. Issues which are not closed can be reopened.">Closed</status>
                    <statusCategory id="3" key="done" colorName="green"/>
                                    <resolution id="3">Duplicate</resolution>
                                        <assignee username="-1">Unassigned</assignee>
                                    <reporter username="RajeshMalla">Rajesh Malla</reporter>
                        <labels>
                    </labels>
                <created>Thu, 28 Dec 2017 11:20:49 +0000</created>
                <updated>Mon, 1 Jan 2018 06:02:32 +0000</updated>
                            <resolved>Thu, 28 Dec 2017 19:35:54 +0000</resolved>
                                    <version>5.12.1</version>
                    <version>5.13.1</version>
                    <version>5.12.3</version>
                    <version>5.13.2</version>
                                    <fixVersion>5.15.1</fixVersion>
                                    <component>activemq-camel</component>
                    <component>JMS client</component>
                        <due></due>
                            <votes>0</votes>
                                    <watches>2</watches>
                                                                <comments>
                            <comment id="16305683" author="tabish121" created="Thu, 28 Dec 2017 19:35:54 +0000"  >&lt;p&gt;This was recently fixed, you need to move to 5.15.1 or later&lt;/p&gt;</comment>
                            <comment id="16305960" author="rajeshmalla" created="Fri, 29 Dec 2017 04:08:43 +0000"  >&lt;p&gt;Thank you Timothy Bish, we are using service mix which is tightly coupled with 5.12.3 version of AMQ. Can you please provide us any patch / work around [ any customizations/extending classes ] for this so that it is very helpful for us.&lt;/p&gt;</comment>
                            <comment id="16306274" author="tabish121" created="Fri, 29 Dec 2017 13:28:40 +0000"  >&lt;p&gt;That version of the broker is not longer supported by the community.  You could look at the resolution to the issue noted as the resolution and build your own broker with that commit applied.  &lt;/p&gt;</comment>
                            <comment id="16307371" author="rajeshmalla" created="Mon, 1 Jan 2018 06:02:32 +0000"  >&lt;p&gt;Thank you for suggestion, we found change-set for : &lt;a href=&quot;https://issues.apache.org/jira/browse/AMQ-6823&quot; class=&quot;external-link&quot; rel=&quot;nofollow&quot;&gt;https://issues.apache.org/jira/browse/AMQ-6823&lt;/a&gt; this is &lt;br/&gt;
&lt;a href=&quot;https://git-wip-us.apache.org/repos/asf?p=activemq.git;a=blobdiff;f=activemq-client/src/main/java/org/apache/activemq/command/MessagePull.java;h=aa5a279e071c66c53ed83d966915df6d877600e5;hp=57a25f987a1f7d7551cc705e7cf1d471271ce199;hb=eccbd75;hpb=e2eabeb1c2a8234d2763238eae8a2a143e1860a6&quot; class=&quot;external-link&quot; rel=&quot;nofollow&quot;&gt;https://git-wip-us.apache.org/repos/asf?p=activemq.git;a=blobdiff;f=activemq-client/src/main/java/org/apache/activemq/command/MessagePull.java;h=aa5a279e071c66c53ed83d966915df6d877600e5;hp=57a25f987a1f7d7551cc705e7cf1d471271ce199;hb=eccbd75;hpb=e2eabeb1c2a8234d2763238eae8a2a143e1860a6&lt;/a&gt;&lt;/p&gt;

&lt;p&gt;which is only on MessagePull.java - [ &lt;b&gt;implements TransientInitializer &amp;amp; override of initTransients method&lt;/b&gt; ]&lt;br/&gt;
so we just want to confirm whether this is the only changeset or any other ? If there are other changes can you please share us that commit set.&lt;/p&gt;</comment>
                    </comments>
                <issuelinks>
                            <issuelinktype id="12310000">
                    <name>Duplicate</name>
                                            <outwardlinks description="duplicates">
                                        <issuelink>
            <issuekey id="13104782">AMQ-6823</issuekey>
        </issuelink>
                            </outwardlinks>
                                                        </issuelinktype>
                    </issuelinks>
                <attachments>
                            <attachment id="12903893" name="SimpleJMS.java" size="3031" author="RajeshMalla" created="Thu, 28 Dec 2017 11:11:22 +0000"/>
                            <attachment id="12903892" name="pom.xml" size="1612" author="RajeshMalla" created="Thu, 28 Dec 2017 11:11:22 +0000"/>
                    </attachments>
                <subtasks>
                    </subtasks>
                <customfields>
                                                <customfield id="customfield_12310310" key="com.atlassian.jira.toolkit:attachments">
                        <customfieldname>Attachment count</customfieldname>
                        <customfieldvalues>
                            <customfieldvalue>2.0</customfieldvalue>
                        </customfieldvalues>
                    </customfield>
                                                                                                                                                                                                                                                                                                                                                                                                                                                                                                                                                                                        <customfield id="customfield_12310220" key="com.atlassian.jira.ext.charting:firstresponsedate">
                        <customfieldname>Date of First Response</customfieldname>
                        <customfieldvalues>
                            <customfieldvalue>Thu, 28 Dec 2017 19:35:54 +0000</customfieldvalue>

                        </customfieldvalues>
                    </customfield>
                                                                                                                        <customfield id="customfield_12313422" key="com.atlassian.jirafisheyeplugin:jobcheckbox">
                        <customfieldname>Enable Automatic Patch Review</customfieldname>
                        <customfieldvalues>
                            <customfieldvalue><![CDATA[false]]></customfieldvalue>

                        </customfieldvalues>
                    </customfield>
                                                                                                                                                                                                                                                                                                                                                                                                                                                                                                    <customfield id="customfield_12310420" key="com.pyxis.greenhopper.jira:gh-global-rank">
                        <customfieldname>Global Rank</customfieldname>
                        <customfieldvalues>
                            <customfieldvalue>9223372036854775807</customfieldvalue>
                        </customfieldvalues>
                    </customfield>
                                                                                                                        <customfield id="customfield_12312521" key="com.atlassian.jira.toolkit:LastCommentDate">
                        <customfieldname>Last public comment date</customfieldname>
                        <customfieldvalues>
                            1 year, 13 weeks, 4 days ago
                        </customfieldvalues>
                    </customfield>
                                                                                                                                                                                <customfield id="customfield_12311820" key="com.pyxis.greenhopper.jira:gh-lexo-rank">
                        <customfieldname>Rank</customfieldname>
                        <customfieldvalues>
                            <customfieldvalue>0|i3oc9r:</customfieldvalue>

                        </customfieldvalues>
                    </customfield>
                                                                <customfield id="customfield_12310920" key="com.pyxis.greenhopper.jira:gh-global-rank">
                        <customfieldname>Rank (Obsolete)</customfieldname>
                        <customfieldvalues>
                            <customfieldvalue>9223372036854775807</customfieldvalue>
                        </customfieldvalues>
                    </customfield>
                                                                                                                                                                                                                                                                                                                                                        <customfield id="customfield_12310222" key="com.atlassian.jira.ext.charting:timeinstatus">
                        <customfieldname>Time in Status</customfieldname>
                        <customfieldvalues>
                            
                        </customfieldvalues>
                    </customfield>
                                    </customfields>
    </item>


<item>
            <title>[AMQ-6876] Project website does not render correctly over HTTPS in Firefox</title>
                <link>https://issues.apache.org/jira/browse/AMQ-6876</link>
                <project id="12311210" key="AMQ">ActiveMQ</project>
                    <description>&lt;p&gt;Compare &lt;a href=&quot;https://activemq.apache.org/mailing-lists.html&quot; class=&quot;external-link&quot; rel=&quot;nofollow&quot;&gt;https://activemq.apache.org/mailing-lists.html&lt;/a&gt; (wrong)&lt;br/&gt;
and &lt;a href=&quot;http://activemq.apache.org/mailing-lists.html&quot; class=&quot;external-link&quot; rel=&quot;nofollow&quot;&gt;http://activemq.apache.org/mailing-lists.html&lt;/a&gt; (correct).&lt;/p&gt;

&lt;p&gt;The HTTPS version is missing CSS styles.&lt;/p&gt;

&lt;p&gt;Browser log:&lt;/p&gt;

&lt;div class=&quot;code panel&quot; style=&quot;border-width: 1px;&quot;&gt;&lt;div class=&quot;codeContent panelContent&quot;&gt;
&lt;pre class=&quot;code-java&quot;&gt;
Blocked loading mixed active content &#8220;http:&lt;span class=&quot;code-comment&quot;&gt;//activemq.apache.org/styles/site.css&#8221;
&lt;/span&gt;[Learn More]
mailing-lists.html
Blocked loading mixed active content &#8220;http:&lt;span class=&quot;code-comment&quot;&gt;//activemq.apache.org/styles/type-settings.css&#8221;
&lt;/span&gt;[Learn More]
mailing-lists.html
Blocked loading mixed active content &#8220;http:&lt;span class=&quot;code-comment&quot;&gt;//activemq.apache.org/styles/prototype.js&#8221;
&lt;/span&gt;[Learn More]
mailing-lists.html
Blocked loading mixed active content &#8220;http:&lt;span class=&quot;code-comment&quot;&gt;//activemq.apache.org/styles/rico.js&#8221;
&lt;/span&gt;[Learn More]
mailing-lists.html
Blocked loading mixed active content &#8220;http:&lt;span class=&quot;code-comment&quot;&gt;//activemq.apache.org/styles/site.js&#8221;
&lt;/span&gt;[Learn More]
mailing-lists.html
Blocked loading mixed active content &#8220;http:&lt;span class=&quot;code-comment&quot;&gt;//activemq.apache.org/styles/site.css&#8221;
&lt;/span&gt;[Learn More]
mailing-lists.html
Blocked loading mixed active content &#8220;http:&lt;span class=&quot;code-comment&quot;&gt;//activemq.apache.org/styles/type-settings.css&#8221;
&lt;/span&gt;[Learn More]
mailing-lists.html
Blocked loading mixed active content &#8220;http:&lt;span class=&quot;code-comment&quot;&gt;//activemq.apache.org/styles/prototype.js&#8221;
&lt;/span&gt;[Learn More]
mailing-lists.html
Loading failed &lt;span class=&quot;code-keyword&quot;&gt;for&lt;/span&gt; the &amp;lt;script&amp;gt; with source &#8220;http:&lt;span class=&quot;code-comment&quot;&gt;//activemq.apache.org/styles/prototype.js&#8221;.
&lt;/span&gt;mailing-lists.html:23
Blocked loading mixed active content &#8220;http:&lt;span class=&quot;code-comment&quot;&gt;//activemq.apache.org/styles/rico.js&#8221;
&lt;/span&gt;[Learn More]
mailing-lists.html
Loading failed &lt;span class=&quot;code-keyword&quot;&gt;for&lt;/span&gt; the &amp;lt;script&amp;gt; with source &#8220;http:&lt;span class=&quot;code-comment&quot;&gt;//activemq.apache.org/styles/rico.js&#8221;.
&lt;/span&gt;mailing-lists.html:24
Blocked loading mixed active content &#8220;http:&lt;span class=&quot;code-comment&quot;&gt;//activemq.apache.org/styles/site.js&#8221;
&lt;/span&gt;[Learn More]
mailing-lists.html
Loading failed &lt;span class=&quot;code-keyword&quot;&gt;for&lt;/span&gt; the &amp;lt;script&amp;gt; with source &#8220;http:&lt;span class=&quot;code-comment&quot;&gt;//activemq.apache.org/styles/site.js&#8221;.
&lt;/span&gt;mailing-lists.html:25
The character encoding of the HTML document was not declared. The document will render with garbled text in some browser configurations &lt;span class=&quot;code-keyword&quot;&gt;if&lt;/span&gt; the document contains characters from outside the US-ASCII range. The character encoding of the page must be declared in the document or in the transfer protocol.
&lt;/pre&gt;
&lt;/div&gt;&lt;/div&gt;</description>
                <environment></environment>
        <key id="13126891">AMQ-6876</key>
            <summary>Project website does not render correctly over HTTPS in Firefox</summary>
                <type id="1" iconUrl="https://issues.apache.org/jira/secure/viewavatar?size=xsmall&amp;avatarId=21133&amp;avatarType=issuetype">Bug</type>
                                            <priority id="2" iconUrl="https://issues.apache.org/jira/images/icons/priorities/critical.svg">Critical</priority>
                        <status id="1" iconUrl="https://issues.apache.org/jira/images/icons/statuses/open.png" description="The issue is open and ready for the assignee to start work on it.">Open</status>
                    <statusCategory id="2" key="new" colorName="blue-gray"/>
                                    <resolution id="-1">Unresolved</resolution>
                                        <assignee username="-1">Unassigned</assignee>
                                    <reporter username="jdanek">Jiri Dan&#283;k</reporter>
                        <labels>
                    </labels>
                <created>Fri, 22 Dec 2017 20:46:35 +0000</created>
                <updated>Sun, 16 Sep 2018 11:54:32 +0000</updated>
                                                                            <component>Documentation</component>
                        <due></due>
                            <votes>1</votes>
                                    <watches>2</watches>
                                                                <comments>
                            <comment id="16616691" author="jgoodyear" created="Sun, 16 Sep 2018 11:54:32 +0000"  >&lt;p&gt;Looks like those resources are available via HTTPS.&lt;/p&gt;

&lt;p&gt;Not sure whom would have perms to setup the wiki to publish the site with HTTPS links enforced.&lt;br/&gt;
&lt;a href=&quot;https://wiki.apache.org/httpd/RewriteHTTPToHTTPS&quot; class=&quot;external-link&quot; rel=&quot;nofollow&quot;&gt;https://wiki.apache.org/httpd/RewriteHTTPToHTTPS&lt;/a&gt;&lt;/p&gt;</comment>
                    </comments>
                    <attachments>
                    </attachments>
                <subtasks>
                    </subtasks>
                <customfields>
                                                <customfield id="customfield_12310310" key="com.atlassian.jira.toolkit:attachments">
                        <customfieldname>Attachment count</customfieldname>
                        <customfieldvalues>
                            <customfieldvalue>0.0</customfieldvalue>
                        </customfieldvalues>
                    </customfield>
                                                                                                                                                                                                                                                                                                                                                                                                                                                                                                                                                                                        <customfield id="customfield_12310220" key="com.atlassian.jira.ext.charting:firstresponsedate">
                        <customfieldname>Date of First Response</customfieldname>
                        <customfieldvalues>
                            <customfieldvalue>Sun, 16 Sep 2018 11:54:32 +0000</customfieldvalue>

                        </customfieldvalues>
                    </customfield>
                                                                                                                        <customfield id="customfield_12313422" key="com.atlassian.jirafisheyeplugin:jobcheckbox">
                        <customfieldname>Enable Automatic Patch Review</customfieldname>
                        <customfieldvalues>
                            <customfieldvalue><![CDATA[false]]></customfieldvalue>

                        </customfieldvalues>
                    </customfield>
                                                                                                                                                                                                                                                                                                                                                                                                                                                                                                    <customfield id="customfield_12310420" key="com.pyxis.greenhopper.jira:gh-global-rank">
                        <customfieldname>Global Rank</customfieldname>
                        <customfieldvalues>
                            <customfieldvalue>9223372036854775807</customfieldvalue>
                        </customfieldvalues>
                    </customfield>
                                                                                                                        <customfield id="customfield_12312521" key="com.atlassian.jira.toolkit:LastCommentDate">
                        <customfieldname>Last public comment date</customfieldname>
                        <customfieldvalues>
                            28 weeks, 5 days ago
                        </customfieldvalues>
                    </customfield>
                                                                                                                                                                                <customfield id="customfield_12311820" key="com.pyxis.greenhopper.jira:gh-lexo-rank">
                        <customfieldname>Rank</customfieldname>
                        <customfieldvalues>
                            <customfieldvalue>0|i3o8h3:</customfieldvalue>

                        </customfieldvalues>
                    </customfield>
                                                                <customfield id="customfield_12310920" key="com.pyxis.greenhopper.jira:gh-global-rank">
                        <customfieldname>Rank (Obsolete)</customfieldname>
                        <customfieldvalues>
                            <customfieldvalue>9223372036854775807</customfieldvalue>
                        </customfieldvalues>
                    </customfield>
                                                                                                                                                                                                                                                                                                                                                        </customfields>
    </item>


<item>
            <title>[AMQ-6875] Virtual destination consumers can create invalid demand for Virtual Topics</title>
                <link>https://issues.apache.org/jira/browse/AMQ-6875</link>
                <project id="12311210" key="AMQ">ActiveMQ</project>
                    <description>&lt;p&gt;When testing out Virtual topics over a network bridge that has the virtual destination consumers feature enabled I noticed that the consumer advisories were wrong.  The destinations sent as part of the consumer advisories to create demand over the bridge are using the name of the Virtual Topic.  &lt;/p&gt;

&lt;p&gt;This is causing extra demand to flow across the network bridge in some cases because by default the VirtualTopic name is &quot;VirtualTopic.&amp;gt;&quot; .  So once one Virtual Topic is created on a remote broker then any messages sent to &quot;VirtualTopic.&amp;gt;&quot; on the local broker will be forwarded over to the other broker even if there is no VirtualTopic matching.&lt;/p&gt;

&lt;p&gt;The solution is to make sure to use the actual topic that the VirtualTopic is subscribed to as part of the advisory messags.&lt;/p&gt;</description>
                <environment></environment>
        <key id="13125040">AMQ-6875</key>
            <summary>Virtual destination consumers can create invalid demand for Virtual Topics</summary>
                <type id="1" iconUrl="https://issues.apache.org/jira/secure/viewavatar?size=xsmall&amp;avatarId=21133&amp;avatarType=issuetype">Bug</type>
                                            <priority id="3" iconUrl="https://issues.apache.org/jira/images/icons/priorities/major.svg">Major</priority>
                        <status id="5" iconUrl="https://issues.apache.org/jira/images/icons/statuses/resolved.png" description="A resolution has been taken, and it is awaiting verification by reporter. From here issues are either reopened, or are closed.">Resolved</status>
                    <statusCategory id="3" key="done" colorName="green"/>
                                    <resolution id="1">Fixed</resolution>
                                        <assignee username="cshannon">Christopher L. Shannon</assignee>
                                    <reporter username="cshannon">Christopher L. Shannon</reporter>
                        <labels>
                    </labels>
                <created>Thu, 14 Dec 2017 20:59:07 +0000</created>
                <updated>Thu, 14 Dec 2017 21:22:19 +0000</updated>
                            <resolved>Thu, 14 Dec 2017 21:22:19 +0000</resolved>
                                    <version>5.15.2</version>
                                    <fixVersion>5.16.0</fixVersion>
                    <fixVersion>5.15.3</fixVersion>
                                    <component>Broker</component>
                    <component>networkbridge</component>
                        <due></due>
                            <votes>0</votes>
                                    <watches>2</watches>
                                                                <comments>
                            <comment id="16291590" author="jira-bot" created="Thu, 14 Dec 2017 21:01:34 +0000"  >&lt;p&gt;Commit 56baba96c657d4e44b88955a964d6c92ff39b822 in activemq&apos;s branch refs/heads/master from &lt;a href=&quot;https://issues.apache.org/jira/secure/ViewProfile.jspa?name=cshannon&quot; class=&quot;user-hover&quot; rel=&quot;cshannon&quot;&gt;Christopher L. Shannon&lt;/a&gt;&lt;br/&gt;
[ &lt;a href=&quot;https://git-wip-us.apache.org/repos/asf?p=activemq.git;h=56baba9&quot; class=&quot;external-link&quot; rel=&quot;nofollow&quot;&gt;https://git-wip-us.apache.org/repos/asf?p=activemq.git;h=56baba9&lt;/a&gt; ]&lt;/p&gt;

&lt;p&gt;&lt;a href=&quot;https://issues.apache.org/jira/browse/AMQ-6875&quot; title=&quot;Virtual destination consumers can create invalid demand for Virtual Topics&quot; class=&quot;issue-link&quot; data-issue-key=&quot;AMQ-6875&quot;&gt;&lt;del&gt;AMQ-6875&lt;/del&gt;&lt;/a&gt; - Use the correct destination for Virtual destination consumers&lt;br/&gt;
when using Virtual Topics&lt;/p&gt;</comment>
                            <comment id="16291591" author="jira-bot" created="Thu, 14 Dec 2017 21:02:13 +0000"  >&lt;p&gt;Commit 94aea677acab41fc8ba425c9fefc9c351fb31a94 in activemq&apos;s branch refs/heads/activemq-5.15.x from &lt;a href=&quot;https://issues.apache.org/jira/secure/ViewProfile.jspa?name=cshannon&quot; class=&quot;user-hover&quot; rel=&quot;cshannon&quot;&gt;Christopher L. Shannon&lt;/a&gt;&lt;br/&gt;
[ &lt;a href=&quot;https://git-wip-us.apache.org/repos/asf?p=activemq.git;h=94aea67&quot; class=&quot;external-link&quot; rel=&quot;nofollow&quot;&gt;https://git-wip-us.apache.org/repos/asf?p=activemq.git;h=94aea67&lt;/a&gt; ]&lt;/p&gt;

&lt;p&gt;&lt;a href=&quot;https://issues.apache.org/jira/browse/AMQ-6875&quot; title=&quot;Virtual destination consumers can create invalid demand for Virtual Topics&quot; class=&quot;issue-link&quot; data-issue-key=&quot;AMQ-6875&quot;&gt;&lt;del&gt;AMQ-6875&lt;/del&gt;&lt;/a&gt; - Use the correct destination for Virtual destination consumers&lt;br/&gt;
when using Virtual Topics&lt;/p&gt;

&lt;p&gt;(cherry picked from commit 56baba96c657d4e44b88955a964d6c92ff39b822)&lt;/p&gt;</comment>
                            <comment id="16291628" author="christopher.l.shannon" created="Thu, 14 Dec 2017 21:22:14 +0000"  >&lt;p&gt;This is fixed.  Finding the correct topic requires a little bit of overhead but this is only done if useVirtualDestSubs is set to true and a new virtual topic demand advisory is sent (ie when the consumer comes online) so it shouldn&apos;t be run very often unless there are consumers constantly coming online/offline which would cause a lot more cpu in other places as well.  Also, the arrays that are being manipulated/copied are going to generally be very small as they are just the size of a tokenized destination name.  If for some reason this ends up being a performance hit then the resulting computed topics could be stored into a cache so they only have to get computed once per destination.&lt;/p&gt;</comment>
                    </comments>
                    <attachments>
                    </attachments>
                <subtasks>
                    </subtasks>
                <customfields>
                                                <customfield id="customfield_12310310" key="com.atlassian.jira.toolkit:attachments">
                        <customfieldname>Attachment count</customfieldname>
                        <customfieldvalues>
                            <customfieldvalue>0.0</customfieldvalue>
                        </customfieldvalues>
                    </customfield>
                                                                                                                                                                                                                                                                                                                                                                                                                                                                                                                                                                                        <customfield id="customfield_12310220" key="com.atlassian.jira.ext.charting:firstresponsedate">
                        <customfieldname>Date of First Response</customfieldname>
                        <customfieldvalues>
                            <customfieldvalue>Thu, 14 Dec 2017 21:01:34 +0000</customfieldvalue>

                        </customfieldvalues>
                    </customfield>
                                                                                                                        <customfield id="customfield_12313422" key="com.atlassian.jirafisheyeplugin:jobcheckbox">
                        <customfieldname>Enable Automatic Patch Review</customfieldname>
                        <customfieldvalues>
                            <customfieldvalue><![CDATA[false]]></customfieldvalue>

                        </customfieldvalues>
                    </customfield>
                                                                                                                                                                                                                                                                                                                                                                                                                                                                                                    <customfield id="customfield_12310420" key="com.pyxis.greenhopper.jira:gh-global-rank">
                        <customfieldname>Global Rank</customfieldname>
                        <customfieldvalues>
                            <customfieldvalue>9223372036854775807</customfieldvalue>
                        </customfieldvalues>
                    </customfield>
                                                                                                                        <customfield id="customfield_12312521" key="com.atlassian.jira.toolkit:LastCommentDate">
                        <customfieldname>Last public comment date</customfieldname>
                        <customfieldvalues>
                            1 year, 16 weeks, 1 day ago
                        </customfieldvalues>
                    </customfield>
                                                                                                                                                                                <customfield id="customfield_12311820" key="com.pyxis.greenhopper.jira:gh-lexo-rank">
                        <customfieldname>Rank</customfieldname>
                        <customfieldvalues>
                            <customfieldvalue>0|i3nx47:</customfieldvalue>

                        </customfieldvalues>
                    </customfield>
                                                                <customfield id="customfield_12310920" key="com.pyxis.greenhopper.jira:gh-global-rank">
                        <customfieldname>Rank (Obsolete)</customfieldname>
                        <customfieldvalues>
                            <customfieldvalue>9223372036854775807</customfieldvalue>
                        </customfieldvalues>
                    </customfield>
                                                                                                                                                                                                                                                                                                                                                        <customfield id="customfield_12310222" key="com.atlassian.jira.ext.charting:timeinstatus">
                        <customfieldname>Time in Status</customfieldname>
                        <customfieldvalues>
                            
                        </customfieldvalues>
                    </customfield>
                                    </customfields>
    </item>


<item>
            <title>[AMQ-6871] ActiveMQ client should send only generic platform details by default to server</title>
                <link>https://issues.apache.org/jira/browse/AMQ-6871</link>
                <project id="12311210" key="AMQ">ActiveMQ</project>
                    <description>&lt;p&gt;By default the OpenWire Java client should send generic platform details to the broker to specify the type of client.  A flag on the URI can be used to send more detailed information about the client to the broker for debugging purposes.&lt;/p&gt;</description>
                <environment></environment>
        <key id="13123193">AMQ-6871</key>
            <summary>ActiveMQ client should send only generic platform details by default to server</summary>
                <type id="1" iconUrl="https://issues.apache.org/jira/secure/viewavatar?size=xsmall&amp;avatarId=21133&amp;avatarType=issuetype">Bug</type>
                                            <priority id="4" iconUrl="https://issues.apache.org/jira/images/icons/priorities/minor.svg">Minor</priority>
                        <status id="5" iconUrl="https://issues.apache.org/jira/images/icons/statuses/resolved.png" description="A resolution has been taken, and it is awaiting verification by reporter. From here issues are either reopened, or are closed.">Resolved</status>
                    <statusCategory id="3" key="done" colorName="green"/>
                                    <resolution id="1">Fixed</resolution>
                                        <assignee username="cshannon">Christopher L. Shannon</assignee>
                                    <reporter username="cshannon">Christopher L. Shannon</reporter>
                        <labels>
                    </labels>
                <created>Wed, 6 Dec 2017 13:38:50 +0000</created>
                <updated>Wed, 6 Dec 2017 13:44:08 +0000</updated>
                            <resolved>Wed, 6 Dec 2017 13:43:50 +0000</resolved>
                                    <version>5.14.5</version>
                    <version>5.15.2</version>
                                    <fixVersion>5.14.6</fixVersion>
                    <fixVersion>5.16.0</fixVersion>
                    <fixVersion>5.15.3</fixVersion>
                                    <component>JMS client</component>
                        <due></due>
                            <votes>0</votes>
                                    <watches>2</watches>
                                                                <comments>
                            <comment id="16280191" author="jira-bot" created="Wed, 6 Dec 2017 13:41:59 +0000"  >&lt;p&gt;Commit 5fa0bbd5156f29d97dcf48fd9fdb6a0488a8df1a in activemq&apos;s branch refs/heads/master from &lt;a href=&quot;https://issues.apache.org/jira/secure/ViewProfile.jspa?name=cshannon&quot; class=&quot;user-hover&quot; rel=&quot;cshannon&quot;&gt;Christopher L. Shannon&lt;/a&gt;&lt;br/&gt;
[ &lt;a href=&quot;https://git-wip-us.apache.org/repos/asf?p=activemq.git;h=5fa0bbd&quot; class=&quot;external-link&quot; rel=&quot;nofollow&quot;&gt;https://git-wip-us.apache.org/repos/asf?p=activemq.git;h=5fa0bbd&lt;/a&gt; ]&lt;/p&gt;

&lt;p&gt;&lt;a href=&quot;https://issues.apache.org/jira/browse/AMQ-6871&quot; title=&quot;ActiveMQ client should send only generic platform details by default to server&quot; class=&quot;issue-link&quot; data-issue-key=&quot;AMQ-6871&quot;&gt;&lt;del&gt;AMQ-6871&lt;/del&gt;&lt;/a&gt; - By default only send generic platform details&lt;/p&gt;

&lt;p&gt;The default behavior by the OpenWire client will be to send generic&lt;br/&gt;
platform details to the server with a new flag to send more specific&lt;br/&gt;
information.&lt;/p&gt;</comment>
                            <comment id="16280192" author="jira-bot" created="Wed, 6 Dec 2017 13:42:21 +0000"  >&lt;p&gt;Commit d2e49be3a8f21d862726c1f6bc9e1caa6ee8b581 in activemq&apos;s branch refs/heads/activemq-5.15.x from &lt;a href=&quot;https://issues.apache.org/jira/secure/ViewProfile.jspa?name=cshannon&quot; class=&quot;user-hover&quot; rel=&quot;cshannon&quot;&gt;Christopher L. Shannon&lt;/a&gt;&lt;br/&gt;
[ &lt;a href=&quot;https://git-wip-us.apache.org/repos/asf?p=activemq.git;h=d2e49be&quot; class=&quot;external-link&quot; rel=&quot;nofollow&quot;&gt;https://git-wip-us.apache.org/repos/asf?p=activemq.git;h=d2e49be&lt;/a&gt; ]&lt;/p&gt;

&lt;p&gt;&lt;a href=&quot;https://issues.apache.org/jira/browse/AMQ-6871&quot; title=&quot;ActiveMQ client should send only generic platform details by default to server&quot; class=&quot;issue-link&quot; data-issue-key=&quot;AMQ-6871&quot;&gt;&lt;del&gt;AMQ-6871&lt;/del&gt;&lt;/a&gt; - By default only send generic platform details&lt;/p&gt;

&lt;p&gt;The default behavior by the OpenWire client will be to send generic&lt;br/&gt;
platform details to the server with a new flag to send more specific&lt;br/&gt;
information.&lt;/p&gt;

&lt;p&gt;(cherry picked from commit 5fa0bbd5156f29d97dcf48fd9fdb6a0488a8df1a)&lt;/p&gt;</comment>
                            <comment id="16280193" author="jira-bot" created="Wed, 6 Dec 2017 13:42:56 +0000"  >&lt;p&gt;Commit 8ff18c5e254bf43395f2e0d7e3a1092b33ec6462 in activemq&apos;s branch refs/heads/activemq-5.14.x from &lt;a href=&quot;https://issues.apache.org/jira/secure/ViewProfile.jspa?name=cshannon&quot; class=&quot;user-hover&quot; rel=&quot;cshannon&quot;&gt;Christopher L. Shannon&lt;/a&gt;&lt;br/&gt;
[ &lt;a href=&quot;https://git-wip-us.apache.org/repos/asf?p=activemq.git;h=8ff18c5&quot; class=&quot;external-link&quot; rel=&quot;nofollow&quot;&gt;https://git-wip-us.apache.org/repos/asf?p=activemq.git;h=8ff18c5&lt;/a&gt; ]&lt;/p&gt;

&lt;p&gt;&lt;a href=&quot;https://issues.apache.org/jira/browse/AMQ-6871&quot; title=&quot;ActiveMQ client should send only generic platform details by default to server&quot; class=&quot;issue-link&quot; data-issue-key=&quot;AMQ-6871&quot;&gt;&lt;del&gt;AMQ-6871&lt;/del&gt;&lt;/a&gt; - By default only send generic platform details&lt;/p&gt;

&lt;p&gt;The default behavior by the OpenWire client will be to send generic&lt;br/&gt;
platform details to the server with a new flag to send more specific&lt;br/&gt;
information.&lt;/p&gt;

&lt;p&gt;(cherry picked from commit 5fa0bbd5156f29d97dcf48fd9fdb6a0488a8df1a)&lt;/p&gt;</comment>
                    </comments>
                    <attachments>
                    </attachments>
                <subtasks>
                    </subtasks>
                <customfields>
                                                <customfield id="customfield_12310310" key="com.atlassian.jira.toolkit:attachments">
                        <customfieldname>Attachment count</customfieldname>
                        <customfieldvalues>
                            <customfieldvalue>0.0</customfieldvalue>
                        </customfieldvalues>
                    </customfield>
                                                                                                                                                                                                                                                                                                                                                                                                                                                                                                                                                                                        <customfield id="customfield_12310220" key="com.atlassian.jira.ext.charting:firstresponsedate">
                        <customfieldname>Date of First Response</customfieldname>
                        <customfieldvalues>
                            <customfieldvalue>Wed, 6 Dec 2017 13:41:59 +0000</customfieldvalue>

                        </customfieldvalues>
                    </customfield>
                                                                                                                        <customfield id="customfield_12313422" key="com.atlassian.jirafisheyeplugin:jobcheckbox">
                        <customfieldname>Enable Automatic Patch Review</customfieldname>
                        <customfieldvalues>
                            <customfieldvalue><![CDATA[false]]></customfieldvalue>

                        </customfieldvalues>
                    </customfield>
                                                                                                                                                                                                                                                                                                                                                                                                                                                                                                    <customfield id="customfield_12310420" key="com.pyxis.greenhopper.jira:gh-global-rank">
                        <customfieldname>Global Rank</customfieldname>
                        <customfieldvalues>
                            <customfieldvalue>9223372036854775807</customfieldvalue>
                        </customfieldvalues>
                    </customfield>
                                                                                                                        <customfield id="customfield_12312521" key="com.atlassian.jira.toolkit:LastCommentDate">
                        <customfieldname>Last public comment date</customfieldname>
                        <customfieldvalues>
                            1 year, 17 weeks, 2 days ago
                        </customfieldvalues>
                    </customfield>
                                                                                                                                                                                <customfield id="customfield_12311820" key="com.pyxis.greenhopper.jira:gh-lexo-rank">
                        <customfieldname>Rank</customfieldname>
                        <customfieldvalues>
                            <customfieldvalue>0|i3nlr3:</customfieldvalue>

                        </customfieldvalues>
                    </customfield>
                                                                <customfield id="customfield_12310920" key="com.pyxis.greenhopper.jira:gh-global-rank">
                        <customfieldname>Rank (Obsolete)</customfieldname>
                        <customfieldvalues>
                            <customfieldvalue>9223372036854775807</customfieldvalue>
                        </customfieldvalues>
                    </customfield>
                                                                                                                                                                                                                                                                                                                                                        <customfield id="customfield_12310222" key="com.atlassian.jira.ext.charting:timeinstatus">
                        <customfieldname>Time in Status</customfieldname>
                        <customfieldvalues>
                            
                        </customfieldvalues>
                    </customfield>
                                    </customfields>
    </item>


<item>
            <title>[AMQ-6870] java.lang.IllegalArgumentException: Invalid connect parameters: {wireFormat.host=localhost}</title>
                <link>https://issues.apache.org/jira/browse/AMQ-6870</link>
                <project id="12311210" key="AMQ">ActiveMQ</project>
                    <description>&lt;p&gt;I want to connect to my broker using STOMP+SSL as because my broker is exposing that protocol:&lt;/p&gt;
&lt;div class=&quot;code panel&quot; style=&quot;border-width: 1px;&quot;&gt;&lt;div class=&quot;codeContent panelContent&quot;&gt;
&lt;pre class=&quot;code-xml&quot;&gt;
&lt;span class=&quot;code-tag&quot;&gt;&amp;lt;transportConnector name=&lt;span class=&quot;code-quote&quot;&gt;&quot;stomp+nio+ssl&quot;&lt;/span&gt; uri=&lt;span class=&quot;code-quote&quot;&gt;&quot;stomp+nio+ssl://0.0.0.0:61612?maximumConnections=1000&amp;amp;amp;wireFormat.maxFrameSize=104857600&quot;&lt;/span&gt;/&amp;gt;&lt;/span&gt;
&lt;/pre&gt;
&lt;/div&gt;&lt;/div&gt;
&lt;p&gt;The connector is working fine because I&apos;m able to connect to it with a Javascript library and another Ruby one.&lt;/p&gt;

&lt;p&gt;But when using the Java libraries, by applying the connection string &lt;tt&gt;&quot;stomp+ssl://localhost:61612&quot;&lt;/tt&gt; or &lt;tt&gt;&quot;ssl://localhost:61612?wireFormat=stomp&quot;&lt;/tt&gt; it fails because of a bug in the StompSslTransportFactory not supporting the field &lt;tt&gt;wireFormat.host&lt;/tt&gt;.&lt;/p&gt;

&lt;p&gt;An easy way to get the same error is by applying the following config in camel:&lt;/p&gt;
&lt;div class=&quot;code panel&quot; style=&quot;border-width: 1px;&quot;&gt;&lt;div class=&quot;codeContent panelContent&quot;&gt;
&lt;pre class=&quot;code-xml&quot;&gt;
&lt;span class=&quot;code-tag&quot;&gt;&amp;lt;bean id=&lt;span class=&quot;code-quote&quot;&gt;&quot;myConnectionFactory&quot;&lt;/span&gt; class=&lt;span class=&quot;code-quote&quot;&gt;&quot;org.apache.activemq.ActiveMQConnectionFactory&quot;&lt;/span&gt;&amp;gt;&lt;/span&gt;
    &lt;span class=&quot;code-tag&quot;&gt;&amp;lt;property name=&lt;span class=&quot;code-quote&quot;&gt;&quot;brokerURL&quot;&lt;/span&gt; value=&lt;span class=&quot;code-quote&quot;&gt;&quot;stomp+ssl://localhost:61612&quot;&lt;/span&gt;/&amp;gt;&lt;/span&gt;
    &lt;span class=&quot;code-tag&quot;&gt;&lt;span class=&quot;code-comment&quot;&gt;&amp;lt;!-- or with &amp;lt;property name=&lt;span class=&quot;code-quote&quot;&gt;&quot;brokerURL&quot;&lt;/span&gt; value=&lt;span class=&quot;code-quote&quot;&gt;&quot;ssl://localhost:61612?wireFormat=stomp&quot;&lt;/span&gt;/&amp;gt;&lt;/span&gt; --&amp;gt;&lt;/span&gt;
    &lt;span class=&quot;code-tag&quot;&gt;&amp;lt;property name=&lt;span class=&quot;code-quote&quot;&gt;&quot;userName&quot;&lt;/span&gt; value=&lt;span class=&quot;code-quote&quot;&gt;&quot;${amq.user}&quot;&lt;/span&gt;/&amp;gt;&lt;/span&gt;
    &lt;span class=&quot;code-tag&quot;&gt;&amp;lt;property name=&lt;span class=&quot;code-quote&quot;&gt;&quot;password&quot;&lt;/span&gt; value=&lt;span class=&quot;code-quote&quot;&gt;&quot;${amq.pass}&quot;&lt;/span&gt;/&amp;gt;&lt;/span&gt;
&lt;span class=&quot;code-tag&quot;&gt;&amp;lt;/bean&amp;gt;&lt;/span&gt;
&lt;/pre&gt;
&lt;/div&gt;&lt;/div&gt;

&lt;p&gt;The error I&apos;m getting is:&lt;/p&gt;
&lt;div class=&quot;code panel&quot; style=&quot;border-width: 1px;&quot;&gt;&lt;div class=&quot;codeContent panelContent&quot;&gt;
&lt;pre class=&quot;code-java&quot;&gt;
Invalid connect parameters: {wireFormat.host=localhost}
&lt;/pre&gt;
&lt;/div&gt;&lt;/div&gt;

&lt;p&gt;I think it might be related to this piece of code where it enforces the value if it doesn&apos;t exist:&lt;/p&gt;
&lt;div class=&quot;code panel&quot; style=&quot;border-width: 1px;&quot;&gt;&lt;div class=&quot;codeHeader panelHeader&quot; style=&quot;border-bottom-width: 1px;&quot;&gt;&lt;b&gt;org/apache/activemq/transport/TransportFactory.java&lt;/b&gt;&lt;/div&gt;&lt;div class=&quot;codeContent panelContent&quot;&gt;
&lt;pre class=&quot;code-java&quot;&gt;
    &lt;span class=&quot;code-keyword&quot;&gt;public&lt;/span&gt; Transport doConnect(URI location) &lt;span class=&quot;code-keyword&quot;&gt;throws&lt;/span&gt; Exception { 
        &lt;span class=&quot;code-keyword&quot;&gt;try&lt;/span&gt; { 
            Map&amp;lt;&lt;span class=&quot;code-object&quot;&gt;String&lt;/span&gt;, &lt;span class=&quot;code-object&quot;&gt;String&lt;/span&gt;&amp;gt; options = &lt;span class=&quot;code-keyword&quot;&gt;new&lt;/span&gt; HashMap&amp;lt;&lt;span class=&quot;code-object&quot;&gt;String&lt;/span&gt;, &lt;span class=&quot;code-object&quot;&gt;String&lt;/span&gt;&amp;gt;(URISupport.parseParameters(location)); 
            &lt;span class=&quot;code-keyword&quot;&gt;if&lt;/span&gt;( !options.containsKey(&lt;span class=&quot;code-quote&quot;&gt;&quot;wireFormat.host&quot;&lt;/span&gt;) ) { 
                options.put(&lt;span class=&quot;code-quote&quot;&gt;&quot;wireFormat.host&quot;&lt;/span&gt;, location.getHost()); 
            } 
            WireFormat wf = createWireFormat(options); 
            Transport transport = createTransport(location, wf); 
            Transport rc = configure(transport, wf, options); 
            &lt;span class=&quot;code-keyword&quot;&gt;if&lt;/span&gt; (!options.isEmpty()) { 
                &lt;span class=&quot;code-keyword&quot;&gt;throw&lt;/span&gt; &lt;span class=&quot;code-keyword&quot;&gt;new&lt;/span&gt; IllegalArgumentException(&lt;span class=&quot;code-quote&quot;&gt;&quot;Invalid connect parameters: &quot;&lt;/span&gt; + options); 
            } 
            &lt;span class=&quot;code-keyword&quot;&gt;return&lt;/span&gt; rc; 
        } &lt;span class=&quot;code-keyword&quot;&gt;catch&lt;/span&gt; (URISyntaxException e) { 
            &lt;span class=&quot;code-keyword&quot;&gt;throw&lt;/span&gt; IOExceptionSupport.create(e); 
        } 
    } 
&lt;/pre&gt;
&lt;/div&gt;&lt;/div&gt;

&lt;p&gt;Here&apos;s another experience from another guy suffering from the same bug: &lt;a href=&quot;http://activemq.2283324.n4.nabble.com/quot-wireFormat-host-quot-option-for-StompSslTransportFactory-td4685162.html&quot; class=&quot;external-link&quot; rel=&quot;nofollow&quot;&gt;http://activemq.2283324.n4.nabble.com/quot-wireFormat-host-quot-option-for-StompSslTransportFactory-td4685162.html&lt;/a&gt;&lt;/p&gt;</description>
                <environment></environment>
        <key id="13123162">AMQ-6870</key>
            <summary>java.lang.IllegalArgumentException: Invalid connect parameters: {wireFormat.host=localhost}</summary>
                <type id="1" iconUrl="https://issues.apache.org/jira/secure/viewavatar?size=xsmall&amp;avatarId=21133&amp;avatarType=issuetype">Bug</type>
                                            <priority id="3" iconUrl="https://issues.apache.org/jira/images/icons/priorities/major.svg">Major</priority>
                        <status id="6" iconUrl="https://issues.apache.org/jira/images/icons/statuses/closed.png" description="The issue is considered finished, the resolution is correct. Issues which are not closed can be reopened.">Closed</status>
                    <statusCategory id="3" key="done" colorName="green"/>
                                    <resolution id="8">Not A Problem</resolution>
                                        <assignee username="-1">Unassigned</assignee>
                                    <reporter username="afharo">Alejandro Fernandez Haro</reporter>
                        <labels>
                    </labels>
                <created>Wed, 6 Dec 2017 10:53:15 +0000</created>
                <updated>Wed, 27 Dec 2017 12:03:18 +0000</updated>
                            <resolved>Wed, 27 Dec 2017 12:03:18 +0000</resolved>
                                                                        <due></due>
                            <votes>0</votes>
                                    <watches>3</watches>
                                                                <comments>
                            <comment id="16280246" author="tabish121" created="Wed, 6 Dec 2017 14:38:53 +0000"  >&lt;p&gt;It&apos;s not entirely clear what you are doing so the context what you are asking about that code block is also unclear.  Can you please elaborate in the description on what you are doing that lead to this point. &lt;/p&gt;</comment>
                            <comment id="16281802" author="afharo" created="Thu, 7 Dec 2017 12:49:21 +0000"  >&lt;p&gt;Sure! Sorry for the short description. Updated&lt;/p&gt;</comment>
                            <comment id="16297141" author="tabish121" created="Tue, 19 Dec 2017 17:42:07 +0000"  >&lt;p&gt;You say you are using Java libraries to try and connect to the STOMP endpoint, is the Java library you are trying to use the ActiveMQ JMS Client library?  If so that won&apos;t work as that client only speaks OpenWire, no STIMP support in there.  &lt;/p&gt;</comment>
                            <comment id="16303273" author="afharo" created="Mon, 25 Dec 2017 13:36:02 +0000"  >&lt;p&gt;From the camel XML configuration I supplied, we can see the used class is &lt;tt&gt;org.apache.activemq.ActiveMQConnectionFactory&lt;/tt&gt;.&lt;br/&gt;
It returns an instance of StompSslTransportFactory because of the SSL+STOMP URL options. So it sounds like it&#8217;s supported (there is an specific class for it). I&#8217;d say, instead, that class is broken and not compliant with the TransportFactory requirements. &lt;/p&gt;

&lt;p&gt;I would say it&#8217;s either TransportFactory enforcing &lt;tt&gt;wireFormat.host&lt;/tt&gt;, not taking into account the transport factories called, depending on the protocols, or just StompSslTransportFactory needing an update to support that enforced parameter instead of refusing to establish the connection because that parameter is not allowed.&lt;/p&gt;</comment>
                            <comment id="16303301" author="tabish121" created="Mon, 25 Dec 2017 15:08:06 +0000"  >&lt;p&gt;The ActiveMQ client library does not and will not support STOMP, if you want to use STOMP as a JMS client (which you really shouldn&apos;t) then you&apos;d need to choose a STOMP based JMS client library.  &lt;/p&gt;</comment>
                            <comment id="16303322" author="afharo" created="Mon, 25 Dec 2017 17:17:01 +0000"  >&lt;p&gt;Si what is this class for? &lt;a href=&quot;http://activemq.apache.org/maven/apidocs/org/apache/activemq/transport/stomp/StompSslTransportFactory.html&quot; class=&quot;external-link&quot; rel=&quot;nofollow&quot;&gt;http://activemq.apache.org/maven/apidocs/org/apache/activemq/transport/stomp/StompSslTransportFactory.html&lt;/a&gt;&lt;/p&gt;

&lt;p&gt;I insist that, if a class exist, it needs to work. It does tell much wrong about the health of a software if it has a class with a bug and the solution is denying it.&lt;/p&gt;

&lt;p&gt;If it&#8217;s not supported, it should clearly say so. Especially since there is a class for it.&lt;br/&gt;
I&#8217;m using JMS connection for this Java app I needed (I had to open the ports specifically for it) and, happily for me, most of my work is done in other working languages.&lt;/p&gt;

&lt;p&gt;My main concern is how badly maintained this code is if, even when a feature exists (broken, but there it is and you can see it in the source code). I took the time to let you know and tried to help in sharing all the info I could to fix this bug. And the response is &#8220;use another thing because we are not going to fix the bug&#8221;. I know this ticket is even closed at the moment. How sad it is you deny from supporting a standard and you don&#8217;t plan even updating the already existing class to log that same message instead of a random error as you are logging at the moment.&lt;/p&gt;</comment>
                            <comment id="16303328" author="afharo" created="Mon, 25 Dec 2017 17:27:40 +0000"  >&lt;p&gt;I&#8217;m reopening this ticket as I clearly think it&#8217;s not fixed and the bug is still persisting.&lt;/p&gt;</comment>
                            <comment id="16304485" author="christopher.l.shannon" created="Wed, 27 Dec 2017 12:02:28 +0000"  >&lt;p&gt;The StompSslTransportFactory class (and other matching factories for AMQP, MQTT, etc) exist for the broker side and is not a client side class.  The class exists only in the activemq-stomp jar and is not part of the activemq-client jar. The broker uses it to create the server side transport in order to handle the STOMP protocol on the broker.  It is not intended for use by the client and if you try it isn&apos;t going to work because it was never designed as a client side class.&lt;/p&gt;

&lt;p&gt;No one is denying supporting a standard or telling you to use something else because we aren&apos;t going to fix a bug.  This was closed because as Tim mentioned, there is no bug because the ActiveMQ clients only job is to support JMS using the native OpenWire protocol.  It does not support any other protocol but OpenWire.  If you want to use STOMP then you need to use a STOMP client.  Just like if you want to use MQTT or AMQP you need to use clients that support those protocols.&lt;/p&gt;

&lt;p&gt;I think this is pretty clear and I&apos;m closing this again because this is not a bug and works as intended.&lt;/p&gt;</comment>
                    </comments>
                    <attachments>
                    </attachments>
                <subtasks>
                    </subtasks>
                <customfields>
                                                <customfield id="customfield_12310310" key="com.atlassian.jira.toolkit:attachments">
                        <customfieldname>Attachment count</customfieldname>
                        <customfieldvalues>
                            <customfieldvalue>0.0</customfieldvalue>
                        </customfieldvalues>
                    </customfield>
                                                                                                                                                                                                                                                                                                                                                                                                                                                                                                                                                                                        <customfield id="customfield_12310220" key="com.atlassian.jira.ext.charting:firstresponsedate">
                        <customfieldname>Date of First Response</customfieldname>
                        <customfieldvalues>
                            <customfieldvalue>Wed, 6 Dec 2017 14:38:53 +0000</customfieldvalue>

                        </customfieldvalues>
                    </customfield>
                                                                                                                        <customfield id="customfield_12313422" key="com.atlassian.jirafisheyeplugin:jobcheckbox">
                        <customfieldname>Enable Automatic Patch Review</customfieldname>
                        <customfieldvalues>
                            <customfieldvalue><![CDATA[false]]></customfieldvalue>

                        </customfieldvalues>
                    </customfield>
                                                                                                                                                                                                                                                                                                                                                                                                                                                                                                    <customfield id="customfield_12310420" key="com.pyxis.greenhopper.jira:gh-global-rank">
                        <customfieldname>Global Rank</customfieldname>
                        <customfieldvalues>
                            <customfieldvalue>9223372036854775807</customfieldvalue>
                        </customfieldvalues>
                    </customfield>
                                                                                                                        <customfield id="customfield_12312521" key="com.atlassian.jira.toolkit:LastCommentDate">
                        <customfieldname>Last public comment date</customfieldname>
                        <customfieldvalues>
                            1 year, 14 weeks, 2 days ago
                        </customfieldvalues>
                    </customfield>
                                                                                                                                                                                <customfield id="customfield_12311820" key="com.pyxis.greenhopper.jira:gh-lexo-rank">
                        <customfieldname>Rank</customfieldname>
                        <customfieldvalues>
                            <customfieldvalue>0|i3nlk7:</customfieldvalue>

                        </customfieldvalues>
                    </customfield>
                                                                <customfield id="customfield_12310920" key="com.pyxis.greenhopper.jira:gh-global-rank">
                        <customfieldname>Rank (Obsolete)</customfieldname>
                        <customfieldvalues>
                            <customfieldvalue>9223372036854775807</customfieldvalue>
                        </customfieldvalues>
                    </customfield>
                                                                                                                                                                                                                                                                                                                                                        <customfield id="customfield_12310222" key="com.atlassian.jira.ext.charting:timeinstatus">
                        <customfieldname>Time in Status</customfieldname>
                        <customfieldvalues>
                            
                        </customfieldvalues>
                    </customfield>
                                    </customfields>
    </item>


<item>
            <title>[AMQ-6869] ActiveMQ losing durable topic messages when JournalledJDBCPersistence enabled</title>
                <link>https://issues.apache.org/jira/browse/AMQ-6869</link>
                <project id="12311210" key="AMQ">ActiveMQ</project>
                    <description>&lt;p&gt;Issue described and explored in detail enough to warrant a Jira being raised.  Not sure if acceptable to reference an ActiveMQ user forum thread:&lt;/p&gt;

&lt;p&gt;&lt;a href=&quot;http://activemq.2283324.n4.nabble.com/ActiveMQ-losing-durable-topic-messages-when-JournalledJDBCPersistence-enabled-tp4732708.html;cid=1511075112993-421&quot; class=&quot;external-link&quot; rel=&quot;nofollow&quot;&gt;http://activemq.2283324.n4.nabble.com/ActiveMQ-losing-durable-topic-messages-when-JournalledJDBCPersistence-enabled-tp4732708.html;cid=1511075112993-421&lt;/a&gt;&lt;/p&gt;

&lt;p&gt;If required, will gladly repeat all the detail from the forum thread here.&lt;/p&gt;
</description>
                <environment>&lt;p&gt;We are running AMQ 5.14 embedded mode under JBoss 7 with Java 7, 100% &lt;br/&gt;
persistent messaging supported by JournalledJDBCPersistence to an Oracle 12 &lt;br/&gt;
DB.  Durable topic subscription processing is our focus.&lt;/p&gt;</environment>
        <key id="13122849">AMQ-6869</key>
            <summary>ActiveMQ losing durable topic messages when JournalledJDBCPersistence enabled</summary>
                <type id="1" iconUrl="https://issues.apache.org/jira/secure/viewavatar?size=xsmall&amp;avatarId=21133&amp;avatarType=issuetype">Bug</type>
                                            <priority id="3" iconUrl="https://issues.apache.org/jira/images/icons/priorities/major.svg">Major</priority>
                        <status id="1" iconUrl="https://issues.apache.org/jira/images/icons/statuses/open.png" description="The issue is open and ready for the assignee to start work on it.">Open</status>
                    <statusCategory id="2" key="new" colorName="blue-gray"/>
                                    <resolution id="-1">Unresolved</resolution>
                                        <assignee username="-1">Unassigned</assignee>
                                    <reporter username="jasonsmith085">Jason Smith</reporter>
                        <labels>
                    </labels>
                <created>Tue, 5 Dec 2017 11:29:06 +0000</created>
                <updated>Tue, 5 Dec 2017 11:35:21 +0000</updated>
                                            <version>5.14.3</version>
                                                    <component>Broker</component>
                        <due></due>
                            <votes>1</votes>
                                    <watches>3</watches>
                                                                <comments>
                            <comment id="16278423" author="gtully" created="Tue, 5 Dec 2017 11:35:21 +0000"  >&lt;p&gt;As a workaround, drop the use of the journaled persistence adapter in favour of the plain jdbcPersistence adapter. The journaled adapter has not had much love over the past years where as the regular jdbc persistence adapter has had a bunch of work that has improved parallel access to the db and hence performance.&lt;/p&gt;</comment>
                    </comments>
                    <attachments>
                    </attachments>
                <subtasks>
                    </subtasks>
                <customfields>
                                                <customfield id="customfield_12310310" key="com.atlassian.jira.toolkit:attachments">
                        <customfieldname>Attachment count</customfieldname>
                        <customfieldvalues>
                            <customfieldvalue>0.0</customfieldvalue>
                        </customfieldvalues>
                    </customfield>
                                                                                                                                                                                                                                                                                                                                                                                                                                                                                                                                                                                        <customfield id="customfield_12310220" key="com.atlassian.jira.ext.charting:firstresponsedate">
                        <customfieldname>Date of First Response</customfieldname>
                        <customfieldvalues>
                            <customfieldvalue>Tue, 5 Dec 2017 11:35:21 +0000</customfieldvalue>

                        </customfieldvalues>
                    </customfield>
                                                                                                                        <customfield id="customfield_12313422" key="com.atlassian.jirafisheyeplugin:jobcheckbox">
                        <customfieldname>Enable Automatic Patch Review</customfieldname>
                        <customfieldvalues>
                            <customfieldvalue><![CDATA[false]]></customfieldvalue>

                        </customfieldvalues>
                    </customfield>
                                                                                                                                                                                                                                        <customfield id="customfield_12310250" key="com.atlassian.jira.plugin.system.customfieldtypes:multicheckboxes">
                        <customfieldname>Flags</customfieldname>
                        <customfieldvalues>
                                <customfieldvalue key="10431"><![CDATA[Important]]></customfieldvalue>
    
                        </customfieldvalues>
                    </customfield>
                                                                                                                                                                                                                                                                                                <customfield id="customfield_12310420" key="com.pyxis.greenhopper.jira:gh-global-rank">
                        <customfieldname>Global Rank</customfieldname>
                        <customfieldvalues>
                            <customfieldvalue>9223372036854775807</customfieldvalue>
                        </customfieldvalues>
                    </customfield>
                                                                                                                        <customfield id="customfield_12312521" key="com.atlassian.jira.toolkit:LastCommentDate">
                        <customfieldname>Last public comment date</customfieldname>
                        <customfieldvalues>
                            1 year, 17 weeks, 3 days ago
                        </customfieldvalues>
                    </customfield>
                                                                                                                                                                                <customfield id="customfield_12311820" key="com.pyxis.greenhopper.jira:gh-lexo-rank">
                        <customfieldname>Rank</customfieldname>
                        <customfieldvalues>
                            <customfieldvalue>0|i3njnj:</customfieldvalue>

                        </customfieldvalues>
                    </customfield>
                                                                <customfield id="customfield_12310920" key="com.pyxis.greenhopper.jira:gh-global-rank">
                        <customfieldname>Rank (Obsolete)</customfieldname>
                        <customfieldvalues>
                            <customfieldvalue>9223372036854775807</customfieldvalue>
                        </customfieldvalues>
                    </customfield>
                                                                                                                                                                                                                                                                                                                                                        </customfields>
    </item>
</channel>
</rss>