<!--
RSS generated by JIRA (6.3.4#6332-sha1:51bc225ef474afe3128b2f66878477f322397b16) at Tue Mar 31 19:15:13 UTC 2015

It is possible to restrict the fields that are returned in this document by specifying the 'field' parameter in your request.
For example, to request only the issue key and summary add field=key&field=summary to the URL of your request.
For example:
https://issues.apache.org/jira/sr/jira.issueviews:searchrequest-xml/temp/SearchRequest.xml?jqlQuery=project+%3D+AMQ+AND+issuetype+%3D+Bug+AND+created+%3E%3D+2011-2-1+AND+created+%3C%3D+2011-3-1+ORDER+BY+key+ASC&amp;tempMax=200&amp;field=key&amp;field=summary
-->
<!-- If you wish to do custom client-side styling of RSS, uncomment this:
<?xml-stylesheet href="https://issues.apache.org/jira/styles/jiraxml2html.xsl" type="text/xsl"?>
-->
<rss version="0.92">
    <channel>
        <title>ASF JIRA</title>
        <link>https://issues.apache.org/jira/secure/IssueNavigator.jspa?reset=true&amp;jqlQuery=project+%3D+AMQ+AND+issuetype+%3D+Bug+AND+created+%3E%3D+2011-2-1+AND+created+%3C%3D+2011-3-1+ORDER+BY+key+ASC</link>
        <description>An XML representation of a search request</description>
                <language>en-uk</language>
                        <issue start="0" end="10" total="10"/>
                <build-info>
            <version>6.3.4</version>
            <build-number>6332</build-number>
            <build-date>15-08-2014</build-date>
        </build-info>
<item>
            <title>[AMQ-3169] Failover resolving IP to Name on reconnection</title>
                <link>https://issues.apache.org/jira/browse/AMQ-3169</link>
                <project id="12311210" key="AMQ">ActiveMQ</project>
                    <description>&lt;p&gt;&lt;a href=&quot;http://activemq.2283324.n4.nabble.com/ActiveMQ-failing-over-to-another-server-td3234055.html&quot; class=&quot;external-link&quot; rel=&quot;nofollow&quot;&gt;http://activemq.2283324.n4.nabble.com/ActiveMQ-failing-over-to-another-server-td3234055.html&lt;/a&gt;&lt;/p&gt;

&lt;p&gt;Essentially when the system connects with an IP like failover:(tcp://IP:PORT) if it subsequently fails over then it reconnects using a resolved name i.e. failover:(tcp://NAME:PORT)&lt;/p&gt;

&lt;p&gt;I don&apos;t believe this should happen if by design&lt;/p&gt;</description>
                <environment>&lt;p&gt;Red Hat 5&lt;br/&gt;
Windows 7&lt;/p&gt;</environment>
        <key id="12497299">AMQ-3169</key>
            <summary>Failover resolving IP to Name on reconnection</summary>
                <type id="1" iconUrl="https://issues.apache.org/jira/images/icons/issuetypes/bug.png">Bug</type>
                                            <priority id="4" iconUrl="https://issues.apache.org/jira/images/icons/priorities/minor.png">Minor</priority>
                        <status id="6" iconUrl="https://issues.apache.org/jira/images/icons/statuses/closed.png" description="The issue is considered finished, the resolution is correct. Issues which are closed can be reopened.">Closed</status>
                    <statusCategory id="3" key="done" colorName="green"/>
                                    <resolution id="5">Cannot Reproduce</resolution>
                                        <assignee username="-1">Unassigned</assignee>
                                    <reporter username="userbob">Richard Holt</reporter>
                        <labels>
                    </labels>
                <created>Tue, 1 Feb 2011 08:50:24 +0000</created>
                <updated>Tue, 21 Feb 2012 20:36:59 +0000</updated>
                            <resolved>Tue, 21 Feb 2012 20:36:58 +0000</resolved>
                                    <version>5.4.1</version>
                                                    <component>Broker</component>
                    <component>Connector</component>
                        <due></due>
                            <votes>0</votes>
                                    <watches>1</watches>
                                                                <comments>
                            <comment id="13212897" author="tabish121" created="Tue, 21 Feb 2012 20:36:59 +0000"  >&lt;p&gt;Have not been able to reproduce this.  There have been many fixes and updates to Failover, recommend a new version be used.&lt;/p&gt;</comment>
                    </comments>
                    <attachments>
                    </attachments>
                <subtasks>
                    </subtasks>
                <customfields>
                                                <customfield id="customfield_12310310" key="com.atlassian.jira.toolkit:attachments">
                        <customfieldname>Attachment count</customfieldname>
                        <customfieldvalues>
                            <customfieldvalue>0.0</customfieldvalue>
                        </customfieldvalues>
                    </customfield>
                                                                                                                        <customfield id="customfield_12310220" key="com.atlassian.jira.ext.charting:firstresponsedate">
                        <customfieldname>Date of First Response</customfieldname>
                        <customfieldvalues>
                            <customfieldvalue>Tue, 21 Feb 2012 20:36:59 +0000</customfieldvalue>

                        </customfieldvalues>
                    </customfield>
                                                                                                                                                                                                            <customfield id="customfield_12310420" key="com.pyxis.greenhopper.jira:gh-global-rank">
                        <customfieldname>Global Rank</customfieldname>
                        <customfieldvalues>
                            <customfieldvalue>74720</customfieldvalue>
                        </customfieldvalues>
                    </customfield>
                                                                                            <customfield id="customfield_12311820" key="com.pyxis.greenhopper.jira:gh-lexo-rank">
                        <customfieldname>Rank</customfieldname>
                        <customfieldvalues>
                            <customfieldvalue>2|hynpon:</customfieldvalue>

                        </customfieldvalues>
                    </customfield>
                                                                <customfield id="customfield_12310920" key="com.pyxis.greenhopper.jira:gh-global-rank">
                        <customfieldname>Rank (Obsolete)</customfieldname>
                        <customfieldvalues>
                            <customfieldvalue>172348</customfieldvalue>
                        </customfieldvalues>
                    </customfield>
                                                                                                                                                    <customfield id="customfield_12310222" key="com.atlassian.jira.ext.charting:timeinstatus">
                        <customfieldname>Time in Status</customfieldname>
                        <customfieldvalues>
                            
                        </customfieldvalues>
                    </customfield>
                                    </customfields>
    </item>

<item>
            <title>[AMQ-3171] Channel was inactive for too long</title>
                <link>https://issues.apache.org/jira/browse/AMQ-3171</link>
                <project id="12311210" key="AMQ">ActiveMQ</project>
                    <description>&lt;p&gt;I have a problem with connection when client works without failover and work longer than 1day after that error occur Channel was inactive for to long. Any close and dispose inside application and start connection doesnt give anything only one solution is restart all applications.&lt;br/&gt;
I attach logs from server. It standalone maschine, single instance, default configuration.&lt;/p&gt;</description>
                <environment>&lt;p&gt;Centos 5.3&lt;/p&gt;</environment>
        <key id="12497347">AMQ-3171</key>
            <summary>Channel was inactive for too long</summary>
                <type id="1" iconUrl="https://issues.apache.org/jira/images/icons/issuetypes/bug.png">Bug</type>
                                            <priority id="3" iconUrl="https://issues.apache.org/jira/images/icons/priorities/major.png">Major</priority>
                        <status id="6" iconUrl="https://issues.apache.org/jira/images/icons/statuses/closed.png" description="The issue is considered finished, the resolution is correct. Issues which are closed can be reopened.">Closed</status>
                    <statusCategory id="3" key="done" colorName="green"/>
                                    <resolution id="4">Incomplete</resolution>
                                        <assignee username="-1">Unassigned</assignee>
                                    <reporter username="adamk">Kaminiecki</reporter>
                        <labels>
                    </labels>
                <created>Tue, 1 Feb 2011 15:35:19 +0000</created>
                <updated>Tue, 19 Jul 2011 22:10:17 +0100</updated>
                            <resolved>Tue, 19 Jul 2011 22:10:16 +0100</resolved>
                                    <version>5.4.2</version>
                                                    <component>Broker</component>
                        <due></due>
                            <votes>0</votes>
                                    <watches>1</watches>
                                                                <comments>
                            <comment id="12989252" author="adamk" created="Tue, 1 Feb 2011 15:37:22 +0000"  >&lt;p&gt;logs from server&lt;/p&gt;</comment>
                            <comment id="12989264" author="gtully" created="Tue, 1 Feb 2011 16:05:49 +0000"  >&lt;p&gt;can you attach a thread dump (jstack) of the server/broker if this occurs again, that will give some insight into what the connection is doing and what the shutdown/close is waiting for&lt;/p&gt;</comment>
                            <comment id="12989557" author="adamk" created="Wed, 2 Feb 2011 08:32:59 +0000"  >&lt;p&gt;ok&lt;br/&gt;
I will try do it when occur&lt;/p&gt;

&lt;p&gt;can you tell me how to get it &quot;thread dump (jstack) of the server/broker&quot;&lt;/p&gt;</comment>
                            <comment id="13004413" author="gil_guo" created="Wed, 9 Mar 2011 08:28:50 +0000"  >&lt;p&gt;I met the same issue. Please see below for the error message:&lt;/p&gt;

&lt;p&gt;SEVERE: Channel was inactive for too long: localhost/127.0.0.1:61616&lt;br/&gt;
org.apache.activemq.util.JMSExceptionSupport.create(JMSExceptionSupport.java:62)&lt;br/&gt;
org.apache.activemq.ActiveMQConnection.doAsyncSendPacket(ActiveMQConnection.java:1216)&lt;br/&gt;
org.apache.activemq.ActiveMQConnection.asyncSendPacket(ActiveMQConnection.java:1208)&lt;br/&gt;
org.apache.activemq.ActiveMQSession.send(ActiveMQSession.java:1643)&lt;br/&gt;
org.apache.activemq.ActiveMQMessageProducer.send(ActiveMQMessageProducer.java:227)&lt;br/&gt;
org.apache.activemq.ActiveMQMessageProducerSupport.send(ActiveMQMessageProducerSupport.java:269)&lt;/p&gt;</comment>
                            <comment id="13067970" author="tabish121" created="Tue, 19 Jul 2011 22:10:17 +0100"  >&lt;p&gt;Not enough information to reproduce this.  More information on the setup and ideally a test case to reproduce would be helpful.  &lt;/p&gt;

&lt;p&gt;Logs from the client would be needed at the least to see if there&apos;s a problem here.&lt;/p&gt;</comment>
                    </comments>
                    <attachments>
                            <attachment id="12469935" name="activemq.log" size="477684" author="adamk" created="Tue, 1 Feb 2011 15:37:22 +0000"/>
                            <attachment id="12469936" name="wrapper.log" size="281270" author="adamk" created="Tue, 1 Feb 2011 15:37:22 +0000"/>
                    </attachments>
                <subtasks>
                    </subtasks>
                <customfields>
                                                <customfield id="customfield_12310310" key="com.atlassian.jira.toolkit:attachments">
                        <customfieldname>Attachment count</customfieldname>
                        <customfieldvalues>
                            <customfieldvalue>2.0</customfieldvalue>
                        </customfieldvalues>
                    </customfield>
                                                                                                                        <customfield id="customfield_12310220" key="com.atlassian.jira.ext.charting:firstresponsedate">
                        <customfieldname>Date of First Response</customfieldname>
                        <customfieldvalues>
                            <customfieldvalue>Tue, 1 Feb 2011 16:05:49 +0000</customfieldvalue>

                        </customfieldvalues>
                    </customfield>
                                                                                                                                                                                                            <customfield id="customfield_12310420" key="com.pyxis.greenhopper.jira:gh-global-rank">
                        <customfieldname>Global Rank</customfieldname>
                        <customfieldvalues>
                            <customfieldvalue>67515</customfieldvalue>
                        </customfieldvalues>
                    </customfield>
                                                                                            <customfield id="customfield_12311820" key="com.pyxis.greenhopper.jira:gh-lexo-rank">
                        <customfieldname>Rank</customfieldname>
                        <customfieldvalues>
                            <customfieldvalue>2|hynp9b:</customfieldvalue>

                        </customfieldvalues>
                    </customfield>
                                                                <customfield id="customfield_12310920" key="com.pyxis.greenhopper.jira:gh-global-rank">
                        <customfieldname>Rank (Obsolete)</customfieldname>
                        <customfieldvalues>
                            <customfieldvalue>172279</customfieldvalue>
                        </customfieldvalues>
                    </customfield>
                                                                                                                                                    <customfield id="customfield_12310222" key="com.atlassian.jira.ext.charting:timeinstatus">
                        <customfieldname>Time in Status</customfieldname>
                        <customfieldvalues>
                            
                        </customfieldvalues>
                    </customfield>
                                    </customfields>
    </item>

<item>
            <title>[AMQ-3176] Potential deadlock in duplex network connector recreation, resulting in dangling connections</title>
                <link>https://issues.apache.org/jira/browse/AMQ-3176</link>
                <project id="12311210" key="AMQ">ActiveMQ</project>
                    <description>&lt;p&gt;End result is lots of connections that are taking too long to shutdown and in particular: &lt;/p&gt;
&lt;div class=&quot;code panel&quot; style=&quot;border-width: 1px;&quot;&gt;&lt;div class=&quot;codeContent panelContent&quot;&gt;
&lt;pre class=&quot;code-java&quot;&gt;2011-02-07 08:56:49,422 | INFO  | sport: tcp:&lt;span class=&quot;code-comment&quot;&gt;///xxx:56982 | TransportConnection | The connection to &apos;/xxx:56981&apos; is taking a &lt;span class=&quot;code-object&quot;&gt;long&lt;/span&gt; time to shutdown.
&lt;/span&gt;....
2011-02-07 08:56:49,458 | INFO  | sport: tcp:&lt;span class=&quot;code-comment&quot;&gt;///xxx:56981 | TransportConnection | The connection to &apos;/xxx:56982&apos; is taking a &lt;span class=&quot;code-object&quot;&gt;long&lt;/span&gt; time to shutdown.&lt;/span&gt;&lt;/pre&gt;
&lt;/div&gt;&lt;/div&gt;
&lt;p&gt; where there is an overlap, with two connections trying to stop each other.&lt;br/&gt;
Problem appears when the initiator of a duplex network connector sees a failure and trys to reconnect and the responder sees the old transport connector in place. It tries to stop the existing connection but does it in a sync call so the potential to block and lock is present.&lt;/p&gt;







&lt;p&gt;2011-01-26 16:35:54,618 &lt;span class=&quot;error&quot;&gt;&amp;#91;..&amp;#93;&lt;/span&gt; INFO TransportConnection - The connection to &apos;/xx:51585&apos; is taking a long time to shutdown.&lt;br/&gt;
2011-01-26 16:35:56,500 &lt;span class=&quot;error&quot;&gt;&amp;#91;..&amp;#93;&lt;/span&gt; INFO TransportConnection - The connection to &apos;/xx:51585&apos; is taking a long time to shutdown.&lt;/p&gt;
&lt;div class=&quot;code panel&quot; style=&quot;border-width: 1px;&quot;&gt;&lt;div class=&quot;codeContent panelContent&quot;&gt;
&lt;pre class=&quot;code-java&quot;&gt;&lt;/pre&gt;
&lt;/div&gt;&lt;/div&gt;

&lt;p&gt;In particular,&lt;/p&gt;</description>
                <environment></environment>
        <key id="12498131">AMQ-3176</key>
            <summary>Potential deadlock in duplex network connector recreation, resulting in dangling connections</summary>
                <type id="1" iconUrl="https://issues.apache.org/jira/images/icons/issuetypes/bug.png">Bug</type>
                                            <priority id="3" iconUrl="https://issues.apache.org/jira/images/icons/priorities/major.png">Major</priority>
                        <status id="5" iconUrl="https://issues.apache.org/jira/images/icons/statuses/resolved.png" description="A resolution has been taken, and it is awaiting verification by reporter. From here issues are either reopened, or are closed.">Resolved</status>
                    <statusCategory id="3" key="done" colorName="green"/>
                                    <resolution id="1">Fixed</resolution>
                                        <assignee username="gtully">Gary Tully</assignee>
                                    <reporter username="gtully">Gary Tully</reporter>
                        <labels>
                            <label>duplex</label>
                            <label>networkconnector</label>
                            <label>shutdown</label>
                    </labels>
                <created>Wed, 9 Feb 2011 15:18:40 +0000</created>
                <updated>Thu, 10 Feb 2011 11:11:10 +0000</updated>
                            <resolved>Thu, 10 Feb 2011 11:11:10 +0000</resolved>
                                    <version>5.4.2</version>
                                    <fixVersion>5.5.0</fixVersion>
                                    <component>Connector</component>
                        <due></due>
                            <votes>0</votes>
                                    <watches>2</watches>
                                                                <comments>
                            <comment id="12992527" author="gtully" created="Wed, 9 Feb 2011 15:23:11 +0000"  >&lt;p&gt;linking to the changes that introduced the removal of the existing duplex connection&lt;/p&gt;</comment>
                            <comment id="12993002" author="gtully" created="Thu, 10 Feb 2011 11:11:10 +0000"  >&lt;p&gt;&lt;a href=&quot;http://svn.apache.org/viewvc?rev=1069339&amp;amp;view=rev&quot; class=&quot;external-link&quot; rel=&quot;nofollow&quot;&gt;http://svn.apache.org/viewvc?rev=1069339&amp;amp;view=rev&lt;/a&gt;&lt;/p&gt;</comment>
                    </comments>
                <issuelinks>
                            <issuelinktype id="12310010">
                    <name>Incorporates</name>
                                            <outwardlinks description="incorporates">
                                        <issuelink>
            <issuekey id="12495294">AMQ-3129</issuekey>
        </issuelink>
                            </outwardlinks>
                                                        </issuelinktype>
                            <issuelinktype id="12310050">
                    <name>Regression</name>
                                                                <inwardlinks description="is broken by">
                                        <issuelink>
            <issuekey id="12482573">AMQ-2774</issuekey>
        </issuelink>
                            </inwardlinks>
                                    </issuelinktype>
                    </issuelinks>
                <attachments>
                    </attachments>
                <subtasks>
                    </subtasks>
                <customfields>
                                                <customfield id="customfield_12310310" key="com.atlassian.jira.toolkit:attachments">
                        <customfieldname>Attachment count</customfieldname>
                        <customfieldvalues>
                            <customfieldvalue>0.0</customfieldvalue>
                        </customfieldvalues>
                    </customfield>
                                                                                                                                                                                                                                                                                                <customfield id="customfield_12310420" key="com.pyxis.greenhopper.jira:gh-global-rank">
                        <customfieldname>Global Rank</customfieldname>
                        <customfieldvalues>
                            <customfieldvalue>14678</customfieldvalue>
                        </customfieldvalues>
                    </customfield>
                                                                                            <customfield id="customfield_12311820" key="com.pyxis.greenhopper.jira:gh-lexo-rank">
                        <customfieldname>Rank</customfieldname>
                        <customfieldvalues>
                            <customfieldvalue>2|hy4bg7:</customfieldvalue>

                        </customfieldvalues>
                    </customfield>
                                                                <customfield id="customfield_12310920" key="com.pyxis.greenhopper.jira:gh-global-rank">
                        <customfieldname>Rank (Obsolete)</customfieldname>
                        <customfieldvalues>
                            <customfieldvalue>59011</customfieldvalue>
                        </customfieldvalues>
                    </customfield>
                                                                                                                                                    <customfield id="customfield_12310222" key="com.atlassian.jira.ext.charting:timeinstatus">
                        <customfieldname>Time in Status</customfieldname>
                        <customfieldvalues>
                            
                        </customfieldvalues>
                    </customfield>
                                    </customfields>
    </item>

<item>
            <title>[AMQ-3180] JMX Browse of BytesMessage fails with javax.management.openmbean.OpenDataException: Argument&apos;s element itemValues[8]=&quot;[B@de15a0&quot; is not a valid value for this item</title>
                <link>https://issues.apache.org/jira/browse/AMQ-3180</link>
                <project id="12311210" key="AMQ">ActiveMQ</project>
                    <description>&lt;p&gt;delivery of messages is not effected, but a browse returns no results via jmx and exceptions appear on the broker, eg:&lt;/p&gt;
&lt;div class=&quot;code panel&quot; style=&quot;border-width: 1px;&quot;&gt;&lt;div class=&quot;codeContent panelContent&quot;&gt;
&lt;pre class=&quot;code-java&quot;&gt;2011-01-24 05:20:05,672 [)-209.114.68.32] WARN DestinationViewMBean - exception browsing destination javax.management.openmbean.OpenDataException: Argument&apos;s element itemValues[15]=&lt;span class=&quot;code-quote&quot;&gt;&quot;[B@8e3f75&quot;&lt;/span&gt; is not a valid value &lt;span class=&quot;code-keyword&quot;&gt;for&lt;/span&gt; &lt;span class=&quot;code-keyword&quot;&gt;this&lt;/span&gt; item (itemName=BodyPreview,itemType=javax.management.openmbean.ArrayType(name=[Ljava.lang.&lt;span class=&quot;code-object&quot;&gt;Byte&lt;/span&gt;;,dimension=1,elementType=javax.management.openmbean.SimpleType(name=java.lang.&lt;span class=&quot;code-object&quot;&gt;Byte&lt;/span&gt;))).
atjavax.management.openmbean.CompositeDataSupport.&amp;lt;init&amp;gt;(CompositeDataSupport.java:145)
atjavax.management.openmbean.CompositeDataSupport.&amp;lt;init&amp;gt;(CompositeDataSupport.java:190)
At org.apache.activemq.broker.jmx.OpenTypeSupport.convert (OpenTypeSupport.java:398)
At org.apache.activemq.broker.jmx.DestinationView.browseMessages (DestinationView.java:195)
At org.apache.activemq.broker.jmx.DestinationView.browseMessages(DestinationView.java:176)
At sun.reflect.GeneratedMethodAccessor45.invoke (Unknown Source)
At sun.reflect.DelegatingMethodAccessorImpl.invoke (DelegatingMethodAccessorImpl.java:25)
At java.lang.reflect.Method.invoke (Method.java:592)
At com.sun.jmx.mbeanserver.StandardMetaDataImpl.invoke (StandardMetaDataImpl.java:414)
At com.sun.jmx.mbeanserver.MetaDataImpl.invoke (MetaDataImpl.java:220)
...&lt;/pre&gt;
&lt;/div&gt;&lt;/div&gt;</description>
                <environment></environment>
        <key id="12498515">AMQ-3180</key>
            <summary>JMX Browse of BytesMessage fails with javax.management.openmbean.OpenDataException: Argument&apos;s element itemValues[8]=&quot;[B@de15a0&quot; is not a valid value for this item</summary>
                <type id="1" iconUrl="https://issues.apache.org/jira/images/icons/issuetypes/bug.png">Bug</type>
                                            <priority id="4" iconUrl="https://issues.apache.org/jira/images/icons/priorities/minor.png">Minor</priority>
                        <status id="5" iconUrl="https://issues.apache.org/jira/images/icons/statuses/resolved.png" description="A resolution has been taken, and it is awaiting verification by reporter. From here issues are either reopened, or are closed.">Resolved</status>
                    <statusCategory id="3" key="done" colorName="green"/>
                                    <resolution id="1">Fixed</resolution>
                                        <assignee username="gtully">Gary Tully</assignee>
                                    <reporter username="gtully">Gary Tully</reporter>
                        <labels>
                            <label>BytesMessage</label>
                            <label>jmx</label>
                    </labels>
                <created>Mon, 14 Feb 2011 11:02:29 +0000</created>
                <updated>Mon, 14 Feb 2011 11:22:50 +0000</updated>
                            <resolved>Mon, 14 Feb 2011 11:22:50 +0000</resolved>
                                    <version>5.3.0</version>
                    <version>5.4.0</version>
                                    <fixVersion>5.5.0</fixVersion>
                                    <component>JMX</component>
                        <due></due>
                            <votes>0</votes>
                                    <watches>0</watches>
                                                                <comments>
                            <comment id="12994266" author="gtully" created="Mon, 14 Feb 2011 11:22:50 +0000"  >&lt;p&gt;resolved in &lt;a href=&quot;http://svn.apache.org/viewvc?rev=1070442&amp;amp;view=rev&quot; class=&quot;external-link&quot; rel=&quot;nofollow&quot;&gt;http://svn.apache.org/viewvc?rev=1070442&amp;amp;view=rev&lt;/a&gt;&lt;/p&gt;</comment>
                    </comments>
                    <attachments>
                    </attachments>
                <subtasks>
                    </subtasks>
                <customfields>
                                                <customfield id="customfield_12310310" key="com.atlassian.jira.toolkit:attachments">
                        <customfieldname>Attachment count</customfieldname>
                        <customfieldvalues>
                            <customfieldvalue>0.0</customfieldvalue>
                        </customfieldvalues>
                    </customfield>
                                                                                                                                                                                                                                                                                                <customfield id="customfield_12310420" key="com.pyxis.greenhopper.jira:gh-global-rank">
                        <customfieldname>Global Rank</customfieldname>
                        <customfieldvalues>
                            <customfieldvalue>14679</customfieldvalue>
                        </customfieldvalues>
                    </customfield>
                                                                                            <customfield id="customfield_12311820" key="com.pyxis.greenhopper.jira:gh-lexo-rank">
                        <customfieldname>Rank</customfieldname>
                        <customfieldvalues>
                            <customfieldvalue>2|hy4efr:</customfieldvalue>

                        </customfieldvalues>
                    </customfield>
                                                                <customfield id="customfield_12310920" key="com.pyxis.greenhopper.jira:gh-global-rank">
                        <customfieldname>Rank (Obsolete)</customfieldname>
                        <customfieldvalues>
                            <customfieldvalue>59495</customfieldvalue>
                        </customfieldvalues>
                    </customfield>
                                                                                                                                                    <customfield id="customfield_12310222" key="com.atlassian.jira.ext.charting:timeinstatus">
                        <customfieldname>Time in Status</customfieldname>
                        <customfieldvalues>
                            
                        </customfieldvalues>
                    </customfield>
                                    </customfields>
    </item>

<item>
            <title>[AMQ-3181] ActiveMQConnectionFactory fails in an Applet enviroment</title>
                <link>https://issues.apache.org/jira/browse/AMQ-3181</link>
                <project id="12311210" key="AMQ">ActiveMQ</project>
                    <description>&lt;p&gt;Initial error report can be found here: &lt;a href=&quot;http://stackoverflow.com/questions/4997117/applet-not-getting-initialized-on-the-browser-while-using-jms-to-connect-to-activ&quot; class=&quot;external-link&quot; rel=&quot;nofollow&quot;&gt;http://stackoverflow.com/questions/4997117/applet-not-getting-initialized-on-the-browser-while-using-jms-to-connect-to-activ&lt;/a&gt;&lt;/p&gt;</description>
                <environment></environment>
        <key id="12498633">AMQ-3181</key>
            <summary>ActiveMQConnectionFactory fails in an Applet enviroment</summary>
                <type id="1" iconUrl="https://issues.apache.org/jira/images/icons/issuetypes/bug.png">Bug</type>
                                            <priority id="3" iconUrl="https://issues.apache.org/jira/images/icons/priorities/major.png">Major</priority>
                        <status id="5" iconUrl="https://issues.apache.org/jira/images/icons/statuses/resolved.png" description="A resolution has been taken, and it is awaiting verification by reporter. From here issues are either reopened, or are closed.">Resolved</status>
                    <statusCategory id="3" key="done" colorName="green"/>
                                    <resolution id="1">Fixed</resolution>
                                        <assignee username="chirino">Hiram Chirino</assignee>
                                    <reporter username="chirino">Hiram Chirino</reporter>
                        <labels>
                    </labels>
                <created>Tue, 15 Feb 2011 13:00:31 +0000</created>
                <updated>Tue, 15 Feb 2011 13:03:21 +0000</updated>
                            <resolved>Tue, 15 Feb 2011 13:03:21 +0000</resolved>
                                    <version>5.4.2</version>
                                    <fixVersion>5.5.0</fixVersion>
                                    <component>JMS client</component>
                        <due></due>
                            <votes>0</votes>
                                    <watches>0</watches>
                                                                <comments>
                            <comment id="12994778" author="chirino" created="Tue, 15 Feb 2011 13:02:30 +0000"  >&lt;p&gt;Looks like ActiveMQ is trying to register a PropertyEditor which is not allowed by the applet security sandbox.  Every thing should work fine even if the property editor does not get registered so it&apos;s  a simple case of just having to trap the exception.&lt;/p&gt;</comment>
                            <comment id="12994779" author="chirino" created="Tue, 15 Feb 2011 13:03:21 +0000"  >&lt;p&gt;fixed in revision 1070876&lt;/p&gt;</comment>
                    </comments>
                    <attachments>
                    </attachments>
                <subtasks>
                    </subtasks>
                <customfields>
                                                <customfield id="customfield_12310310" key="com.atlassian.jira.toolkit:attachments">
                        <customfieldname>Attachment count</customfieldname>
                        <customfieldvalues>
                            <customfieldvalue>0.0</customfieldvalue>
                        </customfieldvalues>
                    </customfield>
                                                                                                                                                                                                                                                                                                <customfield id="customfield_12310420" key="com.pyxis.greenhopper.jira:gh-global-rank">
                        <customfieldname>Global Rank</customfieldname>
                        <customfieldvalues>
                            <customfieldvalue>14680</customfieldvalue>
                        </customfieldvalues>
                    </customfield>
                                                                                            <customfield id="customfield_12311820" key="com.pyxis.greenhopper.jira:gh-lexo-rank">
                        <customfieldname>Rank</customfieldname>
                        <customfieldvalues>
                            <customfieldvalue>2|hy4efj:</customfieldvalue>

                        </customfieldvalues>
                    </customfield>
                                                                <customfield id="customfield_12310920" key="com.pyxis.greenhopper.jira:gh-global-rank">
                        <customfieldname>Rank (Obsolete)</customfieldname>
                        <customfieldvalues>
                            <customfieldvalue>59494</customfieldvalue>
                        </customfieldvalues>
                    </customfield>
                                                                                                                                                    <customfield id="customfield_12310222" key="com.atlassian.jira.ext.charting:timeinstatus">
                        <customfieldname>Time in Status</customfieldname>
                        <customfieldvalues>
                            
                        </customfieldvalues>
                    </customfield>
                                    </customfields>
    </item>

<item>
            <title>[AMQ-3182] JAAS PropertiesLoginModule does not maintain internal validity state, so will commit in error after an invalid login attempt</title>
                <link>https://issues.apache.org/jira/browse/AMQ-3182</link>
                <project id="12311210" key="AMQ">ActiveMQ</project>
                    <description>&lt;p&gt;Issue visible when using the JaasDualAuthenticationPlugin which uses two login modules. An failed login attempt as system (with wrong password) will still succeed with the guest module, but the principals should be restricted to the guest role. They are not as the failed system module still commits in error.&lt;/p&gt;</description>
                <environment></environment>
        <key id="12498775">AMQ-3182</key>
            <summary>JAAS PropertiesLoginModule does not maintain internal validity state, so will commit in error after an invalid login attempt</summary>
                <type id="1" iconUrl="https://issues.apache.org/jira/images/icons/issuetypes/bug.png">Bug</type>
                                            <priority id="3" iconUrl="https://issues.apache.org/jira/images/icons/priorities/major.png">Major</priority>
                        <status id="5" iconUrl="https://issues.apache.org/jira/images/icons/statuses/resolved.png" description="A resolution has been taken, and it is awaiting verification by reporter. From here issues are either reopened, or are closed.">Resolved</status>
                    <statusCategory id="3" key="done" colorName="green"/>
                                    <resolution id="1">Fixed</resolution>
                                        <assignee username="gtully">Gary Tully</assignee>
                                    <reporter username="gtully">Gary Tully</reporter>
                        <labels>
                            <label>Authentication</label>
                            <label>JAAS</label>
                            <label>security</label>
                    </labels>
                <created>Wed, 16 Feb 2011 15:50:51 +0000</created>
                <updated>Wed, 16 Feb 2011 16:33:42 +0000</updated>
                            <resolved>Wed, 16 Feb 2011 16:33:42 +0000</resolved>
                                    <version>5.4.2</version>
                                    <fixVersion>5.5.0</fixVersion>
                                    <component>Broker</component>
                        <due></due>
                            <votes>0</votes>
                                    <watches>1</watches>
                                                                <comments>
                            <comment id="12995376" author="gtully" created="Wed, 16 Feb 2011 16:33:42 +0000"  >&lt;p&gt;fix in &lt;a href=&quot;http://svn.apache.org/viewvc?rev=1071301&amp;amp;view=rev&quot; class=&quot;external-link&quot; rel=&quot;nofollow&quot;&gt;http://svn.apache.org/viewvc?rev=1071301&amp;amp;view=rev&lt;/a&gt;&lt;/p&gt;</comment>
                    </comments>
                    <attachments>
                    </attachments>
                <subtasks>
                    </subtasks>
                <customfields>
                                                <customfield id="customfield_12310310" key="com.atlassian.jira.toolkit:attachments">
                        <customfieldname>Attachment count</customfieldname>
                        <customfieldvalues>
                            <customfieldvalue>0.0</customfieldvalue>
                        </customfieldvalues>
                    </customfield>
                                                                                                                                                                                                                                                                                                <customfield id="customfield_12310420" key="com.pyxis.greenhopper.jira:gh-global-rank">
                        <customfieldname>Global Rank</customfieldname>
                        <customfieldvalues>
                            <customfieldvalue>14681</customfieldvalue>
                        </customfieldvalues>
                    </customfield>
                                                                                            <customfield id="customfield_12311820" key="com.pyxis.greenhopper.jira:gh-lexo-rank">
                        <customfieldname>Rank</customfieldname>
                        <customfieldvalues>
                            <customfieldvalue>2|hy4efb:</customfieldvalue>

                        </customfieldvalues>
                    </customfield>
                                                                <customfield id="customfield_12310920" key="com.pyxis.greenhopper.jira:gh-global-rank">
                        <customfieldname>Rank (Obsolete)</customfieldname>
                        <customfieldvalues>
                            <customfieldvalue>59493</customfieldvalue>
                        </customfieldvalues>
                    </customfield>
                                                                                                                                                    <customfield id="customfield_12310222" key="com.atlassian.jira.ext.charting:timeinstatus">
                        <customfieldname>Time in Status</customfieldname>
                        <customfieldvalues>
                            
                        </customfieldvalues>
                    </customfield>
                                    </customfields>
    </item>

<item>
            <title>[AMQ-3185] Closing a VMTransport can cause all other VMTransports to be prematurely closed</title>
                <link>https://issues.apache.org/jira/browse/AMQ-3185</link>
                <project id="12311210" key="AMQ">ActiveMQ</project>
                    <description>&lt;p&gt;Symptom&lt;br/&gt;
=======&lt;br/&gt;
We have eight servers running AMQ 5.3.1 connected in a network-of-brokers over HTTP.  Each broker maintains local connections to internal consumers using the VM transport.  We were noticing that about once every day, all the local VM connections on a broker and the outbound network bridge connections would fail with the following error:&lt;/p&gt;

&lt;p&gt;2010-12-10 04:29:11,663 &lt;span class=&quot;error&quot;&gt;&amp;#91;processBroker-process-pool-thread-4&amp;#93;&lt;/span&gt; ERROR - The worker encountered an exception and will pause for 5 seconds before continuing.&lt;br/&gt;
javax.jms.JMSException: Peer (vm://broker-mbus-200005#1052452) disposed.&lt;br/&gt;
	at org.apache.activemq.util.JMSExceptionSupport.create(JMSExceptionSupport.java:62)&lt;br/&gt;
	at org.apache.activemq.ActiveMQMessageConsumer.dequeue(ActiveMQMessageConsumer.java:453)&lt;br/&gt;
	at org.apache.activemq.ActiveMQMessageConsumer.receive(ActiveMQMessageConsumer.java:570)&lt;br/&gt;
	at com.invoqsystems.foundation.component.communication.jms.source.JMSMessageSource.getMessage(JMSMessageSource.java:33)&lt;br/&gt;
	at com.invoqsystems.foundation.component.communication.jms.source.JMSMessageSource.getMessage(JMSMessageSource.java:95)&lt;br/&gt;
	at com.invoqsystems.foundation.component.communication.jms.worker.MessageProcessingWorker.getTask(MessageProcessingWorker.java:9)&lt;br/&gt;
	at com.invoqsystems.foundation.component.communication.jms.worker.AbstractWorker.iterate(AbstractWorker.java:14)&lt;br/&gt;
	at com.invoqsystems.foundation.component.communication.jms.worker.AbstractWorker.runUntilStop(AbstractWorker.java:17)&lt;br/&gt;
	at com.invoqsystems.foundation.component.communication.jms.worker.AbstractWorker.run(AbstractWorker.java:41)&lt;br/&gt;
	at java.lang.Thread.run(Unknown Source)&lt;br/&gt;
Caused by: org.apache.activemq.transport.TransportDisposedIOException: Peer (vm://broker-mbus-200005#1052452) disposed.&lt;br/&gt;
	at org.apache.activemq.transport.vm.VMTransport.stop(VMTransport.java:70)&lt;br/&gt;
	at org.apache.activemq.transport.TransportFilter.stop(TransportFilter.java:64)&lt;br/&gt;
	at org.apache.activemq.transport.TransportFilter.stop(TransportFilter.java:64)&lt;br/&gt;
	at org.apache.activemq.transport.ResponseCorrelator.stop(ResponseCorrelator.java:132)&lt;br/&gt;
	at org.apache.activemq.broker.TransportConnection.doStop(TransportConnection.java:956)&lt;br/&gt;
	at org.apache.activemq.broker.TransportConnection$3.run(TransportConnection.java:918)&lt;br/&gt;
	at java.util.concurrent.ThreadPoolExecutor$Worker.runTask(Unknown Source)&lt;br/&gt;
	at java.util.concurrent.ThreadPoolExecutor$Worker.run(Unknown Source)&lt;br/&gt;
	... 1 more&lt;/p&gt;

&lt;p&gt;This was quite unexpected since we create the VM transport connection at broker startup and maintain it (the single connection) throughout the life of the application.  The connection is only closed when the process terminates and the broker is stopped.&lt;/p&gt;

&lt;p&gt;Since we wrote our consumers against the JMS spec, we handle periodic connection failures by creating a new connection.  This works fine sometimes; however, because of &lt;a href=&quot;https://issues.apache.org/jira/browse/AMQ-3127&quot; title=&quot;Network bridge causes deadlock on queue/topic when message dispatch and consumer registration overlap.&quot; class=&quot;issue-link&quot; data-issue-key=&quot;AMQ-3127&quot;&gt;&lt;del&gt;AMQ-3127&lt;/del&gt;&lt;/a&gt;, the sudden reregistration of our consumers simultaneously occurring with bridge re-creation causes frequent deadlock that can only be resolved by restarting the systems.&lt;/p&gt;

&lt;p&gt;Cause&lt;br/&gt;
=====&lt;br/&gt;
We were unable to reliably recreate the failure, so it became clear that a timing issue was involved.  Eventually, we determined the cause of the VM transport failure was due to the following code in VMTransportServer:&lt;/p&gt;

&lt;div class=&quot;code panel&quot; style=&quot;border-width: 1px;&quot;&gt;&lt;div class=&quot;codeHeader panelHeader&quot; style=&quot;border-bottom-width: 1px;&quot;&gt;&lt;b&gt;VMTransportServer.java&lt;/b&gt;&lt;/div&gt;&lt;div class=&quot;codeContent panelContent&quot;&gt;
&lt;pre class=&quot;code-java&quot;&gt;
    &lt;span class=&quot;code-keyword&quot;&gt;public&lt;/span&gt; VMTransport connect() &lt;span class=&quot;code-keyword&quot;&gt;throws&lt;/span&gt; IOException {
        TransportAcceptListener al;
        &lt;span class=&quot;code-keyword&quot;&gt;synchronized&lt;/span&gt; (&lt;span class=&quot;code-keyword&quot;&gt;this&lt;/span&gt;) {
            &lt;span class=&quot;code-keyword&quot;&gt;if&lt;/span&gt; (disposed) {
                &lt;span class=&quot;code-keyword&quot;&gt;throw&lt;/span&gt; &lt;span class=&quot;code-keyword&quot;&gt;new&lt;/span&gt; IOException(&lt;span class=&quot;code-quote&quot;&gt;&quot;Server has been disposed.&quot;&lt;/span&gt;);
            }
            al = acceptListener;
        }
        &lt;span class=&quot;code-keyword&quot;&gt;if&lt;/span&gt; (al == &lt;span class=&quot;code-keyword&quot;&gt;null&lt;/span&gt;) {
            &lt;span class=&quot;code-keyword&quot;&gt;throw&lt;/span&gt; &lt;span class=&quot;code-keyword&quot;&gt;new&lt;/span&gt; IOException(&lt;span class=&quot;code-quote&quot;&gt;&quot;Server TransportAcceptListener is &lt;span class=&quot;code-keyword&quot;&gt;null&lt;/span&gt;.&quot;&lt;/span&gt;);
        }

        connectionCount.incrementAndGet();
        VMTransport client = &lt;span class=&quot;code-keyword&quot;&gt;new&lt;/span&gt; VMTransport(location) {
            &lt;span class=&quot;code-keyword&quot;&gt;public&lt;/span&gt; void stop() &lt;span class=&quot;code-keyword&quot;&gt;throws&lt;/span&gt; Exception {
                &lt;span class=&quot;code-keyword&quot;&gt;if&lt;/span&gt; (disposed) {
                    &lt;span class=&quot;code-keyword&quot;&gt;return&lt;/span&gt;;
                }
                &lt;span class=&quot;code-keyword&quot;&gt;super&lt;/span&gt;.stop();
                &lt;span class=&quot;code-keyword&quot;&gt;if&lt;/span&gt; (connectionCount.decrementAndGet() == 0 &amp;amp;&amp;amp; disposeOnDisconnect) {
                    VMTransportServer.&lt;span class=&quot;code-keyword&quot;&gt;this&lt;/span&gt;.stop();
                }
            };
        };

        VMTransport server = &lt;span class=&quot;code-keyword&quot;&gt;new&lt;/span&gt; VMTransport(location);
        client.setPeer(server);
        server.setPeer(client);
        al.onAccept(configure(server));
        &lt;span class=&quot;code-keyword&quot;&gt;return&lt;/span&gt; client;
    }
&lt;/pre&gt;
&lt;/div&gt;&lt;/div&gt;

&lt;p&gt;At issue is the override VMTransport.stop() method:&lt;/p&gt;

&lt;div class=&quot;code panel&quot; style=&quot;border-width: 1px;&quot;&gt;&lt;div class=&quot;codeHeader panelHeader&quot; style=&quot;border-bottom-width: 1px;&quot;&gt;&lt;b&gt;VMTransportServer.java&lt;/b&gt;&lt;/div&gt;&lt;div class=&quot;codeContent panelContent&quot;&gt;
&lt;pre class=&quot;code-java&quot;&gt;
            &lt;span class=&quot;code-keyword&quot;&gt;public&lt;/span&gt; void stop() &lt;span class=&quot;code-keyword&quot;&gt;throws&lt;/span&gt; Exception {
                &lt;span class=&quot;code-keyword&quot;&gt;if&lt;/span&gt; (disposed) {
                    &lt;span class=&quot;code-keyword&quot;&gt;return&lt;/span&gt;;
                }
                &lt;span class=&quot;code-keyword&quot;&gt;super&lt;/span&gt;.stop();
                &lt;span class=&quot;code-keyword&quot;&gt;if&lt;/span&gt; (connectionCount.decrementAndGet() == 0 &amp;amp;&amp;amp; disposeOnDisconnect) {
                    VMTransportServer.&lt;span class=&quot;code-keyword&quot;&gt;this&lt;/span&gt;.stop();
                }
            };
&lt;/pre&gt;
&lt;/div&gt;&lt;/div&gt;

&lt;p&gt;Note that VMTransport.disposed is used to protect against multiple calls and subsequently multiple decrements of connectionCount.  However, in the implementation of super.stop(), the disposed flag is only set after the peer transport is informed of the stop:&lt;/p&gt;

&lt;div class=&quot;code panel&quot; style=&quot;border-width: 1px;&quot;&gt;&lt;div class=&quot;codeHeader panelHeader&quot; style=&quot;border-bottom-width: 1px;&quot;&gt;&lt;b&gt;VMTransport.java&lt;/b&gt;&lt;/div&gt;&lt;div class=&quot;codeContent panelContent&quot;&gt;
&lt;pre class=&quot;code-java&quot;&gt;
    &lt;span class=&quot;code-keyword&quot;&gt;public&lt;/span&gt; void stop() &lt;span class=&quot;code-keyword&quot;&gt;throws&lt;/span&gt; Exception {
        stopping.set(&lt;span class=&quot;code-keyword&quot;&gt;true&lt;/span&gt;);
        
        &lt;span class=&quot;code-comment&quot;&gt;// If stop() is called &lt;span class=&quot;code-keyword&quot;&gt;while&lt;/span&gt; being start()ed.. then we can&apos;t stop until we &lt;span class=&quot;code-keyword&quot;&gt;return&lt;/span&gt; to the start() method.
&lt;/span&gt;        &lt;span class=&quot;code-keyword&quot;&gt;if&lt;/span&gt;( enqueueValve.isOn() ) {
        	
            &lt;span class=&quot;code-comment&quot;&gt;// let the peer know that we are disconnecting..
&lt;/span&gt;            &lt;span class=&quot;code-keyword&quot;&gt;try&lt;/span&gt; {
&amp;gt;&amp;gt;&amp;gt;                peer.transportListener.onCommand(&lt;span class=&quot;code-keyword&quot;&gt;new&lt;/span&gt; ShutdownInfo());
            } &lt;span class=&quot;code-keyword&quot;&gt;catch&lt;/span&gt; (Exception ignore) {
            }
        	
        	
            TaskRunner tr = &lt;span class=&quot;code-keyword&quot;&gt;null&lt;/span&gt;;
            &lt;span class=&quot;code-keyword&quot;&gt;try&lt;/span&gt; {
                enqueueValve.turnOff();
                &lt;span class=&quot;code-keyword&quot;&gt;if&lt;/span&gt; (!disposed) {
                    started = &lt;span class=&quot;code-keyword&quot;&gt;false&lt;/span&gt;;
&amp;gt;&amp;gt;&amp;gt;                    disposed = &lt;span class=&quot;code-keyword&quot;&gt;true&lt;/span&gt;;
                    &lt;span class=&quot;code-keyword&quot;&gt;if&lt;/span&gt; (taskRunner != &lt;span class=&quot;code-keyword&quot;&gt;null&lt;/span&gt;) {
                        tr = taskRunner;
                        taskRunner = &lt;span class=&quot;code-keyword&quot;&gt;null&lt;/span&gt;;
                    }
                }
            } &lt;span class=&quot;code-keyword&quot;&gt;finally&lt;/span&gt; {
                stopping.set(&lt;span class=&quot;code-keyword&quot;&gt;false&lt;/span&gt;);
                enqueueValve.turnOn();
            }
            &lt;span class=&quot;code-keyword&quot;&gt;if&lt;/span&gt; (tr != &lt;span class=&quot;code-keyword&quot;&gt;null&lt;/span&gt;) {
                tr.shutdown(1000);
            }
            

        }
        
    }
&lt;/pre&gt;
&lt;/div&gt;&lt;/div&gt;

&lt;p&gt;TransportConnection implements of peer.transportListener.onCommand(new ShutdownInfo()) by launching a asynchronous task that eventually calls back to the same transport that initiated the closure.  If the timing is right, VMTransportServer&apos;s VMTransport.stop() method is called a second time before the disposed flag is set to true.  As a result, the connectionCount is decremented &lt;b&gt;TWICE&lt;/b&gt; instead of just once.&lt;/p&gt;

&lt;p&gt;In other words, the diposed check and decrement as implemented by VMTransport&apos;s anonymous VMTransport subclass are not thread-safe.  If VMTransportServer miscounts the connections, it can end up stopping itself while there are still live connections.  The result is that the live connections see their peer (the server part of the VMTransport) unexpectedly closed.&lt;/p&gt;

&lt;p&gt;Solution&lt;br/&gt;
========&lt;br/&gt;
The attached patch prevents multiple decrements of the connectionCount by preventing reentrant calls to VMTransportServer&apos;s VMTransport stop() method.&lt;/p&gt;

&lt;p&gt;A patch is included which demonstrates the problem with the existing AMQ trunk code.&lt;/p&gt;</description>
                <environment></environment>
        <key id="12499175">AMQ-3185</key>
            <summary>Closing a VMTransport can cause all other VMTransports to be prematurely closed</summary>
                <type id="1" iconUrl="https://issues.apache.org/jira/images/icons/issuetypes/bug.png">Bug</type>
                                            <priority id="2" iconUrl="https://issues.apache.org/jira/images/icons/priorities/critical.png">Critical</priority>
                        <status id="5" iconUrl="https://issues.apache.org/jira/images/icons/statuses/resolved.png" description="A resolution has been taken, and it is awaiting verification by reporter. From here issues are either reopened, or are closed.">Resolved</status>
                    <statusCategory id="3" key="done" colorName="green"/>
                                    <resolution id="1">Fixed</resolution>
                                        <assignee username="tabish121">Timothy Bish</assignee>
                                    <reporter username="stirlingc">Stirling Chow</reporter>
                        <labels>
                    </labels>
                <created>Sun, 20 Feb 2011 19:14:39 +0000</created>
                <updated>Thu, 24 Feb 2011 16:52:52 +0000</updated>
                            <resolved>Thu, 24 Feb 2011 16:52:52 +0000</resolved>
                                    <version>5.4.2</version>
                                    <fixVersion>5.5.0</fixVersion>
                                    <component>Transport</component>
                        <due></due>
                            <votes>0</votes>
                                    <watches>0</watches>
                                                                <comments>
                            <comment id="12997194" author="stirlingc" created="Sun, 20 Feb 2011 19:15:51 +0000"  >&lt;p&gt;Patch that prevents VMTransportServer/VMTransport from mistakenly decrementing connectionCount more than once per VMTransport.&lt;/p&gt;</comment>
                            <comment id="12997195" author="stirlingc" created="Sun, 20 Feb 2011 19:17:17 +0000"  >&lt;p&gt;Unit test that demonstrates the premature closure of VMTransport.  The test is timing dependent, but on our systems it fails nearly always within 10 iterations of the loop.&lt;/p&gt;

&lt;p&gt;After the patch is applied, the test passes 100% of the time.&lt;/p&gt;</comment>
                            <comment id="12997197" author="stirlingc" created="Sun, 20 Feb 2011 19:22:27 +0000"  >&lt;p&gt;It should be noted that we originally encountered this error on AMQ 5.3.1.  While the bug was in VMTransport/VMTransportServer, it was exposed by the existence of broker-to-broker bridges that frequently failed (i.e., in our network of brokers, several brokers are for failover and are not started during normal operations).  A number of changes in AMQ 5.4.2, specifically the modification of VMTransport&apos;s stop() method to send a ShutdownInfo to the peer rather than triggering its exception handler, prevented the bug from appearing in our runtime environments.  However, further analysis of the AMQ trunk source revealed that the root cause, even though no longer triggered in our runtime environment, was still present &amp;#8212; specifically the ability of VMTransportServer to mistakenly decrement connectionCount multiple times.&lt;/p&gt;

&lt;p&gt;Given the reported deadlock with bridge creation, this turned out to be a significant issue with the stability of our system.  We would like the root cause addressed to prevent possible reintroduction in subsequent versions.&lt;/p&gt;</comment>
                            <comment id="12997198" author="stirlingc" created="Sun, 20 Feb 2011 19:23:29 +0000"  >&lt;p&gt;When combined with &lt;a href=&quot;https://issues.apache.org/jira/browse/AMQ-3127&quot; title=&quot;Network bridge causes deadlock on queue/topic when message dispatch and consumer registration overlap.&quot; class=&quot;issue-link&quot; data-issue-key=&quot;AMQ-3127&quot;&gt;&lt;del&gt;AMQ-3127&lt;/del&gt;&lt;/a&gt;, &lt;a href=&quot;https://issues.apache.org/jira/browse/AMQ-3185&quot; title=&quot;Closing a VMTransport can cause all other VMTransports to be prematurely closed&quot; class=&quot;issue-link&quot; data-issue-key=&quot;AMQ-3185&quot;&gt;&lt;del&gt;AMQ-3185&lt;/del&gt;&lt;/a&gt; created a major problem with the stability of our systems.&lt;/p&gt;</comment>
                            <comment id="12998930" author="tabish121" created="Thu, 24 Feb 2011 16:52:52 +0000"  >&lt;p&gt;Applied patch, thanks for the great test case.&lt;/p&gt;</comment>
                    </comments>
                <issuelinks>
                            <issuelinktype id="10030">
                    <name>Reference</name>
                                            <outwardlinks description="relates to">
                                        <issuelink>
            <issuekey id="12495173">AMQ-3127</issuekey>
        </issuelink>
                            </outwardlinks>
                                                        </issuelinktype>
                    </issuelinks>
                <attachments>
                            <attachment id="12471530" name="VMTransportClosureTest.java" size="4576" author="stirlingc" created="Sun, 20 Feb 2011 19:17:17 +0000"/>
                            <attachment id="12471527" name="patch.diff" size="1732" author="stirlingc" created="Sun, 20 Feb 2011 19:15:51 +0000"/>
                    </attachments>
                <subtasks>
                    </subtasks>
                <customfields>
                                                <customfield id="customfield_12310310" key="com.atlassian.jira.toolkit:attachments">
                        <customfieldname>Attachment count</customfieldname>
                        <customfieldvalues>
                            <customfieldvalue>2.0</customfieldvalue>
                        </customfieldvalues>
                    </customfield>
                                                                                                                        <customfield id="customfield_12310220" key="com.atlassian.jira.ext.charting:firstresponsedate">
                        <customfieldname>Date of First Response</customfieldname>
                        <customfieldvalues>
                            <customfieldvalue>Thu, 24 Feb 2011 16:52:52 +0000</customfieldvalue>

                        </customfieldvalues>
                    </customfield>
                                                                                                                                                                                                            <customfield id="customfield_12310420" key="com.pyxis.greenhopper.jira:gh-global-rank">
                        <customfieldname>Global Rank</customfieldname>
                        <customfieldvalues>
                            <customfieldvalue>14695</customfieldvalue>
                        </customfieldvalues>
                    </customfield>
                                                                <customfield id="customfield_12310041" key="com.atlassian.jira.plugin.system.customfieldtypes:multicheckboxes">
                        <customfieldname>Patch Info</customfieldname>
                        <customfieldvalues>
                                <customfieldvalue key="10042"><![CDATA[Patch Available]]></customfieldvalue>
    
                        </customfieldvalues>
                    </customfield>
                                                                <customfield id="customfield_12311820" key="com.pyxis.greenhopper.jira:gh-lexo-rank">
                        <customfieldname>Rank</customfieldname>
                        <customfieldvalues>
                            <customfieldvalue>2|hy4een:</customfieldvalue>

                        </customfieldvalues>
                    </customfield>
                                                                <customfield id="customfield_12310920" key="com.pyxis.greenhopper.jira:gh-global-rank">
                        <customfieldname>Rank (Obsolete)</customfieldname>
                        <customfieldvalues>
                            <customfieldvalue>59490</customfieldvalue>
                        </customfieldvalues>
                    </customfield>
                                                                                                                                                    <customfield id="customfield_12310222" key="com.atlassian.jira.ext.charting:timeinstatus">
                        <customfieldname>Time in Status</customfieldname>
                        <customfieldvalues>
                            
                        </customfieldvalues>
                    </customfield>
                                    </customfields>
    </item>

<item>
            <title>[AMQ-3187] IllegalMonitorStateException in default topic consumer of maven-activemq-perf-plugin</title>
                <link>https://issues.apache.org/jira/browse/AMQ-3187</link>
                <project id="12311210" key="AMQ">ActiveMQ</project>
                    <description>&lt;p&gt;Running &lt;/p&gt;

&lt;div class=&quot;code panel&quot; style=&quot;border-width: 1px;&quot;&gt;&lt;div class=&quot;codeContent panelContent&quot;&gt;
&lt;pre class=&quot;code-java&quot;&gt;
mvn activemq-perf:consumer -Dfactory.brokerURL=tcp:&lt;span class=&quot;code-comment&quot;&gt;//localhost:61616 
&lt;/span&gt;-Dconsumer.destName=topic:&lt;span class=&quot;code-comment&quot;&gt;//Test -Dconsumer.sessAckMode=autoAck -Dconsumer.recvType=count &lt;/span&gt;
&lt;/pre&gt;
&lt;/div&gt;&lt;/div&gt;

&lt;p&gt;generates&lt;/p&gt;
&lt;div class=&quot;code panel&quot; style=&quot;border-width: 1px;&quot;&gt;&lt;div class=&quot;codeContent panelContent&quot;&gt;
&lt;pre class=&quot;code-java&quot;&gt;
Exception in thread &lt;span class=&quot;code-quote&quot;&gt;&quot;JmsConsumer0 &lt;span class=&quot;code-object&quot;&gt;Thread&lt;/span&gt;&quot;&lt;/span&gt; java.lang.IllegalMonitorStateException
        at java.lang.&lt;span class=&quot;code-object&quot;&gt;Object&lt;/span&gt;.wait(Native Method)
        at java.lang.&lt;span class=&quot;code-object&quot;&gt;Object&lt;/span&gt;.wait(&lt;span class=&quot;code-object&quot;&gt;Object&lt;/span&gt;.java:485)
        at org.apache.activemq.tool.JmsConsumerClient.receiveAsyncCountBasedMessages(JmsConsumerClient.java:176)
        at org.apache.activemq.tool.JmsConsumerClient.receiveMessages(JmsConsumerClient.java:54)
        at org.apache.activemq.tool.JmsConsumerClient.receiveMessages(JmsConsumerClient.java:67)
        at org.apache.activemq.tool.JmsConsumerClient.receiveMessages(JmsConsumerClient.java:72)
        at org.apache.activemq.tool.JmsConsumerSystem.runJmsClient(JmsConsumerSystem.java:62)
        at org.apache.activemq.tool.AbstractJmsClientSystem$1.run(AbstractJmsClientSystem.java:85)
        at java.lang.&lt;span class=&quot;code-object&quot;&gt;Thread&lt;/span&gt;.run(&lt;span class=&quot;code-object&quot;&gt;Thread&lt;/span&gt;.java:619)
&lt;/pre&gt;
&lt;/div&gt;&lt;/div&gt;

&lt;p&gt;Using -Dconsumer.asyncRecv=false resolves the problem.&lt;/p&gt;</description>
                <environment>&lt;p&gt;maven-activemq-perf-plugin &lt;/p&gt;</environment>
        <key id="12499360">AMQ-3187</key>
            <summary>IllegalMonitorStateException in default topic consumer of maven-activemq-perf-plugin</summary>
                <type id="1" iconUrl="https://issues.apache.org/jira/images/icons/issuetypes/bug.png">Bug</type>
                                            <priority id="3" iconUrl="https://issues.apache.org/jira/images/icons/priorities/major.png">Major</priority>
                        <status id="5" iconUrl="https://issues.apache.org/jira/images/icons/statuses/resolved.png" description="A resolution has been taken, and it is awaiting verification by reporter. From here issues are either reopened, or are closed.">Resolved</status>
                    <statusCategory id="3" key="done" colorName="green"/>
                                    <resolution id="1">Fixed</resolution>
                                        <assignee username="tabish121">Timothy Bish</assignee>
                                    <reporter username="tmielke">Torsten Mielke</reporter>
                        <labels>
                            <label>mvn</label>
                            <label>perfomance</label>
                    </labels>
                <created>Tue, 22 Feb 2011 16:13:33 +0000</created>
                <updated>Thu, 24 Feb 2011 20:12:34 +0000</updated>
                            <resolved>Thu, 24 Feb 2011 20:12:34 +0000</resolved>
                                    <version>5.4.2</version>
                                    <fixVersion>5.5.0</fixVersion>
                                    <component>Performance Test</component>
                        <due></due>
                            <votes>0</votes>
                                    <watches>0</watches>
                                                                <comments>
                            <comment id="12997894" author="tmielke" created="Tue, 22 Feb 2011 16:44:48 +0000"  >&lt;p&gt;Attaching proposed patch to resolve this exception. &lt;/p&gt;</comment>
                            <comment id="12999017" author="tabish121" created="Thu, 24 Feb 2011 20:12:34 +0000"  >&lt;p&gt;patch applied, thanks.&lt;/p&gt;</comment>
                    </comments>
                    <attachments>
                            <attachment id="12471633" name="AMQ-3187.patch" size="1242" author="tmielke" created="Tue, 22 Feb 2011 16:44:48 +0000"/>
                    </attachments>
                <subtasks>
                    </subtasks>
                <customfields>
                                                <customfield id="customfield_12310310" key="com.atlassian.jira.toolkit:attachments">
                        <customfieldname>Attachment count</customfieldname>
                        <customfieldvalues>
                            <customfieldvalue>1.0</customfieldvalue>
                        </customfieldvalues>
                    </customfield>
                                                                                                                        <customfield id="customfield_12310220" key="com.atlassian.jira.ext.charting:firstresponsedate">
                        <customfieldname>Date of First Response</customfieldname>
                        <customfieldvalues>
                            <customfieldvalue>Thu, 24 Feb 2011 20:12:34 +0000</customfieldvalue>

                        </customfieldvalues>
                    </customfield>
                                                                                                                                                                                                            <customfield id="customfield_12310420" key="com.pyxis.greenhopper.jira:gh-global-rank">
                        <customfieldname>Global Rank</customfieldname>
                        <customfieldvalues>
                            <customfieldvalue>14693</customfieldvalue>
                        </customfieldvalues>
                    </customfield>
                                                                                            <customfield id="customfield_12311820" key="com.pyxis.greenhopper.jira:gh-lexo-rank">
                        <customfieldname>Rank</customfieldname>
                        <customfieldvalues>
                            <customfieldvalue>2|hy4ee7:</customfieldvalue>

                        </customfieldvalues>
                    </customfield>
                                                                <customfield id="customfield_12310920" key="com.pyxis.greenhopper.jira:gh-global-rank">
                        <customfieldname>Rank (Obsolete)</customfieldname>
                        <customfieldvalues>
                            <customfieldvalue>59488</customfieldvalue>
                        </customfieldvalues>
                    </customfield>
                                                                                                                                                    <customfield id="customfield_12310222" key="com.atlassian.jira.ext.charting:timeinstatus">
                        <customfieldname>Time in Status</customfieldname>
                        <customfieldvalues>
                            
                        </customfieldvalues>
                    </customfield>
                                    </customfields>
    </item>

<item>
            <title>[AMQ-3190] Durable Subscription - missing messages when selector matching sub resumes after broker restart</title>
                <link>https://issues.apache.org/jira/browse/AMQ-3190</link>
                <project id="12311210" key="AMQ">ActiveMQ</project>
                    <description>&lt;p&gt;Durable subs, online offline with a mix of filter matching and unmatched.&lt;/p&gt;

&lt;p&gt;Scenario, one offline durable sub with selector, lots of messages that don&apos;t match, second durable sub with selector. Broker restart. After restart, publish matching messages. New messages get wrong order id within the broker, such that ids are reused and second sub misses messages. &lt;/p&gt;
</description>
                <environment></environment>
        <key id="12499704">AMQ-3190</key>
            <summary>Durable Subscription - missing messages when selector matching sub resumes after broker restart</summary>
                <type id="1" iconUrl="https://issues.apache.org/jira/images/icons/issuetypes/bug.png">Bug</type>
                                            <priority id="3" iconUrl="https://issues.apache.org/jira/images/icons/priorities/major.png">Major</priority>
                        <status id="5" iconUrl="https://issues.apache.org/jira/images/icons/statuses/resolved.png" description="A resolution has been taken, and it is awaiting verification by reporter. From here issues are either reopened, or are closed.">Resolved</status>
                    <statusCategory id="3" key="done" colorName="green"/>
                                    <resolution id="1">Fixed</resolution>
                                        <assignee username="gtully">Gary Tully</assignee>
                                    <reporter username="gtully">Gary Tully</reporter>
                        <labels>
                            <label>durable</label>
                            <label>kahadb</label>
                            <label>topic</label>
                    </labels>
                <created>Fri, 25 Feb 2011 12:45:38 +0000</created>
                <updated>Fri, 25 Feb 2011 13:18:23 +0000</updated>
                            <resolved>Fri, 25 Feb 2011 13:18:23 +0000</resolved>
                                    <version>5.4.2</version>
                                    <fixVersion>5.5.0</fixVersion>
                                    <component>Message Store</component>
                        <due></due>
                            <votes>0</votes>
                                    <watches>0</watches>
                                                                <comments>
                            <comment id="12999352" author="gtully" created="Fri, 25 Feb 2011 13:18:23 +0000"  >&lt;p&gt;fix in &lt;a href=&quot;http://svn.apache.org/viewvc?rev=1074511&amp;amp;view=rev&quot; class=&quot;external-link&quot; rel=&quot;nofollow&quot;&gt;http://svn.apache.org/viewvc?rev=1074511&amp;amp;view=rev&lt;/a&gt;&lt;/p&gt;</comment>
                    </comments>
                    <attachments>
                    </attachments>
                <subtasks>
                    </subtasks>
                <customfields>
                                                <customfield id="customfield_12310310" key="com.atlassian.jira.toolkit:attachments">
                        <customfieldname>Attachment count</customfieldname>
                        <customfieldvalues>
                            <customfieldvalue>0.0</customfieldvalue>
                        </customfieldvalues>
                    </customfield>
                                                                                                                                                                                                                                                                                                <customfield id="customfield_12310420" key="com.pyxis.greenhopper.jira:gh-global-rank">
                        <customfieldname>Global Rank</customfieldname>
                        <customfieldvalues>
                            <customfieldvalue>14697</customfieldvalue>
                        </customfieldvalues>
                    </customfield>
                                                                                            <customfield id="customfield_12311820" key="com.pyxis.greenhopper.jira:gh-lexo-rank">
                        <customfieldname>Rank</customfieldname>
                        <customfieldvalues>
                            <customfieldvalue>2|hy4edr:</customfieldvalue>

                        </customfieldvalues>
                    </customfield>
                                                                <customfield id="customfield_12310920" key="com.pyxis.greenhopper.jira:gh-global-rank">
                        <customfieldname>Rank (Obsolete)</customfieldname>
                        <customfieldvalues>
                            <customfieldvalue>59486</customfieldvalue>
                        </customfieldvalues>
                    </customfield>
                                                                                                                                                    <customfield id="customfield_12310222" key="com.atlassian.jira.ext.charting:timeinstatus">
                        <customfieldname>Time in Status</customfieldname>
                        <customfieldvalues>
                            
                        </customfieldvalues>
                    </customfield>
                                    </customfields>
    </item>

<item>
            <title>[AMQ-3193] Consumers won&apos;t get msgs after JMX operation removeMatchingMessages() was called on a queue.</title>
                <link>https://issues.apache.org/jira/browse/AMQ-3193</link>
                <project id="12311210" key="AMQ">ActiveMQ</project>
                    <description>&lt;p&gt;Follow these steps to reproduce the problem:&lt;/p&gt;
&lt;ul&gt;
	&lt;li&gt;start broker&lt;/li&gt;
	&lt;li&gt;start a producer and send two or more messages to a queue&lt;/li&gt;
	&lt;li&gt;start jconsole&lt;/li&gt;
	&lt;li&gt;click on the queue and select Operations.&lt;/li&gt;
	&lt;li&gt;click browse and copy the JMSMessageID of the first message into clipboard&lt;/li&gt;
	&lt;li&gt;invoke JMX operation removeMatchingMessages() with argument JMSMessageID=&apos;&amp;lt;message id&amp;gt;&apos; , where &amp;lt;message id&amp;gt; is the copied JMSMessageID.&lt;/li&gt;
	&lt;li&gt;verify that &amp;gt;= 1 message are still on the queue&lt;/li&gt;
	&lt;li&gt;now start a consumer that connects to this queue. It won&apos;t get any messages.&lt;/li&gt;
&lt;/ul&gt;
</description>
                <environment></environment>
        <key id="12499922">AMQ-3193</key>
            <summary>Consumers won&apos;t get msgs after JMX operation removeMatchingMessages() was called on a queue.</summary>
                <type id="1" iconUrl="https://issues.apache.org/jira/images/icons/issuetypes/bug.png">Bug</type>
                                            <priority id="3" iconUrl="https://issues.apache.org/jira/images/icons/priorities/major.png">Major</priority>
                        <status id="5" iconUrl="https://issues.apache.org/jira/images/icons/statuses/resolved.png" description="A resolution has been taken, and it is awaiting verification by reporter. From here issues are either reopened, or are closed.">Resolved</status>
                    <statusCategory id="3" key="done" colorName="green"/>
                                    <resolution id="1">Fixed</resolution>
                                        <assignee username="dejanb">Dejan Bosanac</assignee>
                                    <reporter username="dejanb">Dejan Bosanac</reporter>
                        <labels>
                    </labels>
                <created>Mon, 28 Feb 2011 13:49:47 +0000</created>
                <updated>Mon, 28 Feb 2011 14:35:18 +0000</updated>
                            <resolved>Mon, 28 Feb 2011 14:35:18 +0000</resolved>
                                    <version>5.4.2</version>
                                    <fixVersion>5.5.0</fixVersion>
                                        <due></due>
                            <votes>0</votes>
                                    <watches>0</watches>
                                                                <comments>
                            <comment id="13000306" author="dejanb" created="Mon, 28 Feb 2011 14:35:18 +0000"  >&lt;p&gt;Fixed with svn revision 1075346&lt;/p&gt;</comment>
                    </comments>
                    <attachments>
                    </attachments>
                <subtasks>
                    </subtasks>
                <customfields>
                                                <customfield id="customfield_12310310" key="com.atlassian.jira.toolkit:attachments">
                        <customfieldname>Attachment count</customfieldname>
                        <customfieldvalues>
                            <customfieldvalue>0.0</customfieldvalue>
                        </customfieldvalues>
                    </customfield>
                                                                                                                                                                                                                                                                                                <customfield id="customfield_12310420" key="com.pyxis.greenhopper.jira:gh-global-rank">
                        <customfieldname>Global Rank</customfieldname>
                        <customfieldvalues>
                            <customfieldvalue>14647</customfieldvalue>
                        </customfieldvalues>
                    </customfield>
                                                                                            <customfield id="customfield_12311820" key="com.pyxis.greenhopper.jira:gh-lexo-rank">
                        <customfieldname>Rank</customfieldname>
                        <customfieldvalues>
                            <customfieldvalue>2|hy4edb:</customfieldvalue>

                        </customfieldvalues>
                    </customfield>
                                                                <customfield id="customfield_12310920" key="com.pyxis.greenhopper.jira:gh-global-rank">
                        <customfieldname>Rank (Obsolete)</customfieldname>
                        <customfieldvalues>
                            <customfieldvalue>59484</customfieldvalue>
                        </customfieldvalues>
                    </customfield>
                                                                                                                                                    <customfield id="customfield_12310222" key="com.atlassian.jira.ext.charting:timeinstatus">
                        <customfieldname>Time in Status</customfieldname>
                        <customfieldvalues>
                            
                        </customfieldvalues>
                    </customfield>
                                    </customfields>
    </item>
</channel>
</rss>
