<!--
RSS generated by JIRA (6.3.4#6332-sha1:51bc225ef474afe3128b2f66878477f322397b16) at Tue Mar 31 18:57:22 UTC 2015

It is possible to restrict the fields that are returned in this document by specifying the 'field' parameter in your request.
For example, to request only the issue key and summary add field=key&field=summary to the URL of your request.
For example:
https://issues.apache.org/jira/sr/jira.issueviews:searchrequest-xml/temp/SearchRequest.xml?jqlQuery=project+%3D+AMQ+AND+issuetype+%3D+Bug+AND+created+%3E%3D+2004-8-1+AND+created+%3C%3D+2004-9-1+ORDER+BY+key+ASC&amp;tempMax=200&amp;field=key&amp;field=summary
-->
<!-- If you wish to do custom client-side styling of RSS, uncomment this:
<?xml-stylesheet href="https://issues.apache.org/jira/styles/jiraxml2html.xsl" type="text/xsl"?>
-->
<rss version="0.92">
    <channel>
        <title>ASF JIRA</title>
        <link>https://issues.apache.org/jira/secure/IssueNavigator.jspa?reset=true&amp;jqlQuery=project+%3D+AMQ+AND+issuetype+%3D+Bug+AND+created+%3E%3D+2004-8-1+AND+created+%3C%3D+2004-9-1+ORDER+BY+key+ASC</link>
        <description>An XML representation of a search request</description>
                <language>en-uk</language>
                        <issue start="0" end="8" total="8"/>
                <build-info>
            <version>6.3.4</version>
            <build-number>6332</build-number>
            <build-date>15-08-2014</build-date>
        </build-info>
<item>
            <title>[AMQ-48] Build Fails: Geronimo Transport</title>
                <link>https://issues.apache.org/jira/browse/AMQ-48</link>
                <project id="12311210" key="AMQ">ActiveMQ</project>
                    <description>&lt;p&gt;Seems like the jar files that are being downloaded by maven cause our stuff to fail to compile.&lt;/p&gt;

&lt;p&gt;java:compile:&lt;br/&gt;
    &lt;span class=&quot;error&quot;&gt;&amp;#91;echo&amp;#93;&lt;/span&gt; Compiling to C:\sandbox\activemq/target/classes&lt;br/&gt;
    &lt;span class=&quot;error&quot;&gt;&amp;#91;javac&amp;#93;&lt;/span&gt; Compiling 345 source files to C:\sandbox\activemq\target\classes&lt;br/&gt;
C:\sandbox\activemq\src\java\org\codehaus\activemq\transport\gnet\GTransportChannel.java:162: cannot resolve symbol&lt;br/&gt;
symbol  : method flush ()&lt;br/&gt;
location: interface org.apache.geronimo.network.protocol.Protocol&lt;br/&gt;
                                getDownProtocol().flush();&lt;/p&gt;</description>
                <environment>&lt;p&gt;Clean Maven build (blow away your .maven directory).&lt;/p&gt;</environment>
        <key id="12481249">AMQ-48</key>
            <summary>Build Fails: Geronimo Transport</summary>
                <type id="1" iconUrl="https://issues.apache.org/jira/images/icons/issuetypes/bug.png">Bug</type>
                                            <priority id="3" iconUrl="https://issues.apache.org/jira/images/icons/priorities/major.png">Major</priority>
                        <status id="6" iconUrl="https://issues.apache.org/jira/images/icons/statuses/closed.png" description="The issue is considered finished, the resolution is correct. Issues which are closed can be reopened.">Closed</status>
                    <statusCategory id="3" key="done" colorName="green"/>
                                    <resolution id="1">Fixed</resolution>
                                        <assignee username="-1">Unassigned</assignee>
                                    <reporter username="chirino">Hiram Chirino</reporter>
                        <labels>
                    </labels>
                <created>Mon, 2 Aug 2004 05:51:26 +0100</created>
                <updated>Tue, 3 Aug 2004 11:41:43 +0100</updated>
                            <resolved>Tue, 3 Aug 2004 11:41:43 +0100</resolved>
                                    <version>1.0</version>
                                    <fixVersion>1.0</fixVersion>
                                    <component>Transport</component>
                        <due></due>
                            <votes>0</votes>
                                    <watches>0</watches>
                                                                <comments>
                            <comment id="12937111" author="chirino" created="Mon, 2 Aug 2004 06:01:18 +0100"  >&lt;p&gt;Building the geronimo out of HEAD allows the activemq to build without error.  I guess we just need to get geronimo to push out a newer version of thier jars.&lt;/p&gt;</comment>
                    </comments>
                    <attachments>
                    </attachments>
                <subtasks>
                    </subtasks>
                <customfields>
                                                <customfield id="customfield_12310310" key="com.atlassian.jira.toolkit:attachments">
                        <customfieldname>Attachment count</customfieldname>
                        <customfieldvalues>
                            <customfieldvalue>0.0</customfieldvalue>
                        </customfieldvalues>
                    </customfield>
                                                                                                                                                                                                                                                                                                <customfield id="customfield_12310420" key="com.pyxis.greenhopper.jira:gh-global-rank">
                        <customfieldname>Global Rank</customfieldname>
                        <customfieldvalues>
                            <customfieldvalue>48792</customfieldvalue>
                        </customfieldvalues>
                    </customfield>
                                                                                            <customfield id="customfield_12311820" key="com.pyxis.greenhopper.jira:gh-lexo-rank">
                        <customfieldname>Rank</customfieldname>
                        <customfieldvalues>
                            <customfieldvalue>2|hynn0f:</customfieldvalue>

                        </customfieldvalues>
                    </customfield>
                                                                <customfield id="customfield_12310920" key="com.pyxis.greenhopper.jira:gh-global-rank">
                        <customfieldname>Rank (Obsolete)</customfieldname>
                        <customfieldvalues>
                            <customfieldvalue>171915</customfieldvalue>
                        </customfieldvalues>
                    </customfield>
                                                                                                                                                    <customfield id="customfield_12310222" key="com.atlassian.jira.ext.charting:timeinstatus">
                        <customfieldname>Time in Status</customfieldname>
                        <customfieldvalues>
                            
                        </customfieldvalues>
                    </customfield>
                                    </customfields>
    </item>

<item>
            <title>[AMQ-52] HOWL log suffers log overflow if you run tests twice without cleaning</title>
                <link>https://issues.apache.org/jira/browse/AMQ-52</link>
                <project id="12311210" key="AMQ">ActiveMQ</project>
                    <description>&lt;p&gt;HOWL log gets a log file overflow exception if you run tests twice without cleaning.  Most likely you are not setting the mark when a message delivery is committed to indicate that the message can be forgotten.&lt;/p&gt;</description>
                <environment></environment>
        <key id="12481339">AMQ-52</key>
            <summary>HOWL log suffers log overflow if you run tests twice without cleaning</summary>
                <type id="1" iconUrl="https://issues.apache.org/jira/images/icons/issuetypes/bug.png">Bug</type>
                                            <priority id="3" iconUrl="https://issues.apache.org/jira/images/icons/priorities/major.png">Major</priority>
                        <status id="5" iconUrl="https://issues.apache.org/jira/images/icons/statuses/resolved.png" description="A resolution has been taken, and it is awaiting verification by reporter. From here issues are either reopened, or are closed.">Resolved</status>
                    <statusCategory id="3" key="done" colorName="green"/>
                                    <resolution id="1">Fixed</resolution>
                                        <assignee username="chirino">Hiram Chirino</assignee>
                                    <reporter username="djencks">David Jencks</reporter>
                        <labels>
                    </labels>
                <created>Mon, 2 Aug 2004 23:22:24 +0100</created>
                <updated>Mon, 6 Sep 2004 22:41:43 +0100</updated>
                            <resolved>Mon, 6 Sep 2004 22:41:43 +0100</resolved>
                                                    <fixVersion>1.1</fixVersion>
                                        <due></due>
                            <votes>0</votes>
                                    <watches>0</watches>
                                                                <comments>
                            <comment id="12937233" author="jstrachan" created="Fri, 20 Aug 2004 12:19:01 +0100"  >&lt;p&gt;Thought I&apos;d give this one to you since you&apos;re looking at Howl &amp;amp; your logger. I think this is just an issue that the log runs out of space&lt;/p&gt;</comment>
                            <comment id="12937121" author="chirino" created="Mon, 6 Sep 2004 22:40:36 +0100"  >&lt;p&gt;Created a new Journal abstraction API that is implemented by the HOWL logger and a custom ActiveMQ logger.  &lt;/p&gt;

&lt;p&gt;Created a new JournalPersistenceAdapter that uses the new Journal API.  This new JournalPersistenceAdapter coupled with the custome ActiveMQ logger now does not suffer from overflows.&lt;/p&gt;</comment>
                            <comment id="12937080" author="chirino" created="Mon, 6 Sep 2004 22:41:43 +0100"  >&lt;p&gt;Forgot to select which version this fix will be in.&lt;/p&gt;</comment>
                    </comments>
                    <attachments>
                    </attachments>
                <subtasks>
                    </subtasks>
                <customfields>
                                                <customfield id="customfield_12310310" key="com.atlassian.jira.toolkit:attachments">
                        <customfieldname>Attachment count</customfieldname>
                        <customfieldvalues>
                            <customfieldvalue>0.0</customfieldvalue>
                        </customfieldvalues>
                    </customfield>
                                                                                                                        <customfield id="customfield_12310220" key="com.atlassian.jira.ext.charting:firstresponsedate">
                        <customfieldname>Date of First Response</customfieldname>
                        <customfieldvalues>
                            <customfieldvalue>Fri, 20 Aug 2004 11:19:01 +0000</customfieldvalue>

                        </customfieldvalues>
                    </customfield>
                                                                                                                                                                                                            <customfield id="customfield_12310420" key="com.pyxis.greenhopper.jira:gh-global-rank">
                        <customfieldname>Global Rank</customfieldname>
                        <customfieldvalues>
                            <customfieldvalue>48795</customfieldvalue>
                        </customfieldvalues>
                    </customfield>
                                                                                            <customfield id="customfield_12311820" key="com.pyxis.greenhopper.jira:gh-lexo-rank">
                        <customfieldname>Rank</customfieldname>
                        <customfieldvalues>
                            <customfieldvalue>2|hylvhr:</customfieldvalue>

                        </customfieldvalues>
                    </customfield>
                                                                <customfield id="customfield_12310920" key="com.pyxis.greenhopper.jira:gh-global-rank">
                        <customfieldname>Rank (Obsolete)</customfieldname>
                        <customfieldvalues>
                            <customfieldvalue>161624</customfieldvalue>
                        </customfieldvalues>
                    </customfield>
                                                                                                                                                    <customfield id="customfield_12310222" key="com.atlassian.jira.ext.charting:timeinstatus">
                        <customfieldname>Time in Status</customfieldname>
                        <customfieldvalues>
                            
                        </customfieldvalues>
                    </customfield>
                                    </customfields>
    </item>

<item>
            <title>[AMQ-53] Receiving multiple versions of messages when using multicast &amp; jgroups transports</title>
                <link>https://issues.apache.org/jira/browse/AMQ-53</link>
                <project id="12311210" key="AMQ">ActiveMQ</project>
                    <description></description>
                <environment></environment>
        <key id="12481360">AMQ-53</key>
            <summary>Receiving multiple versions of messages when using multicast &amp; jgroups transports</summary>
                <type id="1" iconUrl="https://issues.apache.org/jira/images/icons/issuetypes/bug.png">Bug</type>
                                            <priority id="3" iconUrl="https://issues.apache.org/jira/images/icons/priorities/major.png">Major</priority>
                        <status id="6" iconUrl="https://issues.apache.org/jira/images/icons/statuses/closed.png" description="The issue is considered finished, the resolution is correct. Issues which are closed can be reopened.">Closed</status>
                    <statusCategory id="3" key="done" colorName="green"/>
                                    <resolution id="1">Fixed</resolution>
                                        <assignee username="-1">Unassigned</assignee>
                                    <reporter username="jstrachan">james strachan</reporter>
                        <labels>
                    </labels>
                <created>Tue, 3 Aug 2004 12:27:02 +0100</created>
                <updated>Wed, 4 Aug 2004 12:18:40 +0100</updated>
                            <resolved>Wed, 4 Aug 2004 12:18:40 +0100</resolved>
                                                    <fixVersion>1.0</fixVersion>
                                        <due></due>
                            <votes>0</votes>
                                    <watches>0</watches>
                                                                        <attachments>
                    </attachments>
                <subtasks>
                    </subtasks>
                <customfields>
                                                <customfield id="customfield_12310310" key="com.atlassian.jira.toolkit:attachments">
                        <customfieldname>Attachment count</customfieldname>
                        <customfieldvalues>
                            <customfieldvalue>0.0</customfieldvalue>
                        </customfieldvalues>
                    </customfield>
                                                                                                                                                                                                                                                                                                <customfield id="customfield_12310420" key="com.pyxis.greenhopper.jira:gh-global-rank">
                        <customfieldname>Global Rank</customfieldname>
                        <customfieldvalues>
                            <customfieldvalue>48796</customfieldvalue>
                        </customfieldvalues>
                    </customfield>
                                                                                            <customfield id="customfield_12311820" key="com.pyxis.greenhopper.jira:gh-lexo-rank">
                        <customfieldname>Rank</customfieldname>
                        <customfieldvalues>
                            <customfieldvalue>2|hyno1j:</customfieldvalue>

                        </customfieldvalues>
                    </customfield>
                                                                <customfield id="customfield_12310920" key="com.pyxis.greenhopper.jira:gh-global-rank">
                        <customfieldname>Rank (Obsolete)</customfieldname>
                        <customfieldvalues>
                            <customfieldvalue>172082</customfieldvalue>
                        </customfieldvalues>
                    </customfield>
                                                                                                                                                    <customfield id="customfield_12310222" key="com.atlassian.jira.ext.charting:timeinstatus">
                        <customfieldname>Time in Status</customfieldname>
                        <customfieldvalues>
                            
                        </customfieldvalues>
                    </customfield>
                                    </customfields>
    </item>

<item>
            <title>[AMQ-55] disallow receive() from use in a session which has been used to create a MessageListener</title>
                <link>https://issues.apache.org/jira/browse/AMQ-55</link>
                <project id="12311210" key="AMQ">ActiveMQ</project>
                    <description>&lt;p&gt;To be properly compliant with the spec we should avoid this user error &amp;amp; give a meaningful exception&lt;/p&gt;</description>
                <environment></environment>
        <key id="12481291">AMQ-55</key>
            <summary>disallow receive() from use in a session which has been used to create a MessageListener</summary>
                <type id="1" iconUrl="https://issues.apache.org/jira/images/icons/issuetypes/bug.png">Bug</type>
                                            <priority id="3" iconUrl="https://issues.apache.org/jira/images/icons/priorities/major.png">Major</priority>
                        <status id="6" iconUrl="https://issues.apache.org/jira/images/icons/statuses/closed.png" description="The issue is considered finished, the resolution is correct. Issues which are closed can be reopened.">Closed</status>
                    <statusCategory id="3" key="done" colorName="green"/>
                                    <resolution id="1">Fixed</resolution>
                                        <assignee username="stewie">Stewie</assignee>
                                    <reporter username="jstrachan">james strachan</reporter>
                        <labels>
                    </labels>
                <created>Mon, 9 Aug 2004 21:35:18 +0100</created>
                <updated>Tue, 7 Sep 2004 00:23:23 +0100</updated>
                            <resolved>Tue, 7 Sep 2004 00:23:23 +0100</resolved>
                                                    <fixVersion>1.1</fixVersion>
                                        <due></due>
                            <votes>0</votes>
                                    <watches>0</watches>
                                                                        <attachments>
                    </attachments>
                <subtasks>
                    </subtasks>
                <customfields>
                                                <customfield id="customfield_12310310" key="com.atlassian.jira.toolkit:attachments">
                        <customfieldname>Attachment count</customfieldname>
                        <customfieldvalues>
                            <customfieldvalue>0.0</customfieldvalue>
                        </customfieldvalues>
                    </customfield>
                                                                                                                                                                                                                                                                                                <customfield id="customfield_12310420" key="com.pyxis.greenhopper.jira:gh-global-rank">
                        <customfieldname>Global Rank</customfieldname>
                        <customfieldvalues>
                            <customfieldvalue>48798</customfieldvalue>
                        </customfieldvalues>
                    </customfield>
                                                                                            <customfield id="customfield_12311820" key="com.pyxis.greenhopper.jira:gh-lexo-rank">
                        <customfieldname>Rank</customfieldname>
                        <customfieldvalues>
                            <customfieldvalue>2|hynmxr:</customfieldvalue>

                        </customfieldvalues>
                    </customfield>
                                                                <customfield id="customfield_12310920" key="com.pyxis.greenhopper.jira:gh-global-rank">
                        <customfieldname>Rank (Obsolete)</customfieldname>
                        <customfieldvalues>
                            <customfieldvalue>171903</customfieldvalue>
                        </customfieldvalues>
                    </customfield>
                                                                                                                                                    <customfield id="customfield_12310222" key="com.atlassian.jira.ext.charting:timeinstatus">
                        <customfieldname>Time in Status</customfieldname>
                        <customfieldvalues>
                            
                        </customfieldvalues>
                    </customfield>
                                    </customfields>
    </item>

<item>
            <title>[AMQ-58] duplicate client disconnect message</title>
                <link>https://issues.apache.org/jira/browse/AMQ-58</link>
                <project id="12311210" key="AMQ">ActiveMQ</project>
                    <description>&lt;p&gt;Thanks to Charles Anthony for spotting this one.&lt;/p&gt;

&lt;p&gt;It seems on the server side that as a connection closes, we get a &apos;closed client&apos; log message. Then when the JVM finishes, we get another close message.&lt;/p&gt;

&lt;p&gt;Sounds like we&apos;re keeping around the connection?&lt;/p&gt;</description>
                <environment></environment>
        <key id="12481281">AMQ-58</key>
            <summary>duplicate client disconnect message</summary>
                <type id="1" iconUrl="https://issues.apache.org/jira/images/icons/issuetypes/bug.png">Bug</type>
                                            <priority id="3" iconUrl="https://issues.apache.org/jira/images/icons/priorities/major.png">Major</priority>
                        <status id="6" iconUrl="https://issues.apache.org/jira/images/icons/statuses/closed.png" description="The issue is considered finished, the resolution is correct. Issues which are closed can be reopened.">Closed</status>
                    <statusCategory id="3" key="done" colorName="green"/>
                                    <resolution id="1">Fixed</resolution>
                                        <assignee username="-1">Unassigned</assignee>
                                    <reporter username="jstrachan">james strachan</reporter>
                        <labels>
                    </labels>
                <created>Thu, 12 Aug 2004 17:34:17 +0100</created>
                <updated>Mon, 16 Aug 2004 14:55:26 +0100</updated>
                            <resolved>Mon, 16 Aug 2004 14:55:26 +0100</resolved>
                                                    <fixVersion>1.0</fixVersion>
                                        <due></due>
                            <votes>0</votes>
                                    <watches>0</watches>
                                                                        <attachments>
                    </attachments>
                <subtasks>
                    </subtasks>
                <customfields>
                                                <customfield id="customfield_12310310" key="com.atlassian.jira.toolkit:attachments">
                        <customfieldname>Attachment count</customfieldname>
                        <customfieldvalues>
                            <customfieldvalue>0.0</customfieldvalue>
                        </customfieldvalues>
                    </customfield>
                                                                                                                                                                                                                                                                                                <customfield id="customfield_12310420" key="com.pyxis.greenhopper.jira:gh-global-rank">
                        <customfieldname>Global Rank</customfieldname>
                        <customfieldvalues>
                            <customfieldvalue>48801</customfieldvalue>
                        </customfieldvalues>
                    </customfield>
                                                                                            <customfield id="customfield_12311820" key="com.pyxis.greenhopper.jira:gh-lexo-rank">
                        <customfieldname>Rank</customfieldname>
                        <customfieldvalues>
                            <customfieldvalue>2|hyno07:</customfieldvalue>

                        </customfieldvalues>
                    </customfield>
                                                                <customfield id="customfield_12310920" key="com.pyxis.greenhopper.jira:gh-global-rank">
                        <customfieldname>Rank (Obsolete)</customfieldname>
                        <customfieldvalues>
                            <customfieldvalue>172076</customfieldvalue>
                        </customfieldvalues>
                    </customfield>
                                                                                                                                                    <customfield id="customfield_12310222" key="com.atlassian.jira.ext.charting:timeinstatus">
                        <customfieldname>Time in Status</customfieldname>
                        <customfieldvalues>
                            
                        </customfieldvalues>
                    </customfield>
                                    </customfields>
    </item>

<item>
            <title>[AMQ-67] ZIP source for 1.0 does not build</title>
                <link>https://issues.apache.org/jira/browse/AMQ-67</link>
                <project id="12311210" key="AMQ">ActiveMQ</project>
                    <description>&lt;p&gt;The source download &lt;a href=&quot;http://dist.codehaus.org/activemq/distributions/activemq-1.0-src.zip&quot; class=&quot;external-link&quot; rel=&quot;nofollow&quot;&gt;http://dist.codehaus.org/activemq/distributions/activemq-1.0-src.zip&lt;/a&gt; does not build.&lt;/p&gt;

&lt;p&gt;java:compile:&lt;br/&gt;
    &lt;span class=&quot;error&quot;&gt;&amp;#91;echo&amp;#93;&lt;/span&gt; Compiling to C:\dev\projects\org.codehaus\activemq-1.0-src\activemq-1&lt;br/&gt;
.0/target/classes&lt;br/&gt;
    &lt;span class=&quot;error&quot;&gt;&amp;#91;javac&amp;#93;&lt;/span&gt; Compiling 368 source files to C:\dev\projects\org.codehaus\activemq-&lt;br/&gt;
1.0-src\activemq-1.0\target\classes&lt;br/&gt;
C:\dev\projects\org.codehaus\activemq-1.0-src\activemq-1.0\src\java\org\codehaus&lt;br/&gt;
\activemq\selector\SelectorParser.java:9: package org.codehaus.activemq.router.f&lt;br/&gt;
ilter does not exist&lt;br/&gt;
import org.codehaus.activemq.router.filter.*;&lt;br/&gt;
^&lt;br/&gt;
C:\dev\projects\org.codehaus\activemq-1.0-src\activemq-1.0\src\java\org\codehaus&lt;br/&gt;
\activemq\selector\SelectorParser.java:22: cannot resolve symbol&lt;br/&gt;
symbol  : class Filter&lt;br/&gt;
location: class org.codehaus.activemq.selector.SelectorParser&lt;br/&gt;
    public Filter parse(String sql) throws InvalidSelectorException {&lt;/p&gt;


&lt;p&gt;&lt;a href=&quot;http://dist.codehaus.org/activemq/distributions/activemq-1.0-SNAPSHOT-src.tar.gz&quot; class=&quot;external-link&quot; rel=&quot;nofollow&quot;&gt;http://dist.codehaus.org/activemq/distributions/activemq-1.0-SNAPSHOT-src.tar.gz&lt;/a&gt;   &lt;br/&gt;
builds correctly however.&lt;/p&gt;</description>
                <environment>&lt;p&gt;Win 2000, JDK 1.4.1, Maven 1.0&lt;/p&gt;</environment>
        <key id="12481326">AMQ-67</key>
            <summary>ZIP source for 1.0 does not build</summary>
                <type id="1" iconUrl="https://issues.apache.org/jira/images/icons/issuetypes/bug.png">Bug</type>
                                            <priority id="3" iconUrl="https://issues.apache.org/jira/images/icons/priorities/major.png">Major</priority>
                        <status id="6" iconUrl="https://issues.apache.org/jira/images/icons/statuses/closed.png" description="The issue is considered finished, the resolution is correct. Issues which are closed can be reopened.">Closed</status>
                    <statusCategory id="3" key="done" colorName="green"/>
                                    <resolution id="1">Fixed</resolution>
                                        <assignee username="jstrachan">james strachan</assignee>
                                    <reporter username="nicklothian">Nick Lothian</reporter>
                        <labels>
                    </labels>
                <created>Mon, 23 Aug 2004 04:55:13 +0100</created>
                <updated>Tue, 24 Aug 2004 15:04:17 +0100</updated>
                            <resolved>Tue, 24 Aug 2004 15:04:17 +0100</resolved>
                                    <version>1.0</version>
                                    <fixVersion>1.1</fixVersion>
                                        <due></due>
                            <votes>0</votes>
                                    <watches>0</watches>
                                                                <comments>
                            <comment id="12936986" author="jstrachan" created="Tue, 24 Aug 2004 15:04:17 +0100"  >&lt;p&gt;This was a package refactoring which didn&apos;t make it into the .jj file used by JavaCC to build the SQL parser.&lt;/p&gt;

&lt;p&gt;Its now fixed in CVS HEAD and will be resolved for sure in 1.1 which is a few weeks away.&lt;/p&gt;</comment>
                    </comments>
                    <attachments>
                    </attachments>
                <subtasks>
                    </subtasks>
                <customfields>
                                                <customfield id="customfield_12310310" key="com.atlassian.jira.toolkit:attachments">
                        <customfieldname>Attachment count</customfieldname>
                        <customfieldvalues>
                            <customfieldvalue>0.0</customfieldvalue>
                        </customfieldvalues>
                    </customfield>
                                                                                                                        <customfield id="customfield_12310220" key="com.atlassian.jira.ext.charting:firstresponsedate">
                        <customfieldname>Date of First Response</customfieldname>
                        <customfieldvalues>
                            <customfieldvalue>Tue, 24 Aug 2004 14:04:17 +0000</customfieldvalue>

                        </customfieldvalues>
                    </customfield>
                                                                                                                                                                                                            <customfield id="customfield_12310420" key="com.pyxis.greenhopper.jira:gh-global-rank">
                        <customfieldname>Global Rank</customfieldname>
                        <customfieldvalues>
                            <customfieldvalue>48809</customfieldvalue>
                        </customfieldvalues>
                    </customfield>
                                                                                            <customfield id="customfield_12311820" key="com.pyxis.greenhopper.jira:gh-lexo-rank">
                        <customfieldname>Rank</customfieldname>
                        <customfieldvalues>
                            <customfieldvalue>2|hyno1z:</customfieldvalue>

                        </customfieldvalues>
                    </customfield>
                                                                <customfield id="customfield_12310920" key="com.pyxis.greenhopper.jira:gh-global-rank">
                        <customfieldname>Rank (Obsolete)</customfieldname>
                        <customfieldvalues>
                            <customfieldvalue>172084</customfieldvalue>
                        </customfieldvalues>
                    </customfield>
                                                                                                                                                    <customfield id="customfield_12310222" key="com.atlassian.jira.ext.charting:timeinstatus">
                        <customfieldname>Time in Status</customfieldname>
                        <customfieldvalues>
                            
                        </customfieldvalues>
                    </customfield>
                                    </customfields>
    </item>

<item>
            <title>[AMQ-70] REST API and queues seems to leave messages in limbo</title>
                <link>https://issues.apache.org/jira/browse/AMQ-70</link>
                <project id="12311210" key="AMQ">ActiveMQ</project>
                    <description>&lt;p&gt;We should use a single consumer per queue to make it easier to load balance message consumption on queues across many HTTP requests.&lt;/p&gt;

&lt;p&gt;The current code base of 1 consumer per HTTP sessions only really works well for topics&lt;/p&gt;</description>
                <environment></environment>
        <key id="12481166">AMQ-70</key>
            <summary>REST API and queues seems to leave messages in limbo</summary>
                <type id="1" iconUrl="https://issues.apache.org/jira/images/icons/issuetypes/bug.png">Bug</type>
                                            <priority id="3" iconUrl="https://issues.apache.org/jira/images/icons/priorities/major.png">Major</priority>
                        <status id="6" iconUrl="https://issues.apache.org/jira/images/icons/statuses/closed.png" description="The issue is considered finished, the resolution is correct. Issues which are closed can be reopened.">Closed</status>
                    <statusCategory id="3" key="done" colorName="green"/>
                                    <resolution id="1">Fixed</resolution>
                                        <assignee username="-1">Unassigned</assignee>
                                    <reporter username="jstrachan">james strachan</reporter>
                        <labels>
                    </labels>
                <created>Thu, 26 Aug 2004 16:44:44 +0100</created>
                <updated>Thu, 26 Aug 2004 17:06:55 +0100</updated>
                            <resolved>Thu, 26 Aug 2004 17:06:55 +0100</resolved>
                                                    <fixVersion>1.1</fixVersion>
                                        <due></due>
                            <votes>0</votes>
                                    <watches>0</watches>
                                                                <comments>
                            <comment id="12936206" author="jstrachan" created="Thu, 26 Aug 2004 17:06:55 +0100"  >&lt;p&gt;I think this is now fixed&lt;/p&gt;</comment>
                    </comments>
                    <attachments>
                    </attachments>
                <subtasks>
                    </subtasks>
                <customfields>
                                                <customfield id="customfield_12310310" key="com.atlassian.jira.toolkit:attachments">
                        <customfieldname>Attachment count</customfieldname>
                        <customfieldvalues>
                            <customfieldvalue>0.0</customfieldvalue>
                        </customfieldvalues>
                    </customfield>
                                                                                                                                                                                                                                                                                                <customfield id="customfield_12310420" key="com.pyxis.greenhopper.jira:gh-global-rank">
                        <customfieldname>Global Rank</customfieldname>
                        <customfieldvalues>
                            <customfieldvalue>48812</customfieldvalue>
                        </customfieldvalues>
                    </customfield>
                                                                                            <customfield id="customfield_12311820" key="com.pyxis.greenhopper.jira:gh-lexo-rank">
                        <customfieldname>Rank</customfieldname>
                        <customfieldvalues>
                            <customfieldvalue>2|hynnwn:</customfieldvalue>

                        </customfieldvalues>
                    </customfield>
                                                                <customfield id="customfield_12310920" key="com.pyxis.greenhopper.jira:gh-global-rank">
                        <customfieldname>Rank (Obsolete)</customfieldname>
                        <customfieldvalues>
                            <customfieldvalue>172060</customfieldvalue>
                        </customfieldvalues>
                    </customfield>
                                                                                                                                                    <customfield id="customfield_12310222" key="com.atlassian.jira.ext.charting:timeinstatus">
                        <customfieldname>Time in Status</customfieldname>
                        <customfieldvalues>
                            
                        </customfieldvalues>
                    </customfield>
                                    </customfields>
    </item>

<item>
            <title>[AMQ-74] createObjectMessage() should clone the object to avoid mutations</title>
                <link>https://issues.apache.org/jira/browse/AMQ-74</link>
                <project id="12311210" key="AMQ">ActiveMQ</project>
                    <description>&lt;p&gt;We should clone() the object on createObjectMessage() to avoid any possible issues due to the mutation of the object between the sending of the message and the creation of the ObjectMessage&lt;/p&gt;</description>
                <environment></environment>
        <key id="12481137">AMQ-74</key>
            <summary>createObjectMessage() should clone the object to avoid mutations</summary>
                <type id="1" iconUrl="https://issues.apache.org/jira/images/icons/issuetypes/bug.png">Bug</type>
                                            <priority id="3" iconUrl="https://issues.apache.org/jira/images/icons/priorities/major.png">Major</priority>
                        <status id="6" iconUrl="https://issues.apache.org/jira/images/icons/statuses/closed.png" description="The issue is considered finished, the resolution is correct. Issues which are closed can be reopened.">Closed</status>
                    <statusCategory id="3" key="done" colorName="green"/>
                                    <resolution id="1">Fixed</resolution>
                                        <assignee username="stewie">Stewie</assignee>
                                    <reporter username="jstrachan">james strachan</reporter>
                        <labels>
                    </labels>
                <created>Tue, 31 Aug 2004 22:19:37 +0100</created>
                <updated>Tue, 7 Sep 2004 00:22:35 +0100</updated>
                            <resolved>Tue, 7 Sep 2004 00:22:35 +0100</resolved>
                                                    <fixVersion>1.1</fixVersion>
                                        <due></due>
                            <votes>0</votes>
                                    <watches>1</watches>
                                                                <comments>
                            <comment id="12937077" author="chirino" created="Mon, 6 Sep 2004 22:29:39 +0100"  >&lt;p&gt;I don&apos;t think that clone() works on all Objects.  But you can serialize to byte[] and back.&lt;/p&gt;</comment>
                    </comments>
                    <attachments>
                    </attachments>
                <subtasks>
                    </subtasks>
                <customfields>
                                                <customfield id="customfield_12310310" key="com.atlassian.jira.toolkit:attachments">
                        <customfieldname>Attachment count</customfieldname>
                        <customfieldvalues>
                            <customfieldvalue>0.0</customfieldvalue>
                        </customfieldvalues>
                    </customfield>
                                                                                                                        <customfield id="customfield_12310220" key="com.atlassian.jira.ext.charting:firstresponsedate">
                        <customfieldname>Date of First Response</customfieldname>
                        <customfieldvalues>
                            <customfieldvalue>Mon, 6 Sep 2004 21:29:39 +0000</customfieldvalue>

                        </customfieldvalues>
                    </customfield>
                                                                                                                                                                                                            <customfield id="customfield_12310420" key="com.pyxis.greenhopper.jira:gh-global-rank">
                        <customfieldname>Global Rank</customfieldname>
                        <customfieldvalues>
                            <customfieldvalue>48815</customfieldvalue>
                        </customfieldvalues>
                    </customfield>
                                                                                            <customfield id="customfield_12311820" key="com.pyxis.greenhopper.jira:gh-lexo-rank">
                        <customfieldname>Rank</customfieldname>
                        <customfieldvalues>
                            <customfieldvalue>2|hynnaf:</customfieldvalue>

                        </customfieldvalues>
                    </customfield>
                                                                <customfield id="customfield_12310920" key="com.pyxis.greenhopper.jira:gh-global-rank">
                        <customfieldname>Rank (Obsolete)</customfieldname>
                        <customfieldvalues>
                            <customfieldvalue>171960</customfieldvalue>
                        </customfieldvalues>
                    </customfield>
                                                                                                                                                    <customfield id="customfield_12310222" key="com.atlassian.jira.ext.charting:timeinstatus">
                        <customfieldname>Time in Status</customfieldname>
                        <customfieldvalues>
                            
                        </customfieldvalues>
                    </customfield>
                                    </customfields>
    </item>
</channel>
</rss>
