<!--
RSS generated by JIRA (6.3.4#6332-sha1:51bc225ef474afe3128b2f66878477f322397b16) at Tue Mar 31 18:57:02 UTC 2015

It is possible to restrict the fields that are returned in this document by specifying the 'field' parameter in your request.
For example, to request only the issue key and summary add field=key&field=summary to the URL of your request.
For example:
https://issues.apache.org/jira/sr/jira.issueviews:searchrequest-xml/temp/SearchRequest.xml?jqlQuery=project+%3D+AMQ+AND+issuetype+%3D+Bug+AND+created+%3E%3D+2004-6-1+AND+created+%3C%3D+2004-7-1+ORDER+BY+key+ASC&amp;tempMax=200&amp;field=key&amp;field=summary
-->
<!-- If you wish to do custom client-side styling of RSS, uncomment this:
<?xml-stylesheet href="https://issues.apache.org/jira/styles/jiraxml2html.xsl" type="text/xsl"?>
-->
<rss version="0.92">
    <channel>
        <title>ASF JIRA</title>
        <link>https://issues.apache.org/jira/secure/IssueNavigator.jspa?reset=true&amp;jqlQuery=project+%3D+AMQ+AND+issuetype+%3D+Bug+AND+created+%3E%3D+2004-6-1+AND+created+%3C%3D+2004-7-1+ORDER+BY+key+ASC</link>
        <description>An XML representation of a search request</description>
                <language>en-uk</language>
                        <issue start="0" end="3" total="3"/>
                <build-info>
            <version>6.3.4</version>
            <build-number>6332</build-number>
            <build-date>15-08-2014</build-date>
        </build-info>
<item>
            <title>[AMQ-29] Unable to get multicast to work in severless environment</title>
                <link>https://issues.apache.org/jira/browse/AMQ-29</link>
                <project id="12311210" key="AMQ">ActiveMQ</project>
                    <description>&lt;p&gt;I am trying to get a serverless setup using multicast or JRMP as transport.&lt;/p&gt;

&lt;p&gt;I verified that Multicast works in my environment using this util: &lt;a href=&quot;http://www.mikkle.dk/multicasttest/index.html&quot; class=&quot;external-link&quot; rel=&quot;nofollow&quot;&gt;http://www.mikkle.dk/multicasttest/index.html&lt;/a&gt;&lt;/p&gt;

&lt;p&gt;But I am unable to get ActiveMQ to work between 2 JVM on the same box or on different boxes.  Both producer and consumer runs without any error except that Consumer is not getting any message at all.  Furthermore, no multicast traffic can be detected on the network.&lt;/p&gt;

&lt;p&gt;I have tried activemq-1.0-M1.jar and activemq-1.0-SNAPSHOT.jar as listed on &lt;a href=&quot;http://dist.codehaus.org/activemq/jars&quot; class=&quot;external-link&quot; rel=&quot;nofollow&quot;&gt;http://dist.codehaus.org/activemq/jars&lt;/a&gt; and also several interim builds.&lt;/p&gt;

&lt;p&gt;Attached are my 2 simple test program.  Note that I am able to get tcp protocol to work with these 2 program if I start a server.&lt;/p&gt;

&lt;p&gt;::::::::::::::::::::::::::::::::::::&lt;br/&gt;
    Producer tester&lt;br/&gt;
::::::::::::::::::::::::::::::::::::&lt;/p&gt;

&lt;p&gt;import java.util.Properties;&lt;/p&gt;

&lt;p&gt;import javax.jms.Connection;&lt;br/&gt;
import javax.jms.ConnectionFactory;&lt;br/&gt;
import javax.jms.Destination;&lt;br/&gt;
import javax.jms.Message;&lt;br/&gt;
import javax.jms.MessageProducer;&lt;br/&gt;
import javax.jms.Session;&lt;br/&gt;
import javax.naming.Context;&lt;br/&gt;
import javax.naming.InitialContext;&lt;br/&gt;
import javax.naming.Reference;&lt;/p&gt;

&lt;p&gt;import org.codehaus.activemq.ActiveMQConnectionFactory;&lt;br/&gt;
import org.codehaus.activemq.jndi.JNDIReferenceFactory;&lt;/p&gt;


&lt;p&gt;/**&lt;/p&gt;
&lt;ul&gt;
	&lt;li&gt;Class to test ActiveMQ Publisher&lt;br/&gt;
 *&lt;/li&gt;
	&lt;li&gt;@author $author$&lt;/li&gt;
	&lt;li&gt;@version $Revision$&lt;br/&gt;
 */&lt;br/&gt;
public class TestActiveMQProducer&lt;br/&gt;
{&lt;br/&gt;
    protected ConnectionFactory connFactory;&lt;br/&gt;
    protected Connection sndConn;&lt;br/&gt;
    protected Session sndSess;&lt;br/&gt;
    protected MessageProducer producer;&lt;br/&gt;
    protected Destination dest;&lt;/li&gt;
&lt;/ul&gt;


&lt;p&gt;    /**&lt;/p&gt;
&lt;ul&gt;
	&lt;li&gt;main logic&lt;br/&gt;
     *&lt;/li&gt;
	&lt;li&gt;@param args .&lt;br/&gt;
     *&lt;/li&gt;
	&lt;li&gt;@throws Exception !&lt;br/&gt;
     */&lt;br/&gt;
    public static void main(String[] args) throws Exception&lt;br/&gt;
    {&lt;br/&gt;
        TestActiveMQProducer tester = new TestActiveMQProducer();&lt;/li&gt;
&lt;/ul&gt;


&lt;p&gt;        tester.setUp();&lt;/p&gt;

&lt;p&gt;        for (int i = 0; i &amp;lt; 100; i++) &lt;/p&gt;
{
            Message msg = tester.sndSess.createTextMessage(&quot;Hello World!&quot;);
            tester.producer.send(tester.dest, msg);
            System.out.println(&quot;Sent msg: &quot; + msg);
            Thread.sleep(1000);
        }

&lt;p&gt;        tester.tearDown();&lt;br/&gt;
    }&lt;/p&gt;

&lt;p&gt;    protected void setUp() throws Exception&lt;/p&gt;
    {
        connFactory = new ActiveMQConnectionFactory(&quot;multicast://224.0.0.1:8000&quot;);     
        //connFactory = new ActiveMQConnectionFactory(&quot;tcp://127.0.0.1:61616&quot;);       
        System.out.println(&quot;Created conn factory: &quot; + connFactory);
        
        sndConn = connFactory.createConnection();
        System.out.println(&quot;Created conn: &quot; + sndConn);
        
        sndSess = sndConn.createSession(false, Session.AUTO_ACKNOWLEDGE);
        System.out.println(&quot;Created receiveSession: &quot; + sndSess);
        
        dest = sndSess.createTopic(&quot;FOO&quot;);
        System.out.println( &quot;Created destination: &quot; + dest + &quot; of type: &quot; + dest.getClass() );

        producer = sndSess.createProducer(dest);
        sndConn.start();
        
        System.out.println(&quot;Started connections&quot;);
    }

&lt;p&gt;    protected void tearDown() throws Exception&lt;/p&gt;
    {
        sndSess.close();
        sndConn.close();
    }
&lt;p&gt;}&lt;/p&gt;


&lt;p&gt;::::::::::::::::::::::::::::::::::::&lt;br/&gt;
    Consumer tester&lt;br/&gt;
::::::::::::::::::::::::::::::::::::&lt;/p&gt;

&lt;p&gt;import java.util.Properties;&lt;/p&gt;

&lt;p&gt;import javax.jms.Connection;&lt;br/&gt;
import javax.jms.ConnectionFactory;&lt;br/&gt;
import javax.jms.Destination;&lt;br/&gt;
import javax.jms.Message;&lt;br/&gt;
import javax.jms.MessageConsumer;&lt;br/&gt;
import javax.jms.MessageListener;&lt;br/&gt;
import javax.jms.Session;&lt;br/&gt;
import javax.naming.Context;&lt;br/&gt;
import javax.naming.InitialContext;&lt;br/&gt;
import javax.naming.Reference;&lt;/p&gt;

&lt;p&gt;import org.codehaus.activemq.ActiveMQConnectionFactory;&lt;br/&gt;
import org.codehaus.activemq.jndi.JNDIReferenceFactory;&lt;/p&gt;


&lt;p&gt;/**&lt;/p&gt;
&lt;ul&gt;
	&lt;li&gt;Class to test ActiveMQ Subscriber&lt;br/&gt;
 *&lt;/li&gt;
	&lt;li&gt;@author $author$&lt;/li&gt;
	&lt;li&gt;@version $Revision$&lt;br/&gt;
 */&lt;br/&gt;
public class TestActiveMQConsumer implements MessageListener&lt;br/&gt;
{&lt;br/&gt;
    protected ConnectionFactory connFactory;&lt;br/&gt;
    protected Connection rcvConn;&lt;br/&gt;
    protected Session rcvSess;&lt;br/&gt;
    protected MessageConsumer consumer;&lt;br/&gt;
    protected Destination dest;&lt;/li&gt;
&lt;/ul&gt;


&lt;p&gt;    /**&lt;/p&gt;
&lt;ul&gt;
	&lt;li&gt;main logic&lt;br/&gt;
     *&lt;/li&gt;
	&lt;li&gt;@param args .&lt;br/&gt;
     *&lt;/li&gt;
	&lt;li&gt;@throws Exception !&lt;br/&gt;
     */&lt;br/&gt;
    public static void main(String[] args) throws Exception
    {
        TestActiveMQConsumer tester = new TestActiveMQConsumer();

        tester.setUp();

        // tester.tearDown();
    }&lt;/li&gt;
&lt;/ul&gt;


&lt;p&gt;    protected void setUp() throws Exception&lt;/p&gt;
    {
        connFactory = new ActiveMQConnectionFactory(&quot;multicast://224.0.0.1:8000&quot;);     
        //connFactory = new ActiveMQConnectionFactory(&quot;tcp://127.0.0.1:61616&quot;);     
        System.out.println(&quot;Created conn factory: &quot; + connFactory);
   
        rcvConn = connFactory.createConnection();
        System.out.println(&quot;Created conn: &quot; + rcvConn);
        
        rcvSess = rcvConn.createSession(false, Session.AUTO_ACKNOWLEDGE);
        System.out.println(&quot;Created receiveSession: &quot; + rcvSess);
        
        dest = rcvSess.createTopic(&quot;FOO&quot;);
        System.out.println( &quot;Created destination: &quot; + dest + &quot; of type: &quot; + dest.getClass() );
            
        consumer = rcvSess.createConsumer(dest);
        consumer.setMessageListener(this);
        rcvConn.start();
        
        System.out.println(&quot;Started connections&quot;);
    }

&lt;p&gt;    protected void tearDown() throws Exception&lt;/p&gt;
    {
        rcvSess.close();
        rcvConn.close();
    }

&lt;p&gt;    /**&lt;/p&gt;
&lt;ul&gt;
	&lt;li&gt;Got a message!&lt;br/&gt;
     *&lt;/li&gt;
	&lt;li&gt;@param message .&lt;br/&gt;
     */&lt;br/&gt;
    public void onMessage(Message message)
    {
        System.out.println(&quot;Received message: &quot; + message);
    }
&lt;p&gt;}&lt;/p&gt;&lt;/li&gt;
&lt;/ul&gt;
</description>
                <environment>&lt;p&gt;Tested on both W2K/JDK1.4.2_04 and Linux/JDK1.4.2&lt;/p&gt;</environment>
        <key id="12481344">AMQ-29</key>
            <summary>Unable to get multicast to work in severless environment</summary>
                <type id="1" iconUrl="https://issues.apache.org/jira/images/icons/issuetypes/bug.png">Bug</type>
                                            <priority id="3" iconUrl="https://issues.apache.org/jira/images/icons/priorities/major.png">Major</priority>
                        <status id="6" iconUrl="https://issues.apache.org/jira/images/icons/statuses/closed.png" description="The issue is considered finished, the resolution is correct. Issues which are closed can be reopened.">Closed</status>
                    <statusCategory id="3" key="done" colorName="green"/>
                                    <resolution id="1">Fixed</resolution>
                                        <assignee username="-1">Unassigned</assignee>
                                    <reporter username="bguan">Brian Guan</reporter>
                        <labels>
                    </labels>
                <created>Sat, 5 Jun 2004 02:20:20 +0100</created>
                <updated>Thu, 3 Feb 2005 10:45:49 +0000</updated>
                            <resolved>Sat, 19 Jun 2004 01:15:26 +0100</resolved>
                                    <version>1.0</version>
                                    <fixVersion>2.0</fixVersion>
                                    <component>Transport</component>
                        <due></due>
                            <votes>0</votes>
                                    <watches>1</watches>
                                                                <comments>
                            <comment id="12936871" author="jstrachan" created="Sat, 19 Jun 2004 01:15:26 +0100"  >&lt;p&gt;Should be fixed now in CVS - sorry about that&lt;/p&gt;</comment>
                    </comments>
                    <attachments>
                    </attachments>
                <subtasks>
                    </subtasks>
                <customfields>
                                                <customfield id="customfield_12310310" key="com.atlassian.jira.toolkit:attachments">
                        <customfieldname>Attachment count</customfieldname>
                        <customfieldvalues>
                            <customfieldvalue>0.0</customfieldvalue>
                        </customfieldvalues>
                    </customfield>
                                                                                                                        <customfield id="customfield_12310220" key="com.atlassian.jira.ext.charting:firstresponsedate">
                        <customfieldname>Date of First Response</customfieldname>
                        <customfieldvalues>
                            <customfieldvalue>Sat, 19 Jun 2004 00:15:26 +0000</customfieldvalue>

                        </customfieldvalues>
                    </customfield>
                                                                                                                                                                                                            <customfield id="customfield_12310420" key="com.pyxis.greenhopper.jira:gh-global-rank">
                        <customfieldname>Global Rank</customfieldname>
                        <customfieldvalues>
                            <customfieldvalue>48777</customfieldvalue>
                        </customfieldvalues>
                    </customfield>
                                                                                            <customfield id="customfield_12311820" key="com.pyxis.greenhopper.jira:gh-lexo-rank">
                        <customfieldname>Rank</customfieldname>
                        <customfieldvalues>
                            <customfieldvalue>2|hynnbj:</customfieldvalue>

                        </customfieldvalues>
                    </customfield>
                                                                <customfield id="customfield_12310920" key="com.pyxis.greenhopper.jira:gh-global-rank">
                        <customfieldname>Rank (Obsolete)</customfieldname>
                        <customfieldvalues>
                            <customfieldvalue>171965</customfieldvalue>
                        </customfieldvalues>
                    </customfield>
                                                                                                                                                    <customfield id="customfield_12310222" key="com.atlassian.jira.ext.charting:timeinstatus">
                        <customfieldname>Time in Status</customfieldname>
                        <customfieldvalues>
                            
                        </customfieldvalues>
                    </customfield>
                                    </customfields>
    </item>

<item>
            <title>[AMQ-30] Unable to retrieve object bound with JNDI</title>
                <link>https://issues.apache.org/jira/browse/AMQ-30</link>
                <project id="12311210" key="AMQ">ActiveMQ</project>
                    <description>&lt;p&gt;I was trying to learn how to use ActiveMQ.  &lt;/p&gt;

&lt;p&gt;I try using Sun&apos;s Filesystem JNDI provider instead of using say RMI registry or some other JNDI provider that comes with app servers.&lt;/p&gt;

&lt;p&gt;The problem I am having is, when I bind an ActiveMQTopic to Sun&apos;s filesystem provider, what I looked-up from the other JVM is a javax.naming.Reference object instead of what I was expecting i.e. ActiveMQTopic objects.&lt;/p&gt;

&lt;p&gt;Looking into the .bindings used by the filesystem JNDI reveals what I think is the explaination:&lt;/p&gt;

&lt;p&gt;	#This file is used by the JNDI FSContext.&lt;br/&gt;
	#Thu Jun 03 14:05:58 PDT 2004&lt;br/&gt;
	FOO/RefAddr/0/Encoding=String&lt;br/&gt;
	FOO/RefAddr/0/Content=FOO&lt;br/&gt;
	FOO/FactoryName=com.spirit.core.util.resolver.JNDIResolver&lt;br/&gt;
	FOO/ClassName=org.codehaus.activemq.message.ActiveMQTopic&lt;br/&gt;
	FOO/RefAddr/0/Type=physicalName&lt;/p&gt;


&lt;p&gt;Is it intentional that the FactoryName is set to com.spirit.core.util.resolver.JNDIResolver?&lt;br/&gt;
Isn&apos;t spirit soft commercial software?&lt;/p&gt;

&lt;p&gt;Looking into the code, it seems to be coming from org.codehaus.activemq.jndi.JNDIReferenceFactory.createReference().&lt;/p&gt;


&lt;p&gt;Well, hope to hear from you soon about this. &lt;/p&gt;


&lt;p&gt;Many thanks in advance.&lt;/p&gt;</description>
                <environment>&lt;p&gt;Win2K and Linux on intel, Sun JDK1.4.2_04, Sun Filesystem JNDI provider 1.2, ActiveMQ 1.0-M1&lt;/p&gt;</environment>
        <key id="12481274">AMQ-30</key>
            <summary>Unable to retrieve object bound with JNDI</summary>
                <type id="1" iconUrl="https://issues.apache.org/jira/images/icons/issuetypes/bug.png">Bug</type>
                                            <priority id="3" iconUrl="https://issues.apache.org/jira/images/icons/priorities/major.png">Major</priority>
                        <status id="6" iconUrl="https://issues.apache.org/jira/images/icons/statuses/closed.png" description="The issue is considered finished, the resolution is correct. Issues which are closed can be reopened.">Closed</status>
                    <statusCategory id="3" key="done" colorName="green"/>
                                    <resolution id="1">Fixed</resolution>
                                        <assignee username="-1">Unassigned</assignee>
                                    <reporter username="bguan">Brian Guan</reporter>
                        <labels>
                    </labels>
                <created>Sat, 5 Jun 2004 04:10:32 +0100</created>
                <updated>Thu, 3 Feb 2005 10:45:44 +0000</updated>
                            <resolved>Mon, 14 Jun 2004 15:01:03 +0100</resolved>
                                    <version>1.0</version>
                                    <fixVersion>2.0</fixVersion>
                                    <component>JMS client</component>
                        <due></due>
                            <votes>0</votes>
                                    <watches>0</watches>
                                                                <comments>
                            <comment id="12936280" author="jstrachan" created="Mon, 14 Jun 2004 15:01:03 +0100"  >&lt;p&gt;Now fixed in CVS. Many thanks for spotting this typo&lt;/p&gt;</comment>
                    </comments>
                    <attachments>
                    </attachments>
                <subtasks>
                    </subtasks>
                <customfields>
                                                <customfield id="customfield_12310310" key="com.atlassian.jira.toolkit:attachments">
                        <customfieldname>Attachment count</customfieldname>
                        <customfieldvalues>
                            <customfieldvalue>0.0</customfieldvalue>
                        </customfieldvalues>
                    </customfield>
                                                                                                                        <customfield id="customfield_12310220" key="com.atlassian.jira.ext.charting:firstresponsedate">
                        <customfieldname>Date of First Response</customfieldname>
                        <customfieldvalues>
                            <customfieldvalue>Mon, 14 Jun 2004 14:01:03 +0000</customfieldvalue>

                        </customfieldvalues>
                    </customfield>
                                                                                                                                                                                                            <customfield id="customfield_12310420" key="com.pyxis.greenhopper.jira:gh-global-rank">
                        <customfieldname>Global Rank</customfieldname>
                        <customfieldvalues>
                            <customfieldvalue>48778</customfieldvalue>
                        </customfieldvalues>
                    </customfield>
                                                                                            <customfield id="customfield_12311820" key="com.pyxis.greenhopper.jira:gh-lexo-rank">
                        <customfieldname>Rank</customfieldname>
                        <customfieldvalues>
                            <customfieldvalue>2|hynnef:</customfieldvalue>

                        </customfieldvalues>
                    </customfield>
                                                                <customfield id="customfield_12310920" key="com.pyxis.greenhopper.jira:gh-global-rank">
                        <customfieldname>Rank (Obsolete)</customfieldname>
                        <customfieldvalues>
                            <customfieldvalue>171978</customfieldvalue>
                        </customfieldvalues>
                    </customfield>
                                                                                                                                                    <customfield id="customfield_12310222" key="com.atlassian.jira.ext.charting:timeinstatus">
                        <customfieldname>Time in Status</customfieldname>
                        <customfieldvalues>
                            
                        </customfieldvalues>
                    </customfield>
                                    </customfields>
    </item>

<item>
            <title>[AMQ-33] When using multicast, setting msg expiry stops msgs from being sent</title>
                <link>https://issues.apache.org/jira/browse/AMQ-33</link>
                <project id="12311210" key="AMQ">ActiveMQ</project>
                    <description>&lt;p&gt;When using multicast, setting msg expiry by calling msg.setJMSExpiration(10000) actually stops msgs from being sent!&lt;/p&gt;

&lt;p&gt;The following error is logged:&lt;/p&gt;

&lt;p&gt;2004-06-21 16:40:03,625 &lt;span class=&quot;error&quot;&gt;&amp;#91;Thread-0&amp;#93;&lt;/span&gt; INFO  org.codehaus.activemq.service.vm.VMSubscription - Message probably expired: null&lt;/p&gt;


&lt;p&gt;If I skip the call to setJMSExpiration(), msg will get sent.&lt;/p&gt;


&lt;p&gt;Also, when using a server using TCP protocol, setJMSExpiration() works too.&lt;/p&gt;</description>
                <environment>&lt;p&gt;Win2K, Sun JDK 1.4.2_04&lt;/p&gt;</environment>
        <key id="12481303">AMQ-33</key>
            <summary>When using multicast, setting msg expiry stops msgs from being sent</summary>
                <type id="1" iconUrl="https://issues.apache.org/jira/images/icons/issuetypes/bug.png">Bug</type>
                                            <priority id="3" iconUrl="https://issues.apache.org/jira/images/icons/priorities/major.png">Major</priority>
                        <status id="6" iconUrl="https://issues.apache.org/jira/images/icons/statuses/closed.png" description="The issue is considered finished, the resolution is correct. Issues which are closed can be reopened.">Closed</status>
                    <statusCategory id="3" key="done" colorName="green"/>
                                    <resolution id="1">Fixed</resolution>
                                        <assignee username="jstrachan">james strachan</assignee>
                                    <reporter username="bguan">Brian Guan</reporter>
                        <labels>
                    </labels>
                <created>Tue, 22 Jun 2004 03:41:21 +0100</created>
                <updated>Thu, 3 Feb 2005 10:45:20 +0000</updated>
                            <resolved>Tue, 22 Jun 2004 15:30:52 +0100</resolved>
                                    <version>1.0</version>
                                    <fixVersion>2.0</fixVersion>
                                    <component>Transport</component>
                        <due></due>
                            <votes>0</votes>
                                    <watches>0</watches>
                                                                <comments>
                            <comment id="12937208" author="jstrachan" created="Tue, 22 Jun 2004 13:28:47 +0100"  >&lt;p&gt;I don&apos;t think you&apos;re meant to call Message.setJMSExpiration() as the JMS provider is meant to do that.&lt;/p&gt;

&lt;p&gt;If you want to send a message with a time to live (TTL), I think you&apos;re meant to call MessageProducer.send(...., timeToLive);&lt;/p&gt;

&lt;p&gt;&lt;a href=&quot;http://java.sun.com/j2ee/1.4/docs/api/javax/jms/MessageProducer.html#send(javax.jms.Destination,%20javax.jms.Message,%20int,%20int,%20long&quot; class=&quot;external-link&quot; rel=&quot;nofollow&quot;&gt;http://java.sun.com/j2ee/1.4/docs/api/javax/jms/MessageProducer.html#send(javax.jms.Destination,%20javax.jms.Message,%20int,%20int,%20long&lt;/a&gt;)&lt;/p&gt;

&lt;p&gt;Or specify a default time to live on the MessageProducer...&lt;/p&gt;

&lt;p&gt;&lt;a href=&quot;http://java.sun.com/j2ee/1.4/docs/api/javax/jms/MessageProducer.html#setTimeToLive(long&quot; class=&quot;external-link&quot; rel=&quot;nofollow&quot;&gt;http://java.sun.com/j2ee/1.4/docs/api/javax/jms/MessageProducer.html#setTimeToLive(long&lt;/a&gt;)&lt;/p&gt;


&lt;p&gt;AFAIK the time to live code is working. Maybe if you specify the TTL properly it might fix your issue? Incidentally the value of Message.getJMSExpiration() is GMT + the TTL, rather than just the TTL. This might explain why things are not sent?&lt;/p&gt;</comment>
                            <comment id="12937091" author="jstrachan" created="Tue, 22 Jun 2004 13:52:22 +0100"  >&lt;p&gt;From the spec....&lt;/p&gt;

&lt;p&gt;3.4.11 How Message Header Values Are Set&lt;/p&gt;

&lt;p&gt;Header Fields Set By&lt;br/&gt;
JMSDestination Send Method&lt;br/&gt;
JMSDeliveryMode Send Method&lt;br/&gt;
JMSExpiration Send Method&lt;br/&gt;
JMSPriority Send Method&lt;br/&gt;
JMSMessageID Send Method&lt;br/&gt;
JMSTimestamp Send Method&lt;br/&gt;
JMSCorrelationID Client&lt;br/&gt;
JMSReplyTo Client&lt;br/&gt;
JMSType Client&lt;br/&gt;
JMSRedelivered Provider&lt;/p&gt;</comment>
                            <comment id="12937151" author="jstrachan" created="Tue, 22 Jun 2004 15:30:52 +0100"  >&lt;p&gt;We now explicitly overwrite the value of jmsExpiration() in the JMS client&apos;s send() method now to avoid any further confusion. See the above comments for how to specify a timeToLive when sending messages&lt;/p&gt;</comment>
                    </comments>
                    <attachments>
                    </attachments>
                <subtasks>
                    </subtasks>
                <customfields>
                                                <customfield id="customfield_12310310" key="com.atlassian.jira.toolkit:attachments">
                        <customfieldname>Attachment count</customfieldname>
                        <customfieldvalues>
                            <customfieldvalue>0.0</customfieldvalue>
                        </customfieldvalues>
                    </customfield>
                                                                                                                        <customfield id="customfield_12310220" key="com.atlassian.jira.ext.charting:firstresponsedate">
                        <customfieldname>Date of First Response</customfieldname>
                        <customfieldvalues>
                            <customfieldvalue>Tue, 22 Jun 2004 12:28:47 +0000</customfieldvalue>

                        </customfieldvalues>
                    </customfield>
                                                                                                                                                                                                            <customfield id="customfield_12310420" key="com.pyxis.greenhopper.jira:gh-global-rank">
                        <customfieldname>Global Rank</customfieldname>
                        <customfieldvalues>
                            <customfieldvalue>48779</customfieldvalue>
                        </customfieldvalues>
                    </customfield>
                                                                                            <customfield id="customfield_12311820" key="com.pyxis.greenhopper.jira:gh-lexo-rank">
                        <customfieldname>Rank</customfieldname>
                        <customfieldvalues>
                            <customfieldvalue>2|hyno1r:</customfieldvalue>

                        </customfieldvalues>
                    </customfield>
                                                                <customfield id="customfield_12310920" key="com.pyxis.greenhopper.jira:gh-global-rank">
                        <customfieldname>Rank (Obsolete)</customfieldname>
                        <customfieldvalues>
                            <customfieldvalue>172083</customfieldvalue>
                        </customfieldvalues>
                    </customfield>
                                                                                                                                                    <customfield id="customfield_12310222" key="com.atlassian.jira.ext.charting:timeinstatus">
                        <customfieldname>Time in Status</customfieldname>
                        <customfieldvalues>
                            
                        </customfieldvalues>
                    </customfield>
                                    </customfields>
    </item>
</channel>
</rss>
