<!--
RSS generated by JIRA (6.3.4#6332-sha1:51bc225ef474afe3128b2f66878477f322397b16) at Tue Mar 31 18:58:26 UTC 2015

It is possible to restrict the fields that are returned in this document by specifying the 'field' parameter in your request.
For example, to request only the issue key and summary add field=key&field=summary to the URL of your request.
For example:
https://issues.apache.org/jira/sr/jira.issueviews:searchrequest-xml/temp/SearchRequest.xml?jqlQuery=project+%3D+AMQ+AND+issuetype+%3D+Bug+AND+created+%3E%3D+2005-2-1+AND+created+%3C%3D+2005-3-1+ORDER+BY+key+ASC&amp;tempMax=200&amp;field=key&amp;field=summary
-->
<!-- If you wish to do custom client-side styling of RSS, uncomment this:
<?xml-stylesheet href="https://issues.apache.org/jira/styles/jiraxml2html.xsl" type="text/xsl"?>
-->
<rss version="0.92">
    <channel>
        <title>ASF JIRA</title>
        <link>https://issues.apache.org/jira/secure/IssueNavigator.jspa?reset=true&amp;jqlQuery=project+%3D+AMQ+AND+issuetype+%3D+Bug+AND+created+%3E%3D+2005-2-1+AND+created+%3C%3D+2005-3-1+ORDER+BY+key+ASC</link>
        <description>An XML representation of a search request</description>
                <language>en-uk</language>
                        <issue start="0" end="13" total="13"/>
                <build-info>
            <version>6.3.4</version>
            <build-number>6332</build-number>
            <build-date>15-08-2014</build-date>
        </build-info>
<item>
            <title>[AMQ-185] SSL transport does not connect.</title>
                <link>https://issues.apache.org/jira/browse/AMQ-185</link>
                <project id="12311210" key="AMQ">ActiveMQ</project>
                    <description>&lt;p&gt;Dpage reported that he gets:&lt;/p&gt;

&lt;p&gt;&lt;span class=&quot;error&quot;&gt;&amp;#91;4:05pm&amp;#93;&lt;/span&gt; dpage: javax.jms.JMSException: start failed: Read timed out&lt;br/&gt;
&lt;span class=&quot;error&quot;&gt;&amp;#91;4:05pm&amp;#93;&lt;/span&gt; dpage:         at org.codehaus.activemq.transport.t&amp;#8203;cp.TcpTransportChannel.start(TcpTr&amp;#8203;ansportChannel.java:182)&lt;br/&gt;
&lt;span class=&quot;error&quot;&gt;&amp;#91;4:05pm&amp;#93;&lt;/span&gt; dpage:         at org.codehaus.activemq.broker.impl&amp;#8203;.BrokerConnectorImpl.addClient(Bro&amp;#8203;kerConnectorImpl.java:308)&lt;br/&gt;
&lt;span class=&quot;error&quot;&gt;&amp;#91;4:05pm&amp;#93;&lt;/span&gt; dpage:         at org.codehaus.activemq.transport.T&amp;#8203;ransportServerChannelSupport.addCl&amp;#8203;ient(TransportServerChannelSupport&amp;#8203;.java:83)&lt;br/&gt;
&lt;span class=&quot;error&quot;&gt;&amp;#91;4:05pm&amp;#93;&lt;/span&gt; dpage:         at org.codehaus.activemq.transport.t&amp;#8203;cp.TcpTransportServerChannel.run(T&amp;#8203;cpTransportServerChannel.java:147)&amp;#8203;&lt;br/&gt;
&lt;span class=&quot;error&quot;&gt;&amp;#91;4:05pm&amp;#93;&lt;/span&gt; dpage:         at java.lang.Thread.run(Thread.java:&amp;#8203;534)&lt;/p&gt;

&lt;p&gt;When using SSL.&lt;/p&gt;</description>
                <environment></environment>
        <key id="12481124">AMQ-185</key>
            <summary>SSL transport does not connect.</summary>
                <type id="1" iconUrl="https://issues.apache.org/jira/images/icons/issuetypes/bug.png">Bug</type>
                                            <priority id="3" iconUrl="https://issues.apache.org/jira/images/icons/priorities/major.png">Major</priority>
                        <status id="6" iconUrl="https://issues.apache.org/jira/images/icons/statuses/closed.png" description="The issue is considered finished, the resolution is correct. Issues which are closed can be reopened.">Closed</status>
                    <statusCategory id="3" key="done" colorName="green"/>
                                    <resolution id="1">Fixed</resolution>
                                        <assignee username="-1">Unassigned</assignee>
                                    <reporter username="chirino">Hiram Chirino</reporter>
                        <labels>
                    </labels>
                <created>Fri, 4 Feb 2005 00:36:18 +0000</created>
                <updated>Tue, 20 Sep 2005 18:15:49 +0100</updated>
                            <resolved>Fri, 4 Feb 2005 05:29:17 +0000</resolved>
                                    <version>2.0</version>
                                    <fixVersion>2.1</fixVersion>
                                    <component>Transport</component>
                        <due></due>
                            <votes>0</votes>
                                    <watches>0</watches>
                                                                <comments>
                            <comment id="12936829" author="chirino" created="Fri, 4 Feb 2005 00:36:48 +0000"  >&lt;p&gt;Fix affected version&lt;/p&gt;</comment>
                            <comment id="12936838" author="chirino" created="Fri, 4 Feb 2005 05:29:17 +0000"  >&lt;p&gt;Fixed in head.  Should go into the next 2.1 release,&lt;/p&gt;</comment>
                    </comments>
                    <attachments>
                    </attachments>
                <subtasks>
                    </subtasks>
                <customfields>
                                                <customfield id="customfield_12310310" key="com.atlassian.jira.toolkit:attachments">
                        <customfieldname>Attachment count</customfieldname>
                        <customfieldvalues>
                            <customfieldvalue>0.0</customfieldvalue>
                        </customfieldvalues>
                    </customfield>
                                                                                                                                                                                                                                                                                                <customfield id="customfield_12310420" key="com.pyxis.greenhopper.jira:gh-global-rank">
                        <customfieldname>Global Rank</customfieldname>
                        <customfieldvalues>
                            <customfieldvalue>48916</customfieldvalue>
                        </customfieldvalues>
                    </customfield>
                                                                                            <customfield id="customfield_12311820" key="com.pyxis.greenhopper.jira:gh-lexo-rank">
                        <customfieldname>Rank</customfieldname>
                        <customfieldvalues>
                            <customfieldvalue>2|hynn07:</customfieldvalue>

                        </customfieldvalues>
                    </customfield>
                                                                <customfield id="customfield_12310920" key="com.pyxis.greenhopper.jira:gh-global-rank">
                        <customfieldname>Rank (Obsolete)</customfieldname>
                        <customfieldvalues>
                            <customfieldvalue>171914</customfieldvalue>
                        </customfieldvalues>
                    </customfield>
                                                                                                                                                    <customfield id="customfield_12310222" key="com.atlassian.jira.ext.charting:timeinstatus">
                        <customfieldname>Time in Status</customfieldname>
                        <customfieldvalues>
                            
                        </customfieldvalues>
                    </customfield>
                                    </customfields>
    </item>

<item>
            <title>[AMQ-187] Switching V1.5 to V2.0 =&gt; failed to build body from bytes</title>
                <link>https://issues.apache.org/jira/browse/AMQ-187</link>
                <project id="12311210" key="AMQ">ActiveMQ</project>
                    <description>&lt;p&gt;Due to a Problem with Version 1.5 (see other Commit) we tried using Version 2.0. Using Version 2.0 we permanently get an &quot;failed to build body from bytes&quot; Error. &lt;/p&gt;

&lt;p&gt;As fas as we analyzed, this normally seems to happen if there is a serilalisation/deserialisation Problem .. but in this Case the Broker, the &quot;Client&quot; and the &quot;Server&quot; are using all the Same machine/jdk/classes. &lt;/p&gt;

&lt;p&gt;We are simply &quot;transporting&quot; an Array of Tile-Requests as the Body of an ObjectMessage (see the Class below). In the Error-Case it seems that the Object-Body of the Message itself is being lost. &lt;br/&gt;
The Message sent by the Client still contains the Object .. the Message received by the Server seems to have lost it&apos;s contents.&lt;/p&gt;

&lt;p&gt;Any comments/ideas ??&lt;/p&gt;


&lt;p&gt;8&amp;lt;----------------&lt;del&gt;8&amp;lt;&lt;/del&gt;--------------&lt;del&gt;8&amp;lt;&lt;/del&gt;--------------&lt;del&gt;8&amp;lt;&lt;/del&gt;---------&lt;br/&gt;
public class TileRequest implements Serializable {&lt;br/&gt;
  private Serializable segmentHandle;&lt;br/&gt;
  private RenderContext renderContext;&lt;br/&gt;
  private Rectangle tile;&lt;/p&gt;

&lt;p&gt;public TileRequest(Serializable segmentHandle, RenderContext    &lt;br/&gt;
      renderContext, Rectangle tile) &lt;/p&gt;
{
    this.segmentHandle = segmentHandle;
    this.renderContext = renderContext;
    this.tile = tile;
  }

&lt;p&gt;  public RenderContext getRenderContext() &lt;/p&gt;
{
    return renderContext;
  }

&lt;p&gt;  public Serializable getSegmentHandle() &lt;/p&gt;
{
    return segmentHandle;
  }

&lt;p&gt;  public Rectangle getTileRectangle() &lt;/p&gt;
{
    return tile;
  }
&lt;p&gt;}&lt;/p&gt;</description>
                <environment>&lt;p&gt;Windows 2k &lt;/p&gt;</environment>
        <key id="12481130">AMQ-187</key>
            <summary>Switching V1.5 to V2.0 =&gt; failed to build body from bytes</summary>
                <type id="1" iconUrl="https://issues.apache.org/jira/images/icons/issuetypes/bug.png">Bug</type>
                                            <priority id="3" iconUrl="https://issues.apache.org/jira/images/icons/priorities/major.png">Major</priority>
                        <status id="5" iconUrl="https://issues.apache.org/jira/images/icons/statuses/resolved.png" description="A resolution has been taken, and it is awaiting verification by reporter. From here issues are either reopened, or are closed.">Resolved</status>
                    <statusCategory id="3" key="done" colorName="green"/>
                                    <resolution id="1">Fixed</resolution>
                                        <assignee username="-1">Unassigned</assignee>
                                    <reporter username="laermtot">Volker Graf</reporter>
                        <labels>
                    </labels>
                <created>Mon, 7 Feb 2005 16:49:33 +0000</created>
                <updated>Wed, 23 Mar 2005 00:07:43 +0000</updated>
                            <resolved>Wed, 23 Mar 2005 00:07:43 +0000</resolved>
                                    <version>1.5</version>
                    <version>2.0</version>
                                    <fixVersion>3.0</fixVersion>
                                        <due></due>
                            <votes>0</votes>
                                    <watches>1</watches>
                                                                <comments>
                            <comment id="12937011" author="kingpin" created="Thu, 17 Mar 2005 00:14:05 +0000"  >&lt;p&gt;I&apos;ve experienced a similar issue using V1.5: I&apos;m starting the application using classworlds and building the class loader structure in code. What I&apos;ve observed is that when I run my application using a script file that just invokes the classworlds jar as the argument to java it works fine, however if I invoke it from within the java service wrapper I receive the error&lt;/p&gt;

&lt;p&gt;javax.jms.JMSException: failed to build body from bytes&lt;br/&gt;
     at org.codehaus.activemq.message.ActiveMQObjectMessage.getObject(ActiveMQObjectMessage.java:163)&lt;br/&gt;
     at com.simpleeye.routing.BasicRouterService$multicastSubscriber.onMessage(BasicRouterService.java:362)&lt;br/&gt;
     at org.codehaus.activemq.ActiveMQMessageConsumer.processMessage(ActiveMQMessageConsumer.java:397)&lt;br/&gt;
     at org.codehaus.activemq.ActiveMQSessionExecutor.run(ActiveMQSessionExecutor.java:79)&lt;br/&gt;
     at java.lang.Thread.run(Unknown Source)&lt;/p&gt;

&lt;p&gt;After some exploration it turns out that the problem is dependent upon the working folder: if I reconfigure the service wrapper to use the same working directory as the batch file, it works fine (oddly enough, I experienced similar difficulties with JavaMail), so it seems there is some dependency between the working folder and the serialization/deserialization. A cursory glance at the ActiveMW source code didn&apos;t really enlighten me, but is there some specific property or configuration file that depends upon the relative location (with respect to the JVM&apos;s working directory) of the Active MQ jar files.&lt;/p&gt;</comment>
                            <comment id="12936792" author="jstrachan" created="Mon, 21 Mar 2005 11:20:14 +0000"  >&lt;p&gt;Any chance you could double check this is still an issue in 3.0-SNAPSHOT? We&apos;ve added a number of fixes for serialization with different class loaders - this issue could now be resolved&lt;/p&gt;</comment>
                            <comment id="12937093" author="jstrachan" created="Wed, 23 Mar 2005 00:07:43 +0000"  >&lt;p&gt;I&apos;m assuming this issue is resolved unless you let me know otherwise as we&apos;ve seen the same issue as well and its now fixed from our tests at least&lt;/p&gt;</comment>
                    </comments>
                    <attachments>
                    </attachments>
                <subtasks>
                    </subtasks>
                <customfields>
                                                <customfield id="customfield_12310310" key="com.atlassian.jira.toolkit:attachments">
                        <customfieldname>Attachment count</customfieldname>
                        <customfieldvalues>
                            <customfieldvalue>0.0</customfieldvalue>
                        </customfieldvalues>
                    </customfield>
                                                                                                                        <customfield id="customfield_12310220" key="com.atlassian.jira.ext.charting:firstresponsedate">
                        <customfieldname>Date of First Response</customfieldname>
                        <customfieldvalues>
                            <customfieldvalue>Thu, 17 Mar 2005 00:14:05 +0000</customfieldvalue>

                        </customfieldvalues>
                    </customfield>
                                                                                                                                                                                                            <customfield id="customfield_12310420" key="com.pyxis.greenhopper.jira:gh-global-rank">
                        <customfieldname>Global Rank</customfieldname>
                        <customfieldvalues>
                            <customfieldvalue>48918</customfieldvalue>
                        </customfieldvalues>
                    </customfield>
                                                                                            <customfield id="customfield_12311820" key="com.pyxis.greenhopper.jira:gh-lexo-rank">
                        <customfieldname>Rank</customfieldname>
                        <customfieldvalues>
                            <customfieldvalue>2|hylwz3:</customfieldvalue>

                        </customfieldvalues>
                    </customfield>
                                                                <customfield id="customfield_12310920" key="com.pyxis.greenhopper.jira:gh-global-rank">
                        <customfieldname>Rank (Obsolete)</customfieldname>
                        <customfieldvalues>
                            <customfieldvalue>161864</customfieldvalue>
                        </customfieldvalues>
                    </customfield>
                                                                                                                                                    <customfield id="customfield_12310222" key="com.atlassian.jira.ext.charting:timeinstatus">
                        <customfieldname>Time in Status</customfieldname>
                        <customfieldvalues>
                            
                        </customfieldvalues>
                    </customfield>
                                    </customfields>
    </item>

<item>
            <title>[AMQ-188] producer.send(....) seems to block sending bigger objects</title>
                <link>https://issues.apache.org/jira/browse/AMQ-188</link>
                <project id="12311210" key="AMQ">ActiveMQ</project>
                    <description>&lt;p&gt;We implemented a Communication-Protocol handling a Simple Client/Server Connection (using temp-queues) .. we are transporting image-tiles through this Queues. It seems that, if the images reacg a certain size (not specified at the moment) the whole Broker seems to block and does not accept any messages anymore .. therefore the client seems to block too .. &lt;br/&gt;
Any ideas what this could cause ??&lt;/p&gt;</description>
                <environment>&lt;p&gt;Windows2k&lt;/p&gt;</environment>
        <key id="12481183">AMQ-188</key>
            <summary>producer.send(....) seems to block sending bigger objects</summary>
                <type id="1" iconUrl="https://issues.apache.org/jira/images/icons/issuetypes/bug.png">Bug</type>
                                            <priority id="3" iconUrl="https://issues.apache.org/jira/images/icons/priorities/major.png">Major</priority>
                        <status id="5" iconUrl="https://issues.apache.org/jira/images/icons/statuses/resolved.png" description="A resolution has been taken, and it is awaiting verification by reporter. From here issues are either reopened, or are closed.">Resolved</status>
                    <statusCategory id="3" key="done" colorName="green"/>
                                    <resolution id="5">Cannot Reproduce</resolution>
                                        <assignee username="-1">Unassigned</assignee>
                                    <reporter username="laermtot">Volker Graf</reporter>
                        <labels>
                    </labels>
                <created>Mon, 7 Feb 2005 16:54:57 +0000</created>
                <updated>Mon, 11 Jul 2005 10:58:40 +0100</updated>
                            <resolved>Mon, 11 Jul 2005 10:58:40 +0100</resolved>
                                    <version>1.5</version>
                                    <fixVersion>3.1</fixVersion>
                                        <due></due>
                            <votes>0</votes>
                                    <watches>1</watches>
                                                                <comments>
                            <comment id="12936582" author="jstrachan" created="Wed, 23 Mar 2005 00:27:58 +0000"  >&lt;p&gt;We implement flow control to avoid slow consumers flooding the resources of the broker. Could this be it?&lt;/p&gt;

&lt;p&gt;Any idea what kind of message size that&apos;s causing the issue?&lt;/p&gt;</comment>
                            <comment id="12936808" author="jstrachan" created="Mon, 11 Jul 2005 08:10:00 +0100"  >&lt;p&gt;Volker - any chance you could provide more details on how we can fix this issue?&lt;/p&gt;</comment>
                            <comment id="12936695" author="jstrachan" created="Mon, 11 Jul 2005 10:58:40 +0100"  >&lt;p&gt;As far as we can assertain, this issue is resolved. It may have been due to &lt;a href=&quot;https://issues.apache.org/jira/browse/AMQ-238&quot; title=&quot;Broker Memory Leak&quot; class=&quot;issue-link&quot; data-issue-key=&quot;AMQ-238&quot;&gt;&lt;del&gt;AMQ-238&lt;/del&gt;&lt;/a&gt; or &lt;a href=&quot;https://issues.apache.org/jira/browse/AMQ-273&quot; title=&quot;Memory leak in wire format&quot; class=&quot;issue-link&quot; data-issue-key=&quot;AMQ-273&quot;&gt;&lt;del&gt;AMQ-273&lt;/del&gt;&lt;/a&gt; but we cannot reproduce this issue any more.&lt;/p&gt;

&lt;p&gt;If you can still reproduce this problem somehow, please let us know details and we can reopen this issue&lt;/p&gt;</comment>
                    </comments>
                    <attachments>
                    </attachments>
                <subtasks>
                    </subtasks>
                <customfields>
                                                <customfield id="customfield_12310310" key="com.atlassian.jira.toolkit:attachments">
                        <customfieldname>Attachment count</customfieldname>
                        <customfieldvalues>
                            <customfieldvalue>0.0</customfieldvalue>
                        </customfieldvalues>
                    </customfield>
                                                                                                                        <customfield id="customfield_12310220" key="com.atlassian.jira.ext.charting:firstresponsedate">
                        <customfieldname>Date of First Response</customfieldname>
                        <customfieldvalues>
                            <customfieldvalue>Wed, 23 Mar 2005 00:27:58 +0000</customfieldvalue>

                        </customfieldvalues>
                    </customfield>
                                                                                                                                                                                                            <customfield id="customfield_12310420" key="com.pyxis.greenhopper.jira:gh-global-rank">
                        <customfieldname>Global Rank</customfieldname>
                        <customfieldvalues>
                            <customfieldvalue>84253</customfieldvalue>
                        </customfieldvalues>
                    </customfield>
                                                                                            <customfield id="customfield_12311820" key="com.pyxis.greenhopper.jira:gh-lexo-rank">
                        <customfieldname>Rank</customfieldname>
                        <customfieldvalues>
                            <customfieldvalue>2|hz1stj:</customfieldvalue>

                        </customfieldvalues>
                    </customfield>
                                                                <customfield id="customfield_12310920" key="com.pyxis.greenhopper.jira:gh-global-rank">
                        <customfieldname>Rank (Obsolete)</customfieldname>
                        <customfieldvalues>
                            <customfieldvalue>254513</customfieldvalue>
                        </customfieldvalues>
                    </customfield>
                                                                                                                                                    <customfield id="customfield_12310222" key="com.atlassian.jira.ext.charting:timeinstatus">
                        <customfieldname>Time in Status</customfieldname>
                        <customfieldvalues>
                            
                        </customfieldvalues>
                    </customfield>
                                    </customfields>
    </item>

<item>
            <title>[AMQ-189] Unsatisfied dependencies in Maven build</title>
                <link>https://issues.apache.org/jira/browse/AMQ-189</link>
                <project id="12311210" key="AMQ">ActiveMQ</project>
                    <description>&lt;p&gt;Attempting to build by executing&lt;br/&gt;
&amp;gt; maven&lt;br/&gt;
in main project directory.&lt;/p&gt;

&lt;p&gt;Receive the following...&lt;/p&gt;

&lt;p&gt;==================================================================&lt;br/&gt;
==================================================================&lt;br/&gt;
ActiveMQ :: Assembly&lt;br/&gt;
+----------------------------------------&lt;/p&gt;
&lt;table class=&apos;confluenceTable&apos;&gt;&lt;tbody&gt;
&lt;tr&gt;
&lt;td class=&apos;confluenceTd&apos;&gt; Executing default ActiveMQ :: Integration Tests :: Ejb&lt;/td&gt;
&lt;/tr&gt;
&lt;tr&gt;
&lt;td class=&apos;confluenceTd&apos;&gt; Memory: 6M/10M&lt;br/&gt;
+----------------------------------------&lt;br/&gt;
Attempting to download geronimo-spec-ejb-2.1-rc3.jar.&lt;br/&gt;
WARNING: Failed to download geronimo-spec-ejb-2.1-rc3.jar.&lt;/td&gt;
&lt;/tr&gt;
&lt;/tbody&gt;&lt;/table&gt;


&lt;p&gt;BUILD FAILED&lt;br/&gt;
File...... C:\Documents and Settings\bconlon\.maven\cache\maven-multiproject-plugin-1.3.1\plugin.jelly&lt;br/&gt;
Element... maven:reactor&lt;br/&gt;
Line...... 217&lt;br/&gt;
Column.... 9&lt;br/&gt;
The build cannot continue because of the following unsatisfied dependency:&lt;/p&gt;

&lt;p&gt;geronimo-spec-ejb-2.1-rc3.jar; version override doesn&apos;t exist: 2.1-rc3&lt;/p&gt;

&lt;p&gt;Total time: 22 seconds&lt;br/&gt;
Finished at: Mon Feb 07 11:35:18 CST 2005&lt;br/&gt;
==================================================================&lt;br/&gt;
==================================================================&lt;/p&gt;

&lt;p&gt;This version of geronimo-spec-ejb isn&apos;t in ibiblio or in any obvious place on apache or codehaus.  If I remove the &quot;ejb&quot; module, the build&lt;br/&gt;
will fail as follows:&lt;/p&gt;

&lt;p&gt;==================================================================&lt;br/&gt;
==================================================================&lt;br/&gt;
+----------------------------------------&lt;/p&gt;
&lt;table class=&apos;confluenceTable&apos;&gt;&lt;tbody&gt;
&lt;tr&gt;
&lt;td class=&apos;confluenceTd&apos;&gt; Executing default ActiveMQ :: Transport :: HTTP&lt;/td&gt;
&lt;/tr&gt;
&lt;tr&gt;
&lt;td class=&apos;confluenceTd&apos;&gt; Memory: 10M/12M&lt;br/&gt;
+----------------------------------------&lt;br/&gt;
Attempting to download geronimo-spec-servlet-2.4-rc3.jar.&lt;br/&gt;
WARNING: Failed to download geronimo-spec-servlet-2.4-rc3.jar.&lt;br/&gt;
Attempting to download org.mortbay.jetty-5.1-SNAPSHOT.jar.&lt;/td&gt;
&lt;/tr&gt;
&lt;/tbody&gt;&lt;/table&gt;


&lt;p&gt;BUILD FAILED&lt;br/&gt;
File...... C:\Documents and Settings\bconlon\.maven\cache\maven-multiproject-plu&lt;br/&gt;
gin-1.3.1\plugin.jelly&lt;br/&gt;
Element... maven:reactor&lt;br/&gt;
Line...... 217&lt;br/&gt;
Column.... 9&lt;br/&gt;
The build cannot continue because of the following unsatisfied dependency:&lt;/p&gt;

&lt;p&gt;geronimo-spec-servlet-2.4-rc3.jar; version override doesn&apos;t exist: 2.4-rc3&lt;/p&gt;

&lt;p&gt;Total time: 42 seconds&lt;br/&gt;
Finished at: Mon Feb 07 11:44:28 CST 2005&lt;br/&gt;
==================================================================&lt;br/&gt;
==================================================================&lt;/p&gt;</description>
                <environment>&lt;p&gt;win32, jdk 1.4.2_07, Maven 1.0.1&lt;/p&gt;</environment>
        <key id="12481090">AMQ-189</key>
            <summary>Unsatisfied dependencies in Maven build</summary>
                <type id="1" iconUrl="https://issues.apache.org/jira/images/icons/issuetypes/bug.png">Bug</type>
                                            <priority id="3" iconUrl="https://issues.apache.org/jira/images/icons/priorities/major.png">Major</priority>
                        <status id="5" iconUrl="https://issues.apache.org/jira/images/icons/statuses/resolved.png" description="A resolution has been taken, and it is awaiting verification by reporter. From here issues are either reopened, or are closed.">Resolved</status>
                    <statusCategory id="3" key="done" colorName="green"/>
                                    <resolution id="1">Fixed</resolution>
                                        <assignee username="-1">Unassigned</assignee>
                                    <reporter username="bpconlon">Brian Conlon</reporter>
                        <labels>
                    </labels>
                <created>Mon, 7 Feb 2005 21:00:47 +0000</created>
                <updated>Mon, 11 Apr 2005 12:25:53 +0100</updated>
                            <resolved>Mon, 11 Apr 2005 12:25:53 +0100</resolved>
                                    <version>2.0</version>
                                    <fixVersion>3.0</fixVersion>
                                    <component>Geronimo Integration</component>
                        <due></due>
                            <votes>0</votes>
                                    <watches>1</watches>
                                                                <comments>
                            <comment id="12936895" author="jstrachan" created="Mon, 11 Apr 2005 12:25:53 +0100"  >&lt;p&gt;AFAIK this is now resolved - I think it was a temporary issue with Apache&apos;s maven repository&lt;/p&gt;</comment>
                    </comments>
                    <attachments>
                    </attachments>
                <subtasks>
                    </subtasks>
                <customfields>
                                                <customfield id="customfield_12310310" key="com.atlassian.jira.toolkit:attachments">
                        <customfieldname>Attachment count</customfieldname>
                        <customfieldvalues>
                            <customfieldvalue>0.0</customfieldvalue>
                        </customfieldvalues>
                    </customfield>
                                                                                                                        <customfield id="customfield_12310220" key="com.atlassian.jira.ext.charting:firstresponsedate">
                        <customfieldname>Date of First Response</customfieldname>
                        <customfieldvalues>
                            <customfieldvalue>Mon, 11 Apr 2005 11:25:53 +0000</customfieldvalue>

                        </customfieldvalues>
                    </customfield>
                                                                                                                                                                                                            <customfield id="customfield_12310420" key="com.pyxis.greenhopper.jira:gh-global-rank">
                        <customfieldname>Global Rank</customfieldname>
                        <customfieldvalues>
                            <customfieldvalue>48919</customfieldvalue>
                        </customfieldvalues>
                    </customfield>
                                                                                            <customfield id="customfield_12311820" key="com.pyxis.greenhopper.jira:gh-lexo-rank">
                        <customfieldname>Rank</customfieldname>
                        <customfieldvalues>
                            <customfieldvalue>2|hylwyn:</customfieldvalue>

                        </customfieldvalues>
                    </customfield>
                                                                <customfield id="customfield_12310920" key="com.pyxis.greenhopper.jira:gh-global-rank">
                        <customfieldname>Rank (Obsolete)</customfieldname>
                        <customfieldvalues>
                            <customfieldvalue>161862</customfieldvalue>
                        </customfieldvalues>
                    </customfield>
                                                                                                                                                    <customfield id="customfield_12310222" key="com.atlassian.jira.ext.charting:timeinstatus">
                        <customfieldname>Time in Status</customfieldname>
                        <customfieldvalues>
                            
                        </customfieldvalues>
                    </customfield>
                                    </customfields>
    </item>

<item>
            <title>[AMQ-190] Durable subscription does not work when session is recycled.</title>
                <link>https://issues.apache.org/jira/browse/AMQ-190</link>
                <project id="12311210" key="AMQ">ActiveMQ</project>
                    <description>&lt;p&gt;The following test case fails:&lt;/p&gt;

&lt;p&gt;        connection.setClientID(getName());&lt;br/&gt;
        connection.start();&lt;br/&gt;
        Session session = connection.createSession(false, Session.CLIENT_ACKNOWLEDGE);&lt;br/&gt;
        Topic topic = session.createTopic(&quot;topic-&quot;+getName());&lt;br/&gt;
        MessageConsumer consumer = session.createDurableSubscriber(topic, &quot;sub1&quot;);&lt;br/&gt;
        // Drain any messages that may allready be in the sub&lt;br/&gt;
        while( consumer.receive(1000)!=null )&lt;br/&gt;
            ;&lt;/p&gt;

&lt;p&gt;        // See if the durable sub works in a new session.&lt;br/&gt;
        session.close();&lt;br/&gt;
        session = connection.createSession(false, Session.CLIENT_ACKNOWLEDGE);&lt;/p&gt;

&lt;p&gt;        // Send a Message that should be added to the durable sub.&lt;br/&gt;
        MessageProducer producer = createProducer(session, topic);&lt;br/&gt;
        producer.send(session.createTextMessage(&quot;Message 1&quot;));&lt;/p&gt;

&lt;p&gt;        // Activate the durable sub now.  And receive the message.&lt;br/&gt;
        consumer = session.createDurableSubscriber(topic, &quot;sub1&quot;);&lt;br/&gt;
        Message msg = consumer.receive(1000);&lt;br/&gt;
        assertNotNull(msg);        &lt;br/&gt;
        assertEquals( &quot;Message 1&quot;, ((TextMessage)msg).getText()  );&lt;/p&gt;</description>
                <environment></environment>
        <key id="12481220">AMQ-190</key>
            <summary>Durable subscription does not work when session is recycled.</summary>
                <type id="1" iconUrl="https://issues.apache.org/jira/images/icons/issuetypes/bug.png">Bug</type>
                                            <priority id="3" iconUrl="https://issues.apache.org/jira/images/icons/priorities/major.png">Major</priority>
                        <status id="6" iconUrl="https://issues.apache.org/jira/images/icons/statuses/closed.png" description="The issue is considered finished, the resolution is correct. Issues which are closed can be reopened.">Closed</status>
                    <statusCategory id="3" key="done" colorName="green"/>
                                    <resolution id="1">Fixed</resolution>
                                        <assignee username="chirino">Hiram Chirino</assignee>
                                    <reporter username="chirino">Hiram Chirino</reporter>
                        <labels>
                    </labels>
                <created>Tue, 8 Feb 2005 05:21:14 +0000</created>
                <updated>Sat, 26 Feb 2005 00:19:08 +0000</updated>
                            <resolved>Sat, 26 Feb 2005 00:19:08 +0000</resolved>
                                    <version>2.0</version>
                                    <fixVersion>2.1</fixVersion>
                                    <component>Broker</component>
                        <due></due>
                            <votes>0</votes>
                                    <watches>1</watches>
                                                                <comments>
                            <comment id="12936884" author="chirino" created="Sat, 26 Feb 2005 00:19:07 +0000"  >&lt;p&gt;Fixed.&lt;/p&gt;</comment>
                    </comments>
                    <attachments>
                    </attachments>
                <subtasks>
                    </subtasks>
                <customfields>
                                                <customfield id="customfield_12310310" key="com.atlassian.jira.toolkit:attachments">
                        <customfieldname>Attachment count</customfieldname>
                        <customfieldvalues>
                            <customfieldvalue>0.0</customfieldvalue>
                        </customfieldvalues>
                    </customfield>
                                                                                                                                                                                                                                                                                                <customfield id="customfield_12310420" key="com.pyxis.greenhopper.jira:gh-global-rank">
                        <customfieldname>Global Rank</customfieldname>
                        <customfieldvalues>
                            <customfieldvalue>48920</customfieldvalue>
                        </customfieldvalues>
                    </customfield>
                                                                                            <customfield id="customfield_12311820" key="com.pyxis.greenhopper.jira:gh-lexo-rank">
                        <customfieldname>Rank</customfieldname>
                        <customfieldvalues>
                            <customfieldvalue>2|hynnan:</customfieldvalue>

                        </customfieldvalues>
                    </customfield>
                                                                <customfield id="customfield_12310920" key="com.pyxis.greenhopper.jira:gh-global-rank">
                        <customfieldname>Rank (Obsolete)</customfieldname>
                        <customfieldvalues>
                            <customfieldvalue>171961</customfieldvalue>
                        </customfieldvalues>
                    </customfield>
                                                                                                                                                    <customfield id="customfield_12310222" key="com.atlassian.jira.ext.charting:timeinstatus">
                        <customfieldname>Time in Status</customfieldname>
                        <customfieldvalues>
                            
                        </customfieldvalues>
                    </customfield>
                                    </customfields>
    </item>

<item>
            <title>[AMQ-191] lost messages when ActiveMQ with reliable protocol is used</title>
                <link>https://issues.apache.org/jira/browse/AMQ-191</link>
                <project id="12311210" key="AMQ">ActiveMQ</project>
                    <description>&lt;p&gt;I have the following configuration&lt;/p&gt;
&lt;ul class=&quot;alternate&quot; type=&quot;square&quot;&gt;
	&lt;li&gt;1 Producer (P)&lt;/li&gt;
	&lt;li&gt;1 Consumer (C)&lt;/li&gt;
	&lt;li&gt;1 Broker&lt;/li&gt;
	&lt;li&gt;ActiveMQ 2.0&lt;/li&gt;
	&lt;li&gt;DerbyDB Persistence&lt;/li&gt;
&lt;/ul&gt;


&lt;p&gt;======================&lt;br/&gt;
With reliable protocol:&lt;br/&gt;
  P ----&amp;gt; sends 20000 messages ------&amp;gt; AMQ ----&amp;gt; Sends  1331 Messages  ----&amp;gt; C&lt;/p&gt;

&lt;p&gt;  After the test I browsing the persistence with ij tool and don&apos;t see any messages!!!!&lt;/p&gt;

&lt;p&gt;&amp;gt;java -Dderby.system.home=/export/home/jms/activemq/var -Dij.connection.derbydb=jdbc:derby:derbydb org.apache.derby.tools.ij&lt;br/&gt;
        ij version 10.0 (C) Copyright IBM Corp. 1997, 2004.&lt;br/&gt;
        DERBYDB* -      jdbc:derby:derbydb&lt;/p&gt;
&lt;ul&gt;
	&lt;li&gt;= current connection&lt;br/&gt;
        ij&amp;gt; select container,COUNT&lt;img class=&quot;emoticon&quot; src=&quot;https://issues.apache.org/jira/images/icons/emoticons/star_yellow.gif&quot; height=&quot;16&quot; width=&quot;16&quot; align=&quot;absmiddle&quot; alt=&quot;&quot; border=&quot;0&quot;/&gt; as quantity  from ACTIVEMQ_MSGS group by container;&lt;br/&gt;
        CONTAINER  |QUANTITY&lt;br/&gt;
        ------------------------------------&lt;br/&gt;
        0 rows selected&lt;br/&gt;
        ij&amp;gt; select * from  activemq_msgs;&lt;br/&gt;
        ID|CONTAINER |MSGID |MSG&lt;br/&gt;
        ------------------------------------&lt;br/&gt;
        0 rows selected&lt;/li&gt;
&lt;/ul&gt;


&lt;p&gt;======================&lt;br/&gt;
Without reliable protocol&lt;br/&gt;
  P-&lt;del&gt;&amp;gt;Sends 20000 messages&lt;/del&gt;&lt;del&gt;&amp;gt;AMQ&lt;/del&gt;&lt;del&gt;&amp;gt;Sends 20000 Messages&lt;/del&gt;-&amp;gt; C&lt;/p&gt;

&lt;p&gt;the details logs from ActiveMQ 2.0, Consumer  and Producer are in &lt;a href=&quot;http://www.gps.cl/logs.zip&quot; class=&quot;external-link&quot; rel=&quot;nofollow&quot;&gt;http://www.gps.cl/logs.zip&lt;/a&gt; (133Kb)&lt;/p&gt;</description>
                <environment>&lt;p&gt;Sun Solaris 8, JDK 1.4.2, 512 MbRam&lt;/p&gt;</environment>
        <key id="12481385">AMQ-191</key>
            <summary>lost messages when ActiveMQ with reliable protocol is used</summary>
                <type id="1" iconUrl="https://issues.apache.org/jira/images/icons/issuetypes/bug.png">Bug</type>
                                            <priority id="2" iconUrl="https://issues.apache.org/jira/images/icons/priorities/critical.png">Critical</priority>
                        <status id="5" iconUrl="https://issues.apache.org/jira/images/icons/statuses/resolved.png" description="A resolution has been taken, and it is awaiting verification by reporter. From here issues are either reopened, or are closed.">Resolved</status>
                    <statusCategory id="3" key="done" colorName="green"/>
                                    <resolution id="5">Cannot Reproduce</resolution>
                                        <assignee username="-1">Unassigned</assignee>
                                    <reporter username="earaya">Etienne Araya</reporter>
                        <labels>
                    </labels>
                <created>Thu, 10 Feb 2005 16:34:45 +0000</created>
                <updated>Wed, 13 Apr 2005 12:17:44 +0100</updated>
                            <resolved>Wed, 13 Apr 2005 12:17:44 +0100</resolved>
                                    <version>2.0</version>
                                    <fixVersion>3.0</fixVersion>
                                    <component>Broker</component>
                        <due></due>
                            <votes>0</votes>
                                    <watches>2</watches>
                                                                <comments>
                            <comment id="12936902" author="chirino" created="Fri, 25 Feb 2005 23:50:54 +0000"  >&lt;p&gt;Haven&apos;t gotten around to checking this yet.  Etienne, could you verify that this is still ocurring with the 2.1 release?&lt;/p&gt;</comment>
                            <comment id="12937250" author="jstrachan" created="Wed, 13 Apr 2005 11:16:55 +0100"  >&lt;p&gt;Or even go straight to 3.0? &lt;img class=&quot;emoticon&quot; src=&quot;https://issues.apache.org/jira/images/icons/emoticons/smile.gif&quot; height=&quot;16&quot; width=&quot;16&quot; align=&quot;absmiddle&quot; alt=&quot;&quot; border=&quot;0&quot;/&gt;&lt;/p&gt;
</comment>
                            <comment id="12937244" author="jstrachan" created="Wed, 13 Apr 2005 12:17:44 +0100"  >&lt;p&gt;We cannot reproduce your issue with 3.0 - if there&apos;s some way you can help us reproduce it, we&apos;ll gladly reopen this issue again&lt;/p&gt;</comment>
                    </comments>
                    <attachments>
                    </attachments>
                <subtasks>
                    </subtasks>
                <customfields>
                                                <customfield id="customfield_12310310" key="com.atlassian.jira.toolkit:attachments">
                        <customfieldname>Attachment count</customfieldname>
                        <customfieldvalues>
                            <customfieldvalue>0.0</customfieldvalue>
                        </customfieldvalues>
                    </customfield>
                                                                                                                        <customfield id="customfield_12310220" key="com.atlassian.jira.ext.charting:firstresponsedate">
                        <customfieldname>Date of First Response</customfieldname>
                        <customfieldvalues>
                            <customfieldvalue>Fri, 25 Feb 2005 23:50:54 +0000</customfieldvalue>

                        </customfieldvalues>
                    </customfield>
                                                                                                                                                                                                            <customfield id="customfield_12310420" key="com.pyxis.greenhopper.jira:gh-global-rank">
                        <customfieldname>Global Rank</customfieldname>
                        <customfieldvalues>
                            <customfieldvalue>84255</customfieldvalue>
                        </customfieldvalues>
                    </customfield>
                                                                                            <customfield id="customfield_12311820" key="com.pyxis.greenhopper.jira:gh-lexo-rank">
                        <customfieldname>Rank</customfieldname>
                        <customfieldvalues>
                            <customfieldvalue>2|hz1stb:</customfieldvalue>

                        </customfieldvalues>
                    </customfield>
                                                                <customfield id="customfield_12310920" key="com.pyxis.greenhopper.jira:gh-global-rank">
                        <customfieldname>Rank (Obsolete)</customfieldname>
                        <customfieldvalues>
                            <customfieldvalue>254512</customfieldvalue>
                        </customfieldvalues>
                    </customfield>
                                                                                                                                                    <customfield id="customfield_12310222" key="com.atlassian.jira.ext.charting:timeinstatus">
                        <customfieldname>Time in Status</customfieldname>
                        <customfieldvalues>
                            
                        </customfieldvalues>
                    </customfield>
                                    </customfields>
    </item>

<item>
            <title>[AMQ-193] missing getter for messageRateTime in JMSEndPointStatsImpl</title>
                <link>https://issues.apache.org/jira/browse/AMQ-193</link>
                <project id="12311210" key="AMQ">ActiveMQ</project>
                    <description>&lt;p&gt;In the class org.codehaus.activemq.management.JMSEndpointStatsImpl the following getter should be exposed to provide access to the throughput statistic as is possible for the others.&lt;/p&gt;

&lt;p&gt;public TimeStatistic getMessageRateTime() {&lt;br/&gt;
    return messageRateTime;&lt;br/&gt;
}&lt;/p&gt;</description>
                <environment>&lt;p&gt;w2k java v 1.4.2_05&lt;/p&gt;</environment>
        <key id="12481174">AMQ-193</key>
            <summary>missing getter for messageRateTime in JMSEndPointStatsImpl</summary>
                <type id="1" iconUrl="https://issues.apache.org/jira/images/icons/issuetypes/bug.png">Bug</type>
                                            <priority id="3" iconUrl="https://issues.apache.org/jira/images/icons/priorities/major.png">Major</priority>
                        <status id="5" iconUrl="https://issues.apache.org/jira/images/icons/statuses/resolved.png" description="A resolution has been taken, and it is awaiting verification by reporter. From here issues are either reopened, or are closed.">Resolved</status>
                    <statusCategory id="3" key="done" colorName="green"/>
                                    <resolution id="1">Fixed</resolution>
                                        <assignee username="-1">Unassigned</assignee>
                                    <reporter username="dennis@bevocal.com">Dennis Cook</reporter>
                        <labels>
                    </labels>
                <created>Fri, 11 Feb 2005 04:26:29 +0000</created>
                <updated>Tue, 22 Mar 2005 10:29:05 +0000</updated>
                            <resolved>Tue, 22 Mar 2005 10:29:05 +0000</resolved>
                                                    <fixVersion>3.0</fixVersion>
                                        <due></due>
                            <votes>0</votes>
                                    <watches>0</watches>
                                                                <comments>
                            <comment id="12936995" author="jstrachan" created="Tue, 22 Mar 2005 10:29:05 +0000"  >&lt;p&gt;Thanks for the patch Dennis &lt;img class=&quot;emoticon&quot; src=&quot;https://issues.apache.org/jira/images/icons/emoticons/smile.gif&quot; height=&quot;16&quot; width=&quot;16&quot; align=&quot;absmiddle&quot; alt=&quot;&quot; border=&quot;0&quot;/&gt;&lt;/p&gt;</comment>
                    </comments>
                    <attachments>
                    </attachments>
                <subtasks>
                    </subtasks>
                <customfields>
                                                <customfield id="customfield_12310310" key="com.atlassian.jira.toolkit:attachments">
                        <customfieldname>Attachment count</customfieldname>
                        <customfieldvalues>
                            <customfieldvalue>0.0</customfieldvalue>
                        </customfieldvalues>
                    </customfield>
                                                                                                                        <customfield id="customfield_12310220" key="com.atlassian.jira.ext.charting:firstresponsedate">
                        <customfieldname>Date of First Response</customfieldname>
                        <customfieldvalues>
                            <customfieldvalue>Tue, 22 Mar 2005 10:29:05 +0000</customfieldvalue>

                        </customfieldvalues>
                    </customfield>
                                                                                                                                                                                                            <customfield id="customfield_12310420" key="com.pyxis.greenhopper.jira:gh-global-rank">
                        <customfieldname>Global Rank</customfieldname>
                        <customfieldvalues>
                            <customfieldvalue>48922</customfieldvalue>
                        </customfieldvalues>
                    </customfield>
                                                                                            <customfield id="customfield_12311820" key="com.pyxis.greenhopper.jira:gh-lexo-rank">
                        <customfieldname>Rank</customfieldname>
                        <customfieldvalues>
                            <customfieldvalue>2|hylvt3:</customfieldvalue>

                        </customfieldvalues>
                    </customfield>
                                                                <customfield id="customfield_12310920" key="com.pyxis.greenhopper.jira:gh-global-rank">
                        <customfieldname>Rank (Obsolete)</customfieldname>
                        <customfieldvalues>
                            <customfieldvalue>161675</customfieldvalue>
                        </customfieldvalues>
                    </customfield>
                                                                                                                                                    <customfield id="customfield_12310222" key="com.atlassian.jira.ext.charting:timeinstatus">
                        <customfieldname>Time in Status</customfieldname>
                        <customfieldvalues>
                            
                        </customfieldvalues>
                    </customfield>
                                    </customfields>
    </item>

<item>
            <title>[AMQ-194] Missing overrides for getStatistics() in session, consumer and producer</title>
                <link>https://issues.apache.org/jira/browse/AMQ-194</link>
                <project id="12311210" key="AMQ">ActiveMQ</project>
                    <description>&lt;p&gt;The o.c.a.manaement.Resettable.reset() does not work because the objects that extend the o.c.a.management.StatsImpl do no override the getStatistics() method.  Without the override none of the contained stats objects are ever reset.&lt;/p&gt;

&lt;p&gt;I created overrides for the o.c.a.m.JMSConnectionStatsImpl, o.c.a.m.JMSSessionStatsImpl, o.c.a.m.JMSConsumerStatsImpl and o.c.a.m.JMSProducerStatsImpl to gather and return all member stats objects.  While this does allow the objects to be reset, I also relealized that the reset() functionality works in a manner opposing the other mutating methods.  Reset works from the top down while other mutators work from the bottom up.  This could cause some inconsistances in info at the different levels.  It might be wise to change the other mutators to work top down updating through their parent before self updates.  That way the methods could be synchronized and prevent the inconsistances.&lt;/p&gt;</description>
                <environment>&lt;p&gt;w2k java 1.4.2_05&lt;/p&gt;</environment>
        <key id="12481042">AMQ-194</key>
            <summary>Missing overrides for getStatistics() in session, consumer and producer</summary>
                <type id="1" iconUrl="https://issues.apache.org/jira/images/icons/issuetypes/bug.png">Bug</type>
                                            <priority id="3" iconUrl="https://issues.apache.org/jira/images/icons/priorities/major.png">Major</priority>
                        <status id="5" iconUrl="https://issues.apache.org/jira/images/icons/statuses/resolved.png" description="A resolution has been taken, and it is awaiting verification by reporter. From here issues are either reopened, or are closed.">Resolved</status>
                    <statusCategory id="3" key="done" colorName="green"/>
                                    <resolution id="1">Fixed</resolution>
                                        <assignee username="stewie">Stewie</assignee>
                                    <reporter username="dennis@bevocal.com">Dennis Cook</reporter>
                        <labels>
                    </labels>
                <created>Sat, 12 Feb 2005 04:13:32 +0000</created>
                <updated>Mon, 21 Mar 2005 11:19:32 +0000</updated>
                            <resolved>Mon, 21 Mar 2005 11:19:32 +0000</resolved>
                                                    <fixVersion>3.0</fixVersion>
                                        <due></due>
                            <votes>0</votes>
                                    <watches>0</watches>
                                                                <comments>
                            <comment id="12936592" author="dennis@bevocal.com" created="Sat, 12 Feb 2005 06:33:59 +0000"  >&lt;p&gt;AAARRRGGGG! &lt;/p&gt;

&lt;p&gt;Okay I just realised that a simple override of getStatistics() will not work anyway.  The inheritance tree is totally wrong.&lt;/p&gt;

&lt;p&gt;Class o.c.a.m.JMSSessionStatsImpl extends o.c.a.m.StatsImpl implements j.m.j.s.JMSSessionStats&lt;/p&gt;

&lt;p&gt;and &lt;/p&gt;

&lt;p&gt;Clall o.c.a.m.StatsImpl implements j.m.j.s.Stats, o.c.a.m.Resettable&lt;/p&gt;

&lt;p&gt;In the reset() method &lt;br/&gt;
  The call to getStatistics returns j.m.j.s.Statistic[] but all the o.c.a.m stats objects implement the j.m.j.s.Stats interface not j.m.j.s.Statistics.  &lt;/p&gt;

&lt;p&gt;As a result you can&apos;t get there from here.&lt;/p&gt;</comment>
                            <comment id="12936637" author="dennis@bevocal.com" created="Tue, 15 Feb 2005 05:51:49 +0000"  >&lt;p&gt;differences for o.c.a.m.StatsImpl.java&lt;/p&gt;</comment>
                            <comment id="12936881" author="dennis@bevocal.com" created="Tue, 15 Feb 2005 05:52:34 +0000"  >&lt;p&gt;differences for o.c.a.m.JMSEndpointStatsImpl.java&lt;/p&gt;</comment>
                            <comment id="12936930" author="dennis@bevocal.com" created="Tue, 15 Feb 2005 05:53:04 +0000"  >&lt;p&gt;differences for o.c.a.m.JMSSessionStatsImpl.java&lt;/p&gt;</comment>
                            <comment id="12936834" author="dennis@bevocal.com" created="Tue, 15 Feb 2005 05:54:03 +0000"  >&lt;p&gt;differences for o.c.a.m.JMSConnectionStatsImpl.java&lt;/p&gt;</comment>
                            <comment id="12936891" author="dennis@bevocal.com" created="Tue, 15 Feb 2005 05:54:17 +0000"  >&lt;p&gt;After pondering the problem for a while, I figure that quickest fix was to have the o.c.a.m.StatsImpl extend the o.c.a.m.StatisticImpl class.  That makes all getStatistics() method work properly.  But another issue that is that the JMSEndpointStatsImpl, JMSSessionStatsImpl and JMSConnectionStatsImpl  classes are aggrating containers and not all the aggregate counters are added the StatsImpl map.  As a result each of these classes have to have an override of the reset() method to clear all member counters. While I am sure that there is a lot more that of work to do in the statistics package, I have attached dif files for each of the files listed above.  These changes have gotten me to a point but where I can track and log stats in my client code.&lt;/p&gt;

&lt;p&gt;One large hole that I ran across in my testing was in the area of destination stats.  I saw some hooks where attempts are made to record each message, but it seems that the stats objects are just dereferenced after it is updated.  Next update happens on an entirely new object.  I thought about trying to fix this to, but I am not sure how to handle the selection of a previously created stats object.  I think it would have to be something like a combination of classloader instance and destination to have it work properly within a app server environment.&lt;/p&gt;</comment>
                            <comment id="12936988" author="jstrachan" created="Sat, 26 Feb 2005 09:53:22 +0000"  >&lt;p&gt;am a bit snowed at the moment; fancy applying this one?&lt;/p&gt;</comment>
                            <comment id="12936752" author="jstrachan" created="Mon, 21 Mar 2005 11:19:32 +0000"  >&lt;p&gt;applied patch from Dennis - many thanks!&lt;/p&gt;</comment>
                    </comments>
                    <attachments>
                    </attachments>
                <subtasks>
                    </subtasks>
                <customfields>
                                                <customfield id="customfield_12310310" key="com.atlassian.jira.toolkit:attachments">
                        <customfieldname>Attachment count</customfieldname>
                        <customfieldvalues>
                            <customfieldvalue>0.0</customfieldvalue>
                        </customfieldvalues>
                    </customfield>
                                                                                                                        <customfield id="customfield_12310220" key="com.atlassian.jira.ext.charting:firstresponsedate">
                        <customfieldname>Date of First Response</customfieldname>
                        <customfieldvalues>
                            <customfieldvalue>Sat, 26 Feb 2005 09:53:22 +0000</customfieldvalue>

                        </customfieldvalues>
                    </customfield>
                                                                                                                                                                                                            <customfield id="customfield_12310420" key="com.pyxis.greenhopper.jira:gh-global-rank">
                        <customfieldname>Global Rank</customfieldname>
                        <customfieldvalues>
                            <customfieldvalue>48923</customfieldvalue>
                        </customfieldvalues>
                    </customfield>
                                                                                            <customfield id="customfield_12311820" key="com.pyxis.greenhopper.jira:gh-lexo-rank">
                        <customfieldname>Rank</customfieldname>
                        <customfieldvalues>
                            <customfieldvalue>2|hz1ssv:</customfieldvalue>

                        </customfieldvalues>
                    </customfield>
                                                                <customfield id="customfield_12310920" key="com.pyxis.greenhopper.jira:gh-global-rank">
                        <customfieldname>Rank (Obsolete)</customfieldname>
                        <customfieldvalues>
                            <customfieldvalue>254510</customfieldvalue>
                        </customfieldvalues>
                    </customfield>
                                                                                                                                                    <customfield id="customfield_12310222" key="com.atlassian.jira.ext.charting:timeinstatus">
                        <customfieldname>Time in Status</customfieldname>
                        <customfieldvalues>
                            
                        </customfieldvalues>
                    </customfield>
                                    </customfields>
    </item>

<item>
            <title>[AMQ-195] URI parameters like maximumRetries are ignored when using remote:// brokers</title>
                <link>https://issues.apache.org/jira/browse/AMQ-195</link>
                <project id="12311210" key="AMQ">ActiveMQ</project>
                    <description>&lt;p&gt;When using networked brokers like e.g remote://reliable:tcp://remotebrokerhost:61616, the URI parameters such as maximumRetries and failureSleepTime should be propagated to the underlying channel. This is not the case today as properties are populated on RemoteTransportChannel instances which do not expose setters for these properties.&lt;/p&gt;

&lt;p&gt;This makes these topologies much less useful. &lt;img class=&quot;emoticon&quot; src=&quot;https://issues.apache.org/jira/images/icons/emoticons/smile.gif&quot; height=&quot;16&quot; width=&quot;16&quot; align=&quot;absmiddle&quot; alt=&quot;&quot; border=&quot;0&quot;/&gt;&lt;/p&gt;</description>
                <environment></environment>
        <key id="12481169">AMQ-195</key>
            <summary>URI parameters like maximumRetries are ignored when using remote:// brokers</summary>
                <type id="1" iconUrl="https://issues.apache.org/jira/images/icons/issuetypes/bug.png">Bug</type>
                                            <priority id="3" iconUrl="https://issues.apache.org/jira/images/icons/priorities/major.png">Major</priority>
                        <status id="6" iconUrl="https://issues.apache.org/jira/images/icons/statuses/closed.png" description="The issue is considered finished, the resolution is correct. Issues which are closed can be reopened.">Closed</status>
                    <statusCategory id="3" key="done" colorName="green"/>
                                    <resolution id="1">Fixed</resolution>
                                        <assignee username="-1">Unassigned</assignee>
                                    <reporter username="daggerrz">Dag Liodden</reporter>
                        <labels>
                    </labels>
                <created>Mon, 14 Feb 2005 19:08:40 +0000</created>
                <updated>Wed, 16 Feb 2005 22:51:42 +0000</updated>
                            <resolved>Wed, 16 Feb 2005 22:51:42 +0000</resolved>
                                    <version>2.0</version>
                                    <fixVersion>2.1</fixVersion>
                                    <component>Transport</component>
                        <due></due>
                            <votes>0</votes>
                                    <watches>0</watches>
                                                                <comments>
                            <comment id="12937034" author="jstrachan" created="Wed, 16 Feb 2005 22:51:42 +0000"  >&lt;p&gt;To be able to disambiguate the properties on the reliable/composite channel from those on the individual named collections, we&apos;re currently using parenthesis...&lt;/p&gt;

&lt;p&gt;e.g.&lt;/p&gt;

&lt;p&gt;reliable:(vm://foo?sendCapacity=999&amp;amp;whatnot=456)?maximumRetries=123&amp;amp;another=456&lt;/p&gt;


&lt;p&gt;So wrap all the sub-connections in () and append the usual properties to configure reliable/composite style transports&lt;/p&gt;</comment>
                    </comments>
                    <attachments>
                    </attachments>
                <subtasks>
                    </subtasks>
                <customfields>
                                                <customfield id="customfield_12310310" key="com.atlassian.jira.toolkit:attachments">
                        <customfieldname>Attachment count</customfieldname>
                        <customfieldvalues>
                            <customfieldvalue>0.0</customfieldvalue>
                        </customfieldvalues>
                    </customfield>
                                                                                                                        <customfield id="customfield_12310220" key="com.atlassian.jira.ext.charting:firstresponsedate">
                        <customfieldname>Date of First Response</customfieldname>
                        <customfieldvalues>
                            <customfieldvalue>Wed, 16 Feb 2005 22:51:42 +0000</customfieldvalue>

                        </customfieldvalues>
                    </customfield>
                                                                                                                                                                                                            <customfield id="customfield_12310420" key="com.pyxis.greenhopper.jira:gh-global-rank">
                        <customfieldname>Global Rank</customfieldname>
                        <customfieldvalues>
                            <customfieldvalue>48924</customfieldvalue>
                        </customfieldvalues>
                    </customfield>
                                                                                            <customfield id="customfield_12311820" key="com.pyxis.greenhopper.jira:gh-lexo-rank">
                        <customfieldname>Rank</customfieldname>
                        <customfieldvalues>
                            <customfieldvalue>2|hynn13:</customfieldvalue>

                        </customfieldvalues>
                    </customfield>
                                                                <customfield id="customfield_12310920" key="com.pyxis.greenhopper.jira:gh-global-rank">
                        <customfieldname>Rank (Obsolete)</customfieldname>
                        <customfieldvalues>
                            <customfieldvalue>171918</customfieldvalue>
                        </customfieldvalues>
                    </customfield>
                                                                                                                                                    <customfield id="customfield_12310222" key="com.atlassian.jira.ext.charting:timeinstatus">
                        <customfieldname>Time in Status</customfieldname>
                        <customfieldvalues>
                            
                        </customfieldvalues>
                    </customfield>
                                    </customfields>
    </item>

<item>
            <title>[AMQ-198] Exception occurs using derby and journal on startup</title>
                <link>https://issues.apache.org/jira/browse/AMQ-198</link>
                <project id="12311210" key="AMQ">ActiveMQ</project>
                    <description>&lt;p&gt;Process to reproduce (in my app anyway)&lt;/p&gt;

&lt;p&gt;1. Clear out derby and journal folders.&lt;br/&gt;
2. Start app - creates derby files and journal files.&lt;br/&gt;
3. Stop app.&lt;br/&gt;
4. Start app.&lt;/p&gt;

&lt;p&gt;javax.jms.JMSException: Failed to recover transactions from journal: java.io.IOException: Invalid record header: start of record constant missing.&lt;br/&gt;
	at org.codehaus.activemq.util.JMSExceptionHelper.newJMSException(JMSExceptionHelper.java:49)&lt;br/&gt;
	at org.codehaus.activemq.store.journal.JournalPersistenceAdapter.start(JournalPersistenceAdapter.java:187)&lt;br/&gt;
	at org.codehaus.activemq.store.cache.CachePersistenceAdapter.start(CachePersistenceAdapter.java:85)&lt;br/&gt;
	at org.codehaus.activemq.broker.impl.DefaultBroker.start(DefaultBroker.java:148)&lt;br/&gt;
	at org.codehaus.activemq.broker.impl.BrokerContainerImpl.start(BrokerContainerImpl.java:147)&lt;br/&gt;
	at org.codehaus.activemq.broker.BrokerContext.getBrokerContainerByName(BrokerContext.java:51)&lt;br/&gt;
	at org.codehaus.activemq.ActiveMQConnectionFactory.getContainer(ActiveMQConnectionFactory.java:774)&lt;br/&gt;
	at org.codehaus.activemq.ActiveMQConnectionFactory.createBrokerConnector(ActiveMQConnectionFactory.java:781)&lt;br/&gt;
	at org.codehaus.activemq.ActiveMQConnectionFactory.createTransportChannel(ActiveMQConnectionFactory.java:751)&lt;br/&gt;
	at org.codehaus.activemq.ActiveMQConnectionFactory.createConnection(ActiveMQConnectionFactory.java:553)&lt;br/&gt;
	at org.codehaus.activemq.ActiveMQConnectionFactory.createConnection(ActiveMQConnectionFactory.java:543)&lt;br/&gt;
	at org.springframework.jms.connection.SingleConnectionFactory.doCreateConnection(SingleConnectionFactory.java:150)&lt;br/&gt;
	at org.springframework.jms.connection.SingleConnectionFactory.init(SingleConnectionFactory.java:135)&lt;br/&gt;
	at org.springframework.jms.connection.SingleConnectionFactory.createConnection(SingleConnectionFactory.java:169)&lt;br/&gt;
	at org.springframework.jms.core.JmsTemplate.createConnection(JmsTemplate.java:404)&lt;br/&gt;
	at org.springframework.jms.core.JmsTemplate.execute(JmsTemplate.java:499)&lt;br/&gt;
	at org.springframework.jms.core.JmsTemplate.receive(JmsTemplate.java:663)&lt;br/&gt;
	at com.drivenow.mq.ScraperProcess.doConsume(ScraperProcess.java:200)&lt;br/&gt;
	at com.drivenow.mq.ScraperProcess.run(ScraperProcess.java:161)&lt;br/&gt;
	at com.drivenow.mq.ScraperProcess.access$0(ScraperProcess.java:155)&lt;br/&gt;
	at com.drivenow.mq.ScraperProcess$1.run(ScraperProcess.java:400)&lt;br/&gt;
	at java.lang.Thread.run(Thread.java:595)&lt;br/&gt;
Caused by: java.io.IOException: Invalid record header: start of record constant missing.&lt;br/&gt;
	at org.activeio.journal.active.LogFileManager.read(LogFileManager.java:347)&lt;br/&gt;
	at org.activeio.journal.active.JournalImpl.read(JournalImpl.java:145)&lt;br/&gt;
	at org.codehaus.activemq.store.journal.JournalPersistenceAdapter.recover(JournalPersistenceAdapter.java:483)&lt;br/&gt;
	at org.codehaus.activemq.store.journal.JournalPersistenceAdapter.start(JournalPersistenceAdapter.java:184)&lt;br/&gt;
	... 20 more&lt;br/&gt;
Caused by: java.io.IOException: Invalid record header: start of record constant missing.&lt;br/&gt;
	at org.activeio.journal.active.Record.readAndCheckConstant(Record.java:206)&lt;br/&gt;
	at org.activeio.journal.active.Record.readHeader(Record.java:135)&lt;br/&gt;
	at org.activeio.journal.active.Segment.readRecordHeader(Segment.java:321)&lt;br/&gt;
	at org.activeio.journal.active.LogFile.readData(LogFile.java:328)&lt;br/&gt;
	at org.activeio.journal.active.LogFileManager.queuedRead(LogFileManager.java:364)&lt;br/&gt;
	at org.activeio.journal.active.LogFileManager.access$300(LogFileManager.java:38)&lt;br/&gt;
	at org.activeio.journal.active.LogFileManager$5.run(LogFileManager.java:334)&lt;br/&gt;
	at EDU.oswego.cs.dl.util.concurrent.QueuedExecutor$RunLoop.run(Unknown Source)&lt;br/&gt;
	... 1 more&lt;/p&gt;</description>
                <environment></environment>
        <key id="12481178">AMQ-198</key>
            <summary>Exception occurs using derby and journal on startup</summary>
                <type id="1" iconUrl="https://issues.apache.org/jira/images/icons/issuetypes/bug.png">Bug</type>
                                            <priority id="3" iconUrl="https://issues.apache.org/jira/images/icons/priorities/major.png">Major</priority>
                        <status id="6" iconUrl="https://issues.apache.org/jira/images/icons/statuses/closed.png" description="The issue is considered finished, the resolution is correct. Issues which are closed can be reopened.">Closed</status>
                    <statusCategory id="3" key="done" colorName="green"/>
                                    <resolution id="1">Fixed</resolution>
                                        <assignee username="chirino">Hiram Chirino</assignee>
                                    <reporter username="cameronbraid">Cameron Braid</reporter>
                        <labels>
                    </labels>
                <created>Tue, 22 Feb 2005 11:01:39 +0000</created>
                <updated>Thu, 17 Mar 2005 06:46:19 +0000</updated>
                            <resolved>Thu, 17 Mar 2005 06:46:13 +0000</resolved>
                                    <version>2.1</version>
                                    <fixVersion>3.0</fixVersion>
                                        <due></due>
                            <votes>0</votes>
                                    <watches>0</watches>
                                                                <comments>
                            <comment id="12936779" author="chirino" created="Tue, 22 Feb 2005 17:42:03 +0000"  >&lt;p&gt;Cameron,&lt;/p&gt;

&lt;p&gt;Did you build from source or did you get a binary snapshot?&lt;/p&gt;</comment>
                            <comment id="12936694" author="cameronbraid" created="Tue, 22 Feb 2005 18:01:35 +0000"  >&lt;p&gt;binary snapshot from &lt;a href=&quot;http://dist.codehaus.org/activemq/jars/&quot; class=&quot;external-link&quot; rel=&quot;nofollow&quot;&gt;http://dist.codehaus.org/activemq/jars/&lt;/a&gt; 15-Feb-2005 12:08 &lt;/p&gt;</comment>
                            <comment id="12936772" author="cameronbraid" created="Tue, 22 Feb 2005 18:02:12 +0000"  >&lt;p&gt;&lt;a href=&quot;http://dist.codehaus.org/activemq/jars/activemq-2.1-SNAPSHOT.jar&quot; class=&quot;external-link&quot; rel=&quot;nofollow&quot;&gt;http://dist.codehaus.org/activemq/jars/activemq-2.1-SNAPSHOT.jar&lt;/a&gt; 15-Feb-2005 12:08&lt;/p&gt;</comment>
                            <comment id="12936764" author="chirino" created="Tue, 22 Feb 2005 19:34:59 +0000"  >&lt;p&gt;Cameron,&lt;/p&gt;

&lt;p&gt;I just published a new snapshot.  Could you try it with the new snapshots?&lt;/p&gt;

&lt;p&gt;Thanks,&lt;br/&gt;
Hiram&lt;/p&gt;</comment>
                            <comment id="12936233" author="chirino" created="Thu, 17 Mar 2005 06:46:13 +0000"  >&lt;p&gt;Fixed.&lt;/p&gt;</comment>
                    </comments>
                    <attachments>
                    </attachments>
                <subtasks>
                    </subtasks>
                <customfields>
                                                <customfield id="customfield_12310310" key="com.atlassian.jira.toolkit:attachments">
                        <customfieldname>Attachment count</customfieldname>
                        <customfieldvalues>
                            <customfieldvalue>0.0</customfieldvalue>
                        </customfieldvalues>
                    </customfield>
                                                                                                                        <customfield id="customfield_12310220" key="com.atlassian.jira.ext.charting:firstresponsedate">
                        <customfieldname>Date of First Response</customfieldname>
                        <customfieldvalues>
                            <customfieldvalue>Tue, 22 Feb 2005 17:42:03 +0000</customfieldvalue>

                        </customfieldvalues>
                    </customfield>
                                                                                                                                                                                                            <customfield id="customfield_12310420" key="com.pyxis.greenhopper.jira:gh-global-rank">
                        <customfieldname>Global Rank</customfieldname>
                        <customfieldvalues>
                            <customfieldvalue>48926</customfieldvalue>
                        </customfieldvalues>
                    </customfield>
                                                                                            <customfield id="customfield_12311820" key="com.pyxis.greenhopper.jira:gh-lexo-rank">
                        <customfieldname>Rank</customfieldname>
                        <customfieldvalues>
                            <customfieldvalue>2|hynndb:</customfieldvalue>

                        </customfieldvalues>
                    </customfield>
                                                                <customfield id="customfield_12310920" key="com.pyxis.greenhopper.jira:gh-global-rank">
                        <customfieldname>Rank (Obsolete)</customfieldname>
                        <customfieldvalues>
                            <customfieldvalue>171973</customfieldvalue>
                        </customfieldvalues>
                    </customfield>
                                                                                                                                                    <customfield id="customfield_12310222" key="com.atlassian.jira.ext.charting:timeinstatus">
                        <customfieldname>Time in Status</customfieldname>
                        <customfieldvalues>
                            
                        </customfieldvalues>
                    </customfield>
                                    </customfields>
    </item>

<item>
            <title>[AMQ-199] Exception occues when using MessageContainerAdmin.empty()</title>
                <link>https://issues.apache.org/jira/browse/AMQ-199</link>
                <project id="12311210" key="AMQ">ActiveMQ</project>
                    <description>&lt;p&gt;I am using an embedded broker.&lt;/p&gt;

&lt;p&gt;I used this code :&lt;/p&gt;

&lt;p&gt;MessageContainerAdmin[] admins = activeMQConnectionFactory.getBrokerContainer().getBroker().getBrokerAdmin().listMessageContainerAdmin();&lt;br/&gt;
for (int i = 0; i &amp;lt; admins.length; i++) {&lt;br/&gt;
  MessageContainerAdmin admin = admins&lt;span class=&quot;error&quot;&gt;&amp;#91;i&amp;#93;&lt;/span&gt;;&lt;br/&gt;
  if (admin.getDestinationName().equals(queueName)) &lt;/p&gt;
{
    admin.empty();
  }
&lt;p&gt;}&lt;/p&gt;

&lt;p&gt;All messages appear to have been removed from the queue.  The following exception occurs during the admin.empty() method call.&lt;/p&gt;

&lt;p&gt;Exception in thread &quot;Dispatch Worker&quot; java.lang.NullPointerException&lt;br/&gt;
	at java.io.ByteArrayInputStream.&amp;lt;init&amp;gt;(ByteArrayInputStream.java:89)&lt;br/&gt;
	at org.codehaus.activemq.io.AbstractWireFormat.fromBytes(AbstractWireFormat.java:127)&lt;br/&gt;
	at org.codehaus.activemq.store.jdbc.JDBCMessageStore.getMessage(JDBCMessageStore.java:97)&lt;br/&gt;
	at org.codehaus.activemq.store.journal.JournalMessageStore.getMessage(JournalMessageStore.java:190)&lt;br/&gt;
	at org.codehaus.activemq.store.cache.CacheMessageStore.getMessage(CacheMessageStore.java:80)&lt;br/&gt;
	at org.codehaus.activemq.service.impl.DurableQueueMessageContainer.getMessage(DurableQueueMessageContainer.java:136)&lt;br/&gt;
	at org.codehaus.activemq.service.impl.SubscriptionImpl.getMessagesToDispatch(SubscriptionImpl.java:341)&lt;br/&gt;
	at org.codehaus.activemq.service.impl.DispatchWorker.dispatchMessages(DispatchWorker.java:154)&lt;br/&gt;
	at org.codehaus.activemq.service.impl.DispatchWorker.run(DispatchWorker.java:108)&lt;/p&gt;</description>
                <environment></environment>
        <key id="12481307">AMQ-199</key>
            <summary>Exception occues when using MessageContainerAdmin.empty()</summary>
                <type id="1" iconUrl="https://issues.apache.org/jira/images/icons/issuetypes/bug.png">Bug</type>
                                            <priority id="4" iconUrl="https://issues.apache.org/jira/images/icons/priorities/minor.png">Minor</priority>
                        <status id="6" iconUrl="https://issues.apache.org/jira/images/icons/statuses/closed.png" description="The issue is considered finished, the resolution is correct. Issues which are closed can be reopened.">Closed</status>
                    <statusCategory id="3" key="done" colorName="green"/>
                                    <resolution id="1">Fixed</resolution>
                                        <assignee username="chirino">Hiram Chirino</assignee>
                                    <reporter username="cameronbraid">Cameron Braid</reporter>
                        <labels>
                    </labels>
                <created>Tue, 22 Feb 2005 11:05:17 +0000</created>
                <updated>Fri, 15 Jul 2005 23:53:50 +0100</updated>
                            <resolved>Fri, 15 Jul 2005 23:53:50 +0100</resolved>
                                    <version>2.1</version>
                                    <fixVersion>3.1</fixVersion>
                                        <due></due>
                            <votes>0</votes>
                                    <watches>0</watches>
                                                                <comments>
                            <comment id="12936703" author="chirino" created="Fri, 15 Jul 2005 23:07:27 +0100"  >&lt;p&gt;The error is happening because there is an active consumer on one of the destinations being emptied out.  You should not be calling empty() on a destination that is in used.  We should add logic so that an exception is thrown from the empty() call if the destination is in use.&lt;/p&gt;

&lt;p&gt;I&apos;ll keep this open till the error check is implemented.&lt;/p&gt;</comment>
                            <comment id="12936669" author="chirino" created="Fri, 15 Jul 2005 23:53:50 +0100"  >&lt;p&gt;Error check it snow implemented.&lt;/p&gt;</comment>
                    </comments>
                    <attachments>
                    </attachments>
                <subtasks>
                    </subtasks>
                <customfields>
                                                <customfield id="customfield_12310310" key="com.atlassian.jira.toolkit:attachments">
                        <customfieldname>Attachment count</customfieldname>
                        <customfieldvalues>
                            <customfieldvalue>0.0</customfieldvalue>
                        </customfieldvalues>
                    </customfield>
                                                                                                                        <customfield id="customfield_12310220" key="com.atlassian.jira.ext.charting:firstresponsedate">
                        <customfieldname>Date of First Response</customfieldname>
                        <customfieldvalues>
                            <customfieldvalue>Fri, 15 Jul 2005 22:07:27 +0000</customfieldvalue>

                        </customfieldvalues>
                    </customfield>
                                                                                                                                                                                                            <customfield id="customfield_12310420" key="com.pyxis.greenhopper.jira:gh-global-rank">
                        <customfieldname>Global Rank</customfieldname>
                        <customfieldvalues>
                            <customfieldvalue>48927</customfieldvalue>
                        </customfieldvalues>
                    </customfield>
                                                                                            <customfield id="customfield_12311820" key="com.pyxis.greenhopper.jira:gh-lexo-rank">
                        <customfieldname>Rank</customfieldname>
                        <customfieldvalues>
                            <customfieldvalue>2|hyno5z:</customfieldvalue>

                        </customfieldvalues>
                    </customfield>
                                                                <customfield id="customfield_12310920" key="com.pyxis.greenhopper.jira:gh-global-rank">
                        <customfieldname>Rank (Obsolete)</customfieldname>
                        <customfieldvalues>
                            <customfieldvalue>172102</customfieldvalue>
                        </customfieldvalues>
                    </customfield>
                                                                                                                                                    <customfield id="customfield_12310222" key="com.atlassian.jira.ext.charting:timeinstatus">
                        <customfieldname>Time in Status</customfieldname>
                        <customfieldvalues>
                            
                        </customfieldvalues>
                    </customfield>
                                    </customfields>
    </item>

<item>
            <title>[AMQ-202] Doing a rollback when using journal could cause messge to not get redelivered.</title>
                <link>https://issues.apache.org/jira/browse/AMQ-202</link>
                <project id="12311210" key="AMQ">ActiveMQ</project>
                    <description></description>
                <environment></environment>
        <key id="12481046">AMQ-202</key>
            <summary>Doing a rollback when using journal could cause messge to not get redelivered.</summary>
                <type id="1" iconUrl="https://issues.apache.org/jira/images/icons/issuetypes/bug.png">Bug</type>
                                            <priority id="3" iconUrl="https://issues.apache.org/jira/images/icons/priorities/major.png">Major</priority>
                        <status id="6" iconUrl="https://issues.apache.org/jira/images/icons/statuses/closed.png" description="The issue is considered finished, the resolution is correct. Issues which are closed can be reopened.">Closed</status>
                    <statusCategory id="3" key="done" colorName="green"/>
                                    <resolution id="1">Fixed</resolution>
                                        <assignee username="chirino">Hiram Chirino</assignee>
                                    <reporter username="chirino">Hiram Chirino</reporter>
                        <labels>
                    </labels>
                <created>Sun, 27 Feb 2005 21:14:33 +0000</created>
                <updated>Thu, 17 Mar 2005 06:47:14 +0000</updated>
                            <resolved>Thu, 17 Mar 2005 06:47:07 +0000</resolved>
                                    <version>2.1</version>
                                    <fixVersion>3.0</fixVersion>
                                    <component>Message Store</component>
                        <due></due>
                            <votes>0</votes>
                                    <watches>0</watches>
                                                                <comments>
                            <comment id="12936811" author="chirino" created="Thu, 17 Mar 2005 06:47:07 +0000"  >&lt;p&gt;Fixed&lt;/p&gt;</comment>
                    </comments>
                    <attachments>
                    </attachments>
                <subtasks>
                    </subtasks>
                <customfields>
                                                <customfield id="customfield_12310310" key="com.atlassian.jira.toolkit:attachments">
                        <customfieldname>Attachment count</customfieldname>
                        <customfieldvalues>
                            <customfieldvalue>0.0</customfieldvalue>
                        </customfieldvalues>
                    </customfield>
                                                                                                                                                                                                                                                                                                <customfield id="customfield_12310420" key="com.pyxis.greenhopper.jira:gh-global-rank">
                        <customfieldname>Global Rank</customfieldname>
                        <customfieldvalues>
                            <customfieldvalue>48930</customfieldvalue>
                        </customfieldvalues>
                    </customfield>
                                                                                            <customfield id="customfield_12311820" key="com.pyxis.greenhopper.jira:gh-lexo-rank">
                        <customfieldname>Rank</customfieldname>
                        <customfieldvalues>
                            <customfieldvalue>2|hynnuf:</customfieldvalue>

                        </customfieldvalues>
                    </customfield>
                                                                <customfield id="customfield_12310920" key="com.pyxis.greenhopper.jira:gh-global-rank">
                        <customfieldname>Rank (Obsolete)</customfieldname>
                        <customfieldvalues>
                            <customfieldvalue>172050</customfieldvalue>
                        </customfieldvalues>
                    </customfield>
                                                                                                                                                    <customfield id="customfield_12310222" key="com.atlassian.jira.ext.charting:timeinstatus">
                        <customfieldname>Time in Status</customfieldname>
                        <customfieldvalues>
                            
                        </customfieldvalues>
                    </customfield>
                                    </customfields>
    </item>

<item>
            <title>[AMQ-203] Batch Startup Script Fails</title>
                <link>https://issues.apache.org/jira/browse/AMQ-203</link>
                <project id="12311210" key="AMQ">ActiveMQ</project>
                    <description>&lt;p&gt;I just downloaded release 2.1, unzipped it, and tried to run the activemq.bat file (as per the instructions).  I have a JAVA_HOME defined, and am using JDK 1.4.2, and running winxp.&lt;/p&gt;

&lt;p&gt;I get the error:&lt;/p&gt;

&lt;p&gt;C:\Documents and Settings\Seth\Desktop\activemq-release-2.1\bin&amp;gt;activemq&lt;br/&gt;
Exception in thread &quot;main&quot; java.lang.NoClassDefFoundError: and&lt;/p&gt;</description>
                <environment>&lt;p&gt;JDK 1.4.2, Windows XP&lt;/p&gt;</environment>
        <key id="12481171">AMQ-203</key>
            <summary>Batch Startup Script Fails</summary>
                <type id="1" iconUrl="https://issues.apache.org/jira/images/icons/issuetypes/bug.png">Bug</type>
                                            <priority id="3" iconUrl="https://issues.apache.org/jira/images/icons/priorities/major.png">Major</priority>
                        <status id="6" iconUrl="https://issues.apache.org/jira/images/icons/statuses/closed.png" description="The issue is considered finished, the resolution is correct. Issues which are closed can be reopened.">Closed</status>
                    <statusCategory id="3" key="done" colorName="green"/>
                                    <resolution id="1">Fixed</resolution>
                                        <assignee username="chirino">Hiram Chirino</assignee>
                                    <reporter username="sethladd">Seth Ladd</reporter>
                        <labels>
                    </labels>
                <created>Mon, 28 Feb 2005 22:41:38 +0000</created>
                <updated>Thu, 17 Mar 2005 09:25:16 +0000</updated>
                            <resolved>Thu, 17 Mar 2005 09:25:16 +0000</resolved>
                                    <version>2.1</version>
                                    <fixVersion>3.0</fixVersion>
                                        <due></due>
                            <votes>0</votes>
                                    <watches>0</watches>
                                                                <comments>
                            <comment id="12936697" author="chirino" created="Thu, 17 Mar 2005 09:25:16 +0000"  >&lt;p&gt;Fixed.&lt;/p&gt;</comment>
                    </comments>
                    <attachments>
                    </attachments>
                <subtasks>
                    </subtasks>
                <customfields>
                                                <customfield id="customfield_12310310" key="com.atlassian.jira.toolkit:attachments">
                        <customfieldname>Attachment count</customfieldname>
                        <customfieldvalues>
                            <customfieldvalue>0.0</customfieldvalue>
                        </customfieldvalues>
                    </customfield>
                                                                                                                        <customfield id="customfield_12310220" key="com.atlassian.jira.ext.charting:firstresponsedate">
                        <customfieldname>Date of First Response</customfieldname>
                        <customfieldvalues>
                            <customfieldvalue>Thu, 17 Mar 2005 09:25:16 +0000</customfieldvalue>

                        </customfieldvalues>
                    </customfield>
                                                                                                                                                                                                            <customfield id="customfield_12310420" key="com.pyxis.greenhopper.jira:gh-global-rank">
                        <customfieldname>Global Rank</customfieldname>
                        <customfieldvalues>
                            <customfieldvalue>48931</customfieldvalue>
                        </customfieldvalues>
                    </customfield>
                                                                                            <customfield id="customfield_12311820" key="com.pyxis.greenhopper.jira:gh-lexo-rank">
                        <customfieldname>Rank</customfieldname>
                        <customfieldvalues>
                            <customfieldvalue>2|hynn5b:</customfieldvalue>

                        </customfieldvalues>
                    </customfield>
                                                                <customfield id="customfield_12310920" key="com.pyxis.greenhopper.jira:gh-global-rank">
                        <customfieldname>Rank (Obsolete)</customfieldname>
                        <customfieldvalues>
                            <customfieldvalue>171937</customfieldvalue>
                        </customfieldvalues>
                    </customfield>
                                                                                                                                                    <customfield id="customfield_12310222" key="com.atlassian.jira.ext.charting:timeinstatus">
                        <customfieldname>Time in Status</customfieldname>
                        <customfieldvalues>
                            
                        </customfieldvalues>
                    </customfield>
                                    </customfields>
    </item>
</channel>
</rss>
