<!--
RSS generated by JIRA (6.3.4#6332-sha1:51bc225ef474afe3128b2f66878477f322397b16) at Tue Mar 31 18:57:13 UTC 2015

It is possible to restrict the fields that are returned in this document by specifying the 'field' parameter in your request.
For example, to request only the issue key and summary add field=key&field=summary to the URL of your request.
For example:
https://issues.apache.org/jira/sr/jira.issueviews:searchrequest-xml/temp/SearchRequest.xml?jqlQuery=project+%3D+AMQ+AND+issuetype+%3D+Bug+AND+created+%3E%3D+2004-7-1+AND+created+%3C%3D+2004-8-1+ORDER+BY+key+ASC&amp;tempMax=200&amp;field=key&amp;field=summary
-->
<!-- If you wish to do custom client-side styling of RSS, uncomment this:
<?xml-stylesheet href="https://issues.apache.org/jira/styles/jiraxml2html.xsl" type="text/xsl"?>
-->
<rss version="0.92">
    <channel>
        <title>ASF JIRA</title>
        <link>https://issues.apache.org/jira/secure/IssueNavigator.jspa?reset=true&amp;jqlQuery=project+%3D+AMQ+AND+issuetype+%3D+Bug+AND+created+%3E%3D+2004-7-1+AND+created+%3C%3D+2004-8-1+ORDER+BY+key+ASC</link>
        <description>An XML representation of a search request</description>
                <language>en-uk</language>
                        <issue start="0" end="3" total="3"/>
                <build-info>
            <version>6.3.4</version>
            <build-number>6332</build-number>
            <build-date>15-08-2014</build-date>
        </build-info>
<item>
            <title>[AMQ-38] creating a producer inside an onMessage() causes deadlocks</title>
                <link>https://issues.apache.org/jira/browse/AMQ-38</link>
                <project id="12311210" key="AMQ">ActiveMQ</project>
                    <description>&lt;p&gt;This one is from Gianny...&lt;/p&gt;

&lt;p&gt;I have encountered a major problem during the implementation:&lt;/p&gt;
&lt;ul&gt;
	&lt;li&gt;I have one Connection C;&lt;/li&gt;
	&lt;li&gt;I create a Session S1 and one MessageConsumer MC1, which registers an asynchronous MessageListener ML1;&lt;/li&gt;
	&lt;li&gt;ML1.onMessage is called;&lt;/li&gt;
	&lt;li&gt;in the context of this invocation, I create a new Session S1 from C; and&lt;/li&gt;
	&lt;li&gt;then I create a MessageProducer from S1.&lt;/li&gt;
&lt;/ul&gt;


&lt;p&gt;This creation causes a deadlock as the various TransportChannel implementations, at least VmTransportChannel and TcpTransportChannel, dispatch the ML1.onMessage method in the same Thread that the one used to read incoming Packet. In other words, in the context of an onMessage method, one can not create some objects (e.g. MessageProducer, MessageConsumer), which need to be acknowledged (a Packet with ReceiptRequired). I do not understand why when creating a Session one does not need such an acknowledgement, though there is to be sure a very good reason. I had a look to the JMS specifications, and there are no restrictions on the above scenario.&lt;/p&gt;</description>
                <environment></environment>
        <key id="12481329">AMQ-38</key>
            <summary>creating a producer inside an onMessage() causes deadlocks</summary>
                <type id="1" iconUrl="https://issues.apache.org/jira/images/icons/issuetypes/bug.png">Bug</type>
                                            <priority id="3" iconUrl="https://issues.apache.org/jira/images/icons/priorities/major.png">Major</priority>
                        <status id="6" iconUrl="https://issues.apache.org/jira/images/icons/statuses/closed.png" description="The issue is considered finished, the resolution is correct. Issues which are closed can be reopened.">Closed</status>
                    <statusCategory id="3" key="done" colorName="green"/>
                                    <resolution id="1">Fixed</resolution>
                                        <assignee username="stewie">Stewie</assignee>
                                    <reporter username="jstrachan">james strachan</reporter>
                        <labels>
                    </labels>
                <created>Thu, 1 Jul 2004 04:31:40 +0100</created>
                <updated>Tue, 7 Sep 2004 00:24:13 +0100</updated>
                            <resolved>Tue, 7 Sep 2004 00:24:13 +0100</resolved>
                                                    <fixVersion>1.1</fixVersion>
                                        <due></due>
                            <votes>0</votes>
                                    <watches>0</watches>
                                                                <comments>
                            <comment id="12937154" author="stewie" created="Fri, 3 Sep 2004 09:36:48 +0100"  >&lt;p&gt;The problem is that there is not a separate thread for dispatching for each session - but all message dispatching is driven from a thread associated with the TransportChannel&lt;/p&gt;</comment>
                            <comment id="12936886" author="jstrachan" created="Fri, 3 Sep 2004 21:28:52 +0100"  >&lt;p&gt;Incidentally I think there&apos;s a problem creating a Session inside the onMessage() thread as well...&lt;/p&gt;</comment>
                    </comments>
                    <attachments>
                    </attachments>
                <subtasks>
                    </subtasks>
                <customfields>
                                                <customfield id="customfield_12310310" key="com.atlassian.jira.toolkit:attachments">
                        <customfieldname>Attachment count</customfieldname>
                        <customfieldvalues>
                            <customfieldvalue>0.0</customfieldvalue>
                        </customfieldvalues>
                    </customfield>
                                                                                                                        <customfield id="customfield_12310220" key="com.atlassian.jira.ext.charting:firstresponsedate">
                        <customfieldname>Date of First Response</customfieldname>
                        <customfieldvalues>
                            <customfieldvalue>Fri, 3 Sep 2004 08:36:48 +0000</customfieldvalue>

                        </customfieldvalues>
                    </customfield>
                                                                                                                                                                                                            <customfield id="customfield_12310420" key="com.pyxis.greenhopper.jira:gh-global-rank">
                        <customfieldname>Global Rank</customfieldname>
                        <customfieldvalues>
                            <customfieldvalue>48783</customfieldvalue>
                        </customfieldvalues>
                    </customfield>
                                                                                            <customfield id="customfield_12311820" key="com.pyxis.greenhopper.jira:gh-lexo-rank">
                        <customfieldname>Rank</customfieldname>
                        <customfieldvalues>
                            <customfieldvalue>2|hynmyv:</customfieldvalue>

                        </customfieldvalues>
                    </customfield>
                                                                <customfield id="customfield_12310920" key="com.pyxis.greenhopper.jira:gh-global-rank">
                        <customfieldname>Rank (Obsolete)</customfieldname>
                        <customfieldvalues>
                            <customfieldvalue>171908</customfieldvalue>
                        </customfieldvalues>
                    </customfield>
                                                                                                                                                    <customfield id="customfield_12310222" key="com.atlassian.jira.ext.charting:timeinstatus">
                        <customfieldname>Time in Status</customfieldname>
                        <customfieldvalues>
                            
                        </customfieldvalues>
                    </customfield>
                                    </customfields>
    </item>

<item>
            <title>[AMQ-42] consuming above prefetch limit seems to be a bug</title>
                <link>https://issues.apache.org/jira/browse/AMQ-42</link>
                <project id="12311210" key="AMQ">ActiveMQ</project>
                    <description>&lt;p&gt;The test case in src/test/org/codehaus/activemq/usecases/ConsumeExactPrefetchSizeTest&lt;/p&gt;

&lt;p&gt;If you uncomment the TODO line which sets the messageCount to be &amp;gt; 2 times the prefetch limit then the test case fails. Seems like a bug in the prefetch logic.&lt;/p&gt;

&lt;p&gt;We should run this test case with count &amp;lt; prefetch, count == prefetch and count &amp;gt; prefetch to ensure the logic works properly in each case.&lt;/p&gt;</description>
                <environment></environment>
        <key id="12481210">AMQ-42</key>
            <summary>consuming above prefetch limit seems to be a bug</summary>
                <type id="1" iconUrl="https://issues.apache.org/jira/images/icons/issuetypes/bug.png">Bug</type>
                                            <priority id="3" iconUrl="https://issues.apache.org/jira/images/icons/priorities/major.png">Major</priority>
                        <status id="6" iconUrl="https://issues.apache.org/jira/images/icons/statuses/closed.png" description="The issue is considered finished, the resolution is correct. Issues which are closed can be reopened.">Closed</status>
                    <statusCategory id="3" key="done" colorName="green"/>
                                    <resolution id="1">Fixed</resolution>
                                        <assignee username="-1">Unassigned</assignee>
                                    <reporter username="jstrachan">james strachan</reporter>
                        <labels>
                    </labels>
                <created>Tue, 6 Jul 2004 16:03:46 +0100</created>
                <updated>Tue, 3 Aug 2004 11:43:32 +0100</updated>
                            <resolved>Tue, 3 Aug 2004 11:43:32 +0100</resolved>
                                                    <fixVersion>1.0</fixVersion>
                                        <due></due>
                            <votes>0</votes>
                                    <watches>0</watches>
                                                                        <attachments>
                    </attachments>
                <subtasks>
                    </subtasks>
                <customfields>
                                                <customfield id="customfield_12310310" key="com.atlassian.jira.toolkit:attachments">
                        <customfieldname>Attachment count</customfieldname>
                        <customfieldvalues>
                            <customfieldvalue>0.0</customfieldvalue>
                        </customfieldvalues>
                    </customfield>
                                                                                                                                                                                                                                                                                                <customfield id="customfield_12310420" key="com.pyxis.greenhopper.jira:gh-global-rank">
                        <customfieldname>Global Rank</customfieldname>
                        <customfieldvalues>
                            <customfieldvalue>48787</customfieldvalue>
                        </customfieldvalues>
                    </customfield>
                                                                                            <customfield id="customfield_12311820" key="com.pyxis.greenhopper.jira:gh-lexo-rank">
                        <customfieldname>Rank</customfieldname>
                        <customfieldvalues>
                            <customfieldvalue>2|hynndr:</customfieldvalue>

                        </customfieldvalues>
                    </customfield>
                                                                <customfield id="customfield_12310920" key="com.pyxis.greenhopper.jira:gh-global-rank">
                        <customfieldname>Rank (Obsolete)</customfieldname>
                        <customfieldvalues>
                            <customfieldvalue>171975</customfieldvalue>
                        </customfieldvalues>
                    </customfield>
                                                                                                                                                    <customfield id="customfield_12310222" key="com.atlassian.jira.ext.charting:timeinstatus">
                        <customfieldname>Time in Status</customfieldname>
                        <customfieldvalues>
                            
                        </customfieldvalues>
                    </customfield>
                                    </customfields>
    </item>

<item>
            <title>[AMQ-46] Trying to create FS JNDI context, but fails with NotContextException</title>
                <link>https://issues.apache.org/jira/browse/AMQ-46</link>
                <project id="12311210" key="AMQ">ActiveMQ</project>
                    <description>&lt;p&gt;I created the following FS JNDI context, but noticed that the FactoryName is an interface, which I thought might be causing the problem -&lt;/p&gt;

&lt;p&gt;#This file is used by the JNDI FSContext.&lt;br/&gt;
#Thu Jul 29 10:42:05 EST 2004&lt;br/&gt;
JmsQueueConnectionFactory/RefAddr/3/Content=defaultUser&lt;br/&gt;
JmsQueueConnectionFactory/RefAddr/3/Type=userName&lt;br/&gt;
JmsQueueConnectionFactory/FactoryName=org.codehaus.activemq.jndi.JNDIStorableInterface&lt;br/&gt;
JmsQueueConnectionFactory/RefAddr/0/Type=brokerURL&lt;br/&gt;
JmsQueueConnectionFactory/RefAddr/0/Encoding=String&lt;br/&gt;
JmsQueueConnectionFactory/RefAddr/3/Encoding=String&lt;br/&gt;
JmsQueueConnectionFactory/RefAddr/1/Encoding=String&lt;br/&gt;
JmsQueueConnectionFactory/RefAddr/1/Type=password&lt;br/&gt;
JmsQueueConnectionFactory/RefAddr/0/Content=tcp\://localhost\:61616&lt;br/&gt;
JmsQueueConnectionFactory/RefAddr/2/Content=false&lt;br/&gt;
JmsQueueConnectionFactory/RefAddr/2/Type=useEmbeddedBroker&lt;br/&gt;
JmsQueueConnectionFactory/ClassName=org.codehaus.activemq.ActiveMQConnectionFactory&lt;br/&gt;
JmsQueueConnectionFactory/RefAddr/2/Encoding=String&lt;br/&gt;
JmsQueueConnectionFactory/RefAddr/1/Content=defaultPassword&lt;/p&gt;

&lt;p&gt;How are other people getting their connections from Jndi?&lt;/p&gt;</description>
                <environment></environment>
        <key id="12481334">AMQ-46</key>
            <summary>Trying to create FS JNDI context, but fails with NotContextException</summary>
                <type id="1" iconUrl="https://issues.apache.org/jira/images/icons/issuetypes/bug.png">Bug</type>
                                            <priority id="3" iconUrl="https://issues.apache.org/jira/images/icons/priorities/major.png">Major</priority>
                        <status id="6" iconUrl="https://issues.apache.org/jira/images/icons/statuses/closed.png" description="The issue is considered finished, the resolution is correct. Issues which are closed can be reopened.">Closed</status>
                    <statusCategory id="3" key="done" colorName="green"/>
                                    <resolution id="1">Fixed</resolution>
                                        <assignee username="-1">Unassigned</assignee>
                                    <reporter username="rossmason">Ross Mason</reporter>
                        <labels>
                    </labels>
                <created>Thu, 29 Jul 2004 04:52:43 +0100</created>
                <updated>Tue, 3 Aug 2004 11:40:24 +0100</updated>
                            <resolved>Tue, 3 Aug 2004 11:40:24 +0100</resolved>
                                    <version>1.0</version>
                                    <fixVersion>1.0</fixVersion>
                                    <component>JMS client</component>
                        <due></due>
                            <votes>0</votes>
                                    <watches>1</watches>
                                                                <comments>
                            <comment id="12937163" author="jstrachan" created="Tue, 3 Aug 2004 11:40:24 +0100"  >&lt;p&gt;I think Stewie fixed this now. Lemme know if its not fixed &amp;amp; I can reopen it&lt;/p&gt;</comment>
                    </comments>
                    <attachments>
                    </attachments>
                <subtasks>
                    </subtasks>
                <customfields>
                                                <customfield id="customfield_12310310" key="com.atlassian.jira.toolkit:attachments">
                        <customfieldname>Attachment count</customfieldname>
                        <customfieldvalues>
                            <customfieldvalue>0.0</customfieldvalue>
                        </customfieldvalues>
                    </customfield>
                                                                                                                        <customfield id="customfield_12310220" key="com.atlassian.jira.ext.charting:firstresponsedate">
                        <customfieldname>Date of First Response</customfieldname>
                        <customfieldvalues>
                            <customfieldvalue>Tue, 3 Aug 2004 10:40:24 +0000</customfieldvalue>

                        </customfieldvalues>
                    </customfield>
                                                                                                                                                                                                            <customfield id="customfield_12310420" key="com.pyxis.greenhopper.jira:gh-global-rank">
                        <customfieldname>Global Rank</customfieldname>
                        <customfieldvalues>
                            <customfieldvalue>48790</customfieldvalue>
                        </customfieldvalues>
                    </customfield>
                                                                                            <customfield id="customfield_12311820" key="com.pyxis.greenhopper.jira:gh-lexo-rank">
                        <customfieldname>Rank</customfieldname>
                        <customfieldvalues>
                            <customfieldvalue>2|hynnbb:</customfieldvalue>

                        </customfieldvalues>
                    </customfield>
                                                                <customfield id="customfield_12310920" key="com.pyxis.greenhopper.jira:gh-global-rank">
                        <customfieldname>Rank (Obsolete)</customfieldname>
                        <customfieldvalues>
                            <customfieldvalue>171964</customfieldvalue>
                        </customfieldvalues>
                    </customfield>
                                                                                                                                                    <customfield id="customfield_12310222" key="com.atlassian.jira.ext.charting:timeinstatus">
                        <customfieldname>Time in Status</customfieldname>
                        <customfieldvalues>
                            
                        </customfieldvalues>
                    </customfield>
                                    </customfields>
    </item>
</channel>
</rss>
