<!--
RSS generated by JIRA (6.3.4#6332-sha1:51bc225ef474afe3128b2f66878477f322397b16) at Tue Mar 31 18:57:42 UTC 2015

It is possible to restrict the fields that are returned in this document by specifying the 'field' parameter in your request.
For example, to request only the issue key and summary add field=key&field=summary to the URL of your request.
For example:
https://issues.apache.org/jira/sr/jira.issueviews:searchrequest-xml/temp/SearchRequest.xml?jqlQuery=project+%3D+AMQ+AND+issuetype+%3D+Bug+AND+created+%3E%3D+2004-10-1+AND+created+%3C%3D+2004-11-1+ORDER+BY+key+ASC&amp;tempMax=200&amp;field=key&amp;field=summary
-->
<!-- If you wish to do custom client-side styling of RSS, uncomment this:
<?xml-stylesheet href="https://issues.apache.org/jira/styles/jiraxml2html.xsl" type="text/xsl"?>
-->
<rss version="0.92">
    <channel>
        <title>ASF JIRA</title>
        <link>https://issues.apache.org/jira/secure/IssueNavigator.jspa?reset=true&amp;jqlQuery=project+%3D+AMQ+AND+issuetype+%3D+Bug+AND+created+%3E%3D+2004-10-1+AND+created+%3C%3D+2004-11-1+ORDER+BY+key+ASC</link>
        <description>An XML representation of a search request</description>
                <language>en-uk</language>
                        <issue start="0" end="12" total="12"/>
                <build-info>
            <version>6.3.4</version>
            <build-number>6332</build-number>
            <build-date>15-08-2014</build-date>
        </build-info>
<item>
            <title>[AMQ-100] Queue messages dropped in clusters</title>
                <link>https://issues.apache.org/jira/browse/AMQ-100</link>
                <project id="12311210" key="AMQ">ActiveMQ</project>
                    <description>&lt;p&gt;Queue messages are delivered to subscribers in a round robin fashion(implemented in QueueMessageContainerManager.doPoll method). If we have two consumers connected to two separate brokers and posting a queue message to this configuration there is a possibility that the first broker sends the message over to the other one and that the receiving broker wants to send it back again. This will cause the message to be dropped since it has already been at both brokers.&lt;/p&gt;

&lt;p&gt;Shouldn&#180;t subscriptions that won&#180;t cause the message to jump between servers have higher priority?&lt;/p&gt;</description>
                <environment>&lt;p&gt;1.1-CVS-SNAPSHOT on 03 Oct 2004 running on a Windows XP/SUN JVM 1.4_05 &lt;/p&gt;</environment>
        <key id="12481152">AMQ-100</key>
            <summary>Queue messages dropped in clusters</summary>
                <type id="1" iconUrl="https://issues.apache.org/jira/images/icons/issuetypes/bug.png">Bug</type>
                                            <priority id="3" iconUrl="https://issues.apache.org/jira/images/icons/priorities/major.png">Major</priority>
                        <status id="5" iconUrl="https://issues.apache.org/jira/images/icons/statuses/resolved.png" description="A resolution has been taken, and it is awaiting verification by reporter. From here issues are either reopened, or are closed.">Resolved</status>
                    <statusCategory id="3" key="done" colorName="green"/>
                                    <resolution id="1">Fixed</resolution>
                                        <assignee username="stewie">Stewie</assignee>
                                    <reporter username="aarrgard">Andreas Arrg&#229;rd</reporter>
                        <labels>
                    </labels>
                <created>Sun, 3 Oct 2004 22:55:08 +0100</created>
                <updated>Tue, 9 Nov 2004 13:05:47 +0000</updated>
                            <resolved>Tue, 9 Nov 2004 13:05:47 +0000</resolved>
                                    <version>1.1</version>
                                    <fixVersion>1.2</fixVersion>
                                        <due></due>
                            <votes>0</votes>
                                    <watches>0</watches>
                                                                <comments>
                            <comment id="12936581" author="jstrachan" created="Mon, 4 Oct 2004 13:13:14 +0100"  >&lt;p&gt;fancy taking a look at this one?&lt;/p&gt;</comment>
                            <comment id="12936990" author="stewie" created="Wed, 6 Oct 2004 19:53:27 +0100"  >&lt;p&gt;This works for transient queues. With persistent queues, there is an issue where messages are consumed correctly, but don&apos;t appear to be deleted from the store correctly (they get resent on restarting the broker.&lt;/p&gt;</comment>
                            <comment id="12937042" author="aarrgard" created="Wed, 6 Oct 2004 23:37:42 +0100"  >&lt;p&gt;Just grabbbed the latest sourced from the head it seems to work for me now as well. &lt;/p&gt;

&lt;p&gt;The test that I was using always failed when sending the third message in a round robin distribution of queue messages to a cluster of two servers using the CVS head on the filed date.&lt;/p&gt;

&lt;p&gt;When I added the following code to randomly select a subscriber in the QueueMessageContainerManager.doPoll method the messages were dropped in random... &lt;/p&gt;

&lt;p&gt;         int count = 0;&lt;br/&gt;
         ActiveMQMessage msg = null;&lt;br/&gt;
         if (subList != null &amp;amp;&amp;amp; subList.size() &amp;gt; 0) {&lt;br/&gt;
+        	for(int i = (int) (Math.random() * 100); i &amp;gt;= 0; i--) &lt;/p&gt;
{
+        		subList.rotate();
+        	}
&lt;p&gt;             do {&lt;br/&gt;
                 boolean dispatched = false;&lt;br/&gt;
                 msg = container.poll();&lt;/p&gt;

&lt;p&gt;this alteration works for me now as well...&lt;/p&gt;

&lt;p&gt;I guess this issue actually boiled down to some other problem that has been fixed.&lt;/p&gt;</comment>
                            <comment id="12937300" author="aarrgard" created="Thu, 7 Oct 2004 09:19:37 +0100"  >&lt;p&gt;The problem occured more frequently(before the latest update) with less debug messages. When using DEBUG instead of INFO logging it was quite hard to reproduce the issue. When they occurred in debug mode the messages were dropped with the message &quot;Broker already visited...&quot;. Perhaps this was/is? some kind of race condition?&lt;/p&gt;</comment>
                    </comments>
                    <attachments>
                    </attachments>
                <subtasks>
                    </subtasks>
                <customfields>
                                                <customfield id="customfield_12310310" key="com.atlassian.jira.toolkit:attachments">
                        <customfieldname>Attachment count</customfieldname>
                        <customfieldvalues>
                            <customfieldvalue>0.0</customfieldvalue>
                        </customfieldvalues>
                    </customfield>
                                                                                                                        <customfield id="customfield_12310220" key="com.atlassian.jira.ext.charting:firstresponsedate">
                        <customfieldname>Date of First Response</customfieldname>
                        <customfieldvalues>
                            <customfieldvalue>Mon, 4 Oct 2004 12:13:14 +0000</customfieldvalue>

                        </customfieldvalues>
                    </customfield>
                                                                                                                                                                                                            <customfield id="customfield_12310420" key="com.pyxis.greenhopper.jira:gh-global-rank">
                        <customfieldname>Global Rank</customfieldname>
                        <customfieldvalues>
                            <customfieldvalue>43745</customfieldvalue>
                        </customfieldvalues>
                    </customfield>
                                                                                            <customfield id="customfield_12311820" key="com.pyxis.greenhopper.jira:gh-lexo-rank">
                        <customfieldname>Rank</customfieldname>
                        <customfieldvalues>
                            <customfieldvalue>2|hz1snb:</customfieldvalue>

                        </customfieldvalues>
                    </customfield>
                                                                <customfield id="customfield_12310920" key="com.pyxis.greenhopper.jira:gh-global-rank">
                        <customfieldname>Rank (Obsolete)</customfieldname>
                        <customfieldvalues>
                            <customfieldvalue>254485</customfieldvalue>
                        </customfieldvalues>
                    </customfield>
                                                                                                                                                    <customfield id="customfield_12310222" key="com.atlassian.jira.ext.charting:timeinstatus">
                        <customfieldname>Time in Status</customfieldname>
                        <customfieldvalues>
                            
                        </customfieldvalues>
                    </customfield>
                                    </customfields>
    </item>

<item>
            <title>[AMQ-101] Possible division-by-zero in stats impl</title>
                <link>https://issues.apache.org/jira/browse/AMQ-101</link>
                <project id="12311210" key="AMQ">ActiveMQ</project>
                    <description>&lt;p&gt;Just been browsing through the jmx stats impl stuff from activemq and found two possible div/0 errors&lt;/p&gt;

&lt;p&gt;org.codehaus.activemq.management.TimeStatisticImpl&lt;/p&gt;

&lt;p&gt;see getAveragePerSecond* methods.&lt;/p&gt;

&lt;p&gt;&lt;a href=&quot;http://cvs.activemq.codehaus.org/viewrep/activemq/src/java/org/codehaus/activemq/management/TimeStatisticImpl.java?r=1.6&quot; class=&quot;external-link&quot; rel=&quot;nofollow&quot;&gt;http://cvs.activemq.codehaus.org/viewrep/activemq/src/java/org/codehaus/activemq/management/TimeStatisticImpl.java?r=1.6&lt;/a&gt;&lt;/p&gt;</description>
                <environment></environment>
        <key id="12481267">AMQ-101</key>
            <summary>Possible division-by-zero in stats impl</summary>
                <type id="1" iconUrl="https://issues.apache.org/jira/images/icons/issuetypes/bug.png">Bug</type>
                                            <priority id="5" iconUrl="https://issues.apache.org/jira/images/icons/priorities/trivial.png">Trivial</priority>
                        <status id="6" iconUrl="https://issues.apache.org/jira/images/icons/statuses/closed.png" description="The issue is considered finished, the resolution is correct. Issues which are closed can be reopened.">Closed</status>
                    <statusCategory id="3" key="done" colorName="green"/>
                                    <resolution id="1">Fixed</resolution>
                                        <assignee username="-1">Unassigned</assignee>
                                    <reporter username="maniax">Thomas Heller</reporter>
                        <labels>
                    </labels>
                <created>Mon, 4 Oct 2004 00:17:48 +0100</created>
                <updated>Mon, 4 Oct 2004 13:21:46 +0100</updated>
                            <resolved>Mon, 4 Oct 2004 13:21:46 +0100</resolved>
                                    <version>1.1</version>
                                    <fixVersion>1.1</fixVersion>
                                    <component>Broker</component>
                        <due></due>
                            <votes>0</votes>
                                    <watches>0</watches>
                                                                <comments>
                            <comment id="12936171" author="jstrachan" created="Mon, 4 Oct 2004 13:21:46 +0100"  >&lt;p&gt;Many thanks Thomas - I think these are both fixed now&lt;/p&gt;</comment>
                    </comments>
                    <attachments>
                    </attachments>
                <subtasks>
                    </subtasks>
                <customfields>
                                                <customfield id="customfield_12310310" key="com.atlassian.jira.toolkit:attachments">
                        <customfieldname>Attachment count</customfieldname>
                        <customfieldvalues>
                            <customfieldvalue>0.0</customfieldvalue>
                        </customfieldvalues>
                    </customfield>
                                                                                                                        <customfield id="customfield_12310220" key="com.atlassian.jira.ext.charting:firstresponsedate">
                        <customfieldname>Date of First Response</customfieldname>
                        <customfieldvalues>
                            <customfieldvalue>Mon, 4 Oct 2004 12:21:46 +0000</customfieldvalue>

                        </customfieldvalues>
                    </customfield>
                                                                                                                                                                                                            <customfield id="customfield_12310420" key="com.pyxis.greenhopper.jira:gh-global-rank">
                        <customfieldname>Global Rank</customfieldname>
                        <customfieldvalues>
                            <customfieldvalue>48839</customfieldvalue>
                        </customfieldvalues>
                    </customfield>
                                                                                            <customfield id="customfield_12311820" key="com.pyxis.greenhopper.jira:gh-lexo-rank">
                        <customfieldname>Rank</customfieldname>
                        <customfieldvalues>
                            <customfieldvalue>2|hynoa7:</customfieldvalue>

                        </customfieldvalues>
                    </customfield>
                                                                <customfield id="customfield_12310920" key="com.pyxis.greenhopper.jira:gh-global-rank">
                        <customfieldname>Rank (Obsolete)</customfieldname>
                        <customfieldvalues>
                            <customfieldvalue>172121</customfieldvalue>
                        </customfieldvalues>
                    </customfield>
                                                                                                                                                    <customfield id="customfield_12310222" key="com.atlassian.jira.ext.charting:timeinstatus">
                        <customfieldname>Time in Status</customfieldname>
                        <customfieldvalues>
                            
                        </customfieldvalues>
                    </customfield>
                                    </customfields>
    </item>

<item>
            <title>[AMQ-104] Can only create temp. queues once connection is start()ed.</title>
                <link>https://issues.apache.org/jira/browse/AMQ-104</link>
                <project id="12311210" key="AMQ">ActiveMQ</project>
                    <description>&lt;p&gt;I get a NullPointerException calling QueueSession.createTemporaryQueue(), unless the session&apos;s Connection.start() method has already been called. If the connection has been started, the createTemporaryQueue() call works fine.&lt;/p&gt;</description>
                <environment></environment>
        <key id="12481092">AMQ-104</key>
            <summary>Can only create temp. queues once connection is start()ed.</summary>
                <type id="1" iconUrl="https://issues.apache.org/jira/images/icons/issuetypes/bug.png">Bug</type>
                                            <priority id="4" iconUrl="https://issues.apache.org/jira/images/icons/priorities/minor.png">Minor</priority>
                        <status id="6" iconUrl="https://issues.apache.org/jira/images/icons/statuses/closed.png" description="The issue is considered finished, the resolution is correct. Issues which are closed can be reopened.">Closed</status>
                    <statusCategory id="3" key="done" colorName="green"/>
                                    <resolution id="1">Fixed</resolution>
                                        <assignee username="jstrachan">james strachan</assignee>
                                    <reporter username="mousepad">Peter Henning</reporter>
                        <labels>
                    </labels>
                <created>Tue, 5 Oct 2004 04:13:57 +0100</created>
                <updated>Wed, 6 Oct 2004 14:12:48 +0100</updated>
                            <resolved>Wed, 6 Oct 2004 14:12:48 +0100</resolved>
                                    <version>1.1</version>
                                    <fixVersion>1.1</fixVersion>
                                    <component>JMS client</component>
                        <due></due>
                            <votes>0</votes>
                                    <watches>0</watches>
                                                                <comments>
                            <comment id="12937090" author="jstrachan" created="Tue, 5 Oct 2004 10:02:15 +0100"  >&lt;p&gt;I&apos;ve just created a test case to try reproduce your problem...&lt;/p&gt;

&lt;p&gt;&lt;a href=&quot;http://cvs.activemq.codehaus.org/viewrep/activemq/src/test/org/codehaus/activemq/usecases/CreateTemporaryQueueBeforeStartTest.java?r=HEAD&quot; class=&quot;external-link&quot; rel=&quot;nofollow&quot;&gt;http://cvs.activemq.codehaus.org/viewrep/activemq/src/test/org/codehaus/activemq/usecases/CreateTemporaryQueueBeforeStartTest.java?r=HEAD&lt;/a&gt;&lt;/p&gt;

&lt;p&gt;I&apos;ve tried various things but couldn&apos;t get a NullPointerException. Can you think of anything different I can try to reproduce you&apos;re issue?&lt;/p&gt;

&lt;p&gt;If not, I&apos;ll mark this issue as closed. Maybe its just been fixed in CVS since you experienced this?&lt;/p&gt;</comment>
                            <comment id="12937236" author="mousepad" created="Tue, 5 Oct 2004 21:44:11 +0100"  >&lt;p&gt;Here&apos;s a sample program that causes the NullPointerException:&lt;/p&gt;

&lt;p&gt;import javax.jms.*;&lt;br/&gt;
import org.codehaus.activemq.ActiveMQConnectionFactory;&lt;/p&gt;

&lt;p&gt;/**&lt;/p&gt;
&lt;ul&gt;
	&lt;li&gt;Example to reproduce jira AMQ104.&lt;/li&gt;
	&lt;li&gt;If the connection.start() call is moved above the createTemporaryQueue()&lt;/li&gt;
	&lt;li&gt;call then everything works, but like this it gives a NullPointerException.&lt;/li&gt;
	&lt;li&gt;(Basically because the session doesn&apos;t have a clientID yet).&lt;br/&gt;
 */&lt;br/&gt;
public class AMQ104
        &lt;div class=&quot;error&quot;&gt;&lt;span class=&quot;error&quot;&gt;Unknown macro: {        public static void main(String[] args) throws Exception                {
                String url = &quot;tcp://localhost:61616&quot;;
                ActiveMQConnectionFactory factory = new ActiveMQConnectionFactory(url);
                QueueConnection connection = factory.createQueueConnection();
                QueueSession session = connection.createQueueSession(false, Session.AUTO_ACKNOWLEDGE);
                QueueSender sender = session.createSender(null); //Unidentified
                Queue receiverQueue = session.createTemporaryQueue();
                QueueReceiver receiver = session.createReceiver(receiverQueue);
                connection.start();

                //...
                }        }&lt;/span&gt; &lt;/div&gt;&lt;/li&gt;
&lt;/ul&gt;
</comment>
                            <comment id="12936939" author="jstrachan" created="Wed, 6 Oct 2004 14:12:48 +0100"  >&lt;p&gt;Many thanks Peter - I&apos;ve added your test case to CVS and fixed the issue also.&lt;/p&gt;</comment>
                    </comments>
                    <attachments>
                    </attachments>
                <subtasks>
                    </subtasks>
                <customfields>
                                                <customfield id="customfield_12310310" key="com.atlassian.jira.toolkit:attachments">
                        <customfieldname>Attachment count</customfieldname>
                        <customfieldvalues>
                            <customfieldvalue>0.0</customfieldvalue>
                        </customfieldvalues>
                    </customfield>
                                                                                                                        <customfield id="customfield_12310220" key="com.atlassian.jira.ext.charting:firstresponsedate">
                        <customfieldname>Date of First Response</customfieldname>
                        <customfieldvalues>
                            <customfieldvalue>Tue, 5 Oct 2004 09:02:15 +0000</customfieldvalue>

                        </customfieldvalues>
                    </customfield>
                                                                                                                                                                                                            <customfield id="customfield_12310420" key="com.pyxis.greenhopper.jira:gh-global-rank">
                        <customfieldname>Global Rank</customfieldname>
                        <customfieldvalues>
                            <customfieldvalue>48842</customfieldvalue>
                        </customfieldvalues>
                    </customfield>
                                                                                            <customfield id="customfield_12311820" key="com.pyxis.greenhopper.jira:gh-lexo-rank">
                        <customfieldname>Rank</customfieldname>
                        <customfieldvalues>
                            <customfieldvalue>2|hyno93:</customfieldvalue>

                        </customfieldvalues>
                    </customfield>
                                                                <customfield id="customfield_12310920" key="com.pyxis.greenhopper.jira:gh-global-rank">
                        <customfieldname>Rank (Obsolete)</customfieldname>
                        <customfieldvalues>
                            <customfieldvalue>172116</customfieldvalue>
                        </customfieldvalues>
                    </customfield>
                                                                                                                                                    <customfield id="customfield_12310222" key="com.atlassian.jira.ext.charting:timeinstatus">
                        <customfieldname>Time in Status</customfieldname>
                        <customfieldvalues>
                            
                        </customfieldvalues>
                    </customfield>
                                    </customfields>
    </item>

<item>
            <title>[AMQ-110] Error with BDB persistence</title>
                <link>https://issues.apache.org/jira/browse/AMQ-110</link>
                <project id="12311210" key="AMQ">ActiveMQ</project>
                    <description>&lt;p&gt;I am using a not transacted and auto-acknowledge queue.&lt;/p&gt;

&lt;p&gt;I am using the &amp;lt;berkeleyDbPersistence/&amp;gt; adapter&lt;/p&gt;

&lt;p&gt;The error message that I a reveiving is :&lt;/p&gt;

&lt;p&gt;Could not delete sequenece number for: org.codehaus.activemq.service.MessageIdentity@7a86771e&lt;span class=&quot;error&quot;&gt;&amp;#91;id=ID:ev1.drivenow.com.au-50147-1097167695356-16132:0; sequenceNo=&amp;lt;DatabaseEntry dlen=0 doff=0 doff=0 offset=0 size=8&amp;gt;&amp;#93;&lt;/span&gt; status: OperationStatus.NOTFOUND&lt;/p&gt;

&lt;p&gt;Any pointers on how serious this error is - i.e. is the queue performing normally even though this message is being logged ?&lt;/p&gt;</description>
                <environment></environment>
        <key id="12481250">AMQ-110</key>
            <summary>Error with BDB persistence</summary>
                <type id="1" iconUrl="https://issues.apache.org/jira/images/icons/issuetypes/bug.png">Bug</type>
                                            <priority id="3" iconUrl="https://issues.apache.org/jira/images/icons/priorities/major.png">Major</priority>
                        <status id="5" iconUrl="https://issues.apache.org/jira/images/icons/statuses/resolved.png" description="A resolution has been taken, and it is awaiting verification by reporter. From here issues are either reopened, or are closed.">Resolved</status>
                    <statusCategory id="3" key="done" colorName="green"/>
                                    <resolution id="1">Fixed</resolution>
                                        <assignee username="-1">Unassigned</assignee>
                                    <reporter username="cameronbraid">Cameron Braid</reporter>
                        <labels>
                    </labels>
                <created>Mon, 11 Oct 2004 06:14:30 +0100</created>
                <updated>Thu, 9 Jun 2005 08:42:56 +0100</updated>
                            <resolved>Thu, 9 Jun 2005 08:42:56 +0100</resolved>
                                                    <fixVersion>3.0</fixVersion>
                                        <due></due>
                            <votes>2</votes>
                                    <watches>3</watches>
                                                                <comments>
                            <comment id="12937205" author="taffandrews" created="Wed, 10 Nov 2004 21:34:38 +0000"  >&lt;p&gt;I am having the same issue.  The specific problem I am having is testing the recovery of messages.  I create 10 messages and place them into the JMS queue.  I let a few of them process through the Listener and then I shutdown Tomcat.  Then I start Tomcat again and I see the remaining messages process but I get the error mentioned in this bug report.  To make matters worse, if I shutdown Tomcat and restart again The same messages will process again becuase they were not deleted from the DB.&lt;/p&gt;</comment>
                            <comment id="12936853" author="eveyeti" created="Sat, 13 Nov 2004 13:19:57 +0000"  >&lt;p&gt;I have the same problems.&lt;br/&gt;
when I send 10000 messages the consumer receive more than 10000 messages many messages are repeating.&lt;/p&gt;</comment>
                            <comment id="12937069" author="cameronbraid" created="Thu, 2 Dec 2004 16:55:26 +0000"  >&lt;p&gt;I changed to Jourlan + JDBC (derby) persistence and am getting a very similiary error :&lt;/p&gt;

&lt;p&gt;&lt;span class=&quot;error&quot;&gt;&amp;#91;2004-12-02 13:46:38 GMT&amp;#93;&lt;/span&gt;INFO  &lt;span class=&quot;error&quot;&gt;&amp;#91;JournalPersistenceAdapter&amp;#93;&lt;/span&gt; Journal Recovery Started.&lt;br/&gt;
&lt;span class=&quot;error&quot;&gt;&amp;#91;2004-12-02 13:46:38 GMT&amp;#93;&lt;/span&gt;ERROR &lt;span class=&quot;error&quot;&gt;&amp;#91;JournalPersistenceAdapter&amp;#93;&lt;/span&gt; Recovery Failure: Could not remove message: ID:ev1.drivenow.com.au-45070-1101875238632-68250:0, reason: javax.jms.JMSException: Could not locate message in database with message id: ID:ev1.drivenow.com.au-45070-1101875238632-68250:0&lt;br/&gt;
javax.jms.JMSException: Could not locate message in database with message id: ID:ev1.drivenow.com.au-45070-1101875238632-68250:0&lt;br/&gt;
        at org.codehaus.activemq.store.jdbc.JDBCMessageStore.getMessageSequenceId(JDBCMessageStore.java:125)&lt;br/&gt;
        at org.codehaus.activemq.store.jdbc.JDBCMessageStore.removeMessage(JDBCMessageStore.java:136)&lt;br/&gt;
        at org.codehaus.activemq.store.journal.JournalPersistenceAdapter.recover(JournalPersistenceAdapter.java:469)&lt;br/&gt;
        at org.codehaus.activemq.store.journal.JournalPersistenceAdapter.start(JournalPersistenceAdapter.java:154)&lt;br/&gt;
        at org.codehaus.activemq.store.cache.CachePersistenceAdapter.start(CachePersistenceAdapter.java:85)&lt;br/&gt;
        at org.codehaus.activemq.broker.impl.DefaultBroker.start(DefaultBroker.java:148)&lt;br/&gt;
        at org.codehaus.activemq.broker.impl.BrokerContainerImpl.start(BrokerContainerImpl.java:141)&lt;br/&gt;
        at org.codehaus.activemq.broker.BrokerContext.getBrokerContainerByName(BrokerContext.java:51)&lt;br/&gt;
        at org.codehaus.activemq.ActiveMQConnectionFactory.getContainer(ActiveMQConnectionFactory.java:535)&lt;br/&gt;
        at org.codehaus.activemq.ActiveMQConnectionFactory.createBrokerConnector(ActiveMQConnectionFactory.java:542)&lt;br/&gt;
        at org.codehaus.activemq.ActiveMQConnectionFactory.createTransportChannel(ActiveMQConnectionFactory.java:512)&lt;br/&gt;
        at org.codehaus.activemq.ActiveMQConnectionFactory.createConnection(ActiveMQConnectionFactory.java:333)&lt;br/&gt;
        at org.codehaus.activemq.ActiveMQConnectionFactory.createConnection(ActiveMQConnectionFactory.java:323)&lt;br/&gt;
        at org.springframework.jms.connection.SingleConnectionFactory.doCreateConnection(SingleConnectionFactory.java:150)&lt;br/&gt;
        at org.springframework.jms.connection.SingleConnectionFactory.init(SingleConnectionFactory.java:135)&lt;br/&gt;
        at org.springframework.jms.connection.SingleConnectionFactory.createConnection(SingleConnectionFactory.java:169)&lt;br/&gt;
        at org.springframework.jms.core.JmsTemplate.createConnection(JmsTemplate.java:404)&lt;br/&gt;
        at org.springframework.jms.core.JmsTemplate.execute(JmsTemplate.java:499)&lt;br/&gt;
        at org.springframework.jms.core.JmsTemplate.receive(JmsTemplate.java:663)&lt;br/&gt;
        at com.drivenow.mq.ScraperProcess.doConsume(ScraperProcess.java:213)&lt;br/&gt;
        at com.drivenow.mq.ScraperProcess.consume(ScraperProcess.java:191)&lt;br/&gt;
        at com.drivenow.mq.ScraperProcess$1.run(ScraperProcess.java:162)&lt;br/&gt;
        at java.lang.Thread.run(Thread.java:534)&lt;br/&gt;
&lt;span class=&quot;error&quot;&gt;&amp;#91;2004-12-02 13:46:39 GMT&amp;#93;&lt;/span&gt;INFO  &lt;span class=&quot;error&quot;&gt;&amp;#91;JournalPersistenceAdapter&amp;#93;&lt;/span&gt; Journal Recovered: 5 message(s) in transactions recovered.&lt;/p&gt;

&lt;p&gt;This happens while starting the JVM, after I have stop the JVM while messages are queues.&lt;/p&gt;</comment>
                            <comment id="12936718" author="jstrachan" created="Thu, 9 Jun 2005 08:42:56 +0100"  >&lt;p&gt;From 3.0 onwards we are deprecating BDB and instead use our own journal and JDBC as they perform much better and have less bugs.&lt;/p&gt;</comment>
                    </comments>
                    <attachments>
                    </attachments>
                <subtasks>
                    </subtasks>
                <customfields>
                                                <customfield id="customfield_12310310" key="com.atlassian.jira.toolkit:attachments">
                        <customfieldname>Attachment count</customfieldname>
                        <customfieldvalues>
                            <customfieldvalue>0.0</customfieldvalue>
                        </customfieldvalues>
                    </customfield>
                                                                                                                        <customfield id="customfield_12310220" key="com.atlassian.jira.ext.charting:firstresponsedate">
                        <customfieldname>Date of First Response</customfieldname>
                        <customfieldvalues>
                            <customfieldvalue>Wed, 10 Nov 2004 21:34:38 +0000</customfieldvalue>

                        </customfieldvalues>
                    </customfield>
                                                                                                                                                                                                            <customfield id="customfield_12310420" key="com.pyxis.greenhopper.jira:gh-global-rank">
                        <customfieldname>Global Rank</customfieldname>
                        <customfieldvalues>
                            <customfieldvalue>48848</customfieldvalue>
                        </customfieldvalues>
                    </customfield>
                                                                                            <customfield id="customfield_12311820" key="com.pyxis.greenhopper.jira:gh-lexo-rank">
                        <customfieldname>Rank</customfieldname>
                        <customfieldvalues>
                            <customfieldvalue>2|hylx0f:</customfieldvalue>

                        </customfieldvalues>
                    </customfield>
                                                                <customfield id="customfield_12310920" key="com.pyxis.greenhopper.jira:gh-global-rank">
                        <customfieldname>Rank (Obsolete)</customfieldname>
                        <customfieldvalues>
                            <customfieldvalue>161870</customfieldvalue>
                        </customfieldvalues>
                    </customfield>
                                                                                                                                                    <customfield id="customfield_12310222" key="com.atlassian.jira.ext.charting:timeinstatus">
                        <customfieldname>Time in Status</customfieldname>
                        <customfieldvalues>
                            
                        </customfieldvalues>
                    </customfield>
                                    </customfields>
    </item>

<item>
            <title>[AMQ-111] ObjectMessage. setObject(value) is treating the value is if passed by ref</title>
                <link>https://issues.apache.org/jira/browse/AMQ-111</link>
                <project id="12311210" key="AMQ">ActiveMQ</project>
                    <description>&lt;p&gt;ObjectMessage. setObject(value) is treating the value is if passed by ref.  Modifiying the value after the setObject() but before the send(), will cause the modified value to be sent.  This is not spec compliant.&lt;/p&gt;</description>
                <environment></environment>
        <key id="12481237">AMQ-111</key>
            <summary>ObjectMessage. setObject(value) is treating the value is if passed by ref</summary>
                <type id="1" iconUrl="https://issues.apache.org/jira/images/icons/issuetypes/bug.png">Bug</type>
                                            <priority id="3" iconUrl="https://issues.apache.org/jira/images/icons/priorities/major.png">Major</priority>
                        <status id="6" iconUrl="https://issues.apache.org/jira/images/icons/statuses/closed.png" description="The issue is considered finished, the resolution is correct. Issues which are closed can be reopened.">Closed</status>
                    <statusCategory id="3" key="done" colorName="green"/>
                                    <resolution id="1">Fixed</resolution>
                                        <assignee username="chirino">Hiram Chirino</assignee>
                                    <reporter username="chirino">Hiram Chirino</reporter>
                        <labels>
                    </labels>
                <created>Mon, 11 Oct 2004 22:08:30 +0100</created>
                <updated>Thu, 14 Oct 2004 04:18:59 +0100</updated>
                            <resolved>Thu, 14 Oct 2004 04:18:59 +0100</resolved>
                                    <version>1.2</version>
                                    <fixVersion>1.2</fixVersion>
                                    <component>JMS client</component>
                        <due></due>
                            <votes>0</votes>
                                    <watches>0</watches>
                                                                <comments>
                            <comment id="12936864" author="chirino" created="Thu, 14 Oct 2004 04:18:59 +0100"  >&lt;p&gt;Fixed.  The object is now serialized as soon as it&apos;s set.&lt;/p&gt;</comment>
                    </comments>
                    <attachments>
                    </attachments>
                <subtasks>
                    </subtasks>
                <customfields>
                                                <customfield id="customfield_12310310" key="com.atlassian.jira.toolkit:attachments">
                        <customfieldname>Attachment count</customfieldname>
                        <customfieldvalues>
                            <customfieldvalue>0.0</customfieldvalue>
                        </customfieldvalues>
                    </customfield>
                                                                                                                                                                                                                                                                                                <customfield id="customfield_12310420" key="com.pyxis.greenhopper.jira:gh-global-rank">
                        <customfieldname>Global Rank</customfieldname>
                        <customfieldvalues>
                            <customfieldvalue>48849</customfieldvalue>
                        </customfieldvalues>
                    </customfield>
                                                                                            <customfield id="customfield_12311820" key="com.pyxis.greenhopper.jira:gh-lexo-rank">
                        <customfieldname>Rank</customfieldname>
                        <customfieldvalues>
                            <customfieldvalue>2|hynnyv:</customfieldvalue>

                        </customfieldvalues>
                    </customfield>
                                                                <customfield id="customfield_12310920" key="com.pyxis.greenhopper.jira:gh-global-rank">
                        <customfieldname>Rank (Obsolete)</customfieldname>
                        <customfieldvalues>
                            <customfieldvalue>172070</customfieldvalue>
                        </customfieldvalues>
                    </customfield>
                                                                                                                                                    <customfield id="customfield_12310222" key="com.atlassian.jira.ext.charting:timeinstatus">
                        <customfieldname>Time in Status</customfieldname>
                        <customfieldvalues>
                            
                        </customfieldvalues>
                    </customfield>
                                    </customfields>
    </item>

<item>
            <title>[AMQ-112] Calling Session.recover from within the onMessage listener causes already acknowledged messages to be redelivered.</title>
                <link>https://issues.apache.org/jira/browse/AMQ-112</link>
                <project id="12311210" key="AMQ">ActiveMQ</project>
                    <description>&lt;p&gt;ActiveMQMessageConsumer.processMessage registers the message as delivered after the onMessage call.  Therefore when the Session.recover method is called, it recovers the previous message which has already been acknowledged.&lt;/p&gt;</description>
                <environment></environment>
        <key id="12481168">AMQ-112</key>
            <summary>Calling Session.recover from within the onMessage listener causes already acknowledged messages to be redelivered.</summary>
                <type id="1" iconUrl="https://issues.apache.org/jira/images/icons/issuetypes/bug.png">Bug</type>
                                            <priority id="3" iconUrl="https://issues.apache.org/jira/images/icons/priorities/major.png">Major</priority>
                        <status id="6" iconUrl="https://issues.apache.org/jira/images/icons/statuses/closed.png" description="The issue is considered finished, the resolution is correct. Issues which are closed can be reopened.">Closed</status>
                    <statusCategory id="3" key="done" colorName="green"/>
                                    <resolution id="1">Fixed</resolution>
                                        <assignee username="stewie">Stewie</assignee>
                                    <reporter username="tlitton">Tom Litton</reporter>
                        <labels>
                    </labels>
                <created>Wed, 13 Oct 2004 02:02:02 +0100</created>
                <updated>Thu, 3 Feb 2005 10:45:06 +0000</updated>
                            <resolved>Tue, 9 Nov 2004 12:34:31 +0000</resolved>
                                    <version>1.1</version>
                                    <fixVersion>2.0</fixVersion>
                                    <component>JMS client</component>
                        <due></due>
                            <votes>0</votes>
                                    <watches>0</watches>
                                                                <comments>
                            <comment id="12936276" author="jstrachan" created="Sun, 24 Oct 2004 16:00:10 +0100"  >&lt;p&gt;Fancy taking a looksie at this one?&lt;/p&gt;</comment>
                            <comment id="12937087" author="stewie" created="Sun, 24 Oct 2004 18:24:32 +0100"  >&lt;p&gt;mmm- a tough one! If the message is acknowledged - then dispatched to the Message Listener - there is a window where the client application could die before seeing the message, but after the acknowledgement has been sent to the broker. This would result in the message being lost for good.&lt;/p&gt;

&lt;p&gt;I assume this issue arose using Session.CLIENT_ACKNOWLEDGE mode ?&lt;/p&gt;</comment>
                            <comment id="12936799" author="tlitton" created="Mon, 25 Oct 2004 18:26:25 +0100"  >&lt;p&gt;Yes, it was in Client.Acknowledged mode.  &lt;/p&gt;

&lt;p&gt;I didn&apos;t see where the code was sending information to the broker, so won&apos;t the broker still retain a copy even if the client fails?  It&apos;s been a while since i&apos;ve read the code, so I could be wrong.&lt;/p&gt;</comment>
                            <comment id="12936904" author="stewie" created="Tue, 9 Nov 2004 12:34:30 +0000"  >&lt;p&gt;moved acknowledge call to before message is delivered to a MessageListener&lt;/p&gt;</comment>
                    </comments>
                    <attachments>
                    </attachments>
                <subtasks>
                    </subtasks>
                <customfields>
                                                <customfield id="customfield_12310310" key="com.atlassian.jira.toolkit:attachments">
                        <customfieldname>Attachment count</customfieldname>
                        <customfieldvalues>
                            <customfieldvalue>0.0</customfieldvalue>
                        </customfieldvalues>
                    </customfield>
                                                                                                                        <customfield id="customfield_12310220" key="com.atlassian.jira.ext.charting:firstresponsedate">
                        <customfieldname>Date of First Response</customfieldname>
                        <customfieldvalues>
                            <customfieldvalue>Sun, 24 Oct 2004 15:00:10 +0000</customfieldvalue>

                        </customfieldvalues>
                    </customfield>
                                                                                                                                                                                                            <customfield id="customfield_12310420" key="com.pyxis.greenhopper.jira:gh-global-rank">
                        <customfieldname>Global Rank</customfieldname>
                        <customfieldvalues>
                            <customfieldvalue>48850</customfieldvalue>
                        </customfieldvalues>
                    </customfield>
                                                                                            <customfield id="customfield_12311820" key="com.pyxis.greenhopper.jira:gh-lexo-rank">
                        <customfieldname>Rank</customfieldname>
                        <customfieldvalues>
                            <customfieldvalue>2|hynnp3:</customfieldvalue>

                        </customfieldvalues>
                    </customfield>
                                                                <customfield id="customfield_12310920" key="com.pyxis.greenhopper.jira:gh-global-rank">
                        <customfieldname>Rank (Obsolete)</customfieldname>
                        <customfieldvalues>
                            <customfieldvalue>172026</customfieldvalue>
                        </customfieldvalues>
                    </customfield>
                                                                                                                                                    <customfield id="customfield_12310222" key="com.atlassian.jira.ext.charting:timeinstatus">
                        <customfieldname>Time in Status</customfieldname>
                        <customfieldvalues>
                            
                        </customfieldvalues>
                    </customfield>
                                    </customfields>
    </item>

<item>
            <title>[AMQ-113] Prepared transactions not recovering after a rebuild due to serialVersionUID  changing.</title>
                <link>https://issues.apache.org/jira/browse/AMQ-113</link>
                <project id="12311210" key="AMQ">ActiveMQ</project>
                    <description>&lt;p&gt;I had an ActiveMQ install which I upgraded with new ActiveMQ jars to fix a small bug.  When it started up I got the following error:&lt;/p&gt;


&lt;p&gt;10:27:08,625 INFO  &lt;span class=&quot;error&quot;&gt;&amp;#91;JdbmPersistenceAdapter&amp;#93;&lt;/span&gt; Creating JDBM based message store in directory: C:\sandbox\geronimo-tck\j2ee\geronimo\var\activemq&lt;br/&gt;
10:27:08,781 INFO  &lt;span class=&quot;error&quot;&gt;&amp;#91;JdbmPreparedTransactionStore&amp;#93;&lt;/span&gt; Recovering prepared transactions&lt;br/&gt;
10:27:08,843 ERROR &lt;span class=&quot;error&quot;&gt;&amp;#91;JdbmPreparedTransactionStore&amp;#93;&lt;/span&gt; Failed to recover prepared transactions: java.io.InvalidClassException: org.codehaus.activemq.service.impl.AbstractTransaction; local class incompatible: stream classdesc serialVersionUID = -30595945985666&lt;br/&gt;
java.io.InvalidClassException: org.codehaus.activemq.service.impl.AbstractTransaction; local class incompatible: stream classdesc serialVersionUID = -3059594598566650262, local class serialVersionUID = -8026968802014775398&lt;br/&gt;
        at java.io.ObjectStreamClass.initNonProxy(ObjectStreamClass.java:519)&lt;br/&gt;
        at java.io.ObjectInputStream.readNonProxyDesc(ObjectInputStream.java:1546)&lt;br/&gt;
        at java.io.ObjectInputStream.readClassDesc(ObjectInputStream.java:1460)&lt;br/&gt;
        at java.io.ObjectInputStream.readNonProxyDesc(ObjectInputStream.java:1546)&lt;br/&gt;
        at java.io.ObjectInputStream.readClassDesc(ObjectInputStream.java:1460)&lt;br/&gt;
        at java.io.ObjectInputStream.readOrdinaryObject(ObjectInputStream.java:1693)&lt;br/&gt;
        at java.io.ObjectInputStream.readObject0(ObjectInputStream.java:1299)&lt;br/&gt;
        at java.io.ObjectInputStream.readObject(ObjectInputStream.java:339)&lt;br/&gt;
        at jdbm.btree.BPage.deserialize(BPage.java:996)&lt;br/&gt;
        at jdbm.recman.BaseRecordManager.fetch(BaseRecordManager.java:341)&lt;br/&gt;
        at jdbm.recman.CacheRecordManager.fetch(CacheRecordManager.java:264)&lt;br/&gt;
        at jdbm.btree.BPage.loadBPage(BPage.java:826)&lt;br/&gt;
        at jdbm.btree.BPage.childBPage(BPage.java:816)&lt;br/&gt;
        at jdbm.btree.BPage.findFirst(BPage.java:302)&lt;/p&gt;</description>
                <environment></environment>
        <key id="12481211">AMQ-113</key>
            <summary>Prepared transactions not recovering after a rebuild due to serialVersionUID  changing.</summary>
                <type id="1" iconUrl="https://issues.apache.org/jira/images/icons/issuetypes/bug.png">Bug</type>
                                            <priority id="3" iconUrl="https://issues.apache.org/jira/images/icons/priorities/major.png">Major</priority>
                        <status id="6" iconUrl="https://issues.apache.org/jira/images/icons/statuses/closed.png" description="The issue is considered finished, the resolution is correct. Issues which are closed can be reopened.">Closed</status>
                    <statusCategory id="3" key="done" colorName="green"/>
                                    <resolution id="1">Fixed</resolution>
                                        <assignee username="chirino">Hiram Chirino</assignee>
                                    <reporter username="chirino">Hiram Chirino</reporter>
                        <labels>
                    </labels>
                <created>Wed, 13 Oct 2004 21:31:17 +0100</created>
                <updated>Sat, 26 Feb 2005 00:17:50 +0000</updated>
                            <resolved>Sat, 26 Feb 2005 00:17:50 +0000</resolved>
                                    <version>2.1</version>
                                    <fixVersion>2.0</fixVersion>
                                    <component>Message Store</component>
                        <due></due>
                            <votes>0</votes>
                                    <watches>0</watches>
                                                                <comments>
                            <comment id="12937052" author="chirino" created="Sat, 26 Feb 2005 00:17:50 +0000"  >&lt;p&gt;Ever sicne 2.0 we don&apos;t serialize a &quot;Transaction&quot; object any more.&lt;/p&gt;</comment>
                    </comments>
                    <attachments>
                    </attachments>
                <subtasks>
                    </subtasks>
                <customfields>
                                                <customfield id="customfield_12310310" key="com.atlassian.jira.toolkit:attachments">
                        <customfieldname>Attachment count</customfieldname>
                        <customfieldvalues>
                            <customfieldvalue>0.0</customfieldvalue>
                        </customfieldvalues>
                    </customfield>
                                                                                                                                                                                                                                                                                                <customfield id="customfield_12310420" key="com.pyxis.greenhopper.jira:gh-global-rank">
                        <customfieldname>Global Rank</customfieldname>
                        <customfieldvalues>
                            <customfieldvalue>48851</customfieldvalue>
                        </customfieldvalues>
                    </customfield>
                                                                                            <customfield id="customfield_12311820" key="com.pyxis.greenhopper.jira:gh-lexo-rank">
                        <customfieldname>Rank</customfieldname>
                        <customfieldvalues>
                            <customfieldvalue>2|hynnyn:</customfieldvalue>

                        </customfieldvalues>
                    </customfield>
                                                                <customfield id="customfield_12310920" key="com.pyxis.greenhopper.jira:gh-global-rank">
                        <customfieldname>Rank (Obsolete)</customfieldname>
                        <customfieldvalues>
                            <customfieldvalue>172069</customfieldvalue>
                        </customfieldvalues>
                    </customfield>
                                                                                                                                                    <customfield id="customfield_12310222" key="com.atlassian.jira.ext.charting:timeinstatus">
                        <customfieldname>Time in Status</customfieldname>
                        <customfieldvalues>
                            
                        </customfieldvalues>
                    </customfield>
                                    </customfields>
    </item>

<item>
            <title>[AMQ-114] Our Queue and Topic session are a little too &apos;happy&apos; since they implement both Topic and Queue</title>
                <link>https://issues.apache.org/jira/browse/AMQ-114</link>
                <project id="12311210" key="AMQ">ActiveMQ</project>
                    <description>&lt;p&gt;We don&apos;t do this that is in the JMS API for a QueueSession:&lt;/p&gt;

&lt;p&gt;A QueueSession cannot be used to create objects specific to the publish/subscribe domain. The following methods inherit from Session, but must throw an IllegalStateException if they are used from QueueSession:&lt;/p&gt;

&lt;ul&gt;
	&lt;li&gt;createDurableSubscriber&lt;/li&gt;
	&lt;li&gt;createTemporaryTopic&lt;/li&gt;
	&lt;li&gt;createTopic&lt;/li&gt;
	&lt;li&gt;unsubscribe&lt;/li&gt;
&lt;/ul&gt;
</description>
                <environment></environment>
        <key id="12481200">AMQ-114</key>
            <summary>Our Queue and Topic session are a little too &apos;happy&apos; since they implement both Topic and Queue</summary>
                <type id="1" iconUrl="https://issues.apache.org/jira/images/icons/issuetypes/bug.png">Bug</type>
                                            <priority id="3" iconUrl="https://issues.apache.org/jira/images/icons/priorities/major.png">Major</priority>
                        <status id="6" iconUrl="https://issues.apache.org/jira/images/icons/statuses/closed.png" description="The issue is considered finished, the resolution is correct. Issues which are closed can be reopened.">Closed</status>
                    <statusCategory id="3" key="done" colorName="green"/>
                                    <resolution id="1">Fixed</resolution>
                                        <assignee username="chirino">Hiram Chirino</assignee>
                                    <reporter username="chirino">Hiram Chirino</reporter>
                        <labels>
                    </labels>
                <created>Wed, 13 Oct 2004 22:31:07 +0100</created>
                <updated>Thu, 14 Oct 2004 04:19:33 +0100</updated>
                            <resolved>Thu, 14 Oct 2004 04:19:33 +0100</resolved>
                                    <version>1.0</version>
                    <version>1.1</version>
                    <version>1.2</version>
                                    <fixVersion>1.2</fixVersion>
                                        <due></due>
                            <votes>0</votes>
                                    <watches>0</watches>
                                                                <comments>
                            <comment id="12937150" author="chirino" created="Thu, 14 Oct 2004 04:19:33 +0100"  >&lt;p&gt;Fixed.&lt;/p&gt;</comment>
                    </comments>
                    <attachments>
                    </attachments>
                <subtasks>
                    </subtasks>
                <customfields>
                                                <customfield id="customfield_12310310" key="com.atlassian.jira.toolkit:attachments">
                        <customfieldname>Attachment count</customfieldname>
                        <customfieldvalues>
                            <customfieldvalue>0.0</customfieldvalue>
                        </customfieldvalues>
                    </customfield>
                                                                                                                                                                                                                                                                                                <customfield id="customfield_12310420" key="com.pyxis.greenhopper.jira:gh-global-rank">
                        <customfieldname>Global Rank</customfieldname>
                        <customfieldvalues>
                            <customfieldvalue>48852</customfieldvalue>
                        </customfieldvalues>
                    </customfield>
                                                                                            <customfield id="customfield_12311820" key="com.pyxis.greenhopper.jira:gh-lexo-rank">
                        <customfieldname>Rank</customfieldname>
                        <customfieldvalues>
                            <customfieldvalue>2|hynndj:</customfieldvalue>

                        </customfieldvalues>
                    </customfield>
                                                                <customfield id="customfield_12310920" key="com.pyxis.greenhopper.jira:gh-global-rank">
                        <customfieldname>Rank (Obsolete)</customfieldname>
                        <customfieldvalues>
                            <customfieldvalue>171974</customfieldvalue>
                        </customfieldvalues>
                    </customfield>
                                                                                                                                                    <customfield id="customfield_12310222" key="com.atlassian.jira.ext.charting:timeinstatus">
                        <customfieldname>Time in Status</customfieldname>
                        <customfieldvalues>
                            
                        </customfieldvalues>
                    </customfield>
                                    </customfields>
    </item>

<item>
            <title>[AMQ-115] 1 Dispatcher Thread Created per Temporary Queue created.</title>
                <link>https://issues.apache.org/jira/browse/AMQ-115</link>
                <project id="12311210" key="AMQ">ActiveMQ</project>
                    <description>&lt;p&gt;While doing some debuging It looked like we are creating 1 Dispatcher thread per temporary Queue that is created.  We may be even creating a Dispatcher per Queue period.  This could lead to an unnessary number of Dispatcher threads that sitting idle using up VM resources.&lt;/p&gt;</description>
                <environment></environment>
        <key id="12481279">AMQ-115</key>
            <summary>1 Dispatcher Thread Created per Temporary Queue created.</summary>
                <type id="1" iconUrl="https://issues.apache.org/jira/images/icons/issuetypes/bug.png">Bug</type>
                                            <priority id="3" iconUrl="https://issues.apache.org/jira/images/icons/priorities/major.png">Major</priority>
                        <status id="5" iconUrl="https://issues.apache.org/jira/images/icons/statuses/resolved.png" description="A resolution has been taken, and it is awaiting verification by reporter. From here issues are either reopened, or are closed.">Resolved</status>
                    <statusCategory id="3" key="done" colorName="green"/>
                                    <resolution id="1">Fixed</resolution>
                                        <assignee username="chirino">Hiram Chirino</assignee>
                                    <reporter username="chirino">Hiram Chirino</reporter>
                        <labels>
                    </labels>
                <created>Mon, 18 Oct 2004 07:36:56 +0100</created>
                <updated>Wed, 10 Nov 2004 12:50:53 +0000</updated>
                            <resolved>Wed, 10 Nov 2004 12:50:53 +0000</resolved>
                                    <version>1.2</version>
                                    <fixVersion>1.2</fixVersion>
                                    <component>Broker</component>
                        <due></due>
                            <votes>0</votes>
                                    <watches>0</watches>
                                                                <comments>
                            <comment id="12937008" author="chirino" created="Fri, 22 Oct 2004 07:35:23 +0100"  >&lt;p&gt;Looks like TransientQueueBoundedMessageContainer creates a method on start() and never stops it.&lt;/p&gt;

&lt;p&gt;I could add something to stop the thread.. but we should not be allocating a thread per temp destination.  Using a thread Pool Would be a better option.&lt;/p&gt;

&lt;p&gt;It might be a better get the TransientQueueBoundedMessageContainer to poll message like the DurableQueueMessageContainerManager does it.  With a Dispatcher object.&lt;/p&gt;

&lt;p&gt;Anyways.  I&apos;m going to disable the TransientQueueBoundedMessageContainer &lt;br/&gt;
for now since it&apos;s giving me headachs.  Issue &lt;a href=&quot;https://issues.apache.org/jira/browse/AMQ-118&quot; title=&quot;TransientQueueBoundedMessageContainer drops messages that have no intrested consumers.&quot; class=&quot;issue-link&quot; data-issue-key=&quot;AMQ-118&quot;&gt;&lt;del&gt;AMQ-118&lt;/del&gt;&lt;/a&gt; has also been opened up on it.&lt;/p&gt;</comment>
                            <comment id="12937017" author="stewie" created="Wed, 10 Nov 2004 12:50:53 +0000"  >&lt;p&gt;thread created and lives only for the lifetime of active subscribers on the queue, then gets put back into a pool&lt;/p&gt;</comment>
                    </comments>
                    <attachments>
                    </attachments>
                <subtasks>
                    </subtasks>
                <customfields>
                                                <customfield id="customfield_12310310" key="com.atlassian.jira.toolkit:attachments">
                        <customfieldname>Attachment count</customfieldname>
                        <customfieldvalues>
                            <customfieldvalue>0.0</customfieldvalue>
                        </customfieldvalues>
                    </customfield>
                                                                                                                        <customfield id="customfield_12310220" key="com.atlassian.jira.ext.charting:firstresponsedate">
                        <customfieldname>Date of First Response</customfieldname>
                        <customfieldvalues>
                            <customfieldvalue>Wed, 10 Nov 2004 12:50:53 +0000</customfieldvalue>

                        </customfieldvalues>
                    </customfield>
                                                                                                                                                                                                            <customfield id="customfield_12310420" key="com.pyxis.greenhopper.jira:gh-global-rank">
                        <customfieldname>Global Rank</customfieldname>
                        <customfieldvalues>
                            <customfieldvalue>48853</customfieldvalue>
                        </customfieldvalues>
                    </customfield>
                                                                                            <customfield id="customfield_12311820" key="com.pyxis.greenhopper.jira:gh-lexo-rank">
                        <customfieldname>Rank</customfieldname>
                        <customfieldvalues>
                            <customfieldvalue>2|hylvpb:</customfieldvalue>

                        </customfieldvalues>
                    </customfield>
                                                                <customfield id="customfield_12310920" key="com.pyxis.greenhopper.jira:gh-global-rank">
                        <customfieldname>Rank (Obsolete)</customfieldname>
                        <customfieldvalues>
                            <customfieldvalue>161658</customfieldvalue>
                        </customfieldvalues>
                    </customfield>
                                                                                                                                                    <customfield id="customfield_12310222" key="com.atlassian.jira.ext.charting:timeinstatus">
                        <customfieldname>Time in Status</customfieldname>
                        <customfieldvalues>
                            
                        </customfieldvalues>
                    </customfield>
                                    </customfields>
    </item>

<item>
            <title>[AMQ-117] temporary queue errors when using NetworkMessageBridge</title>
                <link>https://issues.apache.org/jira/browse/AMQ-117</link>
                <project id="12311210" key="AMQ">ActiveMQ</project>
                    <description>&lt;p&gt;I have 2 brokers running connected using tcp. I create a QueueRequestor&lt;br/&gt;
using the code below&lt;/p&gt;

&lt;p&gt;....&lt;br/&gt;
ActiveMQSession session =&lt;br/&gt;
(ActiveMQSession)connection.createSession(false,&lt;br/&gt;
Session.AUTO_ACKNOWLEDGE);&lt;br/&gt;
Queue queue = session.createQueue(name);&lt;br/&gt;
QueueRequestor requestor =new QueueRequestor(session, queue);&lt;/p&gt;



&lt;p&gt;The problem is that I get the error below:&lt;/p&gt;

&lt;p&gt;ERROR &lt;span class=&quot;error&quot;&gt;&amp;#91;org.codehaus.activemq.transport.NetworkChannel&amp;#93;&lt;/span&gt; Failed to start&lt;br/&gt;
NetworkMessageBridge for destination:&lt;br/&gt;
TemporaryQueue-{TD&lt;/p&gt;
{ID:marcxp-1607-1098116733286-14:0}
&lt;p&gt;TD}ID:marcxp&lt;br/&gt;
-1607-10981&lt;br/&gt;
16733286-170:0&lt;/p&gt;

&lt;p&gt;It seems that the actual exception is in the ActiveMQMessageConsumer&lt;br/&gt;
constructor. An InvalidDestinationException is thrown with the message&lt;br/&gt;
&quot;Cannot use a temporary destination from another connection&quot;.&lt;/p&gt;


&lt;p&gt;We should not be exposing temporary queues across network bridges should we?&lt;/p&gt;</description>
                <environment></environment>
        <key id="12481350">AMQ-117</key>
            <summary>temporary queue errors when using NetworkMessageBridge</summary>
                <type id="1" iconUrl="https://issues.apache.org/jira/images/icons/issuetypes/bug.png">Bug</type>
                                            <priority id="3" iconUrl="https://issues.apache.org/jira/images/icons/priorities/major.png">Major</priority>
                        <status id="6" iconUrl="https://issues.apache.org/jira/images/icons/statuses/closed.png" description="The issue is considered finished, the resolution is correct. Issues which are closed can be reopened.">Closed</status>
                    <statusCategory id="3" key="done" colorName="green"/>
                                    <resolution id="1">Fixed</resolution>
                                        <assignee username="stewie">Stewie</assignee>
                                    <reporter username="jstrachan">james strachan</reporter>
                        <labels>
                    </labels>
                <created>Tue, 19 Oct 2004 12:03:17 +0100</created>
                <updated>Thu, 3 Feb 2005 10:45:31 +0000</updated>
                            <resolved>Tue, 9 Nov 2004 20:15:03 +0000</resolved>
                                    <version>1.1</version>
                                    <fixVersion>2.0</fixVersion>
                                        <due></due>
                            <votes>0</votes>
                                    <watches>0</watches>
                                                                <comments>
                            <comment id="12936785" author="stewie" created="Tue, 9 Nov 2004 12:40:31 +0000"  >&lt;p&gt;We need to support temporary queues across networks. I suggest we mark the connection as being used for internal routing - and ignore JMS spec imposed compliance for these cases.&lt;/p&gt;</comment>
                            <comment id="12936857" author="jstrachan" created="Tue, 9 Nov 2004 12:43:39 +0000"  >&lt;p&gt;Sounds good to me&lt;/p&gt;</comment>
                            <comment id="12936850" author="stewie" created="Tue, 9 Nov 2004 20:15:03 +0000"  >&lt;p&gt;disable J2EE compliance for internally routed messages&lt;/p&gt;</comment>
                    </comments>
                    <attachments>
                    </attachments>
                <subtasks>
                    </subtasks>
                <customfields>
                                                <customfield id="customfield_12310310" key="com.atlassian.jira.toolkit:attachments">
                        <customfieldname>Attachment count</customfieldname>
                        <customfieldvalues>
                            <customfieldvalue>0.0</customfieldvalue>
                        </customfieldvalues>
                    </customfield>
                                                                                                                        <customfield id="customfield_12310220" key="com.atlassian.jira.ext.charting:firstresponsedate">
                        <customfieldname>Date of First Response</customfieldname>
                        <customfieldvalues>
                            <customfieldvalue>Tue, 9 Nov 2004 12:40:31 +0000</customfieldvalue>

                        </customfieldvalues>
                    </customfield>
                                                                                                                                                                                                            <customfield id="customfield_12310420" key="com.pyxis.greenhopper.jira:gh-global-rank">
                        <customfieldname>Global Rank</customfieldname>
                        <customfieldvalues>
                            <customfieldvalue>48855</customfieldvalue>
                        </customfieldvalues>
                    </customfield>
                                                                                            <customfield id="customfield_12311820" key="com.pyxis.greenhopper.jira:gh-lexo-rank">
                        <customfieldname>Rank</customfieldname>
                        <customfieldvalues>
                            <customfieldvalue>2|hyno2v:</customfieldvalue>

                        </customfieldvalues>
                    </customfield>
                                                                <customfield id="customfield_12310920" key="com.pyxis.greenhopper.jira:gh-global-rank">
                        <customfieldname>Rank (Obsolete)</customfieldname>
                        <customfieldvalues>
                            <customfieldvalue>172088</customfieldvalue>
                        </customfieldvalues>
                    </customfield>
                                                                                                                                                    <customfield id="customfield_12310222" key="com.atlassian.jira.ext.charting:timeinstatus">
                        <customfieldname>Time in Status</customfieldname>
                        <customfieldvalues>
                            
                        </customfieldvalues>
                    </customfield>
                                    </customfields>
    </item>

<item>
            <title>[AMQ-118] TransientQueueBoundedMessageContainer drops messages that have no intrested consumers.</title>
                <link>https://issues.apache.org/jira/browse/AMQ-118</link>
                <project id="12311210" key="AMQ">ActiveMQ</project>
                    <description>&lt;p&gt;Doing some testing last week, it seemed like the TransientQueueBoundedMessageContainer was dropping messages that did not have an intrested consumer. &lt;/p&gt;

&lt;p&gt;If there was an active consumer, the messages would get delivered, to the consumer.  If the messages were sent to the destination before the consumer was created, the messages would not get delivered to the consumer.&lt;/p&gt;</description>
                <environment></environment>
        <key id="12481221">AMQ-118</key>
            <summary>TransientQueueBoundedMessageContainer drops messages that have no intrested consumers.</summary>
                <type id="1" iconUrl="https://issues.apache.org/jira/images/icons/issuetypes/bug.png">Bug</type>
                                            <priority id="3" iconUrl="https://issues.apache.org/jira/images/icons/priorities/major.png">Major</priority>
                        <status id="5" iconUrl="https://issues.apache.org/jira/images/icons/statuses/resolved.png" description="A resolution has been taken, and it is awaiting verification by reporter. From here issues are either reopened, or are closed.">Resolved</status>
                    <statusCategory id="3" key="done" colorName="green"/>
                                    <resolution id="1">Fixed</resolution>
                                        <assignee username="-1">Unassigned</assignee>
                                    <reporter username="chirino">Hiram Chirino</reporter>
                        <labels>
                    </labels>
                <created>Fri, 22 Oct 2004 07:23:08 +0100</created>
                <updated>Fri, 22 Oct 2004 22:50:39 +0100</updated>
                            <resolved>Fri, 22 Oct 2004 22:50:39 +0100</resolved>
                                    <version>1.2</version>
                                    <fixVersion>1.2</fixVersion>
                                    <component>Broker</component>
                        <due></due>
                            <votes>0</votes>
                                    <watches>0</watches>
                                                                <comments>
                            <comment id="12936787" author="stewie" created="Fri, 22 Oct 2004 22:50:39 +0100"  >&lt;p&gt;That&apos;s the desired behaviour!&lt;/p&gt;</comment>
                    </comments>
                    <attachments>
                    </attachments>
                <subtasks>
                    </subtasks>
                <customfields>
                                                <customfield id="customfield_12310310" key="com.atlassian.jira.toolkit:attachments">
                        <customfieldname>Attachment count</customfieldname>
                        <customfieldvalues>
                            <customfieldvalue>0.0</customfieldvalue>
                        </customfieldvalues>
                    </customfield>
                                                                                                                        <customfield id="customfield_12310220" key="com.atlassian.jira.ext.charting:firstresponsedate">
                        <customfieldname>Date of First Response</customfieldname>
                        <customfieldvalues>
                            <customfieldvalue>Fri, 22 Oct 2004 21:50:39 +0000</customfieldvalue>

                        </customfieldvalues>
                    </customfield>
                                                                                                                                                                                                            <customfield id="customfield_12310420" key="com.pyxis.greenhopper.jira:gh-global-rank">
                        <customfieldname>Global Rank</customfieldname>
                        <customfieldvalues>
                            <customfieldvalue>48856</customfieldvalue>
                        </customfieldvalues>
                    </customfield>
                                                                                            <customfield id="customfield_12311820" key="com.pyxis.greenhopper.jira:gh-lexo-rank">
                        <customfieldname>Rank</customfieldname>
                        <customfieldvalues>
                            <customfieldvalue>2|hz1son:</customfieldvalue>

                        </customfieldvalues>
                    </customfield>
                                                                <customfield id="customfield_12310920" key="com.pyxis.greenhopper.jira:gh-global-rank">
                        <customfieldname>Rank (Obsolete)</customfieldname>
                        <customfieldvalues>
                            <customfieldvalue>254491</customfieldvalue>
                        </customfieldvalues>
                    </customfield>
                                                                                                                                                    <customfield id="customfield_12310222" key="com.atlassian.jira.ext.charting:timeinstatus">
                        <customfieldname>Time in Status</customfieldname>
                        <customfieldvalues>
                            
                        </customfieldvalues>
                    </customfield>
                                    </customfields>
    </item>

<item>
            <title>[AMQ-121] ActiveMQActivationSpec prevents integration with JBoss</title>
                <link>https://issues.apache.org/jira/browse/AMQ-121</link>
                <project id="12311210" key="AMQ">ActiveMQ</project>
                    <description>&lt;p&gt;I&apos;m working on deploying the activemq-ra module to JBoss 4.0 and I&apos;m running into a problem.  &lt;/p&gt;

&lt;p&gt;Without going into to much detail, it seems that JBoss is assuming that any JMS connector is implementing the JCA specs recommended set of JavaBeans properties for a JMS ActivationSpec class (see J2EE Connector Architecture Specification 1.5 - Appendix B - Sections B.2 - B.3) and incorrectly tries to set default values for each of the recommended properties.  This fails with the ActiveMQ connector because the ActiveMQActivationSpec class does not implement the recommended properties.&lt;/p&gt;

&lt;p&gt;Even though the spec lists these properties as only recommendations, I think it would be in everyone&apos;s best interest to implement these properties as outlined in the spec.  It would certainly make integration with other AppServers much easier.&lt;/p&gt;

&lt;p&gt;I&apos;ve attached a patch, with unit tests, that implements the properties.&lt;/p&gt;</description>
                <environment></environment>
        <key id="12481244">AMQ-121</key>
            <summary>ActiveMQActivationSpec prevents integration with JBoss</summary>
                <type id="1" iconUrl="https://issues.apache.org/jira/images/icons/issuetypes/bug.png">Bug</type>
                                            <priority id="1" iconUrl="https://issues.apache.org/jira/images/icons/priorities/blocker.png">Blocker</priority>
                        <status id="6" iconUrl="https://issues.apache.org/jira/images/icons/statuses/closed.png" description="The issue is considered finished, the resolution is correct. Issues which are closed can be reopened.">Closed</status>
                    <statusCategory id="3" key="done" colorName="green"/>
                                    <resolution id="1">Fixed</resolution>
                                        <assignee username="-1">Unassigned</assignee>
                                    <reporter username="mgaffney">Michael Gaffney</reporter>
                        <labels>
                    </labels>
                <created>Sat, 30 Oct 2004 04:39:02 +0100</created>
                <updated>Mon, 1 Nov 2004 12:39:14 +0000</updated>
                            <resolved>Mon, 1 Nov 2004 12:39:14 +0000</resolved>
                                    <version>1.2</version>
                                    <fixVersion>1.2</fixVersion>
                                        <due></due>
                            <votes>0</votes>
                                    <watches>1</watches>
                                                                <comments>
                            <comment id="12936572" author="mgaffney" created="Sat, 30 Oct 2004 04:40:21 +0100"  >&lt;p&gt;Here&apos;s the patch.&lt;/p&gt;</comment>
                            <comment id="12937198" author="jstrachan" created="Mon, 1 Nov 2004 12:39:14 +0000"  >&lt;p&gt;Many thanks for the patch Michael - applied with thanks&lt;/p&gt;</comment>
                    </comments>
                    <attachments>
                    </attachments>
                <subtasks>
                    </subtasks>
                <customfields>
                                                <customfield id="customfield_12310310" key="com.atlassian.jira.toolkit:attachments">
                        <customfieldname>Attachment count</customfieldname>
                        <customfieldvalues>
                            <customfieldvalue>0.0</customfieldvalue>
                        </customfieldvalues>
                    </customfield>
                                                                                                                        <customfield id="customfield_12310220" key="com.atlassian.jira.ext.charting:firstresponsedate">
                        <customfieldname>Date of First Response</customfieldname>
                        <customfieldvalues>
                            <customfieldvalue>Mon, 1 Nov 2004 12:39:14 +0000</customfieldvalue>

                        </customfieldvalues>
                    </customfield>
                                                                                                                                                                                                            <customfield id="customfield_12310420" key="com.pyxis.greenhopper.jira:gh-global-rank">
                        <customfieldname>Global Rank</customfieldname>
                        <customfieldvalues>
                            <customfieldvalue>48859</customfieldvalue>
                        </customfieldvalues>
                    </customfield>
                                                                                            <customfield id="customfield_12311820" key="com.pyxis.greenhopper.jira:gh-lexo-rank">
                        <customfieldname>Rank</customfieldname>
                        <customfieldvalues>
                            <customfieldvalue>2|hynmr3:</customfieldvalue>

                        </customfieldvalues>
                    </customfield>
                                                                <customfield id="customfield_12310920" key="com.pyxis.greenhopper.jira:gh-global-rank">
                        <customfieldname>Rank (Obsolete)</customfieldname>
                        <customfieldvalues>
                            <customfieldvalue>171873</customfieldvalue>
                        </customfieldvalues>
                    </customfield>
                                                                                                                                                    <customfield id="customfield_12310222" key="com.atlassian.jira.ext.charting:timeinstatus">
                        <customfieldname>Time in Status</customfieldname>
                        <customfieldvalues>
                            
                        </customfieldvalues>
                    </customfield>
                                    </customfields>
    </item>
</channel>
</rss>
