<!--
RSS generated by JIRA (7.6.3#76005-sha1:8a4e38d34af948780dbf52044e7aafb13a7cae58) at Fri Apr 05 23:50:02 UTC 2019

It is possible to restrict the fields that are returned in this document by specifying the 'field' parameter in your request.
For example, to request only the issue key and summary append 'field=key&field=summary' to the URL of your request.
-->
<!-- If you wish to do custom client-side styling of RSS, uncomment this:
<?xml-stylesheet href="https://issues.apache.org/jira/styles/jiraxml2html.xsl" type="text/xsl"?>
-->
<rss version="0.92">
    <channel>
        <title>ASF JIRA</title>
        <link>https://issues.apache.org/jira/issues/?jql=project+%3D+AMQ+AND+issuetype+%3D+Bug+AND+created+%3E%3D+2018-04-01+AND+created+%3C%3D+2018-05-01</link>
        <description>An XML representation of a search request</description>
                <language>en-uk</language>
                        <issue start="0" end="6" total="6"/>
                <build-info>
            <version>7.6.3</version>
            <build-number>76005</build-number>
            <build-date>09-01-2018</build-date>
        </build-info>

<item>
            <title>[AMQ-6954] Queue page on web console displays URL parameter without proper encoding</title>
                <link>https://issues.apache.org/jira/browse/AMQ-6954</link>
                <project id="12311210" key="AMQ">ActiveMQ</project>
                    <description>&lt;p&gt;Using a URL with the parameter, QueryFilter, the value of that parameter is included in the output page without proper encoding.&lt;/p&gt;</description>
                <environment></environment>
        <key id="13155809">AMQ-6954</key>
            <summary>Queue page on web console displays URL parameter without proper encoding</summary>
                <type id="1" iconUrl="https://issues.apache.org/jira/secure/viewavatar?size=xsmall&amp;avatarId=21133&amp;avatarType=issuetype">Bug</type>
                                            <priority id="3" iconUrl="https://issues.apache.org/jira/images/icons/priorities/major.svg">Major</priority>
                        <status id="5" iconUrl="https://issues.apache.org/jira/images/icons/statuses/resolved.png" description="A resolution has been taken, and it is awaiting verification by reporter. From here issues are either reopened, or are closed.">Resolved</status>
                    <statusCategory id="3" key="done" colorName="green"/>
                                    <resolution id="1">Fixed</resolution>
                                        <assignee username="artnaseef">Arthur Naseef</assignee>
                                    <reporter username="artnaseef">Arthur Naseef</reporter>
                        <labels>
                    </labels>
                <created>Fri, 27 Apr 2018 21:49:52 +0000</created>
                <updated>Tue, 4 Sep 2018 10:38:06 +0000</updated>
                            <resolved>Wed, 25 Jul 2018 11:23:32 +0000</resolved>
                                    <version>5.15.3</version>
                                    <fixVersion>5.16.0</fixVersion>
                    <fixVersion>5.15.6</fixVersion>
                                    <component>webconsole</component>
                        <due></due>
                            <votes>0</votes>
                                    <watches>3</watches>
                                                                <comments>
                            <comment id="16555530" author="gtully" created="Wed, 25 Jul 2018 11:22:57 +0000"  >&lt;p&gt;resolved with:&#160;&lt;a href=&quot;https://git-wip-us.apache.org/repos/asf?p=activemq.git;h=d25de5d&quot; class=&quot;external-link&quot; rel=&quot;nofollow&quot;&gt;https://git-wip-us.apache.org/repos/asf?p=activemq.git;h=d25de5d&lt;/a&gt;&lt;/p&gt;</comment>
                            <comment id="16572379" author="jira-bot" created="Tue, 7 Aug 2018 21:42:07 +0000"  >&lt;p&gt;Commit d8c80a98212ee5d73a281483a2f8b3f517465f62 in activemq&apos;s branch refs/heads/master from artnaseef&lt;br/&gt;
[ &lt;a href=&quot;https://git-wip-us.apache.org/repos/asf?p=activemq.git;h=d8c80a9&quot; class=&quot;external-link&quot; rel=&quot;nofollow&quot;&gt;https://git-wip-us.apache.org/repos/asf?p=activemq.git;h=d8c80a9&lt;/a&gt; ]&lt;/p&gt;

&lt;p&gt;&lt;a href=&quot;https://issues.apache.org/jira/browse/AMQ-6954&quot; title=&quot;Queue page on web console displays URL parameter without proper encoding&quot; class=&quot;issue-link&quot; data-issue-key=&quot;AMQ-6954&quot;&gt;&lt;del&gt;AMQ-6954&lt;/del&gt;&lt;/a&gt; encode the QueueFilter field value also&lt;/p&gt;</comment>
                            <comment id="16572384" author="artnaseef" created="Tue, 7 Aug 2018 21:43:53 +0000"  >&lt;p&gt;Additional update to resolve: &lt;a href=&quot;https://git-wip-us.apache.org/repos/asf?p=activemq.git;a=commit;h=d8c80a98212ee5d73a281483a2f8b3f517465f62&quot; class=&quot;external-link&quot; rel=&quot;nofollow&quot;&gt;https://git-wip-us.apache.org/repos/asf?p=activemq.git;a=commit;h=d8c80a98212ee5d73a281483a2f8b3f517465f62&lt;/a&gt;&lt;/p&gt;

&lt;p&gt;&#160;&lt;/p&gt;</comment>
                            <comment id="16602882" author="jira-bot" created="Tue, 4 Sep 2018 10:38:06 +0000"  >&lt;p&gt;Commit 2373aa1320dec90a60d69001adcb0ce856d61d10 in activemq&apos;s branch refs/heads/activemq-5.15.x from artnaseef&lt;br/&gt;
[ &lt;a href=&quot;https://git-wip-us.apache.org/repos/asf?p=activemq.git;h=2373aa1&quot; class=&quot;external-link&quot; rel=&quot;nofollow&quot;&gt;https://git-wip-us.apache.org/repos/asf?p=activemq.git;h=2373aa1&lt;/a&gt; ]&lt;/p&gt;

&lt;p&gt;&lt;a href=&quot;https://issues.apache.org/jira/browse/AMQ-6954&quot; title=&quot;Queue page on web console displays URL parameter without proper encoding&quot; class=&quot;issue-link&quot; data-issue-key=&quot;AMQ-6954&quot;&gt;&lt;del&gt;AMQ-6954&lt;/del&gt;&lt;/a&gt; encode the QueueFilter field value also&lt;/p&gt;

&lt;p&gt;(cherry picked from commit d8c80a98212ee5d73a281483a2f8b3f517465f62)&lt;/p&gt;</comment>
                    </comments>
                <issuelinks>
                            <issuelinktype id="12310010">
                    <name>Incorporates</name>
                                                                <inwardlinks description="is part of">
                                        <issuelink>
            <issuekey id="12895115">AMQ-5976</issuekey>
        </issuelink>
                            </inwardlinks>
                                    </issuelinktype>
                    </issuelinks>
                <attachments>
                    </attachments>
                <subtasks>
                    </subtasks>
                <customfields>
                                                <customfield id="customfield_12310310" key="com.atlassian.jira.toolkit:attachments">
                        <customfieldname>Attachment count</customfieldname>
                        <customfieldvalues>
                            <customfieldvalue>0.0</customfieldvalue>
                        </customfieldvalues>
                    </customfield>
                                                                                                                                                                                                                                                                                                                                                                                                                                                                                                                                                                                        <customfield id="customfield_12310220" key="com.atlassian.jira.ext.charting:firstresponsedate">
                        <customfieldname>Date of First Response</customfieldname>
                        <customfieldvalues>
                            <customfieldvalue>Wed, 25 Jul 2018 11:22:57 +0000</customfieldvalue>

                        </customfieldvalues>
                    </customfield>
                                                                                                                        <customfield id="customfield_12313422" key="com.atlassian.jirafisheyeplugin:jobcheckbox">
                        <customfieldname>Enable Automatic Patch Review</customfieldname>
                        <customfieldvalues>
                            <customfieldvalue><![CDATA[false]]></customfieldvalue>

                        </customfieldvalues>
                    </customfield>
                                                                                                                                                                                                                                                                                                                                                                                                                                                                                                    <customfield id="customfield_12310420" key="com.pyxis.greenhopper.jira:gh-global-rank">
                        <customfieldname>Global Rank</customfieldname>
                        <customfieldvalues>
                            <customfieldvalue>9223372036854775807</customfieldvalue>
                        </customfieldvalues>
                    </customfield>
                                                                                                                        <customfield id="customfield_12312521" key="com.atlassian.jira.toolkit:LastCommentDate">
                        <customfieldname>Last public comment date</customfieldname>
                        <customfieldvalues>
                            30 weeks, 3 days ago
                        </customfieldvalues>
                    </customfield>
                                                                                                                                                                                <customfield id="customfield_12311820" key="com.pyxis.greenhopper.jira:gh-lexo-rank">
                        <customfieldname>Rank</customfieldname>
                        <customfieldvalues>
                            <customfieldvalue>0|i3t4gn:</customfieldvalue>

                        </customfieldvalues>
                    </customfield>
                                                                <customfield id="customfield_12310920" key="com.pyxis.greenhopper.jira:gh-global-rank">
                        <customfieldname>Rank (Obsolete)</customfieldname>
                        <customfieldvalues>
                            <customfieldvalue>9223372036854775807</customfieldvalue>
                        </customfieldvalues>
                    </customfield>
                                                                                                                                                                                                                                                                                                                                                        <customfield id="customfield_12310222" key="com.atlassian.jira.ext.charting:timeinstatus">
                        <customfieldname>Time in Status</customfieldname>
                        <customfieldvalues>
                            
                        </customfieldvalues>
                    </customfield>
                                    </customfields>
    </item>


<item>
            <title>[AMQ-6949] SocketTimeoutException when using HTTP transport connector</title>
                <link>https://issues.apache.org/jira/browse/AMQ-6949</link>
                <project id="12311210" key="AMQ">ActiveMQ</project>
                    <description>&lt;p&gt;Java clients that connect to the ActiveMQ broker over the HTTP transport connector loose the conection after 30 seconds with the following exception:&lt;/p&gt;

&lt;p&gt;&#160;&lt;/p&gt;
&lt;div class=&quot;code panel&quot; style=&quot;border-width: 1px;&quot;&gt;&lt;div class=&quot;codeContent panelContent&quot;&gt;
&lt;pre class=&quot;code-java&quot;&gt;
WARN | Transport (http:&lt;span class=&quot;code-comment&quot;&gt;//localhost:8866) failed , attempting to automatically reconnect: {}
&lt;/span&gt;java.io.IOException: Failed to perform GET on: http:&lt;span class=&quot;code-comment&quot;&gt;//localhost:8866 Reason: Read timed out
&lt;/span&gt; at org.apache.activemq.util.IOExceptionSupport.create(IOExceptionSupport.java:34)
 at org.apache.activemq.transport.http.HttpClientTransport.run(HttpClientTransport.java:208)
 at java.lang.&lt;span class=&quot;code-object&quot;&gt;Thread&lt;/span&gt;.run(&lt;span class=&quot;code-object&quot;&gt;Thread&lt;/span&gt;.java:748)
Caused by: java.net.SocketTimeoutException: Read timed out
 at java.net.SocketInputStream.socketRead0(Native Method)
 at java.net.SocketInputStream.socketRead(SocketInputStream.java:116)
 at java.net.SocketInputStream.read(SocketInputStream.java:171)
 at java.net.SocketInputStream.read(SocketInputStream.java:141)
 at org.apache.http.impl.io.AbstractSessionInputBuffer.fillBuffer(AbstractSessionInputBuffer.java:158)
 at org.apache.http.impl.io.SocketInputBuffer.fillBuffer(SocketInputBuffer.java:82)
 at org.apache.http.impl.io.AbstractSessionInputBuffer.readLine(AbstractSessionInputBuffer.java:271)
 at org.apache.http.impl.conn.DefaultHttpResponseParser.parseHead(DefaultHttpResponseParser.java:138)
 at org.apache.http.impl.conn.DefaultHttpResponseParser.parseHead(DefaultHttpResponseParser.java:56)
 at org.apache.http.impl.io.AbstractMessageParser.parse(AbstractMessageParser.java:259)
 at org.apache.http.impl.AbstractHttpClientConnection.receiveResponseHeader(AbstractHttpClientConnection.java:281)
 at org.apache.http.impl.conn.DefaultClientConnection.receiveResponseHeader(DefaultClientConnection.java:257)
 at org.apache.http.impl.conn.ManagedClientConnectionImpl.receiveResponseHeader(ManagedClientConnectionImpl.java:207)
 at org.apache.http.protocol.HttpRequestExecutor.doReceiveResponse(HttpRequestExecutor.java:273)
 at org.apache.http.protocol.HttpRequestExecutor.execute(HttpRequestExecutor.java:125)
 at org.apache.http.impl.client.DefaultRequestDirector.tryExecute(DefaultRequestDirector.java:684)
 at org.apache.http.impl.client.DefaultRequestDirector.execute(DefaultRequestDirector.java:486)
 at org.apache.http.impl.client.AbstractHttpClient.doExecute(AbstractHttpClient.java:835)
 at org.apache.http.impl.client.CloseableHttpClient.execute(CloseableHttpClient.java:83)
 at org.apache.http.impl.client.CloseableHttpClient.execute(CloseableHttpClient.java:108)
 at org.apache.http.impl.client.CloseableHttpClient.execute(CloseableHttpClient.java:56)
 at org.apache.activemq.transport.http.HttpClientTransport.run(HttpClientTransport.java:180)
 ... 1 more
&#160;

&lt;/pre&gt;
&lt;/div&gt;&lt;/div&gt;
&lt;p&gt;&#160;&lt;/p&gt;

&lt;p&gt;This happens on the default 5.15.3 distribution on Windows and on Ubuntu with the following transport connector:&lt;/p&gt;

&lt;p&gt;&#160;&lt;/p&gt;
&lt;div class=&quot;code panel&quot; style=&quot;border-width: 1px;&quot;&gt;&lt;div class=&quot;codeContent panelContent&quot;&gt;
&lt;pre class=&quot;code-java&quot;&gt;
&amp;lt;transportConnector name=&lt;span class=&quot;code-quote&quot;&gt;&quot;http&quot;&lt;/span&gt; uri=&lt;span class=&quot;code-quote&quot;&gt;&quot;http:&lt;span class=&quot;code-comment&quot;&gt;//0.0.0.0:8866?maximumConnections=1000&amp;amp;amp;wireFormat.maxFrameSize=104857600&quot;&lt;/span&gt;/&amp;gt;&lt;/span&gt;&lt;/pre&gt;
&lt;/div&gt;&lt;/div&gt;
&lt;p&gt;&#160;&lt;/p&gt;

&lt;p&gt;There are no errors in the borker log that could explain the problem.&lt;/p&gt;

&lt;p&gt;&#160;&lt;/p&gt;

&lt;p&gt;This is the sample program that I used:&lt;/p&gt;

&lt;p&gt;&#160;&lt;/p&gt;
&lt;div class=&quot;code panel&quot; style=&quot;border-width: 1px;&quot;&gt;&lt;div class=&quot;codeContent panelContent&quot;&gt;
&lt;pre class=&quot;code-java&quot;&gt;
&lt;span class=&quot;code-keyword&quot;&gt;import&lt;/span&gt; javax.jms.Connection;
&lt;span class=&quot;code-keyword&quot;&gt;import&lt;/span&gt; javax.jms.JMSException;
&lt;span class=&quot;code-keyword&quot;&gt;import&lt;/span&gt; org.apache.activemq.ActiveMQConnectionFactory;
&lt;span class=&quot;code-keyword&quot;&gt;public&lt;/span&gt; &lt;span class=&quot;code-keyword&quot;&gt;class &lt;/span&gt;TestConnect {
 &lt;span class=&quot;code-keyword&quot;&gt;public&lt;/span&gt; &lt;span class=&quot;code-keyword&quot;&gt;static&lt;/span&gt; void main(&lt;span class=&quot;code-object&quot;&gt;String&lt;/span&gt;[] args) &lt;span class=&quot;code-keyword&quot;&gt;throws&lt;/span&gt; JMSException {
 &lt;span class=&quot;code-object&quot;&gt;System&lt;/span&gt;.out.println(&lt;span class=&quot;code-quote&quot;&gt;&quot;Connecting:&quot;&lt;/span&gt;);
 ActiveMQConnectionFactory connectionFactory = &lt;span class=&quot;code-keyword&quot;&gt;new&lt;/span&gt; ActiveMQConnectionFactory(&lt;span class=&quot;code-quote&quot;&gt;&quot;failover:(http:&lt;span class=&quot;code-comment&quot;&gt;//localhost:8866)?randomize=&lt;span class=&quot;code-keyword&quot;&gt;false&lt;/span&gt;&amp;amp;jms.prefetchPolicy.queuePrefetch=1&quot;&lt;/span&gt;);
&lt;/span&gt; Connection connection = connectionFactory.createConnection(&lt;span class=&quot;code-quote&quot;&gt;&quot;admin&quot;&lt;/span&gt;, &lt;span class=&quot;code-quote&quot;&gt;&quot;admin&quot;&lt;/span&gt;);
 connection.start();
 }
}&lt;/pre&gt;
&lt;/div&gt;&lt;/div&gt;
&lt;p&gt;&#160;&lt;/p&gt;

&lt;p&gt;NOTE:&lt;/p&gt;

&lt;p&gt;&#160;&lt;/p&gt;

&lt;p&gt;In the meantime I found the cause for the problem. A default socket timeout of 30 secods for the HTTP client was introduced with the following ticket: &lt;a href=&quot;https://issues.apache.org/jira/browse/AMQ-6397&quot; class=&quot;external-link&quot; rel=&quot;nofollow&quot;&gt;https://issues.apache.org/jira/browse/AMQ-6397&lt;/a&gt;&lt;/p&gt;

&lt;p&gt;This timeout somewhow seems to conflict with the keep alive requests that stays open for arround 30 seconds. I increased the default timeout to 90 seconds and this seems to resolve the problem (see attached version of HttpClientTransport.java).&lt;/p&gt;

&lt;p&gt;&#160;&lt;/p&gt;

&lt;p&gt;&#160;&lt;/p&gt;

&lt;p&gt;&#160;&lt;/p&gt;

&lt;p&gt;&#160;&lt;/p&gt;

&lt;p&gt;&#160;&lt;/p&gt;</description>
                <environment></environment>
        <key id="13153621">AMQ-6949</key>
            <summary>SocketTimeoutException when using HTTP transport connector</summary>
                <type id="1" iconUrl="https://issues.apache.org/jira/secure/viewavatar?size=xsmall&amp;avatarId=21133&amp;avatarType=issuetype">Bug</type>
                                            <priority id="3" iconUrl="https://issues.apache.org/jira/images/icons/priorities/major.svg">Major</priority>
                        <status id="1" iconUrl="https://issues.apache.org/jira/images/icons/statuses/open.png" description="The issue is open and ready for the assignee to start work on it.">Open</status>
                    <statusCategory id="2" key="new" colorName="blue-gray"/>
                                    <resolution id="-1">Unresolved</resolution>
                                        <assignee username="-1">Unassigned</assignee>
                                    <reporter username="samuel.ueltschi@bsi-software.com">Samuel Ueltschi</reporter>
                        <labels>
                    </labels>
                <created>Thu, 19 Apr 2018 08:28:32 +0000</created>
                <updated>Mon, 23 Apr 2018 06:45:47 +0000</updated>
                                            <version>5.15.3</version>
                                                    <component>Broker</component>
                        <due></due>
                            <votes>0</votes>
                                    <watches>2</watches>
                                                                <comments>
                            <comment id="16443739" author="samuel.ueltschi@bsi-software.com" created="Thu, 19 Apr 2018 08:36:19 +0000"  >&lt;p&gt;I added a sample maven project with my exact setup&lt;/p&gt;</comment>
                            <comment id="16443781" author="samuel.ueltschi@bsi-software.com" created="Thu, 19 Apr 2018 09:21:52 +0000"  >&lt;p&gt;I tested the problem on different versions:&lt;/p&gt;

&lt;p&gt;&#160;&lt;/p&gt;

&lt;p&gt;problem happens on:&lt;/p&gt;
&lt;ul&gt;
	&lt;li&gt;5.15.3&lt;/li&gt;
	&lt;li&gt;5.14.2&lt;/li&gt;
&lt;/ul&gt;


&lt;p&gt;no problem (so far) on:&lt;/p&gt;
&lt;ul&gt;
	&lt;li&gt;5.13.4&lt;/li&gt;
	&lt;li&gt;5.12.2&lt;/li&gt;
&lt;/ul&gt;
</comment>
                    </comments>
                    <attachments>
                            <attachment id="12920236" name="HttpClientTransport.java" size="15767" author="samuel.ueltschi@bsi-software.com" created="Mon, 23 Apr 2018 06:45:29 +0000"/>
                            <attachment id="12919770" name="TestConnect.java" size="542" author="samuel.ueltschi@bsi-software.com" created="Thu, 19 Apr 2018 08:27:02 +0000"/>
                            <attachment id="12919769" name="activemq.xml" size="6172" author="samuel.ueltschi@bsi-software.com" created="Thu, 19 Apr 2018 08:27:14 +0000"/>
                            <attachment id="12919771" name="amqtest.zip" size="2727" author="samuel.ueltschi@bsi-software.com" created="Thu, 19 Apr 2018 08:36:02 +0000"/>
                    </attachments>
                <subtasks>
                    </subtasks>
                <customfields>
                                                <customfield id="customfield_12310310" key="com.atlassian.jira.toolkit:attachments">
                        <customfieldname>Attachment count</customfieldname>
                        <customfieldvalues>
                            <customfieldvalue>4.0</customfieldvalue>
                        </customfieldvalues>
                    </customfield>
                                                                                                                                                                                                                                                                                                                                                                                                                                                                                                                                                                                                                                                                            <customfield id="customfield_12313422" key="com.atlassian.jirafisheyeplugin:jobcheckbox">
                        <customfieldname>Enable Automatic Patch Review</customfieldname>
                        <customfieldvalues>
                            <customfieldvalue><![CDATA[false]]></customfieldvalue>

                        </customfieldvalues>
                    </customfield>
                                                                                                                                                                                                                                                                                                                                                                                                                                                                                                    <customfield id="customfield_12310420" key="com.pyxis.greenhopper.jira:gh-global-rank">
                        <customfieldname>Global Rank</customfieldname>
                        <customfieldvalues>
                            <customfieldvalue>9223372036854775807</customfieldvalue>
                        </customfieldvalues>
                    </customfield>
                                                                                                                        <customfield id="customfield_12312521" key="com.atlassian.jira.toolkit:LastCommentDate">
                        <customfieldname>Last public comment date</customfieldname>
                        <customfieldvalues>
                            50 weeks, 1 day ago
                        </customfieldvalues>
                    </customfield>
                                                                                                                                                                                <customfield id="customfield_12311820" key="com.pyxis.greenhopper.jira:gh-lexo-rank">
                        <customfieldname>Rank</customfieldname>
                        <customfieldvalues>
                            <customfieldvalue>0|i3sr47:</customfieldvalue>

                        </customfieldvalues>
                    </customfield>
                                                                <customfield id="customfield_12310920" key="com.pyxis.greenhopper.jira:gh-global-rank">
                        <customfieldname>Rank (Obsolete)</customfieldname>
                        <customfieldvalues>
                            <customfieldvalue>9223372036854775807</customfieldvalue>
                        </customfieldvalues>
                    </customfield>
                                                                                                                                                                                                                                                                                                                                                        </customfields>
    </item>


<item>
            <title>[AMQ-6947] Queue pending message count can go negative on duplicates</title>
                <link>https://issues.apache.org/jira/browse/AMQ-6947</link>
                <project id="12311210" key="AMQ">ActiveMQ</project>
                    <description>&lt;p&gt;I have a found an edge case where the destination statistics counter on a Queue can go negative if there are duplicate messages (which should be rare).&#160;&#160;The issue is the statistic is decremented but should not be because the message was already dropped since there was a duplicate.&#160; Also, another statistic is improperly incremented which is the dequeue counter.&lt;/p&gt;</description>
                <environment></environment>
        <key id="13152986">AMQ-6947</key>
            <summary>Queue pending message count can go negative on duplicates</summary>
                <type id="1" iconUrl="https://issues.apache.org/jira/secure/viewavatar?size=xsmall&amp;avatarId=21133&amp;avatarType=issuetype">Bug</type>
                                            <priority id="4" iconUrl="https://issues.apache.org/jira/images/icons/priorities/minor.svg">Minor</priority>
                        <status id="4" iconUrl="https://issues.apache.org/jira/images/icons/statuses/reopened.png" description="This issue was once resolved, but the resolution was deemed incorrect. From here issues are either marked assigned or resolved.">Reopened</status>
                    <statusCategory id="2" key="new" colorName="blue-gray"/>
                                    <resolution id="-1">Unresolved</resolution>
                                        <assignee username="-1">Unassigned</assignee>
                                    <reporter username="cshannon">Christopher L. Shannon</reporter>
                        <labels>
                    </labels>
                <created>Tue, 17 Apr 2018 12:23:11 +0000</created>
                <updated>Wed, 18 Apr 2018 16:36:53 +0000</updated>
                                            <version>5.15.3</version>
                                                    <component>Broker</component>
                        <due></due>
                            <votes>0</votes>
                                    <watches>3</watches>
                                                                <comments>
                            <comment id="16440804" author="jira-bot" created="Tue, 17 Apr 2018 12:25:37 +0000"  >&lt;p&gt;Commit 021c82859cf4361eb31b21fdbac17655ae9e368d in activemq&apos;s branch refs/heads/master from &lt;a href=&quot;https://issues.apache.org/jira/secure/ViewProfile.jspa?name=cshannon&quot; class=&quot;user-hover&quot; rel=&quot;cshannon&quot;&gt;Christopher L. Shannon&lt;/a&gt;&lt;br/&gt;
[ &lt;a href=&quot;https://git-wip-us.apache.org/repos/asf?p=activemq.git;h=021c828&quot; class=&quot;external-link&quot; rel=&quot;nofollow&quot;&gt;https://git-wip-us.apache.org/repos/asf?p=activemq.git;h=021c828&lt;/a&gt; ]&lt;/p&gt;

&lt;p&gt;&lt;a href=&quot;https://issues.apache.org/jira/browse/AMQ-6947&quot; title=&quot;Queue pending message count can go negative on duplicates&quot; class=&quot;issue-link&quot; data-issue-key=&quot;AMQ-6947&quot;&gt;AMQ-6947&lt;/a&gt; - Make sure counters are updated correct on message drop&lt;/p&gt;

&lt;p&gt;Only update metrics counters when message is removed from the&lt;br/&gt;
pagedInMessages list which is important to check in case of duplicates&lt;/p&gt;</comment>
                            <comment id="16440805" author="jira-bot" created="Tue, 17 Apr 2018 12:26:38 +0000"  >&lt;p&gt;Commit 1fe096cb2a3ec03dbf5a7aab05c0960f8c739339 in activemq&apos;s branch refs/heads/activemq-5.15.x from &lt;a href=&quot;https://issues.apache.org/jira/secure/ViewProfile.jspa?name=cshannon&quot; class=&quot;user-hover&quot; rel=&quot;cshannon&quot;&gt;Christopher L. Shannon&lt;/a&gt;&lt;br/&gt;
[ &lt;a href=&quot;https://git-wip-us.apache.org/repos/asf?p=activemq.git;h=1fe096c&quot; class=&quot;external-link&quot; rel=&quot;nofollow&quot;&gt;https://git-wip-us.apache.org/repos/asf?p=activemq.git;h=1fe096c&lt;/a&gt; ]&lt;/p&gt;

&lt;p&gt;&lt;a href=&quot;https://issues.apache.org/jira/browse/AMQ-6947&quot; title=&quot;Queue pending message count can go negative on duplicates&quot; class=&quot;issue-link&quot; data-issue-key=&quot;AMQ-6947&quot;&gt;AMQ-6947&lt;/a&gt; - Make sure counters are updated correct on message drop&lt;/p&gt;

&lt;p&gt;Only update metrics counters when message is removed from the&lt;br/&gt;
pagedInMessages list which is important to check in case of duplicates&lt;/p&gt;

&lt;p&gt;(cherry picked from commit 021c82859cf4361eb31b21fdbac17655ae9e368d)&lt;/p&gt;</comment>
                            <comment id="16440807" author="christopher.l.shannon" created="Tue, 17 Apr 2018 12:28:55 +0000"  >&lt;p&gt;This is fixed, I did not add a specific test for this as it&apos;s difficult to reliable get duplicates to happen (This&#160;issue only came up rarely, sometimes during queue purges and sometimes not just on normal duplicate detection) but the existing tests should confirm no regressions.&lt;/p&gt;</comment>
                            <comment id="16442462" author="jira-bot" created="Wed, 18 Apr 2018 13:06:08 +0000"  >&lt;p&gt;Commit 6e468b4540754cad5cd30de373cadc026c998669 in activemq&apos;s branch refs/heads/master from &lt;a href=&quot;https://issues.apache.org/jira/secure/ViewProfile.jspa?name=cshannon&quot; class=&quot;user-hover&quot; rel=&quot;cshannon&quot;&gt;Christopher L. Shannon&lt;/a&gt;&lt;br/&gt;
[ &lt;a href=&quot;https://git-wip-us.apache.org/repos/asf?p=activemq.git;h=6e468b4&quot; class=&quot;external-link&quot; rel=&quot;nofollow&quot;&gt;https://git-wip-us.apache.org/repos/asf?p=activemq.git;h=6e468b4&lt;/a&gt; ]&lt;/p&gt;

&lt;p&gt;&lt;a href=&quot;https://issues.apache.org/jira/browse/AMQ-6947&quot; title=&quot;Queue pending message count can go negative on duplicates&quot; class=&quot;issue-link&quot; data-issue-key=&quot;AMQ-6947&quot;&gt;AMQ-6947&lt;/a&gt; - Update Queue metrics on expiration&lt;/p&gt;

&lt;p&gt;The updated dropMessage method only decrements the destination metrics&lt;br/&gt;
if a message is removed from the pagedInMessages list to prevent&lt;br/&gt;
duplicate updates.  There is also a case where we still need to update&lt;br/&gt;
metrics if the message never makes it into the pagedInMessages list in&lt;br/&gt;
the first place and that is on expiration so this patch fixes that. A&lt;br/&gt;
couple existing tests found this issue.&lt;/p&gt;</comment>
                            <comment id="16442463" author="jira-bot" created="Wed, 18 Apr 2018 13:06:38 +0000"  >&lt;p&gt;Commit bca0af4133a6e226783f8e953f1abe7d4e165743 in activemq&apos;s branch refs/heads/activemq-5.15.x from &lt;a href=&quot;https://issues.apache.org/jira/secure/ViewProfile.jspa?name=cshannon&quot; class=&quot;user-hover&quot; rel=&quot;cshannon&quot;&gt;Christopher L. Shannon&lt;/a&gt;&lt;br/&gt;
[ &lt;a href=&quot;https://git-wip-us.apache.org/repos/asf?p=activemq.git;h=bca0af4&quot; class=&quot;external-link&quot; rel=&quot;nofollow&quot;&gt;https://git-wip-us.apache.org/repos/asf?p=activemq.git;h=bca0af4&lt;/a&gt; ]&lt;/p&gt;

&lt;p&gt;&lt;a href=&quot;https://issues.apache.org/jira/browse/AMQ-6947&quot; title=&quot;Queue pending message count can go negative on duplicates&quot; class=&quot;issue-link&quot; data-issue-key=&quot;AMQ-6947&quot;&gt;AMQ-6947&lt;/a&gt; - Update Queue metrics on expiration&lt;/p&gt;

&lt;p&gt;The updated dropMessage method only decrements the destination metrics&lt;br/&gt;
if a message is removed from the pagedInMessages list to prevent&lt;br/&gt;
duplicate updates.  There is also a case where we still need to update&lt;br/&gt;
metrics if the message never makes it into the pagedInMessages list in&lt;br/&gt;
the first place and that is on expiration so this patch fixes that. A&lt;br/&gt;
couple existing tests found this issue.&lt;/p&gt;

&lt;p&gt;(cherry picked from commit 6e468b4540754cad5cd30de373cadc026c998669)&lt;/p&gt;</comment>
                            <comment id="16442805" author="jira-bot" created="Wed, 18 Apr 2018 16:34:50 +0000"  >&lt;p&gt;Commit 7123534e1b1c82f5358f5a12f7498c0562696c92 in activemq&apos;s branch refs/heads/master from &lt;a href=&quot;https://issues.apache.org/jira/secure/ViewProfile.jspa?name=cshannon&quot; class=&quot;user-hover&quot; rel=&quot;cshannon&quot;&gt;Christopher L. Shannon&lt;/a&gt;&lt;br/&gt;
[ &lt;a href=&quot;https://git-wip-us.apache.org/repos/asf?p=activemq.git;h=7123534&quot; class=&quot;external-link&quot; rel=&quot;nofollow&quot;&gt;https://git-wip-us.apache.org/repos/asf?p=activemq.git;h=7123534&lt;/a&gt; ]&lt;/p&gt;

&lt;p&gt;Revert &quot;&lt;a href=&quot;https://issues.apache.org/jira/browse/AMQ-6947&quot; title=&quot;Queue pending message count can go negative on duplicates&quot; class=&quot;issue-link&quot; data-issue-key=&quot;AMQ-6947&quot;&gt;AMQ-6947&lt;/a&gt; - Update Queue metrics on expiration&quot;&lt;/p&gt;

&lt;p&gt;This reverts commit 6e468b4540754cad5cd30de373cadc026c998669.&lt;/p&gt;</comment>
                            <comment id="16442806" author="jira-bot" created="Wed, 18 Apr 2018 16:34:51 +0000"  >&lt;p&gt;Commit 1d2226e6cfc110c0b8456f9c5775ce1a6cdf0ac5 in activemq&apos;s branch refs/heads/master from &lt;a href=&quot;https://issues.apache.org/jira/secure/ViewProfile.jspa?name=cshannon&quot; class=&quot;user-hover&quot; rel=&quot;cshannon&quot;&gt;Christopher L. Shannon&lt;/a&gt;&lt;br/&gt;
[ &lt;a href=&quot;https://git-wip-us.apache.org/repos/asf?p=activemq.git;h=1d2226e&quot; class=&quot;external-link&quot; rel=&quot;nofollow&quot;&gt;https://git-wip-us.apache.org/repos/asf?p=activemq.git;h=1d2226e&lt;/a&gt; ]&lt;/p&gt;

&lt;p&gt;Revert &quot;&lt;a href=&quot;https://issues.apache.org/jira/browse/AMQ-6947&quot; title=&quot;Queue pending message count can go negative on duplicates&quot; class=&quot;issue-link&quot; data-issue-key=&quot;AMQ-6947&quot;&gt;AMQ-6947&lt;/a&gt; - Make sure counters are updated correct on message drop&quot;&lt;/p&gt;

&lt;p&gt;This reverts commit 021c82859cf4361eb31b21fdbac17655ae9e368d.&lt;/p&gt;</comment>
                            <comment id="16442809" author="jira-bot" created="Wed, 18 Apr 2018 16:35:25 +0000"  >&lt;p&gt;Commit 86fbf957e9ee4a005da838cd7306292ab975e745 in activemq&apos;s branch refs/heads/activemq-5.15.x from &lt;a href=&quot;https://issues.apache.org/jira/secure/ViewProfile.jspa?name=cshannon&quot; class=&quot;user-hover&quot; rel=&quot;cshannon&quot;&gt;Christopher L. Shannon&lt;/a&gt;&lt;br/&gt;
[ &lt;a href=&quot;https://git-wip-us.apache.org/repos/asf?p=activemq.git;h=86fbf95&quot; class=&quot;external-link&quot; rel=&quot;nofollow&quot;&gt;https://git-wip-us.apache.org/repos/asf?p=activemq.git;h=86fbf95&lt;/a&gt; ]&lt;/p&gt;

&lt;p&gt;Revert &quot;&lt;a href=&quot;https://issues.apache.org/jira/browse/AMQ-6947&quot; title=&quot;Queue pending message count can go negative on duplicates&quot; class=&quot;issue-link&quot; data-issue-key=&quot;AMQ-6947&quot;&gt;AMQ-6947&lt;/a&gt; - Update Queue metrics on expiration&quot;&lt;/p&gt;

&lt;p&gt;This reverts commit bca0af4133a6e226783f8e953f1abe7d4e165743.&lt;/p&gt;</comment>
                            <comment id="16442810" author="jira-bot" created="Wed, 18 Apr 2018 16:35:26 +0000"  >&lt;p&gt;Commit 79fae8c00ba60c46b913c6b39370b20c6d15e6ac in activemq&apos;s branch refs/heads/activemq-5.15.x from &lt;a href=&quot;https://issues.apache.org/jira/secure/ViewProfile.jspa?name=cshannon&quot; class=&quot;user-hover&quot; rel=&quot;cshannon&quot;&gt;Christopher L. Shannon&lt;/a&gt;&lt;br/&gt;
[ &lt;a href=&quot;https://git-wip-us.apache.org/repos/asf?p=activemq.git;h=79fae8c&quot; class=&quot;external-link&quot; rel=&quot;nofollow&quot;&gt;https://git-wip-us.apache.org/repos/asf?p=activemq.git;h=79fae8c&lt;/a&gt; ]&lt;/p&gt;

&lt;p&gt;Revert &quot;&lt;a href=&quot;https://issues.apache.org/jira/browse/AMQ-6947&quot; title=&quot;Queue pending message count can go negative on duplicates&quot; class=&quot;issue-link&quot; data-issue-key=&quot;AMQ-6947&quot;&gt;AMQ-6947&lt;/a&gt; - Make sure counters are updated correct on message drop&quot;&lt;/p&gt;

&lt;p&gt;This reverts commit 1fe096cb2a3ec03dbf5a7aab05c0960f8c739339.&lt;/p&gt;</comment>
                            <comment id="16442816" author="christopher.l.shannon" created="Wed, 18 Apr 2018 16:36:34 +0000"  >&lt;p&gt;I reverted my commits because the issue still seems to exist especially when purging a queue during heavy contention.&#160; I think when I tested before and saw it was fixed I just got lucky as further tests have it still broken sometimes (obviously points to some sort of race condition)&lt;/p&gt;

&lt;p&gt;This will need to be looked at in more detail to find the underlying cause for the negative counts&lt;/p&gt;</comment>
                    </comments>
                    <attachments>
                    </attachments>
                <subtasks>
                    </subtasks>
                <customfields>
                                                <customfield id="customfield_12310310" key="com.atlassian.jira.toolkit:attachments">
                        <customfieldname>Attachment count</customfieldname>
                        <customfieldvalues>
                            <customfieldvalue>0.0</customfieldvalue>
                        </customfieldvalues>
                    </customfield>
                                                                                                                                                                                                                                                                                                                                                                                                                                                                                                                                                                                        <customfield id="customfield_12310220" key="com.atlassian.jira.ext.charting:firstresponsedate">
                        <customfieldname>Date of First Response</customfieldname>
                        <customfieldvalues>
                            <customfieldvalue>Tue, 17 Apr 2018 12:25:37 +0000</customfieldvalue>

                        </customfieldvalues>
                    </customfield>
                                                                                                                        <customfield id="customfield_12313422" key="com.atlassian.jirafisheyeplugin:jobcheckbox">
                        <customfieldname>Enable Automatic Patch Review</customfieldname>
                        <customfieldvalues>
                            <customfieldvalue><![CDATA[false]]></customfieldvalue>

                        </customfieldvalues>
                    </customfield>
                                                                                                                                                                                                                                                                                                                                                                                                                                                                                                    <customfield id="customfield_12310420" key="com.pyxis.greenhopper.jira:gh-global-rank">
                        <customfieldname>Global Rank</customfieldname>
                        <customfieldvalues>
                            <customfieldvalue>9223372036854775807</customfieldvalue>
                        </customfieldvalues>
                    </customfield>
                                                                                                                        <customfield id="customfield_12312521" key="com.atlassian.jira.toolkit:LastCommentDate">
                        <customfieldname>Last public comment date</customfieldname>
                        <customfieldvalues>
                            50 weeks, 2 days ago
                        </customfieldvalues>
                    </customfield>
                                                                                                                                                                                <customfield id="customfield_12311820" key="com.pyxis.greenhopper.jira:gh-lexo-rank">
                        <customfieldname>Rank</customfieldname>
                        <customfieldvalues>
                            <customfieldvalue>0|i3sn7b:</customfieldvalue>

                        </customfieldvalues>
                    </customfield>
                                                                <customfield id="customfield_12310920" key="com.pyxis.greenhopper.jira:gh-global-rank">
                        <customfieldname>Rank (Obsolete)</customfieldname>
                        <customfieldvalues>
                            <customfieldvalue>9223372036854775807</customfieldvalue>
                        </customfieldvalues>
                    </customfield>
                                                                                                                                                                                                                                                                                                                                                        </customfields>
    </item>


<item>
            <title>[AMQ-6946] PeerBrokers contains raw URI from transportConnector</title>
                <link>https://issues.apache.org/jira/browse/AMQ-6946</link>
                <project id="12311210" key="AMQ">ActiveMQ</project>
                    <description>&lt;p&gt;When two transportConnectors are configured and one has updateClusterClients or rebalanceClusterClients enabled, a client connecting to the transportConnector will not work reliable.&lt;/p&gt;

&lt;p&gt;In org.apache.activemq.broker.BrokerService.getDefaultSocketURIString(), it loops over all transportConnectors and deteremines the defaultSocketURI. This is used, when no peer has joined the cluster.&lt;/p&gt;

&lt;p&gt;Depending on the order of the transportConnectors, this results in a peer with 0.0.0.0 being declared. This is due to the second connector not being started at the point where defaultSocketURI is needed.&lt;/p&gt;

&lt;p&gt;Working:&lt;/p&gt;
&lt;div class=&quot;code panel&quot; style=&quot;border-width: 1px;&quot;&gt;&lt;div class=&quot;codeContent panelContent&quot;&gt;
&lt;pre class=&quot;code-java&quot;&gt;
&#160;&#160;&#160;&#160;&#160;&#160;&#160;&#160;&#160;&#160;&#160; &amp;lt;transportConnector name=&lt;span class=&quot;code-quote&quot;&gt;&quot;openwire_ssl&quot;&lt;/span&gt; uri=&lt;span class=&quot;code-quote&quot;&gt;&quot;ssl:&lt;span class=&quot;code-comment&quot;&gt;//0.0.0.0:61616?maximumConnections=1000&amp;amp;amp;wireFormat.maxFrameSize=2147483648&quot;&lt;/span&gt;updateClusterClients=&lt;span class=&quot;code-quote&quot;&gt;&quot;&lt;span class=&quot;code-keyword&quot;&gt;true&lt;/span&gt;&quot;&lt;/span&gt; rebalanceClusterClients=&lt;span class=&quot;code-quote&quot;&gt;&quot;&lt;span class=&quot;code-keyword&quot;&gt;true&lt;/span&gt;&quot;&lt;/span&gt; updateClusterClientsOnRemove=&lt;span class=&quot;code-quote&quot;&gt;&quot;&lt;span class=&quot;code-keyword&quot;&gt;true&lt;/span&gt;&quot;&lt;/span&gt; /&amp;gt;
&lt;/span&gt;&#160;&#160;&#160;&#160;&#160;&#160;&#160;&#160;&#160;&#160;&#160; &amp;lt;transportConnector name=&lt;span class=&quot;code-quote&quot;&gt;&quot;openwire&quot;&lt;/span&gt; uri=&lt;span class=&quot;code-quote&quot;&gt;&quot;tcp:&lt;span class=&quot;code-comment&quot;&gt;//0.0.0.0:61617?maximumConnections=1000&amp;amp;amp;wireFormat.maxFrameSize=104857600&quot;&lt;/span&gt; /&amp;gt;&lt;/span&gt;
&lt;/pre&gt;
&lt;/div&gt;&lt;/div&gt;

&lt;p&gt;NOT working:&lt;/p&gt;
&lt;div class=&quot;code panel&quot; style=&quot;border-width: 1px;&quot;&gt;&lt;div class=&quot;codeContent panelContent&quot;&gt;
&lt;pre class=&quot;code-java&quot;&gt;
            &amp;lt;transportConnector name=&lt;span class=&quot;code-quote&quot;&gt;&quot;openwire&quot;&lt;/span&gt; uri=&lt;span class=&quot;code-quote&quot;&gt;&quot;tcp:&lt;span class=&quot;code-comment&quot;&gt;//0.0.0.0:61617?maximumConnections=1000&amp;amp;amp;wireFormat.maxFrameSize=104857600&quot;&lt;/span&gt; /&amp;gt;
&lt;/span&gt;            &amp;lt;transportConnector name=&lt;span class=&quot;code-quote&quot;&gt;&quot;openwire_ssl&quot;&lt;/span&gt; uri=&lt;span class=&quot;code-quote&quot;&gt;&quot;ssl:&lt;span class=&quot;code-comment&quot;&gt;//0.0.0.0:61616?maximumConnections=1000&amp;amp;amp;wireFormat.maxFrameSize=2147483648&quot;&lt;/span&gt;updateClusterClients=&lt;span class=&quot;code-quote&quot;&gt;&quot;&lt;span class=&quot;code-keyword&quot;&gt;true&lt;/span&gt;&quot;&lt;/span&gt; rebalanceClusterClients=&lt;span class=&quot;code-quote&quot;&gt;&quot;&lt;span class=&quot;code-keyword&quot;&gt;true&lt;/span&gt;&quot;&lt;/span&gt; updateClusterClientsOnRemove=&lt;span class=&quot;code-quote&quot;&gt;&quot;&lt;span class=&quot;code-keyword&quot;&gt;true&lt;/span&gt;&quot;&lt;/span&gt; /&amp;gt;&lt;/span&gt;
&lt;/pre&gt;
&lt;/div&gt;&lt;/div&gt;</description>
                <environment></environment>
        <key id="13151347">AMQ-6946</key>
            <summary>PeerBrokers contains raw URI from transportConnector</summary>
                <type id="1" iconUrl="https://issues.apache.org/jira/secure/viewavatar?size=xsmall&amp;avatarId=21133&amp;avatarType=issuetype">Bug</type>
                                            <priority id="3" iconUrl="https://issues.apache.org/jira/images/icons/priorities/major.svg">Major</priority>
                        <status id="1" iconUrl="https://issues.apache.org/jira/images/icons/statuses/open.png" description="The issue is open and ready for the assignee to start work on it.">Open</status>
                    <statusCategory id="2" key="new" colorName="blue-gray"/>
                                    <resolution id="-1">Unresolved</resolution>
                                        <assignee username="-1">Unassigned</assignee>
                                    <reporter username="mtheiss">Martin Theiss</reporter>
                        <labels>
                    </labels>
                <created>Tue, 10 Apr 2018 11:14:14 +0000</created>
                <updated>Tue, 10 Apr 2018 11:14:14 +0000</updated>
                                            <version>5.15.3</version>
                                                    <component>Broker</component>
                    <component>Connector</component>
                        <due></due>
                            <votes>0</votes>
                                    <watches>1</watches>
                                                                        <attachments>
                    </attachments>
                <subtasks>
                    </subtasks>
                <customfields>
                                                <customfield id="customfield_12310310" key="com.atlassian.jira.toolkit:attachments">
                        <customfieldname>Attachment count</customfieldname>
                        <customfieldvalues>
                            <customfieldvalue>0.0</customfieldvalue>
                        </customfieldvalues>
                    </customfield>
                                                                                                                                                                                                                                                                                                                                                                                                                                                                                                                                                                                                                                                                            <customfield id="customfield_12313422" key="com.atlassian.jirafisheyeplugin:jobcheckbox">
                        <customfieldname>Enable Automatic Patch Review</customfieldname>
                        <customfieldvalues>
                            <customfieldvalue><![CDATA[false]]></customfieldvalue>

                        </customfieldvalues>
                    </customfield>
                                                                                                                                                                                                                                                                                                                                                                                                                                                                                                    <customfield id="customfield_12310420" key="com.pyxis.greenhopper.jira:gh-global-rank">
                        <customfieldname>Global Rank</customfieldname>
                        <customfieldvalues>
                            <customfieldvalue>9223372036854775807</customfieldvalue>
                        </customfieldvalues>
                    </customfield>
                                                                                                                        <customfield id="customfield_12312521" key="com.atlassian.jira.toolkit:LastCommentDate">
                        <customfieldname>Last public comment date</customfieldname>
                        <customfieldvalues>
                            51 weeks, 3 days ago
                        </customfieldvalues>
                    </customfield>
                                                                                                                                                                                <customfield id="customfield_12311820" key="com.pyxis.greenhopper.jira:gh-lexo-rank">
                        <customfieldname>Rank</customfieldname>
                        <customfieldvalues>
                            <customfieldvalue>0|i3sd5b:</customfieldvalue>

                        </customfieldvalues>
                    </customfield>
                                                                <customfield id="customfield_12310920" key="com.pyxis.greenhopper.jira:gh-global-rank">
                        <customfieldname>Rank (Obsolete)</customfieldname>
                        <customfieldvalues>
                            <customfieldvalue>9223372036854775807</customfieldvalue>
                        </customfieldvalues>
                    </customfield>
                                                                                                                                                                                                                                                                                                                                                        </customfields>
    </item>


<item>
            <title>[AMQ-6945] Using amq 5.15.3 and camel bridging for dataservices 4.2 </title>
                <link>https://issues.apache.org/jira/browse/AMQ-6945</link>
                <project id="12311210" key="AMQ">ActiveMQ</project>
                    <description>&lt;p&gt;Hi, We have installed activemq and camel bridging for Dataservices 4.2, setup real-time jobs within dataservices, when we send 10 of the same messages the 1st 5 are processing and then the rest fail. We get the following error&#160;com.acta.adapter.sdk.RecoverableOperationAdapterException: JMS GET operation error: Timed out. Unable to receive response from the invoked Data Services service. Adapter operation will continue.&lt;/p&gt;

&lt;p&gt;I have also raised this with SAP. Is there a keepalive setting we can use to prevent this connection to timeout.&lt;/p&gt;

&lt;p&gt;&#160;&lt;/p&gt;

&lt;p&gt;Thanks.&#160;&lt;/p&gt;</description>
                <environment></environment>
        <key id="13151056">AMQ-6945</key>
            <summary>Using amq 5.15.3 and camel bridging for dataservices 4.2 </summary>
                <type id="1" iconUrl="https://issues.apache.org/jira/secure/viewavatar?size=xsmall&amp;avatarId=21133&amp;avatarType=issuetype">Bug</type>
                                            <priority id="2" iconUrl="https://issues.apache.org/jira/images/icons/priorities/critical.svg">Critical</priority>
                        <status id="6" iconUrl="https://issues.apache.org/jira/images/icons/statuses/closed.png" description="The issue is considered finished, the resolution is correct. Issues which are not closed can be reopened.">Closed</status>
                    <statusCategory id="3" key="done" colorName="green"/>
                                    <resolution id="6">Invalid</resolution>
                                        <assignee username="-1">Unassigned</assignee>
                                    <reporter username="kpar">Ketan Parekh</reporter>
                        <labels>
                    </labels>
                <created>Mon, 9 Apr 2018 14:14:09 +0000</created>
                <updated>Mon, 9 Apr 2018 14:17:21 +0000</updated>
                            <resolved>Mon, 9 Apr 2018 14:17:21 +0000</resolved>
                                                                        <due></due>
                            <votes>0</votes>
                                    <watches>1</watches>
                                                                <comments>
                            <comment id="16430584" author="tabish121" created="Mon, 9 Apr 2018 14:17:21 +0000"  >&lt;p&gt;Please ask support questions on the ActiveMQ users mailing list.&#160;&lt;/p&gt;</comment>
                    </comments>
                    <attachments>
                    </attachments>
                <subtasks>
                    </subtasks>
                <customfields>
                                                <customfield id="customfield_12310310" key="com.atlassian.jira.toolkit:attachments">
                        <customfieldname>Attachment count</customfieldname>
                        <customfieldvalues>
                            <customfieldvalue>0.0</customfieldvalue>
                        </customfieldvalues>
                    </customfield>
                                                                                                                                                                                                                                                                                                                                                                                                                                                                                                                                                                                        <customfield id="customfield_12310220" key="com.atlassian.jira.ext.charting:firstresponsedate">
                        <customfieldname>Date of First Response</customfieldname>
                        <customfieldvalues>
                            <customfieldvalue>Mon, 9 Apr 2018 14:17:21 +0000</customfieldvalue>

                        </customfieldvalues>
                    </customfield>
                                                                                                                        <customfield id="customfield_12313422" key="com.atlassian.jirafisheyeplugin:jobcheckbox">
                        <customfieldname>Enable Automatic Patch Review</customfieldname>
                        <customfieldvalues>
                            <customfieldvalue><![CDATA[false]]></customfieldvalue>

                        </customfieldvalues>
                    </customfield>
                                                                                                                                                                                                                                                                                                                                                                                                                                                                                                    <customfield id="customfield_12310420" key="com.pyxis.greenhopper.jira:gh-global-rank">
                        <customfieldname>Global Rank</customfieldname>
                        <customfieldvalues>
                            <customfieldvalue>9223372036854775807</customfieldvalue>
                        </customfieldvalues>
                    </customfield>
                                                                                                                        <customfield id="customfield_12312521" key="com.atlassian.jira.toolkit:LastCommentDate">
                        <customfieldname>Last public comment date</customfieldname>
                        <customfieldvalues>
                            51 weeks, 4 days ago
                        </customfieldvalues>
                    </customfield>
                                                                                                                                                                                <customfield id="customfield_12311820" key="com.pyxis.greenhopper.jira:gh-lexo-rank">
                        <customfieldname>Rank</customfieldname>
                        <customfieldvalues>
                            <customfieldvalue>0|i3sbcv:</customfieldvalue>

                        </customfieldvalues>
                    </customfield>
                                                                <customfield id="customfield_12310920" key="com.pyxis.greenhopper.jira:gh-global-rank">
                        <customfieldname>Rank (Obsolete)</customfieldname>
                        <customfieldvalues>
                            <customfieldvalue>9223372036854775807</customfieldvalue>
                        </customfieldvalues>
                    </customfield>
                                                                                                                                                                                                                                                                                                                                                        <customfield id="customfield_12310222" key="com.atlassian.jira.ext.charting:timeinstatus">
                        <customfieldname>Time in Status</customfieldname>
                        <customfieldvalues>
                            
                        </customfieldvalues>
                    </customfield>
                                    </customfields>
    </item>


<item>
            <title>[AMQ-6943] ActiveMQ.Advisory.Producer.Queue listener receives RemoveInfo instead of ProducerInfo</title>
                <link>https://issues.apache.org/jira/browse/AMQ-6943</link>
                <project id="12311210" key="AMQ">ActiveMQ</project>
                    <description>&lt;p&gt;According to the page &lt;a href=&quot;http://activemq.apache.org/advisory-message.html&quot; class=&quot;external-link&quot; rel=&quot;nofollow&quot;&gt;http://activemq.apache.org/advisory-message.html&lt;/a&gt; when listening to&#160;the advisory ActiveMQ.Advisory.Producer.Queue a ProducerInfo should be sent when a producer starts/stops. The ProducerInfo&#160;message is sent with the expected value in the &quot;producerCount&quot; attribute when the producer is created,&#160;however on calling producer.close() I receive in my listener a RemoveInfo&#160;message.&lt;/p&gt;

&lt;p&gt;My intention is to detect when a queue has 0 producers so I can terminate the consumer so the Queue can be deleted by the gcInactiveDestinations support however&#160;the&#160;RemoveInfo&#160;has no getDestination() member to provide information on what queue the closed producer was attached to.&lt;/p&gt;</description>
                <environment>&lt;p&gt;Windows and Red Hat.&lt;/p&gt;</environment>
        <key id="13150290">AMQ-6943</key>
            <summary>ActiveMQ.Advisory.Producer.Queue listener receives RemoveInfo instead of ProducerInfo</summary>
                <type id="1" iconUrl="https://issues.apache.org/jira/secure/viewavatar?size=xsmall&amp;avatarId=21133&amp;avatarType=issuetype">Bug</type>
                                            <priority id="3" iconUrl="https://issues.apache.org/jira/images/icons/priorities/major.svg">Major</priority>
                        <status id="6" iconUrl="https://issues.apache.org/jira/images/icons/statuses/closed.png" description="The issue is considered finished, the resolution is correct. Issues which are not closed can be reopened.">Closed</status>
                    <statusCategory id="3" key="done" colorName="green"/>
                                    <resolution id="8">Not A Problem</resolution>
                                        <assignee username="-1">Unassigned</assignee>
                                    <reporter username="reids">Reid Sommerville</reporter>
                        <labels>
                    </labels>
                <created>Thu, 5 Apr 2018 13:16:23 +0000</created>
                <updated>Thu, 5 Apr 2018 13:30:38 +0000</updated>
                            <resolved>Thu, 5 Apr 2018 13:30:38 +0000</resolved>
                                    <version>5.15.3</version>
                                                        <due></due>
                            <votes>0</votes>
                                    <watches>2</watches>
                                                                <comments>
                            <comment id="16426921" author="christopher.l.shannon" created="Thu, 5 Apr 2018 13:30:28 +0000"  >&lt;p&gt;This is correct behavior and not an issue (the documentation probably just needs updating).&#160; The remove info will contain the producer Id so you can use that to figure out when a producer was removed.&#160;&lt;/p&gt;

&lt;p&gt;If you want to know when a destination has no more producers you&#160;could&#160;figure this out by listening for the producer creation advisories and&#160;then tracking all the producers on a destination somehow (map or some other data structure, etc). Then when the RemoveInfo is&#160;received you can get the&#160;producer Id and remove that producer from your tracking.&lt;/p&gt;</comment>
                    </comments>
                    <attachments>
                    </attachments>
                <subtasks>
                    </subtasks>
                <customfields>
                                                <customfield id="customfield_12310310" key="com.atlassian.jira.toolkit:attachments">
                        <customfieldname>Attachment count</customfieldname>
                        <customfieldvalues>
                            <customfieldvalue>0.0</customfieldvalue>
                        </customfieldvalues>
                    </customfield>
                                                                                                                                                                                                                                                                                                                                                                                                                                                                                                                                                                                        <customfield id="customfield_12310220" key="com.atlassian.jira.ext.charting:firstresponsedate">
                        <customfieldname>Date of First Response</customfieldname>
                        <customfieldvalues>
                            <customfieldvalue>Thu, 5 Apr 2018 13:30:28 +0000</customfieldvalue>

                        </customfieldvalues>
                    </customfield>
                                                                                                                        <customfield id="customfield_12313422" key="com.atlassian.jirafisheyeplugin:jobcheckbox">
                        <customfieldname>Enable Automatic Patch Review</customfieldname>
                        <customfieldvalues>
                            <customfieldvalue><![CDATA[false]]></customfieldvalue>

                        </customfieldvalues>
                    </customfield>
                                                                                                                                                                                                                                                                                                                                                                                                                                                                                                    <customfield id="customfield_12310420" key="com.pyxis.greenhopper.jira:gh-global-rank">
                        <customfieldname>Global Rank</customfieldname>
                        <customfieldvalues>
                            <customfieldvalue>9223372036854775807</customfieldvalue>
                        </customfieldvalues>
                    </customfield>
                                                                                                                        <customfield id="customfield_12312521" key="com.atlassian.jira.toolkit:LastCommentDate">
                        <customfieldname>Last public comment date</customfieldname>
                        <customfieldvalues>
                            1 year, 1 day ago
                        </customfieldvalues>
                    </customfield>
                                                                                                                                                                                <customfield id="customfield_12311820" key="com.pyxis.greenhopper.jira:gh-lexo-rank">
                        <customfieldname>Rank</customfieldname>
                        <customfieldvalues>
                            <customfieldvalue>0|i3s6nj:</customfieldvalue>

                        </customfieldvalues>
                    </customfield>
                                                                <customfield id="customfield_12310920" key="com.pyxis.greenhopper.jira:gh-global-rank">
                        <customfieldname>Rank (Obsolete)</customfieldname>
                        <customfieldvalues>
                            <customfieldvalue>9223372036854775807</customfieldvalue>
                        </customfieldvalues>
                    </customfield>
                                                                                                                                                                                                                                                                                                                                                        <customfield id="customfield_12310222" key="com.atlassian.jira.ext.charting:timeinstatus">
                        <customfieldname>Time in Status</customfieldname>
                        <customfieldvalues>
                            
                        </customfieldvalues>
                    </customfield>
                                    </customfields>
    </item>
</channel>
</rss>