<!--
RSS generated by JIRA (6.3.4#6332-sha1:51bc225ef474afe3128b2f66878477f322397b16) at Tue Mar 31 19:00:24 UTC 2015

It is possible to restrict the fields that are returned in this document by specifying the 'field' parameter in your request.
For example, to request only the issue key and summary add field=key&field=summary to the URL of your request.
For example:
https://issues.apache.org/jira/sr/jira.issueviews:searchrequest-xml/temp/SearchRequest.xml?jqlQuery=project+%3D+AMQ+AND+issuetype+%3D+Bug+AND+created+%3E%3D+2005-12-1+AND+created+%3C%3D+2006-1-1+ORDER+BY+key+ASC&amp;tempMax=200&amp;field=key&amp;field=summary
-->
<!-- If you wish to do custom client-side styling of RSS, uncomment this:
<?xml-stylesheet href="https://issues.apache.org/jira/styles/jiraxml2html.xsl" type="text/xsl"?>
-->
<rss version="0.92">
    <channel>
        <title>ASF JIRA</title>
        <link>https://issues.apache.org/jira/secure/IssueNavigator.jspa?reset=true&amp;jqlQuery=project+%3D+AMQ+AND+issuetype+%3D+Bug+AND+created+%3E%3D+2005-12-1+AND+created+%3C%3D+2006-1-1+ORDER+BY+key+ASC</link>
        <description>An XML representation of a search request</description>
                <language>en-uk</language>
                        <issue start="0" end="12" total="12"/>
                <build-info>
            <version>6.3.4</version>
            <build-number>6332</build-number>
            <build-date>15-08-2014</build-date>
        </build-info>
<item>
            <title>[AMQ-436] STOMP C client send message,JMS Client cann&apos;t received. Also JMS Client Send Message that cann&apos;t be reiceived by stomp client.</title>
                <link>https://issues.apache.org/jira/browse/AMQ-436</link>
                <project id="12311210" key="AMQ">ActiveMQ</project>
                    <description>&lt;p&gt;STOMP C client send message,JMS Client cann&apos;t received. Also JMS Client Send Message that cann&apos;t be reiceived by stomp client.&lt;/p&gt;

&lt;p&gt;I used physicalName to communicate.&lt;/p&gt;</description>
                <environment>&lt;p&gt;Winxp&lt;/p&gt;</environment>
        <key id="12481393">AMQ-436</key>
            <summary>STOMP C client send message,JMS Client cann&apos;t received. Also JMS Client Send Message that cann&apos;t be reiceived by stomp client.</summary>
                <type id="1" iconUrl="https://issues.apache.org/jira/images/icons/issuetypes/bug.png">Bug</type>
                                            <priority id="3" iconUrl="https://issues.apache.org/jira/images/icons/priorities/major.png">Major</priority>
                        <status id="5" iconUrl="https://issues.apache.org/jira/images/icons/statuses/resolved.png" description="A resolution has been taken, and it is awaiting verification by reporter. From here issues are either reopened, or are closed.">Resolved</status>
                    <statusCategory id="3" key="done" colorName="green"/>
                                    <resolution id="2">Won&apos;t Fix</resolution>
                                        <assignee username="-1">Unassigned</assignee>
                                    <reporter username="taoyonggang">tao</reporter>
                        <labels>
                    </labels>
                <created>Tue, 6 Dec 2005 02:59:30 +0000</created>
                <updated>Tue, 13 Jun 2006 04:36:06 +0100</updated>
                            <resolved>Tue, 13 Jun 2006 04:36:06 +0100</resolved>
                                    <version>3.2.1</version>
                                    <fixVersion>3.2.4</fixVersion>
                                    <component>JMS client</component>
                        <due></due>
                            <votes>0</votes>
                                    <watches>0</watches>
                                                                <comments>
                            <comment id="12937353" author="feldrax" created="Fri, 9 Dec 2005 21:38:02 +0000"  >&lt;p&gt;The same thing happens with the C# STOMP client.  Messages posted in STOMP can be consumed by STOMP, but not JMS.  Likewise, messages posted in JMS can be consumed by JMS, but not stomp.  I have 2 connectors declared on one broker in Windows XP. &lt;/p&gt;</comment>
                            <comment id="12937241" author="feldrax" created="Mon, 12 Dec 2005 21:57:20 +0000"  >&lt;p&gt;Not sure if this fixes the STOMP C client as well, but I did manage to get this working.  The trick is to set up your JMS queues as &quot;myCompany/myQueue&quot; rather then &quot;/myCompany/myQueue&quot;.  Then, you can send STOMP messages to activeMQ using &quot;/queue/myCompany/myQueue&quot; as the destination.  (the initial &quot;/queue/&quot; gets eaten by STOMP)  Same should work in reverse.&lt;/p&gt;</comment>
                            <comment id="12937719" author="chirino" created="Tue, 13 Jun 2006 04:36:06 +0100"  >&lt;p&gt;Looks like the issue was resolved.&lt;/p&gt;</comment>
                    </comments>
                    <attachments>
                    </attachments>
                <subtasks>
                    </subtasks>
                <customfields>
                                                <customfield id="customfield_12310310" key="com.atlassian.jira.toolkit:attachments">
                        <customfieldname>Attachment count</customfieldname>
                        <customfieldvalues>
                            <customfieldvalue>0.0</customfieldvalue>
                        </customfieldvalues>
                    </customfield>
                                                                                                                        <customfield id="customfield_12310220" key="com.atlassian.jira.ext.charting:firstresponsedate">
                        <customfieldname>Date of First Response</customfieldname>
                        <customfieldvalues>
                            <customfieldvalue>Fri, 9 Dec 2005 21:38:02 +0000</customfieldvalue>

                        </customfieldvalues>
                    </customfield>
                                                                                                                                                                                                            <customfield id="customfield_12310420" key="com.pyxis.greenhopper.jira:gh-global-rank">
                        <customfieldname>Global Rank</customfieldname>
                        <customfieldvalues>
                            <customfieldvalue>84276</customfieldvalue>
                        </customfieldvalues>
                    </customfield>
                                                                                            <customfield id="customfield_12311820" key="com.pyxis.greenhopper.jira:gh-lexo-rank">
                        <customfieldname>Rank</customfieldname>
                        <customfieldvalues>
                            <customfieldvalue>2|hz1tgf:</customfieldvalue>

                        </customfieldvalues>
                    </customfield>
                                                                <customfield id="customfield_12310920" key="com.pyxis.greenhopper.jira:gh-global-rank">
                        <customfieldname>Rank (Obsolete)</customfieldname>
                        <customfieldvalues>
                            <customfieldvalue>254616</customfieldvalue>
                        </customfieldvalues>
                    </customfield>
                                                                                                                                                    <customfield id="customfield_12310222" key="com.atlassian.jira.ext.charting:timeinstatus">
                        <customfieldname>Time in Status</customfieldname>
                        <customfieldvalues>
                            
                        </customfieldvalues>
                    </customfield>
                                    </customfields>
    </item>

<item>
            <title>[AMQ-439] Consider using hash buckets for the message group map maintained by the broker</title>
                <link>https://issues.apache.org/jira/browse/AMQ-439</link>
                <project id="12311210" key="AMQ">ActiveMQ</project>
                    <description></description>
                <environment></environment>
        <key id="12481338">AMQ-439</key>
            <summary>Consider using hash buckets for the message group map maintained by the broker</summary>
                <type id="1" iconUrl="https://issues.apache.org/jira/images/icons/issuetypes/bug.png">Bug</type>
                                            <priority id="4" iconUrl="https://issues.apache.org/jira/images/icons/priorities/minor.png">Minor</priority>
                        <status id="5" iconUrl="https://issues.apache.org/jira/images/icons/statuses/resolved.png" description="A resolution has been taken, and it is awaiting verification by reporter. From here issues are either reopened, or are closed.">Resolved</status>
                    <statusCategory id="3" key="done" colorName="green"/>
                                    <resolution id="1">Fixed</resolution>
                                        <assignee username="jstrachan">james strachan</assignee>
                                    <reporter username="chirino">Hiram Chirino</reporter>
                        <labels>
                    </labels>
                <created>Fri, 9 Dec 2005 22:23:57 +0000</created>
                <updated>Thu, 16 Feb 2006 11:30:43 +0000</updated>
                            <resolved>Thu, 5 Jan 2006 16:30:02 +0000</resolved>
                                                    <fixVersion>4.0 M4</fixVersion>
                                    <component>Broker</component>
                        <due></due>
                            <votes>0</votes>
                                    <watches>0</watches>
                                                                <comments>
                            <comment id="12937083" author="jstrachan" created="Wed, 21 Dec 2005 18:52:41 +0000"  >&lt;p&gt;The current implementation uses a Map containing every indiviudal JMSXGroupID value. There is a risk that they may not be evicted from the Map and this could lead to a memory leak.&lt;/p&gt;

&lt;p&gt;So rather than storing every individual object lets just associate hash bucket ranges to consumers. e.g. just say that 0-1000 goes to consumer 1 and 1001-2000 to consumer 2 etc.&lt;/p&gt;</comment>
                            <comment id="12937322" author="jstrachan" created="Thu, 5 Jan 2006 16:30:02 +0000"  >&lt;p&gt;we now use a MessageGroupHashBucket to implement hash-bucket style association of message group ID to consumer&lt;/p&gt;</comment>
                    </comments>
                    <attachments>
                    </attachments>
                <subtasks>
                    </subtasks>
                <customfields>
                                                <customfield id="customfield_12310310" key="com.atlassian.jira.toolkit:attachments">
                        <customfieldname>Attachment count</customfieldname>
                        <customfieldvalues>
                            <customfieldvalue>0.0</customfieldvalue>
                        </customfieldvalues>
                    </customfield>
                                                                                                                        <customfield id="customfield_12310220" key="com.atlassian.jira.ext.charting:firstresponsedate">
                        <customfieldname>Date of First Response</customfieldname>
                        <customfieldvalues>
                            <customfieldvalue>Wed, 21 Dec 2005 18:52:41 +0000</customfieldvalue>

                        </customfieldvalues>
                    </customfield>
                                                                                                                                                                                                            <customfield id="customfield_12310420" key="com.pyxis.greenhopper.jira:gh-global-rank">
                        <customfieldname>Global Rank</customfieldname>
                        <customfieldvalues>
                            <customfieldvalue>49117</customfieldvalue>
                        </customfieldvalues>
                    </customfield>
                                                                                            <customfield id="customfield_12311820" key="com.pyxis.greenhopper.jira:gh-lexo-rank">
                        <customfieldname>Rank</customfieldname>
                        <customfieldvalues>
                            <customfieldvalue>2|hz1tfz:</customfieldvalue>

                        </customfieldvalues>
                    </customfield>
                                                                <customfield id="customfield_12310920" key="com.pyxis.greenhopper.jira:gh-global-rank">
                        <customfieldname>Rank (Obsolete)</customfieldname>
                        <customfieldvalues>
                            <customfieldvalue>254614</customfieldvalue>
                        </customfieldvalues>
                    </customfield>
                                                                                                                                                    <customfield id="customfield_12310222" key="com.atlassian.jira.ext.charting:timeinstatus">
                        <customfieldname>Time in Status</customfieldname>
                        <customfieldvalues>
                            
                        </customfieldvalues>
                    </customfield>
                                    </customfields>
    </item>

<item>
            <title>[AMQ-441] issue with 1M messages on a queue, 1 consumer things work, 2nd consumer things stop until another consumer starts</title>
                <link>https://issues.apache.org/jira/browse/AMQ-441</link>
                <project id="12311210" key="AMQ">ActiveMQ</project>
                    <description>&lt;p&gt;Details in tim&apos;s second post...&lt;/p&gt;

&lt;p&gt;&lt;a href=&quot;http://forums.logicblaze.com/posts/list/68.page&quot; class=&quot;external-link&quot; rel=&quot;nofollow&quot;&gt;http://forums.logicblaze.com/posts/list/68.page&lt;/a&gt;&lt;/p&gt;

&lt;p&gt;The first scenario was just a pre-fetch issue. The scenario with 1M messages on the queue sounds bizarre.&lt;/p&gt;</description>
                <environment></environment>
        <key id="12481518">AMQ-441</key>
            <summary>issue with 1M messages on a queue, 1 consumer things work, 2nd consumer things stop until another consumer starts</summary>
                <type id="1" iconUrl="https://issues.apache.org/jira/images/icons/issuetypes/bug.png">Bug</type>
                                            <priority id="3" iconUrl="https://issues.apache.org/jira/images/icons/priorities/major.png">Major</priority>
                        <status id="5" iconUrl="https://issues.apache.org/jira/images/icons/statuses/resolved.png" description="A resolution has been taken, and it is awaiting verification by reporter. From here issues are either reopened, or are closed.">Resolved</status>
                    <statusCategory id="3" key="done" colorName="green"/>
                                    <resolution id="1">Fixed</resolution>
                                        <assignee username="aco">Adrian Co</assignee>
                                    <reporter username="jstrachan">james strachan</reporter>
                        <labels>
                    </labels>
                <created>Tue, 13 Dec 2005 08:31:34 +0000</created>
                <updated>Thu, 16 Feb 2006 11:30:42 +0000</updated>
                            <resolved>Fri, 23 Dec 2005 09:58:09 +0000</resolved>
                                    <version>3.2.1</version>
                                    <fixVersion>4.0 M4</fixVersion>
                                        <due></due>
                            <votes>0</votes>
                                    <watches>0</watches>
                                                                <comments>
                            <comment id="12937240" author="jstrachan" created="Tue, 13 Dec 2005 10:30:54 +0000"  >&lt;p&gt;Ah - it appears Tim&apos;s issue is on 3.x - so this could well already be fixed on 4.x&lt;/p&gt;</comment>
                            <comment id="12937472" author="jlim" created="Thu, 22 Dec 2005 03:37:46 +0000"  >&lt;p&gt;I did a test using the latest snapshot from svn.  What I did is set the prefetchPolicy to 1&lt;/p&gt;


&lt;p&gt;        ActiveMQConnectionFactory connectionFactory = new ActiveMQConnectionFactory(user, pwd, url);&lt;br/&gt;
        ActiveMQPrefetchPolicy prefetchPolicy =  connectionFactory.getPrefetchPolicy();&lt;br/&gt;
        prefetchPolicy.setQueuePrefetch(1);&lt;br/&gt;
        connectionFactory.setPrefetchPolicy(prefetchPolicy);&lt;/p&gt;


&lt;p&gt;I have  1000 messages on the queue. Started 1 consumer and it started consuming the messages. Started another consumer and immedietely it started consuming messages.&lt;/p&gt;


&lt;p&gt;After 80-100 messages, the 2nd consumer stops receiving messages. but when I kill the first consumer,  consumer 2 is still not receiving any messages (i think this is a bug here)&lt;/p&gt;

&lt;p&gt;I tried running the first consumer again and it started consuming messages but consumer two did not start receiving any.&lt;/p&gt;

&lt;p&gt;I&apos;ll investigate this further&lt;/p&gt;</comment>
                            <comment id="12937345" author="aco" created="Fri, 23 Dec 2005 09:58:09 +0000"  >&lt;p&gt;Fixed a similar to memory leak scenario in the prefetch subscription.&lt;/p&gt;</comment>
                    </comments>
                    <attachments>
                    </attachments>
                <subtasks>
                    </subtasks>
                <customfields>
                                                <customfield id="customfield_12310310" key="com.atlassian.jira.toolkit:attachments">
                        <customfieldname>Attachment count</customfieldname>
                        <customfieldvalues>
                            <customfieldvalue>0.0</customfieldvalue>
                        </customfieldvalues>
                    </customfield>
                                                                                                                        <customfield id="customfield_12310220" key="com.atlassian.jira.ext.charting:firstresponsedate">
                        <customfieldname>Date of First Response</customfieldname>
                        <customfieldvalues>
                            <customfieldvalue>Thu, 22 Dec 2005 03:37:46 +0000</customfieldvalue>

                        </customfieldvalues>
                    </customfield>
                                                                                                                                                                                                            <customfield id="customfield_12310420" key="com.pyxis.greenhopper.jira:gh-global-rank">
                        <customfieldname>Global Rank</customfieldname>
                        <customfieldvalues>
                            <customfieldvalue>49119</customfieldvalue>
                        </customfieldvalues>
                    </customfield>
                                                                                            <customfield id="customfield_12311820" key="com.pyxis.greenhopper.jira:gh-lexo-rank">
                        <customfieldname>Rank</customfieldname>
                        <customfieldvalues>
                            <customfieldvalue>2|hz1tfj:</customfieldvalue>

                        </customfieldvalues>
                    </customfield>
                                                                <customfield id="customfield_12310920" key="com.pyxis.greenhopper.jira:gh-global-rank">
                        <customfieldname>Rank (Obsolete)</customfieldname>
                        <customfieldvalues>
                            <customfieldvalue>254612</customfieldvalue>
                        </customfieldvalues>
                    </customfield>
                                                                                                                                                    <customfield id="customfield_12310222" key="com.atlassian.jira.ext.charting:timeinstatus">
                        <customfieldname>Time in Status</customfieldname>
                        <customfieldvalues>
                            
                        </customfieldvalues>
                    </customfield>
                                    </customfields>
    </item>

<item>
            <title>[AMQ-443] ReliableTransport / KeepAlive algorithm does not work properly.</title>
                <link>https://issues.apache.org/jira/browse/AMQ-443</link>
                <project id="12311210" key="AMQ">ActiveMQ</project>
                    <description>&lt;p&gt;The current implementation of KeepAliveDaemon.java will sometimes force disconnections on well behaved connections.  The problem may arrise if there is a connection which goes away, and the KeepAlive send to that channel blocks while attempting to reconnect.  If this reconnection takes a while, then other channels that were responding fine may get their connections broken.  This happens due to the following code in KeepAliveDaemon.java:&lt;/p&gt;

&lt;p&gt;		if ((channel.getLastReceiptTimestamp() + channel.getKeepAliveTimeout() * 2) &amp;lt; System.currentTimeMillis()) &lt;/p&gt;
{
or
		}
&lt;p&gt; else if ((channel.getLastReceiptTimestamp() + channel.getKeepAliveTimeout()) &amp;lt; System.currentTimeMillis()) {&lt;/p&gt;

&lt;p&gt;The fact that the receipt timestamp is checked against System.currentTimeMillis() causes the code to break otherwise good connections.  If a KeepAlive send (in examineChannel) for a broken channel takes longer than some good channel&apos;s KeepAliveTimeout, then the good connection gets broken.&lt;/p&gt;

&lt;p&gt;This can, in turn, cause some pretty bad behavior in the Broker.  While testing and diagnosing this problem, I could some brokers in a network of brokers stuck.  The sequence of events during recovery, which get interrupted due to closing the connections, would sometimes lead to the broker hanging waiting for a receipt, such as during an addConsumer (which eventually calls syncSendWithReceipt).&lt;/p&gt;

&lt;p&gt;I have redone the logic in KeepAliveDaemon.java (which required a small change to ReliableTransportChannel as well).  This now seems to work.&lt;/p&gt;

&lt;p&gt;I&apos;m a bit concerned about the blocking calls, though.  This may be a different issue / bug.  I thought it looked like there was a mechanism to cancel outstanding receipt waiters - but, every once in a while that mechanism would not get called.  This results in the broker basically getting stuck, and does not ever really recover.&lt;/p&gt;</description>
                <environment>&lt;p&gt;Solaris 8 / 10.  JDK 1.5&lt;/p&gt;</environment>
        <key id="12481422">AMQ-443</key>
            <summary>ReliableTransport / KeepAlive algorithm does not work properly.</summary>
                <type id="1" iconUrl="https://issues.apache.org/jira/images/icons/issuetypes/bug.png">Bug</type>
                                            <priority id="3" iconUrl="https://issues.apache.org/jira/images/icons/priorities/major.png">Major</priority>
                        <status id="5" iconUrl="https://issues.apache.org/jira/images/icons/statuses/resolved.png" description="A resolution has been taken, and it is awaiting verification by reporter. From here issues are either reopened, or are closed.">Resolved</status>
                    <statusCategory id="3" key="done" colorName="green"/>
                                    <resolution id="1">Fixed</resolution>
                                        <assignee username="-1">Unassigned</assignee>
                                    <reporter username="yaussy">Kevin Yaussy</reporter>
                        <labels>
                    </labels>
                <created>Thu, 15 Dec 2005 21:02:43 +0000</created>
                <updated>Thu, 15 Jun 2006 20:42:11 +0100</updated>
                            <resolved>Thu, 15 Jun 2006 11:47:21 +0100</resolved>
                                    <version>3.2</version>
                    <version>3.2.1</version>
                                    <fixVersion>4.0</fixVersion>
                                    <component>Broker</component>
                    <component>Transport</component>
                        <due></due>
                            <votes>0</votes>
                                    <watches>0</watches>
                                                                <comments>
                            <comment id="12938200" author="chirino" created="Thu, 15 Jun 2006 11:47:20 +0100"  >&lt;p&gt;4.0 Has implemented a more robust keepalive solution.  KeepAlive packets are only sent when the transport has been idle.  Also, while the transport is performing a blocking opperation it is not considered idle.&lt;/p&gt;</comment>
                            <comment id="12937969" author="yaussy" created="Thu, 15 Jun 2006 20:42:11 +0100"  >&lt;p&gt;Yes - and so far the 4.0 approach is working very well in this respect.&lt;/p&gt;</comment>
                    </comments>
                    <attachments>
                            <attachment id="12460715" name="ASF.LICENSE.NOT.GRANTED--KeepAliveDaemon.java" size="9207" author="yaussy" created="Thu, 15 Dec 2005 21:02:43 +0000"/>
                            <attachment id="12460613" name="ASF.LICENSE.NOT.GRANTED--ReliableTransportChannel.java" size="9655" author="yaussy" created="Thu, 15 Dec 2005 21:02:43 +0000"/>
                    </attachments>
                <subtasks>
                    </subtasks>
                <customfields>
                                                <customfield id="customfield_12310310" key="com.atlassian.jira.toolkit:attachments">
                        <customfieldname>Attachment count</customfieldname>
                        <customfieldvalues>
                            <customfieldvalue>2.0</customfieldvalue>
                        </customfieldvalues>
                    </customfield>
                                                                                                                        <customfield id="customfield_12310220" key="com.atlassian.jira.ext.charting:firstresponsedate">
                        <customfieldname>Date of First Response</customfieldname>
                        <customfieldvalues>
                            <customfieldvalue>Thu, 15 Jun 2006 10:47:20 +0000</customfieldvalue>

                        </customfieldvalues>
                    </customfield>
                                                                                                                                                                                                            <customfield id="customfield_12310420" key="com.pyxis.greenhopper.jira:gh-global-rank">
                        <customfieldname>Global Rank</customfieldname>
                        <customfieldvalues>
                            <customfieldvalue>49121</customfieldvalue>
                        </customfieldvalues>
                    </customfield>
                                                                                            <customfield id="customfield_12311820" key="com.pyxis.greenhopper.jira:gh-lexo-rank">
                        <customfieldname>Rank</customfieldname>
                        <customfieldvalues>
                            <customfieldvalue>2|hz1tfb:</customfieldvalue>

                        </customfieldvalues>
                    </customfield>
                                                                <customfield id="customfield_12310920" key="com.pyxis.greenhopper.jira:gh-global-rank">
                        <customfieldname>Rank (Obsolete)</customfieldname>
                        <customfieldvalues>
                            <customfieldvalue>254611</customfieldvalue>
                        </customfieldvalues>
                    </customfield>
                                                                                                                                                    <customfield id="customfield_12310222" key="com.atlassian.jira.ext.charting:timeinstatus">
                        <customfieldname>Time in Status</customfieldname>
                        <customfieldvalues>
                            
                        </customfieldvalues>
                    </customfield>
                                    </customfields>
    </item>

<item>
            <title>[AMQ-444] Messages are sometimes sent twice</title>
                <link>https://issues.apache.org/jira/browse/AMQ-444</link>
                <project id="12311210" key="AMQ">ActiveMQ</project>
                    <description>&lt;p&gt;When using the STOMP c-client messages are sometimes delivered twice. See attached communication dump. See below for the comm flow;&lt;/p&gt;

&lt;p&gt;--&amp;gt; CONNECT&lt;br/&gt;
&amp;lt;-- CONNECTED&lt;br/&gt;
--&amp;gt; SUBSCRIBE /queue/FOO.BAR&lt;br/&gt;
--&amp;gt; SEND /queue/FOO.BAR, msg-123, Hello World!&lt;br/&gt;
&amp;lt;-- MESSAGE Hello World!&lt;br/&gt;
&amp;lt;-- RECEIPT msg-123&lt;br/&gt;
&amp;lt;-- MESSAGE Hello World!&lt;/p&gt;</description>
                <environment>&lt;p&gt;WinXP &amp;amp; RHEL4&lt;/p&gt;</environment>
        <key id="12481578">AMQ-444</key>
            <summary>Messages are sometimes sent twice</summary>
                <type id="1" iconUrl="https://issues.apache.org/jira/images/icons/issuetypes/bug.png">Bug</type>
                                            <priority id="2" iconUrl="https://issues.apache.org/jira/images/icons/priorities/critical.png">Critical</priority>
                        <status id="5" iconUrl="https://issues.apache.org/jira/images/icons/statuses/resolved.png" description="A resolution has been taken, and it is awaiting verification by reporter. From here issues are either reopened, or are closed.">Resolved</status>
                    <statusCategory id="3" key="done" colorName="green"/>
                                    <resolution id="1">Fixed</resolution>
                                        <assignee username="-1">Unassigned</assignee>
                                    <reporter username="mafoo">Mats F</reporter>
                        <labels>
                    </labels>
                <created>Fri, 16 Dec 2005 10:26:04 +0000</created>
                <updated>Sat, 18 Mar 2006 07:04:15 +0000</updated>
                            <resolved>Sat, 18 Mar 2006 07:04:15 +0000</resolved>
                                    <version>3.2</version>
                                    <fixVersion>4.0 RC2</fixVersion>
                                    <component>Transport</component>
                        <due></due>
                            <votes>0</votes>
                                    <watches>0</watches>
                                                                <comments>
                            <comment id="12937545" author="jlim" created="Wed, 1 Mar 2006 15:06:43 +0000"  >
&lt;p&gt;could you attach the c client  code you&apos;re using  so  we can test it out ourselves?  &lt;/p&gt;

&lt;p&gt;tried reproducing the issue  using a java client  but can&apos;t seem to reproduce it&lt;/p&gt;</comment>
                            <comment id="12937765" author="jstrachan" created="Sat, 18 Mar 2006 07:04:15 +0000"  >&lt;p&gt;From all of our testing this appears to be resolved now in 4.0-M5. Let us know if you have any other issues&lt;/p&gt;</comment>
                    </comments>
                    <attachments>
                            <attachment id="12460638" name="ASF.LICENSE.NOT.GRANTED--log.txt" size="2383" author="mafoo" created="Fri, 16 Dec 2005 10:26:04 +0000"/>
                    </attachments>
                <subtasks>
                    </subtasks>
                <customfields>
                                                <customfield id="customfield_12310310" key="com.atlassian.jira.toolkit:attachments">
                        <customfieldname>Attachment count</customfieldname>
                        <customfieldvalues>
                            <customfieldvalue>1.0</customfieldvalue>
                        </customfieldvalues>
                    </customfield>
                                                                                                                        <customfield id="customfield_12310220" key="com.atlassian.jira.ext.charting:firstresponsedate">
                        <customfieldname>Date of First Response</customfieldname>
                        <customfieldvalues>
                            <customfieldvalue>Wed, 1 Mar 2006 15:06:43 +0000</customfieldvalue>

                        </customfieldvalues>
                    </customfield>
                                                                                                                                                                                                            <customfield id="customfield_12310420" key="com.pyxis.greenhopper.jira:gh-global-rank">
                        <customfieldname>Global Rank</customfieldname>
                        <customfieldvalues>
                            <customfieldvalue>49122</customfieldvalue>
                        </customfieldvalues>
                    </customfield>
                                                                                            <customfield id="customfield_12311820" key="com.pyxis.greenhopper.jira:gh-lexo-rank">
                        <customfieldname>Rank</customfieldname>
                        <customfieldvalues>
                            <customfieldvalue>2|hyluyn:</customfieldvalue>

                        </customfieldvalues>
                    </customfield>
                                                                <customfield id="customfield_12310920" key="com.pyxis.greenhopper.jira:gh-global-rank">
                        <customfieldname>Rank (Obsolete)</customfieldname>
                        <customfieldvalues>
                            <customfieldvalue>161538</customfieldvalue>
                        </customfieldvalues>
                    </customfield>
                                                                                                                                                    <customfield id="customfield_12310222" key="com.atlassian.jira.ext.charting:timeinstatus">
                        <customfieldname>Time in Status</customfieldname>
                        <customfieldvalues>
                            
                        </customfieldvalues>
                    </customfield>
                                    </customfields>
    </item>

<item>
            <title>[AMQ-445] Erroneous extra linefeed in STOMP</title>
                <link>https://issues.apache.org/jira/browse/AMQ-445</link>
                <project id="12311210" key="AMQ">ActiveMQ</project>
                    <description>&lt;p&gt;Erroneous extra linefeeds (0x0A) are sent by the server after the terminating zero character in a server frame, see attached communication log.&lt;/p&gt;</description>
                <environment>&lt;p&gt;WinXP &amp;amp; RHEL4&lt;/p&gt;</environment>
        <key id="12483453">AMQ-445</key>
            <summary>Erroneous extra linefeed in STOMP</summary>
                <type id="1" iconUrl="https://issues.apache.org/jira/images/icons/issuetypes/bug.png">Bug</type>
                                            <priority id="3" iconUrl="https://issues.apache.org/jira/images/icons/priorities/major.png">Major</priority>
                        <status id="6" iconUrl="https://issues.apache.org/jira/images/icons/statuses/closed.png" description="The issue is considered finished, the resolution is correct. Issues which are closed can be reopened.">Closed</status>
                    <statusCategory id="3" key="done" colorName="green"/>
                                    <resolution id="8">Not a Problem</resolution>
                                        <assignee username="-1">Unassigned</assignee>
                                    <reporter username="mafoo">Mats F</reporter>
                        <labels>
                    </labels>
                <created>Fri, 16 Dec 2005 10:30:19 +0000</created>
                <updated>Wed, 2 Mar 2011 19:18:59 +0000</updated>
                            <resolved>Wed, 2 Mar 2011 19:18:59 +0000</resolved>
                                    <version>3.2</version>
                                    <fixVersion>AGING_TO_DIE</fixVersion>
                                    <component>Transport</component>
                        <due></due>
                            <votes>1</votes>
                                    <watches>1</watches>
                                                                <comments>
                            <comment id="12937908" author="chirino" created="Thu, 15 Jun 2006 11:44:38 +0100"  >&lt;p&gt;The STOMP protocol actually states that all white space after the frame terminator but before the next command should be ignored.&lt;/p&gt;</comment>
                            <comment id="12938124" author="otterley" created="Fri, 20 Aug 2010 07:09:07 +0100"  >&lt;p&gt;No it doesn&apos;t.  &lt;/p&gt;

&lt;p&gt;If you disagree, please attach any relevant language from the STOMP 1.0 protocol at &lt;a href=&quot;http://stomp.codehaus.org/Protocol&quot; class=&quot;external-link&quot; rel=&quot;nofollow&quot;&gt;http://stomp.codehaus.org/Protocol&lt;/a&gt; that backs up this claim.&lt;/p&gt;</comment>
                            <comment id="13001560" author="tabish121" created="Wed, 2 Mar 2011 19:18:59 +0000"  >&lt;p&gt;See the BNF in the Stomp 1.0 spec.&lt;/p&gt;

&lt;p&gt;&lt;a href=&quot;http://stomp.github.com/stomp-specification-1.0.html&quot; class=&quot;external-link&quot; rel=&quot;nofollow&quot;&gt;http://stomp.github.com/stomp-specification-1.0.html&lt;/a&gt;&lt;/p&gt;</comment>
                    </comments>
                    <attachments>
                            <attachment id="12460584" name="ASF.LICENSE.NOT.GRANTED--log.txt" size="2383" author="mafoo" created="Fri, 16 Dec 2005 10:30:19 +0000"/>
                    </attachments>
                <subtasks>
                    </subtasks>
                <customfields>
                                                <customfield id="customfield_12310310" key="com.atlassian.jira.toolkit:attachments">
                        <customfieldname>Attachment count</customfieldname>
                        <customfieldvalues>
                            <customfieldvalue>1.0</customfieldvalue>
                        </customfieldvalues>
                    </customfield>
                                                                                                                        <customfield id="customfield_12310220" key="com.atlassian.jira.ext.charting:firstresponsedate">
                        <customfieldname>Date of First Response</customfieldname>
                        <customfieldvalues>
                            <customfieldvalue>Thu, 15 Jun 2006 10:44:38 +0000</customfieldvalue>

                        </customfieldvalues>
                    </customfield>
                                                                                                                                                                                                            <customfield id="customfield_12310420" key="com.pyxis.greenhopper.jira:gh-global-rank">
                        <customfieldname>Global Rank</customfieldname>
                        <customfieldvalues>
                            <customfieldvalue>92662</customfieldvalue>
                        </customfieldvalues>
                    </customfield>
                                                                                            <customfield id="customfield_12311820" key="com.pyxis.greenhopper.jira:gh-lexo-rank">
                        <customfieldname>Rank</customfieldname>
                        <customfieldvalues>
                            <customfieldvalue>2|hynq2n:</customfieldvalue>

                        </customfieldvalues>
                    </customfield>
                                                                <customfield id="customfield_12310920" key="com.pyxis.greenhopper.jira:gh-global-rank">
                        <customfieldname>Rank (Obsolete)</customfieldname>
                        <customfieldvalues>
                            <customfieldvalue>172411</customfieldvalue>
                        </customfieldvalues>
                    </customfield>
                                                                                                                                                    <customfield id="customfield_12310222" key="com.atlassian.jira.ext.charting:timeinstatus">
                        <customfieldname>Time in Status</customfieldname>
                        <customfieldvalues>
                            
                        </customfieldvalues>
                    </customfield>
                                    </customfields>
    </item>

<item>
            <title>[AMQ-446] possible NullPointerException in ActiveMQConnectionConsumer</title>
                <link>https://issues.apache.org/jira/browse/AMQ-446</link>
                <project id="12311210" key="AMQ">ActiveMQ</project>
                    <description>&lt;p&gt;(DurableQueueBoundedMessageContainer.java:390) - &amp;lt;stop dispatching&amp;gt;&lt;br/&gt;
java.lang.NullPointerException&lt;br/&gt;
	at&lt;br/&gt;
org.activemq.ActiveMQConnectionConsumer.dispatchToQueue(ActiveMQConnectionCo&lt;br/&gt;
nsumer.java:128)&lt;br/&gt;
	at&lt;br/&gt;
org.activemq.ActiveMQConnectionConsumer.dispatch(ActiveMQConnectionConsumer.&lt;br/&gt;
java:116)&lt;br/&gt;
	at&lt;br/&gt;
org.activemq.ActiveMQConnection.consume(ActiveMQConnection.java:1056)&lt;/p&gt;</description>
                <environment></environment>
        <key id="12481391">AMQ-446</key>
            <summary>possible NullPointerException in ActiveMQConnectionConsumer</summary>
                <type id="1" iconUrl="https://issues.apache.org/jira/images/icons/issuetypes/bug.png">Bug</type>
                                            <priority id="3" iconUrl="https://issues.apache.org/jira/images/icons/priorities/major.png">Major</priority>
                        <status id="5" iconUrl="https://issues.apache.org/jira/images/icons/statuses/resolved.png" description="A resolution has been taken, and it is awaiting verification by reporter. From here issues are either reopened, or are closed.">Resolved</status>
                    <statusCategory id="3" key="done" colorName="green"/>
                                    <resolution id="1">Fixed</resolution>
                                        <assignee username="jstrachan">james strachan</assignee>
                                    <reporter username="jstrachan">james strachan</reporter>
                        <labels>
                    </labels>
                <created>Fri, 16 Dec 2005 10:40:49 +0000</created>
                <updated>Fri, 16 Dec 2005 10:41:05 +0000</updated>
                            <resolved>Fri, 16 Dec 2005 10:41:05 +0000</resolved>
                                    <version>3.2.1</version>
                                    <fixVersion>3.2.2</fixVersion>
                                        <due></due>
                            <votes>0</votes>
                                    <watches>0</watches>
                                                                <comments>
                            <comment id="12937305" author="jstrachan" created="Fri, 16 Dec 2005 10:41:05 +0000"  >&lt;p&gt;Timing issue now fixed&lt;/p&gt;</comment>
                    </comments>
                    <attachments>
                    </attachments>
                <subtasks>
                    </subtasks>
                <customfields>
                                                <customfield id="customfield_12310310" key="com.atlassian.jira.toolkit:attachments">
                        <customfieldname>Attachment count</customfieldname>
                        <customfieldvalues>
                            <customfieldvalue>0.0</customfieldvalue>
                        </customfieldvalues>
                    </customfield>
                                                                                                                                                                                                                                                                                                <customfield id="customfield_12310420" key="com.pyxis.greenhopper.jira:gh-global-rank">
                        <customfieldname>Global Rank</customfieldname>
                        <customfieldvalues>
                            <customfieldvalue>49123</customfieldvalue>
                        </customfieldvalues>
                    </customfield>
                                                                                            <customfield id="customfield_12311820" key="com.pyxis.greenhopper.jira:gh-lexo-rank">
                        <customfieldname>Rank</customfieldname>
                        <customfieldvalues>
                            <customfieldvalue>2|hylvkf:</customfieldvalue>

                        </customfieldvalues>
                    </customfield>
                                                                <customfield id="customfield_12310920" key="com.pyxis.greenhopper.jira:gh-global-rank">
                        <customfieldname>Rank (Obsolete)</customfieldname>
                        <customfieldvalues>
                            <customfieldvalue>161636</customfieldvalue>
                        </customfieldvalues>
                    </customfield>
                                                                                                                                                    <customfield id="customfield_12310222" key="com.atlassian.jira.ext.charting:timeinstatus">
                        <customfieldname>Time in Status</customfieldname>
                        <customfieldvalues>
                            
                        </customfieldvalues>
                    </customfield>
                                    </customfields>
    </item>

<item>
            <title>[AMQ-449] PooledConnection seems to close all of the sessions when the connection is closed</title>
                <link>https://issues.apache.org/jira/browse/AMQ-449</link>
                <project id="12311210" key="AMQ">ActiveMQ</project>
                    <description></description>
                <environment></environment>
        <key id="12481375">AMQ-449</key>
            <summary>PooledConnection seems to close all of the sessions when the connection is closed</summary>
                <type id="1" iconUrl="https://issues.apache.org/jira/images/icons/issuetypes/bug.png">Bug</type>
                                            <priority id="3" iconUrl="https://issues.apache.org/jira/images/icons/priorities/major.png">Major</priority>
                        <status id="5" iconUrl="https://issues.apache.org/jira/images/icons/statuses/resolved.png" description="A resolution has been taken, and it is awaiting verification by reporter. From here issues are either reopened, or are closed.">Resolved</status>
                    <statusCategory id="3" key="done" colorName="green"/>
                                    <resolution id="1">Fixed</resolution>
                                        <assignee username="jstrachan">james strachan</assignee>
                                    <reporter username="jstrachan">james strachan</reporter>
                        <labels>
                    </labels>
                <created>Wed, 21 Dec 2005 12:51:39 +0000</created>
                <updated>Thu, 16 Feb 2006 11:30:48 +0000</updated>
                            <resolved>Wed, 21 Dec 2005 12:54:50 +0000</resolved>
                                    <version>4.0</version>
                                    <fixVersion>4.0 M4</fixVersion>
                                        <due></due>
                            <votes>0</votes>
                                    <watches>0</watches>
                                                                <comments>
                            <comment id="12937333" author="jstrachan" created="Wed, 21 Dec 2005 12:54:50 +0000"  >&lt;p&gt;fixed now&lt;/p&gt;</comment>
                    </comments>
                    <attachments>
                    </attachments>
                <subtasks>
                    </subtasks>
                <customfields>
                                                <customfield id="customfield_12310310" key="com.atlassian.jira.toolkit:attachments">
                        <customfieldname>Attachment count</customfieldname>
                        <customfieldvalues>
                            <customfieldvalue>0.0</customfieldvalue>
                        </customfieldvalues>
                    </customfield>
                                                                                                                                                                                                                                                                                                <customfield id="customfield_12310420" key="com.pyxis.greenhopper.jira:gh-global-rank">
                        <customfieldname>Global Rank</customfieldname>
                        <customfieldvalues>
                            <customfieldvalue>49126</customfieldvalue>
                        </customfieldvalues>
                    </customfield>
                                                                                            <customfield id="customfield_12311820" key="com.pyxis.greenhopper.jira:gh-lexo-rank">
                        <customfieldname>Rank</customfieldname>
                        <customfieldvalues>
                            <customfieldvalue>2|hz1tev:</customfieldvalue>

                        </customfieldvalues>
                    </customfield>
                                                                <customfield id="customfield_12310920" key="com.pyxis.greenhopper.jira:gh-global-rank">
                        <customfieldname>Rank (Obsolete)</customfieldname>
                        <customfieldvalues>
                            <customfieldvalue>254609</customfieldvalue>
                        </customfieldvalues>
                    </customfield>
                                                                                                                                                    <customfield id="customfield_12310222" key="com.atlassian.jira.ext.charting:timeinstatus">
                        <customfieldname>Time in Status</customfieldname>
                        <customfieldvalues>
                            
                        </customfieldvalues>
                    </customfield>
                                    </customfields>
    </item>

<item>
            <title>[AMQ-454] ActiveMQMessageConsumer stop method has no effect if a listener is registered</title>
                <link>https://issues.apache.org/jira/browse/AMQ-454</link>
                <project id="12311210" key="AMQ">ActiveMQ</project>
                    <description></description>
                <environment></environment>
        <key id="12481502">AMQ-454</key>
            <summary>ActiveMQMessageConsumer stop method has no effect if a listener is registered</summary>
                <type id="1" iconUrl="https://issues.apache.org/jira/images/icons/issuetypes/bug.png">Bug</type>
                                            <priority id="3" iconUrl="https://issues.apache.org/jira/images/icons/priorities/major.png">Major</priority>
                        <status id="5" iconUrl="https://issues.apache.org/jira/images/icons/statuses/resolved.png" description="A resolution has been taken, and it is awaiting verification by reporter. From here issues are either reopened, or are closed.">Resolved</status>
                    <statusCategory id="3" key="done" colorName="green"/>
                                    <resolution id="2">Won&apos;t Fix</resolution>
                                        <assignee username="jstrachan">james strachan</assignee>
                                    <reporter username="gnt">Guillaume Nodet</reporter>
                        <labels>
                    </labels>
                <created>Thu, 22 Dec 2005 08:04:25 +0000</created>
                <updated>Mon, 1 May 2006 22:48:19 +0100</updated>
                            <resolved>Thu, 2 Mar 2006 12:51:47 +0000</resolved>
                                    <version>4.0</version>
                                    <fixVersion>4.0</fixVersion>
                                        <due></due>
                            <votes>0</votes>
                                    <watches>0</watches>
                                                                <comments>
                            <comment id="12937503" author="jstrachan" created="Thu, 5 Jan 2006 11:30:43 +0000"  >&lt;p&gt;BTW close() completely terminates consumption. Did you want some way to pause dispatching?&lt;/p&gt;</comment>
                            <comment id="12937049" author="gnt" created="Thu, 5 Jan 2006 12:16:59 +0000"  >&lt;p&gt;I was just reporting an inconsistency between AMQ3 and AMQ4.&lt;br/&gt;
I do not really need that (the old servicemix ws-n implementation used it),&lt;br/&gt;
but the new one actually uses stop.&lt;/p&gt;</comment>
                            <comment id="12937344" author="jstrachan" created="Thu, 2 Mar 2006 12:51:47 +0000"  >&lt;p&gt;No longer an issue&lt;/p&gt;</comment>
                    </comments>
                    <attachments>
                    </attachments>
                <subtasks>
                    </subtasks>
                <customfields>
                                                <customfield id="customfield_12310310" key="com.atlassian.jira.toolkit:attachments">
                        <customfieldname>Attachment count</customfieldname>
                        <customfieldvalues>
                            <customfieldvalue>0.0</customfieldvalue>
                        </customfieldvalues>
                    </customfield>
                                                                                                                        <customfield id="customfield_12310220" key="com.atlassian.jira.ext.charting:firstresponsedate">
                        <customfieldname>Date of First Response</customfieldname>
                        <customfieldvalues>
                            <customfieldvalue>Thu, 5 Jan 2006 11:30:43 +0000</customfieldvalue>

                        </customfieldvalues>
                    </customfield>
                                                                                                                                                                                                            <customfield id="customfield_12310420" key="com.pyxis.greenhopper.jira:gh-global-rank">
                        <customfieldname>Global Rank</customfieldname>
                        <customfieldvalues>
                            <customfieldvalue>84356</customfieldvalue>
                        </customfieldvalues>
                    </customfield>
                                                                                            <customfield id="customfield_12311820" key="com.pyxis.greenhopper.jira:gh-lexo-rank">
                        <customfieldname>Rank</customfieldname>
                        <customfieldvalues>
                            <customfieldvalue>2|hz1ten:</customfieldvalue>

                        </customfieldvalues>
                    </customfield>
                                                                <customfield id="customfield_12310920" key="com.pyxis.greenhopper.jira:gh-global-rank">
                        <customfieldname>Rank (Obsolete)</customfieldname>
                        <customfieldvalues>
                            <customfieldvalue>254608</customfieldvalue>
                        </customfieldvalues>
                    </customfield>
                                                                                                                                                    <customfield id="customfield_12310222" key="com.atlassian.jira.ext.charting:timeinstatus">
                        <customfieldname>Time in Status</customfieldname>
                        <customfieldvalues>
                            
                        </customfieldvalues>
                    </customfield>
                                    </customfields>
    </item>

<item>
            <title>[AMQ-457] The ActiveMQ  Channel between two AMQ Server Cann&apos;t  resume when network is after interrupted.</title>
                <link>https://issues.apache.org/jira/browse/AMQ-457</link>
                <project id="12311210" key="AMQ">ActiveMQ</project>
                    <description>&lt;p&gt;If physics network is interrupted and resumed ,the two server channels cann&apos;t resume.&lt;/p&gt;</description>
                <environment>&lt;p&gt;winxp  and HP-UX11  &lt;/p&gt;</environment>
        <key id="12481426">AMQ-457</key>
            <summary>The ActiveMQ  Channel between two AMQ Server Cann&apos;t  resume when network is after interrupted.</summary>
                <type id="1" iconUrl="https://issues.apache.org/jira/images/icons/issuetypes/bug.png">Bug</type>
                                            <priority id="2" iconUrl="https://issues.apache.org/jira/images/icons/priorities/critical.png">Critical</priority>
                        <status id="6" iconUrl="https://issues.apache.org/jira/images/icons/statuses/closed.png" description="The issue is considered finished, the resolution is correct. Issues which are closed can be reopened.">Closed</status>
                    <statusCategory id="3" key="done" colorName="green"/>
                                    <resolution id="1">Fixed</resolution>
                                        <assignee username="-1">Unassigned</assignee>
                                    <reporter username="taoyonggang">tao</reporter>
                        <labels>
                    </labels>
                <created>Thu, 29 Dec 2005 06:46:53 +0000</created>
                <updated>Thu, 2 Feb 2006 18:25:32 +0000</updated>
                            <resolved>Thu, 2 Feb 2006 18:25:32 +0000</resolved>
                                    <version>3.2.1</version>
                                    <fixVersion>3.2.2</fixVersion>
                                        <due></due>
                            <votes>0</votes>
                                    <watches>0</watches>
                                                                <comments>
                            <comment id="12937274" author="chirino" created="Thu, 2 Feb 2006 18:25:32 +0000"  >&lt;p&gt;The networks should be using the reliable protocol between them.&lt;/p&gt;</comment>
                    </comments>
                <issuelinks>
                            <issuelinktype id="12310000">
                    <name>Duplicate</name>
                                            <outwardlinks description="duplicates">
                                        <issuelink>
            <issuekey id="12481395">AMQ-466</issuekey>
        </issuelink>
                            </outwardlinks>
                                                        </issuelinktype>
                    </issuelinks>
                <attachments>
                    </attachments>
                <subtasks>
                    </subtasks>
                <customfields>
                                                <customfield id="customfield_12310310" key="com.atlassian.jira.toolkit:attachments">
                        <customfieldname>Attachment count</customfieldname>
                        <customfieldvalues>
                            <customfieldvalue>0.0</customfieldvalue>
                        </customfieldvalues>
                    </customfield>
                                                                                                                        <customfield id="customfield_12310220" key="com.atlassian.jira.ext.charting:firstresponsedate">
                        <customfieldname>Date of First Response</customfieldname>
                        <customfieldvalues>
                            <customfieldvalue>Thu, 2 Feb 2006 18:25:32 +0000</customfieldvalue>

                        </customfieldvalues>
                    </customfield>
                                                                                                                                                                                                            <customfield id="customfield_12310420" key="com.pyxis.greenhopper.jira:gh-global-rank">
                        <customfieldname>Global Rank</customfieldname>
                        <customfieldvalues>
                            <customfieldvalue>49132</customfieldvalue>
                        </customfieldvalues>
                    </customfield>
                                                                                            <customfield id="customfield_12311820" key="com.pyxis.greenhopper.jira:gh-lexo-rank">
                        <customfieldname>Rank</customfieldname>
                        <customfieldvalues>
                            <customfieldvalue>2|hynmu7:</customfieldvalue>

                        </customfieldvalues>
                    </customfield>
                                                                <customfield id="customfield_12310920" key="com.pyxis.greenhopper.jira:gh-global-rank">
                        <customfieldname>Rank (Obsolete)</customfieldname>
                        <customfieldvalues>
                            <customfieldvalue>171887</customfieldvalue>
                        </customfieldvalues>
                    </customfield>
                                                                                                                                                    <customfield id="customfield_12310222" key="com.atlassian.jira.ext.charting:timeinstatus">
                        <customfieldname>Time in Status</customfieldname>
                        <customfieldvalues>
                            
                        </customfieldvalues>
                    </customfield>
                                    </customfields>
    </item>

<item>
            <title>[AMQ-460] bug in redelivery logic in JMS client</title>
                <link>https://issues.apache.org/jira/browse/AMQ-460</link>
                <project id="12311210" key="AMQ">ActiveMQ</project>
                    <description>&lt;p&gt;It seems that after the first message is redelivered the maximum amount of times (and then sent to the DLQ), rollbacks to future messages never actually rollback.&lt;/p&gt;

&lt;p&gt;See the DeadLettterTest case in activemq-core.&lt;/p&gt;</description>
                <environment></environment>
        <key id="12481373">AMQ-460</key>
            <summary>bug in redelivery logic in JMS client</summary>
                <type id="1" iconUrl="https://issues.apache.org/jira/images/icons/issuetypes/bug.png">Bug</type>
                                            <priority id="1" iconUrl="https://issues.apache.org/jira/images/icons/priorities/blocker.png">Blocker</priority>
                        <status id="5" iconUrl="https://issues.apache.org/jira/images/icons/statuses/resolved.png" description="A resolution has been taken, and it is awaiting verification by reporter. From here issues are either reopened, or are closed.">Resolved</status>
                    <statusCategory id="3" key="done" colorName="green"/>
                                    <resolution id="1">Fixed</resolution>
                                        <assignee username="chirino">Hiram Chirino</assignee>
                                    <reporter username="jstrachan">james strachan</reporter>
                        <labels>
                    </labels>
                <created>Fri, 30 Dec 2005 15:37:42 +0000</created>
                <updated>Thu, 16 Feb 2006 11:30:46 +0000</updated>
                            <resolved>Thu, 5 Jan 2006 09:14:10 +0000</resolved>
                                                    <fixVersion>4.0 M4</fixVersion>
                                    <component>Broker</component>
                        <due></due>
                            <votes>0</votes>
                                    <watches>0</watches>
                                                                <comments>
                            <comment id="12937288" author="jstrachan" created="Thu, 5 Jan 2006 09:14:10 +0000"  >&lt;p&gt;Thanks for fixing this Hiram!&lt;/p&gt;</comment>
                    </comments>
                    <attachments>
                    </attachments>
                <subtasks>
                    </subtasks>
                <customfields>
                                                <customfield id="customfield_12310310" key="com.atlassian.jira.toolkit:attachments">
                        <customfieldname>Attachment count</customfieldname>
                        <customfieldvalues>
                            <customfieldvalue>0.0</customfieldvalue>
                        </customfieldvalues>
                    </customfield>
                                                                                                                                                                                                                                                                                                <customfield id="customfield_12310420" key="com.pyxis.greenhopper.jira:gh-global-rank">
                        <customfieldname>Global Rank</customfieldname>
                        <customfieldvalues>
                            <customfieldvalue>49135</customfieldvalue>
                        </customfieldvalues>
                    </customfield>
                                                                                            <customfield id="customfield_12311820" key="com.pyxis.greenhopper.jira:gh-lexo-rank">
                        <customfieldname>Rank</customfieldname>
                        <customfieldvalues>
                            <customfieldvalue>2|hylu67:</customfieldvalue>

                        </customfieldvalues>
                    </customfield>
                                                                <customfield id="customfield_12310920" key="com.pyxis.greenhopper.jira:gh-global-rank">
                        <customfieldname>Rank (Obsolete)</customfieldname>
                        <customfieldvalues>
                            <customfieldvalue>161410</customfieldvalue>
                        </customfieldvalues>
                    </customfield>
                                                                                                                                                    <customfield id="customfield_12310222" key="com.atlassian.jira.ext.charting:timeinstatus">
                        <customfieldname>Time in Status</customfieldname>
                        <customfieldvalues>
                            
                        </customfieldvalues>
                    </customfield>
                                    </customfields>
    </item>

<item>
            <title>[AMQ-461] m2 poms need patches</title>
                <link>https://issues.apache.org/jira/browse/AMQ-461</link>
                <project id="12311210" key="AMQ">ActiveMQ</project>
                    <description></description>
                <environment></environment>
        <key id="12481405">AMQ-461</key>
            <summary>m2 poms need patches</summary>
                <type id="1" iconUrl="https://issues.apache.org/jira/images/icons/issuetypes/bug.png">Bug</type>
                                            <priority id="3" iconUrl="https://issues.apache.org/jira/images/icons/priorities/major.png">Major</priority>
                        <status id="5" iconUrl="https://issues.apache.org/jira/images/icons/statuses/resolved.png" description="A resolution has been taken, and it is awaiting verification by reporter. From here issues are either reopened, or are closed.">Resolved</status>
                    <statusCategory id="3" key="done" colorName="green"/>
                                    <resolution id="1">Fixed</resolution>
                                        <assignee username="maguro">Alan Cabrera</assignee>
                                    <reporter username="bdudney">Bill Dudney</reporter>
                        <labels>
                    </labels>
                <created>Fri, 30 Dec 2005 22:35:46 +0000</created>
                <updated>Thu, 16 Feb 2006 11:38:25 +0000</updated>
                            <resolved>Thu, 16 Feb 2006 11:38:25 +0000</resolved>
                                                    <fixVersion>4.0 M4</fixVersion>
                                        <due></due>
                            <votes>0</votes>
                                    <watches>0</watches>
                                                                <comments>
                            <comment id="12937400" author="maguro" created="Mon, 2 Jan 2006 18:38:29 +0000"  >&lt;p&gt;Applied.  The patch for systest was not applied since it now compiles under JDk14.&lt;/p&gt;</comment>
                    </comments>
                    <attachments>
                            <attachment id="12460724" name="ASF.LICENSE.NOT.GRANTED--activemq-optional.patch" size="589" author="bdudney" created="Fri, 30 Dec 2005 22:35:46 +0000"/>
                            <attachment id="12460760" name="ASF.LICENSE.NOT.GRANTED--activemq-systest.patch" size="600" author="bdudney" created="Fri, 30 Dec 2005 22:35:46 +0000"/>
                            <attachment id="12460530" name="ASF.LICENSE.NOT.GRANTED--assembly.patch" size="597" author="bdudney" created="Fri, 30 Dec 2005 22:35:46 +0000"/>
                    </attachments>
                <subtasks>
                    </subtasks>
                <customfields>
                                                <customfield id="customfield_12310310" key="com.atlassian.jira.toolkit:attachments">
                        <customfieldname>Attachment count</customfieldname>
                        <customfieldvalues>
                            <customfieldvalue>3.0</customfieldvalue>
                        </customfieldvalues>
                    </customfield>
                                                                                                                        <customfield id="customfield_12310220" key="com.atlassian.jira.ext.charting:firstresponsedate">
                        <customfieldname>Date of First Response</customfieldname>
                        <customfieldvalues>
                            <customfieldvalue>Mon, 2 Jan 2006 18:38:29 +0000</customfieldvalue>

                        </customfieldvalues>
                    </customfield>
                                                                                                                                                                                                            <customfield id="customfield_12310420" key="com.pyxis.greenhopper.jira:gh-global-rank">
                        <customfieldname>Global Rank</customfieldname>
                        <customfieldvalues>
                            <customfieldvalue>49136</customfieldvalue>
                        </customfieldvalues>
                    </customfield>
                                                                                            <customfield id="customfield_12311820" key="com.pyxis.greenhopper.jira:gh-lexo-rank">
                        <customfieldname>Rank</customfieldname>
                        <customfieldvalues>
                            <customfieldvalue>2|hz1tnj:</customfieldvalue>

                        </customfieldvalues>
                    </customfield>
                                                                <customfield id="customfield_12310920" key="com.pyxis.greenhopper.jira:gh-global-rank">
                        <customfieldname>Rank (Obsolete)</customfieldname>
                        <customfieldvalues>
                            <customfieldvalue>254648</customfieldvalue>
                        </customfieldvalues>
                    </customfield>
                                                                                                                                                    <customfield id="customfield_12310222" key="com.atlassian.jira.ext.charting:timeinstatus">
                        <customfieldname>Time in Status</customfieldname>
                        <customfieldvalues>
                            
                        </customfieldvalues>
                    </customfield>
                                    </customfields>
    </item>
</channel>
</rss>
