<!--
RSS generated by JIRA (6.3.4#6332-sha1:51bc225ef474afe3128b2f66878477f322397b16) at Tue Mar 31 19:00:00 UTC 2015

It is possible to restrict the fields that are returned in this document by specifying the 'field' parameter in your request.
For example, to request only the issue key and summary add field=key&field=summary to the URL of your request.
For example:
https://issues.apache.org/jira/sr/jira.issueviews:searchrequest-xml/temp/SearchRequest.xml?jqlQuery=project+%3D+AMQ+AND+issuetype+%3D+Bug+AND+created+%3E%3D+2005-10-1+AND+created+%3C%3D+2005-11-1+ORDER+BY+key+ASC&amp;tempMax=200&amp;field=key&amp;field=summary
-->
<!-- If you wish to do custom client-side styling of RSS, uncomment this:
<?xml-stylesheet href="https://issues.apache.org/jira/styles/jiraxml2html.xsl" type="text/xsl"?>
-->
<rss version="0.92">
    <channel>
        <title>ASF JIRA</title>
        <link>https://issues.apache.org/jira/secure/IssueNavigator.jspa?reset=true&amp;jqlQuery=project+%3D+AMQ+AND+issuetype+%3D+Bug+AND+created+%3E%3D+2005-10-1+AND+created+%3C%3D+2005-11-1+ORDER+BY+key+ASC</link>
        <description>An XML representation of a search request</description>
                <language>en-uk</language>
                        <issue start="0" end="11" total="11"/>
                <build-info>
            <version>6.3.4</version>
            <build-number>6332</build-number>
            <build-date>15-08-2014</build-date>
        </build-info>
<item>
            <title>[AMQ-377] Unbounded number of jdbc connections created to postgresql</title>
                <link>https://issues.apache.org/jira/browse/AMQ-377</link>
                <project id="12311210" key="AMQ">ActiveMQ</project>
                    <description>&lt;p&gt;Scenarion:&lt;/p&gt;

&lt;p&gt;1. 10 consumer is created (each has its own connection) then closes the connection right away. The application is executed several times.&lt;/p&gt;

&lt;p&gt;Expected behaviour: A &quot;postgres process&quot; is created when a consumer creates a connection. Subsequently, when the consumer closes/stops the connection, the &quot;postgres process&quot; should also closes/stops.&lt;br/&gt;
Actual behaviour: Inconsistent, most of the time, postgres process remains active even though the consumer is already disconnected. So, creating new consumer eventually leads to exception where it disallows further connection to postgres. The solution here is to restart the broker to kill all &quot;postgres processes&quot; the was created by disconnected consumers.&lt;/p&gt;

&lt;p&gt;&quot;Failed to create transaction: org.postgresql.util.PSQLException: Backend start-up failed: FATAL: sorry, too many clients already.&quot; (see attached log file).&lt;/p&gt;</description>
                <environment>&lt;p&gt;Postgres 8.03 with the provided JDBC3 driver on a Windows machine.&lt;/p&gt;</environment>
        <key id="12481394">AMQ-377</key>
            <summary>Unbounded number of jdbc connections created to postgresql</summary>
                <type id="1" iconUrl="https://issues.apache.org/jira/images/icons/issuetypes/bug.png">Bug</type>
                                            <priority id="3" iconUrl="https://issues.apache.org/jira/images/icons/priorities/major.png">Major</priority>
                        <status id="6" iconUrl="https://issues.apache.org/jira/images/icons/statuses/closed.png" description="The issue is considered finished, the resolution is correct. Issues which are closed can be reopened.">Closed</status>
                    <statusCategory id="3" key="done" colorName="green"/>
                                    <resolution id="1">Fixed</resolution>
                                        <assignee username="dflores">Darwin Flores</assignee>
                                    <reporter username="foconer">Fritz Oconer</reporter>
                        <labels>
                    </labels>
                <created>Sat, 1 Oct 2005 04:48:48 +0100</created>
                <updated>Wed, 4 Jan 2006 20:39:26 +0000</updated>
                            <resolved>Wed, 4 Jan 2006 20:39:26 +0000</resolved>
                                    <version>3.2</version>
                                                    <component>Broker</component>
                        <due></due>
                            <votes>0</votes>
                                    <watches>0</watches>
                                                                <comments>
                            <comment id="12937331" author="dub" created="Fri, 14 Oct 2005 02:36:03 +0100"  >&lt;p&gt;Is this related to &lt;a href=&quot;https://issues.apache.org/jira/browse/AMQ-368&quot; title=&quot;Database Connection Leaks&quot; class=&quot;issue-link&quot; data-issue-key=&quot;AMQ-368&quot;&gt;&lt;del&gt;AMQ-368&lt;/del&gt;&lt;/a&gt; ?&lt;/p&gt;</comment>
                            <comment id="12937112" author="foconer" created="Fri, 14 Oct 2005 03:25:25 +0100"  >&lt;p&gt;From my understanding this is a bit different from amq-368 in terms of case scenario. There is no actual message sent or received, it continually just creates and disconnects a consumer which eventually leads to the exception above. The similarity is it doesn&apos;t destroy the connection on the database right away when it&apos;s supposed to have been destroyed.&lt;/p&gt;</comment>
                            <comment id="12937527" author="david.howe.gs" created="Mon, 12 Dec 2005 05:59:55 +0000"  >&lt;p&gt;We are also experiencing this problem using Oracle 9i as the backend.  Over the course of the day, the number of sessions open from ActiveMQ slowly gets larger and larger.  Eventually (approx 24 hours), it exhausts all of the processes available in Oracle and nothing else can connect.  Re-starting ActiveMQ then clears all of the Oracle sessions and everything goes back to normal.  Our ActiveMQ server isn&apos;t actually doing much at the moment as we&apos;ve only just installed it and haven&apos;t started using it for anything serious.&lt;/p&gt;

&lt;p&gt;The relevant sections of our configuration file are below.  I&apos;ve deliberately only got a small number of connections in the pool to try and alleviate the running out of connections problem.  It&apos;s strange that it can keep getting connections without exhausting the pool, which is what I thought would happen if you reach the maxActive number of connections and wait the maxWait time for one to become available.&lt;/p&gt;

&lt;p&gt;    &amp;lt;persistence&amp;gt;&lt;br/&gt;
      &amp;lt;cachePersistence&amp;gt;&lt;br/&gt;
        &amp;lt;journalPersistence directory=&quot;../var/journal&quot;&amp;gt;&lt;br/&gt;
          &amp;lt;jdbcPersistence dataSourceRef=&quot;oracle-ds&quot;/&amp;gt;&lt;br/&gt;
        &amp;lt;/journalPersistence&amp;gt;&lt;br/&gt;
      &amp;lt;/cachePersistence&amp;gt;&lt;br/&gt;
    &amp;lt;/persistence&amp;gt;&lt;/p&gt;

&lt;p&gt;  &amp;lt;bean id=&quot;oracle-ds&quot; class=&quot;org.apache.commons.dbcp.BasicDataSource&quot; destroy-method=&quot;close&quot;&amp;gt;&lt;br/&gt;
    &amp;lt;property name=&quot;driverClassName&quot;&amp;gt;&lt;br/&gt;
      &amp;lt;value&amp;gt;oracle.jdbc.OracleDriver&amp;lt;/value&amp;gt;&lt;br/&gt;
    &amp;lt;/property&amp;gt;&lt;br/&gt;
    &amp;lt;property name=&quot;url&quot;&amp;gt;&lt;br/&gt;
      &amp;lt;!-- Use a URL like &apos;jdbc:hsqldb:hsql://localhost:9001&apos; if you want to connect to a remote hsqldb --&amp;gt;&lt;br/&gt;
      &amp;lt;value&amp;gt;jdbc:oracle:thin:@//host:1521/SID&amp;lt;/value&amp;gt;&lt;br/&gt;
    &amp;lt;/property&amp;gt;&lt;br/&gt;
    &amp;lt;property name=&quot;username&quot;&amp;gt;&lt;br/&gt;
      &amp;lt;value&amp;gt;user&amp;lt;/value&amp;gt;&lt;br/&gt;
    &amp;lt;/property&amp;gt;&lt;br/&gt;
    &amp;lt;property name=&quot;password&quot;&amp;gt;&lt;br/&gt;
      &amp;lt;value&amp;gt;password&amp;lt;/value&amp;gt;&lt;br/&gt;
    &amp;lt;/property&amp;gt;&lt;br/&gt;
    &amp;lt;property name=&quot;defaultAutoCommit&quot;&amp;gt;&lt;br/&gt;
      &amp;lt;value&amp;gt;false&amp;lt;/value&amp;gt;&lt;br/&gt;
    &amp;lt;/property&amp;gt;&lt;br/&gt;
    &amp;lt;property name=&quot;poolPreparedStatements&quot;&amp;gt;&lt;br/&gt;
      &amp;lt;value&amp;gt;true&amp;lt;/value&amp;gt;&lt;br/&gt;
    &amp;lt;/property&amp;gt;&lt;br/&gt;
    &amp;lt;property name=&quot;initialSize&quot;&amp;gt;&lt;br/&gt;
        &amp;lt;value&amp;gt;1&amp;lt;/value&amp;gt;&lt;br/&gt;
    &amp;lt;/property&amp;gt;&lt;br/&gt;
    &amp;lt;property name=&quot;maxActive&quot;&amp;gt;&lt;br/&gt;
        &amp;lt;value&amp;gt;2&amp;lt;/value&amp;gt;&lt;br/&gt;
    &amp;lt;/property&amp;gt;&lt;br/&gt;
    &amp;lt;property name=&quot;minIdle&quot;&amp;gt;&lt;br/&gt;
        &amp;lt;value&amp;gt;0&amp;lt;/value&amp;gt;&lt;br/&gt;
    &amp;lt;/property&amp;gt;&lt;br/&gt;
    &amp;lt;property name=&quot;maxIdle&quot;&amp;gt;&lt;br/&gt;
        &amp;lt;value&amp;gt;1&amp;lt;/value&amp;gt;&lt;br/&gt;
    &amp;lt;/property&amp;gt;&lt;br/&gt;
    &amp;lt;property name=&quot;maxWait&quot;&amp;gt;&lt;br/&gt;
        &amp;lt;value&amp;gt;2000&amp;lt;/value&amp;gt;&lt;br/&gt;
    &amp;lt;/property&amp;gt;&lt;br/&gt;
  &amp;lt;/bean&amp;gt;&lt;/p&gt;</comment>
                            <comment id="12937507" author="chirino" created="Wed, 21 Dec 2005 20:49:24 +0000"  >&lt;p&gt;Jonas,&lt;/p&gt;

&lt;p&gt;If you get a chance, can you try to recreate this problem using the latest 4.0-SNAPSHOT?&lt;/p&gt;

&lt;p&gt;Thanks,&lt;br/&gt;
Hiram&lt;/p&gt;</comment>
                            <comment id="12937108" author="chirino" created="Wed, 4 Jan 2006 20:39:26 +0000"  >&lt;p&gt;duplicate.&lt;/p&gt;</comment>
                    </comments>
                <issuelinks>
                            <issuelinktype id="12310000">
                    <name>Duplicate</name>
                                            <outwardlinks description="duplicates">
                                        <issuelink>
            <issuekey id="12481950">AMQ-368</issuekey>
        </issuelink>
                            </outwardlinks>
                                                        </issuelinktype>
                    </issuelinks>
                <attachments>
                    </attachments>
                <subtasks>
                    </subtasks>
                <customfields>
                                                <customfield id="customfield_12310310" key="com.atlassian.jira.toolkit:attachments">
                        <customfieldname>Attachment count</customfieldname>
                        <customfieldvalues>
                            <customfieldvalue>0.0</customfieldvalue>
                        </customfieldvalues>
                    </customfield>
                                                                                                                        <customfield id="customfield_12310220" key="com.atlassian.jira.ext.charting:firstresponsedate">
                        <customfieldname>Date of First Response</customfieldname>
                        <customfieldvalues>
                            <customfieldvalue>Fri, 14 Oct 2005 01:36:03 +0000</customfieldvalue>

                        </customfieldvalues>
                    </customfield>
                                                                                                                                                                                                            <customfield id="customfield_12310420" key="com.pyxis.greenhopper.jira:gh-global-rank">
                        <customfieldname>Global Rank</customfieldname>
                        <customfieldvalues>
                            <customfieldvalue>49071</customfieldvalue>
                        </customfieldvalues>
                    </customfield>
                                                                                            <customfield id="customfield_12311820" key="com.pyxis.greenhopper.jira:gh-lexo-rank">
                        <customfieldname>Rank</customfieldname>
                        <customfieldvalues>
                            <customfieldvalue>2|hynnfj:</customfieldvalue>

                        </customfieldvalues>
                    </customfield>
                                                                <customfield id="customfield_12310920" key="com.pyxis.greenhopper.jira:gh-global-rank">
                        <customfieldname>Rank (Obsolete)</customfieldname>
                        <customfieldvalues>
                            <customfieldvalue>171983</customfieldvalue>
                        </customfieldvalues>
                    </customfield>
                                                                                                                                                    <customfield id="customfield_12310222" key="com.atlassian.jira.ext.charting:timeinstatus">
                        <customfieldname>Time in Status</customfieldname>
                        <customfieldvalues>
                            
                        </customfieldvalues>
                    </customfield>
                                    </customfields>
    </item>

<item>
            <title>[AMQ-379] Duplicate message received</title>
                <link>https://issues.apache.org/jira/browse/AMQ-379</link>
                <project id="12311210" key="AMQ">ActiveMQ</project>
                    <description>&lt;p&gt;I found if the Recevier and Sender start almost the same time.  The Receiver will receiver the same message twise.  I have included my Testing program run by &lt;br/&gt;
java -classpath .;..\activemq-3.1.jar;..\lib\geronimo-spec-jms-1.1-rc4.jar;..\lib\geronimo-spec-j2ee-management-1.0-rc4.jar;..\lib\commons-logging-1.0.3.jar;..\lib\log4j-1.2.8.jar;..\lib\concurrent-1.3.4.jar;..\conf;..\lib\spring-1.2.2.jar TestJmsSender&lt;/p&gt;

&lt;p&gt;I have test by restarted the program ~10 times and around 40% chance of have the error of receiver rec same message twise&lt;/p&gt;
</description>
                <environment>&lt;p&gt;SUN JVM 5 Update 4&lt;/p&gt;</environment>
        <key id="12481377">AMQ-379</key>
            <summary>Duplicate message received</summary>
                <type id="1" iconUrl="https://issues.apache.org/jira/images/icons/issuetypes/bug.png">Bug</type>
                                            <priority id="3" iconUrl="https://issues.apache.org/jira/images/icons/priorities/major.png">Major</priority>
                        <status id="5" iconUrl="https://issues.apache.org/jira/images/icons/statuses/resolved.png" description="A resolution has been taken, and it is awaiting verification by reporter. From here issues are either reopened, or are closed.">Resolved</status>
                    <statusCategory id="3" key="done" colorName="green"/>
                                    <resolution id="1">Fixed</resolution>
                                        <assignee username="-1">Unassigned</assignee>
                                    <reporter username="leochan">Leo Chan</reporter>
                        <labels>
                    </labels>
                <created>Wed, 5 Oct 2005 05:29:02 +0100</created>
                <updated>Thu, 15 Jun 2006 12:15:48 +0100</updated>
                            <resolved>Thu, 15 Jun 2006 12:15:48 +0100</resolved>
                                    <version>3.1</version>
                                    <fixVersion>3.2.4</fixVersion>
                    <fixVersion>4.0</fixVersion>
                                    <component>Broker</component>
                        <due></due>
                            <votes>0</votes>
                                    <watches>1</watches>
                                                                <comments>
                            <comment id="12937263" author="leochan" created="Wed, 5 Oct 2005 07:38:31 +0100"  >&lt;p&gt;I have tried different combination of Acknowledge mode in both sender receiver and the result is similar &lt;/p&gt;</comment>
                            <comment id="12937950" author="chirino" created="Thu, 15 Jun 2006 12:15:48 +0100"  >&lt;p&gt;This should work properly in 4.0, and I think 3.2 also fixed.  Could you please test and re-open this issue if there is still a problem?&lt;/p&gt;</comment>
                    </comments>
                    <attachments>
                            <attachment id="12460527" name="ASF.LICENSE.NOT.GRANTED--test.rar" size="4430" author="leochan" created="Wed, 5 Oct 2005 05:29:02 +0100"/>
                    </attachments>
                <subtasks>
                    </subtasks>
                <customfields>
                                                <customfield id="customfield_12310310" key="com.atlassian.jira.toolkit:attachments">
                        <customfieldname>Attachment count</customfieldname>
                        <customfieldvalues>
                            <customfieldvalue>1.0</customfieldvalue>
                        </customfieldvalues>
                    </customfield>
                                                                                                                        <customfield id="customfield_12310220" key="com.atlassian.jira.ext.charting:firstresponsedate">
                        <customfieldname>Date of First Response</customfieldname>
                        <customfieldvalues>
                            <customfieldvalue>Thu, 15 Jun 2006 11:15:48 +0000</customfieldvalue>

                        </customfieldvalues>
                    </customfield>
                                                                                                                                                                                                            <customfield id="customfield_12310420" key="com.pyxis.greenhopper.jira:gh-global-rank">
                        <customfieldname>Global Rank</customfieldname>
                        <customfieldvalues>
                            <customfieldvalue>49073</customfieldvalue>
                        </customfieldvalues>
                    </customfield>
                                                                                            <customfield id="customfield_12311820" key="com.pyxis.greenhopper.jira:gh-lexo-rank">
                        <customfieldname>Rank</customfieldname>
                        <customfieldvalues>
                            <customfieldvalue>2|hylx2n:</customfieldvalue>

                        </customfieldvalues>
                    </customfield>
                                                                <customfield id="customfield_12310920" key="com.pyxis.greenhopper.jira:gh-global-rank">
                        <customfieldname>Rank (Obsolete)</customfieldname>
                        <customfieldvalues>
                            <customfieldvalue>161880</customfieldvalue>
                        </customfieldvalues>
                    </customfield>
                                                                                                                                                    <customfield id="customfield_12310222" key="com.atlassian.jira.ext.charting:timeinstatus">
                        <customfieldname>Time in Status</customfieldname>
                        <customfieldvalues>
                            
                        </customfieldvalues>
                    </customfield>
                                    </customfields>
    </item>

<item>
            <title>[AMQ-380] When messages are queued to a session and the session becomes stale, undelivered messages are lost</title>
                <link>https://issues.apache.org/jira/browse/AMQ-380</link>
                <project id="12311210" key="AMQ">ActiveMQ</project>
                    <description></description>
                <environment></environment>
        <key id="12481255">AMQ-380</key>
            <summary>When messages are queued to a session and the session becomes stale, undelivered messages are lost</summary>
                <type id="1" iconUrl="https://issues.apache.org/jira/images/icons/issuetypes/bug.png">Bug</type>
                                            <priority id="3" iconUrl="https://issues.apache.org/jira/images/icons/priorities/major.png">Major</priority>
                        <status id="5" iconUrl="https://issues.apache.org/jira/images/icons/statuses/resolved.png" description="A resolution has been taken, and it is awaiting verification by reporter. From here issues are either reopened, or are closed.">Resolved</status>
                    <statusCategory id="3" key="done" colorName="green"/>
                                    <resolution id="1">Fixed</resolution>
                                        <assignee username="gnt">Guillaume Nodet</assignee>
                                    <reporter username="gnt">Guillaume Nodet</reporter>
                        <labels>
                    </labels>
                <created>Thu, 6 Oct 2005 08:09:40 +0100</created>
                <updated>Thu, 16 Feb 2006 11:30:47 +0000</updated>
                            <resolved>Thu, 6 Oct 2005 08:27:00 +0100</resolved>
                                    <version>3.1</version>
                                    <fixVersion>4.0 M4</fixVersion>
                                    <component>JCA Container</component>
                        <due></due>
                            <votes>0</votes>
                                    <watches>0</watches>
                                                                        <attachments>
                    </attachments>
                <subtasks>
                    </subtasks>
                <customfields>
                                                <customfield id="customfield_12310310" key="com.atlassian.jira.toolkit:attachments">
                        <customfieldname>Attachment count</customfieldname>
                        <customfieldvalues>
                            <customfieldvalue>0.0</customfieldvalue>
                        </customfieldvalues>
                    </customfield>
                                                                                                                                                                                                                                                                                                <customfield id="customfield_12310420" key="com.pyxis.greenhopper.jira:gh-global-rank">
                        <customfieldname>Global Rank</customfieldname>
                        <customfieldvalues>
                            <customfieldvalue>49074</customfieldvalue>
                        </customfieldvalues>
                    </customfield>
                                                                                            <customfield id="customfield_12311820" key="com.pyxis.greenhopper.jira:gh-lexo-rank">
                        <customfieldname>Rank</customfieldname>
                        <customfieldvalues>
                            <customfieldvalue>2|hylvo7:</customfieldvalue>

                        </customfieldvalues>
                    </customfield>
                                                                <customfield id="customfield_12310920" key="com.pyxis.greenhopper.jira:gh-global-rank">
                        <customfieldname>Rank (Obsolete)</customfieldname>
                        <customfieldvalues>
                            <customfieldvalue>161653</customfieldvalue>
                        </customfieldvalues>
                    </customfield>
                                                                                                                                                    <customfield id="customfield_12310222" key="com.atlassian.jira.ext.charting:timeinstatus">
                        <customfieldname>Time in Status</customfieldname>
                        <customfieldvalues>
                            
                        </customfieldvalues>
                    </customfield>
                                    </customfields>
    </item>

<item>
            <title>[AMQ-387] DeadLetterPolicy creates incorrect deadletter name from destination</title>
                <link>https://issues.apache.org/jira/browse/AMQ-387</link>
                <project id="12311210" key="AMQ">ActiveMQ</project>
                    <description>&lt;p&gt;DeadLetterPolicy.java method getDeadLetterNameFromDestination(ActiveMQDestination destination)&lt;/p&gt;

&lt;p&gt;has member variable String deadLetterName that mirrors an instance variable of the same name, private String deadLetterName = DEFAULT_DEAD_LETTER_NAME;&lt;/p&gt;

&lt;p&gt;This results in incorrect dlq naming.&lt;/p&gt;</description>
                <environment>&lt;p&gt;n/a&lt;/p&gt;</environment>
        <key id="12481420">AMQ-387</key>
            <summary>DeadLetterPolicy creates incorrect deadletter name from destination</summary>
                <type id="1" iconUrl="https://issues.apache.org/jira/images/icons/issuetypes/bug.png">Bug</type>
                                            <priority id="4" iconUrl="https://issues.apache.org/jira/images/icons/priorities/minor.png">Minor</priority>
                        <status id="5" iconUrl="https://issues.apache.org/jira/images/icons/statuses/resolved.png" description="A resolution has been taken, and it is awaiting verification by reporter. From here issues are either reopened, or are closed.">Resolved</status>
                    <statusCategory id="3" key="done" colorName="green"/>
                                    <resolution id="1">Fixed</resolution>
                                        <assignee username="-1">Unassigned</assignee>
                                    <reporter username="jaypierson">Jay Pierson</reporter>
                        <labels>
                    </labels>
                <created>Fri, 14 Oct 2005 16:27:02 +0100</created>
                <updated>Mon, 5 Dec 2005 10:07:52 +0000</updated>
                            <resolved>Mon, 5 Dec 2005 10:07:52 +0000</resolved>
                                    <version>3.1</version>
                                    <fixVersion>3.2.2</fixVersion>
                                    <component>Broker</component>
                        <due></due>
                            <votes>0</votes>
                                    <watches>0</watches>
                                                                        <attachments>
                    </attachments>
                <subtasks>
                    </subtasks>
                <customfields>
                                                <customfield id="customfield_12310310" key="com.atlassian.jira.toolkit:attachments">
                        <customfieldname>Attachment count</customfieldname>
                        <customfieldvalues>
                            <customfieldvalue>0.0</customfieldvalue>
                        </customfieldvalues>
                    </customfield>
                                                                                                                                                                                                                                                                                                <customfield id="customfield_12310420" key="com.pyxis.greenhopper.jira:gh-global-rank">
                        <customfieldname>Global Rank</customfieldname>
                        <customfieldvalues>
                            <customfieldvalue>49079</customfieldvalue>
                        </customfieldvalues>
                    </customfield>
                                                                                            <customfield id="customfield_12311820" key="com.pyxis.greenhopper.jira:gh-lexo-rank">
                        <customfieldname>Rank</customfieldname>
                        <customfieldvalues>
                            <customfieldvalue>2|hz1t8v:</customfieldvalue>

                        </customfieldvalues>
                    </customfield>
                                                                <customfield id="customfield_12310920" key="com.pyxis.greenhopper.jira:gh-global-rank">
                        <customfieldname>Rank (Obsolete)</customfieldname>
                        <customfieldvalues>
                            <customfieldvalue>254582</customfieldvalue>
                        </customfieldvalues>
                    </customfield>
                                                                                                                                                    <customfield id="customfield_12310222" key="com.atlassian.jira.ext.charting:timeinstatus">
                        <customfieldname>Time in Status</customfieldname>
                        <customfieldvalues>
                            
                        </customfieldvalues>
                    </customfield>
                                    </customfields>
    </item>

<item>
            <title>[AMQ-389] Messages aren&apos;t delivered in a clustered environment</title>
                <link>https://issues.apache.org/jira/browse/AMQ-389</link>
                <project id="12311210" key="AMQ">ActiveMQ</project>
                    <description>&lt;p&gt;Within a clustered environment, messages that have been sent to a Queue can end up stuck in the broker and are never delivered to the connected consumer.&lt;/p&gt;

&lt;p&gt;Suppose, we have a cluster of two JMS brokers, Node 0 and Node 1, and that there is an active producer and an active consumer connected to Node 0, that are producing and consuming from Queue, Q. i.e. &lt;/p&gt;

&lt;p&gt;Producer &lt;/p&gt;

&lt;table class=&apos;confluenceTable&apos;&gt;&lt;tbody&gt;
&lt;tr&gt;
&lt;/tr&gt;
&lt;/tbody&gt;&lt;/table&gt;


&lt;p&gt;Node 0 &amp;lt;-----&amp;gt; Node 1&lt;/p&gt;

&lt;table class=&apos;confluenceTable&apos;&gt;&lt;tbody&gt;
&lt;tr&gt;
&lt;/tr&gt;
&lt;/tbody&gt;&lt;/table&gt;


&lt;p&gt;Consumer&lt;/p&gt;

&lt;p&gt;And the following happens for a Message, M, sent to Queue, Q:&lt;/p&gt;

&lt;p&gt;I) Node 0 receives message M from the producer &lt;br/&gt;
II) Node 1 consumes message M from Node 0&lt;br/&gt;
iii) Node 0 consumes message M back from Node 1&lt;br/&gt;
iv) Node 1 attempts to consume message M from Node 0 again.&lt;/p&gt;

&lt;p&gt;Then, the message will end up being undelivered. It will still be in the MessageStore for Node0, but will never be dispatched to any consumer, unless the broker is restarted.&lt;/p&gt;

&lt;p&gt;The reason this happens, is that during step iv) the message wil be dispatched to the subscriber represented by Node 1, and thus Node 0 will believe the message has successfully been sent, but Node 1&apos;s subscriber will never actually send the message to Node 1, since the anti-cycle logic in the BrokerClientImpl::send() method will drop the packet silently.&lt;/p&gt;

&lt;p&gt;A simple possible fix is:&lt;/p&gt;

&lt;p&gt;Alter the method signature for BrokerClient::dispatch() to return a boolean iff only it can successfully dispatch the message to the actual consumer. The same change needs to be made to the DurableQueueSubscription::doDispatch() method, to propagate this information.&lt;/p&gt;

&lt;p&gt;The DurableQueueBoundedMessageContainer::run() method can then be altered so it only considers a message dispatched if one of its subscribers doDispatch() methods returns true, otherwise it will retain the message.&lt;/p&gt;

&lt;p&gt;I have attached the modified source files in the patch.zip.&lt;/p&gt;</description>
                <environment>&lt;p&gt;Windows XP, Java  1.4.1_01 (Sun)&lt;/p&gt;</environment>
        <key id="12481616">AMQ-389</key>
            <summary>Messages aren&apos;t delivered in a clustered environment</summary>
                <type id="1" iconUrl="https://issues.apache.org/jira/images/icons/issuetypes/bug.png">Bug</type>
                                            <priority id="3" iconUrl="https://issues.apache.org/jira/images/icons/priorities/major.png">Major</priority>
                        <status id="5" iconUrl="https://issues.apache.org/jira/images/icons/statuses/resolved.png" description="A resolution has been taken, and it is awaiting verification by reporter. From here issues are either reopened, or are closed.">Resolved</status>
                    <statusCategory id="3" key="done" colorName="green"/>
                                    <resolution id="1">Fixed</resolution>
                                        <assignee username="-1">Unassigned</assignee>
                                    <reporter username="matthewv">Matthew Vincent</reporter>
                        <labels>
                    </labels>
                <created>Thu, 20 Oct 2005 00:34:28 +0100</created>
                <updated>Thu, 16 Feb 2006 11:30:47 +0000</updated>
                            <resolved>Tue, 15 Nov 2005 18:57:57 +0000</resolved>
                                    <version>3.1</version>
                                    <fixVersion>4.0 M4</fixVersion>
                                    <component>Broker</component>
                        <due></due>
                            <votes>0</votes>
                                    <watches>1</watches>
                                                                <comments>
                            <comment id="12937307" author="matthewv" created="Thu, 20 Oct 2005 00:39:59 +0100"  >&lt;p&gt;One problem with the fix, that I forgot to mention, is that the logic for checking the cycle is now replicated in the BrokerClientImpl::dispatch() method. This logic could be factored out to a common method if BrokerClientImpl::send() still needs to check this, or removed from BrokerClientImpl::send() altogether, if it doesn&apos;t need to check for this other than during a dispatch.&lt;/p&gt;</comment>
                            <comment id="12937245" author="jstrachan" created="Tue, 15 Nov 2005 18:57:57 +0000"  >&lt;p&gt;This is now resolved in ActiveMQ 4.0 as we have a DemandBasedForwardingBridge which only forwards messages to another broker when there is a consumer for it&lt;/p&gt;</comment>
                    </comments>
                    <attachments>
                            <attachment id="12460539" name="ASF.LICENSE.NOT.GRANTED--patch.zip" size="14420" author="matthewv" created="Thu, 20 Oct 2005 00:34:29 +0100"/>
                    </attachments>
                <subtasks>
                    </subtasks>
                <customfields>
                                                <customfield id="customfield_12310310" key="com.atlassian.jira.toolkit:attachments">
                        <customfieldname>Attachment count</customfieldname>
                        <customfieldvalues>
                            <customfieldvalue>1.0</customfieldvalue>
                        </customfieldvalues>
                    </customfield>
                                                                                                                        <customfield id="customfield_12310220" key="com.atlassian.jira.ext.charting:firstresponsedate">
                        <customfieldname>Date of First Response</customfieldname>
                        <customfieldvalues>
                            <customfieldvalue>Tue, 15 Nov 2005 18:57:57 +0000</customfieldvalue>

                        </customfieldvalues>
                    </customfield>
                                                                                                                                                                                                            <customfield id="customfield_12310420" key="com.pyxis.greenhopper.jira:gh-global-rank">
                        <customfieldname>Global Rank</customfieldname>
                        <customfieldvalues>
                            <customfieldvalue>49081</customfieldvalue>
                        </customfieldvalues>
                    </customfield>
                                                                                            <customfield id="customfield_12311820" key="com.pyxis.greenhopper.jira:gh-lexo-rank">
                        <customfieldname>Rank</customfieldname>
                        <customfieldvalues>
                            <customfieldvalue>2|hylx67:</customfieldvalue>

                        </customfieldvalues>
                    </customfield>
                                                                <customfield id="customfield_12310920" key="com.pyxis.greenhopper.jira:gh-global-rank">
                        <customfieldname>Rank (Obsolete)</customfieldname>
                        <customfieldvalues>
                            <customfieldvalue>161896</customfieldvalue>
                        </customfieldvalues>
                    </customfield>
                                                                                                                                                    <customfield id="customfield_12310222" key="com.atlassian.jira.ext.charting:timeinstatus">
                        <customfieldname>Time in Status</customfieldname>
                        <customfieldvalues>
                            
                        </customfieldvalues>
                    </customfield>
                                    </customfields>
    </item>

<item>
            <title>[AMQ-390] JDBC Message Store fails to remove duplicate messages</title>
                <link>https://issues.apache.org/jira/browse/AMQ-390</link>
                <project id="12311210" key="AMQ">ActiveMQ</project>
                    <description>&lt;p&gt;If the same message is added to, and then removed from, the JDBCMessageStore, by two different threads, it is possible that both threads will attempt to delete the same row, leaving the second one behind.&lt;/p&gt;

&lt;p&gt;This is because the same sequence number is retrieved from the JDBCMessageStore::getMessageSequenceId() method.&lt;/p&gt;

&lt;p&gt;i.e. suppose we have MessageA stored in the MessageStore with sequence numbers 205 and 210 and the following occurs:&lt;/p&gt;

&lt;p&gt;Thread One  - removeMessage(MessageA)&lt;br/&gt;
Thread Two - removeMessage(MessageA)&lt;br/&gt;
Thread One - getMessageSequenceId(MessageA) --&amp;gt; returns top row i.e. sequence number 205&lt;br/&gt;
Thread Two - getMessageSequenceId(MessageA) --&amp;gt; returns top row i.e. sequence number 205&lt;br/&gt;
Thread One - Deletes row with sequence number 205&lt;br/&gt;
Thread Two - Attempts to delete row with sequence number 205&lt;/p&gt;

&lt;p&gt;This situation can eventuate in a clustered environment when the message is bounced between two nodes before being sent to an actual consumer, and the message acknowledgement is sufficiently delayed.&lt;/p&gt;

&lt;p&gt;i.e.  Suppose we have:&lt;/p&gt;

&lt;p&gt;Node0 &amp;lt;---&amp;gt; Node1&lt;/p&gt;

&lt;table class=&apos;confluenceTable&apos;&gt;&lt;tbody&gt;
&lt;tr&gt;
&lt;/tr&gt;
&lt;/tbody&gt;&lt;/table&gt;


&lt;p&gt;Consumer&lt;/p&gt;

&lt;p&gt;And the following happens:&lt;/p&gt;

&lt;p&gt;&lt;img class=&quot;emoticon&quot; src=&quot;https://issues.apache.org/jira/images/icons/emoticons/information.gif&quot; height=&quot;16&quot; width=&quot;16&quot; align=&quot;absmiddle&quot; alt=&quot;&quot; border=&quot;0&quot;/&gt; Message is sent from Node 0 to Node 1&lt;br/&gt;
(ii) Message is sent back from Node 1 to Node 0&lt;br/&gt;
(iii) Message is sent from Node 0 to consumer, C&lt;br/&gt;
(iv) Ack arrives from consumer C and from Node 1.&lt;/p&gt;

&lt;p&gt;The best possible fix  would be to ensure that acknowledgements always contain the sequence number of the message that they&apos;re acknowledging, thus ensuring the JDBCMessageStore doesn&apos;t have to try and determine the sequence number of the message to remove.&lt;/p&gt;

&lt;p&gt;Another possible fix, is for the JDBCMessageStore to remove the topmost remaining row in the store for the row with the matching message id, by pushing the sequence id lookup into a nested delete query. That would prevent the two Threads from attempting to delete the same row. This isn&apos;t the best solution but works in a situation where the sequence number is never provided with an acknowledgement.&lt;/p&gt;</description>
                <environment>&lt;p&gt;Windows XP, Java 1.4.1_01 (Sun)&lt;/p&gt;</environment>
        <key id="12481452">AMQ-390</key>
            <summary>JDBC Message Store fails to remove duplicate messages</summary>
                <type id="1" iconUrl="https://issues.apache.org/jira/images/icons/issuetypes/bug.png">Bug</type>
                                            <priority id="3" iconUrl="https://issues.apache.org/jira/images/icons/priorities/major.png">Major</priority>
                        <status id="5" iconUrl="https://issues.apache.org/jira/images/icons/statuses/resolved.png" description="A resolution has been taken, and it is awaiting verification by reporter. From here issues are either reopened, or are closed.">Resolved</status>
                    <statusCategory id="3" key="done" colorName="green"/>
                                    <resolution id="1">Fixed</resolution>
                                        <assignee username="rajdavies">Rob Davies</assignee>
                                    <reporter username="matthewv">Matthew Vincent</reporter>
                        <labels>
                    </labels>
                <created>Thu, 20 Oct 2005 00:58:14 +0100</created>
                <updated>Thu, 16 Feb 2006 11:30:44 +0000</updated>
                            <resolved>Sun, 15 Jan 2006 00:32:50 +0000</resolved>
                                    <version>3.1</version>
                                    <fixVersion>4.0 M4</fixVersion>
                                    <component>Message Store</component>
                        <due></due>
                            <votes>0</votes>
                                    <watches>1</watches>
                                                                <comments>
                            <comment id="12936386" author="chirino" created="Sun, 15 Jan 2006 00:20:53 +0000"  >&lt;p&gt;What do you think about this issue?  Sounds more like a network looping issue.&lt;/p&gt;</comment>
                            <comment id="12937401" author="rajdavies" created="Sun, 15 Jan 2006 00:32:50 +0000"  >&lt;p&gt;This is fixed in ActiveMQ 4.0&lt;/p&gt;</comment>
                    </comments>
                    <attachments>
                    </attachments>
                <subtasks>
                    </subtasks>
                <customfields>
                                                <customfield id="customfield_12310310" key="com.atlassian.jira.toolkit:attachments">
                        <customfieldname>Attachment count</customfieldname>
                        <customfieldvalues>
                            <customfieldvalue>0.0</customfieldvalue>
                        </customfieldvalues>
                    </customfield>
                                                                                                                        <customfield id="customfield_12310220" key="com.atlassian.jira.ext.charting:firstresponsedate">
                        <customfieldname>Date of First Response</customfieldname>
                        <customfieldvalues>
                            <customfieldvalue>Sun, 15 Jan 2006 00:20:53 +0000</customfieldvalue>

                        </customfieldvalues>
                    </customfield>
                                                                                                                                                                                                            <customfield id="customfield_12310420" key="com.pyxis.greenhopper.jira:gh-global-rank">
                        <customfieldname>Global Rank</customfieldname>
                        <customfieldvalues>
                            <customfieldvalue>49082</customfieldvalue>
                        </customfieldvalues>
                    </customfield>
                                                                                            <customfield id="customfield_12311820" key="com.pyxis.greenhopper.jira:gh-lexo-rank">
                        <customfieldname>Rank</customfieldname>
                        <customfieldvalues>
                            <customfieldvalue>2|hylx2v:</customfieldvalue>

                        </customfieldvalues>
                    </customfield>
                                                                <customfield id="customfield_12310920" key="com.pyxis.greenhopper.jira:gh-global-rank">
                        <customfieldname>Rank (Obsolete)</customfieldname>
                        <customfieldvalues>
                            <customfieldvalue>161881</customfieldvalue>
                        </customfieldvalues>
                    </customfield>
                                                                                                                                                    <customfield id="customfield_12310222" key="com.atlassian.jira.ext.charting:timeinstatus">
                        <customfieldname>Time in Status</customfieldname>
                        <customfieldvalues>
                            
                        </customfieldvalues>
                    </customfield>
                                    </customfields>
    </item>

<item>
            <title>[AMQ-393] Stopping a PooledConnectionFactory leaves JmsSessionDispatcher threads running</title>
                <link>https://issues.apache.org/jira/browse/AMQ-393</link>
                <project id="12311210" key="AMQ">ActiveMQ</project>
                    <description>&lt;p&gt;When a PooledConnectionFactory is stopped, ObjectPools created by the SessionPools aren&apos;t closed, and therefore PooledSessions remain running.  Since the underlying ActiveMQSession isn&apos;t actually closed when the PooledSession is closed, the ActiveMQSessionExecutor and its worker threads are never stopped.  I added a method to PooledConnection called &quot;destroyPools&quot; which will close the ObjectPools associated with a connection.  The differences are pasted below.&lt;/p&gt;

&lt;p&gt;diff oldpool/PooledConnection.java pool/PooledConnection.java&lt;br/&gt;
21a22&lt;br/&gt;
&amp;gt; import java.util.Iterator;&lt;br/&gt;
154a156,163&lt;br/&gt;
&amp;gt;     protected void destroyPools() {&lt;br/&gt;
&amp;gt;         Iterator i = cache.values().iterator();&lt;br/&gt;
&amp;gt;         while (i.hasNext()) &lt;/p&gt;
{
&amp;gt;             SessionPool pool = (SessionPool) i.next();
&amp;gt;             i.remove();
&amp;gt;             pool.close();
&amp;gt;         }
&lt;p&gt;&amp;gt;     }&lt;br/&gt;
diff oldpool/PooledConnectionFactory.java pool/PooledConnectionFactory.java&lt;br/&gt;
95a96&lt;br/&gt;
&amp;gt;             connection.destroyPools();&lt;br/&gt;
diff oldpool/SessionPool.java pool/SessionPool.java&lt;br/&gt;
98c98,104&lt;br/&gt;
&amp;lt;&lt;br/&gt;
&amp;#8212;&lt;br/&gt;
&amp;gt;     protected void close() {&lt;br/&gt;
&amp;gt;         if (sessionPool != null) {&lt;br/&gt;
&amp;gt;             try &lt;/p&gt;
{
&amp;gt;                 sessionPool.close();
&amp;gt;             }
&lt;p&gt; catch (Exception e) {}&lt;br/&gt;
&amp;gt;         }&lt;br/&gt;
&amp;gt;     }&lt;/p&gt;</description>
                <environment></environment>
        <key id="12481474">AMQ-393</key>
            <summary>Stopping a PooledConnectionFactory leaves JmsSessionDispatcher threads running</summary>
                <type id="1" iconUrl="https://issues.apache.org/jira/images/icons/issuetypes/bug.png">Bug</type>
                                            <priority id="4" iconUrl="https://issues.apache.org/jira/images/icons/priorities/minor.png">Minor</priority>
                        <status id="5" iconUrl="https://issues.apache.org/jira/images/icons/statuses/resolved.png" description="A resolution has been taken, and it is awaiting verification by reporter. From here issues are either reopened, or are closed.">Resolved</status>
                    <statusCategory id="3" key="done" colorName="green"/>
                                    <resolution id="1">Fixed</resolution>
                                        <assignee username="-1">Unassigned</assignee>
                                    <reporter username="jvolkman">Jeremy Volkman</reporter>
                        <labels>
                    </labels>
                <created>Tue, 25 Oct 2005 18:34:35 +0100</created>
                <updated>Thu, 16 Feb 2006 11:30:45 +0000</updated>
                            <resolved>Mon, 5 Dec 2005 09:55:24 +0000</resolved>
                                    <version>3.2</version>
                                    <fixVersion>4.0 M4</fixVersion>
                                    <component>JMS client</component>
                        <due></due>
                            <votes>0</votes>
                                    <watches>0</watches>
                                                                <comments>
                            <comment id="12937186" author="jstrachan" created="Tue, 15 Nov 2005 18:42:51 +0000"  >&lt;p&gt;patch applied, thanks Jeremy&lt;/p&gt;</comment>
                            <comment id="12937342" author="beyond005" created="Wed, 23 Nov 2005 07:46:58 +0000"  >&lt;p&gt;I fix the files in ActiveMQ3.2 source code and rebuild it. But the problem still happen. The JmsSessionDispatcher threads increase to a big number and cause the test program hang. What&apos;s the problem?&lt;/p&gt;</comment>
                            <comment id="12937302" author="jstrachan" created="Mon, 5 Dec 2005 09:55:24 +0000"  >&lt;p&gt;The issue is resolved in 4.0, not in 3.2&lt;/p&gt;</comment>
                    </comments>
                    <attachments>
                    </attachments>
                <subtasks>
                    </subtasks>
                <customfields>
                                                <customfield id="customfield_12310310" key="com.atlassian.jira.toolkit:attachments">
                        <customfieldname>Attachment count</customfieldname>
                        <customfieldvalues>
                            <customfieldvalue>0.0</customfieldvalue>
                        </customfieldvalues>
                    </customfield>
                                                                                                                        <customfield id="customfield_12310220" key="com.atlassian.jira.ext.charting:firstresponsedate">
                        <customfieldname>Date of First Response</customfieldname>
                        <customfieldvalues>
                            <customfieldvalue>Tue, 15 Nov 2005 18:42:51 +0000</customfieldvalue>

                        </customfieldvalues>
                    </customfield>
                                                                                                                                                                                                            <customfield id="customfield_12310420" key="com.pyxis.greenhopper.jira:gh-global-rank">
                        <customfieldname>Global Rank</customfieldname>
                        <customfieldvalues>
                            <customfieldvalue>49085</customfieldvalue>
                        </customfieldvalues>
                    </customfield>
                                                                                            <customfield id="customfield_12311820" key="com.pyxis.greenhopper.jira:gh-lexo-rank">
                        <customfieldname>Rank</customfieldname>
                        <customfieldvalues>
                            <customfieldvalue>2|hz1t8f:</customfieldvalue>

                        </customfieldvalues>
                    </customfield>
                                                                <customfield id="customfield_12310920" key="com.pyxis.greenhopper.jira:gh-global-rank">
                        <customfieldname>Rank (Obsolete)</customfieldname>
                        <customfieldvalues>
                            <customfieldvalue>254580</customfieldvalue>
                        </customfieldvalues>
                    </customfield>
                                                                                                                                                    <customfield id="customfield_12310222" key="com.atlassian.jira.ext.charting:timeinstatus">
                        <customfieldname>Time in Status</customfieldname>
                        <customfieldvalues>
                            
                        </customfieldvalues>
                    </customfield>
                                    </customfields>
    </item>

<item>
            <title>[AMQ-396] Messages sent async when acknowledgeMode == Session.DUPS_OK_ACKNOWLEDGE</title>
                <link>https://issues.apache.org/jira/browse/AMQ-396</link>
                <project id="12311210" key="AMQ">ActiveMQ</project>
                    <description></description>
                <environment></environment>
        <key id="12481276">AMQ-396</key>
            <summary>Messages sent async when acknowledgeMode == Session.DUPS_OK_ACKNOWLEDGE</summary>
                <type id="1" iconUrl="https://issues.apache.org/jira/images/icons/issuetypes/bug.png">Bug</type>
                                            <priority id="3" iconUrl="https://issues.apache.org/jira/images/icons/priorities/major.png">Major</priority>
                        <status id="6" iconUrl="https://issues.apache.org/jira/images/icons/statuses/closed.png" description="The issue is considered finished, the resolution is correct. Issues which are closed can be reopened.">Closed</status>
                    <statusCategory id="3" key="done" colorName="green"/>
                                    <resolution id="1">Fixed</resolution>
                                        <assignee username="chirino">Hiram Chirino</assignee>
                                    <reporter username="chirino">Hiram Chirino</reporter>
                        <labels>
                    </labels>
                <created>Thu, 27 Oct 2005 14:58:57 +0100</created>
                <updated>Thu, 27 Oct 2005 14:59:09 +0100</updated>
                            <resolved>Thu, 27 Oct 2005 14:59:09 +0100</resolved>
                                    <version>3.2</version>
                                    <fixVersion>3.2.1</fixVersion>
                                    <component>Broker</component>
                        <due></due>
                            <votes>0</votes>
                                    <watches>0</watches>
                                                                        <attachments>
                    </attachments>
                <subtasks>
                    </subtasks>
                <customfields>
                                                <customfield id="customfield_12310310" key="com.atlassian.jira.toolkit:attachments">
                        <customfieldname>Attachment count</customfieldname>
                        <customfieldvalues>
                            <customfieldvalue>0.0</customfieldvalue>
                        </customfieldvalues>
                    </customfield>
                                                                                                                                                                                                                                                                                                <customfield id="customfield_12310420" key="com.pyxis.greenhopper.jira:gh-global-rank">
                        <customfieldname>Global Rank</customfieldname>
                        <customfieldvalues>
                            <customfieldvalue>49087</customfieldvalue>
                        </customfieldvalues>
                    </customfield>
                                                                                            <customfield id="customfield_12311820" key="com.pyxis.greenhopper.jira:gh-lexo-rank">
                        <customfieldname>Rank</customfieldname>
                        <customfieldvalues>
                            <customfieldvalue>2|hynn2n:</customfieldvalue>

                        </customfieldvalues>
                    </customfield>
                                                                <customfield id="customfield_12310920" key="com.pyxis.greenhopper.jira:gh-global-rank">
                        <customfieldname>Rank (Obsolete)</customfieldname>
                        <customfieldvalues>
                            <customfieldvalue>171925</customfieldvalue>
                        </customfieldvalues>
                    </customfield>
                                                                                                                                                    <customfield id="customfield_12310222" key="com.atlassian.jira.ext.charting:timeinstatus">
                        <customfieldname>Time in Status</customfieldname>
                        <customfieldvalues>
                            
                        </customfieldvalues>
                    </customfield>
                                    </customfields>
    </item>

<item>
            <title>[AMQ-397] ActiveMQ 3.2 lots of WARN and INFO messages generated on destination clean up</title>
                <link>https://issues.apache.org/jira/browse/AMQ-397</link>
                <project id="12311210" key="AMQ">ActiveMQ</project>
                    <description>&lt;p&gt;Per Ioan&apos;s note:&lt;/p&gt;

&lt;p&gt;It seems that the treatment of dead messages has changed dramatically in 3.2&lt;br/&gt;
.&lt;/p&gt;

&lt;p&gt;Insted of a one-shot delete in 3.1:&lt;/p&gt;

&lt;p&gt;public String getDeleteOldMessagesStatment() {&lt;br/&gt;
return &quot;DELETE FROM &quot;&lt;ins&gt;tablePrefix+messageTableName&lt;/ins&gt;&lt;br/&gt;
&quot; WHERE ( EXPIRATION&amp;lt;&amp;gt;0 AND EXPIRATION&amp;lt;?) OR ID &amp;lt;= &quot; +&lt;br/&gt;
&quot;( SELECT MIN(&quot;&lt;ins&gt;tablePrefix+durableSubAcksTableName&lt;/ins&gt;&quot;.LAST_ACKED_ID) &quot; +&lt;br/&gt;
&quot;FROM &quot;&lt;ins&gt;tablePrefix+durableSubAcksTableName&lt;/ins&gt;&quot; WHERE &quot; +&lt;br/&gt;
tablePrefix+durableSubAcksTableName+&quot;.CONTAINER=&quot;&lt;ins&gt;tablePrefix+messageTableName&lt;/ins&gt;&lt;br/&gt;
&quot;.CONTAINER)&quot;;&lt;br/&gt;
}&lt;/p&gt;

&lt;p&gt;in 3.2&lt;br/&gt;
doGetOldMessages will get same deleted messages and process them one by one.&lt;br/&gt;
One issue is the extensive logging (could be debug instead of info) in&lt;br/&gt;
JDBCPersistenceAdapter:&lt;/p&gt;

&lt;p&gt;adapter.doGetOldMessages(c, new ExpiredMessageResultHandler() {&lt;br/&gt;
public void onMessage(long seq, String container, String messageID, boolean&lt;br/&gt;
isSentToDeadLetter) {&lt;br/&gt;
try {&lt;br/&gt;
// restore the message from the db&lt;br/&gt;
MessageStore messageStore = createQueueMessageStore(container);&lt;br/&gt;
MessageIdentity messageIdentity = new MessageIdentity(messageID, new&lt;br/&gt;
Long(seq));&lt;br/&gt;
ActiveMQMessage message = messageStore.getMessage(messageIdentity);&lt;br/&gt;
if (message != null){&lt;br/&gt;
log.info(&quot;Cleaning up old message in the database: &quot; + message.toString());&lt;br/&gt;
if (message.isExpired() &amp;amp;&amp;amp; !isSentToDeadLetter) {&lt;br/&gt;
// send a dead letter&lt;br/&gt;
sendToDeadLetter(message);&lt;br/&gt;
}else {&lt;br/&gt;
log.warn(&quot;could not find message from store with identity: &quot; +&lt;br/&gt;
messageIdentity + &quot; in cleanup&quot;);&lt;br/&gt;
}&lt;br/&gt;
}&lt;br/&gt;
// clean up old message, use original identity&lt;br/&gt;
cleanupOldMessage(c, new MessageIdentity(messageID, new Long(seq)));&lt;br/&gt;
} catch (JMSException jmse) {&lt;br/&gt;
log.warn(&quot;Cleanup expired message failed due to: &quot; + jmse, jmse);&lt;br/&gt;
} catch (SQLException sqle) {&lt;br/&gt;
log.warn(&quot;Cleanup expired message failed due to: &quot; + sqle, sqle);&lt;br/&gt;
}&lt;br/&gt;
}&lt;/p&gt;

&lt;p&gt;Maybe instead of deleting one message at a time, for !deadLetterEnabled, the&lt;br/&gt;
old one-shot delete could be preserved. Looks like a major performance&lt;br/&gt;
problem: instead of a single delete SQL there are N or even 2*N SQLs to be&lt;br/&gt;
executed with N=the total messages processed.&lt;/p&gt;

&lt;p&gt;Thanks,&lt;br/&gt;
Ioan&lt;/p&gt;</description>
                <environment></environment>
        <key id="12481352">AMQ-397</key>
            <summary>ActiveMQ 3.2 lots of WARN and INFO messages generated on destination clean up</summary>
                <type id="1" iconUrl="https://issues.apache.org/jira/images/icons/issuetypes/bug.png">Bug</type>
                                            <priority id="3" iconUrl="https://issues.apache.org/jira/images/icons/priorities/major.png">Major</priority>
                        <status id="5" iconUrl="https://issues.apache.org/jira/images/icons/statuses/resolved.png" description="A resolution has been taken, and it is awaiting verification by reporter. From here issues are either reopened, or are closed.">Resolved</status>
                    <statusCategory id="3" key="done" colorName="green"/>
                                    <resolution id="1">Fixed</resolution>
                                        <assignee username="rsaba">Ramzi Saba</assignee>
                                    <reporter username="rsaba">Ramzi Saba</reporter>
                        <labels>
                    </labels>
                <created>Fri, 28 Oct 2005 04:58:05 +0100</created>
                <updated>Sun, 20 Nov 2005 15:02:07 +0000</updated>
                            <resolved>Sun, 20 Nov 2005 15:02:07 +0000</resolved>
                                    <version>3.2</version>
                                    <fixVersion>3.2.1</fixVersion>
                                    <component>Broker</component>
                        <due></due>
                            <votes>0</votes>
                                    <watches>0</watches>
                                                                <comments>
                            <comment id="12937179" author="rsaba" created="Sun, 20 Nov 2005 15:02:07 +0000"  >&lt;p&gt;Fixed code to:&lt;br/&gt;
1- log at debug level&lt;br/&gt;
2- delete non-deadletters in one shot&lt;/p&gt;</comment>
                    </comments>
                    <attachments>
                    </attachments>
                <subtasks>
                    </subtasks>
                <customfields>
                                                <customfield id="customfield_12310310" key="com.atlassian.jira.toolkit:attachments">
                        <customfieldname>Attachment count</customfieldname>
                        <customfieldvalues>
                            <customfieldvalue>0.0</customfieldvalue>
                        </customfieldvalues>
                    </customfield>
                                                                                                                                                                                                                                                                                                <customfield id="customfield_12310420" key="com.pyxis.greenhopper.jira:gh-global-rank">
                        <customfieldname>Global Rank</customfieldname>
                        <customfieldvalues>
                            <customfieldvalue>49088</customfieldvalue>
                        </customfieldvalues>
                    </customfield>
                                                                                            <customfield id="customfield_12311820" key="com.pyxis.greenhopper.jira:gh-lexo-rank">
                        <customfieldname>Rank</customfieldname>
                        <customfieldvalues>
                            <customfieldvalue>2|hz1t87:</customfieldvalue>

                        </customfieldvalues>
                    </customfield>
                                                                <customfield id="customfield_12310920" key="com.pyxis.greenhopper.jira:gh-global-rank">
                        <customfieldname>Rank (Obsolete)</customfieldname>
                        <customfieldvalues>
                            <customfieldvalue>254579</customfieldvalue>
                        </customfieldvalues>
                    </customfield>
                                                                                                                                                    <customfield id="customfield_12310222" key="com.atlassian.jira.ext.charting:timeinstatus">
                        <customfieldname>Time in Status</customfieldname>
                        <customfieldvalues>
                            
                        </customfieldvalues>
                    </customfield>
                                    </customfields>
    </item>

<item>
            <title>[AMQ-398] Lack of synchronization in the org.activemq.io.util.FileDataBlock.activate and deactivate method.</title>
                <link>https://issues.apache.org/jira/browse/AMQ-398</link>
                <project id="12311210" key="AMQ">ActiveMQ</project>
                    <description>&lt;p&gt;Lack of synchronization in the org.activemq.io.util.FileDataBlock.activate and deactivate method. This causes an invalid handle IOException when a fast producer sends a large number of non-persistent messages to a slow consumer.&lt;/p&gt;</description>
                <environment></environment>
        <key id="12481392">AMQ-398</key>
            <summary>Lack of synchronization in the org.activemq.io.util.FileDataBlock.activate and deactivate method.</summary>
                <type id="1" iconUrl="https://issues.apache.org/jira/images/icons/issuetypes/bug.png">Bug</type>
                                            <priority id="3" iconUrl="https://issues.apache.org/jira/images/icons/priorities/major.png">Major</priority>
                        <status id="5" iconUrl="https://issues.apache.org/jira/images/icons/statuses/resolved.png" description="A resolution has been taken, and it is awaiting verification by reporter. From here issues are either reopened, or are closed.">Resolved</status>
                    <statusCategory id="3" key="done" colorName="green"/>
                                    <resolution id="1">Fixed</resolution>
                                        <assignee username="chirino">Hiram Chirino</assignee>
                                    <reporter username="waip">Paul Wai</reporter>
                        <labels>
                    </labels>
                <created>Fri, 28 Oct 2005 08:57:13 +0100</created>
                <updated>Mon, 5 Dec 2005 10:23:31 +0000</updated>
                            <resolved>Mon, 5 Dec 2005 10:23:31 +0000</resolved>
                                    <version>3.2</version>
                                    <fixVersion>3.2.2</fixVersion>
                                    <component>Broker</component>
                        <due></due>
                            <votes>0</votes>
                                    <watches>0</watches>
                                    <timeoriginalestimate seconds="60">1m</timeoriginalestimate>
                            <timeestimate seconds="60">1m</timeestimate>
                                        <comments>
                            <comment id="12937365" author="jstrachan" created="Mon, 5 Dec 2005 10:23:31 +0000"  >&lt;p&gt;Patch applied, thanks Paul!&lt;/p&gt;</comment>
                    </comments>
                    <attachments>
                    </attachments>
                <subtasks>
                    </subtasks>
                <customfields>
                                                <customfield id="customfield_12310310" key="com.atlassian.jira.toolkit:attachments">
                        <customfieldname>Attachment count</customfieldname>
                        <customfieldvalues>
                            <customfieldvalue>0.0</customfieldvalue>
                        </customfieldvalues>
                    </customfield>
                                                                                                                        <customfield id="customfield_12310220" key="com.atlassian.jira.ext.charting:firstresponsedate">
                        <customfieldname>Date of First Response</customfieldname>
                        <customfieldvalues>
                            <customfieldvalue>Mon, 5 Dec 2005 10:23:31 +0000</customfieldvalue>

                        </customfieldvalues>
                    </customfield>
                                                                                                                                                                                                            <customfield id="customfield_12310420" key="com.pyxis.greenhopper.jira:gh-global-rank">
                        <customfieldname>Global Rank</customfieldname>
                        <customfieldvalues>
                            <customfieldvalue>49089</customfieldvalue>
                        </customfieldvalues>
                    </customfield>
                                                                                            <customfield id="customfield_12311820" key="com.pyxis.greenhopper.jira:gh-lexo-rank">
                        <customfieldname>Rank</customfieldname>
                        <customfieldvalues>
                            <customfieldvalue>2|hz1t7z:</customfieldvalue>

                        </customfieldvalues>
                    </customfield>
                                                                <customfield id="customfield_12310920" key="com.pyxis.greenhopper.jira:gh-global-rank">
                        <customfieldname>Rank (Obsolete)</customfieldname>
                        <customfieldvalues>
                            <customfieldvalue>254578</customfieldvalue>
                        </customfieldvalues>
                    </customfield>
                                                                                                                                                    <customfield id="customfield_12310222" key="com.atlassian.jira.ext.charting:timeinstatus">
                        <customfieldname>Time in Status</customfieldname>
                        <customfieldvalues>
                            
                        </customfieldvalues>
                    </customfield>
                                    </customfields>
    </item>

<item>
            <title>[AMQ-399] Sporadic error while reading object.</title>
                <link>https://issues.apache.org/jira/browse/AMQ-399</link>
                <project id="12311210" key="AMQ">ActiveMQ</project>
                    <description>
&lt;p&gt;javax.jms.JMSException: Failed to build body from bytes. Reason: java.io.EOFException: Unexpected end of ZLIB input stream&lt;br/&gt;
        at org.activemq.message.ActiveMQObjectMessage.createFailedToBuildBodyException(ActiveMQObjectMessage.java:232)&lt;br/&gt;
        at org.activemq.message.ActiveMQObjectMessage.getObject(ActiveMQObjectMessage.java:164)&lt;br/&gt;
        at com.hb.jms.api.util.JmsSessionWrapper.handleMessage(JmsSessionWrapper.java:342)&lt;br/&gt;
        at com.hb.jms.api.util.JmsSessionWrapper.driveWrapperInner(JmsSessionWrapper.java:511)&lt;br/&gt;
        at com.hb.jms.api.util.JmsSessionWrapper$InnerRunner.run(JmsSessionWrapper.java:619)&lt;br/&gt;
        at java.lang.Thread.run(Thread.java:595)&lt;/p&gt;</description>
                <environment>&lt;p&gt;java version &quot;1.5.0_04&quot;&lt;br/&gt;
Java(TM) 2 Runtime Environment, Standard Edition (build 1.5.0_04-b05)&lt;br/&gt;
Java HotSpot(TM) Server VM (build 1.5.0_04-b05, mixed mode)&lt;/p&gt;</environment>
        <key id="12481423">AMQ-399</key>
            <summary>Sporadic error while reading object.</summary>
                <type id="1" iconUrl="https://issues.apache.org/jira/images/icons/issuetypes/bug.png">Bug</type>
                                            <priority id="3" iconUrl="https://issues.apache.org/jira/images/icons/priorities/major.png">Major</priority>
                        <status id="5" iconUrl="https://issues.apache.org/jira/images/icons/statuses/resolved.png" description="A resolution has been taken, and it is awaiting verification by reporter. From here issues are either reopened, or are closed.">Resolved</status>
                    <statusCategory id="3" key="done" colorName="green"/>
                                    <resolution id="2">Won&apos;t Fix</resolution>
                                        <assignee username="-1">Unassigned</assignee>
                                    <reporter username="iwadasn">Tyler Ward</reporter>
                        <labels>
                    </labels>
                <created>Mon, 31 Oct 2005 20:41:50 +0000</created>
                <updated>Tue, 15 Nov 2005 18:47:34 +0000</updated>
                            <resolved>Tue, 15 Nov 2005 18:47:34 +0000</resolved>
                                    <version>3.1</version>
                                                        <due></due>
                            <votes>0</votes>
                                    <watches>0</watches>
                                                                <comments>
                            <comment id="12937348" author="jstrachan" created="Tue, 15 Nov 2005 18:47:34 +0000"  >&lt;p&gt;This just looks like the result of a socket being closed&lt;/p&gt;</comment>
                    </comments>
                    <attachments>
                    </attachments>
                <subtasks>
                    </subtasks>
                <customfields>
                                                <customfield id="customfield_12310310" key="com.atlassian.jira.toolkit:attachments">
                        <customfieldname>Attachment count</customfieldname>
                        <customfieldvalues>
                            <customfieldvalue>0.0</customfieldvalue>
                        </customfieldvalues>
                    </customfield>
                                                                                                                        <customfield id="customfield_12310220" key="com.atlassian.jira.ext.charting:firstresponsedate">
                        <customfieldname>Date of First Response</customfieldname>
                        <customfieldvalues>
                            <customfieldvalue>Tue, 15 Nov 2005 18:47:34 +0000</customfieldvalue>

                        </customfieldvalues>
                    </customfield>
                                                                                                                                                                                                            <customfield id="customfield_12310420" key="com.pyxis.greenhopper.jira:gh-global-rank">
                        <customfieldname>Global Rank</customfieldname>
                        <customfieldvalues>
                            <customfieldvalue>84262</customfieldvalue>
                        </customfieldvalues>
                    </customfield>
                                                                                            <customfield id="customfield_12311820" key="com.pyxis.greenhopper.jira:gh-lexo-rank">
                        <customfieldname>Rank</customfieldname>
                        <customfieldvalues>
                            <customfieldvalue>2|hz1te7:</customfieldvalue>

                        </customfieldvalues>
                    </customfield>
                                                                <customfield id="customfield_12310920" key="com.pyxis.greenhopper.jira:gh-global-rank">
                        <customfieldname>Rank (Obsolete)</customfieldname>
                        <customfieldvalues>
                            <customfieldvalue>254606</customfieldvalue>
                        </customfieldvalues>
                    </customfield>
                                                                                                                                                    <customfield id="customfield_12310222" key="com.atlassian.jira.ext.charting:timeinstatus">
                        <customfieldname>Time in Status</customfieldname>
                        <customfieldvalues>
                            
                        </customfieldvalues>
                    </customfield>
                                    </customfields>
    </item>
</channel>
</rss>
