<!--
RSS generated by JIRA (6.3.4#6332-sha1:51bc225ef474afe3128b2f66878477f322397b16) at Tue Mar 31 18:58:53 UTC 2015

It is possible to restrict the fields that are returned in this document by specifying the 'field' parameter in your request.
For example, to request only the issue key and summary add field=key&field=summary to the URL of your request.
For example:
https://issues.apache.org/jira/sr/jira.issueviews:searchrequest-xml/temp/SearchRequest.xml?jqlQuery=project+%3D+AMQ+AND+issuetype+%3D+Bug+AND+created+%3E%3D+2005-4-1+AND+created+%3C%3D+2005-5-1+ORDER+BY+key+ASC&amp;tempMax=200&amp;field=key&amp;field=summary
-->
<!-- If you wish to do custom client-side styling of RSS, uncomment this:
<?xml-stylesheet href="https://issues.apache.org/jira/styles/jiraxml2html.xsl" type="text/xsl"?>
-->
<rss version="0.92">
    <channel>
        <title>ASF JIRA</title>
        <link>https://issues.apache.org/jira/secure/IssueNavigator.jspa?reset=true&amp;jqlQuery=project+%3D+AMQ+AND+issuetype+%3D+Bug+AND+created+%3E%3D+2005-4-1+AND+created+%3C%3D+2005-5-1+ORDER+BY+key+ASC</link>
        <description>An XML representation of a search request</description>
                <language>en-uk</language>
                        <issue start="0" end="10" total="10"/>
                <build-info>
            <version>6.3.4</version>
            <build-number>6332</build-number>
            <build-date>15-08-2014</build-date>
        </build-info>
<item>
            <title>[AMQ-226] Monitor lock conflict during shutdown</title>
                <link>https://issues.apache.org/jira/browse/AMQ-226</link>
                <project id="12311210" key="AMQ">ActiveMQ</project>
                    <description>&lt;p&gt;Given the broker setup where:&lt;/p&gt;

&lt;p&gt;1. A reliable/tcp NetworkChannel is defined with an extremely large value establishConnectionTimeout (allowing a never timeout case)&lt;br/&gt;
2. The target of the NetworkChannel is not available, so the channel never completes the initial setup.&lt;/p&gt;

&lt;p&gt;Then attempt to stop the broker with a kill command.  (should be better way, maybe admin function)&lt;/p&gt;

&lt;p&gt;The broker vm does not shutdown cleanly on linux as there is monitor lock conflict between the shutdown thread and the unfinished network channel thread.&lt;/p&gt;</description>
                <environment>&lt;p&gt;linux 9.0 java 1.4.2_05&lt;/p&gt;</environment>
        <key id="12481185">AMQ-226</key>
            <summary>Monitor lock conflict during shutdown</summary>
                <type id="1" iconUrl="https://issues.apache.org/jira/images/icons/issuetypes/bug.png">Bug</type>
                                            <priority id="3" iconUrl="https://issues.apache.org/jira/images/icons/priorities/major.png">Major</priority>
                        <status id="5" iconUrl="https://issues.apache.org/jira/images/icons/statuses/resolved.png" description="A resolution has been taken, and it is awaiting verification by reporter. From here issues are either reopened, or are closed.">Resolved</status>
                    <statusCategory id="3" key="done" colorName="green"/>
                                    <resolution id="1">Fixed</resolution>
                                        <assignee username="-1">Unassigned</assignee>
                                    <reporter username="dennis@bevocal.com">Dennis Cook</reporter>
                        <labels>
                    </labels>
                <created>Tue, 5 Apr 2005 00:37:18 +0100</created>
                <updated>Wed, 6 Apr 2005 11:03:36 +0100</updated>
                            <resolved>Wed, 6 Apr 2005 11:03:36 +0100</resolved>
                                                    <fixVersion>3.0</fixVersion>
                                        <due></due>
                            <votes>0</votes>
                                    <watches>0</watches>
                                                                <comments>
                            <comment id="12936876" author="dennis@bevocal.com" created="Tue, 5 Apr 2005 00:55:20 +0100"  >&lt;p&gt;The fix for this one is remove the synchronized modifier from the close() method and create a synchronized(this) block inside the body of the method after the point where the transportChannel.setPendingStop(true) is called.&lt;/p&gt;</comment>
                            <comment id="12936776" author="jstrachan" created="Wed, 6 Apr 2005 11:03:36 +0100"  >&lt;p&gt;Applied patch from Dennis - many thanks&lt;/p&gt;</comment>
                    </comments>
                    <attachments>
                    </attachments>
                <subtasks>
                    </subtasks>
                <customfields>
                                                <customfield id="customfield_12310310" key="com.atlassian.jira.toolkit:attachments">
                        <customfieldname>Attachment count</customfieldname>
                        <customfieldvalues>
                            <customfieldvalue>0.0</customfieldvalue>
                        </customfieldvalues>
                    </customfield>
                                                                                                                        <customfield id="customfield_12310220" key="com.atlassian.jira.ext.charting:firstresponsedate">
                        <customfieldname>Date of First Response</customfieldname>
                        <customfieldvalues>
                            <customfieldvalue>Wed, 6 Apr 2005 10:03:36 +0000</customfieldvalue>

                        </customfieldvalues>
                    </customfield>
                                                                                                                                                                                                            <customfield id="customfield_12310420" key="com.pyxis.greenhopper.jira:gh-global-rank">
                        <customfieldname>Global Rank</customfieldname>
                        <customfieldvalues>
                            <customfieldvalue>48950</customfieldvalue>
                        </customfieldvalues>
                    </customfield>
                                                                                            <customfield id="customfield_12311820" key="com.pyxis.greenhopper.jira:gh-lexo-rank">
                        <customfieldname>Rank</customfieldname>
                        <customfieldvalues>
                            <customfieldvalue>2|hylvq7:</customfieldvalue>

                        </customfieldvalues>
                    </customfield>
                                                                <customfield id="customfield_12310920" key="com.pyxis.greenhopper.jira:gh-global-rank">
                        <customfieldname>Rank (Obsolete)</customfieldname>
                        <customfieldvalues>
                            <customfieldvalue>161662</customfieldvalue>
                        </customfieldvalues>
                    </customfield>
                                                                                                                                                    <customfield id="customfield_12310222" key="com.atlassian.jira.ext.charting:timeinstatus">
                        <customfieldname>Time in Status</customfieldname>
                        <customfieldvalues>
                            
                        </customfieldvalues>
                    </customfield>
                                    </customfields>
    </item>

<item>
            <title>[AMQ-227] Duplicate clientid error when using the ActiveMQInitialContextFactory</title>
                <link>https://issues.apache.org/jira/browse/AMQ-227</link>
                <project id="12311210" key="AMQ">ActiveMQ</project>
                    <description>&lt;p&gt;ActiveMQ clients that ActiveMQ have the same client id, that is &quot;clientid&quot;. This makes ActiveMQ complain about it.&lt;br/&gt;
Client is only using queues.&lt;/p&gt;</description>
                <environment></environment>
        <key id="12481017">AMQ-227</key>
            <summary>Duplicate clientid error when using the ActiveMQInitialContextFactory</summary>
                <type id="1" iconUrl="https://issues.apache.org/jira/images/icons/issuetypes/bug.png">Bug</type>
                                            <priority id="3" iconUrl="https://issues.apache.org/jira/images/icons/priorities/major.png">Major</priority>
                        <status id="5" iconUrl="https://issues.apache.org/jira/images/icons/statuses/resolved.png" description="A resolution has been taken, and it is awaiting verification by reporter. From here issues are either reopened, or are closed.">Resolved</status>
                    <statusCategory id="3" key="done" colorName="green"/>
                                    <resolution id="1">Fixed</resolution>
                                        <assignee username="-1">Unassigned</assignee>
                                    <reporter username="chirino">Hiram Chirino</reporter>
                        <labels>
                    </labels>
                <created>Wed, 6 Apr 2005 18:34:46 +0100</created>
                <updated>Wed, 13 Apr 2005 12:54:54 +0100</updated>
                            <resolved>Wed, 13 Apr 2005 12:54:54 +0100</resolved>
                                    <version>2.1</version>
                                    <fixVersion>3.0</fixVersion>
                                    <component>JMS client</component>
                        <due></due>
                            <votes>0</votes>
                                    <watches>0</watches>
                                                                <comments>
                            <comment id="12937214" author="jstrachan" created="Wed, 13 Apr 2005 12:54:54 +0100"  >&lt;p&gt;This was due to a bug in the JNDI initial context factory AFAIK&lt;/p&gt;</comment>
                    </comments>
                    <attachments>
                    </attachments>
                <subtasks>
                    </subtasks>
                <customfields>
                                                <customfield id="customfield_12310310" key="com.atlassian.jira.toolkit:attachments">
                        <customfieldname>Attachment count</customfieldname>
                        <customfieldvalues>
                            <customfieldvalue>0.0</customfieldvalue>
                        </customfieldvalues>
                    </customfield>
                                                                                                                        <customfield id="customfield_12310220" key="com.atlassian.jira.ext.charting:firstresponsedate">
                        <customfieldname>Date of First Response</customfieldname>
                        <customfieldvalues>
                            <customfieldvalue>Wed, 13 Apr 2005 11:54:54 +0000</customfieldvalue>

                        </customfieldvalues>
                    </customfield>
                                                                                                                                                                                                            <customfield id="customfield_12310420" key="com.pyxis.greenhopper.jira:gh-global-rank">
                        <customfieldname>Global Rank</customfieldname>
                        <customfieldvalues>
                            <customfieldvalue>48951</customfieldvalue>
                        </customfieldvalues>
                    </customfield>
                                                                                            <customfield id="customfield_12311820" key="com.pyxis.greenhopper.jira:gh-lexo-rank">
                        <customfieldname>Rank</customfieldname>
                        <customfieldvalues>
                            <customfieldvalue>2|hylvf3:</customfieldvalue>

                        </customfieldvalues>
                    </customfield>
                                                                <customfield id="customfield_12310920" key="com.pyxis.greenhopper.jira:gh-global-rank">
                        <customfieldname>Rank (Obsolete)</customfieldname>
                        <customfieldvalues>
                            <customfieldvalue>161612</customfieldvalue>
                        </customfieldvalues>
                    </customfield>
                                                                                                                                                    <customfield id="customfield_12310222" key="com.atlassian.jira.ext.charting:timeinstatus">
                        <customfieldname>Time in Status</customfieldname>
                        <customfieldvalues>
                            
                        </customfieldvalues>
                    </customfield>
                                    </customfields>
    </item>

<item>
            <title>[AMQ-228] Eclipse project for Core not working</title>
                <link>https://issues.apache.org/jira/browse/AMQ-228</link>
                <project id="12311210" key="AMQ">ActiveMQ</project>
                    <description>&lt;p&gt;The .classpath file for the core module contains a classpath entry for &amp;lt;ACTIVEMQ_HOME&amp;gt;/src/class (absolute path), whereas the correct path would be &amp;lt;ACTIVEMQ_HOME&amp;gt;/modules/core/src/conf (absolute path) or just src/conf (rel. path).&lt;/p&gt;

&lt;p&gt;The fix is as easy as adding $&lt;/p&gt;
{basedir} in /modules/core/project.properties line 10:&lt;br/&gt;
maven.eclipse.classpath.include=${basedir}
&lt;p&gt;/src/conf&lt;/p&gt;</description>
                <environment></environment>
        <key id="12481074">AMQ-228</key>
            <summary>Eclipse project for Core not working</summary>
                <type id="1" iconUrl="https://issues.apache.org/jira/images/icons/issuetypes/bug.png">Bug</type>
                                            <priority id="5" iconUrl="https://issues.apache.org/jira/images/icons/priorities/trivial.png">Trivial</priority>
                        <status id="5" iconUrl="https://issues.apache.org/jira/images/icons/statuses/resolved.png" description="A resolution has been taken, and it is awaiting verification by reporter. From here issues are either reopened, or are closed.">Resolved</status>
                    <statusCategory id="3" key="done" colorName="green"/>
                                    <resolution id="1">Fixed</resolution>
                                        <assignee username="-1">Unassigned</assignee>
                                    <reporter username="skleinei">Stefan Kleineikenscheidt</reporter>
                        <labels>
                    </labels>
                <created>Thu, 7 Apr 2005 18:21:58 +0100</created>
                <updated>Thu, 7 Apr 2005 19:59:41 +0100</updated>
                            <resolved>Thu, 7 Apr 2005 19:59:41 +0100</resolved>
                                    <version>3.0</version>
                                    <fixVersion>3.0</fixVersion>
                                    <component>Broker</component>
                        <due></due>
                            <votes>0</votes>
                                    <watches>0</watches>
                                                                        <attachments>
                    </attachments>
                <subtasks>
                    </subtasks>
                <customfields>
                                                <customfield id="customfield_12310310" key="com.atlassian.jira.toolkit:attachments">
                        <customfieldname>Attachment count</customfieldname>
                        <customfieldvalues>
                            <customfieldvalue>0.0</customfieldvalue>
                        </customfieldvalues>
                    </customfield>
                                                                                                                                                                                                                                                                                                <customfield id="customfield_12310420" key="com.pyxis.greenhopper.jira:gh-global-rank">
                        <customfieldname>Global Rank</customfieldname>
                        <customfieldvalues>
                            <customfieldvalue>48952</customfieldvalue>
                        </customfieldvalues>
                    </customfield>
                                                                                            <customfield id="customfield_12311820" key="com.pyxis.greenhopper.jira:gh-lexo-rank">
                        <customfieldname>Rank</customfieldname>
                        <customfieldvalues>
                            <customfieldvalue>2|hz1sxr:</customfieldvalue>

                        </customfieldvalues>
                    </customfield>
                                                                <customfield id="customfield_12310920" key="com.pyxis.greenhopper.jira:gh-global-rank">
                        <customfieldname>Rank (Obsolete)</customfieldname>
                        <customfieldvalues>
                            <customfieldvalue>254532</customfieldvalue>
                        </customfieldvalues>
                    </customfield>
                                                                                                                                                    <customfield id="customfield_12310222" key="com.atlassian.jira.ext.charting:timeinstatus">
                        <customfieldname>Time in Status</customfieldname>
                        <customfieldvalues>
                            
                        </customfieldvalues>
                    </customfield>
                                    </customfields>
    </item>

<item>
            <title>[AMQ-230] Reliable protocol + tcp Connector does not reconnect on restarted external broker</title>
                <link>https://issues.apache.org/jira/browse/AMQ-230</link>
                <project id="12311210" key="AMQ">ActiveMQ</project>
                    <description>&lt;p&gt;This will either prove to be an incorrect assumption on my part, or a bug.  &lt;/p&gt;

&lt;p&gt;Normally the reliable protocol is used to fail-over to a different broker if the 1st connected to broker dies.  However if one sets up a client connection using the reliable protocol to a one-and-only external/standalone broker that is alive, then dead, then alive, the reliable protocol does not reconnect to it.&lt;/p&gt;

&lt;p&gt;This issue may be directly related to &lt;a href=&quot;https://issues.apache.org/jira/browse/AMQ-211&quot; title=&quot;Reliable reconnection process is broken&quot; class=&quot;issue-link&quot; data-issue-key=&quot;AMQ-211&quot;&gt;&lt;del&gt;AMQ-211&lt;/del&gt;&lt;/a&gt; which is marked as fixed, but this test case still fails for me.&lt;/p&gt;

&lt;p&gt;The really interesting part is line 105 of my test case, that tries to send the 2nd message.  This line actually succeeds, but NOTHING actually happens.  By tracing through, I eventually get to ActiveMQSession, line 1458, where it calls asyncSendPacket(msg). Inside this method, it checks the isTransportOK property (which is false at this point), then does NOTHING, and returns.  &lt;/p&gt;

&lt;p&gt;It is a silent failure.&lt;/p&gt;

&lt;p&gt;Steps to Reproduce:&lt;/p&gt;

&lt;p&gt;1. Using the 20050407 3.0 snapshot distribution, startup a standalone broker process using the below configuration file:&lt;/p&gt;

&lt;p&gt;&amp;lt;?xml version=&quot;1.0&quot; encoding=&quot;UTF-8&quot;?&amp;gt;&lt;br/&gt;
&amp;lt;!DOCTYPE beans PUBLIC  &quot;-//ACTIVEMQ//DTD//EN&quot; &quot;http://activemq.org/dtd/activemq.dtd&quot;&amp;gt;&lt;br/&gt;
&amp;lt;beans&amp;gt;&lt;/p&gt;

&lt;p&gt;  &amp;lt;broker&amp;gt;&lt;br/&gt;
    &amp;lt;connector&amp;gt;&lt;br/&gt;
      &amp;lt;tcpServerTransport uri=&quot;tcp://localhost:61616&quot;/&amp;gt;&lt;br/&gt;
    &amp;lt;/connector&amp;gt;&lt;br/&gt;
&amp;lt;!--&lt;br/&gt;
    &amp;lt;discoveryAgent&amp;gt;&lt;br/&gt;
      &amp;lt;zeroconfDiscovery type=&quot;_activemq.broker.development.&quot;/&amp;gt;&lt;br/&gt;
    &amp;lt;/discoveryAgent&amp;gt;&lt;/p&gt;

&lt;p&gt;    &amp;lt;discoveryNetworkConnector/&amp;gt;&lt;br/&gt;
--&amp;gt;&lt;/p&gt;

&lt;p&gt;    &amp;lt;persistence&amp;gt;&lt;br/&gt;
      &amp;lt;cachePersistence&amp;gt;&lt;br/&gt;
        &amp;lt;journalPersistence directory=&quot;../var/journal&quot;&amp;gt;&lt;br/&gt;
          &amp;lt;jdbcPersistence dataSourceRef=&quot;derby-ds&quot;/&amp;gt;&lt;br/&gt;
        &amp;lt;/journalPersistence&amp;gt;&lt;br/&gt;
      &amp;lt;/cachePersistence&amp;gt;&lt;br/&gt;
    &amp;lt;/persistence&amp;gt;&lt;br/&gt;
  &amp;lt;/broker&amp;gt;&lt;/p&gt;

&lt;p&gt;  &amp;lt;!-- ==================================================================== --&amp;gt;&lt;br/&gt;
  &amp;lt;!-- JDBC DataSource Configurations --&amp;gt;&lt;br/&gt;
  &amp;lt;!-- ==================================================================== --&amp;gt;&lt;/p&gt;

&lt;p&gt;  &amp;lt;!-- The Derby Datasource that will be used by the Broker --&amp;gt;&lt;br/&gt;
  &amp;lt;bean id=&quot;derby-ds&quot; class=&quot;org.apache.commons.dbcp.BasicDataSource&quot; destroy-method=&quot;close&quot;&amp;gt;&lt;br/&gt;
    &amp;lt;property name=&quot;driverClassName&quot;&amp;gt;&lt;br/&gt;
      &amp;lt;value&amp;gt;org.apache.derby.jdbc.EmbeddedDriver&amp;lt;/value&amp;gt;&lt;br/&gt;
    &amp;lt;/property&amp;gt;&lt;br/&gt;
    &amp;lt;property name=&quot;url&quot;&amp;gt;&lt;br/&gt;
      &amp;lt;!-- Use a URL like &apos;jdbc:hsqldb:hsql://localhost:9001&apos; if you want to connect to a remote hsqldb --&amp;gt;&lt;br/&gt;
      &amp;lt;value&amp;gt;jdbc:derby:derbydb;create=true&amp;lt;/value&amp;gt;&lt;br/&gt;
    &amp;lt;/property&amp;gt;&lt;br/&gt;
    &amp;lt;property name=&quot;username&quot;&amp;gt;&lt;br/&gt;
      &amp;lt;value&amp;gt;&amp;lt;/value&amp;gt;&lt;br/&gt;
    &amp;lt;/property&amp;gt;&lt;br/&gt;
    &amp;lt;property name=&quot;password&quot;&amp;gt;&lt;br/&gt;
      &amp;lt;value&amp;gt;&amp;lt;/value&amp;gt;&lt;br/&gt;
    &amp;lt;/property&amp;gt;&lt;br/&gt;
    &amp;lt;property name=&quot;poolPreparedStatements&quot;&amp;gt;&lt;br/&gt;
      &amp;lt;value&amp;gt;true&amp;lt;/value&amp;gt;&lt;br/&gt;
    &amp;lt;/property&amp;gt;&lt;br/&gt;
  &amp;lt;/bean&amp;gt;&lt;br/&gt;
&amp;lt;/beans&amp;gt;&lt;/p&gt;

&lt;p&gt;2. Run the attached unit test case, stopping &amp;amp; starting the external broker as requested in the log4j output to the console.  This unit test will wait for start/stop, but you&apos;ll have to trigger that manually.  I did not wish to try a fully automated test case because that did not represent the use-case we are trying to achieve.&lt;/p&gt;
</description>
                <environment></environment>
        <key id="12481066">AMQ-230</key>
            <summary>Reliable protocol + tcp Connector does not reconnect on restarted external broker</summary>
                <type id="1" iconUrl="https://issues.apache.org/jira/images/icons/issuetypes/bug.png">Bug</type>
                                            <priority id="3" iconUrl="https://issues.apache.org/jira/images/icons/priorities/major.png">Major</priority>
                        <status id="5" iconUrl="https://issues.apache.org/jira/images/icons/statuses/resolved.png" description="A resolution has been taken, and it is awaiting verification by reporter. From here issues are either reopened, or are closed.">Resolved</status>
                    <statusCategory id="3" key="done" colorName="green"/>
                                    <resolution id="1">Fixed</resolution>
                                        <assignee username="-1">Unassigned</assignee>
                                    <reporter username="psmith@apache.org">Paul Smith</reporter>
                        <labels>
                    </labels>
                <created>Fri, 8 Apr 2005 08:44:39 +0100</created>
                <updated>Fri, 8 Apr 2005 10:22:33 +0100</updated>
                            <resolved>Fri, 8 Apr 2005 10:22:02 +0100</resolved>
                                    <version>3.0</version>
                                    <fixVersion>3.0</fixVersion>
                                    <component>Connector</component>
                    <component>Transport</component>
                        <due></due>
                            <votes>0</votes>
                                    <watches>0</watches>
                                                                <comments>
                            <comment id="12936727" author="chirino" created="Fri, 8 Apr 2005 10:22:02 +0100"  >&lt;p&gt;Should be fixed now.&lt;/p&gt;</comment>
                    </comments>
                    <attachments>
                    </attachments>
                <subtasks>
                    </subtasks>
                <customfields>
                                                <customfield id="customfield_12310310" key="com.atlassian.jira.toolkit:attachments">
                        <customfieldname>Attachment count</customfieldname>
                        <customfieldvalues>
                            <customfieldvalue>0.0</customfieldvalue>
                        </customfieldvalues>
                    </customfield>
                                                                                                                        <customfield id="customfield_12310220" key="com.atlassian.jira.ext.charting:firstresponsedate">
                        <customfieldname>Date of First Response</customfieldname>
                        <customfieldvalues>
                            <customfieldvalue>Fri, 8 Apr 2005 09:22:02 +0000</customfieldvalue>

                        </customfieldvalues>
                    </customfield>
                                                                                                                                                                                                            <customfield id="customfield_12310420" key="com.pyxis.greenhopper.jira:gh-global-rank">
                        <customfieldname>Global Rank</customfieldname>
                        <customfieldvalues>
                            <customfieldvalue>48954</customfieldvalue>
                        </customfieldvalues>
                    </customfield>
                                                                                            <customfield id="customfield_12311820" key="com.pyxis.greenhopper.jira:gh-lexo-rank">
                        <customfieldname>Rank</customfieldname>
                        <customfieldvalues>
                            <customfieldvalue>2|hz1sxb:</customfieldvalue>

                        </customfieldvalues>
                    </customfield>
                                                                <customfield id="customfield_12310920" key="com.pyxis.greenhopper.jira:gh-global-rank">
                        <customfieldname>Rank (Obsolete)</customfieldname>
                        <customfieldvalues>
                            <customfieldvalue>254530</customfieldvalue>
                        </customfieldvalues>
                    </customfield>
                                                                                                                                                    <customfield id="customfield_12310222" key="com.atlassian.jira.ext.charting:timeinstatus">
                        <customfieldname>Time in Status</customfieldname>
                        <customfieldvalues>
                            
                        </customfieldvalues>
                    </customfield>
                                    </customfields>
    </item>

<item>
            <title>[AMQ-231] reliable:tcp://localhost Transport does not reconnect a consumer when broker failed.</title>
                <link>https://issues.apache.org/jira/browse/AMQ-231</link>
                <project id="12311210" key="AMQ">ActiveMQ</project>
                    <description>&lt;p&gt;Configured the consumer example client to use the reliable protocal using:&lt;br/&gt;
$ ant -Durl=reliable:tcp://localhost:61616 -Dmax=20 consumer &lt;/p&gt;

&lt;p&gt;Then I sent it 10 messages using&lt;/p&gt;

&lt;p&gt;$ ant -Durl=reliable:tcp://localhost:61616 producer&lt;/p&gt;

&lt;p&gt;The consumer received the first 10 messages.&lt;/p&gt;

&lt;p&gt;Then I shutdownn and restarted the broker.  And then sent it 10 more messages again.  Waited to see if the consumer would reconnect to the broker and receive the 2nd set of 10 messages.  The consumer client never reconnected and it never received the 10 outstanding messages.&lt;/p&gt;</description>
                <environment></environment>
        <key id="12483298">AMQ-231</key>
            <summary>reliable:tcp://localhost Transport does not reconnect a consumer when broker failed.</summary>
                <type id="1" iconUrl="https://issues.apache.org/jira/images/icons/issuetypes/bug.png">Bug</type>
                                            <priority id="3" iconUrl="https://issues.apache.org/jira/images/icons/priorities/major.png">Major</priority>
                        <status id="6" iconUrl="https://issues.apache.org/jira/images/icons/statuses/closed.png" description="The issue is considered finished, the resolution is correct. Issues which are closed can be reopened.">Closed</status>
                    <statusCategory id="3" key="done" colorName="green"/>
                                    <resolution id="2">Won&apos;t Fix</resolution>
                                        <assignee username="-1">Unassigned</assignee>
                                    <reporter username="chirino">Hiram Chirino</reporter>
                        <labels>
                    </labels>
                <created>Fri, 8 Apr 2005 09:19:44 +0100</created>
                <updated>Thu, 4 Aug 2011 00:08:48 +0100</updated>
                            <resolved>Thu, 4 Aug 2011 00:08:48 +0100</resolved>
                                    <version>3.0</version>
                                    <fixVersion>NEEDS_REVIEW</fixVersion>
                                    <component>JMS client</component>
                        <due></due>
                            <votes>0</votes>
                                    <watches>1</watches>
                                                                <comments>
                            <comment id="12936583" author="chirino" created="Fri, 8 Apr 2005 09:22:10 +0100"  >&lt;p&gt;Fixed.&lt;/p&gt;</comment>
                            <comment id="12940750" author="milanoblastoma" created="Mon, 9 Feb 2009 12:56:46 +0000"  >&lt;p&gt;I am facing same problem.&lt;br/&gt;
i have a single broker.&lt;br/&gt;
one consumer is subscribed for a topic.&lt;br/&gt;
consumer can receive messages on that topic.&lt;/p&gt;

&lt;p&gt;then i manually put the broker down(simulated network failure)&lt;/p&gt;

&lt;p&gt;after putting broker up again, i can reconnect to broker.(can see the topic available again).&lt;br/&gt;
i send messages on that topic&lt;br/&gt;
but consumer cant recieve messages on that topic.&lt;/p&gt;
</comment>
                            <comment id="13079109" author="tabish121" created="Thu, 4 Aug 2011 00:08:48 +0100"  >&lt;p&gt;OBE&lt;/p&gt;</comment>
                    </comments>
                    <attachments>
                    </attachments>
                <subtasks>
                    </subtasks>
                <customfields>
                                                <customfield id="customfield_12310310" key="com.atlassian.jira.toolkit:attachments">
                        <customfieldname>Attachment count</customfieldname>
                        <customfieldvalues>
                            <customfieldvalue>0.0</customfieldvalue>
                        </customfieldvalues>
                    </customfield>
                                                                                                                        <customfield id="customfield_12310220" key="com.atlassian.jira.ext.charting:firstresponsedate">
                        <customfieldname>Date of First Response</customfieldname>
                        <customfieldvalues>
                            <customfieldvalue>Mon, 9 Feb 2009 12:56:46 +0000</customfieldvalue>

                        </customfieldvalues>
                    </customfield>
                                                                                                                                                                                                            <customfield id="customfield_12310420" key="com.pyxis.greenhopper.jira:gh-global-rank">
                        <customfieldname>Global Rank</customfieldname>
                        <customfieldvalues>
                            <customfieldvalue>66361</customfieldvalue>
                        </customfieldvalues>
                    </customfield>
                                                                                            <customfield id="customfield_12311820" key="com.pyxis.greenhopper.jira:gh-lexo-rank">
                        <customfieldname>Rank</customfieldname>
                        <customfieldvalues>
                            <customfieldvalue>2|hynog7:</customfieldvalue>

                        </customfieldvalues>
                    </customfield>
                                                                <customfield id="customfield_12310920" key="com.pyxis.greenhopper.jira:gh-global-rank">
                        <customfieldname>Rank (Obsolete)</customfieldname>
                        <customfieldvalues>
                            <customfieldvalue>172148</customfieldvalue>
                        </customfieldvalues>
                    </customfield>
                                                                                                                                                    <customfield id="customfield_12310222" key="com.atlassian.jira.ext.charting:timeinstatus">
                        <customfieldname>Time in Status</customfieldname>
                        <customfieldvalues>
                            
                        </customfieldvalues>
                    </customfield>
                                    </customfields>
    </item>

<item>
            <title>[AMQ-233] tcp transport async sending could send messages out of order.  Increasing maxOutstandingMessages reduces problems.</title>
                <link>https://issues.apache.org/jira/browse/AMQ-233</link>
                <project id="12311210" key="AMQ">ActiveMQ</project>
                    <description>&lt;p&gt;Right now the tcp transport could send messages out of order if the number of outstanding messages to be delivered exeeds the maxOutstandingMessages amount.&lt;/p&gt;

&lt;p&gt;The PooledExecutor being used uses the default blocked execution policy which is Run.  It should be changed to Wait so that messages are not sent out of order.&lt;/p&gt;

&lt;p&gt;Increasing the maxOutstandingMessages to a high number reduces the chance that the problem will be encountered.&lt;/p&gt;</description>
                <environment></environment>
        <key id="12481064">AMQ-233</key>
            <summary>tcp transport async sending could send messages out of order.  Increasing maxOutstandingMessages reduces problems.</summary>
                <type id="1" iconUrl="https://issues.apache.org/jira/images/icons/issuetypes/bug.png">Bug</type>
                                            <priority id="3" iconUrl="https://issues.apache.org/jira/images/icons/priorities/major.png">Major</priority>
                        <status id="6" iconUrl="https://issues.apache.org/jira/images/icons/statuses/closed.png" description="The issue is considered finished, the resolution is correct. Issues which are closed can be reopened.">Closed</status>
                    <statusCategory id="3" key="done" colorName="green"/>
                                    <resolution id="1">Fixed</resolution>
                                        <assignee username="chirino">Hiram Chirino</assignee>
                                    <reporter username="chirino">Hiram Chirino</reporter>
                        <labels>
                    </labels>
                <created>Wed, 13 Apr 2005 01:08:12 +0100</created>
                <updated>Wed, 13 Apr 2005 02:00:27 +0100</updated>
                            <resolved>Wed, 13 Apr 2005 02:00:12 +0100</resolved>
                                    <version>3.0</version>
                                    <fixVersion>3.1</fixVersion>
                                    <component>Transport</component>
                        <due></due>
                            <votes>0</votes>
                                    <watches>0</watches>
                                                                <comments>
                            <comment id="12936633" author="chirino" created="Wed, 13 Apr 2005 02:00:12 +0100"  >&lt;p&gt;Fixed.&lt;/p&gt;</comment>
                            <comment id="12936692" author="chirino" created="Wed, 13 Apr 2005 02:00:27 +0100"  >&lt;p&gt;Fixed.&lt;/p&gt;</comment>
                    </comments>
                    <attachments>
                    </attachments>
                <subtasks>
                    </subtasks>
                <customfields>
                                                <customfield id="customfield_12310310" key="com.atlassian.jira.toolkit:attachments">
                        <customfieldname>Attachment count</customfieldname>
                        <customfieldvalues>
                            <customfieldvalue>0.0</customfieldvalue>
                        </customfieldvalues>
                    </customfield>
                                                                                                                                                                                                                                                                                                <customfield id="customfield_12310420" key="com.pyxis.greenhopper.jira:gh-global-rank">
                        <customfieldname>Global Rank</customfieldname>
                        <customfieldvalues>
                            <customfieldvalue>48956</customfieldvalue>
                        </customfieldvalues>
                    </customfield>
                                                                                            <customfield id="customfield_12311820" key="com.pyxis.greenhopper.jira:gh-lexo-rank">
                        <customfieldname>Rank</customfieldname>
                        <customfieldvalues>
                            <customfieldvalue>2|hynnpz:</customfieldvalue>

                        </customfieldvalues>
                    </customfield>
                                                                <customfield id="customfield_12310920" key="com.pyxis.greenhopper.jira:gh-global-rank">
                        <customfieldname>Rank (Obsolete)</customfieldname>
                        <customfieldvalues>
                            <customfieldvalue>172030</customfieldvalue>
                        </customfieldvalues>
                    </customfield>
                                                                                                                                                    <customfield id="customfield_12310222" key="com.atlassian.jira.ext.charting:timeinstatus">
                        <customfieldname>Time in Status</customfieldname>
                        <customfieldvalues>
                            
                        </customfieldvalues>
                    </customfield>
                                    </customfields>
    </item>

<item>
            <title>[AMQ-236] Non-Fatal ConcurrentModificationException in Broker</title>
                <link>https://issues.apache.org/jira/browse/AMQ-236</link>
                <project id="12311210" key="AMQ">ActiveMQ</project>
                    <description>&lt;p&gt;09:35:36 WARN  caught exception consuming packet: CONSUMER_INFO: id = 375 ConsumerInfo{ browser = false, destination = ActiveMQ.Advisory.TempDestinations.TemporaryQueue-{TD&lt;/p&gt;
{ID:cyclops-4948-1113347143177-1284:0}
&lt;p&gt;TD}ID:cyclops-4948-1113347143177-1475:0, consumerIdentifier = &apos;ID:cyclops-4790-1113348862947-9:0.48.48&apos; , clientId = &apos;ID:cyclops-4790-1113348862947-9:0&apos; , sessionId = &apos;48&apos; , consumerName = &apos;&apos; , selector = &apos;&apos; , startTime = 1113348936040, started = true, consumerNo = 48, noLocal = false, prefetchNumber = 10, consumerKey = &apos;&lt;span class=&quot;error&quot;&gt;&amp;#91;ID:cyclops-4790-1113348862947-9:0:&amp;#93;&lt;/span&gt;&apos; }&lt;/p&gt;

&lt;p&gt;java.util.ConcurrentModificationException&lt;br/&gt;
        at java.util.HashMap$HashIterator.nextEntry(Unknown Source)&lt;br/&gt;
        at java.util.HashMap$KeyIterator.next(Unknown Source)&lt;br/&gt;
        at org.activemq.broker.impl.AdvisorySupport.addAdvisory(AdvisorySupport.java:88)&lt;br/&gt;
        at org.activemq.broker.impl.DefaultBroker.addMessageConsumer(DefaultBroker.java:251)&lt;br/&gt;
        at org.activemq.broker.impl.BrokerContainerImpl.registerMessageConsumer(BrokerContainerImpl.java:355)&lt;br/&gt;
        at org.activemq.broker.impl.BrokerConnectorImpl.registerMessageConsumer(BrokerConnectorImpl.java:170)&lt;br/&gt;
        at org.activemq.broker.impl.BrokerClientImpl.consumeConsumerInfo(BrokerClientImpl.java:466)&lt;br/&gt;
        at org.activemq.broker.impl.BrokerClientImpl.consume(BrokerClientImpl.java:327)&lt;br/&gt;
        at org.activemq.transport.TransportChannelSupport.doConsumePacket(TransportChannelSupport.java:374)&lt;br/&gt;
        at org.activemq.transport.TransportChannelSupport.doConsumePacket(TransportChannelSupport.java:368)&lt;br/&gt;
        at org.activemq.transport.tcp.TcpTransportChannel.run(TcpTransportChannel.java:310)&lt;br/&gt;
        at java.lang.Thread.run(Unknown Source)&lt;/p&gt;</description>
                <environment>&lt;p&gt;Windows 2000 &lt;br/&gt;
JDK 1.4.2_06&lt;/p&gt;</environment>
        <key id="12481173">AMQ-236</key>
            <summary>Non-Fatal ConcurrentModificationException in Broker</summary>
                <type id="1" iconUrl="https://issues.apache.org/jira/images/icons/issuetypes/bug.png">Bug</type>
                                            <priority id="4" iconUrl="https://issues.apache.org/jira/images/icons/priorities/minor.png">Minor</priority>
                        <status id="5" iconUrl="https://issues.apache.org/jira/images/icons/statuses/resolved.png" description="A resolution has been taken, and it is awaiting verification by reporter. From here issues are either reopened, or are closed.">Resolved</status>
                    <statusCategory id="3" key="done" colorName="green"/>
                                    <resolution id="1">Fixed</resolution>
                                        <assignee username="-1">Unassigned</assignee>
                                    <reporter username="yuri">Yuri Schimke</reporter>
                        <labels>
                    </labels>
                <created>Wed, 13 Apr 2005 03:41:36 +0100</created>
                <updated>Thu, 7 Jul 2005 18:20:22 +0100</updated>
                            <resolved>Thu, 7 Jul 2005 18:20:22 +0100</resolved>
                                    <version>3.0</version>
                                    <fixVersion>3.1</fixVersion>
                                    <component>Broker</component>
                        <due></due>
                            <votes>0</votes>
                                    <watches>0</watches>
                                                                        <attachments>
                    </attachments>
                <subtasks>
                    </subtasks>
                <customfields>
                                                <customfield id="customfield_12310310" key="com.atlassian.jira.toolkit:attachments">
                        <customfieldname>Attachment count</customfieldname>
                        <customfieldvalues>
                            <customfieldvalue>0.0</customfieldvalue>
                        </customfieldvalues>
                    </customfield>
                                                                                                                                                                                                                                                                                                <customfield id="customfield_12310420" key="com.pyxis.greenhopper.jira:gh-global-rank">
                        <customfieldname>Global Rank</customfieldname>
                        <customfieldvalues>
                            <customfieldvalue>48959</customfieldvalue>
                        </customfieldvalues>
                    </customfield>
                                                                                            <customfield id="customfield_12311820" key="com.pyxis.greenhopper.jira:gh-lexo-rank">
                        <customfieldname>Rank</customfieldname>
                        <customfieldvalues>
                            <customfieldvalue>2|hz1swv:</customfieldvalue>

                        </customfieldvalues>
                    </customfield>
                                                                <customfield id="customfield_12310920" key="com.pyxis.greenhopper.jira:gh-global-rank">
                        <customfieldname>Rank (Obsolete)</customfieldname>
                        <customfieldvalues>
                            <customfieldvalue>254528</customfieldvalue>
                        </customfieldvalues>
                    </customfield>
                                                                                                                                                    <customfield id="customfield_12310222" key="com.atlassian.jira.ext.charting:timeinstatus">
                        <customfieldname>Time in Status</customfieldname>
                        <customfieldvalues>
                            
                        </customfieldvalues>
                    </customfield>
                                    </customfields>
    </item>

<item>
            <title>[AMQ-237] Setting the adapterClass on the jdbcPersistence element of the activemq.xml config file does not work.</title>
                <link>https://issues.apache.org/jira/browse/AMQ-237</link>
                <project id="12311210" key="AMQ">ActiveMQ</project>
                    <description>&lt;p&gt;Seems like the spring xslt transform does not cause the adapterClass to get set correctly.&lt;/p&gt;</description>
                <environment></environment>
        <key id="12481164">AMQ-237</key>
            <summary>Setting the adapterClass on the jdbcPersistence element of the activemq.xml config file does not work.</summary>
                <type id="1" iconUrl="https://issues.apache.org/jira/images/icons/issuetypes/bug.png">Bug</type>
                                            <priority id="3" iconUrl="https://issues.apache.org/jira/images/icons/priorities/major.png">Major</priority>
                        <status id="6" iconUrl="https://issues.apache.org/jira/images/icons/statuses/closed.png" description="The issue is considered finished, the resolution is correct. Issues which are closed can be reopened.">Closed</status>
                    <statusCategory id="3" key="done" colorName="green"/>
                                    <resolution id="1">Fixed</resolution>
                                        <assignee username="chirino">Hiram Chirino</assignee>
                                    <reporter username="chirino">Hiram Chirino</reporter>
                        <labels>
                    </labels>
                <created>Wed, 13 Apr 2005 06:10:34 +0100</created>
                <updated>Wed, 13 Apr 2005 06:27:11 +0100</updated>
                            <resolved>Wed, 13 Apr 2005 06:27:11 +0100</resolved>
                                    <version>3.0</version>
                                    <fixVersion>3.1</fixVersion>
                                    <component>Broker</component>
                        <due></due>
                            <votes>0</votes>
                                    <watches>1</watches>
                                                                <comments>
                            <comment id="12936742" author="chirino" created="Wed, 13 Apr 2005 06:27:11 +0100"  >&lt;p&gt;Fixed&lt;/p&gt;</comment>
                    </comments>
                    <attachments>
                    </attachments>
                <subtasks>
                    </subtasks>
                <customfields>
                                                <customfield id="customfield_12310310" key="com.atlassian.jira.toolkit:attachments">
                        <customfieldname>Attachment count</customfieldname>
                        <customfieldvalues>
                            <customfieldvalue>0.0</customfieldvalue>
                        </customfieldvalues>
                    </customfield>
                                                                                                                                                                                                                                                                                                <customfield id="customfield_12310420" key="com.pyxis.greenhopper.jira:gh-global-rank">
                        <customfieldname>Global Rank</customfieldname>
                        <customfieldvalues>
                            <customfieldvalue>48960</customfieldvalue>
                        </customfieldvalues>
                    </customfield>
                                                                                            <customfield id="customfield_12311820" key="com.pyxis.greenhopper.jira:gh-lexo-rank">
                        <customfieldname>Rank</customfieldname>
                        <customfieldvalues>
                            <customfieldvalue>2|hynn9j:</customfieldvalue>

                        </customfieldvalues>
                    </customfield>
                                                                <customfield id="customfield_12310920" key="com.pyxis.greenhopper.jira:gh-global-rank">
                        <customfieldname>Rank (Obsolete)</customfieldname>
                        <customfieldvalues>
                            <customfieldvalue>171956</customfieldvalue>
                        </customfieldvalues>
                    </customfield>
                                                                                                                                                    <customfield id="customfield_12310222" key="com.atlassian.jira.ext.charting:timeinstatus">
                        <customfieldname>Time in Status</customfieldname>
                        <customfieldvalues>
                            
                        </customfieldvalues>
                    </customfield>
                                    </customfields>
    </item>

<item>
            <title>[AMQ-238] Broker Memory Leak</title>
                <link>https://issues.apache.org/jira/browse/AMQ-238</link>
                <project id="12311210" key="AMQ">ActiveMQ</project>
                    <description>&lt;p&gt;We are using a Requestor for JMS RPC using a temporary queue.&lt;/p&gt;

&lt;p&gt;We have a small number of clients, but each client potentially makes thousands of requests, and each request creates its own temporary queue.&lt;/p&gt;

&lt;p&gt;We were seeing memory growth in 2.1 related to connections, this seems to be fixed in 3.0.&lt;/p&gt;

&lt;p&gt;However, we now see memory growth in a different place.  YourKit shows 70% of the 240mb (currently) memory used, is in o.a.service.boundedvm.TransientQueueBoundedMessageManager.destinationMap (1 million objects), there are around 10,000 objects in TransientQueueBoundedMessageManager.destinations and TransientQueueBoundedMessageManager.containers.&lt;/p&gt;

&lt;p&gt;We are opening and closing a connection for each Requestor, so the temporary queue, should be closing, and there is also a queue.delete() as in o.a.bean.Requestor.&lt;/p&gt;

&lt;p&gt;If you want a YourKit snapshot, let me know, and I&apos;ll attach one.&lt;/p&gt;

&lt;p&gt;We are looking at using a single topic with selectors as a workaround, but that complicates the logic, in order not to miss the response, before you start listening.  i.e. another thread is required.&lt;/p&gt;</description>
                <environment>&lt;p&gt;Windows 2000 (YourKit Profiler enabled)&lt;br/&gt;
Java 1.4.2_06&lt;/p&gt;</environment>
        <key id="12481068">AMQ-238</key>
            <summary>Broker Memory Leak</summary>
                <type id="1" iconUrl="https://issues.apache.org/jira/images/icons/issuetypes/bug.png">Bug</type>
                                            <priority id="3" iconUrl="https://issues.apache.org/jira/images/icons/priorities/major.png">Major</priority>
                        <status id="5" iconUrl="https://issues.apache.org/jira/images/icons/statuses/resolved.png" description="A resolution has been taken, and it is awaiting verification by reporter. From here issues are either reopened, or are closed.">Resolved</status>
                    <statusCategory id="3" key="done" colorName="green"/>
                                    <resolution id="1">Fixed</resolution>
                                        <assignee username="-1">Unassigned</assignee>
                                    <reporter username="yuri">Yuri Schimke</reporter>
                        <labels>
                    </labels>
                <created>Wed, 13 Apr 2005 06:44:15 +0100</created>
                <updated>Mon, 11 Jul 2005 10:57:13 +0100</updated>
                            <resolved>Thu, 7 Jul 2005 18:33:16 +0100</resolved>
                                    <version>3.0</version>
                                    <fixVersion>3.1</fixVersion>
                                    <component>Broker</component>
                        <due></due>
                            <votes>0</votes>
                                    <watches>0</watches>
                                                                <comments>
                            <comment id="12936934" author="yuri" created="Mon, 18 Apr 2005 02:06:38 +0100"  >&lt;p&gt;As discussed with James on irc, we are going to try the Multithreaded Requestor from lingo.  It seems that creating an unbounded number of  connections and/or temporary queues, is something that activemq doesn&apos;t handle well, even when clients are closing resources properly.  This could be related to long lived servers, but my understanding of JMS is that temporary queues should by garbage collected when the connection is closed. &lt;/p&gt;

&lt;p&gt;It might be good to deprecate o.a.bean.Requestor.  Its not great for performance, and also needlessly ties your app to ActiveMQ when  other alternatives are available.&lt;/p&gt;

&lt;p&gt;But I&apos;m OK with you guys closing this issue.  I can see we are being bad JMS citizens.  &lt;/p&gt;</comment>
                            <comment id="12937218" author="yuri" created="Tue, 19 Apr 2005 02:24:42 +0100"  >&lt;p&gt;Using the MultiplexingRequestor from lingo seems to have stabilised memory usage.  It hasn&apos;t gotten above 17MB yet (started at 14MB).&lt;/p&gt;

&lt;p&gt;Performance seems better, but no concrete figures to back it up.  But it wouldn&apos;t be unexpected. &lt;/p&gt;</comment>
                            <comment id="12936648" author="jstrachan" created="Thu, 7 Jul 2005 18:33:16 +0100"  >&lt;p&gt;This is now fixed - we can handle many many producers being created &amp;amp; closed&lt;/p&gt;</comment>
                    </comments>
                <issuelinks>
                            <issuelinktype id="12310000">
                    <name>Duplicate</name>
                                            <outwardlinks description="duplicates">
                                        <issuelink>
            <issuekey id="12481264">AMQ-273</issuekey>
        </issuelink>
                            </outwardlinks>
                                                        </issuelinktype>
                    </issuelinks>
                <attachments>
                    </attachments>
                <subtasks>
                    </subtasks>
                <customfields>
                                                <customfield id="customfield_12310310" key="com.atlassian.jira.toolkit:attachments">
                        <customfieldname>Attachment count</customfieldname>
                        <customfieldvalues>
                            <customfieldvalue>0.0</customfieldvalue>
                        </customfieldvalues>
                    </customfield>
                                                                                                                        <customfield id="customfield_12310220" key="com.atlassian.jira.ext.charting:firstresponsedate">
                        <customfieldname>Date of First Response</customfieldname>
                        <customfieldvalues>
                            <customfieldvalue>Thu, 7 Jul 2005 17:33:16 +0000</customfieldvalue>

                        </customfieldvalues>
                    </customfield>
                                                                                                                                                                                                            <customfield id="customfield_12310420" key="com.pyxis.greenhopper.jira:gh-global-rank">
                        <customfieldname>Global Rank</customfieldname>
                        <customfieldvalues>
                            <customfieldvalue>48961</customfieldvalue>
                        </customfieldvalues>
                    </customfield>
                                                                                            <customfield id="customfield_12311820" key="com.pyxis.greenhopper.jira:gh-lexo-rank">
                        <customfieldname>Rank</customfieldname>
                        <customfieldvalues>
                            <customfieldvalue>2|hyylbb:</customfieldvalue>

                        </customfieldvalues>
                    </customfield>
                                                                <customfield id="customfield_12310920" key="com.pyxis.greenhopper.jira:gh-global-rank">
                        <customfieldname>Rank (Obsolete)</customfieldname>
                        <customfieldvalues>
                            <customfieldvalue>235796</customfieldvalue>
                        </customfieldvalues>
                    </customfield>
                                                                                                                                                    <customfield id="customfield_12310222" key="com.atlassian.jira.ext.charting:timeinstatus">
                        <customfieldname>Time in Status</customfieldname>
                        <customfieldvalues>
                            
                        </customfieldvalues>
                    </customfield>
                                    </customfields>
    </item>

<item>
            <title>[AMQ-239] 3.0 Binary Release m\Missing: META-INF/services/org/activemq/transport/server/ssl</title>
                <link>https://issues.apache.org/jira/browse/AMQ-239</link>
                <project id="12311210" key="AMQ">ActiveMQ</project>
                    <description>&lt;p&gt;The ssl file in the META-INF directory doesn&apos;t exist in the 3.0 binary release jar file.  Simple example that uses SSL barfs:&lt;/p&gt;

&lt;p&gt;javax.jms.JMSException: Could not load protocol: ssl. Reason: java.io.IOException: Could not find class for resource: META-INF/services/org/activemq/transport/server/ssl&lt;br/&gt;
	at org.activemq.transport.TransportServerChannelProvider.createJMSexception(TransportServerChannelProvider.java:85)&lt;br/&gt;
	at org.activemq.transport.TransportServerChannelProvider.getFactory(TransportServerChannelProvider.java:76)&lt;br/&gt;
	at org.activemq.transport.TransportServerChannelProvider.create(TransportServerChannelProvider.java:45)&lt;br/&gt;
	at org.activemq.broker.impl.BrokerConnectorImpl.createTransportServerChannel(BrokerConnectorImpl.java:415)&lt;br/&gt;
	at org.activemq.broker.impl.BrokerConnectorImpl.&amp;lt;init&amp;gt;(BrokerConnectorImpl.java:69)&lt;br/&gt;
	at org.activemq.broker.impl.BrokerContainerImpl.addConnector(BrokerContainerImpl.java:616)&lt;br/&gt;
	at org.activemq.broker.impl.BrokerContainerImpl.addConnector(BrokerContainerImpl.java:612)&lt;/p&gt;
</description>
                <environment>&lt;p&gt;Windows XP&lt;/p&gt;</environment>
        <key id="12481325">AMQ-239</key>
            <summary>3.0 Binary Release m\Missing: META-INF/services/org/activemq/transport/server/ssl</summary>
                <type id="1" iconUrl="https://issues.apache.org/jira/images/icons/issuetypes/bug.png">Bug</type>
                                            <priority id="3" iconUrl="https://issues.apache.org/jira/images/icons/priorities/major.png">Major</priority>
                        <status id="5" iconUrl="https://issues.apache.org/jira/images/icons/statuses/resolved.png" description="A resolution has been taken, and it is awaiting verification by reporter. From here issues are either reopened, or are closed.">Resolved</status>
                    <statusCategory id="3" key="done" colorName="green"/>
                                    <resolution id="1">Fixed</resolution>
                                        <assignee username="-1">Unassigned</assignee>
                                    <reporter username="richardwalsh">Richard Walsh</reporter>
                        <labels>
                    </labels>
                <created>Thu, 14 Apr 2005 06:40:51 +0100</created>
                <updated>Wed, 6 Jul 2005 13:58:43 +0100</updated>
                            <resolved>Wed, 6 Jul 2005 13:58:43 +0100</resolved>
                                    <version>3.0</version>
                                    <fixVersion>3.1</fixVersion>
                                    <component>Transport</component>
                        <due></due>
                            <votes>0</votes>
                                    <watches>1</watches>
                                                                <comments>
                            <comment id="12936848" author="jstrachan" created="Wed, 6 Jul 2005 13:58:43 +0100"  >&lt;p&gt;This is now fixed in the 3.1-SNAPSHOT distro...&lt;/p&gt;

&lt;p&gt;&lt;a href=&quot;http://dist.codehaus.org/activemq/distributions&quot; class=&quot;external-link&quot; rel=&quot;nofollow&quot;&gt;http://dist.codehaus.org/activemq/distributions&lt;/a&gt;&lt;/p&gt;

&lt;p&gt;and will be fixed for the 3.1 release&lt;/p&gt;</comment>
                    </comments>
                    <attachments>
                    </attachments>
                <subtasks>
                    </subtasks>
                <customfields>
                                                <customfield id="customfield_12310310" key="com.atlassian.jira.toolkit:attachments">
                        <customfieldname>Attachment count</customfieldname>
                        <customfieldvalues>
                            <customfieldvalue>0.0</customfieldvalue>
                        </customfieldvalues>
                    </customfield>
                                                                                                                        <customfield id="customfield_12310220" key="com.atlassian.jira.ext.charting:firstresponsedate">
                        <customfieldname>Date of First Response</customfieldname>
                        <customfieldvalues>
                            <customfieldvalue>Wed, 6 Jul 2005 12:58:43 +0000</customfieldvalue>

                        </customfieldvalues>
                    </customfield>
                                                                                                                                                                                                            <customfield id="customfield_12310420" key="com.pyxis.greenhopper.jira:gh-global-rank">
                        <customfieldname>Global Rank</customfieldname>
                        <customfieldvalues>
                            <customfieldvalue>48962</customfieldvalue>
                        </customfieldvalues>
                    </customfield>
                                                                                            <customfield id="customfield_12311820" key="com.pyxis.greenhopper.jira:gh-lexo-rank">
                        <customfieldname>Rank</customfieldname>
                        <customfieldvalues>
                            <customfieldvalue>2|hylx1j:</customfieldvalue>

                        </customfieldvalues>
                    </customfield>
                                                                <customfield id="customfield_12310920" key="com.pyxis.greenhopper.jira:gh-global-rank">
                        <customfieldname>Rank (Obsolete)</customfieldname>
                        <customfieldvalues>
                            <customfieldvalue>161875</customfieldvalue>
                        </customfieldvalues>
                    </customfield>
                                                                                                                                                    <customfield id="customfield_12310222" key="com.atlassian.jira.ext.charting:timeinstatus">
                        <customfieldname>Time in Status</customfieldname>
                        <customfieldvalues>
                            
                        </customfieldvalues>
                    </customfield>
                                    </customfields>
    </item>
</channel>
</rss>
