file,bugChurn,rank
org.apache.hadoop.hbase.tool.Canary_java,559,1
org.apache.hadoop.hbase.quotas.QuotaTableUtil_java,504,2
org.apache.hadoop.hbase.replication.ReplicationLoadSource_java,426,3
org.apache.hadoop.hbase.util.JSONBean_java,363,4
org.apache.hadoop.hbase.filter.MultiRowRangeFilter_java,346,5
org.apache.hadoop.hbase.master.assignment.RegionRemoteProcedureBase_java,272,6
org.apache.hadoop.hbase.replication.regionserver.ReplicationLoad_java,255,7
org.apache.hadoop.hbase.master.assignment.TransitRegionStateProcedure_java,231,8
org.apache.hadoop.hbase.replication.regionserver.MetricsSource_java,225,9
org.apache.hadoop.hbase.master.assignment.AssignmentManager_java,219,10
org.apache.hadoop.hbase.quotas.SnapshotQuotaObserverChore_java,213,11
org.apache.hadoop.hbase.http.log.LogLevel_java,211,12
org.apache.hadoop.hbase.coprocessor.MetaTableMetrics_java,196,13
org.apache.hadoop.hbase.master.snapshot.SnapshotFileCache_java,194,14
org.apache.hadoop.hbase.regionserver.HRegionServer_java,187,15
org.apache.hadoop.hbase.util.JSONMetricUtil_java,178,16
org.apache.hadoop.hbase.KeyValueUtil_java,172,17
org.apache.hadoop.hbase.regionserver.HStore_java,171,18
org.apache.hadoop.hbase.rest.RESTServer_java,158,19
org.apache.hadoop.hbase.master.HMaster_java,156,20
org.apache.hadoop.hbase.rsgroup.RSGroupAdminServer_java,147,21
org.apache.hadoop.hbase.regionserver.MemStoreFlusher_java,138,22
org.apache.hadoop.hbase.shaded.protobuf.ProtobufUtil_java,130,23
org.apache.hadoop.hbase.replication.regionserver.ReplicationSource_java,126,24
org.apache.hadoop.hbase.client.AsyncNonMetaRegionLocator_java,117,25
org.apache.hadoop.hbase.ipc.IPCUtil_java,113,26
org.apache.hadoop.hbase.regionserver.StoreFileWriter_java,111,27
org.apache.hadoop.hbase.regionserver.RSRpcServices_java,110,28
org.apache.hadoop.hbase.master.snapshot.SnapshotManager_java,101,29
org.apache.hadoop.hbase.RESTApiClusterManager_java,100,30
org.apache.hadoop.hbase.regionserver.StoreScanner_java,93,31
org.apache.hadoop.hbase.client.AbstractTestRegionLocator_java,91,32
org.apache.hadoop.hbase.procedure2.ProcedureExecutor_java,91,32
org.apache.hadoop.hbase.master.procedure.RSProcedureDispatcher_java,88,34
org.apache.hadoop.hbase.ipc.SimpleRpcScheduler_java,85,35
org.apache.hadoop.hbase.io.hfile.BlockCacheUtil_java,82,36
org.apache.hadoop.hbase.regionserver.wal.ProtobufLogReader_java,82,36
org.apache.hadoop.hbase.regionserver.HRegion_java,71,38
org.apache.hadoop.hbase.rest.HBaseRESTTestingUtility_java,71,38
org.apache.hadoop.hbase.zookeeper.ZKUtil_java,69,40
org.apache.hadoop.hbase.replication.regionserver.ReplicationSourceShipper_java,69,40
org.apache.hadoop.hbase.wal.AbstractFSWALProvider_java,68,42
org.apache.hadoop.hbase.io.hfile.bucket.BucketCache_java,68,42
org.apache.hadoop.hbase.HBaseTestingUtility_java,65,44
org.apache.hadoop.hbase.filter.FilterListWithOR_java,65,44
org.apache.hadoop.hbase.replication.regionserver.MetricsReplicationGlobalSourceSource_java,63,46
org.apache.hadoop.hbase.replication.regionserver.Replication_java,63,46
org.apache.hadoop.hbase.regionserver.HStoreFile_java,62,48
org.apache.hadoop.hbase.master.assignment.OpenRegionProcedure_java,62,48
org.apache.hadoop.hbase.util.GsonUtil_java,61,50
org.apache.hadoop.hbase.procedure2.RemoteProcedureDispatcher_java,57,51
org.apache.hadoop.hbase.ConcurrentTableModificationException_java,57,51
org.apache.hadoop.hbase.replication.regionserver.MetricsReplicationSourceSourceImpl_java,54,53
org.apache.hadoop.hbase.master.replication.ModifyPeerProcedure_java,54,53
org.apache.hadoop.hbase.quotas.QuotaObserverChore_java,53,55
org.apache.hadoop.hbase.PrivateCellUtil_java,53,55
org.apache.hadoop.hbase.procedure2.ProcedureUtil_java,49,57
org.apache.hadoop.hbase.master.procedure.ModifyTableProcedure_java,48,58
org.apache.hadoop.hbase.regionserver.wal.AbstractFSWAL_java,48,58
org.apache.hadoop.hbase.DistributedHBaseCluster_java,47,60
org.apache.hadoop.hbase.procedure2.ProcedureTestingUtility_java,47,60
org.apache.hadoop.hbase.client.RawAsyncHBaseAdmin_java,47,60
org.apache.hadoop.hbase.master.ServerManager_java,46,63
org.apache.hadoop.hbase.regionserver.AbstractMultiFileWriter_java,46,63
org.apache.hadoop.hbase.client.AsyncRegionLocatorHelper_java,45,65
org.apache.hadoop.hbase.ServerMetricsBuilder_java,45,65
org.apache.hadoop.hbase.regionserver.SecureBulkLoadManager_java,45,65
org.apache.hadoop.hbase.io.hfile.CacheConfig_java,44,68
org.apache.hadoop.hbase.exceptions.ClientExceptionsUtil_java,43,69
org.apache.hadoop.hbase.regionserver.StoreFileComparators_java,43,69
org.apache.hadoop.hbase.client.Admin_java,42,71
org.apache.hadoop.hbase.regionserver.querymatcher.NewVersionBehaviorTracker_java,39,72
org.apache.hadoop.hbase.quotas.policies.DisableTableViolationPolicyEnforcement_java,38,73
org.apache.hadoop.hbase.shaded.protobuf.RequestConverter_java,38,73
org.apache.hadoop.hbase.mob.MobUtils_java,38,73
org.apache.hadoop.hbase.backup.HFileArchiver_java,38,73
org.apache.hadoop.hbase.replication.regionserver.HBaseInterClusterReplicationEndpoint_java,36,77
org.apache.hadoop.hbase.regionserver.compactions.FIFOCompactionPolicy_java,36,77
org.apache.hadoop.hbase.ClusterMetricsBuilder_java,35,79
org.apache.hadoop.hbase.client.Hbck_java,35,79
org.apache.hadoop.hbase.io.hfile.LruBlockCache_java,34,81
org.apache.hadoop.hbase.quotas.QuotaUtil_java,34,81
org.apache.hadoop.hbase.types.RawBytes_java,33,83
org.apache.hadoop.hbase.util.LossyCounting_java,33,83
org.apache.hadoop.hbase.regionserver.handler.AssignRegionHandler_java,32,85
org.apache.hadoop.hbase.regionserver.handler.UnassignRegionHandler_java,31,86
org.apache.hadoop.hbase.zookeeper.ZKConfig_java,31,86
org.apache.hadoop.hbase.master.procedure.CloneSnapshotProcedure_java,31,86
org.apache.hadoop.hbase.master.MasterAnnotationReadingPriorityFunction_java,31,86
org.apache.hadoop.hbase.regionserver.RegionServerServices_java,31,86
org.apache.hadoop.hbase.client.ColumnFamilyDescriptorBuilder_java,30,91
org.apache.hadoop.hbase.util.RegionMover_java,30,91
org.apache.hadoop.hbase.types.OrderedNumeric_java,30,91
org.apache.hadoop.hbase.regionserver.StoreFileReader_java,29,94
org.apache.hadoop.hbase.master.balancer.StochasticLoadBalancer_java,29,94
org.apache.hadoop.hbase.procedure2.Procedure_java,29,94
org.apache.hadoop.hbase.master.assignment.CloseRegionProcedure_java,28,97
org.apache.hadoop.hbase.mapred.MultiTableSnapshotInputFormat_java,27,98
org.apache.hadoop.hbase.ServerLoad_java,27,98
org.apache.hadoop.hbase.replication.regionserver.ReplicationSourceWALReader_java,26,100
org.apache.hadoop.hbase.master.procedure.SplitWALProcedure_java,25,101
org.apache.hadoop.hbase.master.procedure.MasterProcedureTestingUtility_java,25,101
org.apache.hadoop.hbase.HConstants_java,24,103
org.apache.hadoop.hbase.master.assignment.RegionStateNode_java,24,103
org.apache.hadoop.hbase.client.VersionInfoUtil_java,24,103
org.apache.hadoop.hbase.util.JVMClusterUtil_java,24,103
org.apache.hadoop.hbase.regionserver.throttle.PressureAwareCompactionThroughputController_java,24,103
org.apache.hadoop.hbase.types.OrderedInt64_java,23,108
org.apache.hadoop.hbase.types.RawString_java,23,108
org.apache.hadoop.hbase.types.OrderedFloat32_java,23,108
org.apache.hadoop.hbase.types.OrderedInt8_java,23,108
org.apache.hadoop.hbase.types.OrderedInt32_java,23,108
org.apache.hadoop.hbase.zookeeper.RecoverableZooKeeper_java,23,108
org.apache.hadoop.hbase.types.OrderedFloat64_java,23,108
org.apache.hadoop.hbase.quotas.GlobalQuotaSettingsImpl_java,23,108
org.apache.hadoop.hbase.types.OrderedInt16_java,23,108
org.apache.hadoop.hbase.client.RegionInfo_java,22,117
org.apache.hadoop.hbase.master.MasterRpcServices_java,22,117
org.apache.hadoop.hbase.PerformanceEvaluation_java,21,119
org.apache.hadoop.hbase.io.hfile.bucket.BucketAllocator_java,21,119
org.apache.hadoop.hbase.types.OrderedBlob_java,21,119
org.apache.hadoop.hbase.client.RawAsyncTableImpl_java,20,122
org.apache.hadoop.hbase.master.assignment.SplitTableRegionProcedure_java,20,122
org.apache.hadoop.hbase.replication.regionserver.WALEntryStream_java,20,122
org.apache.hadoop.hbase.wal.RegionGroupingProvider_java,20,122
org.apache.hadoop.hbase.master.balancer.RSGroupableBalancerTestBase_java,19,126
org.apache.hadoop.hbase.master.procedure.ServerCrashProcedure_java,19,126
org.apache.hadoop.hbase.types.OrderedBlobVar_java,19,126
org.apache.hadoop.hbase.regionserver.RegionServicesForStores_java,18,129
org.apache.hadoop.hbase.master.MetricsAssignmentManagerSourceImpl_java,18,129
org.apache.hadoop.hbase.ServerMetrics_java,18,129
org.apache.hadoop.hbase.snapshot.SnapshotDescriptionUtils_java,18,129
org.apache.hadoop.hbase.thrift2.ThriftUtilities_java,18,129
org.apache.hadoop.hbase.util.IdLock_java,17,134
org.apache.hadoop.hbase.RegionLocations_java,17,134
org.apache.hadoop.hbase.ipc.MetricsHBaseServerWrapperImpl_java,16,136
org.apache.hadoop.hbase.types.OrderedString_java,16,136
org.apache.hadoop.hbase.procedure2.ProcedureEvent_java,16,136
org.apache.hadoop.hbase.quotas.TableQuotaSnapshotStore_java,16,136
org.apache.hadoop.hbase.util.JsonMapper_java,16,136
org.apache.hadoop.hbase.master.procedure.MasterProcedureUtil_java,16,136
org.apache.hadoop.hbase.master.procedure.SwitchRpcThrottleProcedure_java,16,136
org.apache.hadoop.hbase.quotas.SpaceQuotaRefresherChore_java,16,136
org.apache.hadoop.hbase.replication.regionserver.ReplicationSourceManager_java,15,144
org.apache.hadoop.hbase.regionserver.OperationStatus_java,15,144
org.apache.hadoop.hbase.regionserver.compactions.SortedCompactionPolicy_java,15,144
org.apache.hadoop.hbase.mapreduce.CopyTable_java,15,144
org.apache.hadoop.hbase.wal.WALPrettyPrinter_java,15,144
org.apache.hadoop.hbase.client.HBaseHbck_java,15,144
org.apache.hadoop.hbase.coprocessor.MasterObserver_java,15,144
org.apache.hadoop.hbase.regionserver.wal.SequenceIdAccounting_java,15,144
org.apache.hadoop.hbase.zookeeper.ReadOnlyZKClient_java,15,144
org.apache.hadoop.hbase.quotas.SpaceLimitSettings_java,15,144
org.apache.hadoop.hbase.master.procedure.SwitchRpcThrottleRemoteProcedure_java,15,144
org.apache.hadoop.hbase.regionserver.handler.OpenRegionHandler_java,14,155
org.apache.hadoop.hbase.monitoring.MonitoredTaskImpl_java,14,155
org.apache.hadoop.hbase.wal.WALFactory_java,14,155
org.apache.hadoop.hbase.master.MasterCoprocessorHost_java,14,155
org.apache.hadoop.hbase.ipc.RpcExecutor_java,14,155
org.apache.hadoop.hbase.master.MasterWalManager_java,13,160
org.apache.hadoop.hbase.tool.LoadIncrementalHFiles_java,13,160
org.apache.hadoop.hbase.master.replication.RefreshPeerProcedure_java,13,160
org.apache.hadoop.hbase.master.balancer.BaseLoadBalancer_java,13,160
org.apache.hadoop.hbase.rest.RESTServletContainer_java,13,160
org.apache.hadoop.hbase.quotas.NamespaceQuotaSnapshotStore_java,13,160
org.apache.hadoop.hbase.master.procedure.CreateTableProcedure_java,13,160
org.apache.hadoop.hbase.ClusterStatus_java,13,160
org.apache.hadoop.hbase.master.assignment.AssignProcedure_java,12,168
org.apache.hadoop.hbase.master.procedure.ReopenTableRegionsProcedure_java,12,168
org.apache.hadoop.hbase.util.HBaseFsck_java,11,170
org.apache.hadoop.hbase.io.FileLink_java,11,170
org.apache.hadoop.hbase.io.hfile.CacheStats_java,11,170
org.apache.hadoop.hbase.rest.RESTServlet_java,11,170
org.apache.hadoop.hbase.master.assignment.RegionStates_java,11,170
org.apache.hadoop.hbase.rest.filter.AuthFilter_java,10,175
org.apache.hadoop.hbase.filter.KeyOnlyFilter_java,10,175
org.apache.hadoop.hbase.ipc.FifoRpcScheduler_java,10,175
org.apache.hadoop.hbase.quotas.MasterQuotaManager_java,10,175
org.apache.hadoop.hbase.client.HBaseAdmin_java,10,175
org.apache.hadoop.hbase.master.assignment.UnassignProcedure_java,10,175
org.apache.hadoop.hbase.client.RegionInfoBuilder_java,10,175
org.apache.hadoop.hbase.ipc.DelegatingRpcScheduler_java,10,175
org.apache.hadoop.hbase.master.procedure.SplitWALRemoteProcedure_java,10,175
org.apache.hadoop.hbase.ipc.RpcServer_java,10,175
org.apache.hadoop.hbase.ipc.MetricsHBaseServerWrapperStub_java,10,175
org.apache.hadoop.hbase.regionserver.SegmentScanner_java,10,175
org.apache.hadoop.hbase.SizeCachedKeyValue_java,10,175
org.apache.hadoop.hbase.regionserver.wal.WALCellCodec_java,9,188
org.apache.hadoop.hbase.wal.WALSplitter_java,9,188
org.apache.hadoop.hbase.util.FutureUtils_java,9,188
org.apache.hadoop.hbase.quotas.SpaceQuotaHelperForTests_java,9,188
org.apache.hadoop.hbase.master.RegionState_java,9,188
org.apache.hadoop.hbase.replication.regionserver.MetricsReplicationSourceSource_java,9,188
org.apache.hadoop.hbase.ClusterMetrics_java,8,194
org.apache.hadoop.hbase.regionserver.CompactSplit_java,8,194
org.apache.hadoop.hbase.security.access.AuthManager_java,8,194
org.apache.hadoop.hbase.master.MetricsAssignmentManager_java,8,194
org.apache.hadoop.hbase.master.procedure.InitMetaProcedure_java,8,194
org.apache.hadoop.hbase.client.HRegionLocator_java,8,194
org.apache.hadoop.hbase.http.jmx.JMXJsonServlet_java,8,194
org.apache.hadoop.hbase.regionserver.throttle.PressureAwareThroughputController_java,8,194
org.apache.hadoop.hbase.Cell_java,8,194
org.apache.hadoop.hbase.io.HalfStoreFileReader_java,7,203
org.apache.hadoop.hbase.master.RegionServerTracker_java,7,203
org.apache.hadoop.hbase.ipc.CallRunner_java,7,203
org.apache.hadoop.hbase.client.AsyncRequestFutureImpl_java,7,203
org.apache.hadoop.hbase.client.PreemptiveFastFailInterceptor_java,7,203
org.apache.hadoop.hbase.mapreduce.replication.VerifyReplication_java,7,203
org.apache.hadoop.hbase.master.MetricsAssignmentManagerSource_java,6,209
org.apache.hadoop.hbase.master.locking.LockProcedure_java,6,209
org.apache.hadoop.hbase.client.ConnectionUtils_java,6,209
org.apache.hadoop.hbase.io.hfile.AgeSnapshot_java,6,209
org.apache.hadoop.hbase.rsgroup.RSGroupBasedLoadBalancer_java,6,209
org.apache.hadoop.hbase.procedure.ProcedureManagerHost_java,6,209
org.apache.hadoop.hbase.ipc.RpcScheduler_java,6,209
org.apache.hadoop.hbase.quotas.QuotaRetriever_java,6,209
org.apache.hadoop.hbase.regionserver.throttle.PressureAwareFlushThroughputController_java,6,209
org.apache.hadoop.hbase.master.CatalogJanitor_java,6,209
org.apache.hadoop.hbase.rest.SchemaResource_java,6,209
org.apache.hadoop.hbase.mapreduce.HFileOutputFormat2_java,6,209
org.apache.hadoop.hbase.regionserver.SplitRequest_java,5,221
org.apache.hadoop.hbase.regionserver.ReversedStoreScanner_java,5,221
org.apache.hadoop.hbase.thrift2.client.ThriftAdmin_java,5,221
org.apache.hadoop.hbase.regionserver.Segment_java,5,221
org.apache.hadoop.hbase.master.procedure.ProcedureSyncWait_java,5,221
org.apache.hadoop.hbase.HBaseCluster_java,5,221
org.apache.hadoop.hbase.io.encoding.RowIndexSeekerV1_java,5,221
org.apache.hadoop.hbase.mapreduce.TableSnapshotInputFormatTestBase_java,5,221
org.apache.hadoop.hbase.master.procedure.MasterProcedureScheduler_java,5,221
org.apache.hadoop.hbase.rest.RowResultGenerator_java,5,221
org.apache.hadoop.hbase.wal.IOTestProvider_java,5,221
org.apache.hadoop.hbase.replication.master.ReplicationHFileCleaner_java,5,221
org.apache.hadoop.hbase.replication.master.ReplicationLogCleaner_java,5,221
org.apache.hadoop.hbase.ByteBufferKeyValue_java,5,221
org.apache.hadoop.hbase.procedure2.store.wal.WALProcedureStore_java,5,221
org.apache.hadoop.hbase.master.snapshot.TakeSnapshotHandler_java,5,221
org.apache.hadoop.hbase.KeyValue_java,5,221
org.apache.hadoop.hbase.snapshot.RestoreSnapshotHelper_java,4,238
org.apache.hadoop.hbase.master.AbstractTestDLS_java,4,238
org.apache.hadoop.hbase.io.WALLink_java,4,238
org.apache.hadoop.hbase.master.assignment.RegionTransitionProcedure_java,4,238
org.apache.hadoop.hbase.client.ZKAsyncRegistry_java,4,238
org.apache.hadoop.hbase.types.RawStringTerminated_java,4,238
org.apache.hadoop.hbase.io.hfile.HFileReaderImpl_java,4,238
org.apache.hadoop.hbase.mapreduce.TableMapReduceUtil_java,4,238
org.apache.hadoop.hbase.regionserver.HMobStore_java,4,238
org.apache.hadoop.hbase.master.procedure.ProcedurePrepareLatch_java,4,238
org.apache.hadoop.hbase.io.hfile.HFile_java,4,238
org.apache.hadoop.hbase.procedure2.FailedProcedure_java,4,238
org.apache.hadoop.hbase.client.Mutation_java,4,238
org.apache.hadoop.hbase.procedure2.RemoteProcedureException_java,4,238
org.apache.hadoop.hbase.ipc.MetricsHBaseServerWrapper_java,4,238
org.apache.hadoop.hbase.types.RawBytesTerminated_java,4,238
org.apache.hadoop.hbase.protobuf.ProtobufUtil_java,4,238
org.apache.hadoop.hbase.regionserver.CompactionTool_java,4,238
org.apache.hadoop.hbase.rest.ScannerInstanceResource_java,3,256
org.apache.hadoop.hbase.regionserver.wal.FSHLog_java,3,256
org.apache.hadoop.hbase.master.balancer.SimpleLoadBalancer_java,3,256
org.apache.hadoop.hbase.regionserver.handler.CloseRegionHandler_java,3,256
org.apache.hadoop.hbase.security.Superusers_java,3,256
org.apache.hadoop.hbase.master.procedure.ProcedureDescriber_java,3,256
org.apache.hadoop.hbase.HBaseCommonTestingUtility_java,3,256
org.apache.hadoop.hbase.ipc.NettyRpcServer_java,3,256
org.apache.hadoop.hbase.regionserver.wal.AbstractProtobufLogWriter_java,3,256
org.apache.hadoop.hbase.client.ClientScanner_java,3,256
org.apache.hadoop.hbase.ipc.SimpleRpcServer_java,3,256
org.apache.hadoop.hbase.rsgroup.RSGroupInfoManagerImpl_java,3,256
org.apache.hadoop.hbase.master.assignment.AssignmentManagerUtil_java,3,256
org.apache.hadoop.hbase.replication.regionserver.RegionReplicaReplicationEndpoint_java,3,256
org.apache.hadoop.hbase.mapreduce.TableRecordReaderImpl_java,2,270
org.apache.hadoop.hbase.client.AsyncScanSingleRegionRpcRetryingCaller_java,2,270
org.apache.hadoop.hbase.types.RawBytesFixedLength_java,2,270
org.apache.hadoop.hbase.client.Result_java,2,270
org.apache.hadoop.metrics2.lib.MutableRangeHistogram_java,2,270
org.apache.hadoop.hbase.master.ClusterSchemaServiceImpl_java,2,270
org.apache.hadoop.hbase.io.hfile.HFilePrettyPrinter_java,2,270
org.apache.hadoop.hbase.types.OrderedBytesBase_java,2,270
org.apache.hadoop.hbase.regionserver.compactions.StripeCompactor_java,2,270
org.apache.hadoop.hbase.regionserver.compactions.DefaultCompactor_java,2,270
org.apache.hadoop.hbase.ipc.MetricsHBaseServerSourceImpl_java,2,270
org.apache.hadoop.hbase.wal.WALEdit_java,2,270
org.apache.hadoop.hbase.master.assignment.ServerState_java,2,270
org.apache.hadoop.hbase.regionserver.SimpleRpcSchedulerFactory_java,2,270
org.apache.hadoop.hbase.io.hfile.HFileBlockIndex_java,2,270
org.apache.hadoop.hbase.util.MapReduceExtendedCell_java,2,270
org.apache.hadoop.hbase.procedure2.TimeoutExecutorThread_java,2,270
org.apache.hadoop.hbase.master.TableStateManager_java,2,270
org.apache.hadoop.hbase.types.RawStringFixedLength_java,2,270
org.apache.hadoop.hbase.metrics.impl.FastLongHistogram_java,2,270
org.apache.hadoop.hbase.RegionMetricsBuilder_java,2,270
org.apache.hadoop.hbase.CellUtil_java,2,270
org.apache.hadoop.hbase.regionserver.MemStoreCompactorSegmentsIterator_java,2,270
org.apache.hadoop.hbase.regionserver.handler.RegionReplicaFlushHandler_java,2,270
org.apache.hadoop.hbase.regionserver.compactions.RatioBasedCompactionPolicy_java,2,270
org.apache.hadoop.hbase.replication.regionserver.SerialReplicationChecker_java,2,270
org.apache.hadoop.hbase.util.hbck.HFileCorruptionChecker_java,2,270
org.apache.hadoop.hbase.HTableDescriptor_java,2,270
org.apache.hadoop.hbase.mapreduce.TableSnapshotInputFormatImpl_java,2,270
org.apache.hadoop.hbase.regionserver.compactions.DateTieredCompactor_java,2,270
org.apache.hadoop.hbase.ipc.MetricsHBaseServerSource_java,2,270
org.apache.hadoop.hbase.regionserver.MemStoreMergerSegmentsIterator_java,2,270
org.apache.hadoop.hbase.mapreduce.WALPlayer_java,2,270
org.apache.hadoop.hbase.client.AbstractTestAsyncTableRegionReplicasRead_java,2,270
org.apache.hadoop.hbase.ScanPerformanceEvaluation_java,2,270
org.apache.hadoop.hbase.master.assignment.ServerStateNode_java,2,270
org.apache.hadoop.hbase.client.AsyncMetaRegionLocator_java,1,306
org.apache.hadoop.hbase.ExtendedCell_java,1,306
