file,bugChurn,rank
org.apache.hadoop.hbase.regionserver.HRegion_java,1164,1
org.apache.hadoop.hbase.mttr.IntegrationTestMTTR_java,594,2
org.apache.hadoop.hbase.regionserver.HRegionServer_java,508,3
org.apache.hadoop.hbase.master.balancer.SimpleLoadBalancer_java,433,4
org.apache.hadoop.hbase.master.HMaster_java,407,5
org.apache.hadoop.hbase.protobuf.ProtobufUtil_java,401,6
org.apache.hadoop.hbase.client.HTable_java,383,7
org.apache.hadoop.hbase.KeyValue_java,329,8
org.apache.hadoop.hbase.client.HBaseAdmin_java,324,9
org.apache.hadoop.hbase.coprocessor.SimpleRegionObserver_java,323,10
org.apache.hadoop.hbase.regionserver.wal.FSHLog_java,288,11
org.apache.hadoop.hbase.HBaseTestingUtility_java,267,12
org.apache.hadoop.hbase.snapshot.SnapshotTestingUtils_java,265,13
org.apache.hadoop.hbase.ipc.RpcServer_java,248,14
org.apache.hadoop.hbase.client.AsyncProcess_java,239,15
org.apache.hadoop.hbase.client.RpcRetryingCaller_java,239,15
org.apache.hadoop.hbase.mapreduce.IntegrationTestBulkLoad_java,232,17
org.apache.hadoop.hbase.thrift2.generated.THBaseService_java,222,18
org.apache.hadoop.hbase.MockRegionServerServices_java,215,19
org.apache.hadoop.hbase.thrift2.generated.TDelete_java,211,20
org.apache.hadoop.hbase.thrift2.generated.TPut_java,211,20
org.apache.hadoop.hbase.thrift2.generated.TScan_java,211,20
org.apache.hadoop.hbase.thrift2.generated.TIncrement_java,211,20
org.apache.hadoop.hbase.thrift2.generated.TGet_java,199,24
org.apache.hadoop.hbase.util.HBaseFsck_java,198,25
org.apache.hadoop.hbase.replication.regionserver.ReplicationSinkManager_java,182,26
org.apache.hadoop.hbase.master.TableNamespaceManager_java,169,27
org.apache.hadoop.hbase.regionserver.Leases_java,158,28
org.apache.hadoop.hbase.client.RegionServerCallable_java,151,29
org.apache.hadoop.hbase.ipc.CallRunner_java,148,30
org.apache.hadoop.hbase.master.RegionState_java,130,31
org.apache.hadoop.hbase.replication.regionserver.ReplicationSource_java,129,32
org.apache.hadoop.hbase.master.snapshot.MasterSnapshotVerifier_java,116,33
org.apache.hadoop.hbase.client.ClientScanner_java,106,34
org.apache.hadoop.hbase.ipc.RpcClient_java,103,35
org.apache.hadoop.hbase.snapshot.RestoreSnapshotHelper_java,91,36
org.apache.hadoop.hbase.client.MultiServerCallable_java,86,37
org.apache.hadoop.hbase.rest.RowResource_java,75,38
org.apache.hadoop.hbase.regionserver.HStore_java,74,39
org.apache.hadoop.hbase.mapreduce.PutCombiner_java,72,40
org.apache.hadoop.hbase.replication.regionserver.ReplicationSink_java,66,41
org.apache.hadoop.hbase.client.RetryingCallable_java,66,41
org.apache.hadoop.hbase.master.SplitLogManager_java,65,43
org.apache.hadoop.hbase.chaos.actions.RollingBatchRestartRsAction_java,64,44
org.apache.hadoop.hbase.procedure.ProcedureCoordinator_java,60,45
org.apache.hadoop.hbase.rest.client.RemoteHTable_java,54,46
org.apache.hadoop.hbase.thrift2.ThriftUtilities_java,54,46
org.apache.hadoop.hbase.HConstants_java,49,48
org.apache.hadoop.hbase.master.MasterFileSystem_java,47,49
org.apache.hadoop.hbase.client.ScannerCallable_java,46,50
org.apache.hadoop.hbase.thrift2.ThriftHBaseServiceHandler_java,45,51
org.apache.hadoop.hbase.regionserver.MemStore_java,44,52
org.apache.hadoop.hbase.util.Threads_java,44,52
org.apache.hadoop.hbase.master.snapshot.TakeSnapshotHandler_java,42,54
org.apache.hadoop.hbase.regionserver.StoreFileScanner_java,41,55
org.apache.hadoop.hbase.types.Struct_java,41,55
org.apache.hadoop.hbase.io.HFileLink_java,40,57
org.apache.hadoop.hbase.NamespaceExistException_java,39,58
org.apache.hadoop.hbase.master.balancer.StochasticLoadBalancer_java,39,58
org.apache.hadoop.hbase.regionserver.MetricsRegionServerWrapperImpl_java,39,58
org.apache.hadoop.hbase.executor.EventType_java,39,58
org.apache.hadoop.hbase.NamespaceNotFoundException_java,39,58
org.apache.hadoop.hbase.ipc.RpcSchedulerContext_java,39,58
org.apache.hadoop.hbase.regionserver.StoreScanner_java,38,64
org.apache.hadoop.hbase.chaos.actions.DumpClusterStatusAction_java,38,64
org.apache.hadoop.hbase.util.FSUtils_java,37,66
org.apache.hadoop.hbase.master.ServerManager_java,36,67
org.apache.hadoop.hbase.coprocessor.CoprocessorHost_java,36,67
org.apache.hadoop.hbase.util.FSHDFSUtils_java,35,69
org.apache.hadoop.hbase.CellUtil_java,34,70
org.apache.hadoop.hbase.ipc.RpcServerInterface_java,34,70
org.apache.hadoop.hbase.TableName_java,33,72
org.apache.hadoop.hbase.ClusterStatus_java,32,73
org.apache.hadoop.hbase.mapreduce.TableInputFormat_java,31,74
org.apache.hadoop.hbase.io.hfile.HFileDataBlockEncoderImpl_java,31,74
org.apache.hadoop.hbase.io.hfile.HFile_java,31,74
org.apache.hadoop.hbase.replication.ReplicationPeer_java,30,77
org.apache.hadoop.hbase.client.Delete_java,30,77
org.apache.hadoop.hbase.regionserver.RegionCoprocessorHost_java,30,77
org.apache.hadoop.hbase.HBaseConfiguration_java,29,80
org.apache.hadoop.hbase.master.snapshot.DisabledTableSnapshotHandler_java,27,81
org.apache.hadoop.hbase.procedure.ProcedureMember_java,27,81
org.apache.hadoop.hbase.chaos.monkies.PolicyBasedChaosMonkey_java,27,81
org.apache.hadoop.hbase.regionserver.wal.ProtobufLogReader_java,26,84
org.apache.hadoop.hbase.regionserver.SplitLogWorker_java,26,84
org.apache.hadoop.hbase.util.ModifyRegionUtils_java,25,86
org.apache.hadoop.hbase.client.Append_java,25,86
org.apache.hadoop.hbase.coprocessor.RegionObserver_java,25,86
org.apache.hadoop.hbase.master.snapshot.EnabledTableSnapshotHandler_java,24,89
org.apache.hadoop.hbase.regionserver.compactions.Compactor_java,24,89
org.apache.hadoop.hbase.client.Mutation_java,24,89
org.apache.hadoop.hbase.regionserver.wal.ProtobufLogWriter_java,23,92
org.apache.hadoop.hbase.client.Scan_java,23,92
org.apache.hadoop.hbase.regionserver.StoreFile_java,23,92
org.apache.hadoop.hbase.procedure.ZKProcedureMemberRpcs_java,23,92
org.apache.hadoop.hbase.mapreduce.LoadIncrementalHFiles_java,22,96
org.apache.hadoop.hbase.regionserver.wal.ReaderBase_java,22,96
org.apache.hadoop.hbase.client.Put_java,22,96
org.apache.hadoop.hbase.chaos.monkies.ChaosMonkey_java,21,99
org.apache.hadoop.hbase.ipc.SimpleRpcScheduler_java,20,100
org.apache.hadoop.hbase.client.Increment_java,20,100
org.apache.hadoop.hbase.security.access.AccessController_java,20,100
org.apache.hadoop.hbase.filter.RegexStringComparator_java,20,100
org.apache.hadoop.hbase.replication.ReplicationPeers_java,20,100
org.apache.hadoop.hbase.regionserver.snapshot.RegionServerSnapshotManager_java,19,105
org.apache.hadoop.hbase.master.snapshot.SnapshotManager_java,19,105
org.apache.hadoop.hbase.master.MasterServices_java,18,107
org.apache.hadoop.hbase.master.balancer.BaseLoadBalancer_java,18,107
org.apache.hadoop.hbase.rest.model.CellModel_java,17,109
org.apache.hadoop.hbase.HBaseTestCase_java,17,109
org.apache.hadoop.hbase.IntegrationTestIngest_java,17,109
org.apache.hadoop.hbase.zookeeper.ZKUtil_java,16,112
org.apache.hadoop.hbase.regionserver.handler.OpenRegionHandler_java,16,112
org.apache.hadoop.hbase.IntegrationTestBase_java,15,114
org.apache.hadoop.hbase.rest.RowSpec_java,15,114
org.apache.hadoop.hbase.HColumnDescriptor_java,15,114
org.apache.hadoop.hbase.regionserver.compactions.CompactionProgress_java,15,114
org.apache.hadoop.hbase.regionserver.wal.Compressor_java,15,114
org.apache.hadoop.hbase.ipc.RpcCallContext_java,14,119
org.apache.hadoop.hbase.thrift.ThriftServer_java,14,119
org.apache.hadoop.hbase.procedure.ZKProcedureUtil_java,14,119
org.apache.hadoop.hbase.codec.CellCodec_java,13,122
org.apache.hadoop.hbase.client.ClusterStatusListener_java,13,122
org.apache.hadoop.hbase.regionserver.wal.CompressionContext_java,13,122
org.apache.hadoop.hbase.ServerLoad_java,13,122
org.apache.hadoop.hbase.master.CatalogJanitor_java,13,122
org.apache.hadoop.hbase.io.HalfStoreFileReader_java,12,127
org.apache.hadoop.hbase.filter.PrefixFilter_java,12,127
org.apache.hadoop.hbase.ServerName_java,12,127
org.apache.hadoop.hbase.rest.model.RowModel_java,12,127
org.apache.hadoop.hbase.types.StructIterator_java,12,127
org.apache.hadoop.hbase.rest.model.StorageClusterVersionModel_java,11,132
org.apache.hadoop.hbase.IntegrationTestLazyCfLoading_java,11,132
org.apache.hadoop.hbase.security.User_java,11,132
org.apache.hadoop.hbase.ipc.FifoRpcScheduler_java,10,135
org.apache.hadoop.hbase.regionserver.RegionSplitPolicy_java,10,135
org.apache.hadoop.hbase.thrift2.DemoClient_java,10,135
org.apache.hadoop.hbase.codec.MessageCodec_java,10,135
org.apache.hadoop.hbase.client.replication.ReplicationAdmin_java,10,135
org.apache.hadoop.hbase.io.encoding.DataBlockEncoder_java,10,135
org.apache.hadoop.hbase.util.ClassSize_java,10,135
org.apache.hadoop.hbase.chaos.factories.SlowDeterministicMonkeyFactory_java,9,142
org.apache.hadoop.hbase.mapreduce.TableInputFormatBase_java,9,142
org.apache.hadoop.hbase.chaos.actions.CompactRandomRegionOfTableAction_java,9,142
org.apache.hadoop.hbase.master.DeadServer_java,8,145
org.apache.hadoop.hbase.chaos.actions.MoveRegionsOfTableAction_java,8,145
org.apache.hadoop.hbase.io.encoding.BufferedDataBlockEncoder_java,8,145
org.apache.hadoop.hbase.regionserver.Store_java,8,145
org.apache.hadoop.hbase.client.HConnectionTestingUtility_java,8,145
org.apache.hadoop.hbase.mapreduce.PutSortReducer_java,8,145
org.apache.hadoop.hbase.regionserver.StoreFileInfo_java,8,145
org.apache.hadoop.hbase.RegionLoad_java,8,145
org.apache.hadoop.hbase.regionserver.MetricsRegionServerSourceImpl_java,7,153
org.apache.hadoop.hbase.master.ClusterStatusPublisher_java,7,153
org.apache.hadoop.hbase.zookeeper.MiniZooKeeperCluster_java,7,153
org.apache.hadoop.hbase.chaos.actions.FlushRandomRegionOfTableAction_java,7,153
org.apache.hadoop.hbase.rest.model.CellSetModel_java,7,153
org.apache.hadoop.hbase.mapreduce.ImportTsv_java,7,153
org.apache.hadoop.hbase.regionserver.compactions.CompactionRequest_java,7,153
org.apache.hadoop.hbase.rest.RESTServer_java,7,153
org.apache.hadoop.hbase.ipc.IPCUtil_java,7,153
org.apache.hadoop.hbase.chaos.actions.MoveRandomRegionOfTableAction_java,7,153
org.apache.hadoop.hbase.filter.FilterList_java,6,163
org.apache.hadoop.hbase.thrift.IncrementCoalescer_java,6,163
org.apache.hadoop.hbase.rest.model.TableSchemaModel_java,6,163
org.apache.hadoop.hbase.regionserver.compactions.DefaultCompactor_java,6,163
org.apache.hadoop.hbase.rest.ScannerResultGenerator_java,6,163
org.apache.hadoop.hbase.thrift.DemoClient_java,6,163
org.apache.hadoop.hbase.rest.RowResultGenerator_java,6,163
org.apache.hadoop.hbase.regionserver.MetricsRegionServerSource_java,6,163
org.apache.hadoop.hbase.master.MasterStatusServlet_java,6,163
org.apache.hadoop.hbase.thrift2.ThriftServer_java,6,163
org.apache.hadoop.hbase.MiniHBaseCluster_java,6,163
org.apache.hadoop.hbase.regionserver.wal.WALCellCodec_java,5,174
org.apache.hadoop.hbase.mapreduce.TableMapReduceUtil_java,5,174
org.apache.hadoop.hbase.chaos.actions.SplitRandomRegionOfTableAction_java,5,174
org.apache.hadoop.hbase.thrift.ThriftUtilities_java,5,174
org.apache.hadoop.hbase.master.MockRegionServer_java,5,174
org.apache.hadoop.hbase.mapred.TableMapReduceUtil_java,5,174
org.apache.hadoop.hbase.fs.HFileSystem_java,5,174
org.apache.hadoop.hbase.security.access.SecureBulkLoadEndpoint_java,4,181
org.apache.hadoop.hbase.IntegrationTestsDriver_java,4,181
org.apache.hadoop.hbase.CellScanner_java,4,181
org.apache.hadoop.hbase.rest.model.ColumnSchemaModel_java,4,181
org.apache.hadoop.hbase.regionserver.HRegionFileSystem_java,4,181
org.apache.hadoop.hbase.security.access.AccessControlLists_java,4,181
org.apache.hadoop.hbase.regionserver.NoOpScanPolicyObserver_java,4,181
org.apache.hadoop.hbase.client.RegionOfflineException_java,4,181
org.apache.hadoop.hbase.mapreduce.IntegrationTestImportTsv_java,4,181
org.apache.hadoop.hbase.master.RegionPlacementMaintainer_java,4,181
org.apache.hadoop.hbase.chaos.actions.CompactTableAction_java,4,181
org.apache.hadoop.hbase.HTableDescriptor_java,4,181
org.apache.hadoop.hbase.chaos.actions.MergeRandomAdjacentRegionsOfTableAction_java,4,181
org.apache.hadoop.hbase.regionserver.StoreFlusher_java,4,181
org.apache.hadoop.hbase.chaos.actions.RestartRandomRsAction_java,4,181
org.apache.hadoop.hbase.client.ConnectionUtils_java,3,196
org.apache.hadoop.hbase.client.RetriesExhaustedException_java,3,196
org.apache.hadoop.hbase.chaos.actions.AddColumnAction_java,3,196
org.apache.hadoop.hbase.chaos.actions.RemoveColumnAction_java,3,196
org.apache.hadoop.hbase.snapshot.SnapshotInfo_java,3,196
org.apache.hadoop.hbase.procedure.Subprocedure_java,3,196
org.apache.hadoop.hbase.util.AbstractHBaseTool_java,3,196
org.apache.hadoop.hbase.mapreduce.TableRecordReaderImpl_java,2,203
org.apache.hadoop.hbase.regionserver.KeyValueHeap_java,2,203
org.apache.hadoop.hbase.zookeeper.ZKConfig_java,2,203
org.apache.hadoop.hbase.trace.IntegrationTestSendTraceRequests_java,2,203
org.apache.hadoop.hbase.regionserver.DelimitedKeyPrefixRegionSplitPolicy_java,2,203
org.apache.hadoop.hbase.filter.DependentColumnFilter_java,2,203
org.apache.hadoop.hbase.mapreduce.MultiTableOutputFormat_java,2,203
org.apache.hadoop.hbase.procedure.Procedure_java,2,203
org.apache.hadoop.hbase.mapred.TableOutputFormat_java,2,203
org.apache.hadoop.hbase.PerformanceEvaluation_java,2,203
org.apache.hadoop.hbase.IntegrationTestManyRegions_java,2,203
org.apache.hadoop.hbase.procedure.ProcedureMemberRpcs_java,2,203
org.apache.hadoop.hbase.security.access.TablePermission_java,2,203
org.apache.hadoop.hbase.regionserver.MetricsRegionServerWrapperStub_java,2,203
org.apache.hadoop.hbase.ClusterId_java,2,203
org.apache.hadoop.hbase.protobuf.ReplicationProtbufUtil_java,2,203
org.apache.hadoop.hbase.regionserver.compactions.RatioBasedCompactionPolicy_java,2,203
org.apache.hadoop.hbase.chaos.actions.Action_java,2,203
org.apache.hadoop.hbase.ipc.RpcScheduler_java,2,203
org.apache.hadoop.hbase.util.ZKDataMigrator_java,2,203
org.apache.hadoop.hbase.snapshot.ExportSnapshot_java,2,203
org.apache.hadoop.hbase.rest.RegionsResource_java,2,203
org.apache.hadoop.hbase.zookeeper.MasterAddressTracker_java,2,203
org.apache.hadoop.hbase.mapreduce.TableOutputFormat_java,2,203
org.apache.hadoop.hbase.coprocessor.AggregateImplementation_java,2,203
org.apache.hadoop.hbase.io.ImmutableBytesWritable_java,2,203
org.apache.hadoop.hbase.regionserver.MetricsRegionServerWrapper_java,2,203
org.apache.hadoop.hbase.regionserver.IncreasingToUpperBoundRegionSplitPolicy_java,1,230
org.apache.hadoop.hbase.io.hfile.HFilePrettyPrinter_java,1,230
org.apache.hadoop.hbase.mapreduce.MultiTableInputFormatBase_java,1,230
org.apache.hadoop.hbase.io.compress.Compression_java,1,230
org.apache.hadoop.hbase.executor.ExecutorType_java,1,230
org.apache.hadoop.hbase.zookeeper.RecoverableZooKeeper_java,1,230
org.apache.hadoop.hbase.mapreduce.IndexBuilder_java,1,230
org.apache.hadoop.hbase.HFilePerformanceEvaluation_java,1,230
org.apache.hadoop.hbase.replication.regionserver.Replication_java,1,230
org.apache.hadoop.hbase.regionserver.handler.ParallelSeekHandler_java,1,230
